image,MAE,Sm,wFm,Em
COD10K-CAM-1-Aquatic-1-BatFish-2,0.11460414528846741,0.7909574438466951,0.7249384710060484,0.778643648326977
COD10K-CAM-1-Aquatic-1-BatFish-4,0.20258407294750214,0.605521320175539,0.6873560770973768,0.6058151626708067
COD10K-CAM-1-Aquatic-1-BatFish-5,0.10522017627954483,0.7802348628053284,0.7088564464899171,0.8279709643378557
COD10K-CAM-1-Aquatic-1-BatFish-6,0.03400174900889397,0.7979838993080923,0.45325780178988173,0.8354912527708963
COD10K-CAM-1-Aquatic-10-LeafySeaDragon-416,0.07616531848907471,0.6652944984330948,0.39960178382996053,0.8395304363190037
COD10K-CAM-1-Aquatic-10-LeafySeaDragon-419,0.19573821127414703,0.4400229192516741,0.12910140156778568,0.6580582093838561
COD10K-CAM-1-Aquatic-10-LeafySeaDragon-422,0.196147158741951,0.6038023457915285,0.5607664751542594,0.6551300588270248
COD10K-CAM-1-Aquatic-10-LeafySeaDragon-423,0.2452690452337265,0.53819101966292,0.5191492942556187,0.5519508757740674
COD10K-CAM-1-Aquatic-10-LeafySeaDragon-429,0.3798264265060425,0.3489988746303647,0.25702030657817204,0.3056721362614443
COD10K-CAM-1-Aquatic-11-Octopus-430,0.10976772755384445,0.7777388408221828,0.6429821247043996,0.8515723679148339
COD10K-CAM-1-Aquatic-11-Octopus-436,0.2851693034172058,0.4854030940376543,0.5206023231148234,0.4368668825452252
COD10K-CAM-1-Aquatic-11-Octopus-437,0.1953033208847046,0.7613996434443493,0.7941929576329565,0.6980832738618188
COD10K-CAM-1-Aquatic-11-Octopus-441,0.16626790165901184,0.7466464984480952,0.6320364319603807,0.7302465903913092
COD10K-CAM-1-Aquatic-11-Octopus-444,0.1470022052526474,0.7645875248595213,0.6851785065200001,0.7385865785488115
COD10K-CAM-1-Aquatic-11-Octopus-445,0.09560596197843552,0.6982176877704054,0.46596251799596194,0.8282908445590053
COD10K-CAM-1-Aquatic-11-Octopus-447,0.10658395290374756,0.6385091045752453,0.22724358505226352,0.625453689284878
COD10K-CAM-1-Aquatic-11-Octopus-451,0.0966525450348854,0.704403264428586,0.2744671574325571,0.7423494397063465
COD10K-CAM-1-Aquatic-11-Octopus-452,0.07384300976991653,0.8348326342977193,0.4755067504191222,0.7834055797725474
COD10K-CAM-1-Aquatic-11-Octopus-453,0.13717533648014069,0.7558099815947986,0.5470308105393372,0.7740892641206699
COD10K-CAM-1-Aquatic-11-Octopus-454,0.19543206691741943,0.41750612240281926,0.00856876018141903,0.32647941030448974
COD10K-CAM-1-Aquatic-11-Octopus-458,0.26211583614349365,0.5497242656930088,0.6113350672393344,0.5018252990358263
COD10K-CAM-1-Aquatic-11-Octopus-462,0.18719369173049927,0.758882636352416,0.7283708244378974,0.7387299621701526
COD10K-CAM-1-Aquatic-11-Octopus-463,0.25871381163597107,0.5429913774516352,0.6001960325185356,0.5105725454826313
COD10K-CAM-1-Aquatic-11-Octopus-464,0.08762563765048981,0.8411556076871937,0.715272045408568,0.7787632143788763
COD10K-CAM-1-Aquatic-11-Octopus-465,0.2090749591588974,0.5280258776365214,0.2890505098436545,0.6918438791655485
COD10K-CAM-1-Aquatic-11-Octopus-466,0.09023677557706833,0.5594347401014043,0.10887478431159359,0.5021174398907584
COD10K-CAM-1-Aquatic-11-Octopus-468,0.08656063675880432,0.8354106859804482,0.7177673599115634,0.8213873536540155
COD10K-CAM-1-Aquatic-11-Octopus-471,0.056521810591220856,0.7581543616307205,0.3783327936147932,0.7073588313640724
COD10K-CAM-1-Aquatic-11-Octopus-472,0.20281660556793213,0.7248995531571201,0.7465476872071288,0.6466425914211511
COD10K-CAM-1-Aquatic-11-Octopus-473,0.25270456075668335,0.6214511186111236,0.737787863543255,0.6084523060012617
COD10K-CAM-1-Aquatic-12-Pagurian-474,0.17251336574554443,0.5515410472900409,0.1622929317416346,0.5128334290817751
COD10K-CAM-1-Aquatic-12-Pagurian-481,0.11080478876829147,0.47114207509418016,0.024890332514923084,0.37564054593120905
COD10K-CAM-1-Aquatic-12-Pagurian-482,0.11196292191743851,0.6649296420096504,0.27137146659883543,0.6776906955591677
COD10K-CAM-1-Aquatic-12-Pagurian-483,0.09587595611810684,0.7625514699000568,0.47132685189349033,0.7550148605134153
COD10K-CAM-1-Aquatic-12-Pagurian-484,0.20664110779762268,0.6534506278198688,0.6589392957533514,0.6553799623814988
COD10K-CAM-1-Aquatic-12-Pagurian-486,0.028185073286294937,0.5206468901683144,0.05599177697762168,0.6616268109068368
COD10K-CAM-1-Aquatic-13-Pipefish-488,0.08506102859973907,0.7278209358652006,0.4327126026068024,0.632357236201949
COD10K-CAM-1-Aquatic-13-Pipefish-490,0.0970132127404213,0.44913747622850614,0.04651480135525495,0.6894073146517281
COD10K-CAM-1-Aquatic-13-Pipefish-492,0.027278129011392593,0.4850511124332234,0.005002446485106213,0.6472579130455973
COD10K-CAM-1-Aquatic-13-Pipefish-496,0.10720942914485931,0.6316045821850064,0.23721785404860637,0.7341695851485115
COD10K-CAM-1-Aquatic-13-Pipefish-497,0.08006701618432999,0.6771971756343128,0.42381632558089527,0.8419640235932574
COD10K-CAM-1-Aquatic-13-Pipefish-500,0.11663994193077087,0.45423269225595486,0.04009769511194397,0.5338762747265118
COD10K-CAM-1-Aquatic-13-Pipefish-501,0.0855061486363411,0.5940985382573173,0.13332018396360845,0.6341120597366174
COD10K-CAM-1-Aquatic-13-Pipefish-502,0.18066231906414032,0.4143667421121701,0.02852590278149406,0.39829301304966436
COD10K-CAM-1-Aquatic-13-Pipefish-503,0.11696647852659225,0.5040869007914027,0.10890973661831232,0.542703993881831
COD10K-CAM-1-Aquatic-13-Pipefish-508,0.19035747647285461,0.5338691181863042,0.16199394844864096,0.6242737422027618
COD10K-CAM-1-Aquatic-13-Pipefish-510,0.08395197987556458,0.6929282526830389,0.5063558823180981,0.8700091293924406
COD10K-CAM-1-Aquatic-13-Pipefish-515,0.1564885377883911,0.5766840229268682,0.28336571238336317,0.7142848263543184
COD10K-CAM-1-Aquatic-13-Pipefish-517,0.165832057595253,0.46063020477494515,0.05432597195727827,0.3788986266536519
COD10K-CAM-1-Aquatic-13-Pipefish-518,0.06150246039032936,0.6767831170668477,0.3882346017047175,0.8575559821128607
COD10K-CAM-1-Aquatic-13-Pipefish-520,0.12231035530567169,0.4226762968902503,0.005774824294015023,0.7212193313732269
COD10K-CAM-1-Aquatic-13-Pipefish-521,0.10748416185379028,0.4551744203572433,0.028201818249787347,0.40781628095716205
COD10K-CAM-1-Aquatic-13-Pipefish-522,0.13196761906147003,0.4345559494713413,0.052915651636680314,0.4217971446086186
COD10K-CAM-1-Aquatic-13-Pipefish-527,0.12405556440353394,0.5534062227434565,0.13471523986631256,0.6000948203107984
COD10K-CAM-1-Aquatic-13-Pipefish-528,0.1242251992225647,0.48835930823583623,0.05029158217475361,0.6390826389692614
COD10K-CAM-1-Aquatic-13-Pipefish-529,0.0683521032333374,0.5067981578829627,0.08985347360722813,0.6585856233825037
COD10K-CAM-1-Aquatic-13-Pipefish-531,0.05449608713388443,0.5104258448601,0.06002187146291694,0.517659637457804
COD10K-CAM-1-Aquatic-13-Pipefish-532,0.056182872503995895,0.6265545866947482,0.25036788067877436,0.6129730552360599
COD10K-CAM-1-Aquatic-13-Pipefish-534,0.13239340484142303,0.5026031009067645,0.11303667189924534,0.6824397629103901
COD10K-CAM-1-Aquatic-13-Pipefish-535,0.14012406766414642,0.43152128630958037,0.03661493214722717,0.5498381469331821
COD10K-CAM-1-Aquatic-13-Pipefish-536,0.09806573390960693,0.6696649834762208,0.4242990552006046,0.841212632762735
COD10K-CAM-1-Aquatic-13-Pipefish-537,0.03788710758090019,0.7350580073597577,0.44373995270266114,0.8903012095349823
COD10K-CAM-1-Aquatic-13-Pipefish-539,0.08430946618318558,0.4742504564611666,0.06818867877781916,0.41334431383215076
COD10K-CAM-1-Aquatic-13-Pipefish-542,0.12657690048217773,0.47384031947273536,0.06729802913579552,0.4805985289863892
COD10K-CAM-1-Aquatic-13-Pipefish-544,0.09269606322050095,0.6745405438497254,0.3823771195100098,0.831630240105614
COD10K-CAM-1-Aquatic-13-Pipefish-546,0.2028425931930542,0.5124616485404435,0.1516091289346568,0.5683746043138005
COD10K-CAM-1-Aquatic-13-Pipefish-547,0.10968825966119766,0.6681651806580999,0.4117722531242199,0.8471639001596234
COD10K-CAM-1-Aquatic-13-Pipefish-549,0.15805058181285858,0.5081764491470779,0.17375632706372712,0.6819973792507885
COD10K-CAM-1-Aquatic-13-Pipefish-554,0.05520787835121155,0.6371987773923206,0.22479846602921363,0.7343865131052273
COD10K-CAM-1-Aquatic-13-Pipefish-556,0.1676136702299118,0.4532738688655775,0.04813018569163426,0.4087933691562827
COD10K-CAM-1-Aquatic-13-Pipefish-557,0.061499033123254776,0.5797613928735377,0.17307725878988262,0.6561370862223893
COD10K-CAM-1-Aquatic-13-Pipefish-559,0.1317613124847412,0.44516595785884716,0.06547730837245999,0.650328853110623
COD10K-CAM-1-Aquatic-13-Pipefish-560,0.14825862646102905,0.5769729114889148,0.234266760111308,0.7337393829330885
COD10K-CAM-1-Aquatic-13-Pipefish-563,0.17072749137878418,0.5070212758387564,0.3829177601022627,0.43488826666197383
COD10K-CAM-1-Aquatic-13-Pipefish-566,0.12024812400341034,0.6161351194655911,0.5028049039449783,0.6725608515418063
COD10K-CAM-1-Aquatic-13-Pipefish-567,0.09911810606718063,0.6526696766650615,0.21832085834690998,0.586114697051517
COD10K-CAM-1-Aquatic-13-Pipefish-568,0.04487066715955734,0.5077942860434993,0.04415506651276857,0.6640615480208567
COD10K-CAM-1-Aquatic-13-Pipefish-570,0.06133592501282692,0.6507577834912662,0.2753727302530793,0.830095660115472
COD10K-CAM-1-Aquatic-13-Pipefish-571,0.11301590502262115,0.455812497342351,0.044479419436042236,0.5047607643524615
COD10K-CAM-1-Aquatic-13-Pipefish-573,0.10779435187578201,0.6781083815955771,0.439559464786396,0.8008980772639906
COD10K-CAM-1-Aquatic-13-Pipefish-576,0.14433372020721436,0.6244553563604538,0.3857420719671994,0.7416881829310713
COD10K-CAM-1-Aquatic-13-Pipefish-577,0.15278179943561554,0.700321324921402,0.5084257632996696,0.7041819998650888
COD10K-CAM-1-Aquatic-13-Pipefish-579,0.14432109892368317,0.5936074688736384,0.3259295540012546,0.744890760713067
COD10K-CAM-1-Aquatic-13-Pipefish-580,0.20237506926059723,0.5459173693858188,0.18607829175461404,0.6873932712447324
COD10K-CAM-1-Aquatic-13-Pipefish-582,0.07864216715097427,0.5293283897947356,0.16749059677824576,0.7844778877775143
COD10K-CAM-1-Aquatic-13-Pipefish-583,0.15115389227867126,0.5879152234504561,0.28733505945944143,0.7106199226267784
COD10K-CAM-1-Aquatic-13-Pipefish-585,0.08436845242977142,0.5947057117281429,0.24405820093638714,0.7184557271216083
COD10K-CAM-1-Aquatic-13-Pipefish-588,0.08239764720201492,0.5141657096973927,0.06761555493366471,0.46146125811373656
COD10K-CAM-1-Aquatic-13-Pipefish-590,0.05491018667817116,0.4908065736304495,0.0665083200400991,0.41659485065633844
COD10K-CAM-1-Aquatic-13-Pipefish-591,0.05228846147656441,0.5736450457857736,0.1926637571021127,0.740974544537177
COD10K-CAM-1-Aquatic-13-Pipefish-597,0.09882590919733047,0.5038829670686658,0.1297448966853344,0.6224574359797641
COD10K-CAM-1-Aquatic-13-Pipefish-599,0.03397173434495926,0.5389143054507601,0.10363917263285351,0.6581577027865423
COD10K-CAM-1-Aquatic-13-Pipefish-600,0.040695760399103165,0.7490028040821854,0.42972060227063746,0.8629712841224413
COD10K-CAM-1-Aquatic-13-Pipefish-602,0.16536036133766174,0.41712107155526235,0.06508651534779109,0.5293292392790723
COD10K-CAM-1-Aquatic-13-Pipefish-608,0.17213565111160278,0.5163784814775375,0.10804071212776595,0.6637778498937958
COD10K-CAM-1-Aquatic-13-Pipefish-609,0.05909447744488716,0.6319985742902781,0.25373421151111936,0.8241109286490076
COD10K-CAM-1-Aquatic-13-Pipefish-614,0.1461811065673828,0.4361910738349681,0.010993029754874309,0.28474001708654517
COD10K-CAM-1-Aquatic-13-Pipefish-616,0.11114858835935593,0.44401552466022504,0.011389118239327013,0.3380202350562961
COD10K-CAM-1-Aquatic-13-Pipefish-620,0.24442170560359955,0.5078530281813588,0.4395656175246088,0.44546631270081494
COD10K-CAM-1-Aquatic-13-Pipefish-621,0.08220349252223969,0.5510483227411533,0.25911902999845327,0.8026399027123944
COD10K-CAM-1-Aquatic-13-Pipefish-622,0.1690383106470108,0.4808713038916787,0.11988662536025756,0.7002579659387195
COD10K-CAM-1-Aquatic-13-Pipefish-623,0.1911732703447342,0.5725481858254102,0.3159869181165602,0.7017796454917815
COD10K-CAM-1-Aquatic-13-Pipefish-625,0.05575258657336235,0.633966038506729,0.2085038037712395,0.7375929248998915
COD10K-CAM-1-Aquatic-13-Pipefish-629,0.08526760339736938,0.6162125045005,0.3175606248941356,0.8407715145712439
COD10K-CAM-1-Aquatic-13-Pipefish-630,0.08950489014387131,0.7146105542797592,0.5743444186887829,0.8476386613116196
COD10K-CAM-1-Aquatic-13-Pipefish-631,0.16998402774333954,0.6670520682075003,0.5700967248203166,0.6941713435439247
COD10K-CAM-1-Aquatic-13-Pipefish-635,0.08855115622282028,0.5875273825073788,0.2590937094508392,0.8096649498263183
COD10K-CAM-1-Aquatic-13-Pipefish-636,0.17227420210838318,0.6500071843819565,0.5815388613980776,0.5864857326365361
COD10K-CAM-1-Aquatic-13-Pipefish-637,0.05057673901319504,0.7819333846851645,0.492253331750905,0.8678396605151373
COD10K-CAM-1-Aquatic-13-Pipefish-639,0.09456679970026016,0.795256977633284,0.5158726014888796,0.6904590091745937
COD10K-CAM-1-Aquatic-13-Pipefish-640,0.11190967261791229,0.6255496217662513,0.23440291190865611,0.7172181395482788
COD10K-CAM-1-Aquatic-13-Pipefish-642,0.1273205727338791,0.47985329017339307,0.07667108590856514,0.5810607955193191
COD10K-CAM-1-Aquatic-13-Pipefish-644,0.09549673646688461,0.5624521662377658,0.17779635152334033,0.6868005037248639
COD10K-CAM-1-Aquatic-13-Pipefish-649,0.04388171806931496,0.5370775200181868,0.09982437419978278,0.5572331543451308
COD10K-CAM-1-Aquatic-13-Pipefish-652,0.07321050018072128,0.49570639616437295,0.09221573834889098,0.5497126761780603
COD10K-CAM-1-Aquatic-13-Pipefish-655,0.11694156378507614,0.5894715179704638,0.2042743784077547,0.7643152530239413
COD10K-CAM-1-Aquatic-13-Pipefish-661,0.09160377085208893,0.5004113998450782,0.05610942437744332,0.4325514373123028
COD10K-CAM-1-Aquatic-13-Pipefish-662,0.10278033465147018,0.7486868589064027,0.6736048624663223,0.7413886663540584
COD10K-CAM-1-Aquatic-13-Pipefish-664,0.09635363519191742,0.6454418801140825,0.3234286177373303,0.7716636136658442
COD10K-CAM-1-Aquatic-13-Pipefish-667,0.04377350956201553,0.545424601374223,0.055375808618610634,0.5345085337746559
COD10K-CAM-1-Aquatic-13-Pipefish-668,0.14205187559127808,0.4895107732311358,0.1566312848751771,0.7178167075899722
COD10K-CAM-1-Aquatic-13-Pipefish-669,0.08546581864356995,0.8177568390764725,0.7124932758686856,0.8391315797239928
COD10K-CAM-1-Aquatic-13-Pipefish-676,0.04619592800736427,0.7509878781244524,0.4506655471463907,0.908095830455687
COD10K-CAM-1-Aquatic-13-Pipefish-679,0.12771880626678467,0.47303608722505974,0.04799810849809238,0.39735580296961437
COD10K-CAM-1-Aquatic-13-Pipefish-681,0.07176695764064789,0.46552447073552866,0.030887912039181932,0.5963770259955832
COD10K-CAM-1-Aquatic-13-Pipefish-683,0.09394167363643646,0.5977068324539301,0.22840059052368555,0.7691239875386336
COD10K-CAM-1-Aquatic-13-Pipefish-684,0.12080834060907364,0.6530269239813974,0.4058209362393384,0.7484545697786456
COD10K-CAM-1-Aquatic-13-Pipefish-685,0.08443010598421097,0.5070799708169919,0.09678091355946972,0.548651550147667
COD10K-CAM-1-Aquatic-13-Pipefish-686,0.09119579195976257,0.5349448479329298,0.12836953423446848,0.6705190071009673
COD10K-CAM-1-Aquatic-13-Pipefish-688,0.14179322123527527,0.548884554471366,0.22453281093785699,0.7103697444892403
COD10K-CAM-1-Aquatic-13-Pipefish-689,0.10169579833745956,0.511693449187493,0.09597573463040808,0.5432654515806722
COD10K-CAM-1-Aquatic-13-Pipefish-691,0.035064682364463806,0.48434565440429783,0.017987249973296895,0.2612675552606274
COD10K-CAM-1-Aquatic-13-Pipefish-693,0.0641891285777092,0.7681981464511196,0.4789092825927214,0.8589217444174997
COD10K-CAM-1-Aquatic-13-Pipefish-696,0.06971407681703568,0.5037018178682336,0.06674358193065527,0.5674358838239962
COD10K-CAM-1-Aquatic-13-Pipefish-705,0.12772637605667114,0.603196408598766,0.3173555626384839,0.7778573525426868
COD10K-CAM-1-Aquatic-13-Pipefish-707,0.0804978460073471,0.6026518341531839,0.06834709523196425,0.5967516428478572
COD10K-CAM-1-Aquatic-13-Pipefish-709,0.1114121824502945,0.5689711761584683,0.1761931668869936,0.7474242231095569
COD10K-CAM-1-Aquatic-13-Pipefish-713,0.04363592714071274,0.5714405628182346,0.07091205223230483,0.5099984933347634
COD10K-CAM-1-Aquatic-13-Pipefish-717,0.061426613479852676,0.5827609660502062,0.12402113110259513,0.7510893068676303
COD10K-CAM-1-Aquatic-13-Pipefish-721,0.07582879811525345,0.47701897754526107,0.03291020524733822,0.3608333242774673
COD10K-CAM-1-Aquatic-13-Pipefish-726,0.06487765163183212,0.5111380523074057,0.06339409209782146,0.5303833849383381
COD10K-CAM-1-Aquatic-13-Pipefish-728,0.09370977431535721,0.6292570391225452,0.2271044228974498,0.6698029843541566
COD10K-CAM-1-Aquatic-13-Pipefish-729,0.18144652247428894,0.5470125354879126,0.1754610037750956,0.6478677631608466
COD10K-CAM-1-Aquatic-13-Pipefish-730,0.0892055332660675,0.6051520227891094,0.2623478170804423,0.7847860559892658
COD10K-CAM-1-Aquatic-13-Pipefish-732,0.061600152403116226,0.6548684380781951,0.23017414671834274,0.7151720585624177
COD10K-CAM-1-Aquatic-13-Pipefish-736,0.18701545894145966,0.5202803918190854,0.11501831237318638,0.6125519966680768
COD10K-CAM-1-Aquatic-13-Pipefish-748,0.1997263878583908,0.4695709455741126,0.09982811456870969,0.42357420907898435
COD10K-CAM-1-Aquatic-13-Pipefish-749,0.16911260783672333,0.4963218457174245,0.05715836861758806,0.43559212732931557
COD10K-CAM-1-Aquatic-13-Pipefish-750,0.14593949913978577,0.6839976365231127,0.6630965260648272,0.6795956757557793
COD10K-CAM-1-Aquatic-13-Pipefish-752,0.17219087481498718,0.6903173848499895,0.4315063474244808,0.6349824200792273
COD10K-CAM-1-Aquatic-13-Pipefish-759,0.11846479773521423,0.5548089172399122,0.17588923227891656,0.5913100712255067
COD10K-CAM-1-Aquatic-13-Pipefish-769,0.18270951509475708,0.5023613758200526,0.28268140618112253,0.6952022723067309
COD10K-CAM-1-Aquatic-13-Pipefish-772,0.09345446527004242,0.5427941728740853,0.11317789818650083,0.6751905731069503
COD10K-CAM-1-Aquatic-13-Pipefish-774,0.15996859967708588,0.416698049247823,0.02379767451006278,0.6257164546476411
COD10K-CAM-1-Aquatic-13-Pipefish-776,0.06354020535945892,0.5574479555462899,0.1351717705350186,0.6097534706362812
COD10K-CAM-1-Aquatic-13-Pipefish-777,0.08893689513206482,0.47477492172102137,0.04943215019850661,0.39847359714895225
COD10K-CAM-1-Aquatic-13-Pipefish-781,0.1150604784488678,0.5355337654497024,0.05262075210930628,0.5141932870463672
COD10K-CAM-1-Aquatic-13-Pipefish-788,0.16368673741817474,0.5394037021273543,0.3149403225919865,0.6856843529285794
COD10K-CAM-1-Aquatic-13-Pipefish-789,0.047909222543239594,0.6104583304164684,0.18912042708149526,0.7341292802966206
COD10K-CAM-1-Aquatic-13-Pipefish-795,0.13846959173679352,0.5190220896270986,0.1376678658018902,0.6936041342768905
COD10K-CAM-1-Aquatic-13-Pipefish-800,0.059490058571100235,0.80858840478967,0.5317668473528713,0.8435608656799274
COD10K-CAM-1-Aquatic-13-Pipefish-804,0.037275295704603195,0.6518132122065413,0.3123714909221402,0.8305324820144653
COD10K-CAM-1-Aquatic-13-Pipefish-807,0.13814397156238556,0.5415035325815206,0.14746572604541713,0.6357034954466377
COD10K-CAM-1-Aquatic-13-Pipefish-810,0.2150893211364746,0.41553305709155974,0.09957284802593178,0.7023585929019798
COD10K-CAM-1-Aquatic-13-Pipefish-813,0.05669188126921654,0.4718208852756113,0.03698040405787727,0.4726681062947316
COD10K-CAM-1-Aquatic-13-Pipefish-818,0.07306982576847076,0.4823253243023438,0.05879026328537379,0.725843061499274
COD10K-CAM-1-Aquatic-13-Pipefish-826,0.06452712416648865,0.7079246932898426,0.4195107341422741,0.8394916419825655
COD10K-CAM-1-Aquatic-13-Pipefish-830,0.019250191748142242,0.49397085578162875,0.006412042433306613,0.34817951925226853
COD10K-CAM-1-Aquatic-13-Pipefish-832,0.12561069428920746,0.5482712424063255,0.15034690445581697,0.5589936981116667
COD10K-CAM-1-Aquatic-13-Pipefish-833,0.1955363154411316,0.48416121076727325,0.11511219168295,0.6518029718288392
COD10K-CAM-1-Aquatic-13-Pipefish-835,0.0940064787864685,0.5348549480878516,0.13270983684879242,0.6605245701427629
COD10K-CAM-1-Aquatic-13-Pipefish-836,0.1333199441432953,0.4697117250059336,0.23371213385734854,0.6093013877674947
COD10K-CAM-1-Aquatic-13-Pipefish-837,0.15917238593101501,0.5074822221297467,0.13905411418870398,0.6327469855954204
COD10K-CAM-1-Aquatic-13-Pipefish-841,0.22971026599407196,0.41067552068030794,0.026784344064824276,0.30324744341314114
COD10K-CAM-1-Aquatic-13-Pipefish-842,0.04042026773095131,0.6518946301605382,0.2353632378793274,0.7977132936045555
COD10K-CAM-1-Aquatic-13-Pipefish-843,0.030392292886972427,0.5896218981528738,0.12609625699703178,0.6567158320399374
COD10K-CAM-1-Aquatic-13-Pipefish-844,0.033648520708084106,0.6336184786167594,0.129248392330859,0.5634286729854512
COD10K-CAM-1-Aquatic-14-ScorpionFish-845,0.5397979617118835,0.4069462337843881,0.5436803098203069,0.2891103432167698
COD10K-CAM-1-Aquatic-14-ScorpionFish-848,0.20737893879413605,0.39315174946484976,0.021516505568649456,0.569248962823961
COD10K-CAM-1-Aquatic-14-ScorpionFish-850,0.06493694335222244,0.9022780382046204,0.7174617346329965,0.8860943453982708
COD10K-CAM-1-Aquatic-14-ScorpionFish-853,0.21908237040042877,0.6771418048019155,0.5853456572113733,0.7062046105287016
COD10K-CAM-1-Aquatic-14-ScorpionFish-854,0.1748378723859787,0.4779818802260124,0.2106838326386026,0.713278403375384
COD10K-CAM-1-Aquatic-14-ScorpionFish-855,0.25840693712234497,0.5739715322365979,0.6781488104556518,0.5483888265208563
COD10K-CAM-1-Aquatic-14-ScorpionFish-858,0.16139185428619385,0.5073914804786497,0.06628484538779744,0.45082610846814286
COD10K-CAM-1-Aquatic-14-ScorpionFish-862,0.14854289591312408,0.7478324659380503,0.6692969105208199,0.7097548009519262
COD10K-CAM-1-Aquatic-14-ScorpionFish-863,0.399454265832901,0.5175158263391557,0.6533126879231561,0.4434165307596146
COD10K-CAM-1-Aquatic-14-ScorpionFish-865,0.026268448680639267,0.8559321399553395,0.49853331831317294,0.9147853048398157
COD10K-CAM-1-Aquatic-14-ScorpionFish-867,0.3585275709629059,0.4891385468762896,0.6320758921957562,0.4527337874068757
COD10K-CAM-1-Aquatic-14-ScorpionFish-868,0.2772950530052185,0.6172892987882727,0.7528166887580497,0.5829135276627897
COD10K-CAM-1-Aquatic-14-ScorpionFish-869,0.3010233938694,0.572241787462118,0.7011850769405092,0.53500361631814
COD10K-CAM-1-Aquatic-14-ScorpionFish-872,0.061765775084495544,0.8356329024421348,0.6209409255287562,0.8427712318439298
COD10K-CAM-1-Aquatic-14-ScorpionFish-873,0.294386088848114,0.6312188573046642,0.7462457029305611,0.5820688508471833
COD10K-CAM-1-Aquatic-14-ScorpionFish-874,0.07256458699703217,0.7756842644956106,0.3998418937856588,0.7934994097277615
COD10K-CAM-1-Aquatic-14-ScorpionFish-879,0.0951504111289978,0.8634537157088504,0.8159324145709911,0.8563888083018203
COD10K-CAM-1-Aquatic-14-ScorpionFish-881,0.11427871137857437,0.7863070573404292,0.5782572906761014,0.8420448501762221
COD10K-CAM-1-Aquatic-14-ScorpionFish-883,0.07137445360422134,0.6574675434851037,0.2149598126523844,0.6253972090179745
COD10K-CAM-1-Aquatic-14-ScorpionFish-884,0.3120897710323334,0.600311015989936,0.66402973478146,0.5031440750255141
COD10K-CAM-1-Aquatic-14-ScorpionFish-889,0.17331121861934662,0.6851833811593672,0.6079986228929047,0.6499081599260466
COD10K-CAM-1-Aquatic-14-ScorpionFish-891,0.07687856256961823,0.6414098460599665,0.3521383895689998,0.7659819851695171
COD10K-CAM-1-Aquatic-14-ScorpionFish-892,0.14013713598251343,0.46747510507303164,0.02372778883560992,0.5003003295368643
COD10K-CAM-1-Aquatic-14-ScorpionFish-896,0.2423422485589981,0.623833941798744,0.6188717876754871,0.5612226499663482
COD10K-CAM-1-Aquatic-14-ScorpionFish-897,0.09922964870929718,0.7965556125471087,0.6286738095682683,0.8052973420881169
COD10K-CAM-1-Aquatic-14-ScorpionFish-898,0.17915266752243042,0.7433229807597612,0.6379741654253215,0.7596790874780204
COD10K-CAM-1-Aquatic-14-ScorpionFish-899,0.12738698720932007,0.6784849975300601,0.6445920565330204,0.6374774904417093
COD10K-CAM-1-Aquatic-14-ScorpionFish-900,0.08268874138593674,0.8735969090611417,0.7123138159042206,0.8128758860425698
COD10K-CAM-1-Aquatic-14-ScorpionFish-901,0.1409248411655426,0.6923759121960807,0.5451484910406525,0.6881007535394373
COD10K-CAM-1-Aquatic-14-ScorpionFish-906,0.08838360011577606,0.8115107691880753,0.7124595207030476,0.865094320064813
COD10K-CAM-1-Aquatic-14-ScorpionFish-907,0.06781591475009918,0.7002174186133359,0.3633186864514144,0.8392725096688458
COD10K-CAM-1-Aquatic-14-ScorpionFish-911,0.13403092324733734,0.7365692092410991,0.521379112842005,0.8069043426651744
COD10K-CAM-1-Aquatic-14-ScorpionFish-915,0.23144403100013733,0.6670043335543683,0.5592129308209974,0.6284917165972235
COD10K-CAM-1-Aquatic-14-ScorpionFish-918,0.09382011741399765,0.7631398266601284,0.6075981003572033,0.7390738156981527
COD10K-CAM-1-Aquatic-14-ScorpionFish-919,0.13779929280281067,0.6641520085008,0.532193504982001,0.5930587325866917
COD10K-CAM-1-Aquatic-14-ScorpionFish-926,0.2720330059528351,0.5760916665301625,0.5695506942649937,0.48926599387489406
COD10K-CAM-1-Aquatic-14-ScorpionFish-928,0.16007068753242493,0.6706247353343738,0.4302710587741258,0.7126843808824213
COD10K-CAM-1-Aquatic-14-ScorpionFish-930,0.22889021039009094,0.6662078441463706,0.6282706441962878,0.5703745336845653
COD10K-CAM-1-Aquatic-14-ScorpionFish-934,0.09392304718494415,0.7250920803141597,0.36250335409480866,0.8045667972405725
COD10K-CAM-1-Aquatic-14-ScorpionFish-935,0.06957586854696274,0.7416637608830803,0.3393727190013739,0.7699106896073116
COD10K-CAM-1-Aquatic-14-ScorpionFish-936,0.23967419564723969,0.6977648368071397,0.7583414353090758,0.6433199234745761
COD10K-CAM-1-Aquatic-14-ScorpionFish-939,0.12779691815376282,0.6686373717741918,0.5047952770457876,0.6079857972209317
COD10K-CAM-1-Aquatic-14-ScorpionFish-940,0.2738787829875946,0.6600820261147022,0.8264059521076322,0.6269932180231443
COD10K-CAM-1-Aquatic-14-ScorpionFish-943,0.12108641862869263,0.7397294093159734,0.6216938115321663,0.7314727337448044
COD10K-CAM-1-Aquatic-14-ScorpionFish-945,0.11832786351442337,0.7855915386011276,0.7720439132855111,0.7506741223726849
COD10K-CAM-1-Aquatic-14-ScorpionFish-950,0.11728087067604065,0.7565938936972649,0.5273513260141576,0.80293323123652
COD10K-CAM-1-Aquatic-14-ScorpionFish-954,0.40056633949279785,0.4041250299417614,0.5430672172285855,0.3784450093499477
COD10K-CAM-1-Aquatic-15-SeaHorse-1002,0.18345984816551208,0.582523128256218,0.4588880902044342,0.6530966006638547
COD10K-CAM-1-Aquatic-15-SeaHorse-1003,0.07576004415750504,0.7625349032475413,0.5631338162488247,0.8560531429043441
COD10K-CAM-1-Aquatic-15-SeaHorse-1004,0.06861373037099838,0.5022837757184666,0.08917002085995492,0.4344408280041031
COD10K-CAM-1-Aquatic-15-SeaHorse-1006,0.09432519227266312,0.6202996575886178,0.13833152820771102,0.6252931607077787
COD10K-CAM-1-Aquatic-15-SeaHorse-1010,0.1211990937590599,0.6876205668011411,0.36679267968161255,0.7613358294443406
COD10K-CAM-1-Aquatic-15-SeaHorse-1012,0.04056631401181221,0.7030694384409022,0.1774596872396514,0.5388709497706309
COD10K-CAM-1-Aquatic-15-SeaHorse-1013,0.10324304550886154,0.46943593025965874,0.12532860719966737,0.4651252470828278
COD10K-CAM-1-Aquatic-15-SeaHorse-1014,0.09583024680614471,0.6903567284824244,0.5716625662432013,0.767914819977518
COD10K-CAM-1-Aquatic-15-SeaHorse-1015,0.031066957861185074,0.601148267765055,0.16875205489096945,0.8225444113688869
COD10K-CAM-1-Aquatic-15-SeaHorse-1022,0.048302095383405685,0.8944783936069,0.5600170156026271,0.8525764290038289
COD10K-CAM-1-Aquatic-15-SeaHorse-1023,0.10297147184610367,0.8250032431084436,0.6841548403319787,0.831617957975286
COD10K-CAM-1-Aquatic-15-SeaHorse-1032,0.06835977733135223,0.5947734076976583,0.1570705807795,0.4827212818334501
COD10K-CAM-1-Aquatic-15-SeaHorse-1035,0.10991652309894562,0.768768044029303,0.6294311264867891,0.8228132497966949
COD10K-CAM-1-Aquatic-15-SeaHorse-1043,0.07017236948013306,0.6899964625898974,0.2876617498604644,0.6802225483840316
COD10K-CAM-1-Aquatic-15-SeaHorse-1044,0.11774096637964249,0.43445798964576066,0.003926411178653419,0.5524252209334483
COD10K-CAM-1-Aquatic-15-SeaHorse-1047,0.1560630053281784,0.6583615984926595,0.3323449204587074,0.6956960914875472
COD10K-CAM-1-Aquatic-15-SeaHorse-1048,0.05332626774907112,0.4937495498135252,0.013362973649081396,0.502630336650448
COD10K-CAM-1-Aquatic-15-SeaHorse-1052,0.0586654357612133,0.5146443837977012,0.09018510033860498,0.7371789009656686
COD10K-CAM-1-Aquatic-15-SeaHorse-1057,0.07875431329011917,0.7333074548417458,0.3990670752470357,0.8519922373956257
COD10K-CAM-1-Aquatic-15-SeaHorse-1063,0.14580778777599335,0.635980358445593,0.3090489320609124,0.6988514127252468
COD10K-CAM-1-Aquatic-15-SeaHorse-1066,0.11285839229822159,0.7473309005637048,0.48724390703147696,0.829151766597687
COD10K-CAM-1-Aquatic-15-SeaHorse-1067,0.03962539881467819,0.6748865015621633,0.26258454109448176,0.7080103513336391
COD10K-CAM-1-Aquatic-15-SeaHorse-1069,0.07984070479869843,0.575652870647127,0.08728623458143037,0.5991684385146858
COD10K-CAM-1-Aquatic-15-SeaHorse-1070,0.04846378043293953,0.8602178507772655,0.6734055689215279,0.8726802090575264
COD10K-CAM-1-Aquatic-15-SeaHorse-1071,0.08584517985582352,0.870607053657201,0.7056975124632612,0.8514616359831759
COD10K-CAM-1-Aquatic-15-SeaHorse-1074,0.07053567469120026,0.7454719589396542,0.2858738321870511,0.7045168544238343
COD10K-CAM-1-Aquatic-15-SeaHorse-1076,0.17073458433151245,0.5022357637054602,0.3864350918944061,0.412052640787913
COD10K-CAM-1-Aquatic-15-SeaHorse-1078,0.09882944822311401,0.4506042095661153,0.026188911926558183,0.707408010283336
COD10K-CAM-1-Aquatic-15-SeaHorse-1083,0.10099977254867554,0.7837456345452471,0.7430206008367531,0.7681243099786079
COD10K-CAM-1-Aquatic-15-SeaHorse-1085,0.15731364488601685,0.6699067285170457,0.4531647867035775,0.7409415459432767
COD10K-CAM-1-Aquatic-15-SeaHorse-1086,0.13306684792041779,0.6926233584081718,0.5500168921760294,0.6844329154695494
COD10K-CAM-1-Aquatic-15-SeaHorse-1088,0.06369160115718842,0.5125782718770809,0.07083851353593985,0.7452040794199767
COD10K-CAM-1-Aquatic-15-SeaHorse-1092,0.0930313840508461,0.6300004887531389,0.28611782523671586,0.7296090656674064
COD10K-CAM-1-Aquatic-15-SeaHorse-1096,0.06674791872501373,0.6586755084868108,0.3472081232998514,0.5851157826984805
COD10K-CAM-1-Aquatic-15-SeaHorse-1099,0.06689843535423279,0.851384299521207,0.6206800668627906,0.887057173261421
COD10K-CAM-1-Aquatic-15-SeaHorse-1105,0.17792755365371704,0.49608353898525004,0.32293680473397474,0.49178500438656786
COD10K-CAM-1-Aquatic-15-SeaHorse-1109,0.10896963626146317,0.8058090115166231,0.6632977239149945,0.8152033986843684
COD10K-CAM-1-Aquatic-15-SeaHorse-1110,0.13753299415111542,0.755023192006151,0.6611592368948731,0.7403362049270387
COD10K-CAM-1-Aquatic-15-SeaHorse-962,0.14136530458927155,0.6472375298723281,0.3836458816266212,0.7653529620612136
COD10K-CAM-1-Aquatic-15-SeaHorse-963,0.15771529078483582,0.4384006844483608,0.07156684948003533,0.7053131468594096
COD10K-CAM-1-Aquatic-15-SeaHorse-966,0.15952825546264648,0.6826413491592881,0.5490778103794762,0.7098106313078496
COD10K-CAM-1-Aquatic-15-SeaHorse-972,0.22324694693088531,0.6095651128590137,0.6258131756728491,0.5913386245736655
COD10K-CAM-1-Aquatic-15-SeaHorse-977,0.2319323867559433,0.4240317858817187,0.0143680806724173,0.29793445616750724
COD10K-CAM-1-Aquatic-15-SeaHorse-978,0.055563658475875854,0.686213557797951,0.42865020079672467,0.7268842875270378
COD10K-CAM-1-Aquatic-15-SeaHorse-980,0.08084600418806076,0.7820627119366127,0.5900357872160374,0.834439259434693
COD10K-CAM-1-Aquatic-15-SeaHorse-981,0.06939125806093216,0.590651581999051,0.13061929033766662,0.5709574799883959
COD10K-CAM-1-Aquatic-15-SeaHorse-983,0.09668675065040588,0.761806192053663,0.5437804614107666,0.8261866951269063
COD10K-CAM-1-Aquatic-15-SeaHorse-984,0.08017795532941818,0.8311659358794122,0.6173635534250239,0.8639339957690683
COD10K-CAM-1-Aquatic-15-SeaHorse-986,0.10775979608297348,0.8444087840261512,0.7592239173061074,0.8236303923440764
COD10K-CAM-1-Aquatic-15-SeaHorse-989,0.029749155044555664,0.6776799251093756,0.1411768769316434,0.622371921533921
COD10K-CAM-1-Aquatic-15-SeaHorse-990,0.04376588761806488,0.6071491681722876,0.15040548269411103,0.5707731786703485
COD10K-CAM-1-Aquatic-15-SeaHorse-992,0.13748326897621155,0.4951539835027786,0.1272714761708967,0.6885319131457556
COD10K-CAM-1-Aquatic-15-SeaHorse-996,0.09886398166418076,0.5906314245828336,0.2964224714496274,0.7779561814062748
COD10K-CAM-1-Aquatic-15-SeaHorse-997,0.09212077409029007,0.7584736584405598,0.5257520791865808,0.8263663877565218
COD10K-CAM-1-Aquatic-15-SeaHorse-999,0.14670701324939728,0.7971734550615484,0.8312642708308332,0.7770233818542994
COD10K-CAM-1-Aquatic-16-Shrimp-1115,0.12135238945484161,0.5371201391323772,0.16504945032465368,0.7641766055107797
COD10K-CAM-1-Aquatic-16-Shrimp-1116,0.023926563560962677,0.8766967036024008,0.5460909751389516,0.8788863518346817
COD10K-CAM-1-Aquatic-16-Shrimp-1117,0.03396553546190262,0.7883669131413186,0.42184723696962817,0.849732021196562
COD10K-CAM-1-Aquatic-16-Shrimp-1119,0.13855041563510895,0.4877501278063005,0.09987761385281076,0.44196056520066174
COD10K-CAM-1-Aquatic-16-Shrimp-1120,0.12706983089447021,0.5237861064997112,0.09987495262172479,0.47867491942260243
COD10K-CAM-1-Aquatic-16-Shrimp-1121,0.07433019578456879,0.5931750331301808,0.16700068514306357,0.6716171879733803
COD10K-CAM-1-Aquatic-16-Shrimp-1123,0.10399934649467468,0.5341352425858656,0.055422425135044896,0.44228360847049675
COD10K-CAM-1-Aquatic-16-Shrimp-1128,0.08927848935127258,0.6551477646972934,0.26208624390750573,0.7341112029025966
COD10K-CAM-1-Aquatic-16-Shrimp-1130,0.08140140026807785,0.780970871319699,0.460114381487626,0.8271820241900569
COD10K-CAM-1-Aquatic-16-Shrimp-1140,0.09153266251087189,0.5370312227653395,0.09102752931350075,0.431714835244866
COD10K-CAM-1-Aquatic-16-Shrimp-1142,0.09629826247692108,0.4651892615506382,0.004107557840501687,0.3476067039958879
COD10K-CAM-1-Aquatic-16-Shrimp-1145,0.06898576766252518,0.7160770020183571,0.3082771126683174,0.7193050341185191
COD10K-CAM-1-Aquatic-17-Slug-1149,0.1643969863653183,0.49688310427875043,0.31766390075325973,0.4691078532701536
COD10K-CAM-1-Aquatic-17-Slug-1151,0.12413473427295685,0.5262735046064891,0.13863141466105477,0.6133125881684256
COD10K-CAM-1-Aquatic-18-StarFish-1161,0.09155916422605515,0.7964467871633569,0.4985157975139209,0.800801924499449
COD10K-CAM-1-Aquatic-18-StarFish-1162,0.11494647711515427,0.7272820233665163,0.4591366830298,0.8079812131570656
COD10K-CAM-1-Aquatic-18-StarFish-1164,0.07864402234554291,0.6696339552195207,0.26351706598447217,0.7851710312946728
COD10K-CAM-1-Aquatic-18-StarFish-1171,0.042522963136434555,0.7411482007604013,0.3062613647340234,0.7526872940122613
COD10K-CAM-1-Aquatic-18-StarFish-1173,0.12801536917686462,0.5047229980903633,0.13150626647331126,0.7380133801577419
COD10K-CAM-1-Aquatic-18-StarFish-1177,0.11524426937103271,0.6710908208179625,0.23484320977785764,0.6124853831424345
COD10K-CAM-1-Aquatic-18-StarFish-1178,0.1717652976512909,0.6016620235490537,0.29059485113295863,0.7052470890845708
COD10K-CAM-1-Aquatic-18-StarFish-1181,0.06298883259296417,0.769350172142018,0.47408983256861065,0.825652026414982
COD10K-CAM-1-Aquatic-18-StarFish-1183,0.1792098879814148,0.6255584668900438,0.2867859315451984,0.6588329984842578
COD10K-CAM-1-Aquatic-19-Stingaree-1186,0.09101726114749908,0.7552553505442177,0.7033572296918643,0.774896479129968
COD10K-CAM-1-Aquatic-19-Stingaree-1190,0.3445116877555847,0.3478155437148489,0.21830597159387896,0.2986133436656613
COD10K-CAM-1-Aquatic-19-Stingaree-1191,0.09434576332569122,0.7321013945327328,0.5053161962127948,0.7669794276577122
COD10K-CAM-1-Aquatic-19-Stingaree-1192,0.08424624055624008,0.8242156149421995,0.5545001383312965,0.8256516083844153
COD10K-CAM-1-Aquatic-19-Stingaree-1197,0.04607628285884857,0.8732746304915964,0.5577990543659087,0.8182189179767927
COD10K-CAM-1-Aquatic-19-Stingaree-1198,0.6064236760139465,0.28142739082570845,0.41116796126286215,0.24600863030837028
COD10K-CAM-1-Aquatic-19-Stingaree-1203,0.16984978318214417,0.6817669612264259,0.5371582372908223,0.6584185109084115
COD10K-CAM-1-Aquatic-19-Stingaree-1204,0.28431180119514465,0.4484833324115097,0.3930506880877838,0.3730727759411888
COD10K-CAM-1-Aquatic-19-Stingaree-1207,0.12665458023548126,0.5799866643423773,0.3161609955353736,0.5975869440140036
COD10K-CAM-1-Aquatic-2-ClownFish-10,0.04119732230901718,0.5250021350895888,0.11592385918552132,0.31504096348167654
COD10K-CAM-1-Aquatic-2-ClownFish-11,0.03671501204371452,0.4829082903720749,0.01035204002241723,0.25344347239958076
COD10K-CAM-1-Aquatic-2-ClownFish-13,0.033812712877988815,0.6540283157192953,0.18923656907274394,0.46167150988033157
COD10K-CAM-1-Aquatic-2-ClownFish-15,0.03245905041694641,0.8090616728844926,0.34879541948753456,0.73555863751131
COD10K-CAM-1-Aquatic-2-ClownFish-18,0.08305303752422333,0.4814928330290742,0.049041179794948965,0.38421826509289647
COD10K-CAM-1-Aquatic-20-Turtle-1221,0.0359022319316864,0.9495944366998735,0.8057348423734654,0.9162727931494814
COD10K-CAM-1-Aquatic-20-Turtle-1224,0.6157238483428955,0.2818037341019423,0.5425857370612038,0.2096654548563852
COD10K-CAM-1-Aquatic-20-Turtle-1225,0.02912605181336403,0.8130644235249974,0.49245006221398224,0.8838597564661851
COD10K-CAM-1-Aquatic-20-Turtle-1231,0.04473615437746048,0.8781041899508557,0.7224234105732174,0.8985949331670001
COD10K-CAM-1-Aquatic-3-Crab-23,0.09608437865972519,0.8039879945898235,0.6752126528761696,0.8405287177432936
COD10K-CAM-1-Aquatic-3-Crab-24,0.11970379948616028,0.6765099594742967,0.6802586108054622,0.6592245589422583
COD10K-CAM-1-Aquatic-3-Crab-30,0.05785257741808891,0.7467249113456198,0.40699469448934644,0.8109510439129106
COD10K-CAM-1-Aquatic-3-Crab-31,0.06959588825702667,0.7485758391064626,0.4260961556809574,0.7781969874308561
COD10K-CAM-1-Aquatic-3-Crab-32,0.021062670275568962,0.8100721121736663,0.43688775331360424,0.8959528836030789
COD10K-CAM-1-Aquatic-3-Crab-33,0.098455049097538,0.7374717432613634,0.6165504820781106,0.7845178394688312
COD10K-CAM-1-Aquatic-3-Crab-34,0.021599838510155678,0.6281520352323875,0.06349999782717604,0.46415181870442823
COD10K-CAM-1-Aquatic-3-Crab-35,0.19681957364082336,0.562439189212019,0.5041705528082012,0.48705099240154537
COD10K-CAM-1-Aquatic-3-Crab-37,0.13100586831569672,0.4856334364265661,0.08527347524714807,0.48288624321340035
COD10K-CAM-1-Aquatic-3-Crab-38,0.031076371669769287,0.5612855248891606,0.04535550502370264,0.5745798774718327
COD10K-CAM-1-Aquatic-3-Crab-40,0.04339918494224548,0.7486840286471459,0.39042982468473264,0.8806033479861984
COD10K-CAM-1-Aquatic-3-Crab-43,0.04061323031783104,0.5607693480782633,0.12523815448603828,0.5789048480092462
COD10K-CAM-1-Aquatic-3-Crab-45,0.03859083354473114,0.5235335513629221,0.08334955614822315,0.4725011937868131
COD10K-CAM-1-Aquatic-3-Crab-46,0.05731881782412529,0.7358077159300622,0.5661652254855207,0.7661239664897201
COD10K-CAM-1-Aquatic-3-Crab-50,0.0678911805152893,0.7714943713137121,0.36570876151208176,0.7645666029985831
COD10K-CAM-1-Aquatic-3-Crab-54,0.12160739302635193,0.5412910264310236,0.15025679003705963,0.5352455357659498
COD10K-CAM-1-Aquatic-3-Crab-58,0.0727609172463417,0.6667475285270525,0.25066984214705706,0.7453410949061787
COD10K-CAM-1-Aquatic-3-Crab-62,0.14500409364700317,0.5812432307863937,0.2538096704885422,0.7722626839732316
COD10K-CAM-1-Aquatic-3-Crab-65,0.03769385442137718,0.7568887435305913,0.4641004732072413,0.8727133327807668
COD10K-CAM-1-Aquatic-3-Crab-67,0.04119878262281418,0.7548904737895987,0.4108043482558799,0.7714821567198322
COD10K-CAM-1-Aquatic-3-Crab-71,0.06607301533222198,0.7061856145200337,0.4069738026801597,0.8204623686240702
COD10K-CAM-1-Aquatic-3-Crab-73,0.08412650227546692,0.6918948884518924,0.41427644560124643,0.8386768559371767
COD10K-CAM-1-Aquatic-3-Crab-86,0.07273926585912704,0.7343020614281728,0.5082053505843194,0.8668383964426902
COD10K-CAM-1-Aquatic-3-Crab-87,0.11611021310091019,0.5280602867265833,0.28211390634114614,0.4647444977942635
COD10K-CAM-1-Aquatic-3-Crab-88,0.042678143829107285,0.520959743416148,0.13013679476757234,0.7554416027449968
COD10K-CAM-1-Aquatic-3-Crab-89,0.04973863810300827,0.47091681900086557,0.0027112001405392807,0.3624961291086896
COD10K-CAM-1-Aquatic-3-Crab-93,0.06660880148410797,0.6593483841448233,0.286553113453613,0.7035160621514961
COD10K-CAM-1-Aquatic-3-Crab-96,0.1745445728302002,0.5985001434711373,0.4851126359500775,0.7102232126675956
COD10K-CAM-1-Aquatic-3-Crab-99,0.07255972176790237,0.7899236927473123,0.6204448216887261,0.7421027995412637
COD10K-CAM-1-Aquatic-4-Crocodile-105,0.09065384417772293,0.8336885020830267,0.7525339496592167,0.8272876547328974
COD10K-CAM-1-Aquatic-4-Crocodile-110,0.050333209335803986,0.8003592708944492,0.5735592558921382,0.8136558857716502
COD10K-CAM-1-Aquatic-4-Crocodile-114,0.11697942763566971,0.7146563362486005,0.7684762986247029,0.7366341617851743
COD10K-CAM-1-Aquatic-4-Crocodile-115,0.04634140804409981,0.7428507227713717,0.37062330435854446,0.7696481247392567
COD10K-CAM-1-Aquatic-4-Crocodile-118,0.05083031207323074,0.7195036057501754,0.3138327506943982,0.7850914622863421
COD10K-CAM-1-Aquatic-4-Crocodile-119,0.052254993468523026,0.46853841164714083,0.021545659405688422,0.478569287880244
COD10K-CAM-1-Aquatic-4-Crocodile-123,0.06292324513196945,0.47251095697293743,0.04563309009676443,0.27063111957051683
COD10K-CAM-1-Aquatic-5-CrocodileFish-125,0.17648039758205414,0.5411282303068988,0.3249832412981352,0.548101987216301
COD10K-CAM-1-Aquatic-5-CrocodileFish-126,0.5937854647636414,0.29146845682093125,0.3806904136577262,0.23796887120999963
COD10K-CAM-1-Aquatic-5-CrocodileFish-131,0.11403971910476685,0.6799197679072968,0.4677611356680138,0.8012710795871956
COD10K-CAM-1-Aquatic-6-Fish-134,0.35735082626342773,0.4393401948041946,0.3205928762651411,0.34244184457682425
COD10K-CAM-1-Aquatic-6-Fish-135,0.04617084935307503,0.6831731832438392,0.15773395071602372,0.5248956775350906
COD10K-CAM-1-Aquatic-6-Fish-136,0.07345455884933472,0.45185729855435336,0.004369435498000677,0.5317471573944044
COD10K-CAM-1-Aquatic-6-Fish-138,0.07522371411323547,0.6661050193765432,0.5124358614823992,0.6080568940673748
COD10K-CAM-1-Aquatic-6-Fish-139,0.08729835599660873,0.8046523972170327,0.7582075950828651,0.8341575856813916
COD10K-CAM-1-Aquatic-6-Fish-143,0.09988469630479813,0.6842297088861248,0.421192210977405,0.6791291429142141
COD10K-CAM-1-Aquatic-6-Fish-149,0.09434957057237625,0.6534513734473281,0.23564919102431356,0.6429825985303286
COD10K-CAM-1-Aquatic-6-Fish-150,0.07644882798194885,0.47554664447745426,0.050566538383871804,0.4047615507538929
COD10K-CAM-1-Aquatic-6-Fish-155,0.06502094864845276,0.7388854408783341,0.4550977370005802,0.7392422017474548
COD10K-CAM-1-Aquatic-6-Fish-157,0.023887144401669502,0.6569803412142605,0.3403817836212721,0.5408935560771456
COD10K-CAM-1-Aquatic-6-Fish-159,0.06740257143974304,0.5476799136420091,0.11093078283787203,0.794620329817431
COD10K-CAM-1-Aquatic-6-Fish-160,0.053754646331071854,0.6606236697709682,0.16359903930247083,0.6309986922037432
COD10K-CAM-1-Aquatic-6-Fish-162,0.1355413794517517,0.8466477959702119,0.8292561753581252,0.8133462587298607
COD10K-CAM-1-Aquatic-6-Fish-163,0.02896532230079174,0.8459034185876815,0.4276059874002037,0.8511783281551546
COD10K-CAM-1-Aquatic-6-Fish-168,0.1252836287021637,0.6866225112189122,0.5302663394700422,0.6212102868059379
COD10K-CAM-1-Aquatic-6-Fish-171,0.11783768236637115,0.6452836203071207,0.3679681189205569,0.7521671180963547
COD10K-CAM-1-Aquatic-6-Fish-174,0.1270703375339508,0.5503217730379444,0.240960089087124,0.7733962301032735
COD10K-CAM-1-Aquatic-6-Fish-183,0.1685173511505127,0.5157170567972996,0.18532670375967403,0.5708629445913305
COD10K-CAM-1-Aquatic-6-Fish-186,0.09258348494768143,0.7660560819772908,0.3707109406757742,0.7076989032105532
COD10K-CAM-1-Aquatic-6-Fish-189,0.23310723900794983,0.4628370302371906,0.35917791279890926,0.4474565968017989
COD10K-CAM-1-Aquatic-6-Fish-190,0.47812503576278687,0.26396139865013957,0.0488633438816712,0.25345376583416107
COD10K-CAM-1-Aquatic-6-Fish-191,0.15301613509655,0.7568781427908696,0.7095611861954043,0.6923706173212775
COD10K-CAM-1-Aquatic-6-Fish-193,0.05277181416749954,0.7947879577559556,0.46892179284600666,0.8298388196538837
COD10K-CAM-1-Aquatic-6-Fish-196,0.08948692679405212,0.737252635910744,0.4234545569636985,0.7874784019617975
COD10K-CAM-1-Aquatic-6-Fish-197,0.07072873413562775,0.722202278319073,0.3751856239097267,0.8142992243375455
COD10K-CAM-1-Aquatic-6-Fish-203,0.09001554548740387,0.5602324598032566,0.13713794661757772,0.49625536682419613
COD10K-CAM-1-Aquatic-6-Fish-204,0.09270110726356506,0.8130269859019204,0.5643315197658889,0.8042596584483696
COD10K-CAM-1-Aquatic-6-Fish-207,0.29350730776786804,0.5031861884246914,0.4846915440123323,0.4147509970381782
COD10K-CAM-1-Aquatic-6-Fish-215,0.05049462616443634,0.8238378603710855,0.3866088363727057,0.8005121311442194
COD10K-CAM-1-Aquatic-6-Fish-218,0.08110226690769196,0.5825840141664923,0.14356524516062438,0.6407671533590744
COD10K-CAM-1-Aquatic-6-Fish-219,0.21022498607635498,0.6493048975261613,0.6573997477871192,0.5634749045412045
COD10K-CAM-1-Aquatic-6-Fish-220,0.11725302785634995,0.47809405628420776,0.09938435985609967,0.7203808145540007
COD10K-CAM-1-Aquatic-6-Fish-221,0.16885973513126373,0.5796017479925711,0.19511814793624452,0.5910933037876511
COD10K-CAM-1-Aquatic-6-Fish-222,0.10072529315948486,0.6162424601835721,0.2461301519904509,0.7301956407800538
COD10K-CAM-1-Aquatic-6-Fish-224,0.1117146909236908,0.7340235398162234,0.5925903219316858,0.793269778709434
COD10K-CAM-1-Aquatic-6-Fish-225,0.2682455778121948,0.5865983451823655,0.603571395252537,0.580305445505733
COD10K-CAM-1-Aquatic-6-Fish-227,0.08337651193141937,0.6864841326405171,0.28665247097110297,0.6946326812395102
COD10K-CAM-1-Aquatic-6-Fish-228,0.2705841064453125,0.6190032798144903,0.752655744419555,0.5953670659651616
COD10K-CAM-1-Aquatic-6-Fish-230,0.14958083629608154,0.7239943259737506,0.6982558903559036,0.6996546510670308
COD10K-CAM-1-Aquatic-6-Fish-231,0.1375589668750763,0.6416388586352901,0.4099245486392965,0.773897676457497
COD10K-CAM-1-Aquatic-6-Fish-235,0.07609296590089798,0.7101938475213398,0.3283975301619319,0.7505686771436646
COD10K-CAM-1-Aquatic-6-Fish-242,0.05757248029112816,0.7677595714400882,0.36186632458037743,0.7934545616204898
COD10K-CAM-1-Aquatic-6-Fish-243,0.05424483120441437,0.8443800024871362,0.6670365716183266,0.8584723936646866
COD10K-CAM-1-Aquatic-7-Flounder-245,0.44406789541244507,0.4032405637575028,0.5321642630201728,0.3527420850976418
COD10K-CAM-1-Aquatic-7-Flounder-246,0.1198301613330841,0.674670347362865,0.6441704504532558,0.6464893170990536
COD10K-CAM-1-Aquatic-7-Flounder-247,0.3108676075935364,0.5026918764434385,0.5651163516248047,0.4416037454414009
COD10K-CAM-1-Aquatic-7-Flounder-248,0.17639175057411194,0.6082246374802507,0.6484015744301438,0.5758417752553058
COD10K-CAM-1-Aquatic-7-Flounder-249,0.13377928733825684,0.7754189727718109,0.7764106058575543,0.7868039208543521
COD10K-CAM-1-Aquatic-7-Flounder-250,0.26268455386161804,0.5616929692156677,0.6465367788541859,0.5523753202722448
COD10K-CAM-1-Aquatic-7-Flounder-253,0.11721669882535934,0.8390879207149007,0.7392099396649443,0.7972098043038305
COD10K-CAM-1-Aquatic-7-Flounder-254,0.41676628589630127,0.4159663008238568,0.5859066271902441,0.3925657953815971
COD10K-CAM-1-Aquatic-7-Flounder-258,0.09114297479391098,0.7782577019321584,0.5414431112731221,0.7915566499342057
COD10K-CAM-1-Aquatic-7-Flounder-259,0.21998624503612518,0.40964248530184705,0.20682582674048006,0.30996017445698265
COD10K-CAM-1-Aquatic-7-Flounder-262,0.08108314871788025,0.8884565341866981,0.7848106829868646,0.8652444952372997
COD10K-CAM-1-Aquatic-7-Flounder-264,0.34059634804725647,0.5007976291794879,0.49826077436458704,0.40855205509452663
COD10K-CAM-1-Aquatic-7-Flounder-266,0.20448420941829681,0.4148902231913711,0.11374345078711295,0.6504581658108889
COD10K-CAM-1-Aquatic-7-Flounder-270,0.6237066388130188,0.32656511554269746,0.568066208232223,0.2285411914403307
COD10K-CAM-1-Aquatic-7-Flounder-272,0.09238764643669128,0.6943244557125506,0.6484294230506634,0.7988876515946448
COD10K-CAM-1-Aquatic-7-Flounder-277,0.16682586073875427,0.707789610815605,0.741820839669334,0.6818981868535149
COD10K-CAM-1-Aquatic-7-Flounder-283,0.03303404524922371,0.6782281118631819,0.28249155931545755,0.7565973286214107
COD10K-CAM-1-Aquatic-7-Flounder-284,0.30625948309898376,0.5152383513638238,0.5163789291270163,0.45107744649311093
COD10K-CAM-1-Aquatic-7-Flounder-286,0.10973575711250305,0.857156399096494,0.7688515299022216,0.8406715160426808
COD10K-CAM-1-Aquatic-7-Flounder-287,0.0920952782034874,0.7646867544604106,0.5369850283475733,0.7079062951842994
COD10K-CAM-1-Aquatic-7-Flounder-289,0.21349066495895386,0.5812318180342666,0.6010909957773011,0.5221163485915022
COD10K-CAM-1-Aquatic-7-Flounder-290,0.27813029289245605,0.36267992329629817,0.03566147641197542,0.2573931327566322
COD10K-CAM-1-Aquatic-7-Flounder-291,0.14620351791381836,0.5611726125122698,0.3832838074162344,0.6891532272622144
COD10K-CAM-1-Aquatic-7-Flounder-292,0.3252996504306793,0.5035861902681931,0.507680069756233,0.40328703579871794
COD10K-CAM-1-Aquatic-8-FrogFish-295,0.11382539570331573,0.6468146280693206,0.5095538825423146,0.5430884555092145
COD10K-CAM-1-Aquatic-8-FrogFish-296,0.05863437056541443,0.683729698241114,0.35033951576154504,0.5525231408279991
COD10K-CAM-1-Aquatic-8-FrogFish-297,0.3675779104232788,0.3754279442554495,0.3793902275976204,0.34769487150435385
COD10K-CAM-1-Aquatic-8-FrogFish-299,0.20438624918460846,0.5095895966661398,0.15892397154516366,0.600541610170028
COD10K-CAM-1-Aquatic-8-FrogFish-303,0.14182370901107788,0.73559248572093,0.5741605582130699,0.6148850628943419
COD10K-CAM-1-Aquatic-8-FrogFish-305,0.18194524943828583,0.7636629428862143,0.745627020680206,0.7146692135148229
COD10K-CAM-1-Aquatic-8-FrogFish-306,0.10896926373243332,0.8986940041880707,0.8261725265904762,0.821876570219255
COD10K-CAM-1-Aquatic-9-GhostPipefish-307,0.05848667025566101,0.6595522921703547,0.33519390590447157,0.8086378741142632
COD10K-CAM-1-Aquatic-9-GhostPipefish-309,0.1454068273305893,0.6094812525256377,0.37844109408219684,0.7389266648389945
COD10K-CAM-1-Aquatic-9-GhostPipefish-312,0.09697946161031723,0.7119110112697533,0.40994783304994775,0.7540305850939893
COD10K-CAM-1-Aquatic-9-GhostPipefish-315,0.08437689393758774,0.7173145401211378,0.42320085441080907,0.7428669068689977
COD10K-CAM-1-Aquatic-9-GhostPipefish-318,0.216702401638031,0.6037304615655192,0.5859615942785282,0.6505280015648686
COD10K-CAM-1-Aquatic-9-GhostPipefish-322,0.11815610527992249,0.6491173867637198,0.4661389311753423,0.7218394229020972
COD10K-CAM-1-Aquatic-9-GhostPipefish-323,0.05142272636294365,0.7295528525962056,0.31756268435992996,0.7771256839507781
COD10K-CAM-1-Aquatic-9-GhostPipefish-326,0.1272629052400589,0.5773995483109489,0.1915546460587037,0.6254615172004343
COD10K-CAM-1-Aquatic-9-GhostPipefish-327,0.15541402995586395,0.5793713492055571,0.25595242376124805,0.7433508355654374
COD10K-CAM-1-Aquatic-9-GhostPipefish-333,0.04090401530265808,0.6411726253301211,0.25850796168301515,0.4735050991706315
COD10K-CAM-1-Aquatic-9-GhostPipefish-334,0.09258416295051575,0.6692034161646299,0.31032775261010376,0.7483037065616684
COD10K-CAM-1-Aquatic-9-GhostPipefish-339,0.08464580029249191,0.6523541967383275,0.382009929365564,0.7630878746826408
COD10K-CAM-1-Aquatic-9-GhostPipefish-346,0.07683549076318741,0.7871083096860076,0.5858423681868167,0.8469545453462437
COD10K-CAM-1-Aquatic-9-GhostPipefish-347,0.34458109736442566,0.3330621110903507,0.06757468577596676,0.2606869343144302
COD10K-CAM-1-Aquatic-9-GhostPipefish-348,0.11611761152744293,0.7352406447642599,0.5297731422931677,0.712539098162668
COD10K-CAM-1-Aquatic-9-GhostPipefish-349,0.13664181530475616,0.7003791817585114,0.6089155797785225,0.7030592234074353
COD10K-CAM-1-Aquatic-9-GhostPipefish-350,0.09730898588895798,0.806835555648262,0.6269682868372398,0.8074608097224037
COD10K-CAM-1-Aquatic-9-GhostPipefish-353,0.1367323100566864,0.45095506963591764,0.05583746191399408,0.6392787578116533
COD10K-CAM-1-Aquatic-9-GhostPipefish-359,0.07595060020685196,0.7062478786603723,0.424667742532923,0.8143798454959805
COD10K-CAM-1-Aquatic-9-GhostPipefish-369,0.053908005356788635,0.6310935663312855,0.1930875232513208,0.7041073881481275
COD10K-CAM-1-Aquatic-9-GhostPipefish-370,0.06323862820863724,0.8520017759188125,0.7096756112401162,0.8862358873414949
COD10K-CAM-1-Aquatic-9-GhostPipefish-372,0.042409420013427734,0.7471810872363325,0.363065607327342,0.8118094133504142
COD10K-CAM-1-Aquatic-9-GhostPipefish-377,0.14621397852897644,0.61432099008185,0.6400218722209148,0.6077940665233469
COD10K-CAM-1-Aquatic-9-GhostPipefish-379,0.13685345649719238,0.530598072404598,0.2216948684302754,0.7216280440492724
COD10K-CAM-1-Aquatic-9-GhostPipefish-380,0.11979169398546219,0.6997630433271402,0.5775972741777363,0.7139093045230889
COD10K-CAM-1-Aquatic-9-GhostPipefish-381,0.07574277371168137,0.7477503266549472,0.30670314754050015,0.6848834070379665
COD10K-CAM-1-Aquatic-9-GhostPipefish-382,0.05259755253791809,0.8290483759493177,0.6532765065843136,0.9072913990711755
COD10K-CAM-1-Aquatic-9-GhostPipefish-383,0.18875813484191895,0.5346753128978408,0.40450149647699324,0.46548308608840105
COD10K-CAM-1-Aquatic-9-GhostPipefish-384,0.13659100234508514,0.6443681489715841,0.49053965866487115,0.7030712661454435
COD10K-CAM-1-Aquatic-9-GhostPipefish-385,0.08874474465847015,0.7742584128019405,0.6180708430231686,0.8457584017380826
COD10K-CAM-1-Aquatic-9-GhostPipefish-390,0.15390323102474213,0.6389378156105953,0.5598103553881107,0.566838911924321
COD10K-CAM-1-Aquatic-9-GhostPipefish-391,0.20272862911224365,0.5669009740282872,0.3721316282369667,0.41491655362707197
COD10K-CAM-1-Aquatic-9-GhostPipefish-395,0.15874026715755463,0.5394549222128731,0.29425436511854486,0.4508045945838297
COD10K-CAM-1-Aquatic-9-GhostPipefish-397,0.14465200901031494,0.578554006630472,0.17760850087512434,0.638244546240143
COD10K-CAM-1-Aquatic-9-GhostPipefish-399,0.12678679823875427,0.5406282554154246,0.4198104644794194,0.4586537207838676
COD10K-CAM-1-Aquatic-9-GhostPipefish-402,0.05630705505609512,0.746827459647883,0.4239684362979383,0.8597380600462952
COD10K-CAM-1-Aquatic-9-GhostPipefish-403,0.08100690692663193,0.5589506379064735,0.11087848421619091,0.7172194403349061
COD10K-CAM-1-Aquatic-9-GhostPipefish-406,0.06412531435489655,0.8162043588437671,0.4638994884456886,0.8209088466443424
COD10K-CAM-1-Aquatic-9-GhostPipefish-407,0.18128007650375366,0.51189984130218,0.36409246977677034,0.43621422480409544
COD10K-CAM-1-Aquatic-9-GhostPipefish-409,0.0783587321639061,0.6781175343333278,0.31200334289029225,0.6870699035073862
COD10K-CAM-1-Aquatic-9-GhostPipefish-411,0.1045532152056694,0.6283812026967968,0.39797515796743216,0.5187177367100038
COD10K-CAM-2-Terrestrial-21-Ant-1233,0.14912760257720947,0.425577320854277,0.0031286652231542773,0.26746204550198815
COD10K-CAM-2-Terrestrial-21-Ant-1238,0.012212000787258148,0.5098949102854888,0.007907936153038995,0.26207007740287835
COD10K-CAM-2-Terrestrial-21-Ant-1240,0.0696691945195198,0.6494273691171347,0.09142953674980622,0.4443093204210361
COD10K-CAM-2-Terrestrial-21-Ant-1241,0.06296279281377792,0.5688366441282058,0.14627513502736458,0.5297810875880229
COD10K-CAM-2-Terrestrial-21-Ant-1243,0.013465271331369877,0.49618668264255544,0.0013398521153883598,0.26171068759866856
COD10K-CAM-2-Terrestrial-21-Ant-1246,0.052151478826999664,0.47768146520502125,0.01403912885200645,0.39079961428130366
COD10K-CAM-2-Terrestrial-21-Ant-1247,0.03840167075395584,0.7251991142605201,0.27108166524238697,0.7642766026984897
COD10K-CAM-2-Terrestrial-21-Ant-1249,0.044424016028642654,0.4622169793024307,0.0032096471776833805,0.6856766480303486
COD10K-CAM-2-Terrestrial-21-Ant-1251,0.12210465222597122,0.6129653988851886,0.2675078039791028,0.7930789645484702
COD10K-CAM-2-Terrestrial-21-Ant-1257,0.02135353535413742,0.5956743762276261,0.1008239332426957,0.6233004761775705
COD10K-CAM-2-Terrestrial-22-Bug-1260,0.05807742848992348,0.6924768549226115,0.4411955800927289,0.7911648506120895
COD10K-CAM-2-Terrestrial-22-Bug-1262,0.09411947429180145,0.5661370763764431,0.1077406150871585,0.48433837820172476
COD10K-CAM-2-Terrestrial-22-Bug-1263,0.05028486251831055,0.8362797185662341,0.6345860278257786,0.9033316366771176
COD10K-CAM-2-Terrestrial-22-Bug-1267,0.1567704826593399,0.47478146180056635,0.06391497072333042,0.374682907953504
COD10K-CAM-2-Terrestrial-22-Bug-1268,0.07723522931337357,0.7511945032555158,0.4481061105403345,0.8118600020759891
COD10K-CAM-2-Terrestrial-22-Bug-1270,0.05977411940693855,0.7890904881845004,0.5110230933396168,0.8615873415735527
COD10K-CAM-2-Terrestrial-22-Bug-1271,0.06260907649993896,0.8497448273974996,0.7196983055939556,0.890111290419241
COD10K-CAM-2-Terrestrial-22-Bug-1272,0.08557730913162231,0.5484037641532484,0.11467751575331359,0.5445937390513959
COD10K-CAM-2-Terrestrial-22-Bug-1273,0.04532177746295929,0.7040543838307631,0.19398521524766507,0.6808360734100325
COD10K-CAM-2-Terrestrial-22-Bug-1274,0.05095912143588066,0.9174760297380744,0.8248084469745717,0.9184618640341684
COD10K-CAM-2-Terrestrial-22-Bug-1276,0.06303472071886063,0.859121676300673,0.6893544759540758,0.8993054619190396
COD10K-CAM-2-Terrestrial-22-Bug-1277,0.08615199476480484,0.5499982643312116,0.09913721567018435,0.4613306271369848
COD10K-CAM-2-Terrestrial-22-Bug-1278,0.04018031433224678,0.7989255295492455,0.5108023483557488,0.8816348233376449
COD10K-CAM-2-Terrestrial-22-Bug-1281,0.050366662442684174,0.866575889615748,0.7437883775390265,0.9076635384374694
COD10K-CAM-2-Terrestrial-22-Bug-1282,0.0492856428027153,0.6705816491128238,0.29449794096823756,0.7446241921834327
COD10K-CAM-2-Terrestrial-22-Bug-1283,0.11194799840450287,0.5640773752940035,0.3253939505812499,0.7576176976531257
COD10K-CAM-2-Terrestrial-22-Bug-1284,0.029403571039438248,0.8193911878796764,0.4071848935490334,0.8206970572678988
COD10K-CAM-2-Terrestrial-22-Bug-1285,0.09257590025663376,0.6171013243140548,0.0930256492689169,0.42824334854546664
COD10K-CAM-2-Terrestrial-22-Bug-1286,0.04305185750126839,0.8410396797241769,0.5986576465935298,0.7961536224768555
COD10K-CAM-2-Terrestrial-22-Bug-1289,0.06755910813808441,0.4879720811570263,0.05837864290236662,0.4391831462075095
COD10K-CAM-2-Terrestrial-22-Bug-1291,0.05502796545624733,0.5992174130978336,0.09296436009009852,0.5225897673519364
COD10K-CAM-2-Terrestrial-22-Bug-1293,0.07731584459543228,0.8094910676801307,0.509653953690891,0.8385943825022746
COD10K-CAM-2-Terrestrial-23-Cat-1299,0.05007889121770859,0.7105578105290347,0.2830655024532247,0.7526506739175693
COD10K-CAM-2-Terrestrial-23-Cat-1300,0.1678239107131958,0.62009673031248,0.5111949540708508,0.6252383702500743
COD10K-CAM-2-Terrestrial-23-Cat-1301,0.0637207180261612,0.7669279120689609,0.589046422620226,0.7372658308762812
COD10K-CAM-2-Terrestrial-23-Cat-1304,0.05319599062204361,0.8205684353211014,0.5599071150950795,0.8414012560820653
COD10K-CAM-2-Terrestrial-23-Cat-1310,0.03309375047683716,0.6365435948951175,0.20221161351142877,0.6315380681779436
COD10K-CAM-2-Terrestrial-23-Cat-1320,0.07639608532190323,0.6612502416800272,0.26264568036204466,0.7642953055069613
COD10K-CAM-2-Terrestrial-23-Cat-1325,0.042450640350580215,0.8534425756800836,0.5207976651008631,0.8514005514109648
COD10K-CAM-2-Terrestrial-23-Cat-1327,0.04017695412039757,0.5272497020418725,0.03535620899793485,0.6727049302640495
COD10K-CAM-2-Terrestrial-23-Cat-1328,0.1539527177810669,0.6192931277950791,0.629967225580765,0.6000962069334955
COD10K-CAM-2-Terrestrial-23-Cat-1329,0.029049891978502274,0.7833678440097807,0.4045199060502889,0.8221972382955147
COD10K-CAM-2-Terrestrial-23-Cat-1330,0.08044525235891342,0.5772738086572442,0.15645644501003125,0.653138429528603
COD10K-CAM-2-Terrestrial-23-Cat-1331,0.2774953842163086,0.4845784986731362,0.5418536626681948,0.4451934624578472
COD10K-CAM-2-Terrestrial-23-Cat-1333,0.06806182116270065,0.5187798506611112,0.15099061924503238,0.3120159015234868
COD10K-CAM-2-Terrestrial-23-Cat-1337,0.04554473236203194,0.835159667142283,0.6758145584438351,0.8321884876433701
COD10K-CAM-2-Terrestrial-23-Cat-1339,0.2709115445613861,0.4148106643027168,0.3139199237177149,0.34110768768106436
COD10K-CAM-2-Terrestrial-23-Cat-1344,0.017711693421006203,0.7171548294825906,0.2661185041178107,0.8222257716726973
COD10K-CAM-2-Terrestrial-23-Cat-1350,0.06238309666514397,0.7318147314785177,0.397467973148679,0.829085837988409
COD10K-CAM-2-Terrestrial-23-Cat-1352,0.03962593898177147,0.5012872804335908,0.020499883171081573,0.5896265577216284
COD10K-CAM-2-Terrestrial-23-Cat-1358,0.09962595254182816,0.5086791700425776,0.13848469297394844,0.5684578585135678
COD10K-CAM-2-Terrestrial-23-Cat-1359,0.12988346815109253,0.6108904763098398,0.5804612981542628,0.6399618005146153
COD10K-CAM-2-Terrestrial-23-Cat-1360,0.14437781274318695,0.5669505539884216,0.1320915271364656,0.6828871184457815
COD10K-CAM-2-Terrestrial-23-Cat-1363,0.035749416798353195,0.699110161566574,0.1407808061018353,0.5811764163653544
COD10K-CAM-2-Terrestrial-23-Cat-1364,0.08009351044893265,0.5036937574393886,0.03173976621693666,0.5272206377332416
COD10K-CAM-2-Terrestrial-23-Cat-1365,0.1223582923412323,0.5075044960802784,0.17758846543323636,0.6499851417461899
COD10K-CAM-2-Terrestrial-23-Cat-1367,0.01561365369707346,0.49363252250790013,0.0005898101177724361,0.26068318655411027
COD10K-CAM-2-Terrestrial-23-Cat-1368,0.0680190697312355,0.5695217244406552,0.26691924256114424,0.8471477232254996
COD10K-CAM-2-Terrestrial-23-Cat-1369,0.044050902128219604,0.5267134927116662,0.0412170820863279,0.5376149037589466
COD10K-CAM-2-Terrestrial-23-Cat-1371,0.058328475803136826,0.4604179417390769,0.006600112656816676,0.6711759013194326
COD10K-CAM-2-Terrestrial-23-Cat-1372,0.05832228437066078,0.5467168875493047,0.09618416921311305,0.6462229648237128
COD10K-CAM-2-Terrestrial-23-Cat-1377,0.016459353268146515,0.49719563921433885,0.008219316447828967,0.3190949725144461
COD10K-CAM-2-Terrestrial-23-Cat-1378,0.1089964210987091,0.6358274577710135,0.5185386835915305,0.7003039525132583
COD10K-CAM-2-Terrestrial-23-Cat-1380,0.12583450973033905,0.6443392037613551,0.4809693101747117,0.5609777619084872
COD10K-CAM-2-Terrestrial-23-Cat-1381,0.08945031464099884,0.4604565417228649,0.07879759937425905,0.5184319840610923
COD10K-CAM-2-Terrestrial-23-Cat-1383,0.04347047954797745,0.5724432775599511,0.11603294410331697,0.44699142772499256
COD10K-CAM-2-Terrestrial-23-Cat-1386,0.2809142470359802,0.3663857030810934,0.10131292686703813,0.30338674537200316
COD10K-CAM-2-Terrestrial-23-Cat-1387,0.09122695028781891,0.48390477812791644,0.16880825127412308,0.5104284042338874
COD10K-CAM-2-Terrestrial-23-Cat-1388,0.06670252233743668,0.594585485610295,0.2901731517159882,0.5684516853889654
COD10K-CAM-2-Terrestrial-23-Cat-1390,0.008621010929346085,0.5057360750731523,0.011493915858225815,0.2898116799249074
COD10K-CAM-2-Terrestrial-23-Cat-1391,0.040167566388845444,0.5503773918229801,0.04439084628680919,0.6219614009049521
COD10K-CAM-2-Terrestrial-23-Cat-1392,0.029772425070405006,0.5063215229568028,0.039441722369811374,0.6069053193839636
COD10K-CAM-2-Terrestrial-23-Cat-1394,0.0372450090944767,0.6319949763571704,0.24989988777846295,0.7455666470087079
COD10K-CAM-2-Terrestrial-23-Cat-1400,0.06268507242202759,0.4574908341007463,0.004015151327965081,0.5809979488172475
COD10K-CAM-2-Terrestrial-23-Cat-1405,0.13001255691051483,0.431765260089357,0.0277877032872974,0.3240875451471631
COD10K-CAM-2-Terrestrial-23-Cat-1411,0.06952778249979019,0.5233620947309892,0.1522561305306555,0.5948698354234473
COD10K-CAM-2-Terrestrial-23-Cat-1412,0.14117439091205597,0.46208067882624965,0.034991013794124226,0.5333845239697627
COD10K-CAM-2-Terrestrial-23-Cat-1413,0.055911269038915634,0.5995454177107438,0.1808828936372688,0.7111145291827418
COD10K-CAM-2-Terrestrial-23-Cat-1415,0.08315494656562805,0.4555178970502791,0.03156464824041195,0.5057266786203828
COD10K-CAM-2-Terrestrial-23-Cat-1419,0.16424566507339478,0.5437672176225481,0.3904756078910183,0.4641477521904982
COD10K-CAM-2-Terrestrial-23-Cat-1420,0.03297295793890953,0.7790704199016936,0.38570619076060814,0.5741349358009935
COD10K-CAM-2-Terrestrial-23-Cat-1421,0.08815699070692062,0.6803690890146395,0.36250229107888926,0.8268251164358664
COD10K-CAM-2-Terrestrial-23-Cat-1423,0.0599575899541378,0.6256829158004731,0.2906469813249521,0.6375392032132583
COD10K-CAM-2-Terrestrial-23-Cat-1424,0.07513861358165741,0.5143067364033299,0.11027229427168922,0.47133036609873397
COD10K-CAM-2-Terrestrial-23-Cat-1428,0.03184713423252106,0.48663307418949564,0.03613845030519066,0.2630516905303921
COD10K-CAM-2-Terrestrial-23-Cat-1429,0.021494682878255844,0.786733424280303,0.4473527521638072,0.8660425742299108
COD10K-CAM-2-Terrestrial-23-Cat-1431,0.06005173921585083,0.4678872166924693,0.015304445248681691,0.32926813453527537
COD10K-CAM-2-Terrestrial-23-Cat-1432,0.10941712558269501,0.43088217482714575,0.002120738227985427,0.6505198360917838
COD10K-CAM-2-Terrestrial-23-Cat-1433,0.035847410559654236,0.47999111643304904,0.015089264945671251,0.6433794085271203
COD10K-CAM-2-Terrestrial-23-Cat-1434,0.09766911715269089,0.8409677375461502,0.6460121046325752,0.7853803893400564
COD10K-CAM-2-Terrestrial-23-Cat-1438,0.0063783046789467335,0.49676290091061803,0.0010512922240144007,0.2549590708826289
COD10K-CAM-2-Terrestrial-23-Cat-1442,0.1108613982796669,0.5416031323144433,0.18233710447139798,0.7386026234773366
COD10K-CAM-2-Terrestrial-23-Cat-1443,0.0992322713136673,0.5154991406338004,0.10208354153786336,0.48576578977342016
COD10K-CAM-2-Terrestrial-23-Cat-1446,0.1114257276058197,0.45122444557490166,0.07424554662252282,0.5335436041115855
COD10K-CAM-2-Terrestrial-23-Cat-1449,0.049250733107328415,0.5829128121731184,0.16295610327837023,0.8115579719389389
COD10K-CAM-2-Terrestrial-23-Cat-1451,0.09235135465860367,0.5812157165225018,0.2657899382204014,0.6850822104521263
COD10K-CAM-2-Terrestrial-23-Cat-1453,0.017884723842144012,0.4965484479002959,0.0024708460754651407,0.4066285341467131
COD10K-CAM-2-Terrestrial-23-Cat-1458,0.047971900552511215,0.49346806996618275,0.08393956770545626,0.29424136808383206
COD10K-CAM-2-Terrestrial-23-Cat-1459,0.28026050329208374,0.6022448276961384,0.6416475666950795,0.5128376750957075
COD10K-CAM-2-Terrestrial-23-Cat-1461,0.02123960666358471,0.5241964793198924,0.019946074523634724,0.3945015873152087
COD10K-CAM-2-Terrestrial-23-Cat-1462,0.07371998578310013,0.460562301305059,0.028615387170204058,0.575850296233894
COD10K-CAM-2-Terrestrial-23-Cat-1465,0.02505502663552761,0.6414895747128737,0.1619814293217605,0.6514591332232771
COD10K-CAM-2-Terrestrial-23-Cat-1466,0.01678268238902092,0.5118028799541086,0.0525287498908221,0.4047887387165037
COD10K-CAM-2-Terrestrial-23-Cat-1471,0.03581516444683075,0.7231428677956528,0.5367452048443403,0.6953472950466434
COD10K-CAM-2-Terrestrial-23-Cat-1472,0.09512859582901001,0.46443513460362756,0.1200219276911911,0.2876864222487376
COD10K-CAM-2-Terrestrial-23-Cat-1474,0.07581765949726105,0.49176902235003084,0.12667774661902234,0.6949919761726988
COD10K-CAM-2-Terrestrial-23-Cat-1475,0.032167430967092514,0.6142999407035796,0.1025843256034779,0.5301396785572376
COD10K-CAM-2-Terrestrial-23-Cat-1476,0.037819646298885345,0.6756478140645149,0.2402737210694652,0.6359852038178467
COD10K-CAM-2-Terrestrial-23-Cat-1479,0.04289159178733826,0.5236880053819335,0.09025426962635602,0.7755509553458588
COD10K-CAM-2-Terrestrial-23-Cat-1481,0.2126198261976242,0.5999713079082416,0.4080774214742946,0.694297967293088
COD10K-CAM-2-Terrestrial-23-Cat-1483,0.05690277740359306,0.4687046860985225,0.020822476718666886,0.6001788385917668
COD10K-CAM-2-Terrestrial-23-Cat-1485,0.15905942022800446,0.4995442295842374,0.23070679733939717,0.5019115979475057
COD10K-CAM-2-Terrestrial-23-Cat-1488,0.11440061777830124,0.4442418329944024,0.014156742022840117,0.2517466194696141
COD10K-CAM-2-Terrestrial-23-Cat-1490,0.031668685376644135,0.7059424689125741,0.3120649606350635,0.700059809446755
COD10K-CAM-2-Terrestrial-23-Cat-1491,0.0557200126349926,0.6997711657947034,0.47465526657691937,0.7220326535350478
COD10K-CAM-2-Terrestrial-23-Cat-1492,0.055386800318956375,0.5764051614622023,0.22036512490663016,0.6669019180800864
COD10K-CAM-2-Terrestrial-23-Cat-1494,0.020350316539406776,0.49216661995546523,0.006585414876709998,0.37678385258821623
COD10K-CAM-2-Terrestrial-23-Cat-1496,0.04916404187679291,0.6843546572943129,0.3403401899856849,0.8424609257866833
COD10K-CAM-2-Terrestrial-23-Cat-1498,0.06479449570178986,0.4579983251464751,0.021668348398597333,0.706640396267477
COD10K-CAM-2-Terrestrial-23-Cat-1500,0.03623706474900246,0.679696193446657,0.27601213489653714,0.8160144829729088
COD10K-CAM-2-Terrestrial-23-Cat-1505,0.019642967730760574,0.4884946234665087,0.0025320875666225615,0.2842800901368575
COD10K-CAM-2-Terrestrial-23-Cat-1506,0.021891843527555466,0.8581344984614832,0.5284281994451238,0.8767625629357214
COD10K-CAM-2-Terrestrial-23-Cat-1508,0.17790000140666962,0.401073418892058,0.020461684990015768,0.41114501601592096
COD10K-CAM-2-Terrestrial-23-Cat-1510,0.015383068472146988,0.5180684002426902,0.01039946770664175,0.3369372280669084
COD10K-CAM-2-Terrestrial-23-Cat-1512,0.019594384357333183,0.49451406880897375,0.028320014483530196,0.357978655064477
COD10K-CAM-2-Terrestrial-23-Cat-1514,0.04782991483807564,0.5422675699843568,0.19645325647733797,0.8118013356174232
COD10K-CAM-2-Terrestrial-23-Cat-1515,0.09517952799797058,0.5461046648090622,0.17300935596953376,0.5686542568848663
COD10K-CAM-2-Terrestrial-23-Cat-1516,0.19149228930473328,0.5937958644166901,0.44924724574013636,0.5245344673323776
COD10K-CAM-2-Terrestrial-23-Cat-1520,0.08496735244989395,0.6215529365486601,0.5357575339269901,0.6242916452628308
COD10K-CAM-2-Terrestrial-23-Cat-1522,0.06559494137763977,0.5421887605064595,0.24924878845446252,0.5918653972189656
COD10K-CAM-2-Terrestrial-23-Cat-1523,0.030077047646045685,0.6566608556295153,0.24960045764091116,0.7923054550430562
COD10K-CAM-2-Terrestrial-23-Cat-1524,0.07310836762189865,0.5980196596165213,0.48405163500221976,0.5786130947062179
COD10K-CAM-2-Terrestrial-23-Cat-1526,0.14264927804470062,0.4044460794545134,0.021577821349936663,0.598513211999308
COD10K-CAM-2-Terrestrial-23-Cat-1527,0.4042070806026459,0.4220767814869122,0.46072514423362104,0.373037423235793
COD10K-CAM-2-Terrestrial-23-Cat-1530,0.046917229890823364,0.7449064234987933,0.3593953432427193,0.8246611928825032
COD10K-CAM-2-Terrestrial-23-Cat-1531,0.18190838396549225,0.4166942670436363,0.1152996079540166,0.2827397883963728
COD10K-CAM-2-Terrestrial-23-Cat-1532,0.2177027463912964,0.40620321369289153,0.1764585221898834,0.31418553577408603
COD10K-CAM-2-Terrestrial-23-Cat-1534,0.013839258812367916,0.8030540677267557,0.4569833841952103,0.8771876601480295
COD10K-CAM-2-Terrestrial-23-Cat-1537,0.243026003241539,0.3959574458263708,0.10613689970332099,0.31302497790138606
COD10K-CAM-2-Terrestrial-24-Caterpillar-1541,0.13105647265911102,0.6530363962043964,0.46198766418744525,0.7955257770528876
COD10K-CAM-2-Terrestrial-24-Caterpillar-1543,0.3766627907752991,0.4508650653210932,0.597257258996772,0.420465705248068
COD10K-CAM-2-Terrestrial-24-Caterpillar-1545,0.03982817009091377,0.6460768042646973,0.09756944038858315,0.7753098576332258
COD10K-CAM-2-Terrestrial-24-Caterpillar-1546,0.03381804749369621,0.5510004018390006,0.10586919062743154,0.5421534522765492
COD10K-CAM-2-Terrestrial-24-Caterpillar-1548,0.04370022192597389,0.6234980468476325,0.2579410228083916,0.824465429256154
COD10K-CAM-2-Terrestrial-24-Caterpillar-1552,0.11189650744199753,0.4955541889241021,0.19373739091069953,0.33731991356238555
COD10K-CAM-2-Terrestrial-24-Caterpillar-1557,0.05582268163561821,0.8051798307094513,0.5201691435476485,0.8350008731766594
COD10K-CAM-2-Terrestrial-24-Caterpillar-1560,0.15277911722660065,0.7292025990306283,0.6232673262542352,0.8033630075909342
COD10K-CAM-2-Terrestrial-24-Caterpillar-1564,0.13306285440921783,0.7704467437145939,0.6250348561295547,0.8126883540744516
COD10K-CAM-2-Terrestrial-24-Caterpillar-1565,0.32071512937545776,0.5028954562416756,0.46494516318501644,0.5334472970396449
COD10K-CAM-2-Terrestrial-24-Caterpillar-1567,0.16784057021141052,0.7228318264737661,0.6245337820181208,0.7798256157230408
COD10K-CAM-2-Terrestrial-24-Caterpillar-1568,0.1440466195344925,0.7148625507830138,0.4313463718435098,0.7284812226042265
COD10K-CAM-2-Terrestrial-24-Caterpillar-1570,0.14165018498897552,0.6131701159258246,0.2887373268126239,0.5530738194204847
COD10K-CAM-2-Terrestrial-24-Caterpillar-1572,0.11122783273458481,0.775410631214053,0.5563157737670351,0.7872609295399966
COD10K-CAM-2-Terrestrial-24-Caterpillar-1574,0.033954914659261703,0.5729314995515931,0.0865307168482482,0.536871259523797
COD10K-CAM-2-Terrestrial-24-Caterpillar-1581,0.06483196467161179,0.7931084628430282,0.4999732424282955,0.8463929709181253
COD10K-CAM-2-Terrestrial-24-Caterpillar-1582,0.039040472358465195,0.5134899083816655,0.08924771300516081,0.7526092275360553
COD10K-CAM-2-Terrestrial-24-Caterpillar-1587,0.14613431692123413,0.6266378733479095,0.5169024202565854,0.658124457456299
COD10K-CAM-2-Terrestrial-24-Caterpillar-1591,0.06267097592353821,0.6272747867029176,0.3572750620863952,0.8686142513377622
COD10K-CAM-2-Terrestrial-24-Caterpillar-1594,0.06665638834238052,0.6784906534689222,0.363904614951406,0.6802646509654393
COD10K-CAM-2-Terrestrial-24-Caterpillar-1596,0.039777323603630066,0.8953044888503421,0.6645039597016458,0.8931722784915317
COD10K-CAM-2-Terrestrial-24-Caterpillar-1597,0.033151816576719284,0.657983835690954,0.3397402063610533,0.7463107497884405
COD10K-CAM-2-Terrestrial-24-Caterpillar-1602,0.07783497124910355,0.8203518124228688,0.5708555801527431,0.8575090009904508
COD10K-CAM-2-Terrestrial-24-Caterpillar-1607,0.13846802711486816,0.4897702058986803,0.1713898570042233,0.7081670224977408
COD10K-CAM-2-Terrestrial-24-Caterpillar-1608,0.06007227674126625,0.6204802143001744,0.29917186896376124,0.8462987491829765
COD10K-CAM-2-Terrestrial-24-Caterpillar-1616,0.06541723012924194,0.7038704039089914,0.3095275788429616,0.8562044369481023
COD10K-CAM-2-Terrestrial-24-Caterpillar-1621,0.03951883688569069,0.7766295586681313,0.500004277199362,0.872796632812
COD10K-CAM-2-Terrestrial-24-Caterpillar-1622,0.19396886229515076,0.4773133297438976,0.16401228632584586,0.5894920798753298
COD10K-CAM-2-Terrestrial-24-Caterpillar-1623,0.1837197095155716,0.6038477635927225,0.43108129244090937,0.5719823009019283
COD10K-CAM-2-Terrestrial-24-Caterpillar-1626,0.10549645125865936,0.7840923987161496,0.5656070215215414,0.7953189500339517
COD10K-CAM-2-Terrestrial-24-Caterpillar-1633,0.116661436855793,0.4863301499737126,0.04194088175535891,0.40642314000553215
COD10K-CAM-2-Terrestrial-24-Caterpillar-1641,0.08097333461046219,0.7348935567265447,0.5292348145314822,0.8732099771101375
COD10K-CAM-2-Terrestrial-24-Caterpillar-1643,0.10411959886550903,0.7125487801819048,0.397953263648313,0.8419605168416546
COD10K-CAM-2-Terrestrial-24-Caterpillar-1644,0.10293294489383698,0.6896230890666573,0.4033404997724938,0.8564844361212118
COD10K-CAM-2-Terrestrial-24-Caterpillar-1645,0.028851531445980072,0.5786618300688345,0.07536409943370034,0.6794635706689903
COD10K-CAM-2-Terrestrial-24-Caterpillar-1650,0.04387087747454643,0.7431258762963635,0.3469039801832765,0.7434196654877219
COD10K-CAM-2-Terrestrial-24-Caterpillar-1652,0.03814389184117317,0.6412879638081325,0.22423079101328913,0.6966203839422472
COD10K-CAM-2-Terrestrial-24-Caterpillar-1653,0.06004754826426506,0.8035224500559754,0.46329145652008014,0.8217022230452348
COD10K-CAM-2-Terrestrial-24-Caterpillar-1655,0.05558720976114273,0.7404649958303249,0.4042926303200468,0.8179585831534215
COD10K-CAM-2-Terrestrial-25-Centipede-1658,0.17601551115512848,0.5134460770993283,0.2638209813799463,0.7259701250429831
COD10K-CAM-2-Terrestrial-25-Centipede-1659,0.12417257577180862,0.4674506242110302,0.052258971792452896,0.6038866989731426
COD10K-CAM-2-Terrestrial-25-Centipede-1663,0.06936057657003403,0.7830760941978486,0.6209684425912592,0.8087161126198054
COD10K-CAM-2-Terrestrial-26-Chameleon-1667,0.1612364649772644,0.6183057118530955,0.36640453735242284,0.6773832125597695
COD10K-CAM-2-Terrestrial-26-Chameleon-1670,0.0346439965069294,0.8253148082140123,0.5108261895340844,0.8783544213148338
COD10K-CAM-2-Terrestrial-26-Chameleon-1671,0.11108666658401489,0.6753916573129614,0.6282344176866639,0.6158989045829207
COD10K-CAM-2-Terrestrial-26-Chameleon-1676,0.02870788425207138,0.7159314235918408,0.2968462973739715,0.7653962720370053
COD10K-CAM-2-Terrestrial-26-Chameleon-1681,0.174996480345726,0.7003756115695373,0.6592455083355147,0.6133783643882911
COD10K-CAM-2-Terrestrial-26-Chameleon-1688,0.16211645305156708,0.588565341400894,0.28329622605112076,0.7570525104296935
COD10K-CAM-2-Terrestrial-26-Chameleon-1689,0.039725713431835175,0.8620829330470849,0.7333209320192223,0.9082271189401896
COD10K-CAM-2-Terrestrial-26-Chameleon-1692,0.1737736016511917,0.7009068403574772,0.6418218413979407,0.6193675807384584
COD10K-CAM-2-Terrestrial-26-Chameleon-1693,0.03938622400164604,0.6380278251621913,0.10016775129895224,0.6427577904073529
COD10K-CAM-2-Terrestrial-26-Chameleon-1696,0.02831815555691719,0.6309950427216237,0.13215514711648416,0.6468281548768584
COD10K-CAM-2-Terrestrial-26-Chameleon-1697,0.06623067706823349,0.6768020442487026,0.4853566697544614,0.8003982552374842
COD10K-CAM-2-Terrestrial-26-Chameleon-1698,0.08864279836416245,0.778494941764159,0.5212567992174326,0.8667415457980241
COD10K-CAM-2-Terrestrial-26-Chameleon-1699,0.11227331310510635,0.6019391174510658,0.4569344647096775,0.8358978010297927
COD10K-CAM-2-Terrestrial-26-Chameleon-1701,0.07257996499538422,0.590090938128445,0.30819156007886794,0.8227597932535238
COD10K-CAM-2-Terrestrial-26-Chameleon-1703,0.08779686689376831,0.7303967618296205,0.5516078740017316,0.7716735776014909
COD10K-CAM-2-Terrestrial-26-Chameleon-1705,0.060157034546136856,0.454210645049062,0.003978159798292924,0.7235453372735732
COD10K-CAM-2-Terrestrial-26-Chameleon-1706,0.18475468456745148,0.47463619373901894,0.06276549433216193,0.6852928556644606
COD10K-CAM-2-Terrestrial-26-Chameleon-1707,0.053992003202438354,0.6798472791161847,0.2882500073267294,0.79641304948347
COD10K-CAM-2-Terrestrial-26-Chameleon-1709,0.11396943032741547,0.4593371310372527,0.02731071244515774,0.7353576149726491
COD10K-CAM-2-Terrestrial-26-Chameleon-1711,0.030709441751241684,0.4904885293157015,0.10585477408545511,0.6254334833311843
COD10K-CAM-2-Terrestrial-26-Chameleon-1713,0.04643064737319946,0.7971573129247128,0.4854011503780973,0.7995527929186532
COD10K-CAM-2-Terrestrial-26-Chameleon-1716,0.049709562212228775,0.6563425505672537,0.5403221657671224,0.9109192112739801
COD10K-CAM-2-Terrestrial-26-Chameleon-1719,0.13211990892887115,0.5925837395694861,0.4615383025122027,0.6420298913917155
COD10K-CAM-2-Terrestrial-26-Chameleon-1722,0.03830403462052345,0.5828104123231569,0.10825565957863549,0.6136189303882715
COD10K-CAM-2-Terrestrial-26-Chameleon-1723,0.042595621198415756,0.8165704614942866,0.5479560450835606,0.8980016370626325
COD10K-CAM-2-Terrestrial-26-Chameleon-1727,0.07027412950992584,0.491384968665888,0.03513847286450023,0.37134739181084925
COD10K-CAM-2-Terrestrial-26-Chameleon-1730,0.1011061742901802,0.45903827929287144,0.08979422993278852,0.6119300808768431
COD10K-CAM-2-Terrestrial-26-Chameleon-1737,0.1412663757801056,0.5927708621583889,0.4581286915034709,0.532715085386571
COD10K-CAM-2-Terrestrial-27-Cheetah-1739,0.09900709986686707,0.6580576660180482,0.33515195680865056,0.8181662911391274
COD10K-CAM-2-Terrestrial-27-Cheetah-1742,0.06032535061240196,0.4584704830334984,0.02115922576595968,0.5337784673044259
COD10K-CAM-2-Terrestrial-27-Cheetah-1743,0.1531473994255066,0.5847896037126342,0.4488856232300356,0.6335491343995454
COD10K-CAM-2-Terrestrial-27-Cheetah-1745,0.06153441593050957,0.48019759691439456,0.042222994701521036,0.5532328487295715
COD10K-CAM-2-Terrestrial-27-Cheetah-1747,0.09214175492525101,0.4691843117942318,0.028423651615438743,0.34917524408208434
COD10K-CAM-2-Terrestrial-27-Cheetah-1750,0.030076924711465836,0.7220738455053894,0.4000780909141276,0.7788078340737985
COD10K-CAM-2-Terrestrial-27-Cheetah-1751,0.05385713651776314,0.7297438063407883,0.4536475623545396,0.7464345052942711
COD10K-CAM-2-Terrestrial-27-Cheetah-1753,0.06786821037530899,0.6695882643120492,0.3742079864876834,0.8551804705269368
COD10K-CAM-2-Terrestrial-27-Cheetah-1755,0.3416845202445984,0.5016632328595916,0.5137661991007336,0.41123094177877906
COD10K-CAM-2-Terrestrial-27-Cheetah-1756,0.12212703377008438,0.6101266020305827,0.44790544357963014,0.5244597413033826
COD10K-CAM-2-Terrestrial-28-Deer-1758,0.1691056489944458,0.48187278782346976,0.15250892428808518,0.6767997698581982
COD10K-CAM-2-Terrestrial-28-Deer-1760,0.13015292584896088,0.5104956834687139,0.376309506883687,0.42130727313035204
COD10K-CAM-2-Terrestrial-28-Deer-1761,0.024329088628292084,0.5779746855148972,0.14038744083108248,0.5287969586556658
COD10K-CAM-2-Terrestrial-28-Deer-1762,0.08308535069227219,0.701665263470395,0.5538062014995488,0.8071236731307534
COD10K-CAM-2-Terrestrial-28-Deer-1764,0.1099931001663208,0.5181448700305619,0.164810637045644,0.6118572412616102
COD10K-CAM-2-Terrestrial-28-Deer-1766,0.06635744124650955,0.4958817739283861,0.10426008512018625,0.3456912595680823
COD10K-CAM-2-Terrestrial-28-Deer-1767,0.07165361940860748,0.5255252490903111,0.12151208887563006,0.7291012799129947
COD10K-CAM-2-Terrestrial-28-Deer-1768,0.1206267699599266,0.7569275077180488,0.628340859779068,0.7170782133162071
COD10K-CAM-2-Terrestrial-28-Deer-1769,0.08177588135004044,0.5508387910814427,0.20591333772089515,0.5007353072072827
COD10K-CAM-2-Terrestrial-28-Deer-1772,0.049023114144802094,0.5546457131437799,0.10123575701621411,0.5405524919743032
COD10K-CAM-2-Terrestrial-28-Deer-1773,0.03768667206168175,0.7864289981520003,0.34398011512651133,0.8189359982017081
COD10K-CAM-2-Terrestrial-28-Deer-1775,0.07637116312980652,0.5068573210358908,0.08422089251664303,0.6677902724244946
COD10K-CAM-2-Terrestrial-28-Deer-1779,0.1518343836069107,0.6255709087806168,0.4901028816876849,0.6566086652468722
COD10K-CAM-2-Terrestrial-28-Deer-1784,0.01146472617983818,0.4947100770203052,0.020728444337455607,0.443830888905588
COD10K-CAM-2-Terrestrial-28-Deer-1785,0.14748437702655792,0.5095603886759245,0.24548033835089683,0.6116531459018619
COD10K-CAM-2-Terrestrial-28-Deer-1788,0.06843233853578568,0.449990801984036,0.0003473522745091243,0.51386950692298
COD10K-CAM-2-Terrestrial-28-Deer-1790,0.029980700463056564,0.496222231538476,0.0048970902659943,0.3895405586649484
COD10K-CAM-2-Terrestrial-28-Deer-1791,0.06619013845920563,0.4847575802788475,0.07325536467777956,0.7479220792445337
COD10K-CAM-2-Terrestrial-28-Deer-1792,0.04301247373223305,0.8173635154955056,0.45466895497424425,0.8552506449202036
COD10K-CAM-2-Terrestrial-28-Deer-1794,0.08501483500003815,0.4721588122245382,0.10206436549443533,0.7540775507514501
COD10K-CAM-2-Terrestrial-28-Deer-1795,0.008103519678115845,0.7755421705403946,0.2536770054465006,0.7683851767085979
COD10K-CAM-2-Terrestrial-28-Deer-1801,0.07037845253944397,0.4702738372437337,0.015207115626282535,0.33489501590655635
COD10K-CAM-2-Terrestrial-29-Dog-1804,0.22458039224147797,0.5084985943139696,0.43635272888714266,0.44175655982611806
COD10K-CAM-2-Terrestrial-29-Dog-1805,0.05858401954174042,0.869821404215965,0.780520982255837,0.8498482987668918
COD10K-CAM-2-Terrestrial-29-Dog-1814,0.01927516795694828,0.7415663927210374,0.2921007410012942,0.7386998459829356
COD10K-CAM-2-Terrestrial-29-Dog-1815,0.0712990015745163,0.6749899865418145,0.31987386608450236,0.6881617138163836
COD10K-CAM-2-Terrestrial-29-Dog-1816,0.046029236167669296,0.4909745588634113,0.06454619119985408,0.6854281412724469
COD10K-CAM-2-Terrestrial-29-Dog-1817,0.004377948120236397,0.5000489824199205,0.0013214032219432,0.2701697613896863
COD10K-CAM-2-Terrestrial-29-Dog-1820,0.005360749084502459,0.5147032730940497,0.014024601941814228,0.2605078820555299
COD10K-CAM-2-Terrestrial-29-Dog-1825,0.019265690818428993,0.634454712254893,0.466206317754258,0.8117227695491377
COD10K-CAM-2-Terrestrial-29-Dog-1827,0.010364239104092121,0.5303598898503615,0.02728732858728359,0.3848159374954879
COD10K-CAM-2-Terrestrial-29-Dog-1829,0.030177947133779526,0.876157972412099,0.5511878197647035,0.757903385152183
COD10K-CAM-2-Terrestrial-29-Dog-1830,0.061965327709913254,0.6292844508403544,0.31972686370374503,0.823390368636798
COD10K-CAM-2-Terrestrial-29-Dog-1831,0.02164861559867859,0.4790852457947248,0.01765316641750397,0.30671248359345227
COD10K-CAM-2-Terrestrial-29-Dog-1832,0.12817378342151642,0.5659978781596521,0.3343394844497822,0.4679342544128835
COD10K-CAM-2-Terrestrial-29-Dog-1834,0.07836753875017166,0.5989853013963335,0.21388975244123712,0.773700814286375
COD10K-CAM-2-Terrestrial-29-Dog-1835,0.003042922355234623,0.499138667233746,0.00011286147238270037,0.2506041877574301
COD10K-CAM-2-Terrestrial-29-Dog-1836,0.023714013397693634,0.6429151944503444,0.10491053518955358,0.6019627256987418
COD10K-CAM-2-Terrestrial-29-Dog-1837,0.06248398870229721,0.6172000601640084,0.1392343732133113,0.6313397221619723
COD10K-CAM-2-Terrestrial-29-Dog-1838,0.13391661643981934,0.43679006376790486,0.029439262858298787,0.7055044663130758
COD10K-CAM-2-Terrestrial-29-Dog-1840,0.057497259229421616,0.4589724965083957,0.00944229002055515,0.7031926059535637
COD10K-CAM-2-Terrestrial-29-Dog-1851,0.07631513476371765,0.49865702897243547,0.040457113423822424,0.5838727154195269
COD10K-CAM-2-Terrestrial-29-Dog-1853,0.04718948155641556,0.4679213659574305,0.005054184515214528,0.5857983649607112
COD10K-CAM-2-Terrestrial-29-Dog-1854,0.11098116636276245,0.44739982166201664,0.04253987556645743,0.2581619260106869
COD10K-CAM-2-Terrestrial-29-Dog-1856,0.013070189394056797,0.5027473575703545,0.004948180589933906,0.477272020028241
COD10K-CAM-2-Terrestrial-30-Duck-1862,0.023535961285233498,0.47643910314920984,0.004947230677265123,0.7878969472490887
COD10K-CAM-2-Terrestrial-30-Duck-1866,0.019428491592407227,0.5165748203981353,0.01564108215719597,0.5679817633832738
COD10K-CAM-2-Terrestrial-30-Duck-1868,0.06412509083747864,0.4733791270427351,0.039847151516903156,0.6991242435355762
COD10K-CAM-2-Terrestrial-30-Duck-1870,0.014275426045060158,0.5820335119572977,0.2083259127884032,0.4489751947113519
COD10K-CAM-2-Terrestrial-30-Duck-1871,0.01550210639834404,0.7627412559552277,0.2789343476816876,0.6113400382711083
COD10K-CAM-2-Terrestrial-30-Duck-1873,0.09552189707756042,0.48852574319314035,0.2126161931793092,0.40536668302709356
COD10K-CAM-2-Terrestrial-30-Duck-1876,0.04252873361110687,0.5685611091602639,0.14597326580539483,0.775964671444698
COD10K-CAM-2-Terrestrial-31-Gecko-1880,0.09529878199100494,0.7207272051491884,0.2977143657773633,0.7474484383222213
COD10K-CAM-2-Terrestrial-31-Gecko-1882,0.04991917312145233,0.8222234825916631,0.525285788963555,0.8781625578645785
COD10K-CAM-2-Terrestrial-31-Gecko-1888,0.13094238936901093,0.638827815760338,0.38680223841264594,0.7811700754847736
COD10K-CAM-2-Terrestrial-31-Gecko-1889,0.26436927914619446,0.6407746070581618,0.7313505058922136,0.5903110265953531
COD10K-CAM-2-Terrestrial-31-Gecko-1890,0.07761944830417633,0.7611119746583451,0.4418267970090825,0.8036214042868038
COD10K-CAM-2-Terrestrial-31-Gecko-1892,0.0737818256020546,0.6174656599996882,0.26207229379934915,0.7044072079052051
COD10K-CAM-2-Terrestrial-31-Gecko-1893,0.14532899856567383,0.4998112217888841,0.13248099483710818,0.704416716659465
COD10K-CAM-2-Terrestrial-31-Gecko-1895,0.10911507159471512,0.6253031016190643,0.25014514764820767,0.6705835330145362
COD10K-CAM-2-Terrestrial-31-Gecko-1901,0.08739135414361954,0.7922350826101638,0.7088399114536111,0.801715087389054
COD10K-CAM-2-Terrestrial-31-Gecko-1903,0.05040304735302925,0.7163983985449281,0.3673112301170651,0.8133271222498838
COD10K-CAM-2-Terrestrial-31-Gecko-1907,0.09347250312566757,0.6412325936274936,0.20619187147899704,0.7128166534368445
COD10K-CAM-2-Terrestrial-31-Gecko-1908,0.03091604635119438,0.7723341967978319,0.3473799762278817,0.8582600161341445
COD10K-CAM-2-Terrestrial-31-Gecko-1913,0.035520803183317184,0.7027626153869143,0.31943060631773407,0.678310810811049
COD10K-CAM-2-Terrestrial-31-Gecko-1917,0.135675311088562,0.6964573638614162,0.3326558426487527,0.7612227130082003
COD10K-CAM-2-Terrestrial-31-Gecko-1920,0.20488321781158447,0.6803572139251313,0.5371029862751465,0.6946651760388525
COD10K-CAM-2-Terrestrial-31-Gecko-1922,0.11704277247190475,0.4582331758511596,0.14230350629237357,0.5720873663731028
COD10K-CAM-2-Terrestrial-31-Gecko-1923,0.13758166134357452,0.6094228674522764,0.33148898152861667,0.6595472371092437
COD10K-CAM-2-Terrestrial-31-Gecko-1927,0.06633054465055466,0.7935018236167442,0.49459288628623216,0.8455232485922586
COD10K-CAM-2-Terrestrial-31-Gecko-1929,0.09814678877592087,0.7668323517801519,0.6854125669167979,0.7956471375202142
COD10K-CAM-2-Terrestrial-32-Giraffe-1932,0.08231737464666367,0.4406127336499457,0.0027564988235581653,0.6591727187645804
COD10K-CAM-2-Terrestrial-32-Giraffe-1934,0.09651916474103928,0.6253446000894641,0.3590716209095793,0.5635056884077408
COD10K-CAM-2-Terrestrial-32-Giraffe-1935,0.12945078313350677,0.7131778877499555,0.587737954338959,0.6846171369316951
COD10K-CAM-2-Terrestrial-32-Giraffe-1937,0.05348388850688934,0.49374605633072305,0.07912381750562664,0.2842598196570846
COD10K-CAM-2-Terrestrial-32-Giraffe-1940,0.13353216648101807,0.536205338580215,0.1978291177862797,0.6682151335230047
COD10K-CAM-2-Terrestrial-32-Giraffe-1941,0.0987873375415802,0.6092705817394147,0.3646061847253113,0.603574890744544
COD10K-CAM-2-Terrestrial-32-Giraffe-1942,0.0457766018807888,0.6803536017126806,0.3213074471849399,0.8139249140062612
COD10K-CAM-2-Terrestrial-32-Giraffe-1947,0.04485400393605232,0.7458161112416413,0.3960015558904418,0.8030825349020732
COD10K-CAM-2-Terrestrial-32-Giraffe-1950,0.033467866480350494,0.4903349001668684,0.04713056448244472,0.2645917963804161
COD10K-CAM-2-Terrestrial-33-Grouse-1952,0.04434395954012871,0.7506143894581054,0.4345003982969658,0.8065807263289599
COD10K-CAM-2-Terrestrial-33-Grouse-1954,0.03187153860926628,0.8290990998534686,0.4168056566496458,0.8050739863386445
COD10K-CAM-2-Terrestrial-33-Grouse-1958,0.045322075486183167,0.6738221904912097,0.22198062975390057,0.7382921073251221
COD10K-CAM-2-Terrestrial-33-Grouse-1959,0.11833082139492035,0.6803168424204059,0.3565579456180451,0.7771446676211263
COD10K-CAM-2-Terrestrial-33-Grouse-1961,0.029461994767189026,0.88591217506154,0.64868180711051,0.8843336001395421
COD10K-CAM-2-Terrestrial-33-Grouse-1962,0.04337485134601593,0.5001959031467123,0.034904123246633355,0.43787862502709424
COD10K-CAM-2-Terrestrial-33-Grouse-1966,0.052146684378385544,0.8876131450557943,0.7025352002545383,0.8873863109443518
COD10K-CAM-2-Terrestrial-34-Human-1970,0.22088630497455597,0.5400560923893944,0.5753991270752596,0.4876730417695206
COD10K-CAM-2-Terrestrial-34-Human-1973,0.09731106460094452,0.5817645733048028,0.33823489728029327,0.5811282146513987
COD10K-CAM-2-Terrestrial-34-Human-1975,0.025704191997647285,0.7561412069505713,0.4004577312363427,0.7557162213331239
COD10K-CAM-2-Terrestrial-34-Human-1978,0.05678970739245415,0.5068764561787353,0.17086419646121445,0.7440307433509525
COD10K-CAM-2-Terrestrial-34-Human-1980,0.03499921038746834,0.47399153432732943,0.007618340303166197,0.5944889750443185
COD10K-CAM-2-Terrestrial-34-Human-1983,0.049774132668972015,0.5831089865810352,0.10232290210532782,0.6505652670143189
COD10K-CAM-2-Terrestrial-34-Human-1985,0.026989711448550224,0.47508195342838966,0.0019273000813182894,0.5848154105454069
COD10K-CAM-2-Terrestrial-34-Human-1987,0.0897439643740654,0.5714275092261483,0.2153933382168865,0.5838934486124641
COD10K-CAM-2-Terrestrial-34-Human-1990,0.057147763669490814,0.453817280728032,0.005596813480689886,0.8239851447553761
COD10K-CAM-2-Terrestrial-34-Human-1991,0.06339915096759796,0.47330793745990585,0.03562245211573975,0.2604806516953566
COD10K-CAM-2-Terrestrial-34-Human-1992,0.057538893073797226,0.5728267792240491,0.15058759952757764,0.7289782240336562
COD10K-CAM-2-Terrestrial-34-Human-1993,0.021434910595417023,0.7929412566355868,0.3846965067974399,0.8309672753287722
COD10K-CAM-2-Terrestrial-34-Human-1996,0.09810332953929901,0.548049368681025,0.2507410224452595,0.5139288234526037
COD10K-CAM-2-Terrestrial-34-Human-1997,0.12634392082691193,0.642955475528965,0.6322583745508079,0.5953821906900532
COD10K-CAM-2-Terrestrial-34-Human-1998,0.012032730504870415,0.6647173085300959,0.1379806607349716,0.675367781795331
COD10K-CAM-2-Terrestrial-34-Human-2000,0.15862210094928741,0.44576003271662723,0.11536458604190998,0.43747963640337156
COD10K-CAM-2-Terrestrial-34-Human-2007,0.03617288917303085,0.6993750714087783,0.40302162932365676,0.878498241219738
COD10K-CAM-2-Terrestrial-34-Human-2010,0.009519134648144245,0.4967898781734618,0.0031018445361455974,0.31762947495593874
COD10K-CAM-2-Terrestrial-34-Human-2012,0.26097288727760315,0.544671485647851,0.5482107454890176,0.4490134407242633
COD10K-CAM-2-Terrestrial-34-Human-2013,0.09223120659589767,0.5960775469870454,0.29292628835129997,0.5558308670299925
COD10K-CAM-2-Terrestrial-34-Human-2014,0.455846905708313,0.3170040779802454,0.23872559735777688,0.29801298262569864
COD10K-CAM-2-Terrestrial-34-Human-2017,0.04726789519190788,0.8535499541356735,0.6062324872964019,0.7605238960515642
COD10K-CAM-2-Terrestrial-34-Human-2018,0.17995131015777588,0.48766415718227707,0.4521170390068291,0.4131559914280491
COD10K-CAM-2-Terrestrial-34-Human-2028,0.11542379856109619,0.6733268415962925,0.4211520774558798,0.7811973001191638
COD10K-CAM-2-Terrestrial-34-Human-2031,0.03973042219877243,0.6908758171497109,0.38054799196750694,0.7354065977107567
COD10K-CAM-2-Terrestrial-34-Human-2034,0.20698846876621246,0.5076237544060156,0.32058988627697915,0.6822342119261986
COD10K-CAM-2-Terrestrial-34-Human-2035,0.1365257352590561,0.7274168098727556,0.6307459847360896,0.7704565945414108
COD10K-CAM-2-Terrestrial-34-Human-2037,0.2575291693210602,0.37930965627653696,0.12248793391538931,0.28920783711480536
COD10K-CAM-2-Terrestrial-34-Human-2039,0.11021818220615387,0.6243277749967302,0.5148184691387572,0.5921834014261077
COD10K-CAM-2-Terrestrial-34-Human-2045,0.028049593791365623,0.8262061974694122,0.511341884032365,0.8775893985676657
COD10K-CAM-2-Terrestrial-35-Kangaroo-2049,0.06697092205286026,0.6599819265006822,0.2714447873083783,0.793214437683799
COD10K-CAM-2-Terrestrial-35-Kangaroo-2050,0.024785403162240982,0.5054270657459076,0.04025027729353598,0.5210640344618456
COD10K-CAM-2-Terrestrial-35-Kangaroo-2053,0.1098233088850975,0.5359839591576814,0.151930245264654,0.7363656862393602
COD10K-CAM-2-Terrestrial-36-Leopard-2059,0.17029370367527008,0.6696120184963272,0.6488418886623022,0.7234615838082687
COD10K-CAM-2-Terrestrial-36-Leopard-2061,0.08033792674541473,0.44618224004332574,0.0006768687515822116,0.4256726573510811
COD10K-CAM-2-Terrestrial-36-Leopard-2063,0.07611553370952606,0.7193959801656475,0.36168073881199103,0.7785959736728002
COD10K-CAM-2-Terrestrial-36-Leopard-2064,0.07082955539226532,0.615030441214404,0.18537896083950367,0.5894402751506229
COD10K-CAM-2-Terrestrial-36-Leopard-2066,0.05426346883177757,0.7046170038906434,0.3286113872768075,0.7609868727493717
COD10K-CAM-2-Terrestrial-36-Leopard-2067,0.0375877283513546,0.6320617792293063,0.2537432666205375,0.7954424737851694
COD10K-CAM-2-Terrestrial-36-Leopard-2068,0.041499923914670944,0.6954741567847085,0.2580056735043928,0.7622641408963343
COD10K-CAM-2-Terrestrial-36-Leopard-2070,0.10344423353672028,0.5530668739683691,0.12134434477292962,0.4665691274113704
COD10K-CAM-2-Terrestrial-36-Leopard-2071,0.029097260907292366,0.4863082825497939,0.0034431215560667607,0.4638300333920322
COD10K-CAM-2-Terrestrial-36-Leopard-2072,0.02997002564370632,0.6262675227432994,0.38494378376312116,0.695860960528403
COD10K-CAM-2-Terrestrial-36-Leopard-2073,0.07672038674354553,0.4936345997341987,0.12488142184550671,0.8088309867651109
COD10K-CAM-2-Terrestrial-36-Leopard-2076,0.17947283387184143,0.5487449753511171,0.17677592221724497,0.5374127359851206
COD10K-CAM-2-Terrestrial-36-Leopard-2077,0.04141514375805855,0.7417067811803166,0.45561824232259435,0.8763361066331672
COD10K-CAM-2-Terrestrial-36-Leopard-2079,0.0709877610206604,0.7531971362920372,0.5061615201779308,0.8531320088128214
COD10K-CAM-2-Terrestrial-36-Leopard-2082,0.10695984959602356,0.6057834552036933,0.38024811198954084,0.7154649963203328
COD10K-CAM-2-Terrestrial-36-Leopard-2088,0.13314169645309448,0.571828667979128,0.20592990409300052,0.7775756857389536
COD10K-CAM-2-Terrestrial-36-Leopard-2089,0.09359313547611237,0.6872334089646106,0.31588160520501685,0.7440676746115318
COD10K-CAM-2-Terrestrial-36-Leopard-2090,0.042165834456682205,0.618385450221871,0.2116558908308929,0.8111116835427672
COD10K-CAM-2-Terrestrial-36-Leopard-2092,0.10602214932441711,0.7703200014711156,0.6445024387980375,0.7614724120897196
COD10K-CAM-2-Terrestrial-36-Leopard-2101,0.05449152737855911,0.8278387569361838,0.56433750080274,0.8869591825930419
COD10K-CAM-2-Terrestrial-36-Leopard-2103,0.06298636645078659,0.8257608867656514,0.6546726178988678,0.8617887277231577
COD10K-CAM-2-Terrestrial-36-Leopard-2104,0.03795815259218216,0.7349905928837857,0.40620085277031864,0.7825862046333528
COD10K-CAM-2-Terrestrial-37-Lion-2105,0.0823822021484375,0.49525375650396114,0.08067867473980392,0.5605554035364736
COD10K-CAM-2-Terrestrial-37-Lion-2107,0.10297095775604248,0.5543470253111998,0.24391225022241758,0.7685107333531331
COD10K-CAM-2-Terrestrial-37-Lion-2109,0.07410410046577454,0.783163240220131,0.5229891452851372,0.8455318286850785
COD10K-CAM-2-Terrestrial-37-Lion-2112,0.011575722135603428,0.5173434521232974,0.00939715424726124,0.3826722267682937
COD10K-CAM-2-Terrestrial-37-Lion-2113,0.027569357305765152,0.7963426810629729,0.4035956664687522,0.8445174734781649
COD10K-CAM-2-Terrestrial-38-Lizard-2119,0.055748552083969116,0.719180576769048,0.268667652067777,0.7587264285681241
COD10K-CAM-2-Terrestrial-38-Lizard-2125,0.0535120889544487,0.6402109303757016,0.338564656755056,0.6617388049103609
COD10K-CAM-2-Terrestrial-38-Lizard-2126,0.06345593184232712,0.6963177132709515,0.40607780201632754,0.8698721220720177
COD10K-CAM-2-Terrestrial-38-Lizard-2132,0.06141071021556854,0.6253480109895785,0.3356707556667074,0.7517136998184519
COD10K-CAM-2-Terrestrial-38-Lizard-2135,0.0441230908036232,0.715761760591007,0.34235850883290514,0.8167240819959112
COD10K-CAM-2-Terrestrial-38-Lizard-2138,0.04512137919664383,0.6082415845828879,0.2705092095320988,0.845829250861059
COD10K-CAM-2-Terrestrial-38-Lizard-2141,0.062213461846113205,0.7304394447282121,0.5309064012044913,0.8720870722995888
COD10K-CAM-2-Terrestrial-38-Lizard-2142,0.136684849858284,0.6293863708411768,0.22312488798780597,0.6898024566271381
COD10K-CAM-2-Terrestrial-38-Lizard-2149,0.033857762813568115,0.6034554201312234,0.09639249031176511,0.7177708611624916
COD10K-CAM-2-Terrestrial-38-Lizard-2150,0.03346249461174011,0.7040726045444087,0.2053845142526824,0.7270002939473803
COD10K-CAM-2-Terrestrial-38-Lizard-2151,0.14721174538135529,0.6334524965307988,0.43513818049417086,0.7946379946079447
COD10K-CAM-2-Terrestrial-38-Lizard-2153,0.07706698030233383,0.6297678127583286,0.3920114190307102,0.6936795248249009
COD10K-CAM-2-Terrestrial-38-Lizard-2155,0.08739548921585083,0.6322284077193412,0.2025309691102312,0.6749109536748039
COD10K-CAM-2-Terrestrial-38-Lizard-2161,0.07574930042028427,0.6788024614050145,0.3888824230260537,0.838357553827575
COD10K-CAM-2-Terrestrial-38-Lizard-2165,0.06974329799413681,0.5638168268178961,0.1846351633769567,0.6574263877036869
COD10K-CAM-2-Terrestrial-38-Lizard-2166,0.2077113687992096,0.6566452552599791,0.720009680171648,0.6916164230254218
COD10K-CAM-2-Terrestrial-38-Lizard-2167,0.1769094616174698,0.6245621845116259,0.603962960372455,0.6973104706996757
COD10K-CAM-2-Terrestrial-38-Lizard-2172,0.0839909091591835,0.5246738541267214,0.22447413641365252,0.540750269100237
COD10K-CAM-2-Terrestrial-38-Lizard-2173,0.13044647872447968,0.6173917222730323,0.4678938593667202,0.6619054078673372
COD10K-CAM-2-Terrestrial-38-Lizard-2176,0.06433245539665222,0.5041637904248726,0.06946572953894696,0.5897447567870523
COD10K-CAM-2-Terrestrial-38-Lizard-2178,0.03903893381357193,0.8785647232831191,0.6298086970450746,0.916868398312006
COD10K-CAM-2-Terrestrial-38-Lizard-2179,0.07420381903648376,0.8070456361170909,0.569325559515978,0.8815265570896778
COD10K-CAM-2-Terrestrial-38-Lizard-2180,0.050206515938043594,0.4768501954862157,0.023403351402348168,0.2666770093145665
COD10K-CAM-2-Terrestrial-38-Lizard-2183,0.0358816534280777,0.8917633012786201,0.7585946509050676,0.9334306240383499
COD10K-CAM-2-Terrestrial-38-Lizard-2185,0.07303763926029205,0.6607793894187655,0.47183983705403837,0.7873636376533434
COD10K-CAM-2-Terrestrial-38-Lizard-2190,0.048506323248147964,0.4804334605844946,0.017184326106254946,0.35794828967718406
COD10K-CAM-2-Terrestrial-38-Lizard-2194,0.060223378241062164,0.8106535088039313,0.44937246653696017,0.834763106863635
COD10K-CAM-2-Terrestrial-38-Lizard-2195,0.14361456036567688,0.5348254128815612,0.11307330725644164,0.5374375550836729
COD10K-CAM-2-Terrestrial-38-Lizard-2197,0.05629950389266014,0.5135535109043132,0.09535592690487064,0.6566538691938657
COD10K-CAM-2-Terrestrial-38-Lizard-2201,0.05795195698738098,0.577260428780545,0.17246732993202885,0.5808648758224304
COD10K-CAM-2-Terrestrial-38-Lizard-2202,0.0725867748260498,0.6665894454883776,0.3387764865140349,0.8133530649946576
COD10K-CAM-2-Terrestrial-38-Lizard-2204,0.017847642302513123,0.6754091762442562,0.3085203992918668,0.830030692917381
COD10K-CAM-2-Terrestrial-38-Lizard-2205,0.1127324178814888,0.5594043905608875,0.11066913466621894,0.46361396325108334
COD10K-CAM-2-Terrestrial-38-Lizard-2212,0.053292907774448395,0.6685896853055093,0.3487529769483104,0.8291160416474017
COD10K-CAM-2-Terrestrial-38-Lizard-2213,0.032992374151945114,0.6810060146561242,0.25972588660410273,0.8094374970610787
COD10K-CAM-2-Terrestrial-38-Lizard-2216,0.04726897552609444,0.4727645528148126,0.005333838744049829,0.5025271831781928
COD10K-CAM-2-Terrestrial-38-Lizard-2217,0.02038700319826603,0.6208558990714851,0.12143529104530562,0.6197717517399047
COD10K-CAM-2-Terrestrial-38-Lizard-2218,0.11376440525054932,0.5833318148649527,0.37824307629724846,0.545632480493157
COD10K-CAM-2-Terrestrial-38-Lizard-2220,0.13264916837215424,0.6237386116240471,0.36524300323403686,0.7578313680727102
COD10K-CAM-2-Terrestrial-38-Lizard-2224,0.1217937171459198,0.5374028549814845,0.07726593383896228,0.48598886887792314
COD10K-CAM-2-Terrestrial-38-Lizard-2225,0.07750733196735382,0.7460957099914071,0.48032611107049183,0.827941641368288
COD10K-CAM-2-Terrestrial-38-Lizard-2229,0.15941861271858215,0.6084622092957386,0.2568153119559726,0.7224035384987917
COD10K-CAM-2-Terrestrial-38-Lizard-2231,0.07394967973232269,0.6773020349073686,0.28923705607195294,0.8115411257045162
COD10K-CAM-2-Terrestrial-38-Lizard-2232,0.10833614319562912,0.5423841287880447,0.1575378284194706,0.7654206964490895
COD10K-CAM-2-Terrestrial-38-Lizard-2233,0.0132437814027071,0.7432700317556633,0.20042680755547443,0.7182916948420115
COD10K-CAM-2-Terrestrial-38-Lizard-2235,0.15078304708003998,0.7697968021172701,0.809563598775257,0.7418213581100956
COD10K-CAM-2-Terrestrial-38-Lizard-2240,0.023892324417829514,0.8297650611972168,0.5219641930735891,0.9077839379454045
COD10K-CAM-2-Terrestrial-38-Lizard-2241,0.15133799612522125,0.4459795482680268,0.12592018237768748,0.714947707365611
COD10K-CAM-2-Terrestrial-38-Lizard-2243,0.06396107375621796,0.5512986443959295,0.21977160734065787,0.35916261243753866
COD10K-CAM-2-Terrestrial-38-Lizard-2244,0.07191077619791031,0.6043905267383017,0.21178895766867367,0.6473485266490389
COD10K-CAM-2-Terrestrial-38-Lizard-2245,0.031631674617528915,0.4981656172038912,0.04578357617556962,0.4060634353638354
COD10K-CAM-2-Terrestrial-38-Lizard-2248,0.1201983317732811,0.7027064507876049,0.6447806384372029,0.7320143899557192
COD10K-CAM-2-Terrestrial-38-Lizard-2251,0.0628214105963707,0.8150688661009475,0.7023179955853676,0.8522486636813553
COD10K-CAM-2-Terrestrial-38-Lizard-2256,0.07398703694343567,0.5623889546477533,0.18555989791602195,0.603068815325589
COD10K-CAM-2-Terrestrial-38-Lizard-2261,0.05126027390360832,0.5785116060764484,0.10926142180304806,0.5147869400481366
COD10K-CAM-2-Terrestrial-38-Lizard-2264,0.13639092445373535,0.6589150718902993,0.5699152212285936,0.6767795060751328
COD10K-CAM-2-Terrestrial-38-Lizard-2266,0.04916331544518471,0.6843113555144531,0.2588591719961896,0.7468815058178586
COD10K-CAM-2-Terrestrial-38-Lizard-2273,0.05443303659558296,0.5316704173853405,0.024812276096223516,0.3136963939768634
COD10K-CAM-2-Terrestrial-38-Lizard-2276,0.055763375014066696,0.6811162938095975,0.2560803537507536,0.6911899937156842
COD10K-CAM-2-Terrestrial-38-Lizard-2278,0.1082783117890358,0.6643069774699666,0.250215255882924,0.7138773308089
COD10K-CAM-2-Terrestrial-38-Lizard-2279,0.057067591696977615,0.6150817469549846,0.1638097663177769,0.622427357036694
COD10K-CAM-2-Terrestrial-38-Lizard-2282,0.0441674143075943,0.6980332010166282,0.31439349553985985,0.8352358628592994
COD10K-CAM-2-Terrestrial-38-Lizard-2285,0.01711813174188137,0.5307489572970064,0.06407885139968077,0.44988577370199
COD10K-CAM-2-Terrestrial-38-Lizard-2286,0.025341276079416275,0.5455740590124141,0.07645093072355738,0.5229682941375147
COD10K-CAM-2-Terrestrial-38-Lizard-2288,0.022296780720353127,0.5630716915918893,0.08349180510136006,0.5047896158920488
COD10K-CAM-2-Terrestrial-38-Lizard-2291,0.02478865720331669,0.6078448017903635,0.11102794201824566,0.7151674229341256
COD10K-CAM-2-Terrestrial-38-Lizard-2294,0.043959565460681915,0.6339880886240894,0.2717205505706644,0.8374083451899417
COD10K-CAM-2-Terrestrial-38-Lizard-2295,0.08405907452106476,0.5031861793143205,0.09611082875637401,0.6076966860935811
COD10K-CAM-2-Terrestrial-38-Lizard-2304,0.039553649723529816,0.8536326984889657,0.6271663024267433,0.8563876677911949
COD10K-CAM-2-Terrestrial-38-Lizard-2307,0.056892044842243195,0.654903917117258,0.4580704870596144,0.849647235601511
COD10K-CAM-2-Terrestrial-38-Lizard-2308,0.036651309579610825,0.688937266733304,0.27990999027693003,0.7693432770496214
COD10K-CAM-2-Terrestrial-38-Lizard-2309,0.04571438953280449,0.5936285069852992,0.18439768347229235,0.6478874364179021
COD10K-CAM-2-Terrestrial-38-Lizard-2315,0.09240901470184326,0.8026183223126668,0.530757238470924,0.8458204779979598
COD10K-CAM-2-Terrestrial-38-Lizard-2316,0.18875393271446228,0.6134606330026443,0.5452295413958221,0.5472958921368434
COD10K-CAM-2-Terrestrial-38-Lizard-2319,0.06492792814970016,0.6526194887469916,0.4203465706015886,0.7553568645361715
COD10K-CAM-2-Terrestrial-38-Lizard-2324,0.06173049286007881,0.834509455544858,0.6807769388361019,0.9130098689314521
COD10K-CAM-2-Terrestrial-38-Lizard-2326,0.19515933096408844,0.5257287577174102,0.5009366139140786,0.4594151698027745
COD10K-CAM-2-Terrestrial-39-Monkey-2333,0.11217930167913437,0.7071157942538344,0.5693452669176047,0.5950427567967845
COD10K-CAM-2-Terrestrial-39-Monkey-2338,0.07677199691534042,0.5217120061614358,0.11364574670672331,0.6858245014439475
COD10K-CAM-2-Terrestrial-40-Rabbit-2339,0.07111441344022751,0.6856369378855374,0.23729128018565201,0.726971742829129
COD10K-CAM-2-Terrestrial-40-Rabbit-2340,0.041428592056035995,0.5292879641182828,0.06845666269038413,0.6005890887741443
COD10K-CAM-2-Terrestrial-40-Rabbit-2341,0.03092224709689617,0.6378004977150226,0.28231705290056747,0.8540153705108824
COD10K-CAM-2-Terrestrial-40-Rabbit-2344,0.04149412363767624,0.8868285958931779,0.7988947860054081,0.8733394298676004
COD10K-CAM-2-Terrestrial-40-Rabbit-2346,0.02513044700026512,0.5745633178882035,0.14736901654091317,0.6010184706328012
COD10K-CAM-2-Terrestrial-40-Rabbit-2347,0.02450985088944435,0.802663189087055,0.4688088576002976,0.8840761470950439
COD10K-CAM-2-Terrestrial-40-Rabbit-2348,0.015581750310957432,0.6413907597507951,0.14873739453317458,0.44905989070735775
COD10K-CAM-2-Terrestrial-40-Rabbit-2351,0.11002575606107712,0.6221760708634811,0.4122849692452582,0.5800238489230327
COD10K-CAM-2-Terrestrial-40-Rabbit-2352,0.07413005083799362,0.4935941371704863,0.07063253170098474,0.49307322100062423
COD10K-CAM-2-Terrestrial-40-Rabbit-2356,0.16084814071655273,0.4820516309659367,0.20542903848263439,0.5712108982427304
COD10K-CAM-2-Terrestrial-40-Rabbit-2358,0.03567950055003166,0.658715908497918,0.25499609192270667,0.6976393674486996
COD10K-CAM-2-Terrestrial-40-Rabbit-2360,0.01603678986430168,0.685175172551193,0.2926682796900885,0.784494195539367
COD10K-CAM-2-Terrestrial-40-Rabbit-2366,0.41420242190361023,0.2997510872465933,0.09605983681975451,0.26360239356612897
COD10K-CAM-2-Terrestrial-40-Rabbit-2368,0.03384906053543091,0.5508685778195079,0.13033155277330757,0.6349569200024193
COD10K-CAM-2-Terrestrial-40-Rabbit-2369,0.05971631035208702,0.8748741764058254,0.7969008688797767,0.8713586221964849
COD10K-CAM-2-Terrestrial-40-Rabbit-2371,0.04049130901694298,0.6937710058598351,0.41201084747292577,0.848575536844778
COD10K-CAM-2-Terrestrial-40-Rabbit-2373,0.06007619947195053,0.5741795583776289,0.2356844502108635,0.7634942466026289
COD10K-CAM-2-Terrestrial-41-Reccoon-2374,0.033503830432891846,0.4707939958447344,0.0016363507648561692,0.6621945722875482
COD10K-CAM-2-Terrestrial-41-Reccoon-2375,0.0303873922675848,0.5387655846225744,0.12604409005228648,0.7866896663762082
COD10K-CAM-2-Terrestrial-42-Sciuridae-2379,0.07391035556793213,0.4579206135542305,0.004472967449340157,0.512489188362887
COD10K-CAM-2-Terrestrial-42-Sciuridae-2380,0.10719776153564453,0.4430587745629466,0.010627822672514432,0.4247004532924905
COD10K-CAM-2-Terrestrial-42-Sciuridae-2382,0.06486187130212784,0.7185985224649987,0.35733545158483565,0.8106330102737058
COD10K-CAM-2-Terrestrial-42-Sciuridae-2383,0.10460473597049713,0.7910812193813219,0.5538190796235852,0.8428968593907707
COD10K-CAM-2-Terrestrial-42-Sciuridae-2384,0.022057875990867615,0.7505459350519456,0.3838274501015948,0.7794615899166354
COD10K-CAM-2-Terrestrial-42-Sciuridae-2386,0.11351383477449417,0.5820547012083558,0.5413101090656326,0.5306518293419438
COD10K-CAM-2-Terrestrial-42-Sciuridae-2395,0.034583933651447296,0.5438040878385,0.07066031581655942,0.4034459913603893
COD10K-CAM-2-Terrestrial-42-Sciuridae-2397,0.053348470479249954,0.8625311800883855,0.631742548266438,0.8964667624826667
COD10K-CAM-2-Terrestrial-42-Sciuridae-2400,0.07369077205657959,0.7018934349832124,0.2798994686706837,0.7365788994806246
COD10K-CAM-2-Terrestrial-42-Sciuridae-2401,0.11354726552963257,0.4614582382625246,0.06544572991744516,0.6849009928936677
COD10K-CAM-2-Terrestrial-42-Sciuridae-2402,0.06343657523393631,0.6666460122580908,0.6122248331689929,0.5844331671315195
COD10K-CAM-2-Terrestrial-42-Sciuridae-2407,0.1276988536119461,0.5782687704451844,0.2501079641547021,0.5940171243432922
COD10K-CAM-2-Terrestrial-42-Sciuridae-2408,0.029183266684412956,0.8033677799139531,0.4584130581203259,0.8257837372636045
COD10K-CAM-2-Terrestrial-42-Sciuridae-2410,0.06140539422631264,0.4856701478653343,0.060041405108601495,0.6212662569143164
COD10K-CAM-2-Terrestrial-42-Sciuridae-2413,0.09988661110401154,0.4891420760506912,0.04262247580380357,0.39699921441427705
COD10K-CAM-2-Terrestrial-42-Sciuridae-2418,0.09404294192790985,0.6188019279521697,0.23511818887981048,0.655278138247106
COD10K-CAM-2-Terrestrial-43-Sheep-2422,0.02152298018336296,0.4825823825278475,0.0011395595635176777,0.37327213798089204
COD10K-CAM-2-Terrestrial-44-Snake-2424,0.030113259330391884,0.4752504350417027,0.0004483152891055445,0.3376845021143123
COD10K-CAM-2-Terrestrial-44-Snake-2434,0.19950608909130096,0.5496495758876312,0.4475354920010712,0.6392424272752655
COD10K-CAM-2-Terrestrial-44-Snake-2437,0.08871971815824509,0.5180255026682397,0.1533478726762856,0.6887873709056305
COD10K-CAM-2-Terrestrial-44-Snake-2440,0.04007464274764061,0.5356389903764103,0.197242034626672,0.48499744462320166
COD10K-CAM-2-Terrestrial-44-Snake-2444,0.07350584119558334,0.5085299779280927,0.11040592451744942,0.5981659877760512
COD10K-CAM-2-Terrestrial-44-Snake-2448,0.054405223578214645,0.4801961310750155,0.055498378382063,0.3774143985299407
COD10K-CAM-2-Terrestrial-44-Snake-2449,0.052159350365400314,0.7506668073439958,0.520314296479154,0.7240703087144207
COD10K-CAM-2-Terrestrial-44-Snake-2451,0.04422145336866379,0.5738375474860602,0.1477079154481918,0.7493575580860876
COD10K-CAM-2-Terrestrial-44-Snake-2452,0.11803722381591797,0.6416368742102505,0.5048838973333618,0.8098981220735685
COD10K-CAM-2-Terrestrial-44-Snake-2453,0.17603012919425964,0.6298794838080487,0.7086491281492495,0.6259481043390236
COD10K-CAM-2-Terrestrial-44-Snake-2454,0.06614729762077332,0.45060036369380707,0.01187734115840173,0.7586674492827097
COD10K-CAM-2-Terrestrial-44-Snake-2456,0.04151942580938339,0.5012096207832424,0.08375839645106878,0.7692184370992351
COD10K-CAM-2-Terrestrial-44-Snake-2458,0.09106554836034775,0.588464522808301,0.1886197498544149,0.7104958504125525
COD10K-CAM-2-Terrestrial-44-Snake-2461,0.21688875555992126,0.5395582797975375,0.5821159736025764,0.5450617106439337
COD10K-CAM-2-Terrestrial-44-Snake-2465,0.09458538889884949,0.6078957438386993,0.2910714944806231,0.8402731412852176
COD10K-CAM-2-Terrestrial-44-Snake-2466,0.07433068007230759,0.8789838869773654,0.6357968654079231,0.8724269408657769
COD10K-CAM-2-Terrestrial-44-Snake-2467,0.20682120323181152,0.5899470839909603,0.47439963991120826,0.538652131034326
COD10K-CAM-2-Terrestrial-44-Snake-2471,0.16260060667991638,0.4952383662263621,0.21934289431784876,0.6901701670191294
COD10K-CAM-2-Terrestrial-44-Snake-2472,0.05881427973508835,0.6318503624963013,0.31357089939526334,0.7253726744811233
COD10K-CAM-2-Terrestrial-44-Snake-2474,0.10532497614622116,0.559490183722922,0.35283114148941014,0.5274749889082033
COD10K-CAM-2-Terrestrial-44-Snake-2476,0.20047850906848907,0.5227946026580225,0.2672393319934624,0.679119105168735
COD10K-CAM-2-Terrestrial-44-Snake-2479,0.06212951987981796,0.8023377971463044,0.6489451453100654,0.8541379286611425
COD10K-CAM-2-Terrestrial-44-Snake-2481,0.12382989376783371,0.45046839780632436,0.010781820303063122,0.4503143359904775
COD10K-CAM-2-Terrestrial-44-Snake-2482,0.20215727388858795,0.5725207605960339,0.39772071129081604,0.643462718855801
COD10K-CAM-2-Terrestrial-44-Snake-2484,0.13165903091430664,0.6551757353385932,0.5062822272115647,0.8062126316204151
COD10K-CAM-2-Terrestrial-44-Snake-2485,0.08221554011106491,0.6879086091661308,0.2910074415989702,0.8198614917105136
COD10K-CAM-2-Terrestrial-44-Snake-2491,0.041309624910354614,0.7180372717646681,0.23896454600918401,0.7308224772675245
COD10K-CAM-2-Terrestrial-44-Snake-2492,0.1057092621922493,0.6636441108685023,0.3018585255045407,0.7100369032778318
COD10K-CAM-2-Terrestrial-45-Spider-2494,0.07443105429410934,0.6879157873862918,0.37010164127408945,0.8461086805803266
COD10K-CAM-2-Terrestrial-45-Spider-2498,0.0825648084282875,0.6040974348183128,0.3061603382059018,0.513283005010278
COD10K-CAM-2-Terrestrial-45-Spider-2501,0.16525153815746307,0.47145867118877416,0.12496312708625044,0.6390239683125918
COD10K-CAM-2-Terrestrial-45-Spider-2506,0.06225945055484772,0.7647003834144654,0.32743692054461704,0.8286013782831424
COD10K-CAM-2-Terrestrial-45-Spider-2508,0.03930078074336052,0.9255685650153144,0.7561580730078378,0.9342101169545596
COD10K-CAM-2-Terrestrial-45-Spider-2510,0.10213403403759003,0.6106330096419308,0.21875250823225345,0.6898187546986108
COD10K-CAM-2-Terrestrial-45-Spider-2511,0.07683958113193512,0.8042068728534428,0.6177749090763384,0.8178123264511823
COD10K-CAM-2-Terrestrial-45-Spider-2514,0.08463738858699799,0.7252294172630007,0.4193444576394982,0.8332369249776929
COD10K-CAM-2-Terrestrial-45-Spider-2519,0.07397095859050751,0.6879561143272875,0.34645653316076974,0.8128382072537625
COD10K-CAM-2-Terrestrial-45-Spider-2520,0.05723429471254349,0.5673313445690524,0.12685631643428552,0.706731597401287
COD10K-CAM-2-Terrestrial-45-Spider-2524,0.07312320172786713,0.6431945953813634,0.27139007419714845,0.8333252595406826
COD10K-CAM-2-Terrestrial-45-Spider-2526,0.08203442394733429,0.6536642496050404,0.6416282081149678,0.7012243655667774
COD10K-CAM-2-Terrestrial-45-Spider-2527,0.07624927163124084,0.7863182761929417,0.5531996030356111,0.8256039386981038
COD10K-CAM-2-Terrestrial-45-Spider-2529,0.16351915895938873,0.6110986388216691,0.48784052558831514,0.6645712954899454
COD10K-CAM-2-Terrestrial-45-Spider-2531,0.08755867183208466,0.6279070580945114,0.08957391120865021,0.4635640639321298
COD10K-CAM-2-Terrestrial-45-Spider-2532,0.10624068975448608,0.5938791726111947,0.14016922806723914,0.5073183572834727
COD10K-CAM-2-Terrestrial-45-Spider-2534,0.06631334125995636,0.504065003940458,0.04398714678299134,0.46396637568670696
COD10K-CAM-2-Terrestrial-45-Spider-2535,0.024068599566817284,0.5020727351915768,0.019985100882025948,0.27043688598410465
COD10K-CAM-2-Terrestrial-45-Spider-2538,0.0613844133913517,0.6547193515421963,0.21389727294228786,0.712648051659445
COD10K-CAM-2-Terrestrial-45-Spider-2540,0.14179731905460358,0.4336203250366374,0.05818740320793068,0.7808428446147905
COD10K-CAM-2-Terrestrial-45-Spider-2544,0.07414422929286957,0.6097750083317375,0.25218883196091485,0.5041208909795228
COD10K-CAM-2-Terrestrial-45-Spider-2551,0.14390970766544342,0.5822178591314271,0.32089102286640414,0.743779050140677
COD10K-CAM-2-Terrestrial-45-Spider-2552,0.03103157877922058,0.7462199613396612,0.37974781770780586,0.8745216289596953
COD10K-CAM-2-Terrestrial-45-Spider-2553,0.08636946976184845,0.7273404882380128,0.39396077746935837,0.8111603150207933
COD10K-CAM-2-Terrestrial-45-Spider-2554,0.11596526205539703,0.6233425761779257,0.494565184833633,0.7277726869350951
COD10K-CAM-2-Terrestrial-45-Spider-2566,0.08838994055986404,0.70821447821317,0.48988892953329766,0.8120363969607012
COD10K-CAM-2-Terrestrial-45-Spider-2567,0.17523635923862457,0.5892340683511914,0.6480626966637834,0.5882116426940925
COD10K-CAM-2-Terrestrial-45-Spider-2575,0.0670146644115448,0.7663967530789918,0.5132134344133563,0.8545404921527399
COD10K-CAM-2-Terrestrial-45-Spider-2576,0.07993900030851364,0.6765918069642591,0.29885623709614234,0.7397265949361467
COD10K-CAM-2-Terrestrial-45-Spider-2579,0.04132264479994774,0.6564858398235925,0.13354584731662864,0.5711267051468649
COD10K-CAM-2-Terrestrial-45-Spider-2580,0.06969337165355682,0.4889627555883805,0.06653480356754378,0.7825466204635588
COD10K-CAM-2-Terrestrial-45-Spider-2581,0.05741586536169052,0.4551396484976353,0.012104906629219224,0.27666942468445743
COD10K-CAM-2-Terrestrial-45-Spider-2586,0.10759839415550232,0.6552641654403231,0.20843760030451094,0.6768650847058341
COD10K-CAM-2-Terrestrial-45-Spider-2587,0.08126087486743927,0.5255703691725111,0.11193131888939803,0.5865470816960277
COD10K-CAM-2-Terrestrial-45-Spider-2588,0.0862930491566658,0.5831348269099006,0.14774003201408648,0.5976331596003026
COD10K-CAM-2-Terrestrial-45-Spider-2592,0.11763010919094086,0.6502535384488184,0.3652145713411177,0.8231154604245665
COD10K-CAM-2-Terrestrial-45-Spider-2593,0.02745508775115013,0.5920350120758525,0.20765552166874565,0.5356308850867398
COD10K-CAM-2-Terrestrial-45-Spider-2595,0.04739326983690262,0.5275817597785091,0.1058983749710216,0.7425246651492061
COD10K-CAM-2-Terrestrial-45-Spider-2601,0.03804357349872589,0.8420497560279259,0.5312231128520299,0.9120892594488996
COD10K-CAM-2-Terrestrial-45-Spider-2602,0.06304910033941269,0.5592682468525741,0.06812357550296663,0.4070000759758592
COD10K-CAM-2-Terrestrial-45-Spider-2603,0.02919369749724865,0.8608908868437686,0.5965776217140225,0.9103802970682294
COD10K-CAM-2-Terrestrial-45-Spider-2605,0.030321763828396797,0.7205862236308218,0.4631891601730802,0.7002235569382448
COD10K-CAM-2-Terrestrial-45-Spider-2606,0.12190756946802139,0.533387613943611,0.1015445727967448,0.5706666422080833
COD10K-CAM-2-Terrestrial-45-Spider-2609,0.11307304352521896,0.5298653076214797,0.1264425356084986,0.582507594751372
COD10K-CAM-2-Terrestrial-45-Spider-2614,0.08867727220058441,0.5046659046429379,0.09956365712683589,0.44056103410752956
COD10K-CAM-2-Terrestrial-45-Spider-2616,0.11932038515806198,0.691049808583953,0.45780003870863517,0.8024703982591734
COD10K-CAM-2-Terrestrial-45-Spider-2617,0.11474555730819702,0.7554744638712507,0.42049899195660606,0.7638400873624431
COD10K-CAM-2-Terrestrial-45-Spider-2620,0.1106153130531311,0.6969052649336422,0.4849155053120513,0.7559186654472818
COD10K-CAM-2-Terrestrial-45-Spider-2621,0.0764232948422432,0.6874605900970718,0.3768398583221867,0.745457107067943
COD10K-CAM-2-Terrestrial-45-Spider-2626,0.09284412115812302,0.7309481197993181,0.6682738963897934,0.808289706974055
COD10K-CAM-2-Terrestrial-45-Spider-2627,0.0552927628159523,0.6262140173594403,0.19184407652219215,0.7099319301236415
COD10K-CAM-2-Terrestrial-45-Spider-2630,0.043082017451524734,0.7822006388755729,0.4516582970062296,0.8465526409568103
COD10K-CAM-2-Terrestrial-45-Spider-2631,0.06920722872018814,0.4621817930241637,0.03470966962825805,0.5178966287196349
COD10K-CAM-2-Terrestrial-45-Spider-2632,0.06630339473485947,0.8793013622967487,0.710036015952626,0.8987327724874549
COD10K-CAM-2-Terrestrial-45-Spider-2637,0.07421912252902985,0.45670518800669113,0.0020580757047303387,0.3846304419272204
COD10K-CAM-2-Terrestrial-45-Spider-2640,0.08298957347869873,0.44997366471904726,0.0036327012439192697,0.5218977974566567
COD10K-CAM-2-Terrestrial-45-Spider-2641,0.04651004076004028,0.5896862726171809,0.39608860724719014,0.5616459260450082
COD10K-CAM-2-Terrestrial-45-Spider-2645,0.09942582994699478,0.6013670353015369,0.18820204047539923,0.6804444404997292
COD10K-CAM-2-Terrestrial-45-Spider-2646,0.06361830979585648,0.8018685575261579,0.4371025926872402,0.7951646918995493
COD10K-CAM-2-Terrestrial-45-Spider-2649,0.19349230825901031,0.5388789893497548,0.5677180244335093,0.5513982746923823
COD10K-CAM-2-Terrestrial-45-Spider-2650,0.08176363259553909,0.6154972194600814,0.14950857216572452,0.5818570563815696
COD10K-CAM-2-Terrestrial-45-Spider-2652,0.05673668533563614,0.7743083180430121,0.42001303220658787,0.8217912237674718
COD10K-CAM-2-Terrestrial-45-Spider-2653,0.049712616950273514,0.5609240983064081,0.09179604471220461,0.647401167283786
COD10K-CAM-2-Terrestrial-45-Spider-2656,0.05756751075387001,0.6495694096565194,0.25257253333947216,0.7464251734456682
COD10K-CAM-2-Terrestrial-45-Spider-2658,0.10002457350492477,0.4799684130424192,0.022705792170339096,0.338260967056276
COD10K-CAM-2-Terrestrial-45-Spider-2659,0.08631327748298645,0.7405462494942263,0.5058335280854735,0.8182481112838093
COD10K-CAM-2-Terrestrial-45-Spider-2665,0.06949636340141296,0.5997886904891222,0.19325996920805216,0.6021447808709794
COD10K-CAM-2-Terrestrial-45-Spider-2667,0.0586758553981781,0.7411077000516383,0.3806737081106105,0.8677733222922611
COD10K-CAM-2-Terrestrial-45-Spider-2670,0.06582709401845932,0.6315624947024308,0.18576021727049827,0.7055604498127914
COD10K-CAM-2-Terrestrial-45-Spider-2671,0.11286631226539612,0.6115877163465484,0.3396748236243791,0.8436708824397873
COD10K-CAM-2-Terrestrial-45-Spider-2673,0.07944034039974213,0.7497573248635236,0.5762157921854368,0.8403749035823558
COD10K-CAM-2-Terrestrial-45-Spider-2677,0.20093348622322083,0.5939455855767035,0.5351237685031438,0.6507529624396186
COD10K-CAM-2-Terrestrial-45-Spider-2683,0.08690004050731659,0.505190936030873,0.10539060631520676,0.4676972546690831
COD10K-CAM-2-Terrestrial-45-Spider-2690,0.08386077731847763,0.657083501042176,0.24912689864339585,0.7031899635830434
COD10K-CAM-2-Terrestrial-45-Spider-2693,0.06206140294671059,0.7437179570524517,0.4697882308651826,0.845132907360839
COD10K-CAM-2-Terrestrial-45-Spider-2694,0.08400370925664902,0.6304913345330737,0.26399439943265723,0.8116870243280162
COD10K-CAM-2-Terrestrial-45-Spider-2697,0.04957132413983345,0.8354288175792091,0.544261461167681,0.8693244127865394
COD10K-CAM-2-Terrestrial-45-Spider-2701,0.11416606605052948,0.47195662737548427,0.13243808999954065,0.7740535830010846
COD10K-CAM-2-Terrestrial-45-Spider-2702,0.13178305327892303,0.439232215844517,0.022610187701606735,0.29758059205447207
COD10K-CAM-2-Terrestrial-45-Spider-2703,0.09436023235321045,0.46531359485394197,0.028106773367935454,0.3750714220548101
COD10K-CAM-2-Terrestrial-45-Spider-2704,0.08000089973211288,0.5206527588023766,0.08344809093208666,0.49928864158324415
COD10K-CAM-2-Terrestrial-45-Spider-2707,0.021747933700680733,0.6167186562986802,0.08207630748539124,0.5830834506995137
COD10K-CAM-2-Terrestrial-45-Spider-2709,0.12963317334651947,0.5444745384109135,0.16982734554521245,0.5184697143819414
COD10K-CAM-2-Terrestrial-45-Spider-2715,0.0520392507314682,0.5611135445865955,0.10900905044907241,0.5565876489132673
COD10K-CAM-2-Terrestrial-45-Spider-2717,0.04567171633243561,0.7713553533427486,0.4920682455117202,0.8978518547691763
COD10K-CAM-2-Terrestrial-45-Spider-2718,0.05378473550081253,0.5234651876298639,0.06151819553037365,0.4847027365617784
COD10K-CAM-2-Terrestrial-45-Spider-2719,0.17386147379875183,0.541806998878033,0.2089805930595501,0.704833128694378
COD10K-CAM-2-Terrestrial-45-Spider-2720,0.0741107240319252,0.554697234241434,0.08089203630843433,0.6484173560274696
COD10K-CAM-2-Terrestrial-45-Spider-2721,0.10494448244571686,0.4608287429259864,0.09122520929460363,0.7459270720996726
COD10K-CAM-2-Terrestrial-45-Spider-2723,0.1622830331325531,0.42108104327923473,0.01613470707787941,0.2852777939818165
COD10K-CAM-2-Terrestrial-45-Spider-2727,0.08911611884832382,0.7020082612132221,0.4127594657932806,0.7801100905696696
COD10K-CAM-2-Terrestrial-45-Spider-2728,0.0773685872554779,0.5731513896397983,0.06567324955028035,0.45798835466497967
COD10K-CAM-2-Terrestrial-45-Spider-2730,0.04799061641097069,0.668820135043016,0.2199821367198915,0.5942723766160789
COD10K-CAM-2-Terrestrial-45-Spider-2731,0.07214568555355072,0.5398526626740358,0.10493263771356781,0.5308705636286999
COD10K-CAM-2-Terrestrial-45-Spider-2732,0.09233779460191727,0.5602001299175248,0.17770447861123523,0.7472029433078203
COD10K-CAM-2-Terrestrial-45-Spider-2735,0.06412454694509506,0.5234939131606131,0.14275885364799962,0.3506809965139577
COD10K-CAM-2-Terrestrial-45-Spider-2736,0.07495547086000443,0.565955344240045,0.05844632810679844,0.39085257154698005
COD10K-CAM-2-Terrestrial-45-Spider-2737,0.026676887646317482,0.740116802375249,0.243013718953813,0.8044635445640845
COD10K-CAM-2-Terrestrial-45-Spider-2741,0.0568690299987793,0.8066970345636741,0.5458747126573279,0.8031311377830477
COD10K-CAM-2-Terrestrial-45-Spider-2745,0.037843991070985794,0.5199221674295631,0.09453899128189976,0.4852225204153825
COD10K-CAM-2-Terrestrial-45-Spider-2754,0.06253538280725479,0.6269594170732686,0.22653181345687923,0.7527970786408432
COD10K-CAM-2-Terrestrial-45-Spider-2756,0.06171160191297531,0.6617448396463358,0.30977180204806104,0.7113018449410046
COD10K-CAM-2-Terrestrial-45-Spider-2759,0.14927679300308228,0.4766862509248093,0.045436353667282596,0.35924688014205675
COD10K-CAM-2-Terrestrial-45-Spider-2760,0.10317177325487137,0.5793731576453809,0.21720624024182456,0.7158694258440329
COD10K-CAM-2-Terrestrial-45-Spider-2762,0.08663397282361984,0.6158169162365172,0.4222219776390001,0.7233880578613443
COD10K-CAM-2-Terrestrial-45-Spider-2763,0.03272826224565506,0.653087696665376,0.23310212401175198,0.8206448759338398
COD10K-CAM-2-Terrestrial-45-Spider-2769,0.13255317509174347,0.6815884809052548,0.518564287293841,0.7033488607838589
COD10K-CAM-2-Terrestrial-45-Spider-2770,0.06923157721757889,0.655074402783258,0.1622718605858767,0.6190519462637658
COD10K-CAM-2-Terrestrial-45-Spider-2771,0.04868993163108826,0.6921748117520468,0.44430899565826093,0.6787896777520976
COD10K-CAM-2-Terrestrial-45-Spider-2772,0.051640503108501434,0.5749828099083393,0.14294577830782532,0.6324649653194981
COD10K-CAM-2-Terrestrial-45-Spider-2773,0.04885853826999664,0.507022454540081,0.08155453250823845,0.4826610179977735
COD10K-CAM-2-Terrestrial-45-Spider-2779,0.08635041117668152,0.4513828098186801,0.0034617030731193365,0.3868652507302307
COD10K-CAM-2-Terrestrial-45-Spider-2782,0.041679494082927704,0.6209956728608267,0.2803228105126633,0.6575496403348525
COD10K-CAM-2-Terrestrial-45-Spider-2783,0.02484503574669361,0.5915918967692625,0.11577755714885346,0.5264091007473233
COD10K-CAM-2-Terrestrial-45-Spider-2789,0.08235041797161102,0.7499893648655747,0.36168754526824315,0.7462078993544143
COD10K-CAM-2-Terrestrial-45-Spider-2791,0.1504758894443512,0.471692467770914,0.11391353413345469,0.6775705656741263
COD10K-CAM-2-Terrestrial-45-Spider-2792,0.15102338790893555,0.7436874102116657,0.6665155919516682,0.7745596002248827
COD10K-CAM-2-Terrestrial-45-Spider-2794,0.05848133563995361,0.6944446700163759,0.34888777331414245,0.8597964417958546
COD10K-CAM-2-Terrestrial-45-Spider-2796,0.0849093496799469,0.7614448521445243,0.6103868147087268,0.7918537472603708
COD10K-CAM-2-Terrestrial-45-Spider-2798,0.0757615864276886,0.7205017934471427,0.4428837788703767,0.8430611813979413
COD10K-CAM-2-Terrestrial-46-StickInsect-2804,0.042090997099876404,0.597559161183422,0.13044264066323696,0.7044425978026811
COD10K-CAM-2-Terrestrial-46-StickInsect-2805,0.0636521428823471,0.498958280186571,0.09827460902413711,0.4810756386077659
COD10K-CAM-2-Terrestrial-46-StickInsect-2806,0.19606246054172516,0.47342953762420636,0.13828425182375456,0.7266186788131399
COD10K-CAM-2-Terrestrial-46-StickInsect-2807,0.04418085142970085,0.5835781902348905,0.1563807909806253,0.7500327504275215
COD10K-CAM-2-Terrestrial-46-StickInsect-2808,0.06846270710229874,0.5643689964947903,0.18866393567237208,0.5872953773118139
COD10K-CAM-2-Terrestrial-46-StickInsect-2809,0.06047171726822853,0.5138191686777396,0.10373008187198164,0.5891722671697779
COD10K-CAM-2-Terrestrial-46-StickInsect-2810,0.08200560510158539,0.6273905993132733,0.2600659243144326,0.7651996049817116
COD10K-CAM-2-Terrestrial-46-StickInsect-2811,0.11095568537712097,0.5906724978659654,0.08792514954664575,0.5753436934588698
COD10K-CAM-2-Terrestrial-46-StickInsect-2813,0.0736905038356781,0.491251000465025,0.09130011538297206,0.526601279520046
COD10K-CAM-2-Terrestrial-46-StickInsect-2815,0.0586373545229435,0.5987426530633351,0.1894060058950097,0.7344024715977018
COD10K-CAM-2-Terrestrial-46-StickInsect-2816,0.04837419092655182,0.7141581801114836,0.46898716405200924,0.8694892766470141
COD10K-CAM-2-Terrestrial-46-StickInsect-2817,0.059920165687799454,0.5832869879078455,0.11426389802089791,0.7342389938828934
COD10K-CAM-2-Terrestrial-46-StickInsect-2818,0.04661057889461517,0.5905962677356003,0.320118586592191,0.6881409091129244
COD10K-CAM-2-Terrestrial-46-StickInsect-2819,0.07795111835002899,0.5447494770602138,0.22421471828258405,0.5242707991006255
COD10K-CAM-2-Terrestrial-46-StickInsect-2820,0.12205137312412262,0.49562378323254797,0.16787085909593366,0.6831046322317037
COD10K-CAM-2-Terrestrial-46-StickInsect-2825,0.09521695971488953,0.6506101175961793,0.3552397458559146,0.8488268911397296
COD10K-CAM-2-Terrestrial-46-StickInsect-2827,0.063857801258564,0.7497816847592915,0.5484762238540457,0.8044770542080055
COD10K-CAM-2-Terrestrial-46-StickInsect-2829,0.09287934750318527,0.5703006312806794,0.2359195518297904,0.8106483582235873
COD10K-CAM-2-Terrestrial-46-StickInsect-2831,0.047993868589401245,0.5727463549878874,0.1533010247550923,0.6823413974415511
COD10K-CAM-2-Terrestrial-46-StickInsect-2832,0.12356704473495483,0.4559187875764916,0.023356385157572063,0.3971763379163163
COD10K-CAM-2-Terrestrial-46-StickInsect-2833,0.04395442083477974,0.5804103478943704,0.1979220186701582,0.5997719876075494
COD10K-CAM-2-Terrestrial-46-StickInsect-2836,0.021947141736745834,0.4809688949921262,0.004158035888570498,0.7218299482117216
COD10K-CAM-2-Terrestrial-46-StickInsect-2839,0.12587232887744904,0.43124126596901985,0.004683214541920395,0.3090491404896987
COD10K-CAM-2-Terrestrial-46-StickInsect-2841,0.04378986731171608,0.6690117541538795,0.31938184851005075,0.5210680238587089
COD10K-CAM-2-Terrestrial-46-StickInsect-2842,0.05501561984419823,0.49772331045455837,0.08392390361399228,0.6922111399199018
COD10K-CAM-2-Terrestrial-46-StickInsect-2843,0.03332408145070076,0.5785645888689623,0.10939892725708424,0.6407347098823142
COD10K-CAM-2-Terrestrial-46-StickInsect-2844,0.011244158260524273,0.5345646755311401,0.04103891149087016,0.37263204746251033
COD10K-CAM-2-Terrestrial-46-StickInsect-2850,0.039190709590911865,0.6568851217175726,0.20118631079109525,0.7002061865584353
COD10K-CAM-2-Terrestrial-46-StickInsect-2856,0.06115145981311798,0.5214066409648335,0.10122633659473393,0.7059140217516412
COD10K-CAM-2-Terrestrial-46-StickInsect-2858,0.07271531224250793,0.4858329793768996,0.055996793091380406,0.5960873988008837
COD10K-CAM-2-Terrestrial-46-StickInsect-2859,0.0789995938539505,0.5329656221971246,0.13656397175577756,0.7162385809227051
COD10K-CAM-2-Terrestrial-46-StickInsect-2864,0.06426337361335754,0.5275551655471638,0.1132382817304747,0.6227370113669919
COD10K-CAM-2-Terrestrial-46-StickInsect-2865,0.1471918374300003,0.47676623944251245,0.08958054079335986,0.5643427761580478
COD10K-CAM-2-Terrestrial-46-StickInsect-2867,0.05134020000696182,0.6688104743323563,0.24735626995129842,0.7545296551218273
COD10K-CAM-2-Terrestrial-46-StickInsect-2869,0.0594804622232914,0.5012292890745556,0.050540013434304344,0.4200347085441623
COD10K-CAM-2-Terrestrial-46-StickInsect-2870,0.07335615903139114,0.5521372903903764,0.0836537640211064,0.5608702450286369
COD10K-CAM-2-Terrestrial-46-StickInsect-2873,0.07996297627687454,0.48867408577940824,0.08923256890274694,0.6098978683789187
COD10K-CAM-2-Terrestrial-47-Tiger-2876,0.11532487720251083,0.4686852076561714,0.06532459794977229,0.4176150424891954
COD10K-CAM-2-Terrestrial-47-Tiger-2877,0.048421990126371384,0.46289901554220264,0.0022326311447319505,0.6061295899852663
COD10K-CAM-2-Terrestrial-47-Tiger-2883,0.05009768530726433,0.6735384819532307,0.33215069707003303,0.7930251944004043
COD10K-CAM-2-Terrestrial-47-Tiger-2884,0.11102962493896484,0.6061969451686151,0.3641997561330401,0.7783606646566343
COD10K-CAM-2-Terrestrial-47-Tiger-2886,0.08861666917800903,0.6206182641515663,0.27469582027480705,0.44595209314264433
COD10K-CAM-2-Terrestrial-47-Tiger-2887,0.030154136940836906,0.5425683162921613,0.10066363329804386,0.49260192317598245
COD10K-CAM-2-Terrestrial-47-Tiger-2889,0.18293477594852448,0.45598819655477646,0.1892680252760592,0.41348323004464776
COD10K-CAM-2-Terrestrial-47-Tiger-2890,0.27849146723747253,0.36633698287327154,0.15579150192478056,0.29732500219674907
COD10K-CAM-2-Terrestrial-47-Tiger-2893,0.23816785216331482,0.4428635638368779,0.342696110800679,0.44343014636175937
COD10K-CAM-2-Terrestrial-47-Tiger-2899,0.39849793910980225,0.3821077225888359,0.448969022618019,0.36608841765043815
COD10K-CAM-2-Terrestrial-47-Tiger-2901,0.028194578364491463,0.6193849559855336,0.2023237080705097,0.6607244675876527
COD10K-CAM-2-Terrestrial-47-Tiger-2902,0.0459878109395504,0.5075290582372649,0.07464154554591182,0.4407650320006525
COD10K-CAM-2-Terrestrial-47-Tiger-2903,0.03285808116197586,0.7258749351496256,0.2500095617188742,0.7376307145472982
COD10K-CAM-2-Terrestrial-47-Tiger-2906,0.037066325545310974,0.5387737986614186,0.18037291042005413,0.7907867681319625
COD10K-CAM-2-Terrestrial-47-Tiger-2907,0.13306070864200592,0.6626585470732432,0.5961918557999536,0.6953939008062795
COD10K-CAM-2-Terrestrial-47-Tiger-2910,0.049684103578329086,0.6855805371541968,0.23515964722143853,0.6992573340076831
COD10K-CAM-2-Terrestrial-48-Wolf-2914,0.053361713886260986,0.4625078287148073,0.001550206585145182,0.4013647736968121
COD10K-CAM-2-Terrestrial-48-Wolf-2916,0.041185516864061356,0.6226488863895143,0.25621212404689897,0.8338093605409516
COD10K-CAM-2-Terrestrial-48-Wolf-2917,0.40279555320739746,0.3134942761842691,0.17529584992979705,0.27978926804172577
COD10K-CAM-2-Terrestrial-48-Wolf-2918,0.056208040565252304,0.5275330478071615,0.054903462943968404,0.39709561426653
COD10K-CAM-2-Terrestrial-48-Wolf-2921,0.039039865136146545,0.49274780719004335,0.021397617914403862,0.6183915086076557
COD10K-CAM-2-Terrestrial-48-Wolf-2922,0.10404033213853836,0.5622184076985562,0.14933204410360013,0.7092781524330762
COD10K-CAM-2-Terrestrial-49-Worm-2929,0.18761084973812103,0.5438869294734711,0.3429672120551113,0.5580093191998083
COD10K-CAM-2-Terrestrial-49-Worm-2930,0.13300088047981262,0.4948236305696404,0.07371966875222867,0.42070483794612834
COD10K-CAM-2-Terrestrial-49-Worm-2934,0.07594434171915054,0.6993590848537177,0.29820559193023033,0.7010572966794504
COD10K-CAM-2-Terrestrial-49-Worm-2939,0.09918797761201859,0.6400134943459804,0.32384347980203415,0.7552660402732969
COD10K-CAM-2-Terrestrial-49-Worm-2941,0.09702181816101074,0.637943195270489,0.37756161556241025,0.7426397658414653
COD10K-CAM-2-Terrestrial-49-Worm-2944,0.051972270011901855,0.503678476973702,0.09298906699407468,0.7089044524900662
COD10K-CAM-2-Terrestrial-49-Worm-2948,0.03271310403943062,0.8385403904964036,0.6776886098718057,0.9103200606048083
COD10K-CAM-2-Terrestrial-49-Worm-2949,0.10032370686531067,0.6550678415524598,0.5341775336615553,0.7063531231668756
COD10K-CAM-2-Terrestrial-49-Worm-2950,0.10069287568330765,0.5632381351857091,0.33816017317510166,0.5293595550397612
COD10K-CAM-2-Terrestrial-49-Worm-2952,0.07805435359477997,0.5986618805900893,0.3297601362592387,0.8229884954674225
COD10K-CAM-2-Terrestrial-49-Worm-2953,0.07498545944690704,0.6975686837469111,0.409546955025198,0.829130546360858
COD10K-CAM-3-Flying-50-Bat-2954,0.0685804933309555,0.5037976255748707,0.0870848710070071,0.6440857514943263
COD10K-CAM-3-Flying-50-Bat-2955,0.0848304033279419,0.45853784682505033,0.05354963331774993,0.41250442055250053
COD10K-CAM-3-Flying-50-Bat-2956,0.041572172194719315,0.8688524661781286,0.6181115745577508,0.8834858328634696
COD10K-CAM-3-Flying-50-Bat-2959,0.12689104676246643,0.45192095333506743,0.05527188612613077,0.6286566578623859
COD10K-CAM-3-Flying-50-Bat-2960,0.10258719325065613,0.6549380580110539,0.2807228250429101,0.6941603835793099
COD10K-CAM-3-Flying-50-Bat-2962,0.0996171161532402,0.7478837291754783,0.4712571382550008,0.8291259440869774
COD10K-CAM-3-Flying-50-Bat-2963,0.05260328948497772,0.819392966405718,0.4887386475870318,0.8479789331340413
COD10K-CAM-3-Flying-50-Bat-2967,0.06626012176275253,0.8341749984469123,0.6614290612685155,0.8702805468844408
COD10K-CAM-3-Flying-50-Bat-2968,0.12467437982559204,0.5981196144495259,0.27272460214584526,0.7825701027121111
COD10K-CAM-3-Flying-50-Bat-2970,0.13680042326450348,0.42454021252679897,0.015259827210389704,0.5806180391047917
COD10K-CAM-3-Flying-50-Bat-2972,0.04886903613805771,0.8526702098014938,0.6892000074974558,0.8880033715234479
COD10K-CAM-3-Flying-50-Bat-2975,0.18298935890197754,0.6690859804033936,0.6937536380161627,0.6438204882454557
COD10K-CAM-3-Flying-50-Bat-2976,0.06603094935417175,0.6653500817028221,0.25198389693239376,0.7857628589406509
COD10K-CAM-3-Flying-51-Bee-2977,0.046861957758665085,0.6221930050603,0.12031980546703552,0.5787726765238372
COD10K-CAM-3-Flying-51-Bee-2981,0.07602447271347046,0.6866408521163587,0.32529863414913934,0.8069421872710338
COD10K-CAM-3-Flying-51-Bee-2982,0.0627422109246254,0.5531844446090749,0.07916246429574904,0.41486301476467047
COD10K-CAM-3-Flying-51-Bee-2983,0.039241403341293335,0.6807416517300245,0.28053458969882017,0.7556382757017452
COD10K-CAM-3-Flying-51-Bee-2985,0.13950024545192719,0.6511294583004441,0.5507041600909727,0.7038582833358356
COD10K-CAM-3-Flying-51-Bee-2986,0.10412872582674026,0.6345010777306052,0.3761038958672547,0.7940451579054417
COD10K-CAM-3-Flying-51-Bee-2993,0.05246005207300186,0.45982496176300935,0.009501801249156158,0.2771783218807034
COD10K-CAM-3-Flying-51-Bee-2995,0.08917871117591858,0.5067522199578696,0.04276976336592005,0.3408154006559263
COD10K-CAM-3-Flying-51-Bee-2997,0.057880476117134094,0.5455352942651415,0.09296834547806945,0.4383880452976453
COD10K-CAM-3-Flying-51-Bee-2999,0.032718781381845474,0.8221426820916244,0.39470027499380117,0.7989641060761977
COD10K-CAM-3-Flying-51-Bee-3002,0.17627796530723572,0.4916515693499203,0.1299238959640163,0.6341317920130857
COD10K-CAM-3-Flying-52-Beetle-3007,0.03581975772976875,0.9086211427031587,0.724844569957013,0.9276773543459411
COD10K-CAM-3-Flying-52-Beetle-3009,0.06532855331897736,0.7864666069224402,0.5433226477639792,0.8660713528616686
COD10K-CAM-3-Flying-52-Beetle-3011,0.11106394976377487,0.6702041567556128,0.47430706027413816,0.6828838354155289
COD10K-CAM-3-Flying-53-Bird-3015,0.07485219836235046,0.8146842396734373,0.6378599776933793,0.8349645738865532
COD10K-CAM-3-Flying-53-Bird-3021,0.021730147302150726,0.7837728517383302,0.40731888119543014,0.8660512601622361
COD10K-CAM-3-Flying-53-Bird-3022,0.03922467306256294,0.5393329907683844,0.06216921088534744,0.45903101414453024
COD10K-CAM-3-Flying-53-Bird-3023,0.023409491404891014,0.7997704633801639,0.5192748379741922,0.9241308004888044
COD10K-CAM-3-Flying-53-Bird-3024,0.05894174799323082,0.595618510115275,0.2781882345388545,0.6956287095280063
COD10K-CAM-3-Flying-53-Bird-3026,0.0516611710190773,0.8781332653682545,0.8113322280747723,0.9222636042522447
COD10K-CAM-3-Flying-53-Bird-3028,0.06656499952077866,0.4516773038161681,0.006873775619042954,0.27213614616099074
COD10K-CAM-3-Flying-53-Bird-3030,0.037821944802999496,0.5437488103358467,0.11891224799536841,0.7752786539504593
COD10K-CAM-3-Flying-53-Bird-3031,0.09780571609735489,0.6031654051393917,0.26059930803932463,0.649970964609986
COD10K-CAM-3-Flying-53-Bird-3032,0.06639217585325241,0.6801821256271405,0.3734632760011134,0.841163548499569
COD10K-CAM-3-Flying-53-Bird-3036,0.058146242052316666,0.6821251879523395,0.2197194297366332,0.7141262215292645
COD10K-CAM-3-Flying-53-Bird-3037,0.024571293964982033,0.48769813658687805,0.00814174063342332,0.517915419074609
COD10K-CAM-3-Flying-53-Bird-3038,0.03830457478761673,0.4703799435328117,0.01370442947722241,0.3013191917156194
COD10K-CAM-3-Flying-53-Bird-3040,0.10868347436189651,0.6247230156801609,0.23806360970603746,0.6230235343288184
COD10K-CAM-3-Flying-53-Bird-3041,0.026234501972794533,0.7375334638166823,0.30407053454059957,0.8045634352270188
COD10K-CAM-3-Flying-53-Bird-3046,0.0342867337167263,0.7242103935636839,0.4229717965879939,0.8955053432053502
COD10K-CAM-3-Flying-53-Bird-3049,0.08646336942911148,0.48531390109547806,0.05274863867745773,0.591858379935
COD10K-CAM-3-Flying-53-Bird-3051,0.023478638380765915,0.8957387096709228,0.5900723190511129,0.8921707571247499
COD10K-CAM-3-Flying-53-Bird-3052,0.025428716093301773,0.865640087034386,0.567077794995337,0.893844618532071
COD10K-CAM-3-Flying-53-Bird-3053,0.11748916655778885,0.42536042148771486,0.007778067560071219,0.7208276449675053
COD10K-CAM-3-Flying-53-Bird-3054,0.05402936786413193,0.6819728160996357,0.44475055856491624,0.8633332626274904
COD10K-CAM-3-Flying-53-Bird-3056,0.08148461580276489,0.722209443692017,0.4387884073939056,0.8364324275015429
COD10K-CAM-3-Flying-53-Bird-3057,0.036528635770082474,0.6836443717383246,0.17839251953396065,0.6382592057119074
COD10K-CAM-3-Flying-53-Bird-3059,0.04517849534749985,0.7781129840285339,0.34760823336542995,0.7829887275087659
COD10K-CAM-3-Flying-53-Bird-3062,0.023879723623394966,0.6635288585809471,0.17589469651949405,0.6582562223975625
COD10K-CAM-3-Flying-53-Bird-3064,0.021620169281959534,0.7551492450282451,0.3278201513370753,0.8054389744588266
COD10K-CAM-3-Flying-53-Bird-3068,0.04394999146461487,0.78745497572247,0.49415500025783116,0.8331715241387033
COD10K-CAM-3-Flying-53-Bird-3069,0.02602456696331501,0.672258246350656,0.24686708353583506,0.7179081521702366
COD10K-CAM-3-Flying-53-Bird-3075,0.08252501487731934,0.6250440522523428,0.25432452666987937,0.7957797950840343
COD10K-CAM-3-Flying-53-Bird-3077,0.033583030104637146,0.47376038005955,0.006646510984903929,0.7136196729456896
COD10K-CAM-3-Flying-53-Bird-3078,0.045882899314165115,0.6156616320575837,0.16962752732007705,0.7948785999083432
COD10K-CAM-3-Flying-53-Bird-3080,0.06980622559785843,0.4565847521369152,0.03205114555197495,0.6898095902900583
COD10K-CAM-3-Flying-53-Bird-3082,0.05740819126367569,0.56783623568657,0.2337960509340433,0.6628495892446096
COD10K-CAM-3-Flying-53-Bird-3083,0.08238787949085236,0.8104176257703439,0.6103225515460742,0.8817448657375432
COD10K-CAM-3-Flying-53-Bird-3084,0.08174451440572739,0.7614773055598254,0.6288105248504268,0.8033218689324
COD10K-CAM-3-Flying-53-Bird-3087,0.035777147859334946,0.9073401137088228,0.724050160340757,0.9287127226573071
COD10K-CAM-3-Flying-53-Bird-3089,0.059027399867773056,0.5198537442979196,0.08675588030355207,0.7334792602776419
COD10K-CAM-3-Flying-53-Bird-3093,0.08740460872650146,0.647107247895069,0.5473202658721457,0.8414107645594949
COD10K-CAM-3-Flying-53-Bird-3096,0.06723086535930634,0.8240223173593525,0.5957784204048499,0.8463558552471497
COD10K-CAM-3-Flying-53-Bird-3104,0.0442877858877182,0.5486252661492619,0.07738324788108232,0.4569130146180225
COD10K-CAM-3-Flying-53-Bird-3105,0.04974141716957092,0.8440322406590046,0.5354665607856998,0.8382630767213035
COD10K-CAM-3-Flying-53-Bird-3112,0.05475915968418121,0.6567349807378193,0.41230771239509334,0.7498950641245589
COD10K-CAM-3-Flying-53-Bird-3119,0.05536974221467972,0.48236195176804636,0.01114522380130909,0.41951027445785793
COD10K-CAM-3-Flying-53-Bird-3121,0.05947933346033096,0.7742458531339234,0.6245088538287972,0.8894824169286311
COD10K-CAM-3-Flying-53-Bird-3123,0.07707767933607101,0.4597771415638968,0.017186537472928056,0.2919051859433147
COD10K-CAM-3-Flying-53-Bird-3125,0.044225193560123444,0.8906055427008641,0.655542358498463,0.9022718983829516
COD10K-CAM-3-Flying-53-Bird-3128,0.042128339409828186,0.740561366800037,0.41485131079374105,0.8754761300519591
COD10K-CAM-3-Flying-53-Bird-3132,0.05229632928967476,0.771460473214613,0.45731145571087345,0.8622589399518572
COD10K-CAM-3-Flying-53-Bird-3133,0.041718050837516785,0.6985172921421571,0.332488332780719,0.7969218902598668
COD10K-CAM-3-Flying-53-Bird-3141,0.06965258717536926,0.5375702634518627,0.2371887732412452,0.8208171083032118
COD10K-CAM-3-Flying-53-Bird-3142,0.08063780516386032,0.8212883195248584,0.693165413296764,0.7929301003111817
COD10K-CAM-3-Flying-53-Bird-3145,0.0418829470872879,0.7252409237179613,0.2673066794903684,0.6994721569015365
COD10K-CAM-3-Flying-53-Bird-3150,0.09271549433469772,0.4536922083013251,0.021741102759391857,0.41463881481933046
COD10K-CAM-3-Flying-53-Bird-3151,0.051204122602939606,0.6611016725652061,0.21450462132055492,0.613259310666498
COD10K-CAM-3-Flying-53-Bird-3155,0.07120046019554138,0.5645962341567825,0.09304802844999613,0.5356182887444383
COD10K-CAM-3-Flying-53-Bird-3157,0.04301157966256142,0.4892996501586571,0.0392928844011093,0.38809355142582824
COD10K-CAM-3-Flying-53-Bird-3158,0.08236201852560043,0.8442755043186863,0.6234782672380192,0.8611349714581562
COD10K-CAM-3-Flying-53-Bird-3159,0.03008710779249668,0.6686309474861064,0.2370533546750777,0.7391897441040836
COD10K-CAM-3-Flying-53-Bird-3162,0.026191776618361473,0.7697629025701651,0.4532820558668641,0.7572223069888874
COD10K-CAM-3-Flying-53-Bird-3167,0.03965866193175316,0.8114992720066064,0.5485491773445246,0.8924695469044348
COD10K-CAM-3-Flying-53-Bird-3170,0.008058002218604088,0.5590861237330518,0.030149812231525793,0.42570135309208146
COD10K-CAM-3-Flying-53-Bird-3171,0.09134475141763687,0.7104811513782121,0.4651280466284897,0.5683901685782657
COD10K-CAM-3-Flying-53-Bird-3175,0.11465740203857422,0.4602146079703575,0.07938609157786224,0.6534398157166135
COD10K-CAM-3-Flying-53-Bird-3176,0.09455164521932602,0.48867080168467253,0.2319568789350651,0.339307865816723
COD10K-CAM-3-Flying-53-Bird-3180,0.039072081446647644,0.6454334194924847,0.23234613583586136,0.6463628549110515
COD10K-CAM-3-Flying-53-Bird-3184,0.04738986864686012,0.779999870643801,0.4587126805403481,0.8849749689811865
COD10K-CAM-3-Flying-53-Bird-3185,0.05015486851334572,0.816207317629627,0.4698350330183054,0.8312727142237433
COD10K-CAM-3-Flying-53-Bird-3189,0.009681034833192825,0.49294434566130874,0.00022022057406944273,0.3148902308259086
COD10K-CAM-3-Flying-53-Bird-3196,0.09662656486034393,0.6130520913759484,0.15617963790662992,0.6908691938747636
COD10K-CAM-3-Flying-53-Bird-3197,0.07881887257099152,0.6143769075583263,0.15786275939263006,0.5526300381413549
COD10K-CAM-3-Flying-53-Bird-3198,0.05492028594017029,0.7588876880624782,0.6580883989718829,0.7690087022092114
COD10K-CAM-3-Flying-53-Bird-3200,0.06381168216466904,0.5031432988012439,0.04179089035210269,0.4884476923364135
COD10K-CAM-3-Flying-53-Bird-3201,0.046146001666784286,0.7221634613024641,0.2984203965934431,0.7507036610325444
COD10K-CAM-3-Flying-53-Bird-3203,0.041987694799900055,0.6348169553855054,0.23482582537425548,0.6944706311907378
COD10K-CAM-3-Flying-53-Bird-3207,0.019106430932879448,0.7824484277784578,0.4070138820745313,0.9033327280007146
COD10K-CAM-3-Flying-53-Bird-3211,0.0740622952580452,0.8317781474546683,0.6057336142264419,0.7369602021866175
COD10K-CAM-3-Flying-53-Bird-3213,0.06898364424705505,0.7623439125606091,0.4454246228367165,0.8059458105567012
COD10K-CAM-3-Flying-53-Bird-3214,0.0558367595076561,0.4871152128766829,0.029334509399971977,0.5199143441394845
COD10K-CAM-3-Flying-53-Bird-3215,0.08540641516447067,0.4614715006445841,0.040101203221178834,0.2590384329468568
COD10K-CAM-3-Flying-53-Bird-3218,0.12978094816207886,0.6143657836986194,0.48109420349352283,0.5673016246228045
COD10K-CAM-3-Flying-53-Bird-3221,0.01836046762764454,0.4971708753563959,0.013741244482400992,0.4429930595114491
COD10K-CAM-3-Flying-53-Bird-3223,0.05002634599804878,0.5037246435107455,0.1278604661659142,0.6319292185854359
COD10K-CAM-3-Flying-53-Bird-3226,0.041281551122665405,0.8981480407320624,0.6633107889946763,0.9016456636041758
COD10K-CAM-3-Flying-53-Bird-3227,0.02933533303439617,0.5882935541316501,0.15272500327138439,0.4788961883847298
COD10K-CAM-3-Flying-53-Bird-3231,0.029341042041778564,0.746990155288251,0.34793420509289213,0.8265875101768396
COD10K-CAM-3-Flying-53-Bird-3232,0.08448293060064316,0.7153327076732333,0.4241281357530151,0.8338943737240824
COD10K-CAM-3-Flying-53-Bird-3234,0.11895646154880524,0.6786406901081911,0.30158214454828025,0.7003543531173447
COD10K-CAM-3-Flying-53-Bird-3235,0.05111254006624222,0.5785489107148815,0.07616627615564536,0.5665378652745517
COD10K-CAM-3-Flying-53-Bird-3236,0.06754084676504135,0.4712983220431177,0.007449585046285268,0.38903211383921127
COD10K-CAM-3-Flying-53-Bird-3237,0.06608245521783829,0.7513995067801664,0.6192999930605362,0.7934385205668598
COD10K-CAM-3-Flying-53-Bird-3239,0.04685523733496666,0.5761525701831969,0.08680837741808811,0.49810480413209235
COD10K-CAM-3-Flying-53-Bird-3240,0.02731965482234955,0.8063467034837624,0.469912227286354,0.7401551047885531
COD10K-CAM-3-Flying-53-Bird-3241,0.05323171988129616,0.757058630131531,0.46988206557842654,0.7278149553468178
COD10K-CAM-3-Flying-53-Bird-3245,0.07497058063745499,0.7555501173743854,0.5598130693019774,0.7945288705929775
COD10K-CAM-3-Flying-53-Bird-3246,0.016516614705324173,0.5525353951273124,0.0677153939637268,0.46546630806614997
COD10K-CAM-3-Flying-54-Bittern-3252,0.05786783993244171,0.7132845517296222,0.3390856605721851,0.8258525383121057
COD10K-CAM-3-Flying-54-Bittern-3254,0.07123681902885437,0.5876824466627577,0.26977779087969295,0.7752995414220181
COD10K-CAM-3-Flying-54-Bittern-3255,0.04883621633052826,0.7874359126632422,0.45625156221768465,0.8591395350291886
COD10K-CAM-3-Flying-54-Bittern-3260,0.058952607214450836,0.5755425259855114,0.15157800317138737,0.7291887659883275
COD10K-CAM-3-Flying-54-Bittern-3266,0.07120869308710098,0.5784673158974007,0.22367631045792483,0.7549680488616834
COD10K-CAM-3-Flying-54-Bittern-3268,0.042987529188394547,0.7345252282387151,0.3938882033460166,0.8013523187474765
COD10K-CAM-3-Flying-54-Bittern-3271,0.04423634707927704,0.5051538166454027,0.019065506022500962,0.569120003553543
COD10K-CAM-3-Flying-54-Bittern-3277,0.02106645703315735,0.585842558574443,0.08040358717703228,0.5265250232497474
COD10K-CAM-3-Flying-54-Bittern-3283,0.043883394449949265,0.862531517502872,0.5798290421828324,0.8823209968860135
COD10K-CAM-3-Flying-54-Bittern-3284,0.044141851365566254,0.8294061777640229,0.5245160295353032,0.8904544389855021
COD10K-CAM-3-Flying-54-Bittern-3288,0.03326738625764847,0.5958572423007412,0.13372791924177785,0.7340994678503883
COD10K-CAM-3-Flying-54-Bittern-3289,0.09629325568675995,0.6689284200209791,0.40695744089683394,0.822792380528006
COD10K-CAM-3-Flying-55-Butterfly-3295,0.08588319271802902,0.4846013958317262,0.11059617542295251,0.4527135748156803
COD10K-CAM-3-Flying-55-Butterfly-3303,0.13390804827213287,0.6950104686097158,0.6962697541465463,0.6820387403067467
COD10K-CAM-3-Flying-55-Butterfly-3304,0.09253524988889694,0.6515799274923962,0.25531224566426364,0.6655620338897299
COD10K-CAM-3-Flying-55-Butterfly-3306,0.013042297214269638,0.8491569390025087,0.45670047172025574,0.8647566586184665
COD10K-CAM-3-Flying-55-Butterfly-3312,0.11825816333293915,0.4466604113992121,0.017710317324561065,0.32642266905711503
COD10K-CAM-3-Flying-55-Butterfly-3315,0.09670180082321167,0.8328996900692146,0.7903929910568719,0.8546251966236363
COD10K-CAM-3-Flying-55-Butterfly-3318,0.09208136051893234,0.8649358138972141,0.7403735051632869,0.8317004348645449
COD10K-CAM-3-Flying-55-Butterfly-3319,0.058748189359903336,0.4655400466729658,0.04160163553165644,0.3444818472696309
COD10K-CAM-3-Flying-55-Butterfly-3320,0.04395492002367973,0.5328561885388899,0.10020921425286988,0.48511888664967817
COD10K-CAM-3-Flying-55-Butterfly-3322,0.060747407376766205,0.4724778026163973,0.026371985925308497,0.25671225181665003
COD10K-CAM-3-Flying-55-Butterfly-3324,0.10163652896881104,0.4840530967746353,0.06687334117346193,0.4212574230625859
COD10K-CAM-3-Flying-55-Butterfly-3325,0.07454045116901398,0.6050295279988935,0.18650988391392784,0.7300471790231042
COD10K-CAM-3-Flying-55-Butterfly-3328,0.057510584592819214,0.7669174631049024,0.38878701373528524,0.7930209401639746
COD10K-CAM-3-Flying-55-Butterfly-3335,0.10305830091238022,0.5761608571772311,0.20005401952948937,0.7365618613002913
COD10K-CAM-3-Flying-55-Butterfly-3339,0.03277025744318962,0.6369106273195202,0.17721500158208472,0.574175335225126
COD10K-CAM-3-Flying-55-Butterfly-3341,0.054129764437675476,0.4549582821717367,0.0023761364702158056,0.690889661506904
COD10K-CAM-3-Flying-55-Butterfly-3342,0.027026990428566933,0.6269427673188641,0.2446195336476801,0.8351485906019045
COD10K-CAM-3-Flying-55-Butterfly-3350,0.03815607354044914,0.9258708735332908,0.6935088006066961,0.8781744964194679
COD10K-CAM-3-Flying-55-Butterfly-3351,0.05926524102687836,0.6762332625543366,0.22050812935438993,0.6658499700419237
COD10K-CAM-3-Flying-55-Butterfly-3354,0.04582979157567024,0.8831453582124191,0.6917860080418847,0.7684088540064379
COD10K-CAM-3-Flying-55-Butterfly-3356,0.04152578115463257,0.6445428545678019,0.15196927479817054,0.5445397248579784
COD10K-CAM-3-Flying-55-Butterfly-3359,0.03195367753505707,0.532668520842238,0.06651029928009537,0.6529047196372351
COD10K-CAM-3-Flying-55-Butterfly-3360,0.15231184661388397,0.6784821654932667,0.625728085628531,0.7583861413252848
COD10K-CAM-3-Flying-55-Butterfly-3361,0.04383852705359459,0.6759947148219073,0.2453016701498351,0.6741057350464247
COD10K-CAM-3-Flying-55-Butterfly-3369,0.10746154934167862,0.5137101704290519,0.23830458682027197,0.3662619388871671
COD10K-CAM-3-Flying-55-Butterfly-3370,0.07117364555597305,0.44865848125052704,0.0007462671330832021,0.3556636168524704
COD10K-CAM-3-Flying-55-Butterfly-3374,0.054015085101127625,0.5842466059760164,0.19264367135735772,0.5882199845146427
COD10K-CAM-3-Flying-55-Butterfly-3375,0.1326320618391037,0.7648189393331392,0.7853359559195189,0.7534059581041144
COD10K-CAM-3-Flying-55-Butterfly-3376,0.04389306902885437,0.6594802665664904,0.24271055958602178,0.7053354288400112
COD10K-CAM-3-Flying-55-Butterfly-3377,0.03952384367585182,0.8011992122482503,0.47472553818408,0.8527602495411959
COD10K-CAM-3-Flying-55-Butterfly-3378,0.036182571202516556,0.8928953963882631,0.6485116956298898,0.9102016845333061
COD10K-CAM-3-Flying-55-Butterfly-3379,0.05330219119787216,0.8511995996826887,0.6504202800199833,0.8969766662776475
COD10K-CAM-3-Flying-55-Butterfly-3382,0.055290017277002335,0.8488866713453413,0.5773173951426414,0.8798538013231859
COD10K-CAM-3-Flying-55-Butterfly-3383,0.11120164394378662,0.7456061282911665,0.6513726393725044,0.6869329280510066
COD10K-CAM-3-Flying-55-Butterfly-3386,0.066409170627594,0.8335484749022806,0.5563414937632428,0.8487891127176256
COD10K-CAM-3-Flying-55-Butterfly-3389,0.16814328730106354,0.4821497290340734,0.21852623340893026,0.5612214506843101
COD10K-CAM-3-Flying-55-Butterfly-3390,0.03534151613712311,0.8689054374550267,0.7579776325705081,0.9036569822379401
COD10K-CAM-3-Flying-55-Butterfly-3393,0.0509103499352932,0.800805335264418,0.48696145193029666,0.8405794010291832
COD10K-CAM-3-Flying-55-Butterfly-3398,0.03568529710173607,0.8806876071745844,0.5862860618412713,0.8746180282452178
COD10K-CAM-3-Flying-55-Butterfly-3401,0.14690425992012024,0.7481700468835522,0.719900842976716,0.7078407206896431
COD10K-CAM-3-Flying-55-Butterfly-3403,0.03308528661727905,0.7850152959225473,0.34477683277438265,0.8142346787234259
COD10K-CAM-3-Flying-55-Butterfly-3406,0.12868939340114594,0.7539366187825357,0.7054500234332989,0.7159812217932248
COD10K-CAM-3-Flying-55-Butterfly-3408,0.0700601115822792,0.5204222435377392,0.1079758480424603,0.7931251279341948
COD10K-CAM-3-Flying-55-Butterfly-3409,0.08274482935667038,0.8824235291119973,0.7286791069886708,0.8809101537583973
COD10K-CAM-3-Flying-55-Butterfly-3412,0.09639132022857666,0.7842295981102562,0.6805986854646203,0.7845762146844665
COD10K-CAM-3-Flying-55-Butterfly-3418,0.053541991859674454,0.8364752753721317,0.6370354927906663,0.9112901780764898
COD10K-CAM-3-Flying-55-Butterfly-3423,0.08406734466552734,0.8226166383007764,0.7788533508095437,0.7933216880767096
COD10K-CAM-3-Flying-55-Butterfly-3426,0.17045475542545319,0.4525814917441333,0.28312920697346233,0.3534138237857155
COD10K-CAM-3-Flying-55-Butterfly-3428,0.059075165539979935,0.4834630180145279,0.016489756247767474,0.3458388277473467
COD10K-CAM-3-Flying-55-Butterfly-3429,0.10495629161596298,0.4800147676926325,0.07720088733045989,0.45493427213624865
COD10K-CAM-3-Flying-55-Butterfly-3434,0.0787460207939148,0.6945920324531287,0.5179767376589874,0.6787753988326084
COD10K-CAM-3-Flying-55-Butterfly-3435,0.16883984208106995,0.672671807763128,0.5810967549590994,0.5975399237996883
COD10K-CAM-3-Flying-55-Butterfly-3436,0.03926633298397064,0.6325379844927943,0.11641977364731503,0.6487631865853749
COD10K-CAM-3-Flying-56-Cicada-3439,0.16007278859615326,0.396689989121379,0.039844964517354614,0.6419480861240963
COD10K-CAM-3-Flying-56-Cicada-3440,0.06712320446968079,0.7591787271162488,0.4406933210649022,0.8149588962851806
COD10K-CAM-3-Flying-56-Cicada-3441,0.046941619366407394,0.6968030156655862,0.4022106016983154,0.8649654104745597
COD10K-CAM-3-Flying-56-Cicada-3443,0.08327650278806686,0.7256703996482088,0.6203150942191611,0.7343143900560853
COD10K-CAM-3-Flying-56-Cicada-3444,0.10142067074775696,0.7997493031965125,0.6813518451514208,0.8505064077306479
COD10K-CAM-3-Flying-56-Cicada-3447,0.06539912521839142,0.45400826598217436,0.015887551907870348,0.7101480845355982
COD10K-CAM-3-Flying-56-Cicada-3453,0.048929352313280106,0.7419545871570234,0.4730906284840624,0.8839726314425832
COD10K-CAM-3-Flying-56-Cicada-3460,0.1401282101869583,0.6984651695192541,0.6808803664013132,0.696857566280591
COD10K-CAM-3-Flying-56-Cicada-3462,0.06802237033843994,0.6412945927736459,0.13752991749478638,0.5022529850629425
COD10K-CAM-3-Flying-56-Cicada-3463,0.046877436339855194,0.857669416915442,0.6914497144440174,0.9089890738664044
COD10K-CAM-3-Flying-56-Cicada-3470,0.12689566612243652,0.5755632203542914,0.2743712259673688,0.7789294841982122
COD10K-CAM-3-Flying-56-Cicada-3472,0.05751073360443115,0.8788809348496417,0.7521550467446875,0.9011506939365654
COD10K-CAM-3-Flying-56-Cicada-3478,0.04542000964283943,0.7551768277386912,0.4050367270093459,0.8973988264641896
COD10K-CAM-3-Flying-56-Cicada-3480,0.04447859525680542,0.6978605129463843,0.28791834065309907,0.7212946025143577
COD10K-CAM-3-Flying-56-Cicada-3482,0.05873706191778183,0.729726523902391,0.41584532518966855,0.8466211464993527
COD10K-CAM-3-Flying-56-Cicada-3483,0.04000614210963249,0.8450863547864651,0.6162164831091913,0.8864748273970174
COD10K-CAM-3-Flying-56-Cicada-3486,0.05032336711883545,0.8638826975944245,0.7713140729944986,0.9150977063194231
COD10K-CAM-3-Flying-56-Cicada-3490,0.031141765415668488,0.7975671168074363,0.48297002547833867,0.8471838758184468
COD10K-CAM-3-Flying-56-Cicada-3491,0.0927259773015976,0.5400703889701302,0.05892737017399894,0.37006086562336893
COD10K-CAM-3-Flying-56-Cicada-3494,0.08894609659910202,0.5580586553424791,0.14785437193501855,0.5945543385948568
COD10K-CAM-3-Flying-56-Cicada-3496,0.07597976177930832,0.5524108574420095,0.05956621022862735,0.41521619251530767
COD10K-CAM-3-Flying-56-Cicada-3498,0.035632744431495667,0.9198249376618548,0.8054565967641785,0.901410845878938
COD10K-CAM-3-Flying-56-Cicada-3501,0.09174344688653946,0.6644717819934436,0.3746261330825778,0.8230349486981013
COD10K-CAM-3-Flying-56-Cicada-3504,0.13362756371498108,0.6124206414728606,0.6106313290208099,0.5733447573329322
COD10K-CAM-3-Flying-56-Cicada-3505,0.04884299263358116,0.556409801464736,0.06949398127463341,0.43337776701092223
COD10K-CAM-3-Flying-56-Cicada-3508,0.11734087765216827,0.7193306036340633,0.3484659103403321,0.7267102083229429
COD10K-CAM-3-Flying-56-Cicada-3509,0.08356735110282898,0.4951418717845787,0.06230889153170716,0.6525700477539842
COD10K-CAM-3-Flying-56-Cicada-3510,0.03526937961578369,0.654223663009889,0.12083245630434221,0.5956991846672501
COD10K-CAM-3-Flying-56-Cicada-3513,0.010661344975233078,0.7416363835051061,0.28634007594788624,0.7667942957841082
COD10K-CAM-3-Flying-56-Cicada-3515,0.07726942747831345,0.5393599561337192,0.1057585629331244,0.7760281631863846
COD10K-CAM-3-Flying-56-Cicada-3521,0.06208701804280281,0.7188064015516585,0.2584600686087036,0.6773058904178606
COD10K-CAM-3-Flying-56-Cicada-3522,0.07520753145217896,0.6108022598300291,0.41520771433017867,0.4918016811045913
COD10K-CAM-3-Flying-56-Cicada-3525,0.11344154179096222,0.7042602033197695,0.5185678149873157,0.7873475288704103
COD10K-CAM-3-Flying-56-Cicada-3527,0.041832439601421356,0.6396332666799464,0.18977428463374615,0.7969861186171663
COD10K-CAM-3-Flying-56-Cicada-3530,0.03772365674376488,0.6399645539303358,0.19983764823729347,0.6108655356771003
COD10K-CAM-3-Flying-56-Cicada-3533,0.08463115990161896,0.7939544367246685,0.6629394591019944,0.8280350389582156
COD10K-CAM-3-Flying-56-Cicada-3535,0.17237195372581482,0.6880823477040438,0.7674138726843704,0.6726011546132471
COD10K-CAM-3-Flying-56-Cicada-3536,0.12126321345567703,0.4939532625806345,0.1451827666767614,0.7634849600550855
COD10K-CAM-3-Flying-56-Cicada-3537,0.11077858507633209,0.6019748533387734,0.46043973872586674,0.48378724039089727
COD10K-CAM-3-Flying-56-Cicada-3539,0.04199444502592087,0.6047711506115869,0.1472204136102628,0.5481031018449559
COD10K-CAM-3-Flying-56-Cicada-3542,0.09867096692323685,0.45554639604767344,0.04169985206855766,0.3306893968582033
COD10K-CAM-3-Flying-56-Cicada-3543,0.10122470557689667,0.7334173678782081,0.5886936149261117,0.8071055836748475
COD10K-CAM-3-Flying-56-Cicada-3547,0.07240447402000427,0.7840672958735924,0.6005587118993623,0.8795278989645843
COD10K-CAM-3-Flying-56-Cicada-3549,0.10879739373922348,0.6342950057596741,0.32276386410594876,0.7713251029541529
COD10K-CAM-3-Flying-56-Cicada-3551,0.10259782522916794,0.7135062976827076,0.6793519394206763,0.7492741427273879
COD10K-CAM-3-Flying-57-Dragonfly-3553,0.037278153002262115,0.5542974991728019,0.22021681621600017,0.5091090922273827
COD10K-CAM-3-Flying-57-Dragonfly-3559,0.03735452517867088,0.6815286200159856,0.4697477572206064,0.9016918578242067
COD10K-CAM-3-Flying-57-Dragonfly-3566,0.045656967908144,0.7346712769328141,0.3709206094466197,0.8434204172835186
COD10K-CAM-3-Flying-57-Dragonfly-3569,0.04720032215118408,0.46651316165460505,0.002276752469035568,0.46844912349180806
COD10K-CAM-3-Flying-57-Dragonfly-3571,0.17345190048217773,0.5672651053271224,0.4342777881116975,0.4657166561410715
COD10K-CAM-3-Flying-57-Dragonfly-3575,0.04027910530567169,0.7944483100945984,0.562011365122886,0.9037067943462938
COD10K-CAM-3-Flying-57-Dragonfly-3576,0.303610235452652,0.5118292780168617,0.6096357121730145,0.4828387220013157
COD10K-CAM-3-Flying-57-Dragonfly-3580,0.08970392495393753,0.7200377422397508,0.61592612632396,0.8208308710113015
COD10K-CAM-3-Flying-57-Dragonfly-3581,0.08065854012966156,0.7285271260580615,0.5481799227044344,0.8329435972074172
COD10K-CAM-3-Flying-57-Dragonfly-3582,0.059168051928281784,0.5837049835955856,0.20583187868873906,0.8584023661943123
COD10K-CAM-3-Flying-57-Dragonfly-3585,0.06836006790399551,0.8419325692281081,0.6979246510970564,0.863520188313139
COD10K-CAM-3-Flying-57-Dragonfly-3586,0.0858955979347229,0.7269652867715402,0.40380867120341973,0.8431316976121424
COD10K-CAM-3-Flying-57-Dragonfly-3588,0.06983940303325653,0.7336523426093138,0.46731240620195175,0.8742714384270317
COD10K-CAM-3-Flying-57-Dragonfly-3590,0.1886289119720459,0.6952788947986186,0.6505427331974253,0.6021412337145107
COD10K-CAM-3-Flying-57-Dragonfly-3593,0.09009701758623123,0.7360574565680515,0.6417673553394848,0.804393126235138
COD10K-CAM-3-Flying-58-Frogmouth-3596,0.07286476343870163,0.820196072966574,0.5017307331109508,0.8510404124432829
COD10K-CAM-3-Flying-58-Frogmouth-3598,0.06383281201124191,0.8652126613512867,0.7738998580559725,0.8392631133855399
COD10K-CAM-3-Flying-58-Frogmouth-3599,0.26483413577079773,0.5589215284729458,0.7015279207702078,0.5569014971753338
COD10K-CAM-3-Flying-58-Frogmouth-3602,0.10676345974206924,0.7734141176431948,0.6706100741391826,0.7588884861170918
COD10K-CAM-3-Flying-58-Frogmouth-3604,0.046355217695236206,0.8484466515718048,0.7134265403443104,0.8544725020779551
COD10K-CAM-3-Flying-58-Frogmouth-3610,0.07454998791217804,0.6649148567382195,0.34326987663692654,0.8146084001281199
COD10K-CAM-3-Flying-58-Frogmouth-3611,0.040828313678503036,0.8932420937352135,0.6384885614212369,0.8501521836484109
COD10K-CAM-3-Flying-59-Grasshopper-3615,0.07425014674663544,0.8119456003707954,0.5467288671096844,0.8524529921886448
COD10K-CAM-3-Flying-59-Grasshopper-3618,0.09443539381027222,0.47693284567349337,0.10036881791456656,0.8187507054710803
COD10K-CAM-3-Flying-59-Grasshopper-3619,0.10366439074277878,0.7306434944593643,0.6630101373892934,0.6727913101902062
COD10K-CAM-3-Flying-59-Grasshopper-3621,0.027773328125476837,0.855524697649205,0.6971423206535767,0.8910397653069304
COD10K-CAM-3-Flying-59-Grasshopper-3622,0.09790030866861343,0.7085719463675348,0.5176663253357365,0.7497257025526181
COD10K-CAM-3-Flying-59-Grasshopper-3625,0.07963401079177856,0.8432873861267207,0.7925241904372173,0.8603428706669582
COD10K-CAM-3-Flying-59-Grasshopper-3627,0.053795844316482544,0.5900185438708068,0.13527273827219286,0.4981835772283623
COD10K-CAM-3-Flying-59-Grasshopper-3629,0.061001118272542953,0.7547250674425773,0.41903197959294153,0.8474380170132492
COD10K-CAM-3-Flying-59-Grasshopper-3630,0.20713932812213898,0.46065657767331547,0.27283114895761956,0.4187489568310018
COD10K-CAM-3-Flying-59-Grasshopper-3632,0.03657405450940132,0.7979616647206815,0.4850562840545338,0.8723772983270311
COD10K-CAM-3-Flying-59-Grasshopper-3634,0.02754952572286129,0.6488661855403628,0.22338111945515718,0.7642286459949317
COD10K-CAM-3-Flying-59-Grasshopper-3636,0.0390930138528347,0.854747339213481,0.5452974897954574,0.8369051108400809
COD10K-CAM-3-Flying-59-Grasshopper-3637,0.07739640027284622,0.5827860203714081,0.1944695232438299,0.7667795384467655
COD10K-CAM-3-Flying-59-Grasshopper-3640,0.07315624505281448,0.44690108825097064,0.012016463462060237,0.758469623205599
COD10K-CAM-3-Flying-59-Grasshopper-3641,0.02931354008615017,0.7274349549062322,0.3062586382021512,0.7554442400042853
COD10K-CAM-3-Flying-59-Grasshopper-3644,0.07748162001371384,0.5967620330876692,0.35624568318870664,0.5031018118893837
COD10K-CAM-3-Flying-59-Grasshopper-3645,0.03779921680688858,0.8771543413487631,0.6162572245548591,0.9008675806380404
COD10K-CAM-3-Flying-59-Grasshopper-3648,0.06836564093828201,0.6890047343349465,0.4065162185673034,0.7740652331153357
COD10K-CAM-3-Flying-59-Grasshopper-3650,0.06377290934324265,0.7024061088438576,0.5727689105539651,0.6757776942393602
COD10K-CAM-3-Flying-59-Grasshopper-3652,0.04709364101290703,0.887274406266221,0.7359457033891325,0.9190361250909869
COD10K-CAM-3-Flying-59-Grasshopper-3653,0.04846060648560524,0.7909043653107514,0.5281645282620202,0.8567916443805099
COD10K-CAM-3-Flying-59-Grasshopper-3655,0.046939998865127563,0.7043355333329039,0.3429676807859398,0.7506293087606705
COD10K-CAM-3-Flying-59-Grasshopper-3657,0.03678256645798683,0.5324444835572605,0.044243075577359486,0.3104463944980586
COD10K-CAM-3-Flying-59-Grasshopper-3658,0.11884473264217377,0.51849333305159,0.3476188847743111,0.43323010022759123
COD10K-CAM-3-Flying-59-Grasshopper-3659,0.03152090683579445,0.7183551112853114,0.34410418653268665,0.7718657792723891
COD10K-CAM-3-Flying-59-Grasshopper-3661,0.021729640662670135,0.48375141809879174,0.00792912646100017,0.6449000286267177
COD10K-CAM-3-Flying-59-Grasshopper-3672,0.1432150900363922,0.647280396472588,0.6661189597948008,0.6356437915707969
COD10K-CAM-3-Flying-59-Grasshopper-3673,0.06264184415340424,0.6977269368718297,0.5365600602658753,0.7198455910739859
COD10K-CAM-3-Flying-59-Grasshopper-3676,0.052446287125349045,0.6304729971297339,0.16020421436254767,0.6947667368859829
COD10K-CAM-3-Flying-59-Grasshopper-3678,0.017869561910629272,0.7997505564019474,0.37672505344342605,0.8553516001350818
COD10K-CAM-3-Flying-59-Grasshopper-3680,0.07906137406826019,0.6086690326743964,0.4171456281117127,0.6042141634541572
COD10K-CAM-3-Flying-59-Grasshopper-3681,0.08199578523635864,0.8242289956199595,0.7411805358935651,0.8161992845277164
COD10K-CAM-3-Flying-59-Grasshopper-3683,0.05095437914133072,0.8454614605573347,0.5764933586410628,0.8724449616428738
COD10K-CAM-3-Flying-59-Grasshopper-3686,0.19511674344539642,0.4933538136772457,0.29540842562418973,0.5241721826165077
COD10K-CAM-3-Flying-59-Grasshopper-3688,0.06205570325255394,0.7131846644671401,0.3493246188051186,0.7604955643146456
COD10K-CAM-3-Flying-59-Grasshopper-3689,0.04813239350914955,0.7100701134305554,0.3027264351123921,0.7791664970283898
COD10K-CAM-3-Flying-59-Grasshopper-3692,0.07099058479070663,0.6485827503793857,0.4649254179288183,0.7043615019878033
COD10K-CAM-3-Flying-59-Grasshopper-3694,0.04018038511276245,0.7184207990919218,0.44268181369509363,0.776353657920775
COD10K-CAM-3-Flying-59-Grasshopper-3695,0.028319617733359337,0.6804917835176083,0.19427221775224263,0.6419184938996955
COD10K-CAM-3-Flying-59-Grasshopper-3697,0.043632011860609055,0.7677071185789726,0.4375487193247411,0.8437964233149935
COD10K-CAM-3-Flying-59-Grasshopper-3699,0.0501723438501358,0.7504033578006377,0.5216135597291741,0.8870706089479528
COD10K-CAM-3-Flying-59-Grasshopper-3701,0.038333285599946976,0.8662680168077231,0.5946732947568424,0.8941538842937424
COD10K-CAM-3-Flying-59-Grasshopper-3702,0.04106274992227554,0.6471062055862967,0.2278475710467038,0.8517532042005476
COD10K-CAM-3-Flying-59-Grasshopper-3706,0.03700479865074158,0.47446593971357376,0.018695917098353877,0.6580941541657231
COD10K-CAM-3-Flying-59-Grasshopper-3707,0.04201929643750191,0.7453395168900069,0.37162949790698013,0.7879684288877635
COD10K-CAM-3-Flying-59-Grasshopper-3708,0.04281133413314819,0.6420632705716595,0.32043697728100384,0.8547215278987614
COD10K-CAM-3-Flying-59-Grasshopper-3710,0.06721034646034241,0.6662362129743546,0.31448896056247844,0.4988216293631152
COD10K-CAM-3-Flying-59-Grasshopper-3711,0.07194050401449203,0.4923219422347201,0.05122717483259739,0.6614214856373142
COD10K-CAM-3-Flying-59-Grasshopper-3712,0.03980599716305733,0.7637624412934982,0.4398016752083071,0.8721717983402728
COD10K-CAM-3-Flying-59-Grasshopper-3714,0.027640871703624725,0.47900128163096467,0.008014716501961547,0.494796296351296
COD10K-CAM-3-Flying-59-Grasshopper-3719,0.02040673792362213,0.549574497479629,0.11342373841054094,0.493694637450363
COD10K-CAM-3-Flying-59-Grasshopper-3720,0.06413975358009338,0.8209689664495663,0.575993812783727,0.8821035223601146
COD10K-CAM-3-Flying-59-Grasshopper-3726,0.06881716102361679,0.8038494422337324,0.6923465774540808,0.847233571150173
COD10K-CAM-3-Flying-59-Grasshopper-3727,0.05395457148551941,0.6683702825424152,0.2569676294341478,0.7855516104845804
COD10K-CAM-3-Flying-59-Grasshopper-3729,0.10371339321136475,0.6019157316910668,0.3068029681095111,0.8023867688332771
COD10K-CAM-3-Flying-59-Grasshopper-3732,0.014186668209731579,0.7005586689208602,0.2881930790059049,0.7991750012114383
COD10K-CAM-3-Flying-59-Grasshopper-3733,0.09109477698802948,0.5629952036145466,0.06011221838875884,0.44929430701895057
COD10K-CAM-3-Flying-59-Grasshopper-3734,0.07341552525758743,0.7491504339879546,0.46883604635866183,0.8248785978065802
COD10K-CAM-3-Flying-59-Grasshopper-3736,0.05003722757101059,0.8925432291609491,0.7302107745499596,0.9148202812259356
COD10K-CAM-3-Flying-59-Grasshopper-3737,0.03345775976777077,0.7627662076408233,0.4267743566918954,0.8720701852841825
COD10K-CAM-3-Flying-59-Grasshopper-3740,0.08845102041959763,0.7535334624846889,0.5240112345153589,0.8097056082179402
COD10K-CAM-3-Flying-59-Grasshopper-3741,0.0802835002541542,0.7514200882733084,0.5389442753810598,0.8263945601878542
COD10K-CAM-3-Flying-59-Grasshopper-3744,0.07363025099039078,0.47184939712271234,0.021057507813422142,0.6077167657808383
COD10K-CAM-3-Flying-59-Grasshopper-3745,0.0929778590798378,0.8340907938029809,0.7989273213304773,0.837057772661066
COD10K-CAM-3-Flying-59-Grasshopper-3747,0.03435951843857765,0.47678064601371567,0.0018628615878913024,0.4064453893788825
COD10K-CAM-3-Flying-59-Grasshopper-3756,0.06374931335449219,0.4978728070804932,0.08016815964694653,0.4167348027768041
COD10K-CAM-3-Flying-59-Grasshopper-3758,0.10599386692047119,0.656978823293629,0.3385263751452239,0.6592239313151691
COD10K-CAM-3-Flying-59-Grasshopper-3759,0.018857238814234734,0.571582093618972,0.10795474826818495,0.6848428722639435
COD10K-CAM-3-Flying-59-Grasshopper-3760,0.057054463773965836,0.8225584669962833,0.6231270633846429,0.835232862933755
COD10K-CAM-3-Flying-59-Grasshopper-3761,0.05937200039625168,0.5953476479967394,0.1480698478770496,0.6086748713669118
COD10K-CAM-3-Flying-59-Grasshopper-3762,0.0672660768032074,0.8552177203206903,0.7394922875506118,0.8503743336224683
COD10K-CAM-3-Flying-59-Grasshopper-3764,0.14883984625339508,0.6404499134703128,0.38200576853914214,0.7966749200073743
COD10K-CAM-3-Flying-59-Grasshopper-3768,0.0939875990152359,0.7296197308303767,0.4078692100888945,0.8018760697172744
COD10K-CAM-3-Flying-59-Grasshopper-3769,0.021412318572402,0.5994468223377002,0.09728065785597526,0.6843557972652136
COD10K-CAM-3-Flying-59-Grasshopper-3771,0.08206912875175476,0.48110936681009675,0.06149960548080096,0.7709395343488423
COD10K-CAM-3-Flying-59-Grasshopper-3772,0.04441941902041435,0.6287961953163104,0.1976723391823599,0.6895753754600968
COD10K-CAM-3-Flying-59-Grasshopper-3773,0.05697887763381004,0.7137651049733107,0.2984945629769197,0.7302097330779416
COD10K-CAM-3-Flying-59-Grasshopper-3775,0.020525673404335976,0.5821893070136435,0.12055809354109996,0.7695021717019657
COD10K-CAM-3-Flying-59-Grasshopper-3776,0.05196458473801613,0.6856209414409802,0.4677472477012889,0.7386971571999541
COD10K-CAM-3-Flying-59-Grasshopper-3777,0.07698702812194824,0.5211892669310171,0.04031939097192332,0.36069592991087035
COD10K-CAM-3-Flying-59-Grasshopper-3778,0.1385209858417511,0.553133179949796,0.10053373459252318,0.4600999736359488
COD10K-CAM-3-Flying-59-Grasshopper-3780,0.14364372193813324,0.46441959476696687,0.2637873318452669,0.466996562759323
COD10K-CAM-3-Flying-59-Grasshopper-3784,0.029938803985714912,0.5075576419959512,0.04696026248294586,0.2937607738923187
COD10K-CAM-3-Flying-59-Grasshopper-3786,0.050281498581171036,0.7797115957139689,0.6958537216059592,0.9160692587940098
COD10K-CAM-3-Flying-59-Grasshopper-3788,0.021461330354213715,0.642958967850911,0.16197301737377323,0.699241348233746
COD10K-CAM-3-Flying-59-Grasshopper-3790,0.1587076485157013,0.5894478335300875,0.2523234201448881,0.640771891572637
COD10K-CAM-3-Flying-59-Grasshopper-3792,0.08476322144269943,0.48111867030319744,0.038648664299557774,0.34216757885193394
COD10K-CAM-3-Flying-59-Grasshopper-3795,0.059312932193279266,0.6488479142168198,0.25192128943080644,0.7553927554403821
COD10K-CAM-3-Flying-59-Grasshopper-3796,0.03958268091082573,0.6093819191748441,0.16726790882997036,0.6522337073294497
COD10K-CAM-3-Flying-59-Grasshopper-3799,0.061165884137153625,0.7350415417150739,0.4850813939381938,0.8089295043527144
COD10K-CAM-3-Flying-59-Grasshopper-3802,0.026485886424779892,0.5823161115130181,0.14572015827293783,0.5438657177030752
COD10K-CAM-3-Flying-59-Grasshopper-3804,0.07511859387159348,0.7971465542561611,0.6478315267881136,0.8877878728439156
COD10K-CAM-3-Flying-59-Grasshopper-3808,0.04419262334704399,0.8981566623445107,0.7946700042847955,0.9214226215433605
COD10K-CAM-3-Flying-59-Grasshopper-3810,0.08481748402118683,0.7768906349580753,0.5994888769670118,0.8149713668393578
COD10K-CAM-3-Flying-59-Grasshopper-3811,0.08314095437526703,0.6956563994707053,0.465448052562539,0.7613342443591753
COD10K-CAM-3-Flying-59-Grasshopper-3813,0.0654284656047821,0.8594037499884357,0.6767822054059811,0.8659861773000694
COD10K-CAM-3-Flying-59-Grasshopper-3814,0.08133742958307266,0.7826200920717998,0.7404844733816807,0.7986203550295226
COD10K-CAM-3-Flying-59-Grasshopper-3815,0.10760561376810074,0.5915325982668472,0.12561586579989736,0.49291710546152945
COD10K-CAM-3-Flying-59-Grasshopper-3818,0.05270014703273773,0.8889845967111217,0.7370703962341112,0.9054612171090703
COD10K-CAM-3-Flying-59-Grasshopper-3820,0.012472172267735004,0.782246421523612,0.46149160394199173,0.9014056772111071
COD10K-CAM-3-Flying-59-Grasshopper-3824,0.07350905984640121,0.806420059713266,0.7965197733886588,0.8313231502553715
COD10K-CAM-3-Flying-59-Grasshopper-3825,0.07555348426103592,0.5800102049612283,0.16150671074078957,0.686399545430912
COD10K-CAM-3-Flying-59-Grasshopper-3828,0.09370017051696777,0.7136896888890307,0.4726379963191749,0.5774272921752412
COD10K-CAM-3-Flying-59-Grasshopper-3831,0.04894869774580002,0.7367373216641426,0.48677578908713637,0.8184241117692579
COD10K-CAM-3-Flying-59-Grasshopper-3834,0.033278726041316986,0.869059776410871,0.5853543589187237,0.9143512937878356
COD10K-CAM-3-Flying-59-Grasshopper-3840,0.09938375651836395,0.7747602549095027,0.5186422608360296,0.8510305981885707
COD10K-CAM-3-Flying-59-Grasshopper-3845,0.0724421814084053,0.574320980114255,0.2208437390376033,0.7704847407249213
COD10K-CAM-3-Flying-59-Grasshopper-3847,0.19069142639636993,0.4451243090333484,0.2960481206313256,0.5515317868635523
COD10K-CAM-3-Flying-59-Grasshopper-3849,0.06724703311920166,0.6479576401203667,0.32018259212690514,0.8656158994178116
COD10K-CAM-3-Flying-59-Grasshopper-3850,0.0618879571557045,0.7092286595038302,0.3614004220299378,0.8276251839562669
COD10K-CAM-3-Flying-59-Grasshopper-3853,0.09732168912887573,0.5035393424332261,0.10057305174031485,0.7860179400851427
COD10K-CAM-3-Flying-59-Grasshopper-3856,0.09312112629413605,0.7391184296055153,0.7161379024698088,0.7692640403158566
COD10K-CAM-3-Flying-59-Grasshopper-3857,0.047293055802583694,0.8064357705567933,0.5681693400453912,0.8888386309804732
COD10K-CAM-3-Flying-59-Grasshopper-3859,0.03427526727318764,0.9130218991468222,0.6317491291551809,0.9118039523077572
COD10K-CAM-3-Flying-59-Grasshopper-3863,0.05195637419819832,0.7184027623276537,0.25550438142009724,0.7138203766054765
COD10K-CAM-3-Flying-59-Grasshopper-3866,0.04842876270413399,0.8620882004387175,0.7355643421977424,0.9174070176958705
COD10K-CAM-3-Flying-59-Grasshopper-3870,0.045151788741350174,0.8748210917978874,0.6522651449267225,0.8873864618148567
COD10K-CAM-3-Flying-59-Grasshopper-3872,0.05854984000325203,0.7161137843224776,0.4110916597038258,0.8574034360568326
COD10K-CAM-3-Flying-59-Grasshopper-3873,0.074322909116745,0.7892320213127024,0.5461310287216583,0.8573977854217465
COD10K-CAM-3-Flying-59-Grasshopper-3874,0.07704611867666245,0.8061425287754675,0.6106721766962192,0.8375569271441978
COD10K-CAM-3-Flying-59-Grasshopper-3875,0.0467817559838295,0.8925491666098653,0.7107643861916236,0.8940080467671834
COD10K-CAM-3-Flying-59-Grasshopper-3876,0.055184654891490936,0.7472996014630984,0.3603792716736795,0.7702173088079197
COD10K-CAM-3-Flying-59-Grasshopper-3877,0.0680435374379158,0.7076053529129558,0.47398351701773006,0.7941106807159796
COD10K-CAM-3-Flying-59-Grasshopper-3880,0.03928655385971069,0.5830130547193141,0.10097861293020602,0.6173881588594273
COD10K-CAM-3-Flying-60-Heron-3881,0.02940562553703785,0.4733343020835015,0.00300748994312371,0.6945835785132766
COD10K-CAM-3-Flying-60-Heron-3884,0.01892716996371746,0.7384628020869646,0.32068864997016633,0.7427821909835135
COD10K-CAM-3-Flying-60-Heron-3885,0.0580662339925766,0.49123358281121077,0.06786664717277749,0.600620699397527
COD10K-CAM-3-Flying-60-Heron-3886,0.026162277907133102,0.53034923609925,0.023895848969186482,0.5974279639763393
COD10K-CAM-3-Flying-60-Heron-3888,0.02908407337963581,0.509471025802161,0.039387613982349724,0.31422388076330576
COD10K-CAM-3-Flying-60-Heron-3889,0.04915691912174225,0.5111563056220826,0.1312326715003085,0.4769960451450568
COD10K-CAM-3-Flying-60-Heron-3891,0.04799529165029526,0.568493045402848,0.04801951930479884,0.48455136263788834
COD10K-CAM-3-Flying-60-Heron-3892,0.019787417724728584,0.5719813037252782,0.08453981361982552,0.6187013620793869
COD10K-CAM-3-Flying-60-Heron-3893,0.02035895735025406,0.5356599582400449,0.04444243010395401,0.29967195740676766
COD10K-CAM-3-Flying-60-Heron-3895,0.06583234667778015,0.6531521601868806,0.26066369285251895,0.7128914709998241
COD10K-CAM-3-Flying-60-Heron-3898,0.06298360228538513,0.702177278126602,0.3429951974705145,0.8269362114817995
COD10K-CAM-3-Flying-60-Heron-3900,0.08384767174720764,0.46198492142638625,0.042509514474382205,0.5050715221214896
COD10K-CAM-3-Flying-60-Heron-3901,0.037569232285022736,0.6964158977570787,0.3182175985233176,0.8020969402043701
COD10K-CAM-3-Flying-60-Heron-3906,0.05708858743309975,0.819229382396623,0.5569537461193413,0.757803807407788
COD10K-CAM-3-Flying-60-Heron-3909,0.05907105654478073,0.5366003739780125,0.11575172408460768,0.7363744679455049
COD10K-CAM-3-Flying-60-Heron-3911,0.029804155230522156,0.5261888845920473,0.08042433782335044,0.5401999809385867
COD10K-CAM-3-Flying-60-Heron-3912,0.0034430273808538914,0.5018947010030439,0.0015158120289025278,0.2570476185917555
COD10K-CAM-3-Flying-60-Heron-3918,0.03859599307179451,0.6360399311421726,0.13064232935221787,0.6597894781104073
COD10K-CAM-3-Flying-60-Heron-3921,0.04990655556321144,0.5490116152720159,0.03633282785829671,0.4434029631830733
COD10K-CAM-3-Flying-60-Heron-3922,0.037221357226371765,0.5863170050281622,0.13809692342351512,0.5360226428093966
COD10K-CAM-3-Flying-60-Heron-3925,0.04207422211766243,0.6246316997906063,0.19607854736944255,0.6533797670823405
COD10K-CAM-3-Flying-60-Heron-3927,0.021645255386829376,0.8375961260510807,0.39174418497947844,0.7838926132051182
COD10K-CAM-3-Flying-60-Heron-3928,0.07920384407043457,0.7404775898350713,0.33867038697337853,0.7384680936440111
COD10K-CAM-3-Flying-61-Katydid-3939,0.1451268345117569,0.6056329848483237,0.25285176862193803,0.700590265590197
COD10K-CAM-3-Flying-61-Katydid-3942,0.061213210225105286,0.7685139082282093,0.6800975129674827,0.8332595569247456
COD10K-CAM-3-Flying-61-Katydid-3949,0.12465918064117432,0.4380648520072278,0.02105286982094213,0.5562970456036938
COD10K-CAM-3-Flying-61-Katydid-3950,0.06474830210208893,0.8618415934438239,0.7839545173327844,0.8276659515806026
COD10K-CAM-3-Flying-61-Katydid-3951,0.06261445581912994,0.7808142657155843,0.5403178433694928,0.8795631745581124
COD10K-CAM-3-Flying-61-Katydid-3952,0.14292177557945251,0.5914760586804557,0.3372849063128888,0.7810983049237286
COD10K-CAM-3-Flying-61-Katydid-3956,0.06943391263484955,0.8065884223453863,0.7356542082778353,0.8601471259299376
COD10K-CAM-3-Flying-61-Katydid-3958,0.05897211655974388,0.5306817350517438,0.12631186726602453,0.5789190906431121
COD10K-CAM-3-Flying-61-Katydid-3962,0.15283119678497314,0.6514017291718669,0.5999200968338738,0.6083524489974022
COD10K-CAM-3-Flying-61-Katydid-3964,0.11280907690525055,0.5706312150963608,0.3338413180306416,0.6075551873616223
COD10K-CAM-3-Flying-61-Katydid-3965,0.14061084389686584,0.6661989747248347,0.508487741199417,0.697968926132646
COD10K-CAM-3-Flying-61-Katydid-3968,0.11078488081693649,0.600865730349714,0.22757703109297264,0.7505939613047086
COD10K-CAM-3-Flying-61-Katydid-3971,0.1707451194524765,0.6779131341477236,0.7406796334724017,0.688839282247395
COD10K-CAM-3-Flying-61-Katydid-3976,0.08707394450902939,0.6756106506608964,0.30916666940284177,0.7766165639708142
COD10K-CAM-3-Flying-61-Katydid-3979,0.11215301603078842,0.7841637627632994,0.7468826394041213,0.7600431705364719
COD10K-CAM-3-Flying-61-Katydid-3980,0.1610276699066162,0.5388352927056747,0.35391864881294394,0.6549942113268498
COD10K-CAM-3-Flying-61-Katydid-3982,0.0497131422162056,0.726884443401934,0.4125609444835801,0.8321484411023273
COD10K-CAM-3-Flying-61-Katydid-3983,0.06867007911205292,0.7374566394338642,0.43942589185544884,0.8097952096673695
COD10K-CAM-3-Flying-61-Katydid-3987,0.10128353536128998,0.6952930782609139,0.5900747451318772,0.7377220797659931
COD10K-CAM-3-Flying-61-Katydid-3988,0.06713730841875076,0.46542320645579544,0.021634756618560905,0.6785430251710844
COD10K-CAM-3-Flying-61-Katydid-3990,0.09192883968353271,0.432254661713049,0.015219910529725555,0.6071862955174714
COD10K-CAM-3-Flying-61-Katydid-3993,0.031431570649147034,0.8947608922906247,0.6951674322101257,0.9350067063759666
COD10K-CAM-3-Flying-61-Katydid-3994,0.07918641716241837,0.6978634680848881,0.31499338297180635,0.7235169186190494
COD10K-CAM-3-Flying-61-Katydid-4003,0.09972906857728958,0.703675440018643,0.4079815397511369,0.7800175254463629
COD10K-CAM-3-Flying-61-Katydid-4004,0.1146213710308075,0.45282723331786784,0.011342926091090512,0.48023134941692236
COD10K-CAM-3-Flying-61-Katydid-4006,0.050792742520570755,0.5304512612606412,0.19766042138475118,0.71501472075814
COD10K-CAM-3-Flying-61-Katydid-4008,0.11953076720237732,0.6725008206913603,0.47666557193020526,0.7563580770637717
COD10K-CAM-3-Flying-61-Katydid-4014,0.07001718133687973,0.45140015966934505,0.024818594754173605,0.3344978793089488
COD10K-CAM-3-Flying-61-Katydid-4016,0.13376493752002716,0.6448517650545051,0.45435412833063366,0.7568267850291088
COD10K-CAM-3-Flying-61-Katydid-4020,0.06438962370157242,0.871457210902918,0.7237692479385593,0.8982583921625253
COD10K-CAM-3-Flying-61-Katydid-4021,0.11269459128379822,0.49242393040319216,0.16030048922728227,0.7904112345360517
COD10K-CAM-3-Flying-61-Katydid-4022,0.06915394216775894,0.7741665181272546,0.4969196914800285,0.872800027766458
COD10K-CAM-3-Flying-61-Katydid-4023,0.10260932147502899,0.7321500159307568,0.48223369217775963,0.8262308488668393
COD10K-CAM-3-Flying-61-Katydid-4025,0.07082127779722214,0.8687426825427724,0.7415408685881645,0.8789049698724976
COD10K-CAM-3-Flying-61-Katydid-4027,0.03926688805222511,0.878466615205528,0.653979170543906,0.9193827251347356
COD10K-CAM-3-Flying-61-Katydid-4035,0.07263439148664474,0.725573045505405,0.452260287885594,0.7392902623225891
COD10K-CAM-3-Flying-61-Katydid-4037,0.044316451996564865,0.8065151541436404,0.4449135507819531,0.8389157277036643
COD10K-CAM-3-Flying-61-Katydid-4042,0.04821229353547096,0.6036251636153718,0.18117783346677305,0.7248580222083325
COD10K-CAM-3-Flying-61-Katydid-4045,0.06840085238218307,0.7603208715166883,0.562884688307517,0.8694091885540309
COD10K-CAM-3-Flying-61-Katydid-4047,0.04359199479222298,0.638749644257894,0.2959771237903345,0.8387204501894182
COD10K-CAM-3-Flying-61-Katydid-4051,0.06394294649362564,0.734378836861254,0.4615382158701763,0.8515415443248815
COD10K-CAM-3-Flying-61-Katydid-4054,0.17742881178855896,0.5931797348183776,0.5658020733015147,0.566672869947106
COD10K-CAM-3-Flying-61-Katydid-4059,0.0816347673535347,0.4701657707046686,0.04129254528108911,0.7028989085304613
COD10K-CAM-3-Flying-61-Katydid-4060,0.0653972178697586,0.8663943983125428,0.7713663607972251,0.8652430608233871
COD10K-CAM-3-Flying-61-Katydid-4062,0.10522481799125671,0.6557769200302517,0.35851304720707927,0.7814052900319138
COD10K-CAM-3-Flying-61-Katydid-4063,0.06385819613933563,0.6027481085541062,0.251405298128125,0.7964239688952373
COD10K-CAM-3-Flying-61-Katydid-4064,0.04901798069477081,0.7666227895875588,0.4845131169510243,0.9070672254644614
COD10K-CAM-3-Flying-61-Katydid-4068,0.06724238395690918,0.752703002364598,0.5315853916130263,0.8166802122324259
COD10K-CAM-3-Flying-61-Katydid-4073,0.04132530093193054,0.46429762678268144,0.00011082424569358406,0.2591754869078341
COD10K-CAM-3-Flying-61-Katydid-4074,0.0839366763830185,0.6497207869375683,0.22259741357047913,0.6611702193694824
COD10K-CAM-3-Flying-61-Katydid-4075,0.05339791625738144,0.5597702806272384,0.12244968784835078,0.5544627167865223
COD10K-CAM-3-Flying-61-Katydid-4077,0.04026215896010399,0.5937161985620132,0.07307134120324901,0.5869491148722688
COD10K-CAM-3-Flying-61-Katydid-4080,0.11600824445486069,0.4612160750622156,0.011100609040581945,0.3062351384349905
COD10K-CAM-3-Flying-61-Katydid-4082,0.07332707196474075,0.8281621562358483,0.6343791781298296,0.8427939256143617
COD10K-CAM-3-Flying-61-Katydid-4085,0.09196339547634125,0.7122387367056437,0.5060394812503468,0.8317775876843865
COD10K-CAM-3-Flying-61-Katydid-4086,0.07384131848812103,0.8470777576341695,0.6891826417970336,0.888400179554153
COD10K-CAM-3-Flying-61-Katydid-4087,0.06385232508182526,0.8030740491068535,0.7441926544643069,0.8531707678514715
COD10K-CAM-3-Flying-61-Katydid-4091,0.052517469972372055,0.5998808147000514,0.10711835561063907,0.7450671715199877
COD10K-CAM-3-Flying-61-Katydid-4093,0.06327658146619797,0.8284922905124297,0.657707056114691,0.9020207478555321
COD10K-CAM-3-Flying-61-Katydid-4094,0.09099727123975754,0.6861836347137842,0.3748795825224254,0.8183557253220533
COD10K-CAM-3-Flying-61-Katydid-4101,0.04612574353814125,0.8316144628011477,0.6720321030997868,0.8936493852612414
COD10K-CAM-3-Flying-61-Katydid-4102,0.047983210533857346,0.4726875766220347,0.009605786069939466,0.5295752775631524
COD10K-CAM-3-Flying-61-Katydid-4107,0.059875160455703735,0.6276912912175256,0.2215946200844413,0.7722246903051
COD10K-CAM-3-Flying-61-Katydid-4108,0.06890928745269775,0.7411572007707978,0.3917065296258907,0.8104307415721679
COD10K-CAM-3-Flying-61-Katydid-4110,0.13566827774047852,0.5273709336698087,0.3582383898139995,0.4319751771890987
COD10K-CAM-3-Flying-61-Katydid-4111,0.13356824219226837,0.48174532635877365,0.09447630144032368,0.4281270738657657
COD10K-CAM-3-Flying-61-Katydid-4112,0.03851062431931496,0.7443327396121104,0.49103366084112837,0.8306241198472517
COD10K-CAM-3-Flying-61-Katydid-4115,0.19753257930278778,0.6396591077036463,0.5742186955072061,0.5560415908685952
COD10K-CAM-3-Flying-61-Katydid-4117,0.06662923842668533,0.5423926201676271,0.14970455873176367,0.7190432845634492
COD10K-CAM-3-Flying-61-Katydid-4118,0.16509535908699036,0.6124139090965546,0.5892766776839528,0.5695073121255987
COD10K-CAM-3-Flying-61-Katydid-4121,0.10641080141067505,0.4361093752991377,0.004753101320610212,0.602599468780969
COD10K-CAM-3-Flying-61-Katydid-4122,0.092746302485466,0.5300036370390174,0.07023194310026189,0.4239691199828717
COD10K-CAM-3-Flying-61-Katydid-4125,0.040654752403497696,0.6602266287683861,0.3998484619170122,0.89166582431629
COD10K-CAM-3-Flying-61-Katydid-4126,0.07269082218408585,0.45011596130922016,0.0003348193207810918,0.45839240334737236
COD10K-CAM-3-Flying-61-Katydid-4130,0.1014970913529396,0.6706953345498464,0.5329794070313509,0.785457153522394
COD10K-CAM-3-Flying-61-Katydid-4131,0.07716438919305801,0.8349704950476007,0.7685706475351621,0.8187914279283144
COD10K-CAM-3-Flying-61-Katydid-4133,0.07681103050708771,0.8068980087267588,0.7194330519955557,0.8411315707733612
COD10K-CAM-3-Flying-61-Katydid-4141,0.12555775046348572,0.6729580780703992,0.3746828853446415,0.7892280658592847
COD10K-CAM-3-Flying-61-Katydid-4142,0.04546632617712021,0.7343176750580712,0.43866811597845234,0.7606928618628302
COD10K-CAM-3-Flying-61-Katydid-4144,0.1193065494298935,0.6477752469332996,0.4173822510355691,0.7751879946921565
COD10K-CAM-3-Flying-61-Katydid-4145,0.07376466691493988,0.7101692949494207,0.4243652122309525,0.8454445214418969
COD10K-CAM-3-Flying-61-Katydid-4147,0.1137748584151268,0.6477760617871439,0.38395732731579746,0.6331608298697466
COD10K-CAM-3-Flying-61-Katydid-4153,0.0368029847741127,0.630675992957064,0.19601952070631767,0.7359917728614586
COD10K-CAM-3-Flying-61-Katydid-4154,0.1460021734237671,0.6839553908085221,0.7324327558762257,0.6818383777680128
COD10K-CAM-3-Flying-61-Katydid-4155,0.07553455978631973,0.7690596618378511,0.6691255364307063,0.8343607719885343
COD10K-CAM-3-Flying-61-Katydid-4156,0.07321915775537491,0.640405122521041,0.3901101477368123,0.6585538573423495
COD10K-CAM-3-Flying-61-Katydid-4159,0.07796026021242142,0.6166384934523274,0.33414224535520853,0.7817462784663196
COD10K-CAM-3-Flying-61-Katydid-4160,0.06010817363858223,0.8600150205103109,0.6787957180962079,0.9035254831753734
COD10K-CAM-3-Flying-61-Katydid-4161,0.0978270098567009,0.7307637097940252,0.3959738531487368,0.7869287861975306
COD10K-CAM-3-Flying-61-Katydid-4162,0.13174687325954437,0.47461535237757246,0.1347387854662084,0.7709726585224107
COD10K-CAM-3-Flying-61-Katydid-4166,0.07678729295730591,0.7522666349455452,0.4605661577024296,0.8403144690701307
COD10K-CAM-3-Flying-61-Katydid-4167,0.07692007720470428,0.7814277451634493,0.6442410095901302,0.7878428976289287
COD10K-CAM-3-Flying-61-Katydid-4173,0.04201582446694374,0.773105490404804,0.515484808210182,0.8367957737894628
COD10K-CAM-3-Flying-61-Katydid-4174,0.06393857300281525,0.46544291148536665,0.0035783489650675275,0.4829177070918145
COD10K-CAM-3-Flying-61-Katydid-4176,0.05181732028722763,0.7381974789986661,0.5310940103879145,0.8163613439527524
COD10K-CAM-3-Flying-61-Katydid-4177,0.1094529777765274,0.4439590995105812,0.04880769421720301,0.8190195427165573
COD10K-CAM-3-Flying-61-Katydid-4180,0.11129001528024673,0.4399180429803232,0.03267035059309883,0.7480913896733883
COD10K-CAM-3-Flying-61-Katydid-4189,0.08688659965991974,0.6925507359138625,0.32609106264585197,0.759603145738651
COD10K-CAM-3-Flying-61-Katydid-4191,0.11070254445075989,0.7679328895689479,0.6728664086091684,0.7634394612730999
COD10K-CAM-3-Flying-61-Katydid-4193,0.10364937037229538,0.8270646917871814,0.7362593305565891,0.8288926242758916
COD10K-CAM-3-Flying-61-Katydid-4196,0.13501209020614624,0.47416453780940665,0.13549279111061965,0.3980499894072747
COD10K-CAM-3-Flying-61-Katydid-4198,0.15621092915534973,0.6336132565139985,0.4411281418810659,0.702578200948777
COD10K-CAM-3-Flying-61-Katydid-4201,0.055305365473032,0.7471586421652858,0.4491495060054956,0.7726161805845077
COD10K-CAM-3-Flying-61-Katydid-4203,0.0953039899468422,0.5866743557168215,0.13340658300985636,0.6525443266586768
COD10K-CAM-3-Flying-61-Katydid-4204,0.0706915333867073,0.676459932633844,0.2923869689323593,0.7891178311980336
COD10K-CAM-3-Flying-61-Katydid-4205,0.0877680703997612,0.47730217236040307,0.06523098746577911,0.6485391136739532
COD10K-CAM-3-Flying-61-Katydid-4206,0.059452444314956665,0.459347116554324,0.01291717275444502,0.2932953196978331
COD10K-CAM-3-Flying-61-Katydid-4209,0.05787546560168266,0.6873874290004655,0.33889951935343127,0.7877802395045117
COD10K-CAM-3-Flying-61-Katydid-4215,0.0634152740240097,0.6965201006302735,0.5468991790112193,0.7368176631299395
COD10K-CAM-3-Flying-61-Katydid-4216,0.09323543310165405,0.45608831515399373,0.01288461251620861,0.31336566442206126
COD10K-CAM-3-Flying-61-Katydid-4218,0.02798824943602085,0.7433896775098695,0.4500110996663101,0.8826265341083335
COD10K-CAM-3-Flying-61-Katydid-4219,0.09376303106546402,0.7898269884197233,0.6263474592666908,0.7995068401981231
COD10K-CAM-3-Flying-61-Katydid-4220,0.03855441138148308,0.6297752512856639,0.1875025747008505,0.6238190999300716
COD10K-CAM-3-Flying-61-Katydid-4221,0.028549769893288612,0.49993400831030105,0.036456667107094255,0.28350045130776147
COD10K-CAM-3-Flying-61-Katydid-4222,0.03135077655315399,0.4958089529578607,0.0279932786709606,0.3819651073861564
COD10K-CAM-3-Flying-61-Katydid-4224,0.21518710255622864,0.5016171581215009,0.06390499838671292,0.41155109741159934
COD10K-CAM-3-Flying-61-Katydid-4225,0.08804965764284134,0.6534537895847274,0.29656340961709643,0.8018898220166526
COD10K-CAM-3-Flying-61-Katydid-4228,0.051894307136535645,0.9169835902615537,0.8235398770972873,0.9149883915541737
COD10K-CAM-3-Flying-61-Katydid-4229,0.15880802273750305,0.637534930530409,0.3031294256291767,0.6774999771279846
COD10K-CAM-3-Flying-61-Katydid-4230,0.09195281565189362,0.7689890222248192,0.4677025048056604,0.8268464522816594
COD10K-CAM-3-Flying-61-Katydid-4231,0.06840506941080093,0.7640885390437966,0.4144616908299533,0.8336907766052511
COD10K-CAM-3-Flying-61-Katydid-4232,0.08718297630548477,0.7578262306082091,0.6058113740802934,0.8113309870189909
COD10K-CAM-3-Flying-61-Katydid-4234,0.0855046957731247,0.6865875671232442,0.391423278758273,0.8124409297441868
COD10K-CAM-3-Flying-61-Katydid-4237,0.07039659470319748,0.6951800332402309,0.4911278392154369,0.7744591456424426
COD10K-CAM-3-Flying-61-Katydid-4238,0.1471448838710785,0.44223762024530044,0.0770225344328481,0.6020692140141731
COD10K-CAM-3-Flying-61-Katydid-4240,0.10405705124139786,0.5699248264619764,0.18985933921880072,0.593458132782513
COD10K-CAM-3-Flying-61-Katydid-4241,0.08513735979795456,0.8114942194946064,0.7868588474909457,0.836675627648827
COD10K-CAM-3-Flying-61-Katydid-4242,0.045108236372470856,0.7562778072397125,0.5406878867859037,0.8736979921503935
COD10K-CAM-3-Flying-61-Katydid-4244,0.08015494048595428,0.7655745340895973,0.5459793958413399,0.7938289166556441
COD10K-CAM-3-Flying-62-Mantis-4245,0.09625527262687683,0.5214804021973615,0.1266353397851431,0.4800165035339742
COD10K-CAM-3-Flying-62-Mantis-4247,0.06887548416852951,0.6330159857042792,0.1525448540687419,0.6367069696483101
COD10K-CAM-3-Flying-62-Mantis-4248,0.07834206521511078,0.5529022249897798,0.1638428135442744,0.7016118839118834
COD10K-CAM-3-Flying-62-Mantis-4253,0.12004555016756058,0.4738062046505722,0.09837546113132865,0.7033557659343248
COD10K-CAM-3-Flying-62-Mantis-4255,0.126814067363739,0.4849912176243559,0.1270547619047239,0.6171839108602778
COD10K-CAM-3-Flying-62-Mantis-4256,0.047401830554008484,0.63839825650459,0.410552892626077,0.7667126592826394
COD10K-CAM-3-Flying-62-Mantis-4258,0.08859022706747055,0.7216191702139721,0.590878018430052,0.7564327500528905
COD10K-CAM-3-Flying-62-Mantis-4262,0.03400242328643799,0.7003690307930872,0.19899407453455956,0.6881214579168871
COD10K-CAM-3-Flying-62-Mantis-4265,0.06338564306497574,0.5179620378900058,0.07559851701125986,0.4537609470191506
COD10K-CAM-3-Flying-62-Mantis-4268,0.07836993783712387,0.5653331812594015,0.07777470112821787,0.5167589913597389
COD10K-CAM-3-Flying-62-Mantis-4270,0.20382370054721832,0.3918496671015462,0.06488074595663851,0.6753985997902698
COD10K-CAM-3-Flying-62-Mantis-4272,0.10589649528265,0.6769409566157549,0.5241518737203033,0.7467958981576082
COD10K-CAM-3-Flying-62-Mantis-4274,0.05598297715187073,0.8090172251821516,0.5019185431839207,0.8458105156410205
COD10K-CAM-3-Flying-62-Mantis-4276,0.043522898107767105,0.6676845655787553,0.33371727912888527,0.8001585425942912
COD10K-CAM-3-Flying-62-Mantis-4278,0.07169336080551147,0.6609551703851338,0.3008194297071812,0.8465904737580083
COD10K-CAM-3-Flying-62-Mantis-4279,0.08471706509590149,0.5988529447189214,0.35425293031270805,0.8625881848934971
COD10K-CAM-3-Flying-62-Mantis-4281,0.20306402444839478,0.5752906953404379,0.5402295049241068,0.5421553396276847
COD10K-CAM-3-Flying-62-Mantis-4283,0.15197716653347015,0.6448407599159411,0.6003586199171679,0.6141337522844874
COD10K-CAM-3-Flying-62-Mantis-4285,0.047209419310092926,0.6144012182067956,0.1667504022169682,0.7402373632453452
COD10K-CAM-3-Flying-62-Mantis-4287,0.05707915499806404,0.7579366067983124,0.31873608453710056,0.7440610728063315
COD10K-CAM-3-Flying-62-Mantis-4288,0.04249828681349754,0.8042559307681936,0.46453793837266066,0.8767375389079812
COD10K-CAM-3-Flying-62-Mantis-4296,0.02905711717903614,0.6533721895026958,0.20000012382822666,0.7899048010005808
COD10K-CAM-3-Flying-62-Mantis-4297,0.06782805174589157,0.5940916257902731,0.28074027818540115,0.787751080281651
COD10K-CAM-3-Flying-62-Mantis-4301,0.06262592226266861,0.7383346973564764,0.44253059978913717,0.7755533369226738
COD10K-CAM-3-Flying-62-Mantis-4302,0.07377582043409348,0.727137731515777,0.3701985920612434,0.8116402812999294
COD10K-CAM-3-Flying-62-Mantis-4307,0.12445060908794403,0.6559458650459669,0.5139955925365508,0.6468410887915386
COD10K-CAM-3-Flying-62-Mantis-4308,0.04143797978758812,0.5021097207508235,0.04480704767799474,0.40975869446059077
COD10K-CAM-3-Flying-62-Mantis-4310,0.03215666860342026,0.5025237086906255,0.03696709343316015,0.39650273418953713
COD10K-CAM-3-Flying-62-Mantis-4313,0.06717649102210999,0.6722033358982977,0.27232743404486986,0.7637149242517032
COD10K-CAM-3-Flying-62-Mantis-4314,0.05538064241409302,0.610705905399512,0.28567507203677495,0.8319881053910241
COD10K-CAM-3-Flying-62-Mantis-4315,0.05832596495747566,0.6783322113758108,0.4036328110807632,0.8253792339337385
COD10K-CAM-3-Flying-62-Mantis-4316,0.12029118835926056,0.6351602054904403,0.5015007192060287,0.7139860937571474
COD10K-CAM-3-Flying-62-Mantis-4319,0.07518330216407776,0.759607928593857,0.5406531517030506,0.7369505296164627
COD10K-CAM-3-Flying-62-Mantis-4321,0.06210114061832428,0.6172218143679069,0.20620324734499737,0.6549470012694164
COD10K-CAM-3-Flying-62-Mantis-4325,0.06469299644231796,0.6871779171223118,0.3135845610511407,0.818784025181281
COD10K-CAM-3-Flying-62-Mantis-4328,0.12609051167964935,0.5624793180119022,0.1860676055224747,0.6358049133338253
COD10K-CAM-3-Flying-62-Mantis-4330,0.051963940262794495,0.7893071120237345,0.5445215000937255,0.8455070393656748
COD10K-CAM-3-Flying-62-Mantis-4339,0.10153287649154663,0.5666372964995148,0.3722463736415428,0.46556049193698157
COD10K-CAM-3-Flying-62-Mantis-4341,0.03617827966809273,0.5569524707912823,0.06465385088365169,0.5073806075886702
COD10K-CAM-3-Flying-62-Mantis-4342,0.13264517486095428,0.6303802856353389,0.3740751706509577,0.6621725053513248
COD10K-CAM-3-Flying-62-Mantis-4344,0.06847386062145233,0.6115936809746032,0.3845169209603886,0.7162864030541172
COD10K-CAM-3-Flying-62-Mantis-4346,0.06135562062263489,0.8270580753762004,0.6533131751647407,0.7738532923999246
COD10K-CAM-3-Flying-62-Mantis-4347,0.06011985242366791,0.7940057879024562,0.4432143460407444,0.8171926352820595
COD10K-CAM-3-Flying-62-Mantis-4349,0.06924553215503693,0.6429210306230235,0.34001868344933894,0.6282077787822331
COD10K-CAM-3-Flying-62-Mantis-4350,0.17413046956062317,0.403621568532202,0.0038870128837557496,0.43095533150482046
COD10K-CAM-3-Flying-62-Mantis-4355,0.08901577442884445,0.5871476940423599,0.3047693584886226,0.7756967321762269
COD10K-CAM-3-Flying-62-Mantis-4358,0.08115873485803604,0.6647412797008064,0.37455666891617834,0.8512853188636312
COD10K-CAM-3-Flying-62-Mantis-4359,0.029852399602532387,0.603414672169393,0.04866086734395736,0.52170694372489
COD10K-CAM-3-Flying-62-Mantis-4360,0.05941593274474144,0.8923109789074517,0.8462601588745223,0.8691389807617045
COD10K-CAM-3-Flying-62-Mantis-4361,0.031517915427684784,0.8605681764251555,0.5115205869083981,0.864872905610867
COD10K-CAM-3-Flying-62-Mantis-4362,0.07502163201570511,0.8431611103469727,0.801034426529378,0.828233055224253
COD10K-CAM-3-Flying-62-Mantis-4363,0.03807244822382927,0.8130348031976102,0.4553186467776206,0.870459716738778
COD10K-CAM-3-Flying-62-Mantis-4364,0.12312515825033188,0.635872715788815,0.5259650627753379,0.6791404806254093
COD10K-CAM-3-Flying-62-Mantis-4372,0.18778717517852783,0.5916207172024993,0.5037036549699015,0.5679046477834145
COD10K-CAM-3-Flying-62-Mantis-4373,0.0839739441871643,0.5052353534822426,0.10579735855794868,0.83042559356419
COD10K-CAM-3-Flying-62-Mantis-4375,0.0880059003829956,0.49888834371381596,0.14789280147611028,0.8343682490528963
COD10K-CAM-3-Flying-62-Mantis-4376,0.053194399923086166,0.8522052960043924,0.6196830169870214,0.9055573924057219
COD10K-CAM-3-Flying-62-Mantis-4378,0.14994359016418457,0.6407920557111222,0.3350042126706884,0.7042327712199248
COD10K-CAM-3-Flying-62-Mantis-4380,0.046791378408670425,0.6518731536332252,0.29075518692491265,0.8433861224527128
COD10K-CAM-3-Flying-62-Mantis-4382,0.09476637095212936,0.4707426780929513,0.09856221779115291,0.7227878906940851
COD10K-CAM-3-Flying-62-Mantis-4384,0.06486428529024124,0.5710265671607558,0.14786879417493476,0.6032074070616458
COD10K-CAM-3-Flying-62-Mantis-4386,0.06014565750956535,0.677747850532775,0.4654564870096915,0.5521030650548049
COD10K-CAM-3-Flying-63-Mockingbird-4387,0.05176152288913727,0.7578521081317431,0.3918817452233745,0.8002179771214498
COD10K-CAM-3-Flying-63-Mockingbird-4389,0.05995887517929077,0.5030488864437357,0.06512760177423117,0.42581212426803605
COD10K-CAM-3-Flying-63-Mockingbird-4392,0.06816323101520538,0.4530447572630603,0.0016585736625582782,0.2984998766266572
COD10K-CAM-3-Flying-63-Mockingbird-4403,0.051334138959646225,0.6846511691098877,0.20340209001222848,0.6918886164838695
COD10K-CAM-3-Flying-63-Mockingbird-4405,0.10629263520240784,0.5828536027499164,0.17841017181450833,0.5931385046276799
COD10K-CAM-3-Flying-63-Mockingbird-4406,0.020647279918193817,0.7205342655992537,0.17042460621340516,0.4805480165621144
COD10K-CAM-3-Flying-63-Mockingbird-4407,0.05893312394618988,0.5897279777321983,0.1743777312762219,0.6333000827445503
COD10K-CAM-3-Flying-63-Mockingbird-4408,0.08104637265205383,0.5413559048218113,0.14054331464841074,0.5991573321158943
COD10K-CAM-3-Flying-63-Mockingbird-4409,0.052292127162218094,0.8829634109448151,0.7549435279466931,0.899070209194242
COD10K-CAM-3-Flying-63-Mockingbird-4410,0.04336930066347122,0.4806261124970198,0.028036087291747887,0.4163265441693958
COD10K-CAM-3-Flying-63-Mockingbird-4414,0.04224024713039398,0.5498572740494331,0.0930030912024349,0.48733788088627245
COD10K-CAM-3-Flying-63-Mockingbird-4417,0.045163724571466446,0.4982590745410848,0.0381371309796875,0.5641709137908295
COD10K-CAM-3-Flying-63-Mockingbird-4426,0.042015478014945984,0.6284963719062803,0.09568410024987128,0.5696671843173893
COD10K-CAM-3-Flying-63-Mockingbird-4427,0.038621142506599426,0.6524675838454803,0.12751498867939462,0.5486913909170483
COD10K-CAM-3-Flying-64-Moth-4430,0.080514095723629,0.7343608275750826,0.6059680617747999,0.7958736532739135
COD10K-CAM-3-Flying-64-Moth-4431,0.07523650676012039,0.7926243237398661,0.5147333543789493,0.8302429308488948
COD10K-CAM-3-Flying-64-Moth-4432,0.07630190253257751,0.725724977413093,0.47034249480052864,0.8388129926981117
COD10K-CAM-3-Flying-64-Moth-4433,0.05862279236316681,0.884114409390878,0.6311539895224555,0.8759672189601401
COD10K-CAM-3-Flying-64-Moth-4443,0.06685653328895569,0.7143967608948067,0.4095360928799685,0.6931751284710138
COD10K-CAM-3-Flying-64-Moth-4444,0.06020430102944374,0.8676032174647215,0.6250291381787602,0.8834432864373982
COD10K-CAM-3-Flying-64-Moth-4446,0.174329474568367,0.44032964631044585,0.08641065453478283,0.6614477362053263
COD10K-CAM-3-Flying-64-Moth-4447,0.03915320336818695,0.9007918959923255,0.7858048458716526,0.9082939788192166
COD10K-CAM-3-Flying-64-Moth-4448,0.19443583488464355,0.6165206228478671,0.48203661706225814,0.6675875758752268
COD10K-CAM-3-Flying-64-Moth-4450,0.10758813470602036,0.7278257083151651,0.5426400700694975,0.7761059547872082
COD10K-CAM-3-Flying-64-Moth-4452,0.10416717827320099,0.8350191136933769,0.7977280382773918,0.8195074424463661
COD10K-CAM-3-Flying-64-Moth-4453,0.31626787781715393,0.3704356658340741,0.2435138451995452,0.30861160452817005
COD10K-CAM-3-Flying-64-Moth-4454,0.06680066138505936,0.7689296600254223,0.3796708093697095,0.7866467170438705
COD10K-CAM-3-Flying-64-Moth-4455,0.04755263030529022,0.8963679024270498,0.7788385220089621,0.9206228148235858
COD10K-CAM-3-Flying-64-Moth-4457,0.14435406029224396,0.7342493083864607,0.7586896153756272,0.7342327941696248
COD10K-CAM-3-Flying-64-Moth-4460,0.04472215101122856,0.7546945252782553,0.2867816132457649,0.7057457899873186
COD10K-CAM-3-Flying-64-Moth-4461,0.0674813985824585,0.6199694937000241,0.44441775971312114,0.5147532603221521
COD10K-CAM-3-Flying-64-Moth-4467,0.10797199606895447,0.5057771644673037,0.18126389748868096,0.7132016807019739
COD10K-CAM-3-Flying-64-Moth-4469,0.12534774839878082,0.8151426019573,0.8310644890892738,0.789535874715976
COD10K-CAM-3-Flying-64-Moth-4471,0.1574265956878662,0.5411738577850385,0.2017361329057775,0.7348197263535241
COD10K-CAM-3-Flying-64-Moth-4473,0.10829184949398041,0.7864157420417578,0.6607078012196835,0.8293811030835474
COD10K-CAM-3-Flying-64-Moth-4476,0.16651533544063568,0.5176149578130755,0.27838079649426156,0.667901904343637
COD10K-CAM-3-Flying-64-Moth-4479,0.07985728979110718,0.6635926455376668,0.2022976094997812,0.6163598994255963
COD10K-CAM-3-Flying-64-Moth-4480,0.07943065464496613,0.5047970093104643,0.0792641406169518,0.3928595439003433
COD10K-CAM-3-Flying-64-Moth-4481,0.04005277156829834,0.7576091748827247,0.33578268310695125,0.7309343060216332
COD10K-CAM-3-Flying-64-Moth-4482,0.06928209960460663,0.746366239956881,0.38813589186950986,0.8111773261880613
COD10K-CAM-3-Flying-64-Moth-4483,0.05159367248415947,0.7109680624756867,0.422878132899563,0.8033614140220107
COD10K-CAM-3-Flying-64-Moth-4489,0.06027086451649666,0.5414521046779921,0.08405124706160885,0.5077737335843702
COD10K-CAM-3-Flying-64-Moth-4491,0.15468178689479828,0.4843510928626177,0.34203527192268657,0.3719899813370401
COD10K-CAM-3-Flying-64-Moth-4499,0.1060250923037529,0.7576267839532785,0.6660986828092436,0.7396019543326477
COD10K-CAM-3-Flying-64-Moth-4503,0.05629972741007805,0.8438100992219233,0.5488403638255849,0.8637490745014218
COD10K-CAM-3-Flying-65-Owl-4510,0.06986400485038757,0.8725716566099513,0.6790794828491711,0.893190857538424
COD10K-CAM-3-Flying-65-Owl-4511,0.06340844184160233,0.6236864348121032,0.2181833390344366,0.6014958267338195
COD10K-CAM-3-Flying-65-Owl-4514,0.13332726061344147,0.7556989401640775,0.628723372447919,0.7599971437756838
COD10K-CAM-3-Flying-65-Owl-4515,0.1170654445886612,0.8264659501970186,0.8161560165593639,0.7938949059187521
COD10K-CAM-3-Flying-65-Owl-4517,0.06454196572303772,0.8609425653647416,0.8483448700772891,0.8874295070617029
COD10K-CAM-3-Flying-65-Owl-4519,0.049673739820718765,0.5752185421893876,0.05808420464289359,0.4579950179395613
COD10K-CAM-3-Flying-65-Owl-4520,0.07812229543924332,0.5170864027258514,0.17187791544846717,0.7362297403219784
COD10K-CAM-3-Flying-65-Owl-4522,0.04243851080536842,0.8148851783425712,0.3960476965455336,0.78643860293592
COD10K-CAM-3-Flying-65-Owl-4527,0.1597910076379776,0.580347180048217,0.31564574691186814,0.7575804348066812
COD10K-CAM-3-Flying-65-Owl-4528,0.05329141020774841,0.47275188995017037,0.03046097419080739,0.6119392781624025
COD10K-CAM-3-Flying-65-Owl-4529,0.05201272293925285,0.5402044650330486,0.15063144529076125,0.4492787950765962
COD10K-CAM-3-Flying-65-Owl-4530,0.09689440578222275,0.4271059723936642,0.008066149552717113,0.7381451215306027
COD10K-CAM-3-Flying-65-Owl-4531,0.0859329029917717,0.7781918761883515,0.6330918270415624,0.8601639978442788
COD10K-CAM-3-Flying-65-Owl-4533,0.024489348754286766,0.5501951428861791,0.0764027832468183,0.44634097247980137
COD10K-CAM-3-Flying-65-Owl-4534,0.05803833156824112,0.7725101003339715,0.4122368176523814,0.8015068437121968
COD10K-CAM-3-Flying-65-Owl-4535,0.059793874621391296,0.6046114057489564,0.2789649438795492,0.7705322625077691
COD10K-CAM-3-Flying-65-Owl-4536,0.07733242213726044,0.7729252622592793,0.6668974075936572,0.807175616737072
COD10K-CAM-3-Flying-65-Owl-4537,0.08611597120761871,0.5602822194844018,0.17850101610872307,0.7882383188211828
COD10K-CAM-3-Flying-65-Owl-4540,0.07338625192642212,0.7414363434209714,0.48684878254923447,0.8072109187285146
COD10K-CAM-3-Flying-65-Owl-4543,0.08269912749528885,0.7874718993636127,0.5506822280886354,0.8065267058051784
COD10K-CAM-3-Flying-65-Owl-4550,0.10719611495733261,0.7172163943365898,0.547293774612494,0.7409147091764219
COD10K-CAM-3-Flying-65-Owl-4553,0.05453401058912277,0.8065331752184556,0.6290208911087835,0.8641551955229942
COD10K-CAM-3-Flying-65-Owl-4555,0.1006699651479721,0.4926912152316894,0.09174283233854703,0.6940173800610223
COD10K-CAM-3-Flying-65-Owl-4556,0.07330698519945145,0.44826994583907265,0.004071353216879371,0.6300251165379795
COD10K-CAM-3-Flying-65-Owl-4558,0.08048103749752045,0.5573579009656618,0.1332367944894095,0.5163154089545477
COD10K-CAM-3-Flying-65-Owl-4561,0.049369391053915024,0.6358276338593988,0.2522786034357307,0.6532987078190486
COD10K-CAM-3-Flying-65-Owl-4563,0.0840899646282196,0.8257224647448749,0.6942049790857685,0.8647131171616252
COD10K-CAM-3-Flying-65-Owl-4564,0.030458401888608932,0.5907103044144018,0.06930574791717958,0.49186127147078607
COD10K-CAM-3-Flying-65-Owl-4565,0.07382798939943314,0.49879584704103413,0.04008358510614949,0.5401646571502049
COD10K-CAM-3-Flying-65-Owl-4569,0.053296297788619995,0.6012781711128469,0.1274235677459815,0.5344722182077413
COD10K-CAM-3-Flying-65-Owl-4573,0.051153119653463364,0.5774427377910425,0.17628973685144056,0.7027238474086454
COD10K-CAM-3-Flying-65-Owl-4574,0.04387936741113663,0.688247920103036,0.195681056069777,0.6427564278493887
COD10K-CAM-3-Flying-65-Owl-4575,0.01927235908806324,0.5046424735741153,0.11795892506618043,0.29836825214618146
COD10K-CAM-3-Flying-65-Owl-4577,0.04831312224268913,0.4864532649196966,0.040074448047857265,0.44786314921371684
COD10K-CAM-3-Flying-65-Owl-4578,0.04645796865224838,0.6244858335172635,0.0881442216130674,0.6077603835771778
COD10K-CAM-3-Flying-65-Owl-4580,0.06914383918046951,0.6484942794661596,0.24524862040056733,0.7738406663466735
COD10K-CAM-3-Flying-65-Owl-4584,0.09507563710212708,0.8200911593112205,0.6424938269215452,0.8566767440795597
COD10K-CAM-3-Flying-65-Owl-4586,0.10797843337059021,0.7906980506632909,0.5834533882298365,0.8353224159408701
COD10K-CAM-3-Flying-65-Owl-4587,0.04749588668346405,0.4713638615691646,0.003951243609050249,0.3778329883869792
COD10K-CAM-3-Flying-65-Owl-4588,0.06385906785726547,0.759663053711253,0.44027351184678504,0.8177575521102933
COD10K-CAM-3-Flying-65-Owl-4591,0.1136765405535698,0.619885429750939,0.3923704654967267,0.7914810301775784
COD10K-CAM-3-Flying-65-Owl-4593,0.04645710065960884,0.7100305373874639,0.31292218492467216,0.7450602879820145
COD10K-CAM-3-Flying-65-Owl-4597,0.10442080348730087,0.7046477995024347,0.3560973972106443,0.7629489756559658
COD10K-CAM-3-Flying-65-Owl-4599,0.04803336039185524,0.898284453829754,0.7600396806470755,0.92998737295382
COD10K-CAM-3-Flying-65-Owl-4604,0.07527219504117966,0.581292335891441,0.16024541585296745,0.5572269568727485
COD10K-CAM-3-Flying-65-Owl-4608,0.03589603304862976,0.9367350383415374,0.7726866018230863,0.924490264918628
COD10K-CAM-3-Flying-65-Owl-4609,0.07233914732933044,0.6174820739660005,0.16214173790629463,0.5307366570598109
COD10K-CAM-3-Flying-65-Owl-4611,0.1873534917831421,0.7494444066732966,0.7147752569079943,0.6766156233224969
COD10K-CAM-3-Flying-65-Owl-4613,0.03497220575809479,0.7720180159514543,0.3627973268285672,0.7914336402966619
COD10K-CAM-3-Flying-65-Owl-4615,0.0764974057674408,0.7029592590067345,0.33852476225131245,0.7560828714373629
COD10K-CAM-3-Flying-65-Owl-4618,0.22516192495822906,0.5507775908737613,0.5513102852644785,0.49652221692483534
COD10K-CAM-3-Flying-65-Owl-4620,0.08233916759490967,0.6630319228913367,0.32784123921230635,0.8412968527467714
COD10K-CAM-3-Flying-65-Owl-4626,0.05745930224657059,0.5216486092883473,0.1101124897974722,0.4891469966918004
COD10K-CAM-3-Flying-65-Owl-4627,0.04772401601076126,0.6797523570527119,0.2880012391128969,0.6907569333491135
COD10K-CAM-3-Flying-65-Owl-4632,0.15126779675483704,0.7775050899848186,0.8096649245622513,0.7340916970366179
COD10K-CAM-3-Flying-65-Owl-4633,0.05721093714237213,0.6848084608528284,0.2875664204181086,0.7334064581079257
COD10K-CAM-3-Flying-65-Owl-4635,0.07384587079286575,0.6194764469175152,0.36893988333763855,0.7466894808023883
COD10K-CAM-3-Flying-65-Owl-4638,0.1713712513446808,0.7556379372271274,0.7612226960163349,0.7165626107806348
COD10K-CAM-3-Flying-65-Owl-4640,0.07056085020303726,0.6161816553156836,0.34625263712652765,0.8002081891700157
COD10K-CAM-3-Flying-65-Owl-4641,0.10327970236539841,0.44862995286599155,0.04157466955988658,0.705897676024589
COD10K-CAM-3-Flying-65-Owl-4644,0.05107952654361725,0.7766042463698561,0.41130534831046,0.8105558646308675
COD10K-CAM-3-Flying-65-Owl-4645,0.11692154407501221,0.8292845870772809,0.7623895304954944,0.8027455630170707
COD10K-CAM-3-Flying-65-Owl-4646,0.026049839332699776,0.8757132056407506,0.5195517935396714,0.87862673815104
COD10K-CAM-3-Flying-65-Owl-4647,0.10271231085062027,0.7637840439534618,0.5458815341964648,0.8447346080750805
COD10K-CAM-3-Flying-65-Owl-4648,0.1084771603345871,0.7849150890437688,0.6240715619736931,0.8153570079690176
COD10K-CAM-3-Flying-65-Owl-4650,0.06696000695228577,0.7430296655471684,0.41227706455837615,0.826256773366488
COD10K-CAM-3-Flying-65-Owl-4654,0.06857170909643173,0.6234271523450408,0.2090253809589525,0.6117615206320666
COD10K-CAM-3-Flying-65-Owl-4656,0.10909692943096161,0.5519638130977145,0.03171736993781956,0.3557675354248143
COD10K-CAM-3-Flying-65-Owl-4659,0.08610562980175018,0.8705694207316157,0.813864284259678,0.8210165065101893
COD10K-CAM-3-Flying-65-Owl-4660,0.06970127671957016,0.5471361416526153,0.1177735837526595,0.71101237929973
COD10K-CAM-3-Flying-65-Owl-4662,0.052492476999759674,0.7375882094198447,0.30935040180592066,0.7251605775313354
COD10K-CAM-3-Flying-66-Owlfly-4666,0.1773160845041275,0.4775807765183785,0.26010664600165456,0.3688832037879237
COD10K-CAM-3-Flying-66-Owlfly-4668,0.0549200214445591,0.8854776742716515,0.8017212511358912,0.8962816453458152
COD10K-CAM-3-Flying-66-Owlfly-4669,0.26810577511787415,0.41643018052521685,0.20736537464523755,0.5931760011606881
COD10K-CAM-3-Flying-66-Owlfly-4674,0.05474717915058136,0.912721077176808,0.8132811892064531,0.9155995970294275
COD10K-CAM-3-Flying-66-Owlfly-4676,0.12597130239009857,0.676966542264585,0.5042467648745904,0.8147732150150366
COD10K-CAM-3-Flying-66-Owlfly-4677,0.3143872618675232,0.47245802768761364,0.5132659725046999,0.43088573102044825
COD10K-CAM-4-Amphibian-67-Frog-4679,0.11206300556659698,0.592742343039875,0.2640849745674022,0.7510142279447474
COD10K-CAM-4-Amphibian-67-Frog-4694,0.05492093041539192,0.8497414089796931,0.6268852768870431,0.9020644093791346
COD10K-CAM-4-Amphibian-67-Frog-4701,0.10892938077449799,0.6901857320424691,0.4139095755902022,0.8166382757846421
COD10K-CAM-4-Amphibian-67-Frog-4702,0.07734362781047821,0.6815539904240893,0.32506721887022577,0.8005026160312028
COD10K-CAM-4-Amphibian-67-Frog-4706,0.09910871088504791,0.45358773910889866,0.05208459514103046,0.26239349677462454
COD10K-CAM-4-Amphibian-67-Frog-4707,0.0729370042681694,0.45230191181442775,0.002274435146475601,0.540583934861603
COD10K-CAM-4-Amphibian-67-Frog-4711,0.09158927202224731,0.5856428783315097,0.13095124253743554,0.591289267194965
COD10K-CAM-4-Amphibian-67-Frog-4714,0.034196604043245316,0.8284167766654259,0.5136162865430158,0.8717410329089181
COD10K-CAM-4-Amphibian-67-Frog-4718,0.06458227336406708,0.7256763064317522,0.3534585935223519,0.7728549583489159
COD10K-CAM-4-Amphibian-67-Frog-4719,0.07234549522399902,0.5256966803812475,0.14538904202700717,0.5036725667328453
COD10K-CAM-4-Amphibian-67-Frog-4721,0.02382422424852848,0.888927244025745,0.6096560897996227,0.9076308864886521
COD10K-CAM-4-Amphibian-67-Frog-4728,0.04723268002271652,0.6760784462214584,0.2610687258941006,0.6994583355406657
COD10K-CAM-4-Amphibian-67-Frog-4729,0.12050599604845047,0.7348490557498227,0.6474623160255102,0.7745187516752337
COD10K-CAM-4-Amphibian-67-Frog-4732,0.05458682030439377,0.6052352855558947,0.17663192307616216,0.5659495160879429
COD10K-CAM-4-Amphibian-67-Frog-4733,0.06645845621824265,0.6520904394528064,0.25565656677588383,0.8019483006731085
COD10K-CAM-4-Amphibian-67-Frog-4738,0.06427999585866928,0.6684921058661554,0.4414880494050426,0.8222564338443576
COD10K-CAM-4-Amphibian-67-Frog-4739,0.07343073189258575,0.5978279711712194,0.10472789806127258,0.6099703262764455
COD10K-CAM-4-Amphibian-67-Frog-4740,0.057165950536727905,0.7647756798188097,0.38765212882174144,0.8178802866172137
COD10K-CAM-4-Amphibian-67-Frog-4742,0.08232168853282928,0.45441317536965165,0.034506528981889474,0.7967380582349627
COD10K-CAM-4-Amphibian-67-Frog-4748,0.05042751878499985,0.8840578396500614,0.7057951540865414,0.8991312307489259
COD10K-CAM-4-Amphibian-67-Frog-4751,0.06149526312947273,0.8414499749412075,0.8033778288729257,0.8764482123781796
COD10K-CAM-4-Amphibian-67-Frog-4752,0.08748236298561096,0.7972488839376028,0.5863307840289025,0.8317169819513138
COD10K-CAM-4-Amphibian-67-Frog-4754,0.16059575974941254,0.5957805200204997,0.4714310635087817,0.5551611237451588
COD10K-CAM-4-Amphibian-67-Frog-4755,0.07187942415475845,0.5035300605390916,0.018024108328384275,0.5215080538078388
COD10K-CAM-4-Amphibian-67-Frog-4756,0.039526522159576416,0.6214649407865639,0.2045300744786806,0.6702538970033989
COD10K-CAM-4-Amphibian-67-Frog-4759,0.1048773005604744,0.4637462952097231,0.03382567124103966,0.33815436949669897
COD10K-CAM-4-Amphibian-67-Frog-4763,0.03477676957845688,0.7598844803953382,0.30135978633053684,0.7450467815859114
COD10K-CAM-4-Amphibian-67-Frog-4764,0.040943484753370285,0.8372851267392742,0.5070432725899519,0.8708687706126055
COD10K-CAM-4-Amphibian-67-Frog-4768,0.04903570935130119,0.7149607854159477,0.3484817442067193,0.7483600625511613
COD10K-CAM-4-Amphibian-67-Frog-4773,0.15632204711437225,0.40682887990214334,0.03333528861082181,0.6995465172857556
COD10K-CAM-4-Amphibian-67-Frog-4774,0.08275984972715378,0.699028972073754,0.4781955354153256,0.8759127224535974
COD10K-CAM-4-Amphibian-67-Frog-4775,0.1362614780664444,0.6099410943011543,0.34278081948802547,0.6613313893881256
COD10K-CAM-4-Amphibian-67-Frog-4776,0.054219674319028854,0.8332426810854601,0.568928053312868,0.8753727163384657
COD10K-CAM-4-Amphibian-67-Frog-4777,0.04059737175703049,0.6442780996482338,0.182485703439052,0.661080614029129
COD10K-CAM-4-Amphibian-67-Frog-4781,0.05455765873193741,0.5478320740203352,0.19503722603311424,0.6650854246600169
COD10K-CAM-4-Amphibian-67-Frog-4782,0.09390176087617874,0.7459817289440609,0.5705293180090788,0.7418230709477811
COD10K-CAM-4-Amphibian-67-Frog-4783,0.04545671120285988,0.8203784814094759,0.691609508037127,0.8574283914674865
COD10K-CAM-4-Amphibian-67-Frog-4784,0.06329191476106644,0.5612823633213911,0.12345226606444924,0.7113783597141974
COD10K-CAM-4-Amphibian-67-Frog-4787,0.042122308164834976,0.9282718030038033,0.7543170740233877,0.9144899032123754
COD10K-CAM-4-Amphibian-67-Frog-4793,0.10860820859670639,0.7952333808389772,0.7896137852577078,0.8141344641097659
COD10K-CAM-4-Amphibian-67-Frog-4795,0.02959275431931019,0.824625157456037,0.4959722917931911,0.9063840985579336
COD10K-CAM-4-Amphibian-67-Frog-4796,0.08104782551527023,0.46171182564153657,0.0044995886587195985,0.3786986083959424
COD10K-CAM-4-Amphibian-67-Frog-4800,0.05722711607813835,0.457842913965971,0.010666867988592578,0.8113700998509823
COD10K-CAM-4-Amphibian-67-Frog-4803,0.12707051634788513,0.5852074674657728,0.22023160802584021,0.7791404922118657
COD10K-CAM-4-Amphibian-68-Toad-4808,0.10224366933107376,0.4486516286073835,0.03318101529189583,0.6761660830905214
COD10K-CAM-4-Amphibian-68-Toad-4809,0.2317676842212677,0.6581973528937737,0.7709067281571989,0.64195597440334
COD10K-CAM-4-Amphibian-68-Toad-4813,0.09734782576560974,0.4877135814267597,0.04969631985304406,0.6909615780912688
COD10K-CAM-4-Amphibian-68-Toad-4818,0.20231975615024567,0.5415246885384927,0.33044451754852905,0.6992375201818413
COD10K-CAM-4-Amphibian-68-Toad-4821,0.05322199687361717,0.8609466745172751,0.7518087092238456,0.8928406589142728
COD10K-CAM-4-Amphibian-68-Toad-4826,0.05498998239636421,0.530195840712351,0.026956342214641195,0.4692001152643082
COD10K-CAM-4-Amphibian-68-Toad-4828,0.07717308402061462,0.6877034095747214,0.4581216541230917,0.8436117141560515
COD10K-CAM-4-Amphibian-68-Toad-4831,0.07482464611530304,0.6410302353230725,0.3166720301867024,0.6776252940512473
COD10K-CAM-4-Amphibian-68-Toad-4836,0.04191829636693001,0.8876789517109541,0.6315908979785871,0.8959979811387286
COD10K-CAM-4-Amphibian-68-Toad-4838,0.17800472676753998,0.5026516551297541,0.3937648997396914,0.4030095324708622
COD10K-CAM-4-Amphibian-68-Toad-4839,0.06506425887346268,0.770268210087698,0.34502330366750894,0.7189986244843427
COD10K-CAM-4-Amphibian-68-Toad-4841,0.043745171278715134,0.5932851059751177,0.12770340857168874,0.5051439913318511
COD10K-CAM-4-Amphibian-68-Toad-4842,0.06477440148591995,0.561095749897902,0.13509918249942593,0.5330386528888039
COD10K-CAM-4-Amphibian-68-Toad-4850,0.08901608735322952,0.5354599374624212,0.17000933825256317,0.7624176456797351
COD10K-CAM-4-Amphibian-68-Toad-4853,0.4025641679763794,0.4590562575222893,0.5352904461743376,0.40678366051576553
COD10K-CAM-4-Amphibian-68-Toad-4856,0.038155876100063324,0.8507656343260956,0.6439114528252199,0.9093692941955822
COD10K-CAM-4-Amphibian-68-Toad-4861,0.048423681408166885,0.85725562341769,0.6075402209674342,0.854690116377775
COD10K-CAM-4-Amphibian-68-Toad-4863,0.0680193081498146,0.615413850106387,0.19310787941917812,0.5960973713663504
COD10K-CAM-4-Amphibian-68-Toad-4867,0.05620422214269638,0.8663026304680763,0.6386487683977009,0.8956474030334722
COD10K-CAM-4-Amphibian-68-Toad-4872,0.10057879984378815,0.6156671641590472,0.136001600402707,0.5062474886020709
COD10K-CAM-4-Amphibian-68-Toad-4873,0.13580945134162903,0.7615228091147548,0.7793052393124172,0.7415989306901372
COD10K-CAM-4-Amphibian-68-Toad-4876,0.10780060291290283,0.6055834624719569,0.24272548464505642,0.6549555698254909
COD10K-CAM-4-Amphibian-68-Toad-4877,0.06578565388917923,0.6901597502694701,0.3320065532972576,0.7337860047579207
COD10K-CAM-4-Amphibian-68-Toad-4881,0.07745867222547531,0.8158006041464442,0.8274451813043241,0.8304620927742585
COD10K-CAM-4-Amphibian-68-Toad-4883,0.05156741663813591,0.556684445213604,0.1978885745682589,0.7972594385359459
COD10K-CAM-4-Amphibian-68-Toad-4886,0.11375876516103745,0.5110085779426621,0.03182837790997736,0.3674649728440127
COD10K-CAM-4-Amphibian-68-Toad-4887,0.19272950291633606,0.6759632426776063,0.7545637005544459,0.6456534791994482
COD10K-CAM-4-Amphibian-68-Toad-4891,0.012502835132181644,0.5413041705222392,0.024501897352397852,0.32821715483147784
COD10K-CAM-4-Amphibian-68-Toad-4896,0.07599224895238876,0.8514518487641143,0.6327152719215666,0.8646821234063415
COD10K-CAM-4-Amphibian-68-Toad-4899,0.10514236986637115,0.5956461787302976,0.25971841942402657,0.7687552902849395
COD10K-CAM-4-Amphibian-68-Toad-4900,0.06624805182218552,0.7715208424488964,0.4853919809783606,0.8864732604057843
COD10K-CAM-4-Amphibian-68-Toad-4903,0.22213368117809296,0.603754188684241,0.6856378852660122,0.5746401893904413
COD10K-CAM-4-Amphibian-68-Toad-4904,0.03858645260334015,0.9163601140398518,0.7829230231078346,0.9181508511597849
COD10K-CAM-4-Amphibian-68-Toad-4905,0.07603095471858978,0.5703789405179336,0.10046252368229328,0.472094639109599
COD10K-CAM-4-Amphibian-68-Toad-4908,0.06729433685541153,0.5741037118440135,0.20219663985488853,0.7327262888398669
COD10K-CAM-4-Amphibian-68-Toad-4909,0.07027070224285126,0.7871192091021297,0.6785174672402605,0.8814423587268655
COD10K-CAM-4-Amphibian-68-Toad-4910,0.0788310170173645,0.7866695211772188,0.6648809129227158,0.724549500431005
COD10K-CAM-4-Amphibian-68-Toad-4912,0.19394883513450623,0.731944848501377,0.7983780796371035,0.7272173238463653
COD10K-CAM-4-Amphibian-68-Toad-4913,0.0669206753373146,0.7173224397635753,0.46017408467470206,0.8699684697577483
COD10K-CAM-4-Amphibian-68-Toad-4914,0.05860946327447891,0.870561971623551,0.6305314697121189,0.8917806536634079
COD10K-CAM-4-Amphibian-68-Toad-4917,0.03487095609307289,0.7547890166179183,0.3889180727971219,0.8172343490616173
COD10K-CAM-4-Amphibian-68-Toad-4921,0.12436925619840622,0.7513996394033096,0.7628953942996971,0.7489527322971478
COD10K-CAM-4-Amphibian-68-Toad-4923,0.026311112567782402,0.7244921694549706,0.4290002223555396,0.8762996089017296
COD10K-CAM-4-Amphibian-68-Toad-4926,0.09527736157178879,0.5225405429237084,0.12639449468436742,0.5877762118103926
COD10K-CAM-4-Amphibian-68-Toad-4929,0.06669214367866516,0.8586837823096787,0.6940081981740066,0.8941002356882048
COD10K-CAM-4-Amphibian-68-Toad-4936,0.09330657869577408,0.6007275685963316,0.21819765729255955,0.6627435551401917
COD10K-CAM-4-Amphibian-68-Toad-4937,0.05413210391998291,0.8044282001746801,0.487619446875622,0.8665266503010045
COD10K-CAM-4-Amphibian-68-Toad-4938,0.04601084440946579,0.8599522557928846,0.5816979536327928,0.8941585875242364
COD10K-CAM-4-Amphibian-68-Toad-4941,0.06604669243097305,0.5444332526331728,0.12354544104581433,0.5194754279744734
COD10K-CAM-4-Amphibian-68-Toad-4945,0.03771583363413811,0.7409884624735446,0.3199626501280632,0.7443075457200264
COD10K-CAM-4-Amphibian-68-Toad-4949,0.12031185626983643,0.4288940371319256,0.0012286704771093885,0.3812113201403062
COD10K-CAM-4-Amphibian-68-Toad-4950,0.1649543046951294,0.6824406501303835,0.6633057992335826,0.6619450751563738
COD10K-CAM-4-Amphibian-68-Toad-4951,0.06556206196546555,0.4868094645215338,0.061011224080990197,0.422168305334501
COD10K-CAM-4-Amphibian-68-Toad-4955,0.05660134553909302,0.8194856447301329,0.5114281755345538,0.8610255207374216
COD10K-CAM-4-Amphibian-68-Toad-4960,0.06590094417333603,0.8638526675325668,0.6988472391841166,0.8911796910282239
COD10K-CAM-4-Amphibian-68-Toad-4962,0.09224448353052139,0.741802307322138,0.5544098513970311,0.83993061697574
COD10K-CAM-4-Amphibian-68-Toad-4963,0.06119605898857117,0.8944807697578181,0.8208468126954321,0.8985974170047987
COD10K-CAM-4-Amphibian-68-Toad-4964,0.15803410112857819,0.6987838522703846,0.40800437031371634,0.7617253255300529
COD10K-CAM-4-Amphibian-68-Toad-4965,0.0664040744304657,0.7730343197251592,0.4855149531129546,0.8426279104516915
COD10K-CAM-4-Amphibian-68-Toad-4968,0.15839847922325134,0.45986521723389784,0.3581855104203287,0.3700861402231848
COD10K-CAM-4-Amphibian-68-Toad-4976,0.11819332838058472,0.5528623633192077,0.20523274791781096,0.8069343129719
COD10K-CAM-4-Amphibian-68-Toad-4977,0.0676872506737709,0.594128671164122,0.2118663062796043,0.8169675308955978
COD10K-CAM-4-Amphibian-68-Toad-4978,0.11336264759302139,0.7468708530372962,0.5157001020015494,0.820527025681326
COD10K-CAM-4-Amphibian-68-Toad-4990,0.11119003593921661,0.8171128696054953,0.6656571735245935,0.8451030590712671
COD10K-CAM-4-Amphibian-68-Toad-4991,0.0550454817712307,0.7975641730997947,0.5960188411967569,0.7577474974864536
COD10K-CAM-4-Amphibian-68-Toad-4995,0.10147836804389954,0.7875238741775272,0.4706533317546577,0.7883937518128852
COD10K-CAM-4-Amphibian-68-Toad-4997,0.23493005335330963,0.39720549911636865,0.181515428740703,0.2928129174484355
COD10K-CAM-4-Amphibian-68-Toad-4998,0.03270478546619415,0.8019714409309022,0.5356262672196936,0.8713702669441321
COD10K-CAM-4-Amphibian-68-Toad-4999,0.2598540186882019,0.6056241532265527,0.6733890399596539,0.5598637924159862
COD10K-CAM-4-Amphibian-68-Toad-5002,0.03979680687189102,0.718456739756139,0.3271326931202734,0.8104625821101668
COD10K-CAM-4-Amphibian-68-Toad-5004,0.06578721851110458,0.7657585798468148,0.41080809971100285,0.8503752935809634
COD10K-CAM-4-Amphibian-68-Toad-5005,0.06957921385765076,0.9009704554095841,0.7598900690274216,0.8856508132987202
COD10K-CAM-4-Amphibian-68-Toad-5006,0.0864488035440445,0.7595961254212668,0.4419965624356571,0.8183127549202919
COD10K-CAM-4-Amphibian-68-Toad-5008,0.10391443222761154,0.8324922260037272,0.6989015323494845,0.8245249400421777
COD10K-CAM-4-Amphibian-68-Toad-5010,0.0909292921423912,0.8706680995265459,0.7598636644304139,0.85416275076502
COD10K-CAM-4-Amphibian-68-Toad-5011,0.06365135312080383,0.884412456024523,0.7406739336195517,0.9077421301759067
COD10K-CAM-4-Amphibian-68-Toad-5014,0.05945119261741638,0.5370679254441678,0.027626565125664415,0.3692890833823326
COD10K-CAM-4-Amphibian-68-Toad-5020,0.07712279260158539,0.6493827991982698,0.2488349723421584,0.709930082959662
COD10K-CAM-4-Amphibian-68-Toad-5021,0.03629625216126442,0.8648381499748883,0.5710065560956115,0.8998569210997802
COD10K-CAM-4-Amphibian-68-Toad-5022,0.10544917732477188,0.8375462707605121,0.77895651163092,0.8219698932518373
COD10K-CAM-5-Other-69-Other-5023,0.05744204297661781,0.8955373699548346,0.741368463930741,0.8067004204223452
COD10K-CAM-5-Other-69-Other-5027,0.08116963505744934,0.4706415188320737,0.036849665223619626,0.34128640547020217
COD10K-CAM-5-Other-69-Other-5028,0.13653366267681122,0.4594703289632328,0.006559146945260902,0.34460220549755494
COD10K-CAM-5-Other-69-Other-5029,0.08508006483316422,0.44864785601550405,0.025941683394391065,0.31848339341164433
COD10K-CAM-5-Other-69-Other-5037,0.08400397002696991,0.7001359567565206,0.3068134777658,0.7130683476872622
COD10K-CAM-5-Other-69-Other-5040,0.10027024894952774,0.4518887027928761,0.02032583649395468,0.25396794331702965
COD10K-CAM-5-Other-69-Other-5043,0.07121986895799637,0.615997641965544,0.13261203055883516,0.5146173155769781
COD10K-CAM-5-Other-69-Other-5046,0.06591596454381943,0.7785652558807351,0.687557751449611,0.7461712898989307
COD10K-CAM-5-Other-69-Other-5048,0.06431174278259277,0.5954551092405856,0.14890120816050384,0.7336482117077099
COD10K-CAM-5-Other-69-Other-5049,0.03560673072934151,0.599429753902415,0.11700772034088647,0.5756235875230633
COD10K-CAM-5-Other-69-Other-5051,0.43709659576416016,0.42935573436785374,0.466376842618831,0.3939679030199988
COD10K-CAM-5-Other-69-Other-5059,0.04346105456352234,0.6631060340912105,0.2514417979898491,0.7250553053930808
COD10K-CAM-5-Other-69-Other-5060,0.04443592578172684,0.4668538463156553,0.0005366319762591138,0.3082176203943968
COD10K-CAM-5-Other-69-Other-5062,0.08242550492286682,0.6109484723767418,0.43799357865253685,0.6041554155813197
COD10K-CAM-5-Other-69-Other-5063,0.08074215054512024,0.8455204045663886,0.8438930579178884,0.8377074715402585
COD10K-NonCAM-1-Amphibian-10,0.002301599131897092,0.9976984262466431,0.0,0.9959620000121066
COD10K-NonCAM-1-Amphibian-101,0.002525696298107505,0.9974743127822876,0.0,0.9959168538090284
COD10K-NonCAM-1-Amphibian-102,0.024471310898661613,0.9755287170410156,0.0,0.9738581415502451
COD10K-NonCAM-1-Amphibian-103,0.0029040444642305374,0.9970959424972534,0.0,0.9957262750397491
COD10K-NonCAM-1-Amphibian-107,0.004877910017967224,0.9951220750808716,0.0,0.99322702915789
COD10K-NonCAM-1-Amphibian-108,0.03308481723070145,0.9669151902198792,0.0,0.9651946104008784
COD10K-NonCAM-1-Amphibian-11,0.006669186986982822,0.9933308362960815,0.0,0.9913735757507892
COD10K-NonCAM-1-Amphibian-111,0.02181505784392357,0.9781849384307861,0.0,0.9763891032703003
COD10K-NonCAM-1-Amphibian-112,0.007981202565133572,0.9920188188552856,0.0,0.9905202746805972
COD10K-NonCAM-1-Amphibian-114,0.008111540228128433,0.9918884634971619,0.0,0.9902596751591974
COD10K-NonCAM-1-Amphibian-119,0.004324550274759531,0.9956754446029663,0.0,0.9940750337461566
COD10K-NonCAM-1-Amphibian-12,0.15569168329238892,0.8443083167076111,0.0,0.8429658999882973
COD10K-NonCAM-1-Amphibian-125,0.0023635909892618656,0.9976364374160767,0.0,0.9960017866799031
COD10K-NonCAM-1-Amphibian-126,0.09675712138414383,0.9032428860664368,0.0,0.9017613261482773
COD10K-NonCAM-1-Amphibian-127,0.22996185719966888,0.7700381278991699,0.0,0.7690570887609662
COD10K-NonCAM-1-Amphibian-129,0.1388992816209793,0.8611007332801819,0.0,0.8598033214490367
COD10K-NonCAM-1-Amphibian-13,0.004777751863002777,0.995222270488739,0.0,0.9934685235123446
COD10K-NonCAM-1-Amphibian-131,0.007958902046084404,0.9920411109924316,0.0,0.9903810843966653
COD10K-NonCAM-1-Amphibian-132,0.005300758872181177,0.994699239730835,0.0,0.9929474190495794
COD10K-NonCAM-1-Amphibian-134,0.004326106049120426,0.9956738948822021,0.0,0.9939286238529337
COD10K-NonCAM-1-Amphibian-137,0.15461330115795135,0.8453866839408875,0.0,0.8440292633148512
COD10K-NonCAM-1-Amphibian-139,0.011645534075796604,0.9883544445037842,0.0,0.986529028756366
COD10K-NonCAM-1-Amphibian-14,0.013887123204767704,0.9861128926277161,0.0,0.9842913281962505
COD10K-NonCAM-1-Amphibian-143,0.15412063896656036,0.8458793759346008,0.0,0.8445102343163604
COD10K-NonCAM-1-Amphibian-144,0.010956674814224243,0.9890433549880981,0.0,0.9873723043429136
COD10K-NonCAM-1-Amphibian-147,0.008440016768872738,0.9915599822998047,0.0,0.9896851960303628
COD10K-NonCAM-1-Amphibian-150,0.007240005303174257,0.9927600026130676,0.0,0.9912164467870029
COD10K-NonCAM-1-Amphibian-154,0.0033958740532398224,0.9966041445732117,0.0,0.9951706488644345
COD10K-NonCAM-1-Amphibian-157,0.031081324443221092,0.9689186811447144,0.0,0.9671933702674675
COD10K-NonCAM-1-Amphibian-159,0.005069620441645384,0.9949303865432739,0.0,0.9931647954952667
COD10K-NonCAM-1-Amphibian-162,0.07898739725351334,0.9210125803947449,0.0,0.9194098975105527
COD10K-NonCAM-1-Amphibian-163,0.0229796115309,0.9770203828811646,0.0,0.9752050242931972
COD10K-NonCAM-1-Amphibian-164,0.0038154209032654762,0.9961845874786377,0.0,0.994643522806147
COD10K-NonCAM-1-Amphibian-176,0.09096676856279373,0.9090332388877869,0.0,0.9075498134125082
COD10K-NonCAM-1-Amphibian-177,0.004208729136735201,0.9957912564277649,0.0,0.9940552665189708
COD10K-NonCAM-1-Amphibian-178,0.0691678375005722,0.9308321475982666,0.0,0.9292399788039838
COD10K-NonCAM-1-Amphibian-179,0.14762040972709656,0.852379560470581,0.0,0.851119234905531
COD10K-NonCAM-1-Amphibian-182,0.0044362288899719715,0.9955637454986572,0.0,0.9939661405999051
COD10K-NonCAM-1-Amphibian-185,0.059505894780159,0.9404941201210022,0.0,0.9388736804193604
COD10K-NonCAM-1-Amphibian-187,0.010628997348248959,0.9893710017204285,0.0,0.9877531781413689
COD10K-NonCAM-1-Amphibian-188,0.3599368929862976,0.6400631070137024,0.0,0.6395790078730943
COD10K-NonCAM-1-Amphibian-193,0.060218628495931625,0.9397813677787781,0.0,0.9381495126227775
COD10K-NonCAM-1-Amphibian-198,0.004697739612311125,0.9953022599220276,0.0,0.9936820537033004
COD10K-NonCAM-1-Amphibian-200,0.10345475375652313,0.8965452313423157,0.0,0.8951399671012809
COD10K-NonCAM-1-Amphibian-204,0.004511985462158918,0.9954879879951477,0.0,0.9939392168167844
COD10K-NonCAM-1-Amphibian-205,0.035666823387145996,0.964333176612854,0.0,0.9627136499923329
COD10K-NonCAM-1-Amphibian-209,0.03586270287632942,0.9641373157501221,0.0,0.9624301621026126
COD10K-NonCAM-1-Amphibian-210,0.25288280844688416,0.7471171617507935,0.0,0.7462165779379838
COD10K-NonCAM-1-Amphibian-22,0.004020319785922766,0.9959796667098999,0.0,0.994492888338055
COD10K-NonCAM-1-Amphibian-27,0.006009996868669987,0.9939900040626526,0.0,0.9923343512667171
COD10K-NonCAM-1-Amphibian-29,0.0034104373771697283,0.9965895414352417,0.0,0.9950937868231604
COD10K-NonCAM-1-Amphibian-3,0.002715493319556117,0.9972845315933228,0.0,0.9958514674785924
COD10K-NonCAM-1-Amphibian-30,0.007178660947829485,0.9928213357925415,0.0,0.9910362718215058
COD10K-NonCAM-1-Amphibian-31,0.006995812989771366,0.9930042028427124,0.0,0.9911500831295452
COD10K-NonCAM-1-Amphibian-33,0.21603348851203918,0.7839665412902832,0.0,0.7829386319338515
COD10K-NonCAM-1-Amphibian-34,0.0064130257815122604,0.9935869574546814,0.0,0.9917643489261765
COD10K-NonCAM-1-Amphibian-38,0.008444853127002716,0.9915551543235779,0.0,0.9897488483935017
COD10K-NonCAM-1-Amphibian-4,0.0028032450936734676,0.9971967339515686,0.0,0.9955836483479015
COD10K-NonCAM-1-Amphibian-43,0.010106205940246582,0.9898937940597534,0.0,0.9882176291635394
COD10K-NonCAM-1-Amphibian-44,0.05924904718995094,0.9407509565353394,0.0,0.9391583663228493
COD10K-NonCAM-1-Amphibian-49,0.004549610894173384,0.9954503774642944,0.0,0.9936575574743955
COD10K-NonCAM-1-Amphibian-50,0.03619522228837013,0.9638047814369202,0.0,0.9621181740958653
COD10K-NonCAM-1-Amphibian-52,0.1782994270324707,0.8217005729675293,0.0,0.8204826179551745
COD10K-NonCAM-1-Amphibian-53,0.12411787360906601,0.8758821487426758,0.0,0.8744695321138309
COD10K-NonCAM-1-Amphibian-55,0.003754083765670657,0.9962459206581116,0.0,0.9945863018853461
COD10K-NonCAM-1-Amphibian-56,0.00146448181476444,0.9985355138778687,0.0,0.9960975016746975
COD10K-NonCAM-1-Amphibian-60,0.0031744588632136583,0.9968255162239075,0.0,0.9954024960553823
COD10K-NonCAM-1-Amphibian-62,0.00267200218513608,0.997327983379364,0.0,0.9958535167126707
COD10K-NonCAM-1-Amphibian-63,0.00689743785187602,0.9931025505065918,0.0,0.9914036206750444
COD10K-NonCAM-1-Amphibian-66,0.026933785527944565,0.9730662107467651,0.0,0.9714722656029314
COD10K-NonCAM-1-Amphibian-7,0.028254542499780655,0.9717454314231873,0.0,0.9699641869547148
COD10K-NonCAM-1-Amphibian-74,0.1440933495759964,0.8559066653251648,0.0,0.8545820937043493
COD10K-NonCAM-1-Amphibian-77,0.004667929373681545,0.9953320622444153,0.0,0.9936117492110768
COD10K-NonCAM-1-Amphibian-8,0.0469747893512249,0.953025221824646,0.0,0.9514740739731888
COD10K-NonCAM-1-Amphibian-80,0.0028379119466990232,0.9971621036529541,0.0,0.9957182042101486
COD10K-NonCAM-1-Amphibian-81,0.10331028699874878,0.8966897130012512,0.0,0.8952299442406559
COD10K-NonCAM-1-Amphibian-82,0.002805858850479126,0.9971941709518433,0.0,0.995795854418376
COD10K-NonCAM-1-Amphibian-83,0.012691312469542027,0.9873086810112,0.0,0.9855492741802057
COD10K-NonCAM-1-Amphibian-86,0.15860401093959808,0.8413959741592407,0.0,0.840122225147898
COD10K-NonCAM-1-Amphibian-87,0.004872391000390053,0.9951276183128357,0.0,0.9934364924073673
COD10K-NonCAM-1-Amphibian-90,0.002728794701397419,0.9972711801528931,0.0,0.9957541446232137
COD10K-NonCAM-1-Amphibian-92,0.03980787843465805,0.9601921439170837,0.0,0.9584642005742395
COD10K-NonCAM-1-Amphibian-93,0.0023250351659953594,0.9976749420166016,0.0,0.9960442215886623
COD10K-NonCAM-1-Amphibian-96,0.24074989557266235,0.7592501044273376,0.0,0.7583380812510593
COD10K-NonCAM-2-Aquatic-215,0.003759007900953293,0.9962409734725952,0.0,0.9947187139334805
COD10K-NonCAM-2-Aquatic-218,0.0033141823951154947,0.996685802936554,0.0,0.9949718731588423
COD10K-NonCAM-2-Aquatic-219,0.01310117356479168,0.9868988394737244,0.0,0.9849078639137068
COD10K-NonCAM-2-Aquatic-220,0.011965722776949406,0.9880342483520508,0.0,0.9862521614690525
COD10K-NonCAM-2-Aquatic-221,0.10469026863574982,0.8953097462654114,0.0,0.8937853603221876
COD10K-NonCAM-2-Aquatic-222,0.04643873870372772,0.9535612463951111,0.0,0.9519153844136139
COD10K-NonCAM-2-Aquatic-224,0.02539392188191414,0.9746060967445374,0.0,0.9728190222391712
COD10K-NonCAM-2-Aquatic-225,0.044158369302749634,0.9558416604995728,0.0,0.954163614884224
COD10K-NonCAM-2-Aquatic-227,0.06777288764715195,0.9322271347045898,0.0,0.9306441455210932
COD10K-NonCAM-2-Aquatic-228,0.003658994799479842,0.9963409900665283,0.0,0.9947232222484528
COD10K-NonCAM-2-Aquatic-230,0.07535441964864731,0.9246456027030945,0.0,0.9231110664693349
COD10K-NonCAM-2-Aquatic-231,0.00318754930049181,0.9968124628067017,0.0,0.9952506320468434
COD10K-NonCAM-2-Aquatic-235,0.012572463601827621,0.9874275326728821,0.0,0.9857027145226509
COD10K-NonCAM-2-Aquatic-242,0.006740127690136433,0.993259847164154,0.0,0.9916040357678993
COD10K-NonCAM-2-Aquatic-243,0.07428024709224701,0.9257197380065918,0.0,0.9241468754792055
COD10K-NonCAM-2-Aquatic-245,0.06254565715789795,0.937454342842102,0.0,0.9357934293862942
COD10K-NonCAM-2-Aquatic-246,0.01566281169652939,0.9843372106552124,0.0,0.9826097582382994
COD10K-NonCAM-2-Aquatic-247,0.0020068830344825983,0.9979931116104126,0.0,0.9960705778915768
COD10K-NonCAM-2-Aquatic-249,0.0019136308692395687,0.9980863928794861,0.0,0.9960631060688606
COD10K-NonCAM-2-Aquatic-250,0.05517446622252464,0.9448255300521851,0.0,0.9431727528288258
COD10K-NonCAM-2-Aquatic-253,0.03942430019378662,0.9605756998062134,0.0,0.9587889884123065
COD10K-NonCAM-2-Aquatic-254,0.002768732374534011,0.9972312450408936,0.0,0.9958583087677461
COD10K-NonCAM-2-Aquatic-258,0.0023960701655596495,0.9976039528846741,0.0,0.9957070752927697
COD10K-NonCAM-2-Aquatic-262,0.003312269691377878,0.9966877102851868,0.0,0.995117494885112
COD10K-NonCAM-2-Aquatic-264,0.0016958432970568538,0.9983041286468506,0.0,0.9960933401531846
COD10K-NonCAM-2-Aquatic-270,0.0023877255152910948,0.9976122975349426,0.0,0.9958950688744423
COD10K-NonCAM-2-Aquatic-272,0.06647928059101105,0.9335207343101501,0.0,0.9319333659697505
COD10K-NonCAM-2-Aquatic-277,0.0012797028757631779,0.9987202882766724,0.0,0.9961017893029227
COD10K-NonCAM-2-Aquatic-283,0.002265122951939702,0.9977349042892456,0.0,0.9959251137986976
COD10K-NonCAM-2-Aquatic-284,0.043634798377752304,0.9563652276992798,0.0,0.9545855364176011
COD10K-NonCAM-2-Aquatic-286,0.006271821446716785,0.9937281608581543,0.0,0.9919194917092407
COD10K-NonCAM-2-Aquatic-287,0.002913597272709012,0.9970864057540894,0.0,0.9955014582980237
COD10K-NonCAM-2-Aquatic-289,0.02138962224125862,0.9786103963851929,0.0,0.9767714272959493
COD10K-NonCAM-2-Aquatic-290,0.0015723136020824313,0.99842768907547,0.0,0.9961002129690164
COD10K-NonCAM-2-Aquatic-291,0.003576216520741582,0.9964237809181213,0.0,0.9948344798955637
COD10K-NonCAM-2-Aquatic-292,0.0987144410610199,0.9012855291366577,0.0,0.8997296524297232
COD10K-NonCAM-2-Aquatic-295,0.010123237036168575,0.9898767471313477,0.0,0.9879874844132105
COD10K-NonCAM-2-Aquatic-296,0.002746224170550704,0.9972537755966187,0.0,0.9959247670052382
COD10K-NonCAM-2-Aquatic-297,0.0018037478439509869,0.9981962442398071,0.0,0.9959827760929925
COD10K-NonCAM-2-Aquatic-299,0.008805179968476295,0.9911948442459106,0.0,0.9894399815278889
COD10K-NonCAM-2-Aquatic-300,0.03701665997505188,0.9629833698272705,0.0,0.9612743625557898
COD10K-NonCAM-2-Aquatic-303,0.007887451909482479,0.9921125769615173,0.0,0.9903736441006274
COD10K-NonCAM-2-Aquatic-305,0.002699875272810459,0.9973001480102539,0.0,0.9956700629726483
COD10K-NonCAM-2-Aquatic-306,0.003897209884598851,0.9961028099060059,0.0,0.9944813180471824
COD10K-NonCAM-2-Aquatic-307,0.030348902568221092,0.9696511030197144,0.0,0.9679269645408104
COD10K-NonCAM-2-Aquatic-309,0.2255048155784607,0.7744951844215393,0.0,0.7733411859983212
COD10K-NonCAM-2-Aquatic-312,0.03484559804201126,0.9651544094085693,0.0,0.9634968042036915
COD10K-NonCAM-2-Aquatic-315,0.002023444278165698,0.997976541519165,0.0,0.9960511574578503
COD10K-NonCAM-2-Aquatic-317,0.005014520604163408,0.9949854612350464,0.0,0.9930851591063174
COD10K-NonCAM-2-Aquatic-318,0.002121067838743329,0.997878909111023,0.0,0.9960781758210054
COD10K-NonCAM-2-Aquatic-322,0.04482658579945564,0.9551734328269958,0.0,0.953287520025746
COD10K-NonCAM-2-Aquatic-323,0.022803539410233498,0.977196455001831,0.0,0.9754210450917251
COD10K-NonCAM-2-Aquatic-326,0.0039870343171060085,0.9960129857063293,0.0,0.9942994406410663
COD10K-NonCAM-2-Aquatic-327,0.0030155738350003958,0.9969844222068787,0.0,0.9953619212206326
COD10K-NonCAM-2-Aquatic-333,0.07404155284166336,0.9259584546089172,0.0,0.9243630223844459
COD10K-NonCAM-2-Aquatic-334,0.0013956819893792272,0.9986042976379395,0.0,0.9960777029208335
COD10K-NonCAM-2-Aquatic-339,0.004230211954563856,0.9957697987556458,0.0,0.9941017998958867
COD10K-NonCAM-2-Aquatic-346,0.004324667155742645,0.9956753253936768,0.0,0.9938874815379776
COD10K-NonCAM-2-Aquatic-347,0.11208999156951904,0.887910008430481,0.0,0.886463068640388
COD10K-NonCAM-2-Aquatic-348,0.0052139353938400745,0.9947860836982727,0.0,0.9932358566277656
COD10K-NonCAM-2-Aquatic-349,0.011766403913497925,0.9882335662841797,0.0,0.986284003413961
COD10K-NonCAM-2-Aquatic-350,0.0022286204621195793,0.9977713823318481,0.0,0.9959894912754335
COD10K-NonCAM-2-Aquatic-353,0.06662767380475998,0.9333723187446594,0.0,0.9317413684999557
COD10K-NonCAM-2-Aquatic-369,0.003654469968751073,0.9963455200195312,0.0,0.9945778212089298
COD10K-NonCAM-2-Aquatic-370,0.01659831590950489,0.9834016561508179,0.0,0.9816384528118771
COD10K-NonCAM-2-Aquatic-377,0.004936872515827417,0.9950631260871887,0.0,0.9930366080220014
COD10K-NonCAM-2-Aquatic-379,0.0028962292708456516,0.997103750705719,0.0,0.995862028915765
COD10K-NonCAM-2-Aquatic-380,0.005847054999321699,0.9941529631614685,0.0,0.9924810449000431
COD10K-NonCAM-2-Aquatic-381,0.006440937519073486,0.9935590624809265,0.0,0.9918207816800242
COD10K-NonCAM-2-Aquatic-382,0.0021835798397660255,0.9978164434432983,0.0,0.996006957055116
COD10K-NonCAM-2-Aquatic-383,0.001359116635285318,0.9986408948898315,0.0,0.9961017893029227
COD10K-NonCAM-2-Aquatic-384,0.024598201736807823,0.9754018187522888,0.0,0.9736419315916484
COD10K-NonCAM-2-Aquatic-385,0.0021548354998230934,0.9978451728820801,0.0,0.9960002418726749
COD10K-NonCAM-2-Aquatic-387,0.05089215189218521,0.949107825756073,0.0,0.9470185031334997
COD10K-NonCAM-2-Aquatic-389,0.005725643131881952,0.994274377822876,0.0,0.9925738594404496
COD10K-NonCAM-2-Aquatic-390,0.0021349280141294003,0.9978650808334351,0.0,0.9960882958846843
COD10K-NonCAM-2-Aquatic-391,0.015342948958277702,0.9846570491790771,0.0,0.9828832521710533
COD10K-NonCAM-2-Aquatic-395,0.008521695621311665,0.9914783239364624,0.0,0.9896482467635976
COD10K-NonCAM-2-Aquatic-397,0.008105033077299595,0.9918949604034424,0.0,0.9901747107616445
COD10K-NonCAM-2-Aquatic-399,0.00307112792506814,0.996928870677948,0.0,0.9954695848264371
COD10K-NonCAM-2-Aquatic-400,0.005694625899195671,0.9943053722381592,0.0,0.9925520114525075
COD10K-NonCAM-2-Aquatic-403,0.021644748747348785,0.9783552289009094,0.0,0.9764994151170675
COD10K-NonCAM-2-Aquatic-406,0.04819970205426216,0.9518002867698669,0.0,0.9502137950150522
COD10K-NonCAM-2-Aquatic-407,0.01121467724442482,0.9887853264808655,0.0,0.9869014218784051
COD10K-NonCAM-2-Aquatic-409,0.009044336155056953,0.990955650806427,0.0,0.9893028089513572
COD10K-NonCAM-2-Aquatic-410,0.0018950208323076367,0.998104989528656,0.0,0.9960055068279221
COD10K-NonCAM-2-Aquatic-411,0.00444077467545867,0.9955592155456543,0.0,0.9938936292402124
COD10K-NonCAM-2-Aquatic-416,0.045568183064460754,0.9544318318367004,0.0,0.9527551920655675
COD10K-NonCAM-2-Aquatic-419,0.0022115230094641447,0.9977884888648987,0.0,0.9959669497005725
COD10K-NonCAM-2-Aquatic-422,0.003749336116015911,0.9962506890296936,0.0,0.9946640151469297
COD10K-NonCAM-2-Aquatic-423,0.03383044898509979,0.966169536113739,0.0,0.9643995706318653
COD10K-NonCAM-2-Aquatic-427,0.004081066697835922,0.9959189295768738,0.0,0.9942251637873984
COD10K-NonCAM-2-Aquatic-430,0.005330834072083235,0.9946691393852234,0.0,0.9930434808378331
COD10K-NonCAM-2-Aquatic-437,0.0032839076593518257,0.9967160820960999,0.0,0.9951569978128054
COD10K-NonCAM-2-Aquatic-441,0.0014389920979738235,0.9985610246658325,0.0,0.9961017893029227
COD10K-NonCAM-2-Aquatic-444,0.00470022764056921,0.995299756526947,0.0,0.9937785253383697
COD10K-NonCAM-2-Aquatic-445,0.0020809113048017025,0.9979190826416016,0.0,0.9960659749965701
COD10K-NonCAM-2-Aquatic-447,0.007200000807642937,0.9927999973297119,0.0,0.9909329588972828
COD10K-NonCAM-2-Aquatic-452,0.0023400322534143925,0.9976599812507629,0.0,0.9960260937487393
COD10K-NonCAM-2-Aquatic-453,0.019323354586958885,0.9806766510009766,0.0,0.9789080533259891
COD10K-NonCAM-2-Aquatic-454,0.0034152416046708822,0.9965847730636597,0.0,0.9950457401656945
COD10K-NonCAM-2-Aquatic-458,0.06119130924344063,0.9388086795806885,0.0,0.9372632977006208
COD10K-NonCAM-2-Aquatic-462,0.037471383810043335,0.9625285863876343,0.0,0.960766310137769
COD10K-NonCAM-2-Aquatic-463,0.001788924913853407,0.9982110857963562,0.0,0.996046081662672
COD10K-NonCAM-2-Aquatic-464,0.10952013731002808,0.8904798626899719,0.0,0.8890983836650445
COD10K-NonCAM-2-Aquatic-466,0.002536515239626169,0.9974634647369385,0.0,0.9958121852376459
COD10K-NonCAM-2-Aquatic-468,0.07413887232542038,0.925861120223999,0.0,0.924164845685738
COD10K-NonCAM-2-Aquatic-471,0.022068485617637634,0.9779314994812012,0.0,0.9762189537884476
COD10K-NonCAM-2-Aquatic-473,0.00459844758734107,0.9954015612602234,0.0,0.9935837219942216
COD10K-NonCAM-2-Aquatic-474,0.0022126524709165096,0.997787356376648,0.0,0.9959132282410437
COD10K-NonCAM-2-Aquatic-481,0.003707092721015215,0.9962928891181946,0.0,0.9946809764997622
COD10K-NonCAM-2-Aquatic-482,0.003810534020885825,0.9961894750595093,0.0,0.9945392640815802
COD10K-NonCAM-2-Aquatic-483,0.003320688148960471,0.9966793060302734,0.0,0.9950095790658825
COD10K-NonCAM-2-Aquatic-484,0.004953884053975344,0.9950461387634277,0.0,0.9933250771268657
COD10K-NonCAM-2-Aquatic-486,0.002061787061393261,0.9979382157325745,0.0,0.9960739827728144
COD10K-NonCAM-2-Aquatic-488,0.0033811742905527353,0.9966188073158264,0.0,0.9953081051810694
COD10K-NonCAM-2-Aquatic-490,0.024083411321043968,0.9759165644645691,0.0,0.9741957292196316
COD10K-NonCAM-2-Aquatic-492,0.0032296727877110243,0.9967703223228455,0.0,0.995437837461563
COD10K-NonCAM-2-Aquatic-496,0.0026537610683590174,0.9973462224006653,0.0,0.9954748813083625
COD10K-NonCAM-2-Aquatic-497,0.0038475750479847193,0.996152400970459,0.0,0.9944546780041649
COD10K-NonCAM-2-Aquatic-500,0.027247639372944832,0.9727523326873779,0.0,0.9710241769267087
COD10K-NonCAM-2-Aquatic-501,0.0027817480731755495,0.9972182512283325,0.0,0.9954719808539747
COD10K-NonCAM-2-Aquatic-502,0.03604601323604584,0.963953971862793,0.0,0.9623916365019412
COD10K-NonCAM-2-Aquatic-503,0.005034623201936483,0.9949653744697571,0.0,0.9933713582903565
COD10K-NonCAM-2-Aquatic-508,0.0039189280942082405,0.9960810542106628,0.0,0.9944721437838473
COD10K-NonCAM-2-Aquatic-510,0.0022549175191670656,0.9977450966835022,0.0,0.9960262198554517
COD10K-NonCAM-2-Aquatic-515,0.0029018777422606945,0.9970981478691101,0.0,0.9956048027489248
COD10K-NonCAM-2-Aquatic-517,0.004130472894757986,0.995869517326355,0.0,0.9942593387064884
COD10K-NonCAM-2-Aquatic-518,0.019386786967515945,0.9806132316589355,0.0,0.9788674469645612
COD10K-NonCAM-2-Aquatic-521,0.035373374819755554,0.9646266102790833,0.0,0.9628219441316997
COD10K-NonCAM-2-Aquatic-522,0.003754018573090434,0.9962459802627563,0.0,0.9945911254670996
COD10K-NonCAM-2-Aquatic-527,0.03721824660897255,0.9627817273139954,0.0,0.9611250206815009
COD10K-NonCAM-2-Aquatic-528,0.005261685233563185,0.9947383403778076,0.0,0.9931119567827256
COD10K-NonCAM-2-Aquatic-529,0.0019723684526979923,0.9980276226997375,0.0,0.9961017893029227
COD10K-NonCAM-2-Aquatic-531,0.001942349481396377,0.9980576634407043,0.0,0.9960346374785117
COD10K-NonCAM-2-Aquatic-532,0.0009322621626779437,0.9990677237510681,0.0,0.9960741404062052
COD10K-NonCAM-2-Aquatic-534,0.014202862977981567,0.9857971668243408,0.0,0.9840751182376539
COD10K-NonCAM-2-Aquatic-535,0.0028200659435242414,0.9971799254417419,0.0,0.9955386282515358
COD10K-NonCAM-2-Aquatic-536,0.001697421888820827,0.9983025789260864,0.0,0.9961017893029227
COD10K-NonCAM-2-Aquatic-537,0.04393596574664116,0.9560640454292297,0.0,0.954370524472773
COD10K-NonCAM-2-Aquatic-539,0.05793093889951706,0.9420690536499023,0.0,0.9404387908283093
COD10K-NonCAM-2-Aquatic-542,0.007535150274634361,0.9924648404121399,0.0,0.9908249484980189
COD10K-NonCAM-2-Aquatic-544,0.010584781877696514,0.9894152283668518,0.0,0.9877303528264046
COD10K-NonCAM-2-Aquatic-546,0.0123163852840662,0.9876835942268372,0.0,0.986056065531101
COD10K-NonCAM-2-Aquatic-547,0.006544599775224924,0.9934554100036621,0.0,0.9917376458298026
COD10K-NonCAM-2-Aquatic-549,0.008586269803345203,0.9914137125015259,0.0,0.9895646695398822
COD10K-NonCAM-2-Aquatic-554,0.0020046790596097708,0.9979953169822693,0.0,0.9958394873409041
COD10K-NonCAM-2-Aquatic-556,0.08166081458330154,0.918339192867279,0.0,0.9167938768129101
COD10K-NonCAM-2-Aquatic-557,0.035129547119140625,0.9648704528808594,0.0,0.9629970433020187
COD10K-NonCAM-2-Aquatic-559,0.014615331776440144,0.9853846430778503,0.0,0.9834457826888777
COD10K-NonCAM-2-Aquatic-560,0.0035189897753298283,0.9964810013771057,0.0,0.9949568349333756
COD10K-NonCAM-2-Aquatic-563,0.0020262585021555424,0.9979737401008606,0.0,0.9961002444956946
COD10K-NonCAM-2-Aquatic-566,0.0020195874385535717,0.9979804158210754,0.0,0.9961017893029227
COD10K-NonCAM-2-Aquatic-567,0.04636634141206741,0.9536336660385132,0.0,0.9519219419626643
COD10K-NonCAM-2-Aquatic-568,0.023351041600108147,0.9766489863395691,0.0,0.9750623660746713
COD10K-NonCAM-2-Aquatic-570,0.03480377420783043,0.9651962518692017,0.0,0.9635598890866243
COD10K-NonCAM-2-Aquatic-571,0.05116159841418266,0.9488384127616882,0.0,0.9468791867428553
COD10K-NonCAM-2-Aquatic-573,0.028529692441225052,0.971470296382904,0.0,0.9698595183833321
COD10K-NonCAM-2-Aquatic-576,0.0026537764351814985,0.9973462224006653,0.0,0.9955740011843945
COD10K-NonCAM-2-Aquatic-577,0.0026542115956544876,0.9973458051681519,0.0,0.9958401494011447
COD10K-NonCAM-2-Aquatic-579,0.0022776746191084385,0.997722327709198,0.0,0.9959860863941957
COD10K-NonCAM-2-Aquatic-580,0.0023798528127372265,0.997620165348053,0.0,0.9960609622547479
COD10K-NonCAM-2-Aquatic-582,0.0037413896061480045,0.9962586164474487,0.0,0.9945095344241063
COD10K-NonCAM-2-Aquatic-583,0.12986569106578827,0.8701342940330505,0.0,0.8687718416826066
COD10K-NonCAM-2-Aquatic-585,0.0018194499425590038,0.9981805682182312,0.0,0.9961007173958665
COD10K-NonCAM-2-Aquatic-588,0.002828236436471343,0.9971717596054077,0.0,0.9957258336662553
COD10K-NonCAM-2-Aquatic-590,0.07216069102287292,0.9278392791748047,0.0,0.926143239318257
COD10K-NonCAM-2-Aquatic-591,0.0029307990334928036,0.9970691800117493,0.0,0.9956440534631933
COD10K-NonCAM-2-Aquatic-597,0.02906302735209465,0.9709369540214539,0.0,0.9691479297313221
COD10K-NonCAM-2-Aquatic-599,0.09603582322597504,0.9039641618728638,0.0,0.9024169864732896
COD10K-NonCAM-2-Aquatic-600,0.003404887393116951,0.9965950846672058,0.0,0.9950904134686007
COD10K-NonCAM-2-Aquatic-602,0.003956787753850222,0.9960432052612305,0.0,0.9945190239542225
COD10K-NonCAM-2-Aquatic-608,0.07462065666913986,0.9253793358802795,0.0,0.923674984160997
COD10K-NonCAM-2-Aquatic-609,0.008771452121436596,0.9912285208702087,0.0,0.9895811579925428
COD10K-NonCAM-2-Aquatic-614,0.008732764981687069,0.9912672638893127,0.0,0.9896463236362318
COD10K-NonCAM-2-Aquatic-616,0.0037174425087869167,0.9962825775146484,0.0,0.9948093846597745
COD10K-NonCAM-2-Aquatic-617,0.09520889818668365,0.9047911167144775,0.0,0.9033521307999
COD10K-NonCAM-2-Aquatic-620,0.0009136251173913479,0.9990863800048828,0.0,0.9961017893029227
COD10K-NonCAM-2-Aquatic-621,0.04742796719074249,0.9525720477104187,0.0,0.9508162383073857
COD10K-NonCAM-2-Aquatic-622,0.07132302224636078,0.928676962852478,0.0,0.9270351290424768
COD10K-NonCAM-2-Aquatic-623,0.06952422112226486,0.9304757714271545,0.0,0.9289042196819286
COD10K-NonCAM-2-Aquatic-625,0.002227263292297721,0.997772753238678,0.0,0.9960556657728226
COD10K-NonCAM-2-Aquatic-629,0.04258596897125244,0.9574140310287476,0.0,0.9557153264549688
COD10K-NonCAM-2-Aquatic-630,0.0467766635119915,0.9532233476638794,0.0,0.9515280791728207
COD10K-NonCAM-2-Aquatic-631,0.006478962488472462,0.9935210347175598,0.0,0.9917410822377185
COD10K-NonCAM-2-Aquatic-635,0.06497420370578766,0.9350258111953735,0.0,0.9334556631498028
COD10K-NonCAM-2-Aquatic-636,0.006623612251132727,0.9933763742446899,0.0,0.9915604343720494
COD10K-NonCAM-2-Aquatic-637,0.005561718251556158,0.9944382905960083,0.0,0.9927861600909585
COD10K-NonCAM-2-Aquatic-639,0.059333790093660355,0.9406661987304688,0.0,0.9388453064090457
COD10K-NonCAM-2-Aquatic-640,0.055949121713638306,0.9440509080886841,0.0,0.9423976063937112
COD10K-NonCAM-2-Aquatic-642,0.009083266369998455,0.9909167289733887,0.0,0.9891028982853526
COD10K-NonCAM-2-Aquatic-644,0.05401719734072685,0.945982813835144,0.0,0.9443557283721944
COD10K-NonCAM-2-Aquatic-649,0.013395555317401886,0.9866044521331787,0.0,0.9847549279981117
COD10K-NonCAM-2-Aquatic-652,0.011146568693220615,0.9888534545898438,0.0,0.987026519737214
COD10K-NonCAM-2-Aquatic-655,0.003432515310123563,0.9965674877166748,0.0,0.9949154088783164
COD10K-NonCAM-2-Aquatic-661,0.02519216388463974,0.974807858467102,0.0,0.9730812926745114
COD10K-NonCAM-2-Aquatic-662,0.029453707858920097,0.970546305179596,0.0,0.9689219780291842
COD10K-NonCAM-2-Aquatic-664,0.0030492807272821665,0.9969507455825806,0.0,0.9956125898384223
COD10K-NonCAM-2-Aquatic-667,0.16762791574001312,0.8323720693588257,0.0,0.8310135373033745
COD10K-NonCAM-2-Aquatic-668,0.02730337716639042,0.9726966023445129,0.0,0.9708121600163032
COD10K-NonCAM-2-Aquatic-669,0.001869382569566369,0.9981306195259094,0.0,0.9960004310327437
COD10K-NonCAM-2-Aquatic-676,0.010234378278255463,0.9897656440734863,0.0,0.9879387126421477
COD10K-NonCAM-2-Aquatic-679,0.005986407864838839,0.9940136075019836,0.0,0.99214828081241
COD10K-NonCAM-2-Aquatic-681,0.10108479857444763,0.89891517162323,0.0,0.8973785819350621
COD10K-NonCAM-2-Aquatic-683,0.06660852581262589,0.9333914518356323,0.0,0.931855904921592
COD10K-NonCAM-2-Aquatic-684,0.00706199137493968,0.9929379820823669,0.0,0.991045477611519
COD10K-NonCAM-2-Aquatic-685,0.0066809337586164474,0.9933190941810608,0.0,0.9917845890535341
COD10K-NonCAM-2-Aquatic-686,0.005970374681055546,0.9940296411514282,0.0,0.9922648664681246
COD10K-NonCAM-2-Aquatic-688,0.0031534074805676937,0.996846616268158,0.0,0.9951776477869788
COD10K-NonCAM-2-Aquatic-689,0.09538007527589798,0.9046199321746826,0.0,0.9030473624024439
COD10K-NonCAM-2-Aquatic-691,0.010364528745412827,0.9896354675292969,0.0,0.9877025147696183
COD10K-NonCAM-2-Aquatic-693,0.002271906705573201,0.9977281093597412,0.0,0.9956450623168933
COD10K-NonCAM-2-Aquatic-696,0.004711468238383532,0.9952885508537292,0.0,0.9938149386516067
COD10K-NonCAM-2-Aquatic-704,0.00152578332927078,0.9984742403030396,0.0,0.9960629799621481
COD10K-NonCAM-2-Aquatic-705,0.018952278420329094,0.9810477495193481,0.0,0.9792822749953594
COD10K-NonCAM-2-Aquatic-707,0.0036042872816324234,0.9963957071304321,0.0,0.9948483831606179
COD10K-NonCAM-2-Aquatic-709,0.003450521267950535,0.9965494871139526,0.0,0.9949352391588584
COD10K-NonCAM-2-Aquatic-713,0.002472429070621729,0.9975275993347168,0.0,0.9959505243012683
COD10K-NonCAM-2-Aquatic-717,0.0042248074896633625,0.9957751631736755,0.0,0.994067215129981
COD10K-NonCAM-2-Aquatic-721,0.008503690361976624,0.9914963245391846,0.0,0.9898035471800524
COD10K-NonCAM-2-Aquatic-728,0.0027477967087179422,0.9972522258758545,0.0,0.9957090930001697
COD10K-NonCAM-2-Aquatic-729,0.08979390561580658,0.9102060794830322,0.0,0.9087080089868688
COD10K-NonCAM-2-Aquatic-730,0.014411850832402706,0.9855881333351135,0.0,0.9838067316267567
COD10K-NonCAM-2-Aquatic-732,0.003122016554698348,0.9968779683113098,0.0,0.9955829547609827
COD10K-NonCAM-2-Aquatic-736,0.0047418903559446335,0.995258092880249,0.0,0.9937402204244452
COD10K-NonCAM-2-Aquatic-744,0.0013746083714067936,0.9986253976821899,0.0,0.9961017893029227
COD10K-NonCAM-2-Aquatic-749,0.003082993207499385,0.9969170093536377,0.0,0.9955881566628737
COD10K-NonCAM-2-Aquatic-750,0.0016346017364412546,0.9983654022216797,0.0,0.9960855845903653
COD10K-NonCAM-2-Aquatic-752,0.0018561691977083683,0.9981438517570496,0.0,0.9960507791377129
COD10K-NonCAM-2-Aquatic-759,0.013139023445546627,0.986860990524292,0.0,0.9848036367158182
COD10K-NonCAM-2-Aquatic-769,0.0030216064769774675,0.9969784021377563,0.0,0.9955991910002182
COD10K-NonCAM-2-Aquatic-772,0.0025924171786755323,0.9974075555801392,0.0,0.9957166278762422
COD10K-NonCAM-2-Aquatic-774,0.0034666215069592,0.9965333938598633,0.0,0.9950738934892621
COD10K-NonCAM-2-Aquatic-776,0.016475139185786247,0.9835248589515686,0.0,0.9817259078170022
COD10K-NonCAM-2-Aquatic-777,0.023701993748545647,0.9762980341911316,0.0,0.9745037448649349
COD10K-NonCAM-2-Aquatic-781,0.006830907426774502,0.9931690692901611,0.0,0.9914942914013383
COD10K-NonCAM-2-Aquatic-788,0.004589220974594355,0.9954107999801636,0.0,0.9936111817308704
COD10K-NonCAM-2-Aquatic-789,0.004519768059253693,0.9954802393913269,0.0,0.9937390854640327
COD10K-NonCAM-2-Aquatic-795,0.0723060891032219,0.9276939034461975,0.0,0.9260088410894005
COD10K-NonCAM-2-Aquatic-800,0.004756549838930368,0.9952434301376343,0.0,0.9935701339959487
COD10K-NonCAM-2-Aquatic-804,0.004995625466108322,0.9950043559074402,0.0,0.9932466702783632
COD10K-NonCAM-2-Aquatic-807,0.022042544558644295,0.9779574275016785,0.0,0.9762652034252601
COD10K-NonCAM-2-Aquatic-810,0.004452759400010109,0.9955472350120544,0.0,0.993788487768658
COD10K-NonCAM-2-Aquatic-813,0.011323918588459492,0.9886760711669922,0.0,0.9868498757596671
COD10K-NonCAM-2-Aquatic-818,0.04357079789042473,0.9564291834831238,0.0,0.9548184870422831
COD10K-NonCAM-2-Aquatic-826,0.0017084558494389057,0.998291552066803,0.0,0.9960791216213493
COD10K-NonCAM-2-Aquatic-830,0.0011786727700382471,0.9988213181495667,0.0,0.9961017893029227
COD10K-NonCAM-2-Aquatic-832,0.002774443244561553,0.9972255825996399,0.0,0.9956952843151501
COD10K-NonCAM-2-Aquatic-833,0.1512262523174286,0.848773717880249,0.0,0.8473838595009806
COD10K-NonCAM-2-Aquatic-835,0.014644268900156021,0.9853557348251343,0.0,0.9836561917386989
COD10K-NonCAM-2-Aquatic-836,0.003510833252221346,0.9964891672134399,0.0,0.9949440035753778
COD10K-NonCAM-2-Aquatic-837,0.0035674923565238714,0.9964324831962585,0.0,0.9947710482191717
COD10K-NonCAM-2-Aquatic-841,0.0023125456646084785,0.9976874589920044,0.0,0.9960444738020874
COD10K-NonCAM-2-Aquatic-842,0.02524537406861782,0.9747546315193176,0.0,0.9730422941736683
COD10K-NonCAM-2-Aquatic-843,0.002046409994363785,0.9979535937309265,0.0,0.995953424755656
COD10K-NonCAM-2-Aquatic-844,0.06853871792554855,0.9314612746238708,0.0,0.9298580908553465
COD10K-NonCAM-2-Aquatic-845,0.001410208991728723,0.998589813709259,0.0,0.9961017893029227
COD10K-NonCAM-2-Aquatic-848,0.04600917175412178,0.9539908170700073,0.0,0.9523354773996594
COD10K-NonCAM-2-Aquatic-850,0.003878534771502018,0.9961214661598206,0.0,0.9943031607890853
COD10K-NonCAM-2-Aquatic-853,0.0034226197749376297,0.9965773820877075,0.0,0.9949333475581708
COD10K-NonCAM-2-Aquatic-855,0.0022864039056003094,0.9977136254310608,0.0,0.9957938367109758
COD10K-NonCAM-2-Aquatic-858,0.025105280801653862,0.9748947024345398,0.0,0.9731562631150981
COD10K-NonCAM-2-Aquatic-862,0.0033995837438851595,0.9966003894805908,0.0,0.9948955785977743
COD10K-NonCAM-2-Aquatic-863,0.003843365702778101,0.996156632900238,0.0,0.9945288602777982
COD10K-NonCAM-2-Aquatic-865,0.07518532872200012,0.9248147010803223,0.0,0.9229647826828244
COD10K-NonCAM-2-Aquatic-867,0.004940844606608152,0.9950591325759888,0.0,0.9932968922766199
COD10K-NonCAM-2-Aquatic-868,0.003348307218402624,0.9966517090797424,0.0,0.9949292490900143
COD10K-NonCAM-2-Aquatic-869,0.00663021020591259,0.9933698177337646,0.0,0.9918375223461098
COD10K-NonCAM-2-Aquatic-872,0.11924717575311661,0.8807528018951416,0.0,0.8793083412528349
COD10K-NonCAM-2-Aquatic-873,0.004315975122153759,0.995684027671814,0.0,0.994076641606741
COD10K-NonCAM-2-Aquatic-874,0.0066867610439658165,0.9933132529258728,0.0,0.9912789326630512
COD10K-NonCAM-2-Aquatic-879,0.004643079359084368,0.9953569173812866,0.0,0.9937345140957042
COD10K-NonCAM-2-Aquatic-880,0.022056888788938522,0.9779431223869324,0.0,0.9761589585199715
COD10K-NonCAM-2-Aquatic-881,0.0024079550057649612,0.997592031955719,0.0,0.9956413106421962
COD10K-NonCAM-2-Aquatic-883,0.0036152780521661043,0.9963847398757935,0.0,0.9943265851109339
COD10K-NonCAM-2-Aquatic-884,0.02695872262120247,0.973041296005249,0.0,0.9712998146735754
COD10K-NonCAM-2-Aquatic-889,0.0016554208705201745,0.9983446002006531,0.0,0.9958994826093802
COD10K-NonCAM-2-Aquatic-892,0.006035086698830128,0.9939649105072021,0.0,0.9922299979621159
COD10K-NonCAM-2-Aquatic-896,0.0017396420007571578,0.9982603788375854,0.0,0.9961017893029227
COD10K-NonCAM-2-Aquatic-897,0.005190365016460419,0.994809627532959,0.0,0.993017187588275
COD10K-NonCAM-2-Aquatic-898,0.02445628121495247,0.975543737411499,0.0,0.9738036634504412
COD10K-NonCAM-2-Aquatic-899,0.02021918073296547,0.9797807931900024,0.0,0.9779560106999026
COD10K-NonCAM-2-Aquatic-900,0.014397503808140755,0.9856024980545044,0.0,0.9837283247782542
COD10K-NonCAM-2-Aquatic-901,0.021174205467104912,0.9788258075714111,0.0,0.9770638687622578
COD10K-NonCAM-2-Aquatic-906,0.006823848467320204,0.9931761622428894,0.0,0.9913796288729897
COD10K-NonCAM-2-Aquatic-907,0.0034000922460108995,0.9965999126434326,0.0,0.995101132539164
COD10K-NonCAM-2-Aquatic-911,0.014782852493226528,0.9852171540260315,0.0,0.983536295781781
COD10K-NonCAM-2-Aquatic-915,0.04338923841714859,0.9566107392311096,0.0,0.954950741457027
COD10K-NonCAM-2-Aquatic-918,0.011308245360851288,0.9886917471885681,0.0,0.9868699897803122
COD10K-NonCAM-2-Aquatic-919,0.0034945732913911343,0.9965054392814636,0.0,0.9949760977337113
COD10K-NonCAM-2-Aquatic-926,0.002862062305212021,0.9971379637718201,0.0,0.9957601031653797
COD10K-NonCAM-2-Aquatic-928,0.1324448585510254,0.8675551414489746,0.0,0.8662387676751169
COD10K-NonCAM-2-Aquatic-930,0.003361901268362999,0.9966381192207336,0.0,0.9952634003514849
COD10K-NonCAM-2-Aquatic-934,0.03059569001197815,0.9694043397903442,0.0,0.9676188227887946
COD10K-NonCAM-2-Aquatic-935,0.018324080854654312,0.981675922870636,0.0,0.9799628729227703
COD10K-NonCAM-2-Aquatic-936,0.008579709567129612,0.9914202690124512,0.0,0.989682516262722
COD10K-NonCAM-2-Aquatic-939,0.0067481608130037785,0.9932518601417542,0.0,0.9914031793015506
COD10K-NonCAM-2-Aquatic-940,0.006113085895776749,0.9938868880271912,0.0,0.9920798048675177
COD10K-NonCAM-2-Aquatic-943,0.002215765183791518,0.9977842569351196,0.0,0.9958633845629246
COD10K-NonCAM-2-Aquatic-945,0.006489394698292017,0.9935106039047241,0.0,0.9915732657300472
COD10K-NonCAM-3-Flying-1004,0.0035163427237421274,0.9964836835861206,0.0,0.9947938104807796
COD10K-NonCAM-3-Flying-1006,0.002727133920416236,0.9972728490829468,0.0,0.995928171886476
COD10K-NonCAM-3-Flying-1008,0.016165729612112045,0.9838342666625977,0.0,0.9819864442850457
COD10K-NonCAM-3-Flying-1013,0.0026545303408056498,0.9973454475402832,0.0,0.9957610489657235
COD10K-NonCAM-3-Flying-1014,0.004684062674641609,0.9953159093856812,0.0,0.9936162259993708
COD10K-NonCAM-3-Flying-1016,0.04847785457968712,0.951522171497345,0.0,0.9498746310117592
COD10K-NonCAM-3-Flying-1017,0.0017236988060176373,0.9982762932777405,0.0,0.996098384421685
COD10K-NonCAM-3-Flying-1020,0.0017371858702972531,0.9982628226280212,0.0,0.9959642068795754
COD10K-NonCAM-3-Flying-1026,0.002657035132870078,0.9973429441452026,0.0,0.9958061951688018
COD10K-NonCAM-3-Flying-1031,0.004006550647318363,0.995993435382843,0.0,0.9942166200576261
COD10K-NonCAM-3-Flying-1032,0.0017134927911683917,0.9982864856719971,0.0,0.9961017893029227
COD10K-NonCAM-3-Flying-1034,0.003200816223397851,0.9967991709709167,0.0,0.9951847097628793
COD10K-NonCAM-3-Flying-1035,0.004009810741990805,0.9959902167320251,0.0,0.9942993145343537
COD10K-NonCAM-3-Flying-1037,0.01266193762421608,0.9873380661010742,0.0,0.9855463421991398
COD10K-NonCAM-3-Flying-1038,0.009140828624367714,0.9908591508865356,0.0,0.9891401628188988
COD10K-NonCAM-3-Flying-1040,0.002103886567056179,0.997896134853363,0.0,0.9960685917108547
COD10K-NonCAM-3-Flying-1043,0.0029377592727541924,0.9970622658729553,0.0,0.9955577018918027
COD10K-NonCAM-3-Flying-1044,0.0019214253406971693,0.9980785846710205,0.0,0.9960804772685088
COD10K-NonCAM-3-Flying-1046,0.002902406267821789,0.9970976114273071,0.0,0.9955159920966404
COD10K-NonCAM-3-Flying-1050,0.1707228422164917,0.8292771577835083,0.0,0.8278625404045907
COD10K-NonCAM-3-Flying-1051,0.0030712373554706573,0.9969287514686584,0.0,0.9953215670726298
COD10K-NonCAM-3-Flying-1053,0.0013779000146314502,0.9986221194267273,0.0,0.9960403438072527
COD10K-NonCAM-3-Flying-1056,0.07459139078855515,0.9254086017608643,0.0,0.9236102598908016
COD10K-NonCAM-3-Flying-1057,0.004915675148367882,0.9950843453407288,0.0,0.9931835223420744
COD10K-NonCAM-3-Flying-1058,0.003910094499588013,0.9960899353027344,0.0,0.9944799308733447
COD10K-NonCAM-3-Flying-1060,0.007173994090408087,0.992825984954834,0.0,0.9911986657405392
COD10K-NonCAM-3-Flying-1064,0.014474522322416306,0.9855254888534546,0.0,0.9837385709486455
COD10K-NonCAM-3-Flying-1066,0.010029024444520473,0.9899709820747375,0.0,0.9881388439948995
COD10K-NonCAM-3-Flying-1067,0.0466943234205246,0.9533056616783142,0.0,0.9516271990488527
COD10K-NonCAM-3-Flying-1068,0.07681979238986969,0.9231802225112915,0.0,0.9212279464581163
COD10K-NonCAM-3-Flying-1069,0.0032495271880179644,0.9967504739761353,0.0,0.9951921185322392
COD10K-NonCAM-3-Flying-1073,0.054633334279060364,0.9453666806221008,0.0,0.943567750579082
COD10K-NonCAM-3-Flying-1076,0.002853077370673418,0.9971469044685364,0.0,0.9955070700467303
COD10K-NonCAM-3-Flying-1077,0.002099771751090884,0.9979002475738525,0.0,0.9960885796247874
COD10K-NonCAM-3-Flying-1089,0.007069690153002739,0.9929302930831909,0.0,0.9911770699660221
COD10K-NonCAM-3-Flying-1097,0.09589347243309021,0.9041064977645874,0.0,0.9026230448415293
COD10K-NonCAM-3-Flying-1098,0.04836343973875046,0.951636552810669,0.0,0.9499526280134459
COD10K-NonCAM-3-Flying-1101,0.030842024832963943,0.9691579937934875,0.0,0.9673572144136946
COD10K-NonCAM-3-Flying-1102,0.0012587952660396695,0.9987412095069885,0.0,0.9961017893029227
COD10K-NonCAM-3-Flying-1106,0.024853991344571114,0.9751459956169128,0.0,0.9735505042250794
COD10K-NonCAM-3-Flying-1111,0.04607384279370308,0.953926146030426,0.0,0.9520754138317877
COD10K-NonCAM-3-Flying-1114,0.020349016413092613,0.9796509742736816,0.0,0.9778729379030371
COD10K-NonCAM-3-Flying-1117,0.03634529560804367,0.9636546969413757,0.0,0.9619397646243432
COD10K-NonCAM-3-Flying-1120,0.05149509385228157,0.9485049247741699,0.0,0.9467730994709571
COD10K-NonCAM-3-Flying-1121,0.0015421719290316105,0.9984578490257263,0.0,0.9959258073856165
COD10K-NonCAM-3-Flying-1123,0.0035630071070045233,0.9964370131492615,0.0,0.9948499279678461
COD10K-NonCAM-3-Flying-1124,0.00438605947420001,0.9956139326095581,0.0,0.9940761056532129
COD10K-NonCAM-3-Flying-1125,0.009443722665309906,0.9905562996864319,0.0,0.9888706097209108
COD10K-NonCAM-3-Flying-1128,0.008203632198274136,0.9917963743209839,0.0,0.9902025803451089
COD10K-NonCAM-3-Flying-1132,0.002188331913203001,0.9978116750717163,0.0,0.9960152485714635
COD10K-NonCAM-3-Flying-1137,0.0036585263442248106,0.9963414669036865,0.0,0.9947414761950883
COD10K-NonCAM-3-Flying-1139,0.047314804047346115,0.9526851773262024,0.0,0.9508159230406044
COD10K-NonCAM-3-Flying-1140,0.008900552988052368,0.99109947681427,0.0,0.9895693354882448
COD10K-NonCAM-3-Flying-1146,0.0017146413447335362,0.9982853531837463,0.0,0.9960915431325315
COD10K-NonCAM-3-Flying-1148,0.015962278470396996,0.9840376973152161,0.0,0.9823621477082881
COD10K-NonCAM-3-Flying-1150,0.004408037755638361,0.995591938495636,0.0,0.9939904791954193
COD10K-NonCAM-3-Flying-1153,0.044929139316082,0.9550708532333374,0.0,0.9534252600824838
COD10K-NonCAM-3-Flying-1159,0.09802363812923431,0.9019763469696045,0.0,0.9005092441264538
COD10K-NonCAM-3-Flying-1163,0.004074886906892061,0.9959251284599304,0.0,0.9943370204413939
COD10K-NonCAM-3-Flying-1164,0.003163103712722659,0.9968369007110596,0.0,0.9953837376818966
COD10K-NonCAM-3-Flying-1169,0.0023020715452730656,0.9976979494094849,0.0,0.9958097892101082
COD10K-NonCAM-3-Flying-1170,0.002863287925720215,0.9971367120742798,0.0,0.9955444922136675
COD10K-NonCAM-3-Flying-1171,0.00860338844358921,0.9913966059684753,0.0,0.9896003892662004
COD10K-NonCAM-3-Flying-1173,0.009484638459980488,0.9905153512954712,0.0,0.9888128528465818
COD10K-NonCAM-3-Flying-1174,0.0015120600583031774,0.9984879493713379,0.0,0.9960356778588899
COD10K-NonCAM-3-Flying-1175,0.003739722538739443,0.9962602853775024,0.0,0.9946539581366072
COD10K-NonCAM-3-Flying-1177,0.0036526196636259556,0.9963473677635193,0.0,0.9948494550676742
COD10K-NonCAM-3-Flying-1182,0.003626164048910141,0.9963738322257996,0.0,0.9948438433189676
COD10K-NonCAM-3-Flying-1183,0.002805928001180291,0.9971940517425537,0.0,0.995612778998491
COD10K-NonCAM-3-Flying-1184,0.09429704397916794,0.9057029485702515,0.0,0.9039214080268435
COD10K-NonCAM-3-Flying-1194,0.0037919366732239723,0.9962080717086792,0.0,0.9946138562020294
COD10K-NonCAM-3-Flying-1196,0.055599458515644073,0.9444005489349365,0.0,0.9427707876827034
COD10K-NonCAM-3-Flying-1199,0.003976236097514629,0.9960237741470337,0.0,0.9944737831711099
COD10K-NonCAM-3-Flying-1203,0.04946376010775566,0.9505362510681152,0.0,0.9485590857868655
COD10K-NonCAM-3-Flying-1205,0.002591365948319435,0.9974086284637451,0.0,0.9959815465525454
COD10K-NonCAM-3-Flying-1215,0.025881581008434296,0.9741184115409851,0.0,0.9723729512703485
COD10K-NonCAM-3-Flying-1216,0.034853700548410416,0.9651463031768799,0.0,0.9633930183792967
COD10K-NonCAM-3-Flying-1218,0.012781220488250256,0.9872187972068787,0.0,0.9854116602301802
COD10K-NonCAM-3-Flying-1225,0.0010950934374704957,0.9989048838615417,0.0,0.9961017893029227
COD10K-NonCAM-3-Flying-1227,0.0030687081161886454,0.9969313144683838,0.0,0.9954644144512242
COD10K-NonCAM-3-Flying-1229,0.012831325642764568,0.9871686697006226,0.0,0.985373229209543
COD10K-NonCAM-3-Flying-1231,0.004777689464390278,0.9952223300933838,0.0,0.9937110267204994
COD10K-NonCAM-3-Flying-1232,0.0036613503471016884,0.9963386654853821,0.0,0.9947169169128272
COD10K-NonCAM-3-Flying-1235,0.06288280338048935,0.9371172189712524,0.0,0.9352713160698288
COD10K-NonCAM-3-Flying-1237,0.010418999008834362,0.9895809888839722,0.0,0.9879586375027241
COD10K-NonCAM-3-Flying-1238,0.00434849364683032,0.9956514835357666,0.0,0.9939187560026799
COD10K-NonCAM-3-Flying-1240,0.01755210943520069,0.9824478626251221,0.0,0.9806165155403825
COD10K-NonCAM-3-Flying-1245,0.0018063370371237397,0.9981936812400818,0.0,0.9960890209982812
COD10K-NonCAM-3-Flying-1246,0.020228112116456032,0.9797719120979309,0.0,0.977862471045899
COD10K-NonCAM-3-Flying-1251,0.006216716952621937,0.9937832951545715,0.0,0.9920252321876794
COD10K-NonCAM-3-Flying-1252,0.011421664617955685,0.9885783195495605,0.0,0.9862840664673174
COD10K-NonCAM-3-Flying-1257,0.018976209685206413,0.9810237884521484,0.0,0.9790584986340121
COD10K-NonCAM-3-Flying-1258,0.0032344551291316748,0.9967655539512634,0.0,0.9952799518575017
COD10K-NonCAM-3-Flying-1261,0.0026552192866802216,0.9973447918891907,0.0,0.995836996733332
COD10K-NonCAM-3-Flying-1275,0.01732160523533821,0.9826784133911133,0.0,0.9807742750377313
COD10K-NonCAM-3-Flying-1278,0.04421902075409889,0.9557809829711914,0.0,0.9539225619032631
COD10K-NonCAM-3-Flying-1279,0.07729421555995941,0.9227057695388794,0.0,0.9210263333514928
COD10K-NonCAM-3-Flying-1285,0.015398059040307999,0.9846019148826599,0.0,0.9828115605049919
COD10K-NonCAM-3-Flying-1287,0.0019371872767806053,0.998062789440155,0.0,0.9960910702323595
COD10K-NonCAM-3-Flying-1292,0.0018112527905032039,0.9981887340545654,0.0,0.9960780181876148
COD10K-NonCAM-3-Flying-1294,0.05739150941371918,0.9426084756851196,0.0,0.9409284316663036
COD10K-NonCAM-3-Flying-1295,0.0037614605389535427,0.9962385296821594,0.0,0.9946231250453987
COD10K-NonCAM-3-Flying-1297,0.02127782441675663,0.9787221550941467,0.0,0.9769672079671196
COD10K-NonCAM-3-Flying-1300,0.01592421345412731,0.9840757846832275,0.0,0.9824083658184226
COD10K-NonCAM-3-Flying-1301,0.02231624536216259,0.9776837825775146,0.0,0.975524389542626
COD10K-NonCAM-3-Flying-1303,0.0014392773155122995,0.9985607266426086,0.0,0.9961017893029227
COD10K-NonCAM-3-Flying-1305,0.0060912128537893295,0.9939087629318237,0.0,0.9919796761377853
COD10K-NonCAM-3-Flying-1311,0.0020767762325704098,0.9979231953620911,0.0,0.9960105826231006
COD10K-NonCAM-3-Flying-1314,0.0037743672728538513,0.9962256550788879,0.0,0.9945853876116804
COD10K-NonCAM-3-Flying-1316,0.0022144815884530544,0.9977855086326599,0.0,0.9960097944561475
COD10K-NonCAM-3-Flying-1317,0.0036368812434375286,0.99636310338974,0.0,0.9947340989524066
COD10K-NonCAM-3-Flying-1321,0.0016218814998865128,0.9983780980110168,0.0,0.9960710823184268
COD10K-NonCAM-3-Flying-1322,0.0016158780781552196,0.9983841180801392,0.0,0.9961017893029227
COD10K-NonCAM-3-Flying-1324,0.09606435894966125,0.9039356708526611,0.0,0.902481490056738
COD10K-NonCAM-3-Flying-1326,0.00386985344812274,0.9961301684379578,0.0,0.994540934995521
COD10K-NonCAM-3-Flying-1327,0.003546300111338496,0.9964537024497986,0.0,0.9949647796562636
COD10K-NonCAM-3-Flying-1328,0.0019973376765847206,0.9980026483535767,0.0,0.9960823373425183
COD10K-NonCAM-3-Flying-1330,0.002380363643169403,0.99761962890625,0.0,0.995586990175783
COD10K-NonCAM-3-Flying-1331,0.0024532522074878216,0.9975467324256897,0.0,0.9960376009862557
COD10K-NonCAM-3-Flying-1332,0.003050761064514518,0.9969492554664612,0.0,0.9953021466389034
COD10K-NonCAM-3-Flying-1335,0.015470930375158787,0.9845290780067444,0.0,0.9828336607063591
COD10K-NonCAM-3-Flying-1336,0.023619966581463814,0.9763800501823425,0.0,0.9747357812159513
COD10K-NonCAM-3-Flying-1337,0.007252830546349287,0.9927471876144409,0.0,0.9909123719764658
COD10K-NonCAM-3-Flying-1338,0.026318375021219254,0.973681628704071,0.0,0.9718573009228995
COD10K-NonCAM-3-Flying-1339,0.002144306432455778,0.9978557229042053,0.0,0.9959574286437781
COD10K-NonCAM-3-Flying-1340,0.003912038169801235,0.9960879683494568,0.0,0.9945755512881047
COD10K-NonCAM-3-Flying-1342,0.004369898233562708,0.9956300854682922,0.0,0.9938668000371261
COD10K-NonCAM-3-Flying-1343,0.011634803377091885,0.9883651733398438,0.0,0.9866433444912555
COD10K-NonCAM-3-Flying-1345,0.0030552316457033157,0.996944785118103,0.0,0.9954984002102454
COD10K-NonCAM-3-Flying-1347,0.05699005722999573,0.9430099725723267,0.0,0.9412474816489512
COD10K-NonCAM-3-Flying-1353,0.05050143972039223,0.9494985342025757,0.0,0.9477698784533062
COD10K-NonCAM-3-Flying-1354,0.025354864075779915,0.9746451377868652,0.0,0.9729496057399741
COD10K-NonCAM-3-Flying-1355,0.00243545975536108,0.9975645542144775,0.0,0.9959341619553201
COD10K-NonCAM-3-Flying-1358,0.004885683301836252,0.9951143264770508,0.0,0.99332365842635
COD10K-NonCAM-3-Flying-1364,0.029509592801332474,0.9704903960227966,0.0,0.968762894411354
COD10K-NonCAM-3-Flying-1374,0.07394814491271973,0.9260518550872803,0.0,0.9242094874619662
COD10K-NonCAM-3-Flying-1379,0.06439968943595886,0.9356002807617188,0.0,0.9339333869034648
COD10K-NonCAM-3-Flying-1381,0.004641788080334663,0.9953582286834717,0.0,0.9938510051713844
COD10K-NonCAM-3-Flying-1382,0.08475946635007858,0.9152405261993408,0.0,0.9137203724889631
COD10K-NonCAM-3-Flying-1383,0.002088528126478195,0.9979114532470703,0.0,0.9959144893081688
COD10K-NonCAM-3-Flying-1384,0.0014154177624732256,0.9985845685005188,0.0,0.996049328910519
COD10K-NonCAM-3-Flying-1385,0.05552166327834129,0.9444783329963684,0.0,0.9425309642421895
COD10K-NonCAM-3-Flying-1387,0.059377267956733704,0.9406227469444275,0.0,0.9385984840459876
COD10K-NonCAM-3-Flying-1389,0.004260923247784376,0.9957391023635864,0.0,0.9938158213985944
COD10K-NonCAM-3-Flying-1391,0.012319165281951427,0.9876808524131775,0.0,0.9858861367359952
COD10K-NonCAM-3-Flying-1393,0.009295813739299774,0.9907041788101196,0.0,0.9888517882940691
COD10K-NonCAM-3-Flying-1397,0.06562595069408417,0.9343740344047546,0.0,0.9326395635598008
COD10K-NonCAM-3-Flying-1398,0.002366364235058427,0.9976336359977722,0.0,0.9960254947418548
COD10K-NonCAM-3-Flying-1404,0.022905459627509117,0.9770945310592651,0.0,0.9754475905547083
COD10K-NonCAM-3-Flying-1406,0.030415788292884827,0.9695842266082764,0.0,0.9677508249901132
COD10K-NonCAM-3-Flying-1412,0.0036577912978827953,0.9963421821594238,0.0,0.9947445658095448
COD10K-NonCAM-3-Flying-1413,0.041763342916965485,0.9582366347312927,0.0,0.9564486685148866
COD10K-NonCAM-3-Flying-1414,0.039680615067481995,0.9603193998336792,0.0,0.9585972746826148
COD10K-NonCAM-3-Flying-1417,0.034996263682842255,0.9650037288665771,0.0,0.9633631310884322
COD10K-NonCAM-3-Flying-1418,0.052005965262651443,0.9479940533638,0.0,0.9461103456433662
COD10K-NonCAM-3-Flying-1419,0.001452005933970213,0.9985479712486267,0.0,0.9961015686161758
COD10K-NonCAM-3-Flying-1421,0.04028741642832756,0.959712564945221,0.0,0.9578454579893143
COD10K-NonCAM-3-Flying-1422,0.0034862447064369917,0.9965137839317322,0.0,0.9949113104101599
COD10K-NonCAM-3-Flying-1423,0.0030669085681438446,0.996933102607727,0.0,0.9954915273944137
COD10K-NonCAM-3-Flying-1425,0.010519256815314293,0.98948073387146,0.0,0.9879273315113436
COD10K-NonCAM-3-Flying-1426,0.0017582267755642533,0.9982417821884155,0.0,0.9960890525249593
COD10K-NonCAM-3-Flying-1428,0.032106753438711166,0.9678932428359985,0.0,0.9660572118411176
COD10K-NonCAM-3-Flying-1431,0.002322388580068946,0.9976776242256165,0.0,0.9960305390103552
COD10K-NonCAM-3-Flying-1432,0.004077546764165163,0.9959224462509155,0.0,0.9942501644431534
COD10K-NonCAM-3-Flying-1434,0.0015374296344816685,0.9984625577926636,0.0,0.9959742638898981
COD10K-NonCAM-3-Flying-1435,0.06116199493408203,0.938838005065918,0.0,0.9372048157126946
COD10K-NonCAM-3-Flying-1437,0.003652819897979498,0.996347188949585,0.0,0.9949201378800355
COD10K-NonCAM-3-Flying-1440,0.001987879164516926,0.998012125492096,0.0,0.995994062643762
COD10K-NonCAM-3-Flying-1441,0.0014005223056301475,0.9985994696617126,0.0,0.9961015370894977
COD10K-NonCAM-3-Flying-1442,0.004940282087773085,0.9950597286224365,0.0,0.9932526603472074
COD10K-NonCAM-3-Flying-1444,0.004581754561513662,0.9954182505607605,0.0,0.9936254633160622
COD10K-NonCAM-3-Flying-1445,0.0025733874645084143,0.9974266290664673,0.0,0.995855818160174
COD10K-NonCAM-3-Flying-1446,0.001951651880517602,0.9980483651161194,0.0,0.9960294986299769
COD10K-NonCAM-3-Flying-1448,0.003655304666608572,0.9963446855545044,0.0,0.9948160683155375
COD10K-NonCAM-3-Flying-1454,0.09489700943231583,0.9051029682159424,0.0,0.9032410623128577
COD10K-NonCAM-3-Flying-1459,0.003508756635710597,0.9964912533760071,0.0,0.9949384864067056
COD10K-NonCAM-3-Flying-1465,0.0455719456076622,0.9544280767440796,0.0,0.9526634809588952
COD10K-NonCAM-3-Flying-1466,0.0038696746341884136,0.9961303472518921,0.0,0.9945747946478296
COD10K-NonCAM-3-Flying-1467,0.02096882276237011,0.9790312051773071,0.0,0.9768870986779982
COD10K-NonCAM-3-Flying-1473,0.12171871960163116,0.87828129529953,0.0,0.8766446837445421
COD10K-NonCAM-3-Flying-1474,0.03299852833151817,0.9670014977455139,0.0,0.9652767689240777
COD10K-NonCAM-3-Flying-1475,0.01889636740088463,0.9811036586761475,0.0,0.9793452968249357
COD10K-NonCAM-3-Flying-1477,0.009790248237550259,0.9902097582817078,0.0,0.9883725197331786
COD10K-NonCAM-3-Flying-1478,0.03859124705195427,0.9614087343215942,0.0,0.9596281655306974
COD10K-NonCAM-3-Flying-1482,0.0028256168588995934,0.9971743822097778,0.0,0.9956676669451106
COD10K-NonCAM-3-Flying-1483,0.053684819489717484,0.9463151693344116,0.0,0.9446460260243901
COD10K-NonCAM-3-Flying-1485,0.002782067283987999,0.9972179532051086,0.0,0.9957130968882919
COD10K-NonCAM-3-Flying-1486,0.007155322004109621,0.9928447008132935,0.0,0.9910400550228811
COD10K-NonCAM-3-Flying-1487,0.002508917124941945,0.9974910616874695,0.0,0.995770097122346
COD10K-NonCAM-3-Flying-1488,0.007794544566422701,0.9922054409980774,0.0,0.9903723199801461
COD10K-NonCAM-3-Flying-1491,0.0014642842579632998,0.998535692691803,0.0,0.9960382630464963
COD10K-NonCAM-3-Flying-1492,0.08959320187568665,0.9104068279266357,0.0,0.9087660811279791
COD10K-NonCAM-3-Flying-1496,0.004780639428645372,0.995219349861145,0.0,0.9935872529821719
COD10K-NonCAM-3-Flying-1500,0.004438493866473436,0.9955614805221558,0.0,0.9942380897254306
COD10K-NonCAM-3-Flying-1503,0.007381054572761059,0.9926189184188843,0.0,0.9909743534256638
COD10K-NonCAM-3-Flying-1505,0.0096259955316782,0.9903740286827087,0.0,0.9885188980997232
COD10K-NonCAM-3-Flying-1507,0.008904783055186272,0.991095244884491,0.0,0.9894017081406425
COD10K-NonCAM-3-Flying-1512,0.05909586325287819,0.9409041404724121,0.0,0.9389985891181005
COD10K-NonCAM-3-Flying-1513,0.0040765125304460526,0.9959234595298767,0.0,0.9941756353760607
COD10K-NonCAM-3-Flying-1515,0.0029599240515381098,0.9970400929450989,0.0,0.9956715131998422
COD10K-NonCAM-3-Flying-1516,0.003576022107154131,0.9964239597320557,0.0,0.9948756222105198
COD10K-NonCAM-3-Flying-1519,0.0013086235849186778,0.9986913800239563,0.0,0.9961017893029227
COD10K-NonCAM-3-Flying-1520,0.002438673283904791,0.9975613355636597,0.0,0.9957891392359348
COD10K-NonCAM-3-Flying-1525,0.0026530269533395767,0.9973469972610474,0.0,0.9959270369260634
COD10K-NonCAM-3-Flying-1526,0.0018274125177413225,0.9981725811958313,0.0,0.9960880751979374
COD10K-NonCAM-3-Flying-1528,0.04823923856019974,0.9517607688903809,0.0,0.9499200294282624
COD10K-NonCAM-3-Flying-1529,0.005088124889880419,0.9949118494987488,0.0,0.9934148966328502
COD10K-NonCAM-3-Flying-1530,0.012267481535673141,0.9877325296401978,0.0,0.985752526674092
COD10K-NonCAM-3-Flying-1533,0.002773987827822566,0.9972259998321533,0.0,0.9958138246249085
COD10K-NonCAM-3-Flying-1535,0.00504986010491848,0.9949501156806946,0.0,0.9933388858118855
COD10K-NonCAM-3-Flying-1537,0.0028552673757076263,0.9971447587013245,0.0,0.9956810657833147
COD10K-NonCAM-3-Flying-1542,0.006179017946124077,0.9938209652900696,0.0,0.9921400523494186
COD10K-NonCAM-3-Flying-1544,0.027352137491106987,0.9726478457450867,0.0,0.9708919225119651
COD10K-NonCAM-3-Flying-1545,0.04937974736094475,0.9506202340126038,0.0,0.9490254599364019
COD10K-NonCAM-3-Flying-1546,0.0034401232842355967,0.9965598583221436,0.0,0.9951267322018034
COD10K-NonCAM-3-Flying-1548,0.008369731716811657,0.9916302561759949,0.0,0.9898955735535058
COD10K-NonCAM-3-Flying-1549,0.051794685423374176,0.948205292224884,0.0,0.946541882813572
COD10K-NonCAM-3-Flying-1550,0.05004151165485382,0.9499585032463074,0.0,0.9482666127938792
COD10K-NonCAM-3-Flying-1551,0.02802989073097706,0.9719700813293457,0.0,0.9703341209958596
COD10K-NonCAM-3-Flying-1552,0.010855481959879398,0.989144504070282,0.0,0.9873312881346701
COD10K-NonCAM-3-Flying-1554,0.0032753385603427887,0.9967246651649475,0.0,0.9952486458661214
COD10K-NonCAM-3-Flying-1558,0.05809411033987999,0.9419059157371521,0.0,0.9402542651812305
COD10K-NonCAM-3-Flying-1559,0.007571851368993521,0.9924281239509583,0.0,0.9907596882742954
COD10K-NonCAM-3-Flying-1560,0.04484162479639053,0.9551583528518677,0.0,0.953417851313124
COD10K-NonCAM-3-Flying-1562,0.005062945187091827,0.9949370622634888,0.0,0.9933991648204646
COD10K-NonCAM-3-Flying-1564,0.015198962762951851,0.9848010540008545,0.0,0.9829445400333326
COD10K-NonCAM-3-Flying-1566,0.0031832654494792223,0.9968167543411255,0.0,0.995563691960647
COD10K-NonCAM-3-Flying-1568,0.0061785988509655,0.993821382522583,0.0,0.9922222108726184
COD10K-NonCAM-3-Flying-1569,0.0035116104409098625,0.9964883923530579,0.0,0.9949826552827619
COD10K-NonCAM-3-Flying-1570,0.002768530510365963,0.9972314834594727,0.0,0.9958708248589625
COD10K-NonCAM-3-Flying-1574,0.0039001049008220434,0.9960998892784119,0.0,0.9945444659834712
COD10K-NonCAM-3-Flying-1576,0.0013530205469578505,0.9986469745635986,0.0,0.9960900929053376
COD10K-NonCAM-3-Flying-1577,0.041789811104536057,0.9582101702690125,0.0,0.9566402876645441
COD10K-NonCAM-3-Flying-1578,0.04026664048433304,0.9597333669662476,0.0,0.9580311185968057
COD10K-NonCAM-3-Flying-1580,0.050640784204006195,0.9493592381477356,0.0,0.9477221785892997
COD10K-NonCAM-3-Flying-1581,0.059104036539793015,0.9408959746360779,0.0,0.9391769355362662
COD10K-NonCAM-3-Flying-1584,0.021654125303030014,0.9783458709716797,0.0,0.976556762144581
COD10K-NonCAM-3-Flying-1585,0.0018359276000410318,0.9981640577316284,0.0,0.9960858052771122
COD10K-NonCAM-3-Flying-1586,0.002944442443549633,0.9970555305480957,0.0,0.9955145418694465
COD10K-NonCAM-3-Flying-1588,0.010551231913268566,0.9894487857818604,0.0,0.9877227233702978
COD10K-NonCAM-3-Flying-1595,0.002794991247355938,0.9972050189971924,0.0,0.9958448468761857
COD10K-NonCAM-3-Flying-1597,0.013296278193593025,0.9867036938667297,0.0,0.9850571427346393
COD10K-NonCAM-3-Flying-1599,0.013888338580727577,0.9861116409301758,0.0,0.9845237428674044
COD10K-NonCAM-3-Flying-1600,0.12504608929157257,0.8749539256095886,0.0,0.8735097339249251
COD10K-NonCAM-3-Flying-1602,0.02585340104997158,0.9741466045379639,0.0,0.9724798897625564
COD10K-NonCAM-3-Flying-1606,0.0076552196405828,0.9923447966575623,0.0,0.9906576364171976
COD10K-NonCAM-3-Flying-1611,0.0044869184494018555,0.9955130815505981,0.0,0.9936211756878367
COD10K-NonCAM-3-Flying-1614,0.00412001833319664,0.9958800077438354,0.0,0.9941375196222048
COD10K-NonCAM-3-Flying-1618,0.03168899193406105,0.9683110117912292,0.0,0.9661760358909793
COD10K-NonCAM-3-Flying-1619,0.012405762448906898,0.9875942468643188,0.0,0.9857445188978476
COD10K-NonCAM-3-Flying-1621,0.0028594033792614937,0.9971405863761902,0.0,0.995658618788488
COD10K-NonCAM-3-Flying-1622,0.003405533730983734,0.9965944886207581,0.0,0.9948834093000173
COD10K-NonCAM-3-Flying-1624,0.04987238347530365,0.9501276016235352,0.0,0.9483611297749045
COD10K-NonCAM-3-Flying-1626,0.0019154585897922516,0.998084545135498,0.0,0.9960651868296171
COD10K-NonCAM-3-Flying-1628,0.004683874547481537,0.9953161478042603,0.0,0.9934714239667324
COD10K-NonCAM-3-Flying-1629,0.001124224392697215,0.9988757967948914,0.0,0.9961017893029227
COD10K-NonCAM-3-Flying-1632,0.041227445006370544,0.9587725400924683,0.0,0.9570077310981171
COD10K-NonCAM-3-Flying-1635,0.002855237340554595,0.9971447587013245,0.0,0.9954055541431607
COD10K-NonCAM-3-Flying-1636,0.035414960235357285,0.9645850658416748,0.0,0.9628724498700596
COD10K-NonCAM-3-Flying-1641,0.004360648803412914,0.9956393241882324,0.0,0.9940488981299891
COD10K-NonCAM-3-Flying-1645,0.004593514371663332,0.9954065084457397,0.0,0.993736216536323
COD10K-NonCAM-3-Flying-1648,0.0036927899345755577,0.9963071942329407,0.0,0.9948048448181241
COD10K-NonCAM-3-Flying-1651,0.010618281550705433,0.989381730556488,0.0,0.987724268177526
COD10K-NonCAM-3-Flying-1656,0.0016178074292838573,0.9983822107315063,0.0,0.9960352995387524
COD10K-NonCAM-3-Flying-1661,0.0024807490408420563,0.9975192546844482,0.0,0.9957046477385538
COD10K-NonCAM-3-Flying-1670,0.004904627334326506,0.9950953722000122,0.0,0.9934041775622869
COD10K-NonCAM-3-Flying-1675,0.010662059299647808,0.9893379211425781,0.0,0.9875787725579689
COD10K-NonCAM-3-Flying-1676,0.004371537361294031,0.9956284761428833,0.0,0.9940850907564791
COD10K-NonCAM-3-Flying-1680,0.001767110312357545,0.998232901096344,0.0,0.9961017893029227
COD10K-NonCAM-3-Flying-1687,0.07156272232532501,0.9284372925758362,0.0,0.9266523951700121
COD10K-NonCAM-3-Flying-1695,0.0030592798721045256,0.9969407320022583,0.0,0.9953741850984241
COD10K-NonCAM-3-Flying-1697,0.0026406242977827787,0.9973593950271606,0.0,0.9957214514579957
COD10K-NonCAM-3-Flying-1698,0.0035722360480576754,0.9964277744293213,0.0,0.9950262251519337
COD10K-NonCAM-3-Flying-1699,0.002583238761872053,0.9974167346954346,0.0,0.9959435884320802
COD10K-NonCAM-3-Flying-1704,0.132738396525383,0.8672615885734558,0.0,0.8658832097991978
COD10K-NonCAM-3-Flying-1706,0.015461123548448086,0.9845388531684875,0.0,0.9828501806856978
COD10K-NonCAM-3-Flying-1707,0.01819903776049614,0.9818009734153748,0.0,0.9800077038590671
COD10K-NonCAM-3-Flying-1709,0.03045680746436119,0.9695432186126709,0.0,0.9679181055442564
COD10K-NonCAM-3-Flying-1712,0.005779231898486614,0.9942207932472229,0.0,0.992566482197768
COD10K-NonCAM-3-Flying-1713,0.002890978241339326,0.9971089959144592,0.0,0.9956373382807522
COD10K-NonCAM-3-Flying-1717,0.05525756999850273,0.9447424411773682,0.0,0.9429316052678305
COD10K-NonCAM-3-Flying-1721,0.0028796489350497723,0.9971203804016113,0.0,0.9952854059728177
COD10K-NonCAM-3-Flying-1722,0.023468706756830215,0.9765312671661377,0.0,0.9747158563553747
COD10K-NonCAM-3-Flying-1724,0.08735060691833496,0.912649393081665,0.0,0.9110576292543361
COD10K-NonCAM-3-Flying-1725,0.0027635623700916767,0.997236430644989,0.0,0.9956178232669914
COD10K-NonCAM-3-Flying-1730,0.0030786676798015833,0.9969213604927063,0.0,0.9953232379865704
COD10K-NonCAM-3-Flying-1735,0.0067008365876972675,0.9932991862297058,0.0,0.9916462499899118
COD10K-NonCAM-3-Flying-1742,0.001321556163020432,0.99867844581604,0.0,0.9961017893029227
COD10K-NonCAM-3-Flying-1743,0.002023842418566346,0.9979761838912964,0.0,0.9960992356419944
COD10K-NonCAM-3-Flying-1746,0.046092238277196884,0.9539077877998352,0.0,0.9522205311312074
COD10K-NonCAM-3-Flying-1747,0.012606123462319374,0.987393856048584,0.0,0.9856165836380073
COD10K-NonCAM-3-Flying-1750,0.007357064168900251,0.9926429390907288,0.0,0.9908119910333084
COD10K-NonCAM-3-Flying-1751,0.029198845848441124,0.9708011746406555,0.0,0.9691743175609147
COD10K-NonCAM-3-Flying-1752,0.0025232743937522173,0.9974766969680786,0.0,0.9955391326783858
COD10K-NonCAM-3-Flying-1753,0.004574446007609367,0.9954255819320679,0.0,0.9935611488926825
COD10K-NonCAM-3-Flying-1755,0.04372013360261917,0.9562798738479614,0.0,0.954475035410765
COD10K-NonCAM-3-Flying-1757,0.04887544363737106,0.9511245489120483,0.0,0.9493851162804774
COD10K-NonCAM-3-Flying-1760,0.021959543228149414,0.9780404567718506,0.0,0.9763145742032074
COD10K-NonCAM-3-Flying-1761,0.004231158643960953,0.9957688450813293,0.0,0.9937704545087693
COD10K-NonCAM-3-Flying-1763,0.004444766324013472,0.9955552220344543,0.0,0.9938779604811832
COD10K-NonCAM-3-Flying-1767,0.0046707820147275925,0.9953292012214661,0.0,0.9936084389098734
COD10K-NonCAM-3-Flying-1770,0.009306254796683788,0.9906937479972839,0.0,0.9889218720995459
COD10K-NonCAM-3-Flying-1773,0.005180445499718189,0.9948195815086365,0.0,0.9933497940425173
COD10K-NonCAM-3-Flying-1776,0.06742464005947113,0.9325753450393677,0.0,0.9307968292232633
COD10K-NonCAM-3-Flying-1777,0.06490981578826904,0.935090184211731,0.0,0.9333418203150852
COD10K-NonCAM-3-Flying-1781,0.002367196138948202,0.9976328015327454,0.0,0.995980947545661
COD10K-NonCAM-3-Flying-1791,0.004300314001739025,0.9956997036933899,0.0,0.9941348713812421
COD10K-NonCAM-3-Flying-1793,0.0014124992303550243,0.9985874891281128,0.0,0.9961017893029227
COD10K-NonCAM-3-Flying-1796,0.0038240826688706875,0.9961759448051453,0.0,0.9946307545015055
COD10K-NonCAM-3-Flying-1797,0.1125142052769661,0.8874858021736145,0.0,0.8860812805682672
COD10K-NonCAM-3-Flying-1799,0.01680218055844307,0.983197808265686,0.0,0.9815277311182942
COD10K-NonCAM-3-Flying-1801,0.10239318013191223,0.8976068496704102,0.0,0.8960258667566564
COD10K-NonCAM-3-Flying-1804,0.0022208464797586203,0.997779130935669,0.0,0.9959975621050341
COD10K-NonCAM-3-Flying-1805,0.01736951433122158,0.9826304912567139,0.0,0.9808500966986273
COD10K-NonCAM-3-Flying-1807,0.002466728910803795,0.9975332617759705,0.0,0.9958081813495238
COD10K-NonCAM-3-Flying-1809,0.05009143054485321,0.9499085545539856,0.0,0.948255420823144
COD10K-NonCAM-3-Flying-1810,0.012939109466969967,0.9870609045028687,0.0,0.9854356835589131
COD10K-NonCAM-3-Flying-1812,0.04383661597967148,0.9561634063720703,0.0,0.9544782196052557
COD10K-NonCAM-3-Flying-1814,0.003447956405580044,0.996552050113678,0.0,0.9950459923791195
COD10K-NonCAM-3-Flying-1815,0.003080953611060977,0.9969190359115601,0.0,0.995389254850569
COD10K-NonCAM-3-Flying-1816,0.0019709549378603697,0.9980290532112122,0.0,0.9959819248726829
COD10K-NonCAM-3-Flying-1818,0.0033030228223651648,0.996696949005127,0.0,0.9949632979023917
COD10K-NonCAM-3-Flying-1820,0.05881226435303688,0.9411877393722534,0.0,0.9395791844224918
COD10K-NonCAM-3-Flying-1821,0.06925612688064575,0.9307438731193542,0.0,0.9292279356129391
COD10K-NonCAM-3-Flying-1822,0.0422043576836586,0.9577956199645996,0.0,0.9558059656545846
COD10K-NonCAM-3-Flying-1823,0.002486899960786104,0.9975131154060364,0.0,0.9960105510964226
COD10K-NonCAM-3-Flying-1825,0.003311293199658394,0.996688723564148,0.0,0.9948544678094964
COD10K-NonCAM-3-Flying-1826,0.0015855476958677173,0.9984144568443298,0.0,0.9961017893029227
COD10K-NonCAM-3-Flying-1827,0.0032760489266365767,0.9967239499092102,0.0,0.9951842368627074
COD10K-NonCAM-3-Flying-1829,0.0025128202978521585,0.9974871873855591,0.0,0.9960022911067532
COD10K-NonCAM-3-Flying-1833,0.0017915992066264153,0.9982084035873413,0.0,0.9959092874062778
COD10K-NonCAM-3-Flying-1838,0.00381282577291131,0.996187150478363,0.0,0.9948199460969471
COD10K-NonCAM-3-Flying-1839,0.024321021512150764,0.9756789803504944,0.0,0.974093299042396
COD10K-NonCAM-3-Flying-1844,0.010749662294983864,0.9892503619194031,0.0,0.9875310096406061
COD10K-NonCAM-3-Flying-1845,0.002559901215136051,0.9974400997161865,0.0,0.9959152459484438
COD10K-NonCAM-3-Flying-1846,0.005126277916133404,0.9948737025260925,0.0,0.9931618004608447
COD10K-NonCAM-3-Flying-1848,0.005791702773422003,0.9942082762718201,0.0,0.9923327118794544
COD10K-NonCAM-3-Flying-1849,0.002206312958151102,0.9977936744689941,0.0,0.9960995509087758
COD10K-NonCAM-3-Flying-1855,0.0029160112608224154,0.9970839619636536,0.0,0.9955223604856221
COD10K-NonCAM-3-Flying-1858,0.0034572554286569357,0.996542751789093,0.0,0.9949969368679534
COD10K-NonCAM-3-Flying-1859,0.047988831996917725,0.9520111680030823,0.0,0.9502413808584134
COD10K-NonCAM-3-Flying-1868,0.01055848877876997,0.9894415140151978,0.0,0.987738833502821
COD10K-NonCAM-3-Flying-1869,0.05257231742143631,0.9474276900291443,0.0,0.9457943852751749
COD10K-NonCAM-3-Flying-1870,0.04119713976979256,0.9588028788566589,0.0,0.9571322614767197
COD10K-NonCAM-3-Flying-1874,0.00162295694462955,0.9983770251274109,0.0,0.9961017893029227
COD10K-NonCAM-3-Flying-1879,0.003020500997081399,0.9969794750213623,0.0,0.9954915904477699
COD10K-NonCAM-3-Flying-1881,0.027634277939796448,0.9723657369613647,0.0,0.97067164561189
COD10K-NonCAM-3-Flying-1883,0.00296135526150465,0.9970386624336243,0.0,0.9956856371516432
COD10K-NonCAM-3-Flying-1884,0.010169141925871372,0.9898308515548706,0.0,0.9882310910550998
COD10K-NonCAM-3-Flying-1885,0.0035083626862615347,0.9964916110038757,0.0,0.9949897487853404
COD10K-NonCAM-3-Flying-1886,0.0026026065461337566,0.9973974227905273,0.0,0.9957513387488603
COD10K-NonCAM-3-Flying-1889,0.029004180803894997,0.9709958434104919,0.0,0.9691466056108408
COD10K-NonCAM-3-Flying-1890,0.03304843232035637,0.9669515490531921,0.0,0.9651799504955489
COD10K-NonCAM-3-Flying-1891,0.027513429522514343,0.9724865555763245,0.0,0.9707757782297443
COD10K-NonCAM-3-Flying-1892,0.004545806907117367,0.9954541921615601,0.0,0.9940802987014038
COD10K-NonCAM-3-Flying-1894,0.004778348840773106,0.9952216744422913,0.0,0.9937074011525148
COD10K-NonCAM-3-Flying-1905,0.0027478307019919157,0.9972521662712097,0.0,0.9957908416765537
COD10K-NonCAM-3-Flying-1907,0.11906365305185318,0.880936324596405,0.0,0.8793034861444032
COD10K-NonCAM-3-Flying-1908,0.001802407787181437,0.998197615146637,0.0,0.996093939160069
COD10K-NonCAM-3-Flying-1910,0.06838520616292953,0.9316148161888123,0.0,0.9299956102253375
COD10K-NonCAM-3-Flying-1916,0.004330063704401255,0.995669960975647,0.0,0.9939288760663587
COD10K-NonCAM-3-Flying-1920,0.017580801621079445,0.9824191927909851,0.0,0.9807160767899084
COD10K-NonCAM-3-Flying-1922,0.011604759842157364,0.9883952140808105,0.0,0.9865640233690872
COD10K-NonCAM-3-Flying-1924,0.004040092695504427,0.9959598779678345,0.0,0.9942279696617519
COD10K-NonCAM-3-Flying-1925,0.015325232408940792,0.9846747517585754,0.0,0.9828922688009977
COD10K-NonCAM-3-Flying-1927,0.033331140875816345,0.9666688442230225,0.0,0.9649954248484703
COD10K-NonCAM-3-Flying-1930,0.00285549508407712,0.9971445202827454,0.0,0.9954331715132001
COD10K-NonCAM-3-Flying-1932,0.00977966096252203,0.9902203679084778,0.0,0.988624859264909
COD10K-NonCAM-3-Flying-1934,0.001851419685408473,0.9981485605239868,0.0,0.9960312641239522
COD10K-NonCAM-3-Flying-1936,0.04054611548781395,0.9594538807868958,0.0,0.9574843198913665
COD10K-NonCAM-3-Flying-1942,0.09184978157281876,0.9081501960754395,0.0,0.9065846556883207
COD10K-NonCAM-3-Flying-1943,0.05133119225502014,0.9486688375473022,0.0,0.9470117564243804
COD10K-NonCAM-3-Flying-1944,0.0013263806467875838,0.9986736178398132,0.0,0.9961017893029227
COD10K-NonCAM-3-Flying-1946,0.0029244653414934874,0.9970755577087402,0.0,0.9956193050208634
COD10K-NonCAM-3-Flying-1947,0.0033237310126423836,0.9966762661933899,0.0,0.9949890551984217
COD10K-NonCAM-3-Flying-1949,0.012476433999836445,0.9875235557556152,0.0,0.9857792612971439
COD10K-NonCAM-3-Flying-1950,0.0014295538421720266,0.998570442199707,0.0,0.9961016947228883
COD10K-NonCAM-3-Flying-1955,0.004066234454512596,0.9959337711334229,0.0,0.9943398893691036
COD10K-NonCAM-3-Flying-1957,0.005016256123781204,0.9949837327003479,0.0,0.9931023411458967
COD10K-NonCAM-3-Flying-1961,0.11343646049499512,0.8865635395050049,0.0,0.8851187710850423
COD10K-NonCAM-3-Flying-1962,0.006425582338124514,0.9935744404792786,0.0,0.9918822271756941
COD10K-NonCAM-3-Flying-1971,0.03521411493420601,0.9647858738899231,0.0,0.9630370191298838
COD10K-NonCAM-3-Flying-1976,0.05150207132101059,0.9484979510307312,0.0,0.9466235053832432
COD10K-NonCAM-3-Flying-1977,0.0036911489441990852,0.9963088631629944,0.0,0.9949198856666105
COD10K-NonCAM-3-Flying-946,0.03993620723485947,0.9600638151168823,0.0,0.958213342796381
COD10K-NonCAM-3-Flying-948,0.0031796798575669527,0.996820330619812,0.0,0.9953488376492098
COD10K-NonCAM-3-Flying-951,0.0016518683405593038,0.9983481168746948,0.0,0.9961004651824414
COD10K-NonCAM-3-Flying-953,0.0019361707381904125,0.9980638027191162,0.0,0.9960981637349381
COD10K-NonCAM-3-Flying-954,0.05416833609342575,0.9458316564559937,0.0,0.9441815434755414
COD10K-NonCAM-3-Flying-956,0.0056434678845107555,0.9943565130233765,0.0,0.9926759112975476
COD10K-NonCAM-3-Flying-959,0.008666838519275188,0.9913331866264343,0.0,0.9895217617309511
COD10K-NonCAM-3-Flying-960,0.2192135453224182,0.7807864546775818,0.0,0.7796998017098054
COD10K-NonCAM-3-Flying-961,0.12328534573316574,0.8767146468162537,0.0,0.875102083383776
COD10K-NonCAM-3-Flying-969,0.004204177297651768,0.9957958459854126,0.0,0.9942704676238674
COD10K-NonCAM-3-Flying-971,0.08603306114673615,0.913966953754425,0.0,0.9123041941074873
COD10K-NonCAM-3-Flying-973,0.0067029111087322235,0.9932971000671387,0.0,0.9914813339366282
COD10K-NonCAM-3-Flying-977,0.004740925505757332,0.9952590465545654,0.0,0.9934763736551984
COD10K-NonCAM-3-Flying-978,0.0042630452662706375,0.9957369565963745,0.0,0.9940947379199861
COD10K-NonCAM-3-Flying-980,0.04218226298689842,0.9578177332878113,0.0,0.9560108260090554
COD10K-NonCAM-3-Flying-981,0.0024160973262041807,0.9975839257240295,0.0,0.9960828102426902
COD10K-NonCAM-3-Flying-985,0.02985798567533493,0.9701420068740845,0.0,0.9686950805267023
COD10K-NonCAM-3-Flying-989,0.007156906183809042,0.9928430914878845,0.0,0.9910127213929446
COD10K-NonCAM-3-Flying-992,0.0033784625120460987,0.9966215491294861,0.0,0.9951280878489628
COD10K-NonCAM-3-Flying-994,0.0034605832770466805,0.9965394139289856,0.0,0.9950243335512461
COD10K-NonCAM-3-Flying-997,0.0023415284231305122,0.9976584911346436,0.0,0.9958447522961513
COD10K-NonCAM-3-Flying-999,0.049054574221372604,0.9509454369544983,0.0,0.9489165667901505
COD10K-NonCAM-4-Terrestial-1983,0.00217078672721982,0.9978291988372803,0.0,0.9960813915421745
COD10K-NonCAM-4-Terrestial-1987,0.0029227028135210276,0.9970772862434387,0.0,0.9955461000742519
COD10K-NonCAM-4-Terrestial-1990,0.010777431540191174,0.9892225861549377,0.0,0.9875283613996435
COD10K-NonCAM-4-Terrestial-1991,0.12468279898166656,0.8753172159194946,0.0,0.8738516407492151
COD10K-NonCAM-4-Terrestial-1992,0.0033012875355780125,0.9966987371444702,0.0,0.9951318395236599
COD10K-NonCAM-4-Terrestial-1993,0.004248982761055231,0.9957510232925415,0.0,0.9940809292349664
COD10K-NonCAM-4-Terrestial-1998,0.0021147390361875296,0.9978852868080139,0.0,0.99609813220826
COD10K-NonCAM-4-Terrestial-2000,0.0029648880008608103,0.9970350861549377,0.0,0.9954392246354006
COD10K-NonCAM-4-Terrestial-2007,0.00449863588437438,0.9955013394355774,0.0,0.9937861863211548
COD10K-NonCAM-4-Terrestial-2010,0.14550885558128357,0.854491114616394,0.0,0.8531126037101604
COD10K-NonCAM-4-Terrestial-2012,0.10086577385663986,0.8991342186927795,0.0,0.8976054163841877
COD10K-NonCAM-4-Terrestial-2013,0.0025732668582350016,0.9974267482757568,0.0,0.9958237240018404
COD10K-NonCAM-4-Terrestial-2014,0.006237714551389217,0.9937623143196106,0.0,0.9920276282152171
COD10K-NonCAM-4-Terrestial-2017,0.005700476933270693,0.9942995309829712,0.0,0.9925188769137958
COD10K-NonCAM-4-Terrestial-2018,0.006737569812685251,0.9932624101638794,0.0,0.9915587949847868
COD10K-NonCAM-4-Terrestial-2025,0.002030960749834776,0.9979690313339233,0.0,0.9960997715955227
COD10K-NonCAM-4-Terrestial-2028,0.15819823741912842,0.8418017625808716,0.0,0.8404683250203788
COD10K-NonCAM-4-Terrestial-2031,0.0032534576021134853,0.9967465400695801,0.0,0.9952089537783593
COD10K-NonCAM-4-Terrestial-2034,0.004038059618324041,0.9959619641304016,0.0,0.9943600664431049
COD10K-NonCAM-4-Terrestial-2035,0.002654019743204117,0.9973459839820862,0.0,0.9958326460517505
COD10K-NonCAM-4-Terrestial-2037,0.0013879743637517095,0.9986120462417603,0.0,0.9960356778588899
COD10K-NonCAM-4-Terrestial-2039,0.008647339418530464,0.9913526773452759,0.0,0.9894992516827683
COD10K-NonCAM-4-Terrestial-2045,0.0014895746717229486,0.9985104203224182,0.0,0.9961017893029227
COD10K-NonCAM-4-Terrestial-2048,0.0020170200150460005,0.9979829788208008,0.0,0.9960941913734941
COD10K-NonCAM-4-Terrestial-2049,0.0030964347533881664,0.9969035387039185,0.0,0.9953542602378477
COD10K-NonCAM-4-Terrestial-2050,0.005778260063380003,0.9942217469215393,0.0,0.9925401258948535
COD10K-NonCAM-4-Terrestial-2053,0.005255897529423237,0.9947441220283508,0.0,0.9929061506279109
COD10K-NonCAM-4-Terrestial-2059,0.0017264358466491103,0.9982735514640808,0.0,0.9960918583993127
COD10K-NonCAM-4-Terrestial-2061,0.014076660387217999,0.9859233498573303,0.0,0.9841438779226492
COD10K-NonCAM-4-Terrestial-2063,0.005252553150057793,0.9947474598884583,0.0,0.9930867984935798
COD10K-NonCAM-4-Terrestial-2064,0.011317187920212746,0.9886828064918518,0.0,0.9870100628112315
COD10K-NonCAM-4-Terrestial-2066,0.0019638477824628353,0.9980361461639404,0.0,0.9960835668829652
COD10K-NonCAM-4-Terrestial-2067,0.0072592091746628284,0.99274080991745,0.0,0.9909475872759339
COD10K-NonCAM-4-Terrestial-2068,0.0024187834933400154,0.9975812435150146,0.0,0.9959829967797393
COD10K-NonCAM-4-Terrestial-2070,0.0020360543858259916,0.9979639649391174,0.0,0.996073856666102
COD10K-NonCAM-4-Terrestial-2071,0.035033341497182846,0.9649666547775269,0.0,0.9633797141211271
COD10K-NonCAM-4-Terrestial-2072,0.005070768762379885,0.9949292540550232,0.0,0.9931800228808022
COD10K-NonCAM-4-Terrestial-2073,0.10750383883714676,0.8924961686134338,0.0,0.8910052432648927
COD10K-NonCAM-4-Terrestial-2076,0.002513017039746046,0.9974870085716248,0.0,0.9960968080877787
COD10K-NonCAM-4-Terrestial-2077,0.0013626961736008525,0.998637318611145,0.0,0.9961017893029227
COD10K-NonCAM-4-Terrestial-2079,0.003730359021574259,0.9962696433067322,0.0,0.9946895517562129
COD10K-NonCAM-4-Terrestial-2082,0.004548306576907635,0.9954516887664795,0.0,0.9937725037428475
COD10K-NonCAM-4-Terrestial-2088,0.007302623707801104,0.9926973581314087,0.0,0.9909645801554445
COD10K-NonCAM-4-Terrestial-2089,0.002561355009675026,0.9974386692047119,0.0,0.9959716787022916
COD10K-NonCAM-4-Terrestial-2090,0.01166284829378128,0.9883371591567993,0.0,0.9866698584275605
COD10K-NonCAM-4-Terrestial-2092,0.002060136990621686,0.9979398846626282,0.0,0.9960986996884662
COD10K-NonCAM-4-Terrestial-2101,0.004266013856977224,0.9957339763641357,0.0,0.9941488376996525
COD10K-NonCAM-4-Terrestial-2103,0.006995431147515774,0.993004560470581,0.0,0.9914720650932586
COD10K-NonCAM-4-Terrestial-2104,0.0022174555342644453,0.9977825284004211,0.0,0.9960719335387362
COD10K-NonCAM-4-Terrestial-2105,0.004692222457379103,0.9953078031539917,0.0,0.9937928069235614
COD10K-NonCAM-4-Terrestial-2107,0.003349835053086281,0.9966501593589783,0.0,0.9950591390038985
COD10K-NonCAM-4-Terrestial-2109,0.0031013365369290113,0.9968986511230469,0.0,0.9955695874494568
COD10K-NonCAM-4-Terrestial-2112,0.02098083309829235,0.9790191650390625,0.0,0.9774520882767166
COD10K-NonCAM-4-Terrestial-2113,0.025039201602339745,0.9749608039855957,0.0,0.9732831579945603
COD10K-NonCAM-4-Terrestial-2119,0.02678968384861946,0.973210334777832,0.0,0.971519240353341
COD10K-NonCAM-4-Terrestial-2125,0.003124008886516094,0.9968760013580322,0.0,0.995229950545992
COD10K-NonCAM-4-Terrestial-2126,0.005219951272010803,0.9947800636291504,0.0,0.9931612645073166
COD10K-NonCAM-4-Terrestial-2132,0.09987790882587433,0.9001221060752869,0.0,0.8985950703372799
COD10K-NonCAM-4-Terrestial-2135,0.004038271028548479,0.9959617257118225,0.0,0.9942897619508813
COD10K-NonCAM-4-Terrestial-2138,0.004877419210970402,0.9951225519180298,0.0,0.993516664749845
COD10K-NonCAM-4-Terrestial-2141,0.005511849652975798,0.9944881796836853,0.0,0.9928672151804236
COD10K-NonCAM-4-Terrestial-2142,0.011112709529697895,0.9888873100280762,0.0,0.9871038862053383
COD10K-NonCAM-4-Terrestial-2149,0.0035358592867851257,0.9964641332626343,0.0,0.9950934400297009
COD10K-NonCAM-4-Terrestial-2150,0.005820831283926964,0.9941791892051697,0.0,0.9924645249207045
COD10K-NonCAM-4-Terrestial-2151,0.05467144399881363,0.9453285336494446,0.0,0.943687425849253
COD10K-NonCAM-4-Terrestial-2153,0.04398636892437935,0.9560136198997498,0.0,0.9544167425829078
COD10K-NonCAM-4-Terrestial-2161,0.003055346431210637,0.9969446659088135,0.0,0.9953014215253064
COD10K-NonCAM-4-Terrestial-2163,0.001868979656137526,0.9981310367584229,0.0,0.9960871609242716
COD10K-NonCAM-4-Terrestial-2172,0.017507027834653854,0.982492983341217,0.0,0.9806819018708185
COD10K-NonCAM-4-Terrestial-2173,0.014758010394871235,0.9852420091629028,0.0,0.9835321027335903
COD10K-NonCAM-4-Terrestial-2176,0.0015338448574766517,0.9984661340713501,0.0,0.9961005597624758
COD10K-NonCAM-4-Terrestial-2178,0.0021547151263803244,0.9978452920913696,0.0,0.9960578411136134
COD10K-NonCAM-4-Terrestial-2179,0.0030289257410913706,0.996971070766449,0.0,0.9955403306921546
COD10K-NonCAM-4-Terrestial-2185,0.002702300203964114,0.9972977042198181,0.0,0.9958900246059421
COD10K-NonCAM-4-Terrestial-2189,0.0025565761607140303,0.997443437576294,0.0,0.9958064789089048
COD10K-NonCAM-4-Terrestial-2190,0.0020862037781625986,0.9979137778282166,0.0,0.9960942544268503
COD10K-NonCAM-4-Terrestial-2194,0.021376753225922585,0.9786232709884644,0.0,0.9769974105247656
COD10K-NonCAM-4-Terrestial-2195,0.0028218019288033247,0.9971781969070435,0.0,0.995736899530278
COD10K-NonCAM-4-Terrestial-2197,0.003325640456750989,0.9966743588447571,0.0,0.9951344562379445
COD10K-NonCAM-4-Terrestial-2201,0.1015426367521286,0.8984573483467102,0.0,0.8970256092467495
COD10K-NonCAM-4-Terrestial-2202,0.12199592590332031,0.8780040740966797,0.0,0.8765823239752064
COD10K-NonCAM-4-Terrestial-2204,0.0026812937576323748,0.997318685054779,0.0,0.9959013111567117
COD10K-NonCAM-4-Terrestial-2205,0.014527092687785625,0.9854729175567627,0.0,0.9837815102842549
COD10K-NonCAM-4-Terrestial-2212,0.0023820127826184034,0.9976179599761963,0.0,0.9960457663958906
COD10K-NonCAM-4-Terrestial-2213,0.001470928080379963,0.9985290765762329,0.0,0.9960846703166997
COD10K-NonCAM-4-Terrestial-2215,0.004076095297932625,0.9959238767623901,0.0,0.9942889107305718
COD10K-NonCAM-4-Terrestial-2217,0.015975771471858025,0.9840242266654968,0.0,0.9822870196343109
COD10K-NonCAM-4-Terrestial-2218,0.0013899498153477907,0.9986100792884827,0.0,0.9960997715955227
COD10K-NonCAM-4-Terrestial-2220,0.12012330442667007,0.8798766732215881,0.0,0.8784164830552932
COD10K-NonCAM-4-Terrestial-2224,0.00580952363088727,0.9941904544830322,0.0,0.9924633269069356
COD10K-NonCAM-4-Terrestial-2225,0.02870948612689972,0.9712905287742615,0.0,0.9696750873162878
COD10K-NonCAM-4-Terrestial-2229,0.0021815847139805555,0.9978184103965759,0.0,0.9960702310981173
COD10K-NonCAM-4-Terrestial-2231,0.12767402827739716,0.8723259568214417,0.0,0.8708862414045665
COD10K-NonCAM-4-Terrestial-2232,0.00415895925834775,0.9958410263061523,0.0,0.9940482360697485
COD10K-NonCAM-4-Terrestial-2233,0.0022338046692311764,0.9977661967277527,0.0,0.9960040566007282
COD10K-NonCAM-4-Terrestial-2235,0.013371831737458706,0.9866281747817993,0.0,0.9848798051701737
COD10K-NonCAM-4-Terrestial-2240,0.0018395478837192059,0.9981604814529419,0.0,0.9961017893029227
COD10K-NonCAM-4-Terrestial-2241,0.0017423296812921762,0.9982576966285706,0.0,0.9961017893029227
COD10K-NonCAM-4-Terrestial-2243,0.003146085888147354,0.9968538880348206,0.0,0.9952912068815931
COD10K-NonCAM-4-Terrestial-2244,0.003818403696641326,0.9961816072463989,0.0,0.9946258363397177
COD10K-NonCAM-4-Terrestial-2245,0.005591742694377899,0.9944082498550415,0.0,0.9926336970755352
COD10K-NonCAM-4-Terrestial-2251,0.0578579381108284,0.9421420693397522,0.0,0.9405214537783588
COD10K-NonCAM-4-Terrestial-2256,0.11131913959980011,0.8886808753013611,0.0,0.8872421559102686
COD10K-NonCAM-4-Terrestial-2261,0.0008736184099689126,0.9991263747215271,0.0,0.9961008435025789
COD10K-NonCAM-4-Terrestial-2264,0.005301796365529299,0.9946982264518738,0.0,0.9929684788705684
COD10K-NonCAM-4-Terrestial-2266,0.005335149355232716,0.9946648478507996,0.0,0.9930221688034191
COD10K-NonCAM-4-Terrestial-2271,0.0021091897506266832,0.997890830039978,0.0,0.9960972494612724
COD10K-NonCAM-4-Terrestial-2276,0.08159322291612625,0.9184067845344543,0.0,0.9169569958455404
COD10K-NonCAM-4-Terrestial-2278,0.18411698937416077,0.8158830404281616,0.0,0.8146112155274691
COD10K-NonCAM-4-Terrestial-2279,0.002355852397158742,0.9976441264152527,0.0,0.9960264090155205
COD10K-NonCAM-4-Terrestial-2282,0.006445034872740507,0.993554949760437,0.0,0.9916388096938737
COD10K-NonCAM-4-Terrestial-2285,0.006574560422450304,0.9934254288673401,0.0,0.9917838954666152
COD10K-NonCAM-4-Terrestial-2286,0.021795911714434624,0.978204071521759,0.0,0.976505216025843
COD10K-NonCAM-4-Terrestial-2288,0.005994933657348156,0.9940050840377808,0.0,0.9921027562891943
COD10K-NonCAM-4-Terrestial-2291,0.0027017686516046524,0.9972982406616211,0.0,0.9957818565732874
COD10K-NonCAM-4-Terrestial-2294,0.09940352290868759,0.9005964994430542,0.0,0.8991124861787043
COD10K-NonCAM-4-Terrestial-2295,0.014776208437979221,0.9852237701416016,0.0,0.9834654238093512
COD10K-NonCAM-4-Terrestial-2300,0.0025894111022353172,0.9974105954170227,0.0,0.9959561991033311
COD10K-NonCAM-4-Terrestial-2301,0.12582112848758698,0.8741788864135742,0.0,0.8726354991404566
COD10K-NonCAM-4-Terrestial-2302,0.006698221899569035,0.9933017492294312,0.0,0.9914216224082552
COD10K-NonCAM-4-Terrestial-2304,0.0019534477032721043,0.9980465769767761,0.0,0.9960527022650787
COD10K-NonCAM-4-Terrestial-2307,0.030800798907876015,0.9691991806030273,0.0,0.9671570830609428
COD10K-NonCAM-4-Terrestial-2308,0.029415683820843697,0.9705843329429626,0.0,0.9689785368897444
COD10K-NonCAM-4-Terrestial-2309,0.007686191238462925,0.992313802242279,0.0,0.9907666556701614
COD10K-NonCAM-4-Terrestial-2312,0.008249766193330288,0.9917502403259277,0.0,0.9899147733004854
COD10K-NonCAM-4-Terrestial-2316,0.0012989036040380597,0.9987010955810547,0.0,0.9960704517848642
COD10K-NonCAM-4-Terrestial-2324,0.0200366098433733,0.9799633622169495,0.0,0.9784399452091557
COD10K-NonCAM-4-Terrestial-2325,0.00327077554538846,0.9967291951179504,0.0,0.9952883379538836
COD10K-NonCAM-4-Terrestial-2328,0.0019335874821990728,0.9980664253234863,0.0,0.9960881067246155
COD10K-NonCAM-4-Terrestial-2330,0.008973640389740467,0.9910263419151306,0.0,0.9892427821562031
COD10K-NonCAM-4-Terrestial-2333,0.0023267685901373625,0.9976732134819031,0.0,0.9959462681997211
COD10K-NonCAM-4-Terrestial-2339,0.12517893314361572,0.8748210668563843,0.0,0.873392265522223
COD10K-NonCAM-4-Terrestial-2340,0.04922310635447502,0.9507768750190735,0.0,0.9490980343494508
COD10K-NonCAM-4-Terrestial-2341,0.0032633175142109394,0.9967367053031921,0.0,0.9954459713445198
COD10K-NonCAM-4-Terrestial-2344,0.002696314360946417,0.9973036646842957,0.0,0.995693518821175
COD10K-NonCAM-4-Terrestial-2346,0.005390658974647522,0.9946093559265137,0.0,0.9927816517759864
COD10K-NonCAM-4-Terrestial-2347,0.08485404402017593,0.9151459336280823,0.0,0.9135950854700854
COD10K-NonCAM-4-Terrestial-2348,0.004436959978193045,0.9955630302429199,0.0,0.993760964978653
COD10K-NonCAM-4-Terrestial-2352,0.004865720402449369,0.9951342940330505,0.0,0.9934020022214962
COD10K-NonCAM-4-Terrestial-2356,0.002495106542482972,0.9975048899650574,0.0,0.9959423273649551
COD10K-NonCAM-4-Terrestial-2359,0.031027337536215782,0.9689726829528809,0.0,0.9673859036907906
COD10K-NonCAM-4-Terrestial-2365,0.0025449194945394993,0.9974550604820251,0.0,0.9958951634544768
COD10K-NonCAM-4-Terrestial-2366,0.0030350873712450266,0.9969649314880371,0.0,0.9953808057008308
COD10K-NonCAM-4-Terrestial-2368,0.0076477439142763615,0.9923522472381592,0.0,0.9905182254465189
COD10K-NonCAM-4-Terrestial-2369,0.0027357633225619793,0.9972642660140991,0.0,0.9958888896455295
COD10K-NonCAM-4-Terrestial-2370,0.0026108319871127605,0.9973891973495483,0.0,0.9959635763460128
COD10K-NonCAM-4-Terrestial-2371,0.0026293268892914057,0.9973706603050232,0.0,0.995807771502708
COD10K-NonCAM-4-Terrestial-2373,0.002824452007189393,0.9971755743026733,0.0,0.9957198751240893
COD10K-NonCAM-4-Terrestial-2374,0.002936451928690076,0.9970635771751404,0.0,0.9954089590243984
COD10K-NonCAM-4-Terrestial-2375,0.00468160817399621,0.9953184127807617,0.0,0.993779313505323
COD10K-NonCAM-4-Terrestial-2378,0.08164405822753906,0.9183559417724609,0.0,0.9167091015754258
COD10K-NonCAM-4-Terrestial-2380,0.0908273234963417,0.9091726541519165,0.0,0.9076007605243619
COD10K-NonCAM-4-Terrestial-2382,0.08209747076034546,0.9179025292396545,0.0,0.916341437455106
COD10K-NonCAM-4-Terrestial-2383,0.0025643466506153345,0.9974356293678284,0.0,0.99585386350613
COD10K-NonCAM-4-Terrestial-2384,0.003849805099889636,0.9961501955986023,0.0,0.994521609141829
COD10K-NonCAM-4-Terrestial-2385,0.008423855528235435,0.9915761351585388,0.0,0.9897560995294709
COD10K-NonCAM-4-Terrestial-2397,0.003024599514901638,0.9969754219055176,0.0,0.9955403306921546
COD10K-NonCAM-4-Terrestial-2400,0.007307180669158697,0.9926928281784058,0.0,0.9909896438645556
COD10K-NonCAM-4-Terrestial-2401,0.0036348875146359205,0.9963651299476624,0.0,0.9947638916632369
COD10K-NonCAM-4-Terrestial-2402,0.003312270389869809,0.9966877102851868,0.0,0.9950388358231845
COD10K-NonCAM-4-Terrestial-2405,0.003850491251796484,0.996149480342865,0.0,0.9945017158079307
COD10K-NonCAM-4-Terrestial-2407,0.003706191899254918,0.9962937831878662,0.0,0.9946526024894476
COD10K-NonCAM-4-Terrestial-2408,0.014166788198053837,0.9858332276344299,0.0,0.98414554883659
COD10K-NonCAM-4-Terrestial-2410,0.00614149821922183,0.9938585162162781,0.0,0.9921651160585299
COD10K-NonCAM-4-Terrestial-2413,0.07248183339834213,0.9275181889533997,0.0,0.9259628751926909
COD10K-NonCAM-4-Terrestial-2418,0.0036203365307301283,0.9963796734809875,0.0,0.994758721288024
COD10K-NonCAM-4-Terrestial-2422,0.0050347959622740746,0.9949651956558228,0.0,0.9933627515072276
COD10K-NonCAM-4-Terrestial-2424,0.01055065169930458,0.9894493222236633,0.0,0.9876021968798177
COD10K-NonCAM-4-Terrestial-2426,0.014268046244978905,0.9857319593429565,0.0,0.9839959232221982
COD10K-NonCAM-4-Terrestial-2434,0.002519718138501048,0.9974802732467651,0.0,0.9960319261841928
COD10K-NonCAM-4-Terrestial-2437,0.004044095985591412,0.9959558844566345,0.0,0.9943855084723536
COD10K-NonCAM-4-Terrestial-2440,0.005491793621331453,0.9945082068443298,0.0,0.9928252846985145
COD10K-NonCAM-4-Terrestial-2441,0.04078490659594536,0.9592151045799255,0.0,0.9574901208001421
COD10K-NonCAM-4-Terrestial-2444,0.024955861270427704,0.9750441312789917,0.0,0.9733770759687013
COD10K-NonCAM-4-Terrestial-2446,0.01902252435684204,0.980977475643158,0.0,0.9792242343809272
COD10K-NonCAM-4-Terrestial-2451,0.005139781162142754,0.9948602318763733,0.0,0.9930784754505544
COD10K-NonCAM-4-Terrestial-2452,0.0019220561953261495,0.998077929019928,0.0,0.9960115284234444
COD10K-NonCAM-4-Terrestial-2453,0.04193112254142761,0.95806884765625,0.0,0.9564062966594837
COD10K-NonCAM-4-Terrestial-2456,0.030977103859186172,0.9690228700637817,0.0,0.9674247445582432
COD10K-NonCAM-4-Terrestial-2460,0.005369909573346376,0.9946300983428955,0.0,0.9933043325726579
COD10K-NonCAM-4-Terrestial-2461,0.0026011315640062094,0.997398853302002,0.0,0.995770349335771
COD10K-NonCAM-4-Terrestial-2465,0.003786269575357437,0.9962137341499329,0.0,0.9945657780178853
COD10K-NonCAM-4-Terrestial-2467,0.0020961021073162556,0.9979038834571838,0.0,0.9960975016746975
COD10K-NonCAM-4-Terrestial-2472,0.016220232471823692,0.983779788017273,0.0,0.9819692937721446
COD10K-NonCAM-4-Terrestial-2473,0.0030195037834346294,0.9969804883003235,0.0,0.9953475135287284
COD10K-NonCAM-4-Terrestial-2474,0.0028074888978153467,0.9971925020217896,0.0,0.995770097122346
COD10K-NonCAM-4-Terrestial-2476,0.033181082457304,0.9668189287185669,0.0,0.9651652905902197
COD10K-NonCAM-4-Terrestial-2479,0.030212797224521637,0.9697871804237366,0.0,0.96810036127051
COD10K-NonCAM-4-Terrestial-2481,0.00273754820227623,0.9972624778747559,0.0,0.9958678928778967
COD10K-NonCAM-4-Terrestial-2482,0.0026324617210775614,0.9973675608634949,0.0,0.9957758980311214
COD10K-NonCAM-4-Terrestial-2484,0.004651516210287809,0.9953485131263733,0.0,0.993715850302253
COD10K-NonCAM-4-Terrestial-2485,0.00474177161231637,0.9952582120895386,0.0,0.9933668499753843
COD10K-NonCAM-4-Terrestial-2488,0.0017702800687402487,0.9982297420501709,0.0,0.9960335340447772
COD10K-NonCAM-4-Terrestial-2491,0.0015872115036472678,0.9984127879142761,0.0,0.9959847307470363
COD10K-NonCAM-4-Terrestial-2495,0.0036169334780424833,0.9963830709457397,0.0,0.9947453855031761
COD10K-NonCAM-4-Terrestial-2498,0.004831183701753616,0.9951688051223755,0.0,0.9933733444710784
COD10K-NonCAM-4-Terrestial-2499,0.001679175766184926,0.9983208179473877,0.0,0.9960439693752374
COD10K-NonCAM-4-Terrestial-2501,0.12467952817678452,0.8753204941749573,0.0,0.8739444868162999
COD10K-NonCAM-4-Terrestial-2502,0.0013770966324955225,0.9986228942871094,0.0,0.995991855776293
COD10K-NonCAM-4-Terrestial-2506,0.006064601242542267,0.9939354062080383,0.0,0.992224859113581
COD10K-NonCAM-4-Terrestial-2510,0.04345833137631416,0.9565416574478149,0.0,0.9549183950852683
COD10K-NonCAM-4-Terrestial-2511,0.005254246294498444,0.9947457313537598,0.0,0.9930589604367936
COD10K-NonCAM-4-Terrestial-2514,0.0034445826895534992,0.9965553879737854,0.0,0.9951369468455166
COD10K-NonCAM-4-Terrestial-2518,0.001835443894378841,0.9981645345687866,0.0,0.9960884219913968
COD10K-NonCAM-4-Terrestial-2519,0.016105400398373604,0.9838945865631104,0.0,0.9822565018098838
COD10K-NonCAM-4-Terrestial-2520,0.05282013863325119,0.9471798539161682,0.0,0.9454647108019983
COD10K-NonCAM-4-Terrestial-2524,0.004260340705513954,0.9957396388053894,0.0,0.9940336392177755
COD10K-NonCAM-4-Terrestial-2526,0.005156884901225567,0.9948431253433228,0.0,0.9932393560890377
COD10K-NonCAM-4-Terrestial-2527,0.003352810861542821,0.9966471791267395,0.0,0.9952414262568303
COD10K-NonCAM-4-Terrestial-2528,0.004169489722698927,0.9958305358886719,0.0,0.9941978616841403
COD10K-NonCAM-4-Terrestial-2529,0.005637563299387693,0.9943624138832092,0.0,0.9928378007897309
COD10K-NonCAM-4-Terrestial-2531,0.0032779257744550705,0.9967221021652222,0.0,0.9952132414065845
COD10K-NonCAM-4-Terrestial-2532,0.008674387820065022,0.9913256168365479,0.0,0.9896128107773826
COD10K-NonCAM-4-Terrestial-2535,0.0035249993670731783,0.9964749813079834,0.0,0.9949254658886391
COD10K-NonCAM-4-Terrestial-2538,0.0022067478857934475,0.9977932572364807,0.0,0.9961008435025789
COD10K-NonCAM-4-Terrestial-2541,0.010644219815731049,0.9893558025360107,0.0,0.9876648719159343
COD10K-NonCAM-4-Terrestial-2543,0.0025471923872828484,0.9974527955055237,0.0,0.9957928278572757
COD10K-NonCAM-4-Terrestial-2544,0.0036874045617878437,0.9963126182556152,0.0,0.9948777660246324
COD10K-NonCAM-4-Terrestial-2546,0.007694189436733723,0.9923058152198792,0.0,0.9905861969645612
COD10K-NonCAM-4-Terrestial-2550,0.12560194730758667,0.8743980526924133,0.0,0.8730316003244473
COD10K-NonCAM-4-Terrestial-2552,0.08466196805238724,0.9153380393981934,0.0,0.9139079877504983
COD10K-NonCAM-4-Terrestial-2553,0.0033012020867317915,0.996698796749115,0.0,0.9952104355322311
COD10K-NonCAM-4-Terrestial-2554,0.0031486423686146736,0.99685138463974,0.0,0.9952498438798902
COD10K-NonCAM-4-Terrestial-2566,0.1333966851234436,0.8666033148765564,0.0,0.8651671128322156
COD10K-NonCAM-4-Terrestial-2567,0.06133431941270828,0.9386656880378723,0.0,0.9368177626853265
COD10K-NonCAM-4-Terrestial-2572,0.16120372712612152,0.8387962579727173,0.0,0.8375101768116995
COD10K-NonCAM-4-Terrestial-2579,0.0029883715324103832,0.9970116019248962,0.0,0.9954305863255937
COD10K-NonCAM-4-Terrestial-2580,0.007771688513457775,0.9922283291816711,0.0,0.9903500936720664
COD10K-NonCAM-4-Terrestial-2581,0.010519509203732014,0.9894804954528809,0.0,0.9877106486525751
COD10K-NonCAM-4-Terrestial-2585,0.0026157416868954897,0.997384250164032,0.0,0.9958223998813591
COD10K-NonCAM-4-Terrestial-2587,0.0026617811527103186,0.9973382353782654,0.0,0.9957332109089372
COD10K-NonCAM-4-Terrestial-2588,0.023377535864710808,0.976622462272644,0.0,0.9750423151073825
COD10K-NonCAM-4-Terrestial-2591,0.048125457018613815,0.9518745541572571,0.0,0.9501690271321115
COD10K-NonCAM-4-Terrestial-2592,0.05706627294421196,0.9429337382316589,0.0,0.9415091530774073
COD10K-NonCAM-4-Terrestial-2593,0.002720751566812396,0.9972792267799377,0.0,0.9957957598383416
COD10K-NonCAM-4-Terrestial-2595,0.00250055524520576,0.9974994659423828,0.0,0.9959136065611812
COD10K-NonCAM-4-Terrestial-2602,0.08148130029439926,0.9185187220573425,0.0,0.9169184071915126
COD10K-NonCAM-4-Terrestial-2603,0.0032133786007761955,0.9967865943908691,0.0,0.9951952081466957
COD10K-NonCAM-4-Terrestial-2605,0.04798717796802521,0.952012836933136,0.0,0.9502488211544515
COD10K-NonCAM-4-Terrestial-2607,0.039210446178913116,0.9607895612716675,0.0,0.9586330259356108
COD10K-NonCAM-4-Terrestial-2612,0.00322337937541306,0.9967766404151917,0.0,0.9952138719401471
COD10K-NonCAM-4-Terrestial-2614,0.006590190343558788,0.9934098124504089,0.0,0.9918189216060147
COD10K-NonCAM-4-Terrestial-2616,0.0044917636550962925,0.9955082535743713,0.0,0.9938061742350874
COD10K-NonCAM-4-Terrestial-2618,0.030219372361898422,0.9697806239128113,0.0,0.9681310997816842
COD10K-NonCAM-4-Terrestial-2620,0.010052017867565155,0.9899479746818542,0.0,0.9883100969104865
COD10K-NonCAM-4-Terrestial-2621,0.05712085962295532,0.9428791403770447,0.0,0.9412563721721832
COD10K-NonCAM-4-Terrestial-2624,0.13932819664478302,0.8606718182563782,0.0,0.8592487356541003
COD10K-NonCAM-4-Terrestial-2627,0.0067464811727404594,0.9932535290718079,0.0,0.9915715632894282
COD10K-NonCAM-4-Terrestial-2630,0.024022340774536133,0.9759776592254639,0.0,0.9743516286429708
COD10K-NonCAM-4-Terrestial-2632,0.0018153090495616198,0.9981846809387207,0.0,0.9961017893029227
COD10K-NonCAM-4-Terrestial-2636,0.004635285586118698,0.9953647255897522,0.0,0.9937192867101687
COD10K-NonCAM-4-Terrestial-2637,0.06401374936103821,0.9359862804412842,0.0,0.9344111737104832
COD10K-NonCAM-4-Terrestial-2641,0.0022354184184223413,0.9977645874023438,0.0,0.9960750546798709
COD10K-NonCAM-4-Terrestial-2648,0.00858598854392767,0.9914140105247498,0.0,0.9896254529753117
COD10K-NonCAM-4-Terrestial-2649,0.004322493448853493,0.9956775307655334,0.0,0.9941533144879465
COD10K-NonCAM-4-Terrestial-2650,0.0035379468463361263,0.9964620471000671,0.0,0.9949423326614371
COD10K-NonCAM-4-Terrestial-2651,0.06579744815826416,0.9342025518417358,0.0,0.9325880174410628
COD10K-NonCAM-4-Terrestial-2656,0.005022664088755846,0.9949773550033569,0.0,0.9934228413557382
COD10K-NonCAM-4-Terrestial-2658,0.005098707973957062,0.9949012994766235,0.0,0.9930973599307527
COD10K-NonCAM-4-Terrestial-2659,0.0034649339504539967,0.996535062789917,0.0,0.9948814546459733
COD10K-NonCAM-4-Terrestial-2662,0.06941571831703186,0.9305843114852905,0.0,0.9289413896354406
COD10K-NonCAM-4-Terrestial-2664,0.03697405010461807,0.9630259275436401,0.0,0.9615200499584352
COD10K-NonCAM-4-Terrestial-2665,0.028740080073475838,0.9712598919868469,0.0,0.9696549732956427
COD10K-NonCAM-4-Terrestial-2667,0.012204255908727646,0.9877957701683044,0.0,0.986166535011259
COD10K-NonCAM-4-Terrestial-2668,0.002296959748491645,0.9977030158042908,0.0,0.9960319261841928
COD10K-NonCAM-4-Terrestial-2671,0.07251239567995071,0.9274876117706299,0.0,0.9259024070240429
COD10K-NonCAM-4-Terrestial-2673,0.0028611556626856327,0.9971388578414917,0.0,0.9954712242136998
COD10K-NonCAM-4-Terrestial-2679,0.0014068173477426171,0.9985932111740112,0.0,0.9961017893029227
COD10K-NonCAM-4-Terrestial-2683,0.002993227681145072,0.9970067739486694,0.0,0.9956623704631852
COD10K-NonCAM-4-Terrestial-2687,0.0023651234805583954,0.9976348876953125,0.0,0.9960827156626557
COD10K-NonCAM-4-Terrestial-2690,0.011198131367564201,0.988801896572113,0.0,0.9871489063017038
COD10K-NonCAM-4-Terrestial-2695,0.0020432304590940475,0.9979567527770996,0.0,0.9960860574905372
COD10K-NonCAM-4-Terrestial-2697,0.02237888053059578,0.9776211380958557,0.0,0.9759429061947653
COD10K-NonCAM-4-Terrestial-2701,0.0013809185475111008,0.9986190795898438,0.0,0.9960920790860596
COD10K-NonCAM-4-Terrestial-2702,0.0023877315688878298,0.9976122975349426,0.0,0.995768110941624
COD10K-NonCAM-4-Terrestial-2703,0.002332516945898533,0.9976674914360046,0.0,0.9956188005940134
COD10K-NonCAM-4-Terrestial-2704,0.0018473006784915924,0.9981526732444763,0.0,0.9959471824733868
COD10K-NonCAM-4-Terrestial-2707,0.00410121213644743,0.9958987832069397,0.0,0.9943340884603281
COD10K-NonCAM-4-Terrestial-2708,0.005459861364215612,0.9945401549339294,0.0,0.9928635265590828
COD10K-NonCAM-4-Terrestial-2709,0.05208780616521835,0.9479122161865234,0.0,0.9460560882303092
COD10K-NonCAM-4-Terrestial-2710,0.016821783035993576,0.9831781983375549,0.0,0.9811302742871439
COD10K-NonCAM-4-Terrestial-2716,0.008041501976549625,0.991958498954773,0.0,0.9902365661041301
COD10K-NonCAM-4-Terrestial-2720,0.003018762683495879,0.9969812631607056,0.0,0.9954511101930545
COD10K-NonCAM-4-Terrestial-2721,0.014559168368577957,0.9854408502578735,0.0,0.9835794873308155
COD10K-NonCAM-4-Terrestial-2723,0.0035845106467604637,0.9964154958724976,0.0,0.9946763736047557
COD10K-NonCAM-4-Terrestial-2725,0.03290719911456108,0.9670928120613098,0.0,0.9655429801941842
COD10K-NonCAM-4-Terrestial-2730,0.004705195315182209,0.9952948093414307,0.0,0.9933137275227398
COD10K-NonCAM-4-Terrestial-2732,0.0033705872483551502,0.9966294169425964,0.0,0.9952972284771154
COD10K-NonCAM-4-Terrestial-2735,0.0028293102513998747,0.9971706867218018,0.0,0.9957587475182202
COD10K-NonCAM-4-Terrestial-2736,0.05976683273911476,0.9402331709861755,0.0,0.9385897511561463
COD10K-NonCAM-4-Terrestial-2737,0.15751978754997253,0.8424801826477051,0.0,0.8411032407911834
COD10K-NonCAM-4-Terrestial-2745,0.0017883421387523413,0.998211681842804,0.0,0.9960978169414787
COD10K-NonCAM-4-Terrestial-2748,0.002728430787101388,0.9972715973854065,0.0,0.9955526891499805
COD10K-NonCAM-4-Terrestial-2753,0.03550957143306732,0.9644904136657715,0.0,0.9625624795707126
COD10K-NonCAM-4-Terrestial-2754,0.06418658792972565,0.9358134269714355,0.0,0.9341503219756584
COD10K-NonCAM-4-Terrestial-2756,0.0050656842067837715,0.9949343204498291,0.0,0.9931548330649785
COD10K-NonCAM-4-Terrestial-2761,0.043514836579561234,0.9564851522445679,0.0,0.9546633757858971
COD10K-NonCAM-4-Terrestial-2763,0.039022307842969894,0.9609776735305786,0.0,0.9592703377339532
COD10K-NonCAM-4-Terrestial-2765,0.0022426031064242125,0.9977573752403259,0.0,0.9960123165903976
COD10K-NonCAM-4-Terrestial-2769,0.002400740049779415,0.9975992441177368,0.0,0.9959653418399881
COD10K-NonCAM-4-Terrestial-2771,0.006448055617511272,0.9935519695281982,0.0,0.9919708486679099
COD10K-NonCAM-4-Terrestial-2772,0.0023050301242619753,0.9976949691772461,0.0,0.9956595330621538
COD10K-NonCAM-4-Terrestial-2777,0.0038008554838597775,0.9961991310119629,0.0,0.9945522215462905
COD10K-NonCAM-4-Terrestial-2778,0.005063934717327356,0.9949360489845276,0.0,0.9932639153712988
COD10K-NonCAM-4-Terrestial-2779,0.006690519861876965,0.993309497833252,0.0,0.9916012298935462
COD10K-NonCAM-4-Terrestial-2780,0.002812331775203347,0.9971876740455627,0.0,0.9958336233787723
COD10K-NonCAM-4-Terrestial-2782,0.003744741203263402,0.9962552785873413,0.0,0.9948091639730277
COD10K-NonCAM-4-Terrestial-2783,0.003497941652312875,0.9965020418167114,0.0,0.9950991148317638
COD10K-NonCAM-4-Terrestial-2785,0.0015593465650454164,0.998440682888031,0.0,0.9961017893029227
COD10K-NonCAM-4-Terrestial-2789,0.035762201994657516,0.9642378091812134,0.0,0.9626399721455494
COD10K-NonCAM-4-Terrestial-2791,0.0038060820661485195,0.9961939454078674,0.0,0.9946674515548457
COD10K-NonCAM-4-Terrestial-2792,0.07099821418523788,0.9290018081665039,0.0,0.9274946934295376
COD10K-NonCAM-4-Terrestial-2794,0.0672936663031578,0.932706356048584,0.0,0.9310858973350121
COD10K-NonCAM-4-Terrestial-2795,0.00876542367041111,0.9912346005439758,0.0,0.989574537390136
COD10K-NonCAM-4-Terrestial-2796,0.004180623218417168,0.9958193898200989,0.0,0.994285978749506
COD10K-NonCAM-4-Terrestial-2797,0.0032472945749759674,0.9967526793479919,0.0,0.9953599350399105
COD10K-NonCAM-4-Terrestial-2798,0.006104953587055206,0.9938950538635254,0.0,0.9921861443528409
COD10K-NonCAM-4-Terrestial-2800,0.0023042988032102585,0.9976956844329834,0.0,0.9960280799294612
COD10K-NonCAM-4-Terrestial-2803,0.005286933854222298,0.9947130680084229,0.0,0.9929644119290899
COD10K-NonCAM-4-Terrestial-2805,0.11632513254880905,0.8836748600006104,0.0,0.8821146254529754
COD10K-NonCAM-4-Terrestial-2807,0.0028698272071778774,0.9971301555633545,0.0,0.9955429158797611
COD10K-NonCAM-4-Terrestial-2808,0.0030908549670130014,0.9969091415405273,0.0,0.9954611672033771
COD10K-NonCAM-4-Terrestial-2809,0.004516175482422113,0.9954838156700134,0.0,0.9938790639149175
COD10K-NonCAM-4-Terrestial-2811,0.01907392032444477,0.9809260964393616,0.0,0.9792294993361743
COD10K-NonCAM-4-Terrestial-2813,0.0994647741317749,0.9005352258682251,0.0,0.8990723842441265
COD10K-NonCAM-4-Terrestial-2815,0.003275826806202531,0.9967241883277893,0.0,0.9950170193619206
COD10K-NonCAM-4-Terrestial-2816,0.09564372152090073,0.9043563008308411,0.0,0.9029020559429553
COD10K-NonCAM-4-Terrestial-2818,0.005270838737487793,0.9947291612625122,0.0,0.993161422140707
COD10K-NonCAM-4-Terrestial-2819,0.0946408286690712,0.905359148979187,0.0,0.9037030857808125
COD10K-NonCAM-4-Terrestial-2824,0.002191297011449933,0.9978086948394775,0.0,0.9960335655714554
COD10K-NonCAM-4-Terrestial-2825,0.0037030051462352276,0.9962970018386841,0.0,0.9947308832312376
COD10K-NonCAM-4-Terrestial-2826,0.001359122572466731,0.9986408948898315,0.0,0.9961017893029227
COD10K-NonCAM-4-Terrestial-2829,0.05078759416937828,0.9492124319076538,0.0,0.9474538235050807
COD10K-NonCAM-4-Terrestial-2830,0.07515285909175873,0.9248471260070801,0.0,0.9233190794916185
COD10K-NonCAM-4-Terrestial-2831,0.004305134993046522,0.9956948757171631,0.0,0.994126170018079
COD10K-NonCAM-4-Terrestial-2832,0.005793683230876923,0.9942063093185425,0.0,0.9925463051237663
COD10K-NonCAM-4-Terrestial-2836,0.0047845556400716305,0.9952154159545898,0.0,0.9934068888566059
COD10K-NonCAM-4-Terrestial-2839,0.0026174576487392187,0.9973825216293335,0.0,0.995768363155049
COD10K-NonCAM-4-Terrestial-2840,0.010692940093576908,0.9893070459365845,0.0,0.9877113107128158
COD10K-NonCAM-4-Terrestial-2841,0.004231753293424845,0.9957682490348816,0.0,0.994207193580866
COD10K-NonCAM-4-Terrestial-2842,0.0022068421822041273,0.9977931380271912,0.0,0.9958148334786086
COD10K-NonCAM-4-Terrestial-2843,0.0022669038735330105,0.9977331161499023,0.0,0.9958326460517505
COD10K-NonCAM-4-Terrestial-2844,0.0044257016852498055,0.9955742955207825,0.0,0.9941569400559311
COD10K-NonCAM-4-Terrestial-2847,0.04713791236281395,0.9528620839118958,0.0,0.9510602547960905
COD10K-NonCAM-4-Terrestial-2849,0.0019767149351537228,0.998023271560669,0.0,0.9960944435869191
COD10K-NonCAM-4-Terrestial-2850,0.003347208723425865,0.9966527819633484,0.0,0.9951144367973337
COD10K-NonCAM-4-Terrestial-2856,0.0025759837590157986,0.9974240064620972,0.0,0.9957320128951683
COD10K-NonCAM-4-Terrestial-2858,0.0430450513958931,0.9569549560546875,0.0,0.9552212403553586
COD10K-NonCAM-4-Terrestial-2859,0.0026450580917298794,0.9973549246788025,0.0,0.9959179257160846
COD10K-NonCAM-4-Terrestial-2864,0.018029823899269104,0.9819701910018921,0.0,0.9801317298108199
COD10K-NonCAM-4-Terrestial-2865,0.0052229235880076885,0.9947770833969116,0.0,0.9930502275469524
COD10K-NonCAM-4-Terrestial-2867,0.06602741777896881,0.9339725971221924,0.0,0.9323581879575152
COD10K-NonCAM-4-Terrestial-2870,0.005221211351454258,0.9947788119316101,0.0,0.9930337075676137
COD10K-NonCAM-4-Terrestial-2873,0.012334408238530159,0.987665593624115,0.0,0.9859292337049952
COD10K-NonCAM-4-Terrestial-2874,0.07883302867412567,0.9211669564247131,0.0,0.9196245941885992
COD10K-NonCAM-4-Terrestial-2877,0.00428028916940093,0.9957197308540344,0.0,0.9942180387581416
COD10K-NonCAM-4-Terrestial-2878,0.004299146588891745,0.9957008361816406,0.0,0.9940289732694126
COD10K-NonCAM-4-Terrestial-2879,0.01021525263786316,0.9897847175598145,0.0,0.9880371074045828
COD10K-NonCAM-4-Terrestial-2880,0.0022153020836412907,0.9977846741676331,0.0,0.9960762842203178
COD10K-NonCAM-4-Terrestial-2885,0.006055621430277824,0.9939444065093994,0.0,0.9920950322530531
COD10K-NonCAM-4-Terrestial-2886,0.003875005291774869,0.9961249828338623,0.0,0.9945627829834631
COD10K-NonCAM-4-Terrestial-2887,0.0014402439119294286,0.9985597729682922,0.0,0.9961001183889819
COD10K-NonCAM-4-Terrestial-2889,0.008778650313615799,0.9912213683128357,0.0,0.9894209709409784
COD10K-NonCAM-4-Terrestial-2893,0.07920099049806595,0.9207990169525146,0.0,0.9191824640545427
COD10K-NonCAM-4-Terrestial-2896,0.0026929336600005627,0.9973070621490479,0.0,0.9957993854063262
COD10K-NonCAM-4-Terrestial-2901,0.003296422306448221,0.996703565120697,0.0,0.9951289390692722
COD10K-NonCAM-4-Terrestial-2902,0.017184361815452576,0.9828156232833862,0.0,0.9811060933250206
COD10K-NonCAM-4-Terrestial-2903,0.15756170451641083,0.842438280582428,0.0,0.8412120393574005
COD10K-NonCAM-4-Terrestial-2906,0.0033792888280004263,0.9966207146644592,0.0,0.9950356831553718
COD10K-NonCAM-4-Terrestial-2912,0.0023341721389442682,0.9976658225059509,0.0,0.9960777344475117
COD10K-NonCAM-4-Terrestial-2914,0.0030170835088938475,0.9969829320907593,0.0,0.9955446813737362
COD10K-NonCAM-4-Terrestial-2917,0.001917458139359951,0.9980825185775757,0.0,0.9960400600671496
COD10K-NonCAM-4-Terrestial-2921,0.002492860658094287,0.9975071549415588,0.0,0.9959544020826778
COD10K-NonCAM-4-Terrestial-2924,0.003549641463905573,0.9964503645896912,0.0,0.9949227861209982
COD10K-NonCAM-4-Terrestial-2932,0.0029493083711713552,0.9970507025718689,0.0,0.9957213568779613
COD10K-NonCAM-4-Terrestial-2939,0.0066488380543887615,0.99335116147995,0.0,0.9917047950311939
COD10K-NonCAM-4-Terrestial-2940,0.0037353462539613247,0.996264636516571,0.0,0.9943970787632264
COD10K-NonCAM-4-Terrestial-2945,0.0025432328693568707,0.9974567890167236,0.0,0.9958983476489676
COD10K-NonCAM-4-Terrestial-2948,0.0013226681621745229,0.9986773133277893,0.0,0.9961017893029227
COD10K-NonCAM-4-Terrestial-2950,0.008625096641480923,0.9913749098777771,0.0,0.9897499203005579
COD10K-NonCAM-4-Terrestial-2952,0.003305367659777403,0.9966946244239807,0.0,0.9952733627817731
COD10K-NonCAM-4-Terrestial-2955,0.026645801961421967,0.9733542203903198,0.0,0.9716809722121338
COD10K-NonCAM-4-Terrestial-2959,0.005421096924692392,0.9945788979530334,0.0,0.9928956522440945
COD10K-NonCAM-4-Terrestial-2960,0.002416841685771942,0.9975831508636475,0.0,0.9958389513873759
COD10K-NonCAM-4-Terrestial-2962,0.0025691017508506775,0.9974309206008911,0.0,0.9957598194252766
COD10K-NonCAM-4-Terrestial-2963,0.006913051009178162,0.9930869340896606,0.0,0.9913617532464913
COD10K-NonCAM-4-Terrestial-2970,0.0022859727032482624,0.9977140426635742,0.0,0.996070640944933
COD10K-NonCAM-4-Terrestial-2972,0.003069173777475953,0.9969308376312256,0.0,0.9954729897076748
COD10K-NonCAM-4-Terrestial-2973,0.004333891440182924,0.9956660866737366,0.0,0.9940368864656226
COD10K-NonCAM-4-Terrestial-2975,0.005295370705425739,0.9947046041488647,0.0,0.9929745950461251
COD10K-NonCAM-4-Terrestial-2977,0.001262472476810217,0.9987375140190125,0.0,0.9961017893029227
COD10K-NonCAM-4-Terrestial-2981,0.0039677610620856285,0.9960322380065918,0.0,0.994309024751217
COD10K-NonCAM-4-Terrestial-2982,0.002120125340297818,0.9978798627853394,0.0,0.9960637681291014
COD10K-NonCAM-4-Terrestial-2984,0.005730613134801388,0.9942693710327148,0.0,0.9925312353716217
COD10K-NonCAM-4-Terrestial-2985,0.0036630849353969097,0.9963369369506836,0.0,0.9946335288491808
COD10K-NonCAM-4-Terrestial-2986,0.002484501339495182,0.9975154995918274,0.0,0.9960027009535688
COD10K-NonCAM-4-Terrestial-2987,0.003491354873403907,0.9965086579322815,0.0,0.9949093242294378
COD10K-NonCAM-4-Terrestial-2993,0.008299327455461025,0.9917006492614746,0.0,0.9899819251248965
COD10K-NonCAM-4-Terrestial-2995,0.0036776340566575527,0.9963223934173584,0.0,0.9947476869506795
COD10K-NonCAM-4-Terrestial-2999,0.03750452771782875,0.9624954462051392,0.0,0.9607955668950712
COD10K-NonCAM-5-Background-1-Indoor-3002,0.07444000989198685,0.9255599975585938,0.0,0.9239563597632825
COD10K-NonCAM-5-Background-1-Indoor-3003,0.0060697984881699085,0.9939302206039429,0.0,0.9921503615731664
COD10K-NonCAM-5-Background-1-Indoor-3006,0.004970633424818516,0.9950293898582458,0.0,0.9932810658842
COD10K-NonCAM-5-Background-1-Indoor-3007,0.003957414533942938,0.9960426092147827,0.0,0.9944588395256777
COD10K-NonCAM-5-Background-1-Indoor-3008,0.05537838488817215,0.9446216225624084,0.0,0.9430354856722598
COD10K-NonCAM-5-Background-1-Indoor-3012,0.0031426819041371346,0.9968573451042175,0.0,0.9950631428920207
COD10K-NonCAM-5-Background-1-Indoor-3013,0.009150287136435509,0.9908497333526611,0.0,0.9889292178155494
COD10K-NonCAM-5-Background-1-Indoor-3015,0.01507826428860426,0.9849217534065247,0.0,0.9831043802914377
COD10K-NonCAM-5-Background-1-Indoor-3017,0.004410573747009039,0.9955894351005554,0.0,0.9938477894502155
COD10K-NonCAM-5-Background-1-Indoor-3022,0.005169971380382776,0.9948300123214722,0.0,0.9930932929892742
COD10K-NonCAM-5-Background-1-Indoor-3026,0.08257584273815155,0.9174241423606873,0.0,0.9158553906584184
COD10K-NonCAM-5-Background-1-Indoor-3029,0.014111355878412724,0.985888659954071,0.0,0.984117300932988
COD10K-NonCAM-5-Background-1-Indoor-3030,0.0384618379175663,0.9615381360054016,0.0,0.9597215475513103
COD10K-NonCAM-5-Background-1-Indoor-3032,0.0024535206612199545,0.9975464940071106,0.0,0.9956284477575204
COD10K-NonCAM-5-Background-1-Indoor-3035,0.02972857467830181,0.9702714085578918,0.0,0.9684887699450379
COD10K-NonCAM-5-Background-1-Indoor-3037,0.0057003493420779705,0.9942996501922607,0.0,0.9926657281805125
COD10K-NonCAM-5-Background-1-Indoor-3038,0.08429143577814102,0.9157085418701172,0.0,0.9141466131772435
COD10K-NonCAM-5-Background-1-Indoor-3040,0.08885960280895233,0.9111403822898865,0.0,0.909568813406455
COD10K-NonCAM-5-Background-1-Indoor-3041,0.02389724738895893,0.9761027693748474,0.0,0.9743487597152614
COD10K-NonCAM-5-Background-1-Indoor-3044,0.07114510983228683,0.9288548827171326,0.0,0.9272009908961042
COD10K-NonCAM-5-Background-1-Indoor-3049,0.03166953846812248,0.968330442905426,0.0,0.96646507247605
COD10K-NonCAM-5-Background-1-Indoor-3053,0.005805589724332094,0.9941943883895874,0.0,0.992461719046351
COD10K-NonCAM-5-Background-1-Indoor-3056,0.03806612640619278,0.9619338512420654,0.0,0.9602440707145914
COD10K-NonCAM-5-Background-1-Indoor-3057,0.10519101470708847,0.8948090076446533,0.0,0.8932801768318765
COD10K-NonCAM-5-Background-1-Indoor-3059,0.0042894622310996056,0.995710551738739,0.0,0.9939898486618568
COD10K-NonCAM-5-Background-1-Indoor-3060,0.019667282700538635,0.9803327322006226,0.0,0.9786585827219682
COD10K-NonCAM-5-Background-1-Indoor-3066,0.1042187437415123,0.8957812786102295,0.0,0.8942790681016601
COD10K-NonCAM-5-Background-1-Indoor-3067,0.017229972407221794,0.9827700257301331,0.0,0.9809893185092371
COD10K-NonCAM-5-Background-1-Indoor-3068,0.07072027772665024,0.9292797446250916,0.0,0.9276913253210173
COD10K-NonCAM-5-Background-1-Indoor-3074,0.030160021036863327,0.9698399901390076,0.0,0.9681309106216154
COD10K-NonCAM-5-Background-1-Indoor-3075,0.1592412143945694,0.8407588005065918,0.0,0.8395144853736389
COD10K-NonCAM-5-Background-1-Indoor-3077,0.005586227402091026,0.9944137930870056,0.0,0.992595266054898
COD10K-NonCAM-5-Background-1-Indoor-3080,0.00622006319463253,0.9937799572944641,0.0,0.9919616113512184
COD10K-NonCAM-5-Background-1-Indoor-3081,0.0034388480708003044,0.9965611696243286,0.0,0.9949484803636719
COD10K-NonCAM-5-Background-1-Indoor-3087,0.018777908757328987,0.9812220931053162,0.0,0.9792917014721194
COD10K-NonCAM-5-Background-1-Indoor-3089,0.04204888269305229,0.9579511284828186,0.0,0.9562547163910478
COD10K-NonCAM-5-Background-1-Indoor-3090,0.019448310136795044,0.9805517196655273,0.0,0.9787257660730573
COD10K-NonCAM-5-Background-1-Indoor-3091,0.005267222877591848,0.9947327971458435,0.0,0.9929721674919093
COD10K-NonCAM-5-Background-1-Indoor-3096,0.022122273221611977,0.9778777360916138,0.0,0.9759022998333374
COD10K-NonCAM-5-Background-1-Indoor-3099,0.004340969491750002,0.9956590533256531,0.0,0.9939320287341713
COD10K-NonCAM-5-Background-1-Indoor-3100,0.004892450757324696,0.9951075315475464,0.0,0.9933206633919278
COD10K-NonCAM-5-Background-1-Indoor-3101,0.011204926297068596,0.9887951016426086,0.0,0.9868843974722165
COD10K-NonCAM-5-Background-1-Indoor-3104,0.0019765140023082495,0.998023509979248,0.0,0.9959162232754658
COD10K-NonCAM-5-Background-1-Indoor-3109,0.0022452010307461023,0.9977548122406006,0.0,0.9958952580345112
COD10K-NonCAM-5-Background-1-Indoor-3111,0.07545548677444458,0.9245445132255554,0.0,0.9228670184539519
COD10K-NonCAM-5-Background-1-Indoor-3112,0.033134616911411285,0.9668653607368469,0.0,0.9650386479241827
COD10K-NonCAM-5-Background-1-Indoor-3119,0.07698100060224533,0.9230189919471741,0.0,0.9213568275183006
COD10K-NonCAM-5-Background-1-Indoor-3125,0.0017667303327471018,0.9982332587242126,0.0,0.9959406249243363
COD10K-NonCAM-5-Background-1-Indoor-3128,0.12435925006866455,0.8756407499313354,0.0,0.8741848146836639
COD10K-NonCAM-5-Background-1-Indoor-3132,0.07653506100177765,0.9234649538993835,0.0,0.921564777487228
COD10K-NonCAM-5-Background-1-Indoor-3133,0.00887908786535263,0.9911209344863892,0.0,0.9892152593661979
COD10K-NonCAM-5-Background-1-Indoor-3134,0.027098523452878,0.972901463508606,0.0,0.9711130821590278
COD10K-NonCAM-5-Background-2-Ocean-3136,0.0021469637285917997,0.9978530406951904,0.0,0.9957886663357629
COD10K-NonCAM-5-Background-2-Ocean-3139,0.004011251963675022,0.9959887266159058,0.0,0.9935675172816641
COD10K-NonCAM-5-Background-2-Ocean-3140,0.001683561597019434,0.9983164668083191,0.0,0.9961017893029227
COD10K-NonCAM-5-Background-2-Ocean-3141,0.0008381328079849482,0.9991618394851685,0.0,0.9961017893029227
COD10K-NonCAM-5-Background-2-Ocean-3142,0.0020922867115586996,0.9979076981544495,0.0,0.9958877546851169
COD10K-NonCAM-5-Background-2-Ocean-3146,0.03218166157603264,0.9678183197975159,0.0,0.9659392074848874
COD10K-NonCAM-5-Background-2-Ocean-3148,0.08423522114753723,0.9157648086547852,0.0,0.9142117472942544
COD10K-NonCAM-5-Background-2-Ocean-3152,0.040091097354888916,0.9599089026451111,0.0,0.9580737741923118
COD10K-NonCAM-5-Background-2-Ocean-3153,0.10114997625350952,0.8988500237464905,0.0,0.8973248604755333
COD10K-NonCAM-5-Background-2-Ocean-3155,0.0017316493904218078,0.9982683658599854,0.0,0.9959388594303612
COD10K-NonCAM-5-Background-2-Ocean-3158,0.0017598295817151666,0.9982401728630066,0.0,0.9961017893029227
COD10K-NonCAM-5-Background-2-Ocean-3161,0.0022218534722924232,0.9977781176567078,0.0,0.9957467673805318
COD10K-NonCAM-5-Background-2-Ocean-3162,0.002963087521493435,0.9970369338989258,0.0,0.9954513939331576
COD10K-NonCAM-5-Background-2-Ocean-3163,0.0018345353892073035,0.998165488243103,0.0,0.996100370602407
COD10K-NonCAM-5-Background-2-Ocean-3171,0.004328880924731493,0.9956710934638977,0.0,0.9938149386516067
COD10K-NonCAM-5-Background-2-Ocean-3172,0.002267323201522231,0.9977326989173889,0.0,0.9955839636146827
COD10K-NonCAM-5-Background-2-Ocean-3174,0.002388599095866084,0.997611403465271,0.0,0.9959302526472325
COD10K-NonCAM-5-Background-2-Ocean-3175,0.0010912881698459387,0.9989086985588074,0.0,0.9961017893029227
COD10K-NonCAM-5-Background-2-Ocean-3176,0.02215496636927128,0.9778450131416321,0.0,0.9759528686250536
COD10K-NonCAM-5-Background-2-Ocean-3180,0.06237630546092987,0.9376236796379089,0.0,0.9358251452244901
COD10K-NonCAM-5-Background-2-Ocean-3181,0.12489604949951172,0.8751039505004883,0.0,0.8736980427733791
COD10K-NonCAM-5-Background-2-Ocean-3189,0.009112765081226826,0.9908872246742249,0.0,0.9890090118378895
COD10K-NonCAM-5-Background-2-Ocean-3195,0.0014393460005521774,0.9985606670379639,0.0,0.9961017893029227
COD10K-NonCAM-5-Background-2-Ocean-3196,0.0044017876498401165,0.9955981969833374,0.0,0.9939364424691093
COD10K-NonCAM-5-Background-2-Ocean-3197,0.04349878802895546,0.9565011858940125,0.0,0.9548001069889349
COD10K-NonCAM-5-Background-2-Ocean-3198,0.06341080367565155,0.9365891814231873,0.0,0.9349067100372872
COD10K-NonCAM-5-Background-2-Ocean-3202,0.00817884225398302,0.9918211698532104,0.0,0.9903203324879142
COD10K-NonCAM-5-Background-2-Ocean-3207,0.004953569732606411,0.9950464367866516,0.0,0.9934823952507206
COD10K-NonCAM-5-Background-2-Ocean-3210,0.001685650902800262,0.9983143210411072,0.0,0.9960584716471759
COD10K-NonCAM-5-Background-2-Ocean-3211,0.0016179411904886365,0.998382031917572,0.0,0.9960882958846843
COD10K-NonCAM-5-Background-2-Ocean-3214,0.0032080872915685177,0.9967918992042542,0.0,0.9949575600469726
COD10K-NonCAM-5-Background-2-Ocean-3221,0.002266276627779007,0.9977337121963501,0.0,0.9958219269811872
COD10K-NonCAM-5-Background-2-Ocean-3223,0.058867428451776505,0.9411325454711914,0.0,0.939394910988838
COD10K-NonCAM-5-Background-2-Ocean-3224,0.10676121711730957,0.8932387828826904,0.0,0.8917138684091588
COD10K-NonCAM-5-Background-2-Ocean-3226,0.02325185388326645,0.9767481684684753,0.0,0.9749495320936541
COD10K-NonCAM-5-Background-2-Ocean-3227,0.0019736383110284805,0.9980263710021973,0.0,0.9960336601514898
COD10K-NonCAM-5-Background-2-Ocean-3228,0.03132280707359314,0.9686771631240845,0.0,0.9669248260231794
COD10K-NonCAM-5-Background-2-Ocean-3230,0.06746446341276169,0.9325355291366577,0.0,0.9307000738480908
COD10K-NonCAM-5-Background-2-Ocean-3232,0.0038512619212269783,0.9961487650871277,0.0,0.9943234954964774
COD10K-NonCAM-5-Background-2-Ocean-3239,0.018638698384165764,0.9813613295555115,0.0,0.979678092439247
COD10K-NonCAM-5-Background-2-Ocean-3240,0.000936757423914969,0.99906325340271,0.0,0.9960747078864114
COD10K-NonCAM-5-Background-2-Ocean-3241,0.0074842385947704315,0.9925157427787781,0.0,0.99061466555491
COD10K-NonCAM-5-Background-2-Ocean-3245,0.10140015929937363,0.8985998630523682,0.0,0.8971375604807794
COD10K-NonCAM-5-Background-2-Ocean-3246,0.14141619205474854,0.8585838079452515,0.0,0.8571108800836138
COD10K-NonCAM-5-Background-2-Ocean-3248,0.07879579067230225,0.9212042093276978,0.0,0.9195421519252964
COD10K-NonCAM-5-Background-2-Ocean-3254,0.0022667672019451857,0.9977332353591919,0.0,0.996028016876105
COD10K-NonCAM-5-Background-2-Ocean-3263,0.03420156240463257,0.9657984375953674,0.0,0.9639084165133209
COD10K-NonCAM-5-Background-2-Ocean-3264,0.025821007788181305,0.9741789698600769,0.0,0.9724730484734028
COD10K-NonCAM-5-Background-2-Ocean-3266,0.006547374650835991,0.9934526085853577,0.0,0.9915189767903121
COD10K-NonCAM-5-Background-2-Ocean-3267,0.0014291873667389154,0.9985707998275757,0.0,0.9960899983253031
COD10K-NonCAM-5-Background-2-Ocean-3271,0.0028090623673051596,0.9971909523010254,0.0,0.995459874609574
COD10K-NonCAM-5-Background-2-Ocean-3275,0.002972994465380907,0.9970269799232483,0.0,0.9956583981017412
COD10K-NonCAM-5-Background-2-Ocean-3276,0.0018926464254036546,0.998107373714447,0.0,0.9959776372444576
COD10K-NonCAM-5-Background-2-Ocean-3277,0.012289133854210377,0.9877108931541443,0.0,0.9857172798479459
COD10K-NonCAM-5-Background-2-Ocean-3279,0.013146347366273403,0.9868536591529846,0.0,0.9849602612527543
COD10K-NonCAM-5-Background-2-Ocean-3283,0.024537287652492523,0.9754627346992493,0.0,0.9737501311509811
COD10K-NonCAM-5-Background-2-Ocean-3285,0.0014588871272280812,0.9985411167144775,0.0,0.9960108033098475
COD10K-NonCAM-5-Background-2-Ocean-3289,0.004242613911628723,0.9957574009895325,0.0,0.9939666450267551
COD10K-NonCAM-5-Background-2-Ocean-3290,0.003343819407746196,0.9966561794281006,0.0,0.9952394400761082
COD10K-NonCAM-5-Background-2-Ocean-3295,0.06665550917387009,0.9333444833755493,0.0,0.9316406407633391
COD10K-NonCAM-5-Background-2-Ocean-3298,0.07083771377801895,0.9291622638702393,0.0,0.9274386389958273
COD10K-NonCAM-5-Background-2-Ocean-3302,0.01616009511053562,0.9838399291038513,0.0,0.9820232989717763
COD10K-NonCAM-5-Background-2-Ocean-3305,0.12318918108940125,0.8768107891082764,0.0,0.8753596878707538
COD10K-NonCAM-5-Background-2-Ocean-3306,0.09384597092866898,0.9061540365219116,0.0,0.9046521964258332
COD10K-NonCAM-5-Background-2-Ocean-3310,0.04452056437730789,0.9554794430732727,0.0,0.9537373741959436
COD10K-NonCAM-5-Background-2-Ocean-3312,0.015864022076129913,0.9841359853744507,0.0,0.9824052131506099
COD10K-NonCAM-5-Background-2-Ocean-3315,0.001276542665436864,0.9987234473228455,0.0,0.9960905973321876
COD10K-NonCAM-5-Background-2-Ocean-3316,0.0011429826263338327,0.9988570213317871,0.0,0.9960505899776442
COD10K-NonCAM-5-Background-2-Ocean-3319,0.10005489736795425,0.899945080280304,0.0,0.8983734693167236
COD10K-NonCAM-5-Background-2-Ocean-3321,0.13226500153541565,0.8677350282669067,0.0,0.8664082235700508
COD10K-NonCAM-5-Background-2-Ocean-3324,0.07191362977027893,0.9280864000320435,0.0,0.9264649060151893
COD10K-NonCAM-5-Background-2-Ocean-3325,0.001971559366211295,0.9980284571647644,0.0,0.9960160682650947
COD10K-NonCAM-5-Background-2-Ocean-3326,0.006317922845482826,0.9936820864677429,0.0,0.9919282245990818
COD10K-NonCAM-5-Background-2-Ocean-3327,0.0012509787920862436,0.9987490177154541,0.0,0.9961000868623039
COD10K-NonCAM-5-Background-2-Ocean-3328,0.041178520768880844,0.9588214755058289,0.0,0.9571190833252625
COD10K-NonCAM-5-Background-2-Ocean-3329,0.07487753033638,0.9251224994659424,0.0,0.9235242551128706
COD10K-NonCAM-5-Background-2-Ocean-3333,0.0014017439680173993,0.9985982775688171,0.0,0.9960766310137772
COD10K-NonCAM-5-Background-2-Ocean-3336,0.17327089607715607,0.8267291188240051,0.0,0.8254473131199407
COD10K-NonCAM-5-Background-2-Ocean-3339,0.09639954566955566,0.9036004543304443,0.0,0.9021088131945958
COD10K-NonCAM-5-Background-2-Ocean-3341,0.039616648107767105,0.9603833556175232,0.0,0.9585756789080975
COD10K-NonCAM-5-Background-2-Ocean-3349,0.04745474085211754,0.9525452852249146,0.0,0.950890672794444
COD10K-NonCAM-5-Background-2-Ocean-3351,0.025410357862710953,0.9745896458625793,0.0,0.9728831790291599
COD10K-NonCAM-5-Background-2-Ocean-3352,0.08956305682659149,0.9104369282722473,0.0,0.9088220725083331
COD10K-NonCAM-5-Background-2-Ocean-3353,0.005553369875997305,0.9944466352462769,0.0,0.9926817752596792
COD10K-NonCAM-5-Background-2-Ocean-3355,0.11251722276210785,0.887482762336731,0.0,0.8860304595631261
COD10K-NonCAM-5-Background-2-Ocean-3360,0.03349735960364342,0.9665026664733887,0.0,0.9646583416059338
COD10K-NonCAM-5-Background-2-Ocean-3361,0.044266227632761,0.9557337760925293,0.0,0.9540019776054656
COD10K-NonCAM-5-Background-2-Ocean-3369,0.15679937601089478,0.8432006239891052,0.0,0.841857800305481
COD10K-NonCAM-5-Background-2-Ocean-3370,0.03268863260746002,0.9673113822937012,0.0,0.965539669892981
COD10K-NonCAM-5-Background-2-Ocean-3374,0.044560059905052185,0.9554399251937866,0.0,0.953726308331921
COD10K-NonCAM-5-Background-2-Ocean-3375,0.05346623808145523,0.946533739566803,0.0,0.9448377082274038
COD10K-NonCAM-5-Background-2-Ocean-3376,0.008614279329776764,0.9913856983184814,0.0,0.9896350370854623
COD10K-NonCAM-5-Background-2-Ocean-3377,0.02244897000491619,0.9775510430335999,0.0,0.9757609972619711
COD10K-NonCAM-5-Background-2-Ocean-3378,0.09989303350448608,0.9001069664955139,0.0,0.8985779198243786
COD10K-NonCAM-5-Background-2-Ocean-3380,0.04145146161317825,0.9585485458374023,0.0,0.9567730465061379
COD10K-NonCAM-5-Background-2-Ocean-3382,0.16891613602638245,0.8310838937759399,0.0,0.8299231871403436
COD10K-NonCAM-5-Background-2-Ocean-3386,0.060972344130277634,0.9390276670455933,0.0,0.9373854951050419
COD10K-NonCAM-5-Background-2-Ocean-3390,0.08074628561735153,0.9192537069320679,0.0,0.9176647067161409
COD10K-NonCAM-5-Background-2-Ocean-3392,0.0030146038625389338,0.9969853758811951,0.0,0.9952538162413342
COD10K-NonCAM-5-Background-2-Ocean-3393,0.05227459594607353,0.9477254152297974,0.0,0.9460941094041306
COD10K-NonCAM-5-Background-2-Ocean-3401,0.09524405747652054,0.9047559499740601,0.0,0.9032384771252513
COD10K-NonCAM-5-Background-2-Ocean-3404,0.005701879039406776,0.9942981004714966,0.0,0.9925209576745522
COD10K-NonCAM-5-Background-2-Ocean-3408,0.015222380869090557,0.9847776293754578,0.0,0.9830176188732316
COD10K-NonCAM-5-Background-2-Ocean-3409,0.002835639752447605,0.9971643686294556,0.0,0.9955769646921385
COD10K-NonCAM-5-Background-2-Ocean-3412,0.04655953124165535,0.9534404873847961,0.0,0.9517048177304019
COD10K-NonCAM-5-Background-2-Ocean-3413,0.006009354721754789,0.9939906597137451,0.0,0.9921256446575146
COD10K-NonCAM-5-Background-2-Ocean-3415,0.004208432510495186,0.9957915544509888,0.0,0.9941351551213453
COD10K-NonCAM-5-Background-2-Ocean-3417,0.05256781727075577,0.9474321603775024,0.0,0.9457268551306264
COD10K-NonCAM-5-Background-2-Ocean-3418,0.03947628661990166,0.9605237245559692,0.0,0.9588595766446333
COD10K-NonCAM-5-Background-2-Ocean-3425,0.010708976536989212,0.9892910122871399,0.0,0.9875414764977444
COD10K-NonCAM-5-Background-2-Ocean-3427,0.14387187361717224,0.8561280965805054,0.0,0.8547488067782862
COD10K-NonCAM-5-Background-2-Ocean-3429,0.01861214078962803,0.9813878536224365,0.0,0.9796598700192893
COD10K-NonCAM-5-Background-2-Ocean-3430,0.0032108770683407784,0.9967890977859497,0.0,0.9953635606078952
COD10K-NonCAM-5-Background-2-Ocean-3433,0.004060016013681889,0.9959399700164795,0.0,0.9941460318252991
COD10K-NonCAM-5-Background-2-Ocean-3434,0.13414320349693298,0.8658567667007446,0.0,0.8644579202077431
COD10K-NonCAM-5-Background-2-Ocean-3435,0.0019898097962141037,0.9980102181434631,0.0,0.9959347609622046
COD10K-NonCAM-5-Background-2-Ocean-3436,0.005367738660424948,0.9946322441101074,0.0,0.9928857528671624
COD10K-NonCAM-5-Background-2-Ocean-3439,0.12061382085084915,0.8793861865997314,0.0,0.8779526625666851
COD10K-NonCAM-5-Background-2-Ocean-3444,0.002849998651072383,0.9971500039100647,0.0,0.9954463496646573
COD10K-NonCAM-5-Background-2-Ocean-3447,0.002898554317653179,0.9971014261245728,0.0,0.9955251663599755
COD10K-NonCAM-5-Background-2-Ocean-3448,0.06862107664346695,0.9313789010047913,0.0,0.9297359249776035
COD10K-NonCAM-5-Background-2-Ocean-3449,0.050282396376132965,0.9497175812721252,0.0,0.9479510307458254
COD10K-NonCAM-5-Background-2-Ocean-3450,0.012812819331884384,0.9871872067451477,0.0,0.9852772935280019
COD10K-NonCAM-5-Background-2-Ocean-3451,0.004382511135190725,0.9956175088882446,0.0,0.9939402571971626
COD10K-NonCAM-5-Background-2-Ocean-3454,0.002013363176956773,0.9979866147041321,0.0,0.9960215539070889
COD10K-NonCAM-5-Background-2-Ocean-3458,0.0028233116026967764,0.9971767067909241,0.0,0.9953091140347694
COD10K-NonCAM-5-Background-2-Ocean-3462,0.0019294297089800239,0.9980705976486206,0.0,0.9960608676747136
COD10K-NonCAM-5-Background-2-Ocean-3463,0.0012491460656747222,0.9987508654594421,0.0,0.9961010957160039
COD10K-NonCAM-5-Background-2-Ocean-3473,0.002232570433989167,0.997767448425293,0.0,0.9959146784682376
COD10K-NonCAM-5-Background-2-Ocean-3476,0.0016950073186308146,0.9983049631118774,0.0,0.9960167933786916
COD10K-NonCAM-5-Background-2-Ocean-3480,0.002820998663082719,0.9971789717674255,0.0,0.995204949890237
COD10K-NonCAM-5-Background-2-Ocean-3481,0.002960415091365576,0.9970395565032959,0.0,0.9949425218215058
COD10K-NonCAM-5-Background-2-Ocean-3482,0.003853986971080303,0.996146023273468,0.0,0.9941151672074126
COD10K-NonCAM-5-Background-2-Ocean-3490,0.0030092422384768724,0.9969907402992249,0.0,0.9949978511416192
COD10K-NonCAM-5-Background-2-Ocean-3491,0.005433076061308384,0.9945669174194336,0.0,0.9929049210874639
COD10K-NonCAM-5-Background-2-Ocean-3492,0.013483729213476181,0.9865162968635559,0.0,0.984822710356085
COD10K-NonCAM-5-Background-2-Ocean-3496,0.0038616464007645845,0.996138334274292,0.0,0.9945826447906834
COD10K-NonCAM-5-Background-2-Ocean-3499,0.008638213388621807,0.9913617968559265,0.0,0.989642887228316
COD10K-NonCAM-5-Background-2-Ocean-3500,0.007954362779855728,0.9920456409454346,0.0,0.9904546046100582
COD10K-NonCAM-5-Background-2-Ocean-3502,0.004771529696881771,0.9952284693717957,0.0,0.9935451648668719
COD10K-NonCAM-5-Background-2-Ocean-3505,0.10100395232439041,0.8989960551261902,0.0,0.8974245793584498
COD10K-NonCAM-5-Background-2-Ocean-3507,0.002694629365578294,0.9973053932189941,0.0,0.9955542654838869
COD10K-NonCAM-5-Background-2-Ocean-3508,0.12644459307193756,0.8735554218292236,0.0,0.8721591940873104
COD10K-NonCAM-5-Background-2-Ocean-3509,0.08309323340654373,0.9169067740440369,0.0,0.9153104520269889
COD10K-NonCAM-5-Background-2-Ocean-3513,0.017647186294198036,0.9823527932167053,0.0,0.9804167940344461
COD10K-NonCAM-5-Background-2-Ocean-3515,0.005669549107551575,0.9943304657936096,0.0,0.9926316163147788
COD10K-NonCAM-5-Background-2-Ocean-3516,0.11806570738554001,0.8819342851638794,0.0,0.8805068279218422
COD10K-NonCAM-5-Background-2-Ocean-3519,0.005653816275298595,0.9943462014198303,0.0,0.9926176499963684
COD10K-NonCAM-5-Background-2-Ocean-3520,0.003123287344351411,0.9968767166137695,0.0,0.9949404095340713
COD10K-NonCAM-5-Background-2-Ocean-3521,0.01189016830176115,0.988109827041626,0.0,0.9864443165722382
COD10K-NonCAM-5-Background-2-Ocean-3527,0.002086170483380556,0.9979138374328613,0.0,0.9958864305646355
COD10K-NonCAM-5-Background-2-Ocean-3530,0.001536548021249473,0.9984634518623352,0.0,0.9960905027521532
COD10K-NonCAM-5-Background-2-Ocean-3531,0.019669681787490845,0.9803303480148315,0.0,0.9785511713295886
COD10K-NonCAM-5-Background-2-Ocean-3533,0.014773677103221416,0.9852263331413269,0.0,0.983458487940163
COD10K-NonCAM-5-Background-2-Ocean-3535,0.0016704838490113616,0.9983295202255249,0.0,0.9961017893029227
COD10K-NonCAM-5-Background-2-Ocean-3536,0.019974082708358765,0.9800258874893188,0.0,0.978258666809924
COD10K-NonCAM-5-Background-2-Ocean-3538,0.0028427382931113243,0.9971572756767273,0.0,0.9955246619331254
COD10K-NonCAM-5-Background-2-Ocean-3539,0.0034442434553056955,0.996555745601654,0.0,0.9946794001658559
COD10K-NonCAM-5-Background-2-Ocean-3543,0.0025421143509447575,0.9974578619003296,0.0,0.9959928646299931
COD10K-NonCAM-5-Background-2-Ocean-3547,0.016836198046803474,0.9831637740135193,0.0,0.9813703184144048
COD10K-NonCAM-5-Background-2-Ocean-3551,0.0007543734391219914,0.9992456436157227,0.0,0.9960467121962344
COD10K-NonCAM-5-Background-2-Ocean-3553,0.001349828438833356,0.9986501932144165,0.0,0.9961017893029227
COD10K-NonCAM-5-Background-2-Ocean-3555,0.0015618654433637857,0.9984381198883057,0.0,0.9960286158829894
COD10K-NonCAM-5-Background-2-Ocean-3557,0.019098157063126564,0.980901837348938,0.0,0.9789921034498761
COD10K-NonCAM-5-Background-2-Ocean-3559,0.0023442087695002556,0.9976558089256287,0.0,0.9959298428004167
COD10K-NonCAM-5-Background-2-Ocean-3563,0.0007409796817228198,0.9992589950561523,0.0,0.9961017893029227
COD10K-NonCAM-5-Background-2-Ocean-3564,0.003357330337166786,0.9966426491737366,0.0,0.9947811052294943
COD10K-NonCAM-5-Background-2-Ocean-3565,0.002304947003722191,0.9976950287818909,0.0,0.9956386939279117
COD10K-NonCAM-5-Background-2-Ocean-3567,0.002274429425597191,0.9977255463600159,0.0,0.9959639546661504
COD10K-NonCAM-5-Background-2-Ocean-3568,0.08454442024230957,0.9154555797576904,0.0,0.9137245024837979
COD10K-NonCAM-5-Background-2-Ocean-3571,0.0012872385559603572,0.9987127780914307,0.0,0.9961017893029227
COD10K-NonCAM-5-Background-2-Ocean-3572,0.0011595271062105894,0.9988404512405396,0.0,0.9961017893029227
COD10K-NonCAM-5-Background-2-Ocean-3573,0.0013327359920367599,0.9986672401428223,0.0,0.996005979728094
COD10K-NonCAM-5-Background-2-Ocean-3576,0.0006553175626322627,0.9993447065353394,0.0,0.9961017893029227
COD10K-NonCAM-5-Background-2-Ocean-3578,0.11392909288406372,0.8860709071159363,0.0,0.8845682837582625
COD10K-NonCAM-5-Background-2-Ocean-3579,0.02795804664492607,0.9720419645309448,0.0,0.9701134657756472
COD10K-NonCAM-5-Background-2-Ocean-3580,0.021957410499453545,0.9780426025390625,0.0,0.9762318797264796
COD10K-NonCAM-5-Background-2-Ocean-3582,0.0016780371079221368,0.9983219504356384,0.0,0.9959507765146933
COD10K-NonCAM-5-Background-2-Ocean-3583,0.005600994918495417,0.9943990111351013,0.0,0.9926132993147869
COD10K-NonCAM-5-Background-2-Ocean-3584,0.0017131883651018143,0.998286783695221,0.0,0.9961017893029227
COD10K-NonCAM-5-Background-3-Sand-3585,0.0018442667787894607,0.9981557130813599,0.0,0.9961017893029227
COD10K-NonCAM-5-Background-3-Sand-3587,0.0032604634761810303,0.9967395067214966,0.0,0.9949751519333676
COD10K-NonCAM-5-Background-3-Sand-3589,0.0025786394253373146,0.997421383857727,0.0,0.9957956652583072
COD10K-NonCAM-5-Background-3-Sand-3590,0.0011606698390096426,0.9988393187522888,0.0,0.9961017893029227
COD10K-NonCAM-5-Background-3-Sand-3593,0.0022813742980360985,0.9977186322212219,0.0,0.9960197253597576
COD10K-NonCAM-5-Background-3-Sand-3595,0.0031032459810376167,0.9968967437744141,0.0,0.9949923970263032
COD10K-NonCAM-5-Background-3-Sand-3602,0.005854970309883356,0.9941450357437134,0.0,0.9924379794577212
COD10K-NonCAM-5-Background-3-Sand-3603,0.0022565515246242285,0.9977434277534485,0.0,0.996038672893312
COD10K-NonCAM-5-Background-3-Sand-3604,0.0028239553794264793,0.9971760511398315,0.0,0.995120206179431
COD10K-NonCAM-5-Background-3-Sand-3609,0.012352976948022842,0.9876469969749451,0.0,0.9858227365862813
COD10K-NonCAM-5-Background-3-Sand-3611,0.022411338984966278,0.9775886535644531,0.0,0.9757929022602359
COD10K-NonCAM-5-Background-3-Sand-3616,0.0015090655069798231,0.9984909296035767,0.0,0.9960645247693763
COD10K-NonCAM-5-Background-3-Sand-3618,0.003915566019713879,0.996084451675415,0.0,0.9940567482728427
COD10K-NonCAM-5-Background-3-Sand-3621,0.003629008773714304,0.9963709712028503,0.0,0.9947349816993942
COD10K-NonCAM-5-Background-3-Sand-3626,0.03754004091024399,0.9624599814414978,0.0,0.9607289510241883
COD10K-NonCAM-5-Background-3-Sand-3629,0.04751676693558693,0.9524832367897034,0.0,0.9508197377686578
COD10K-NonCAM-5-Background-3-Sand-3631,0.0020990928169339895,0.9979009032249451,0.0,0.9961017893029227
COD10K-NonCAM-5-Background-3-Sand-3632,0.02277318574488163,0.9772267937660217,0.0,0.9753592212759175
COD10K-NonCAM-5-Background-3-Sand-3635,0.04993240535259247,0.9500675797462463,0.0,0.9483016389332785
COD10K-NonCAM-5-Background-3-Sand-3637,0.07289646565914154,0.9271035194396973,0.0,0.9254112844321768
COD10K-NonCAM-5-Background-3-Sand-3638,0.1451766937971115,0.8548232913017273,0.0,0.8534420574965901
COD10K-NonCAM-5-Background-3-Sand-3639,0.0798521339893341,0.9201478958129883,0.0,0.9183670265247814
COD10K-NonCAM-5-Background-3-Sand-3640,0.08770591020584106,0.9122940897941589,0.0,0.9107541534506832
COD10K-NonCAM-5-Background-3-Sand-3641,0.007335703354328871,0.9926642775535583,0.0,0.9909241944807635
COD10K-NonCAM-5-Background-3-Sand-3646,0.0022580816876143217,0.9977419376373291,0.0,0.9959756510637356
COD10K-NonCAM-5-Background-3-Sand-3647,0.019875800237059593,0.9801241755485535,0.0,0.9783252196274506
COD10K-NonCAM-5-Background-3-Sand-3648,0.001384760718792677,0.9986152648925781,0.0,0.9961005597624758
COD10K-NonCAM-5-Background-3-Sand-3649,0.0032954488415271044,0.9967045783996582,0.0,0.9946570792777417
COD10K-NonCAM-5-Background-3-Sand-3650,0.06667677313089371,0.9333232045173645,0.0,0.931677558503426
COD10K-NonCAM-5-Background-3-Sand-3651,0.0025953706353902817,0.9974046349525452,0.0,0.9957965480052948
COD10K-NonCAM-5-Background-3-Sand-3652,0.0021333370823413134,0.997866690158844,0.0,0.9958113024906583
COD10K-NonCAM-5-Background-3-Sand-3654,0.009355906397104263,0.990644097328186,0.0,0.9886855481203041
COD10K-NonCAM-5-Background-3-Sand-3655,0.012052795849740505,0.9879472255706787,0.0,0.9859910890474808
COD10K-NonCAM-5-Background-3-Sand-3656,0.0019412548281252384,0.9980587363243103,0.0,0.9961017893029227
COD10K-NonCAM-5-Background-3-Sand-3657,0.0157090462744236,0.9842909574508667,0.0,0.982512498436277
COD10K-NonCAM-5-Background-3-Sand-3659,0.003011978231370449,0.9969879984855652,0.0,0.9952810868179144
COD10K-NonCAM-5-Background-3-Sand-3661,0.0023606382310390472,0.9976393580436707,0.0,0.9959624098589221
COD10K-NonCAM-5-Background-3-Sand-3663,0.00577014172449708,0.9942298531532288,0.0,0.9927834172699614
COD10K-NonCAM-5-Background-3-Sand-3664,0.001040326664224267,0.9989596605300903,0.0,0.9961017893029227
COD10K-NonCAM-5-Background-3-Sand-3672,0.12126875668764114,0.8787312507629395,0.0,0.8772663583105331
COD10K-NonCAM-5-Background-3-Sand-3674,0.11186642199754715,0.8881335854530334,0.0,0.886643432765954
COD10K-NonCAM-5-Background-3-Sand-3680,0.12968093156814575,0.8703190684318542,0.0,0.8689056724312567
COD10K-NonCAM-5-Background-3-Sand-3681,0.016240542754530907,0.9837594628334045,0.0,0.9821058358151136
COD10K-NonCAM-5-Background-3-Sand-3682,0.014671089127659798,0.9853289127349854,0.0,0.9835296751793743
COD10K-NonCAM-5-Background-3-Sand-3683,0.0011212293757125735,0.9988787770271301,0.0,0.9961017893029227
COD10K-NonCAM-5-Background-3-Sand-3684,0.0020504137501120567,0.9979496002197266,0.0,0.9959755880103793
COD10K-NonCAM-5-Background-3-Sand-3685,0.003968047443777323,0.9960319399833679,0.0,0.9944763683587164
COD10K-NonCAM-5-Background-3-Sand-3688,0.09652146697044373,0.9034785032272339,0.0,0.9019479640827905
COD10K-NonCAM-5-Background-3-Sand-3689,0.007783900015056133,0.9922161102294922,0.0,0.9900413213864878
COD10K-NonCAM-5-Background-3-Sand-3690,0.0015502474270761013,0.9984497427940369,0.0,0.9959974675249997
COD10K-NonCAM-5-Background-3-Sand-3691,0.0019270909251645207,0.9980729222297668,0.0,0.9955556841844027
COD10K-NonCAM-5-Background-3-Sand-3698,0.0042372699826955795,0.9957627058029175,0.0,0.9942267716479829
COD10K-NonCAM-5-Background-3-Sand-3700,0.0021971547976136208,0.9978028535842896,0.0,0.9957744793306057
COD10K-NonCAM-5-Background-3-Sand-3701,0.0021414754446595907,0.9978585243225098,0.0,0.9958985683357146
COD10K-NonCAM-5-Background-3-Sand-3702,0.0059580388478934765,0.9940419793128967,0.0,0.9923557578811653
COD10K-NonCAM-5-Background-3-Sand-3704,0.04661503806710243,0.9533849358558655,0.0,0.9517087585651679
COD10K-NonCAM-5-Background-3-Sand-3707,0.0975533276796341,0.9024466872215271,0.0,0.900871296498067
COD10K-NonCAM-5-Background-3-Sand-3708,0.05487755686044693,0.9451224207878113,0.0,0.9434463413416141
COD10K-NonCAM-5-Background-3-Sand-3710,0.007897214964032173,0.9921028017997742,0.0,0.9903333530059807
COD10K-NonCAM-5-Background-3-Sand-3711,0.002270272234454751,0.9977297186851501,0.0,0.995939805230705
COD10K-NonCAM-5-Background-3-Sand-3721,0.005191353149712086,0.9948086738586426,0.0,0.9927790035350237
COD10K-NonCAM-5-Background-3-Sand-3722,0.0018066206248477101,0.9981933832168579,0.0,0.9957451595199474
COD10K-NonCAM-5-Background-3-Sand-3724,0.0024191411212086678,0.997580885887146,0.0,0.9956961355354594
COD10K-NonCAM-5-Background-3-Sand-3727,0.0020918084774166346,0.9979081749916077,0.0,0.9960022911067532
COD10K-NonCAM-5-Background-3-Sand-3739,0.0013001520419493318,0.9986998438835144,0.0,0.9961017893029227
COD10K-NonCAM-5-Background-3-Sand-3740,0.0009455578401684761,0.9990544319152832,0.0,0.9961017893029227
COD10K-NonCAM-5-Background-3-Sand-3741,0.0017301053740084171,0.9982699155807495,0.0,0.9960779551342586
COD10K-NonCAM-5-Background-3-Sand-3742,0.001358420355245471,0.9986415505409241,0.0,0.9961014740361415
COD10K-NonCAM-5-Background-3-Sand-3747,0.002996959490701556,0.9970030188560486,0.0,0.995276294762839
COD10K-NonCAM-5-Background-3-Sand-3751,0.0021691725123673677,0.9978308081626892,0.0,0.9958807557625726
COD10K-NonCAM-5-Background-3-Sand-3756,0.0020033426117151976,0.9979966282844543,0.0,0.9960488560103471
COD10K-NonCAM-5-Background-3-Sand-3757,0.002933046780526638,0.9970669746398926,0.0,0.9952781863635265
COD10K-NonCAM-5-Background-3-Sand-3758,0.0017681873869150877,0.998231828212738,0.0,0.9960806349018994
COD10K-NonCAM-5-Background-3-Sand-3761,0.015455400571227074,0.984544575214386,0.0,0.9827276364878171
COD10K-NonCAM-5-Background-3-Sand-3765,0.006175840739160776,0.9938241839408875,0.0,0.9917410191843621
COD10K-NonCAM-5-Background-3-Sand-3769,0.0030311085283756256,0.9969688653945923,0.0,0.9954235243496932
COD10K-NonCAM-5-Background-3-Sand-3771,0.002165581565350294,0.9978344440460205,0.0,0.9960524185249755
COD10K-NonCAM-5-Background-3-Sand-3773,0.008329921402037144,0.9916700720787048,0.0,0.9898933036326807
COD10K-NonCAM-5-Background-3-Sand-3774,0.030789092183113098,0.9692109227180481,0.0,0.9674324055410283
COD10K-NonCAM-5-Background-3-Sand-3775,0.030296608805656433,0.9697033762931824,0.0,0.9680315385321584
COD10K-NonCAM-5-Background-3-Sand-3776,0.0013959106290712953,0.9986041188240051,0.0,0.9961017893029227
COD10K-NonCAM-5-Background-3-Sand-3778,0.0015618999022990465,0.9984381198883057,0.0,0.9960749285731583
COD10K-NonCAM-5-Background-3-Sand-3780,0.006155698094516993,0.9938443303108215,0.0,0.9921414079965781
COD10K-NonCAM-5-Background-3-Sand-3784,0.005094182677567005,0.9949058294296265,0.0,0.9931596881734099
COD10K-NonCAM-5-Background-3-Sand-3786,0.017734061926603317,0.9822659492492676,0.0,0.9803991390946951
COD10K-NonCAM-5-Background-3-Sand-3792,0.0013340117875486612,0.998665988445282,0.0,0.99603668671259
COD10K-NonCAM-5-Background-3-Sand-3799,0.0015781739493831992,0.998421847820282,0.0,0.9960736675060332
COD10K-NonCAM-5-Background-3-Sand-3805,0.006394937168806791,0.9936050772666931,0.0,0.9921573604957106
COD10K-NonCAM-5-Background-3-Sand-3810,0.0028384795878082514,0.9971615076065063,0.0,0.9955459424408613
COD10K-NonCAM-5-Background-3-Sand-3813,0.004601992666721344,0.9953979849815369,0.0,0.9934360195071954
COD10K-NonCAM-5-Background-3-Sand-3816,0.0038875367026776075,0.9961124658584595,0.0,0.9942727060180143
COD10K-NonCAM-5-Background-3-Sand-3823,0.0025257347151637077,0.9974742531776428,0.0,0.9951291282293409
COD10K-NonCAM-5-Background-3-Sand-3824,0.0021481625735759735,0.9978518486022949,0.0,0.995942516525024
COD10K-NonCAM-5-Background-3-Sand-3828,0.0014988763723522425,0.9985011219978333,0.0,0.9961017893029227
COD10K-NonCAM-5-Background-3-Sand-3832,0.003201907267794013,0.9967980980873108,0.0,0.9949978511416191
COD10K-NonCAM-5-Background-3-Sand-3833,0.011501972563564777,0.9884980320930481,0.0,0.9865520747580769
COD10K-NonCAM-5-Background-3-Sand-3834,0.025155259296298027,0.974844753742218,0.0,0.9730912235781216
COD10K-NonCAM-5-Background-3-Sand-3837,0.0013219938846305013,0.9986780285835266,0.0,0.9960934032065409
COD10K-NonCAM-5-Background-3-Sand-3841,0.002326393034309149,0.9976736307144165,0.0,0.9956232143289512
COD10K-NonCAM-5-Background-3-Sand-3846,0.0599345788359642,0.9400654435157776,0.0,0.9383697895228525
COD10K-NonCAM-5-Background-3-Sand-3847,0.002675715135410428,0.9973242878913879,0.0,0.9955360115372512
COD10K-NonCAM-5-Background-3-Sand-3851,0.006851354613900185,0.9931486248970032,0.0,0.9913945725184219
COD10K-NonCAM-5-Background-3-Sand-3854,0.0033457307144999504,0.9966542720794678,0.0,0.9948344483688856
COD10K-NonCAM-5-Background-3-Sand-3858,0.0017840932123363018,0.998215913772583,0.0,0.9960803511617962
COD10K-NonCAM-5-Background-3-Sand-3859,0.003468785434961319,0.9965311884880066,0.0,0.9944877810161985
COD10K-NonCAM-5-Background-3-Sand-3863,0.0033829614985734224,0.9966170191764832,0.0,0.9949552901261474
COD10K-NonCAM-5-Background-3-Sand-3864,0.0016907883109524846,0.9983091950416565,0.0,0.9960766940671335
COD10K-NonCAM-5-Background-3-Sand-3865,0.03184879943728447,0.9681512117385864,0.0,0.9662671164640888
COD10K-NonCAM-5-Background-3-Sand-3866,0.016856616362929344,0.9831433892250061,0.0,0.9814842873558349
COD10K-NonCAM-5-Background-3-Sand-3867,0.03799506649374962,0.9620049595832825,0.0,0.9603266075579284
COD10K-NonCAM-5-Background-3-Sand-3871,0.02478594332933426,0.9752140641212463,0.0,0.9733258451167446
COD10K-NonCAM-5-Background-3-Sand-3872,0.025558525696396828,0.9744414687156677,0.0,0.9726931992667651
COD10K-NonCAM-5-Background-3-Sand-3873,0.0021705084946006536,0.9978294968605042,0.0,0.9960747394130895
COD10K-NonCAM-5-Background-3-Sand-3874,0.002411989029496908,0.997588038444519,0.0,0.9958630692961432
COD10K-NonCAM-5-Background-3-Sand-3877,0.002230131532996893,0.9977698922157288,0.0,0.9959346979088484
COD10K-NonCAM-5-Background-3-Sand-3879,0.016608672216534615,0.9833913445472717,0.0,0.9816005892714462
COD10K-NonCAM-5-Background-3-Sand-3881,0.004437395837157965,0.9955626130104065,0.0,0.9935705753694425
COD10K-NonCAM-5-Background-3-Sand-3882,0.005338988732546568,0.9946610331535339,0.0,0.992996884407561
COD10K-NonCAM-5-Background-3-Sand-3885,0.0023090827744454145,0.9976909160614014,0.0,0.9958040513546891
COD10K-NonCAM-5-Background-3-Sand-3886,0.004764718469232321,0.9952352643013,0.0,0.9935539923367476
COD10K-NonCAM-5-Background-3-Sand-3890,0.0034317022655159235,0.9965683221817017,0.0,0.9950170508885987
COD10K-NonCAM-5-Background-3-Sand-3891,0.006248755380511284,0.9937512278556824,0.0,0.9918173137454303
COD10K-NonCAM-5-Background-3-Sand-3892,0.002134706126525998,0.9978653192520142,0.0,0.9961017893029227
COD10K-NonCAM-5-Background-3-Sand-3896,0.002097602002322674,0.9979023933410645,0.0,0.9960090378158724
COD10K-NonCAM-5-Background-3-Sand-3898,0.006674622185528278,0.9933253526687622,0.0,0.9916680349244977
COD10K-NonCAM-5-Background-3-Sand-3902,0.0012913437094539404,0.9987086653709412,0.0,0.9961017893029227
COD10K-NonCAM-5-Background-3-Sand-3904,0.0025200454983860254,0.9974799752235413,0.0,0.9958913487264234
COD10K-NonCAM-5-Background-3-Sand-3906,0.006609856151044369,0.9933901429176331,0.0,0.9916702417919665
COD10K-NonCAM-5-Background-3-Sand-3908,0.012264196760952473,0.9877358078956604,0.0,0.9858793900268761
COD10K-NonCAM-5-Background-3-Sand-3914,0.009847274050116539,0.9901527166366577,0.0,0.988386265364842
COD10K-NonCAM-5-Background-3-Sand-3920,0.02817755937576294,0.9718224406242371,0.0,0.9697865341234675
COD10K-NonCAM-5-Background-3-Sand-3922,0.008891466073691845,0.9911085367202759,0.0,0.9891471932681213
COD10K-NonCAM-5-Background-3-Sand-3926,0.0013503722148016095,0.9986496567726135,0.0,0.9961017893029227
COD10K-NonCAM-5-Background-3-Sand-3927,0.0026847789995372295,0.9973152279853821,0.0,0.9957638548400768
COD10K-NonCAM-5-Background-3-Sand-3931,0.013213184662163258,0.9867868423461914,0.0,0.9849436782200593
COD10K-NonCAM-5-Background-3-Sand-3933,0.002941744402050972,0.9970582723617554,0.0,0.9954558707214518
COD10K-NonCAM-5-Background-3-Sand-3938,0.003937481436878443,0.9960625171661377,0.0,0.9940801725946913
COD10K-NonCAM-5-Background-3-Sand-3939,0.002954751020297408,0.9970452785491943,0.0,0.994977232694124
COD10K-NonCAM-5-Background-3-Sand-3940,0.0043649692088365555,0.9956350326538086,0.0,0.9939221924105955
COD10K-NonCAM-5-Background-3-Sand-3941,0.09199614077806473,0.9080038666725159,0.0,0.9061048511739022
COD10K-NonCAM-5-Background-3-Sand-3942,0.011332269757986069,0.9886677265167236,0.0,0.9867847731693342
COD10K-NonCAM-5-Background-3-Sand-3944,0.0033604642376303673,0.9966395497322083,0.0,0.9946444370798128
COD10K-NonCAM-5-Background-3-Sand-3945,0.003920014016330242,0.9960799813270569,0.0,0.9941188873554316
COD10K-NonCAM-5-Background-3-Sand-3947,0.010564527474343777,0.9894354939460754,0.0,0.9876005574925548
COD10K-NonCAM-5-Background-3-Sand-3948,0.0015374631620943546,0.9984625577926636,0.0,0.9961008435025789
COD10K-NonCAM-5-Background-3-Sand-3950,0.0028273959178477526,0.9971725940704346,0.0,0.9956701575526826
COD10K-NonCAM-5-Background-3-Sand-3951,0.0026073285844177008,0.9973926544189453,0.0,0.9957671336146021
COD10K-NonCAM-5-Background-3-Sand-3954,0.0060823457315564156,0.9939176440238953,0.0,0.9919096553856649
COD10K-NonCAM-5-Background-3-Sand-3955,0.006513229571282864,0.993486762046814,0.0,0.9917028088504719
COD10K-NonCAM-5-Background-3-Sand-3958,0.005512106232345104,0.9944878816604614,0.0,0.9926598326917027
COD10K-NonCAM-5-Background-3-Sand-3960,0.0015609454130753875,0.9984390735626221,0.0,0.9960922682461283
COD10K-NonCAM-5-Background-3-Sand-3961,0.07460905611515045,0.9253909587860107,0.0,0.9237881018821175
COD10K-NonCAM-5-Background-3-Sand-3962,0.008472590707242489,0.9915274381637573,0.0,0.9894046716483864
COD10K-NonCAM-5-Background-3-Sand-3965,0.0026732597034424543,0.9973267316818237,0.0,0.9956455667437434
COD10K-NonCAM-5-Background-3-Sand-3967,0.0064902836456894875,0.9935097098350525,0.0,0.9916762949141669
COD10K-NonCAM-5-Background-3-Sand-3973,0.005324088037014008,0.9946759343147278,0.0,0.9928770199773213
COD10K-NonCAM-5-Background-3-Sand-3975,0.004032954107969999,0.9959670305252075,0.0,0.9942899195842718
COD10K-NonCAM-5-Background-3-Sand-3977,0.004811399150639772,0.9951885938644409,0.0,0.9935222764985516
COD10K-NonCAM-5-Background-3-Sand-3978,0.0015126850921660662,0.9984872937202454,0.0,0.9960853323769403
COD10K-NonCAM-5-Background-3-Sand-3980,0.0018775321077555418,0.9981224536895752,0.0,0.9960431812082842
COD10K-NonCAM-5-Background-3-Sand-3983,0.0018149357056245208,0.9981850385665894,0.0,0.9960480363167158
COD10K-NonCAM-5-Background-3-Sand-3984,0.00212721130810678,0.9978727698326111,0.0,0.9960013768330875
COD10K-NonCAM-5-Background-3-Sand-3988,0.0028548988047987223,0.9971451163291931,0.0,0.9953725772378396
COD10K-NonCAM-5-Background-3-Sand-3990,0.01776551827788353,0.9822344779968262,0.0,0.9804590713098151
COD10K-NonCAM-5-Background-3-Sand-3995,0.002197987399995327,0.9978020191192627,0.0,0.9959781731979858
COD10K-NonCAM-5-Background-3-Sand-4001,0.0013191434554755688,0.998680830001831,0.0,0.9961017893029227
COD10K-NonCAM-5-Background-3-Sand-4003,0.0026896146591752768,0.9973104000091553,0.0,0.9956721752600828
COD10K-NonCAM-5-Background-3-Sand-4005,0.00458841398358345,0.9954115748405457,0.0,0.99351843024382
COD10K-NonCAM-5-Background-3-Sand-4008,0.002131183398887515,0.9978688359260559,0.0,0.9959482859071211
COD10K-NonCAM-5-Background-3-Sand-4009,0.005020303186029196,0.9949796795845032,0.0,0.9929219454936525
COD10K-NonCAM-5-Background-3-Sand-4011,0.002711448585614562,0.9972885251045227,0.0,0.9959082785525777
COD10K-NonCAM-5-Background-3-Sand-4013,0.004212327767163515,0.9957876801490784,0.0,0.9941094293519933
COD10K-NonCAM-5-Background-3-Sand-4014,0.004400883335620165,0.995599091053009,0.0,0.9939778054708119
COD10K-NonCAM-5-Background-3-Sand-4015,0.0014065979048609734,0.9985933899879456,0.0,0.9960853323769403
COD10K-NonCAM-5-Background-3-Sand-4017,0.001851088018156588,0.9981489181518555,0.0,0.9960304759569989
COD10K-NonCAM-5-Background-3-Sand-4019,0.006333275698125362,0.9936667084693909,0.0,0.9919727402685976
COD10K-NonCAM-5-Background-3-Sand-4020,0.004037078469991684,0.995962917804718,0.0,0.9944252951401502
COD10K-NonCAM-5-Background-3-Sand-4023,0.05700083076953888,0.9429991841316223,0.0,0.9414324486695238
COD10K-NonCAM-5-Background-3-Sand-4026,0.00359540618956089,0.9964045882225037,0.0,0.9946894256495004
COD10K-NonCAM-5-Background-3-Sand-4027,0.004788517020642757,0.9952114820480347,0.0,0.9933881620097983
COD10K-NonCAM-5-Background-3-Sand-4029,0.012262578122317791,0.9877374172210693,0.0,0.9858658020286032
COD10K-NonCAM-5-Background-3-Sand-4030,0.006385660730302334,0.9936143159866333,0.0,0.9919078268383335
COD10K-NonCAM-5-Background-4-Sky-4035,0.0381898395717144,0.9618101716041565,0.0,0.9600332833446326
COD10K-NonCAM-5-Background-4-Sky-4042,0.002888002200052142,0.997111976146698,0.0,0.9955668761551377
COD10K-NonCAM-5-Background-4-Sky-4043,0.002697439631447196,0.9973025321960449,0.0,0.9955630929537624
COD10K-NonCAM-5-Background-4-Sky-4050,0.0025862236507236958,0.9974137544631958,0.0,0.9957747630707088
COD10K-NonCAM-5-Background-4-Sky-4053,0.002454393310472369,0.997545599937439,0.0,0.9960271656557955
COD10K-NonCAM-5-Background-4-Sky-4056,0.0017011328600347042,0.9982988834381104,0.0,0.9960935608399315
COD10K-NonCAM-5-Background-4-Sky-4059,0.001442586537450552,0.9985573887825012,0.0,0.9961017893029227
COD10K-NonCAM-5-Background-4-Sky-4061,0.004331717733293772,0.9956682920455933,0.0,0.9938904135190434
COD10K-NonCAM-5-Background-4-Sky-4062,0.0064147659577429295,0.9935852289199829,0.0,0.9919461948056142
COD10K-NonCAM-5-Background-4-Sky-4068,0.0010517394402995706,0.9989482760429382,0.0,0.9961017893029227
COD10K-NonCAM-5-Background-4-Sky-4069,0.0022460296750068665,0.9977539777755737,0.0,0.9958236609484842
COD10K-NonCAM-5-Background-4-Sky-4071,0.0057341898791491985,0.9942657947540283,0.0,0.9925213359946897
COD10K-NonCAM-5-Background-4-Sky-4073,0.0021500426810234785,0.9978499412536621,0.0,0.995899167342599
COD10K-NonCAM-5-Background-4-Sky-4074,0.035197913646698,0.964802086353302,0.0,0.9629929448338621
COD10K-NonCAM-5-Background-4-Sky-4077,0.005248088855296373,0.9947519302368164,0.0,0.993019173768997
COD10K-NonCAM-5-Background-4-Sky-4078,0.004394041374325752,0.9956059455871582,0.0,0.9938010353865527
COD10K-NonCAM-5-Background-4-Sky-4082,0.0014194858958944678,0.9985805153846741,0.0,0.9959409401911176
COD10K-NonCAM-5-Background-4-Sky-4084,0.0024420064873993397,0.9975579977035522,0.0,0.9959747998434262
COD10K-NonCAM-5-Background-4-Sky-4087,0.004416954703629017,0.9955830574035645,0.0,0.9937301003607664
COD10K-NonCAM-5-Background-4-Sky-4089,0.01983245089650154,0.98016756772995,0.0,0.9783218462728911
COD10K-NonCAM-5-Background-4-Sky-4093,0.0032085131388157606,0.9967914819717407,0.0,0.9951199539660059
COD10K-NonCAM-5-Background-4-Sky-4095,0.0451943464577198,0.9548056721687317,0.0,0.9531288777814096
COD10K-NonCAM-5-Background-4-Sky-4099,0.006519474554806948,0.9934805035591125,0.0,0.991695589241181
COD10K-NonCAM-5-Background-4-Sky-4101,0.0027862857095897198,0.9972137212753296,0.0,0.995504989285974
COD10K-NonCAM-5-Background-4-Sky-4102,0.0009152001002803445,0.9990847706794739,0.0,0.9961017893029227
COD10K-NonCAM-5-Background-4-Sky-4103,0.0010015122825279832,0.9989984631538391,0.0,0.9961017893029227
COD10K-NonCAM-5-Background-4-Sky-4105,0.00359515193849802,0.9964048266410828,0.0,0.9945936791280279
COD10K-NonCAM-5-Background-4-Sky-4106,0.0019012090051546693,0.9980987906455994,0.0,0.9960787117745336
COD10K-NonCAM-5-Background-4-Sky-4108,0.0008911718614399433,0.9991088509559631,0.0,0.9961017893029227
COD10K-NonCAM-5-Background-4-Sky-4110,0.0040551405400037766,0.9959448575973511,0.0,0.9942737463983926
COD10K-NonCAM-5-Background-4-Sky-4111,0.0034966510720551014,0.9965033531188965,0.0,0.9947797495823348
COD10K-NonCAM-5-Background-4-Sky-4112,0.0009426941396668553,0.9990572929382324,0.0,0.9961017893029227
COD10K-NonCAM-5-Background-4-Sky-4113,0.002193605760112405,0.9978063702583313,0.0,0.9960793738347743
COD10K-NonCAM-5-Background-4-Sky-4115,0.012101138941943645,0.9878988862037659,0.0,0.9860019026980783
COD10K-NonCAM-5-Background-4-Sky-4118,0.0027124444022774696,0.9972875714302063,0.0,0.9957166594029203
COD10K-NonCAM-5-Background-4-Sky-4121,0.0008255250286310911,0.9991744756698608,0.0,0.9961017893029227
COD10K-NonCAM-5-Background-4-Sky-4122,0.0035905351396650076,0.9964094758033752,0.0,0.9948989834790121
COD10K-NonCAM-5-Background-4-Sky-4125,0.001005812082439661,0.9989941716194153,0.0,0.9961017893029227
COD10K-NonCAM-5-Background-4-Sky-4127,0.0033963548485189676,0.9966036677360535,0.0,0.9949264116889828
COD10K-NonCAM-5-Background-4-Sky-4128,0.0024878638796508312,0.99751216173172,0.0,0.9958010878469451
COD10K-NonCAM-5-Background-4-Sky-4129,0.008275148458778858,0.9917248487472534,0.0,0.9899386074691494
COD10K-NonCAM-5-Background-4-Sky-4134,0.017722681164741516,0.9822773337364197,0.0,0.9800575790638646
COD10K-NonCAM-5-Background-4-Sky-4137,0.0019676494412124157,0.9980323314666748,0.0,0.9960667631635234
COD10K-NonCAM-5-Background-4-Sky-4139,0.003541611135005951,0.9964584112167358,0.0,0.9945899274533307
COD10K-NonCAM-5-Background-4-Sky-4140,0.0024184598587453365,0.9975815415382385,0.0,0.9960451673890063
COD10K-NonCAM-5-Background-4-Sky-4142,0.0027493233792483807,0.9972506761550903,0.0,0.9957229332118677
COD10K-NonCAM-5-Background-4-Sky-4144,0.003846624633297324,0.9961533546447754,0.0,0.9942429448338622
COD10K-NonCAM-5-Background-4-Sky-4146,0.007395851891487837,0.99260413646698,0.0,0.9908421620642762
COD10K-NonCAM-5-Background-4-Sky-4149,0.006067972630262375,0.9939320087432861,0.0,0.9923124402254184
COD10K-NonCAM-5-Background-4-Sky-4153,0.00182698096614331,0.9981729984283447,0.0,0.9961017893029227
COD10K-NonCAM-5-Background-4-Sky-4155,0.0016648952150717378,0.9983351230621338,0.0,0.995914552361525
COD10K-NonCAM-5-Background-4-Sky-4157,0.002265745308250189,0.9977342486381531,0.0,0.9960995824354538
COD10K-NonCAM-5-Background-4-Sky-4159,0.0020578920375555754,0.9979420900344849,0.0,0.9960770408605928
COD10K-NonCAM-5-Background-4-Sky-4160,0.0009455804247409105,0.9990544319152832,0.0,0.9961017893029227
COD10K-NonCAM-5-Background-4-Sky-4161,0.0011995886452496052,0.9988003969192505,0.0,0.9960990780086039
COD10K-NonCAM-5-Background-4-Sky-4162,0.002136611845344305,0.9978634119033813,0.0,0.9959774165577108
COD10K-NonCAM-5-Background-4-Sky-4163,0.0017484875861555338,0.9982514977455139,0.0,0.9961017893029227
COD10K-NonCAM-5-Background-4-Sky-4166,0.0024996991269290447,0.9975003004074097,0.0,0.9957630666731236
COD10K-NonCAM-5-Background-4-Sky-4168,0.0021682237274944782,0.9978317618370056,0.0,0.9960823373425183
COD10K-NonCAM-5-Background-4-Sky-4169,0.0035950345918536186,0.9964049458503723,0.0,0.9946367760970278
COD10K-NonCAM-5-Background-4-Sky-4171,0.0016311364015564322,0.9983688592910767,0.0,0.9960902820654063
COD10K-NonCAM-5-Background-4-Sky-4175,0.002494764979928732,0.997505247592926,0.0,0.9956378742342804
COD10K-NonCAM-5-Background-4-Sky-4178,0.0011371634900569916,0.9988628625869751,0.0,0.9961017893029227
COD10K-NonCAM-5-Background-4-Sky-4179,0.003536457661539316,0.9964635372161865,0.0,0.9949016317199748
COD10K-NonCAM-5-Background-4-Sky-4182,0.003536457661539316,0.9964635372161865,0.0,0.9949016317199748
COD10K-NonCAM-5-Background-4-Sky-4184,0.0011426833225414157,0.998857319355011,0.0,0.9961017893029227
COD10K-NonCAM-5-Background-4-Sky-4190,0.0023425298277288675,0.9976574778556824,0.0,0.9960596696609447
COD10K-NonCAM-5-Background-4-Sky-4194,0.00202407524921,0.9979759454727173,0.0,0.9958878177384731
COD10K-NonCAM-5-Background-4-Sky-4195,0.002234609564766288,0.9977653622627258,0.0,0.9958728110396846
COD10K-NonCAM-5-Background-4-Sky-4196,0.0017387323314324021,0.9982612729072571,0.0,0.9960985735817538
COD10K-NonCAM-5-Background-4-Sky-4197,0.0012108306400477886,0.9987891912460327,0.0,0.9961011587693602
COD10K-NonCAM-5-Background-4-Sky-4199,0.0016630832105875015,0.998336911201477,0.0,0.995995071497462
COD10K-NonCAM-5-Background-4-Sky-4201,0.003890327410772443,0.996109664440155,0.0,0.9941994064913686
COD10K-NonCAM-5-Background-4-Sky-4207,0.0026652314700186253,0.9973347783088684,0.0,0.9956217325750791
COD10K-NonCAM-5-Background-4-Sky-4208,0.0023379658814519644,0.9976620078086853,0.0,0.9959040224510305
COD10K-NonCAM-5-Background-4-Sky-4210,0.001860141521319747,0.9981398582458496,0.0,0.9960723433855518
COD10K-NonCAM-5-Background-4-Sky-4216,0.0015385232400149107,0.9984614849090576,0.0,0.9959153405284782
COD10K-NonCAM-5-Background-4-Sky-4217,0.0023130059707909822,0.9976869821548462,0.0,0.996074329566274
COD10K-NonCAM-5-Background-4-Sky-4220,0.002072491915896535,0.9979274868965149,0.0,0.9960329035112148
COD10K-NonCAM-5-Background-4-Sky-4221,0.00112760323099792,0.9988723993301392,0.0,0.9961002444956946
COD10K-NonCAM-5-Background-4-Sky-4222,0.009373587556183338,0.9906263947486877,0.0,0.9887327750841387
COD10K-NonCAM-5-Background-4-Sky-4225,0.002504897303879261,0.9974951148033142,0.0,0.995669495492442
COD10K-NonCAM-5-Background-4-Sky-4226,0.0008023297996260226,0.9991976618766785,0.0,0.9961017893029227
COD10K-NonCAM-5-Background-4-Sky-4228,0.007174128200858831,0.9928258657455444,0.0,0.9910826160383528
COD10K-NonCAM-5-Background-4-Sky-4231,0.002007795963436365,0.997992217540741,0.0,0.9960528598984693
COD10K-NonCAM-5-Background-4-Sky-4232,0.005154447630047798,0.9948455691337585,0.0,0.9933906841440483
COD10K-NonCAM-5-Background-4-Sky-4234,0.0019308245973661542,0.998069167137146,0.0,0.9960991095352819
COD10K-NonCAM-5-Background-4-Sky-4236,0.002178278984501958,0.9978217482566833,0.0,0.9960873185576623
COD10K-NonCAM-5-Background-4-Sky-4237,0.000922284962143749,0.9990777373313904,0.0,0.9961017893029227
COD10K-NonCAM-5-Background-4-Sky-4238,0.0032715797424316406,0.9967284202575684,0.0,0.9950400968903097
COD10K-NonCAM-5-Background-4-Sky-4239,0.000945574720390141,0.9990544319152832,0.0,0.9961017893029227
COD10K-NonCAM-5-Background-4-Sky-4241,0.0037446541246026754,0.9962553381919861,0.0,0.9942523397839442
COD10K-NonCAM-5-Background-4-Sky-4242,0.002587601775303483,0.997412383556366,0.0,0.9958345691791162
COD10K-NonCAM-5-Background-4-Sky-4251,0.0014551669592037797,0.9985448122024536,0.0,0.9961017893029227
COD10K-NonCAM-5-Background-4-Sky-4252,0.001253223163075745,0.9987467527389526,0.0,0.996056516993132
COD10K-NonCAM-5-Background-4-Sky-4253,0.001352854771539569,0.998647153377533,0.0,0.9959712373287979
COD10K-NonCAM-5-Background-4-Sky-4254,0.0005838408833369613,0.999416172504425,0.0,0.9961017893029227
COD10K-NonCAM-5-Background-4-Sky-4257,0.0020862100645899773,0.9979137778282166,0.0,0.9960278592427143
COD10K-NonCAM-5-Background-4-Sky-4258,0.009012504480779171,0.9909874796867371,0.0,0.9892453358171315
COD10K-NonCAM-5-Background-4-Sky-4259,0.001778437290340662,0.9982215762138367,0.0,0.9961017893029227
COD10K-NonCAM-5-Background-4-Sky-4262,0.013998888432979584,0.9860011339187622,0.0,0.9843986450085955
COD10K-NonCAM-5-Background-4-Sky-4265,0.001927585224620998,0.9980723857879639,0.0,0.9960404383872872
COD10K-NonCAM-5-Background-4-Sky-4267,0.004536820575594902,0.9954631924629211,0.0,0.9936928043005417
COD10K-NonCAM-5-Background-4-Sky-4272,0.019234009087085724,0.9807659983634949,0.0,0.9789967063448827
COD10K-NonCAM-5-Background-4-Sky-4281,0.0008763571968302131,0.9991236329078674,0.0,0.9961017893029227
COD10K-NonCAM-5-Background-4-Sky-4283,0.004990919027477503,0.9950090646743774,0.0,0.9934150857929189
COD10K-NonCAM-5-Background-4-Sky-4284,0.0017055011121556163,0.998294472694397,0.0,0.9960982898416506
COD10K-NonCAM-5-Background-4-Sky-4286,0.0016963968519121408,0.9983035922050476,0.0,0.9960738251394239
COD10K-NonCAM-5-Background-4-Sky-4287,0.001199405174702406,0.9988005757331848,0.0,0.9961017893029227
COD10K-NonCAM-5-Background-4-Sky-4288,0.0030860919505357742,0.9969139099121094,0.0,0.9953165858574856
COD10K-NonCAM-5-Background-4-Sky-4292,0.0024583989288657904,0.997541606426239,0.0,0.995727725266943
COD10K-NonCAM-5-Background-4-Sky-4295,0.005463557783514261,0.9945364594459534,0.0,0.9928365712492839
COD10K-NonCAM-5-Background-4-Sky-4296,0.0028897852171212435,0.9971101880073547,0.0,0.995489383580301
COD10K-NonCAM-5-Background-4-Sky-4299,0.00236930837854743,0.9976307153701782,0.0,0.9956823583771179
COD10K-NonCAM-5-Background-4-Sky-4302,0.040675319731235504,0.9593246579170227,0.0,0.9576021350875281
COD10K-NonCAM-5-Background-4-Sky-4303,0.006530942860990763,0.9934690594673157,0.0,0.9917838008865809
COD10K-NonCAM-5-Background-4-Sky-4304,0.004094044212251902,0.9959059357643127,0.0,0.9940348687582224
COD10K-NonCAM-5-Background-4-Sky-4305,0.003475588047876954,0.9965243935585022,0.0,0.9946340017493527
COD10K-NonCAM-5-Background-4-Sky-4310,0.022953933104872704,0.9770460724830627,0.0,0.9752429824136626
COD10K-NonCAM-5-Background-4-Sky-4311,0.0029352656565606594,0.9970647096633911,0.0,0.9952778710967454
COD10K-NonCAM-5-Background-4-Sky-4321,0.00259371823631227,0.9974063038825989,0.0,0.9958093478366145
COD10K-NonCAM-5-Background-4-Sky-4323,0.0012416995596140623,0.9987583160400391,0.0,0.9961017893029227
COD10K-NonCAM-5-Background-4-Sky-4325,0.0014886438148096204,0.9985113739967346,0.0,0.9960387044199901
COD10K-NonCAM-5-Background-4-Sky-4326,0.0017644802574068308,0.9982355237007141,0.0,0.9960647769828014
COD10K-NonCAM-5-Background-4-Sky-4328,0.0009949018713086843,0.9990050792694092,0.0,0.9960989834285694
COD10K-NonCAM-5-Background-4-Sky-4329,0.005219425540417433,0.9947806000709534,0.0,0.9929335473112033
COD10K-NonCAM-5-Background-4-Sky-4330,0.02336827851831913,0.9766317009925842,0.0,0.9748773360007427
COD10K-NonCAM-5-Background-4-Sky-4332,0.0048484718427062035,0.9951515197753906,0.0,0.9934678614521039
COD10K-NonCAM-5-Background-4-Sky-4335,0.004573045764118433,0.9954269528388977,0.0,0.9938748708667267
COD10K-NonCAM-5-Background-4-Sky-4336,0.0010271570645272732,0.9989728331565857,0.0,0.9961017893029227
COD10K-NonCAM-5-Background-4-Sky-4337,0.0013281010324135423,0.9986718893051147,0.0,0.9961017893029227
COD10K-NonCAM-5-Background-4-Sky-4342,0.0009390011546202004,0.9990609884262085,0.0,0.9961017893029227
COD10K-NonCAM-5-Background-4-Sky-4344,0.0014538971008732915,0.9985461235046387,0.0,0.9961017893029227
COD10K-NonCAM-5-Background-4-Sky-4349,0.0020246279891580343,0.9979753494262695,0.0,0.9960163520051979
COD10K-NonCAM-5-Background-4-Sky-4350,0.014292736537754536,0.9857072830200195,0.0,0.9838589082790572
COD10K-NonCAM-5-Background-4-Sky-4351,0.001930981408804655,0.9980690479278564,0.0,0.9960935608399315
COD10K-NonCAM-5-Background-4-Sky-4352,0.0031246512662619352,0.9968753457069397,0.0,0.9952792897972611
COD10K-NonCAM-5-Background-4-Sky-4355,0.010230888612568378,0.9897691011428833,0.0,0.9880114446885873
COD10K-NonCAM-5-Background-4-Sky-4356,0.0049850186333060265,0.9950149655342102,0.0,0.9932580514091671
COD10K-NonCAM-5-Background-4-Sky-4358,0.0019919301848858595,0.9980080723762512,0.0,0.9958351681860007
COD10K-NonCAM-5-Background-4-Sky-4359,0.0010614210041239858,0.9989385604858398,0.0,0.9960937500000002
COD10K-NonCAM-5-Background-4-Sky-4365,0.003530197311192751,0.9964697957038879,0.0,0.9946943753379662
COD10K-NonCAM-5-Background-4-Sky-4367,0.0014936818042770028,0.9985063076019287,0.0,0.9961017893029227
COD10K-NonCAM-5-Background-4-Sky-4369,0.0023927106522023678,0.9976072907447815,0.0,0.9957186771103205
COD10K-NonCAM-5-Background-4-Sky-4372,0.0016401801258325577,0.9983597993850708,0.0,0.9961017893029227
COD10K-NonCAM-5-Background-4-Sky-4381,0.000642614730168134,0.9993574023246765,0.0,0.9961017893029227
COD10K-NonCAM-5-Background-4-Sky-4383,0.001279262825846672,0.9987207651138306,0.0,0.9961017893029227
COD10K-NonCAM-5-Background-4-Sky-4384,0.004821001552045345,0.9951789975166321,0.0,0.9935644591938858
COD10K-NonCAM-5-Background-4-Sky-4386,0.001974482089281082,0.9980255365371704,0.0,0.9954669681121525
COD10K-NonCAM-5-Background-4-Sky-4387,0.0030552030075341463,0.996944785118103,0.0,0.995679174182627
COD10K-NonCAM-5-Background-4-Sky-4390,0.0009268791764043272,0.9990731477737427,0.0,0.9961017577762447
COD10K-NonCAM-5-Background-4-Sky-4393,0.000974640715867281,0.9990253448486328,0.0,0.9961017893029227
COD10K-NonCAM-5-Background-4-Sky-4395,0.0014446352142840624,0.9985553622245789,0.0,0.9961017893029227
COD10K-NonCAM-5-Background-4-Sky-4396,0.012277735397219658,0.9877222776412964,0.0,0.9859075748771218
COD10K-NonCAM-5-Background-4-Sky-4398,0.0008314512087963521,0.9991685748100281,0.0,0.9960773561273741
COD10K-NonCAM-5-Background-4-Sky-4403,0.0034053765702992678,0.9965946078300476,0.0,0.9948390827905703
COD10K-NonCAM-5-Background-4-Sky-4405,0.001174852717667818,0.9988251328468323,0.0,0.9960957677074005
COD10K-NonCAM-5-Background-4-Sky-4406,0.0007832327391952276,0.9992167949676514,0.0,0.9961017893029227
COD10K-NonCAM-5-Background-4-Sky-4407,0.0004726541228592396,0.9995273351669312,0.0,0.9961017893029227
COD10K-NonCAM-5-Background-4-Sky-4409,0.0009515693527646363,0.9990484118461609,0.0,0.9961017893029227
COD10K-NonCAM-5-Background-4-Sky-4410,0.0012619232293218374,0.9987380504608154,0.0,0.9961017893029227
COD10K-NonCAM-5-Background-4-Sky-4411,0.00079229666152969,0.9992076754570007,0.0,0.9961016631962103
COD10K-NonCAM-5-Background-4-Sky-4412,0.0005743602523580194,0.9994256496429443,0.0,0.9961017893029227
COD10K-NonCAM-5-Background-4-Sky-4413,0.001447260845452547,0.9985527396202087,0.0,0.996074581779699
COD10K-NonCAM-5-Background-4-Sky-4419,0.036900345236063004,0.9630996584892273,0.0,0.961352990091039
COD10K-NonCAM-5-Background-4-Sky-4425,0.006907873321324587,0.9930921196937561,0.0,0.9914050393755602
COD10K-NonCAM-5-Background-4-Sky-4427,0.0024021172430366278,0.997597873210907,0.0,0.9960277016093237
COD10K-NonCAM-5-Background-4-Sky-4428,0.006815869826823473,0.9931841492652893,0.0,0.9914960253686353
COD10K-NonCAM-5-Background-4-Sky-4430,0.001537200529128313,0.9984627962112427,0.0,0.9958970235284863
COD10K-NonCAM-5-Background-4-Sky-4431,0.002069613663479686,0.9979304075241089,0.0,0.9960789639879586
COD10K-NonCAM-5-Background-4-Sky-4433,0.0014783632941544056,0.998521625995636,0.0,0.995877634621438
COD10K-NonCAM-5-Background-4-Sky-4436,0.008092044852674007,0.9919079542160034,0.0,0.9903128291385197
COD10K-NonCAM-5-Background-4-Sky-4438,0.0010456558084115386,0.9989543557167053,0.0,0.9961017893029227
COD10K-NonCAM-5-Background-4-Sky-4440,0.0012309375451877713,0.9987690448760986,0.0,0.9961017893029227
COD10K-NonCAM-5-Background-4-Sky-4444,0.0015855681849643588,0.9984144568443298,0.0,0.9960017866799031
COD10K-NonCAM-5-Background-4-Sky-4448,0.002192980842664838,0.9978070259094238,0.0,0.9960140820843728
COD10K-NonCAM-5-Background-4-Sky-4450,0.0026632724329829216,0.997336745262146,0.0,0.9956646088573322
COD10K-NonCAM-5-Background-4-Sky-4452,0.0017157752299681306,0.9982842206954956,0.0,0.9961002760223726
COD10K-NonCAM-5-Background-4-Sky-4453,0.002950803143903613,0.9970492124557495,0.0,0.9955309042153946
COD10K-NonCAM-5-Background-4-Sky-4454,0.001893974607810378,0.9981060028076172,0.0,0.9960957992340785
COD10K-NonCAM-5-Background-4-Sky-4460,0.0026219545397907495,0.9973780512809753,0.0,0.9955749154580602
COD10K-NonCAM-5-Background-4-Sky-4461,0.0005330914864316583,0.9994668960571289,0.0,0.9961017893029227
COD10K-NonCAM-5-Background-4-Sky-4467,0.001130322110839188,0.9988696575164795,0.0,0.9961017893029227
COD10K-NonCAM-5-Background-4-Sky-4471,0.009271439164876938,0.9907285571098328,0.0,0.988905352120207
COD10K-NonCAM-5-Background-4-Sky-4473,0.0017431213054805994,0.9982568621635437,0.0,0.9960035837005564
COD10K-NonCAM-5-Background-4-Sky-4474,0.005617433227598667,0.9943825602531433,0.0,0.9926842343405731
COD10K-NonCAM-5-Background-4-Sky-4475,0.00493287667632103,0.9950671195983887,0.0,0.9932136303196859
COD10K-NonCAM-5-Background-4-Sky-4476,0.0009258913923986256,0.9990741014480591,0.0,0.9961017893029227
COD10K-NonCAM-5-Background-4-Sky-4478,0.0026447700802236795,0.9973552227020264,0.0,0.9956646719106885
COD10K-NonCAM-5-Background-4-Sky-4479,0.0011171875521540642,0.9988828301429749,0.0,0.9961017893029227
COD10K-NonCAM-5-Background-4-Sky-4482,0.031084638088941574,0.9689153432846069,0.0,0.9671087211366958
COD10K-NonCAM-5-Background-4-Sky-4483,0.0005225249333307147,0.9994774460792542,0.0,0.9961017893029227
COD10K-NonCAM-5-Background-4-Sky-4484,0.0021632451098412275,0.9978367686271667,0.0,0.9960263144354862
COD10K-NonCAM-5-Background-5-Vegetation-4487,0.0038962336257100105,0.9961037635803223,0.0,0.9942286632486707
COD10K-NonCAM-5-Background-5-Vegetation-4489,0.007780779153108597,0.9922192096710205,0.0,0.9902902245103026
COD10K-NonCAM-5-Background-5-Vegetation-4492,0.002233868930488825,0.9977661371231079,0.0,0.9959474031601336
COD10K-NonCAM-5-Background-5-Vegetation-4494,0.003016900038346648,0.9969831109046936,0.0,0.9956154587661319
COD10K-NonCAM-5-Background-5-Vegetation-4498,0.004435179755091667,0.9955648183822632,0.0,0.9937493631611022
COD10K-NonCAM-5-Background-5-Vegetation-4499,0.04781413450837135,0.952185869216919,0.0,0.9503780805347731
COD10K-NonCAM-5-Background-5-Vegetation-4500,0.09484893828630447,0.9051510691642761,0.0,0.9036071185725931
COD10K-NonCAM-5-Background-5-Vegetation-4501,0.021766511723399162,0.9782335162162781,0.0,0.9763964174596258
COD10K-NonCAM-5-Background-5-Vegetation-4506,0.032638050615787506,0.9673619270324707,0.0,0.9655386925659589
COD10K-NonCAM-5-Background-5-Vegetation-4509,0.027953533455729485,0.9720464944839478,0.0,0.9702330149391057
COD10K-NonCAM-5-Background-5-Vegetation-4510,0.020057937130331993,0.9799420833587646,0.0,0.9781070234881319
COD10K-NonCAM-5-Background-5-Vegetation-4514,0.0498434454202652,0.950156569480896,0.0,0.9481222521347346
COD10K-NonCAM-5-Background-5-Vegetation-4515,0.0663299411535263,0.9336700439453125,0.0,0.9319240340730248
COD10K-NonCAM-5-Background-5-Vegetation-4519,0.027942154556512833,0.9720578193664551,0.0,0.9702262051766302
COD10K-NonCAM-5-Background-5-Vegetation-4520,0.032067473977804184,0.9679325222969055,0.0,0.9661830348135235
COD10K-NonCAM-5-Background-5-Vegetation-4521,0.005758381448686123,0.9942415952682495,0.0,0.992469127815711
COD10K-NonCAM-5-Background-5-Vegetation-4522,0.013151857070624828,0.9868481159210205,0.0,0.9847816626211634
COD10K-NonCAM-5-Background-5-Vegetation-4524,0.0057984283193945885,0.9942016005516052,0.0,0.9923938421083431
COD10K-NonCAM-5-Background-5-Vegetation-4527,0.03645842522382736,0.963541567325592,0.0,0.9618109781441936
COD10K-NonCAM-5-Background-5-Vegetation-4530,0.04588683694601059,0.9541131854057312,0.0,0.9523340902258218
COD10K-NonCAM-5-Background-5-Vegetation-4531,0.049977295100688934,0.9500226974487305,0.0,0.9482996842792345
COD10K-NonCAM-5-Background-5-Vegetation-4532,0.007619919255375862,0.9923800826072693,0.0,0.9905250667356725
COD10K-NonCAM-5-Background-5-Vegetation-4533,0.0027157929725944996,0.9972842335700989,0.0,0.9953184144048169
COD10K-NonCAM-5-Background-5-Vegetation-4534,0.02625313587486744,0.9737468361854553,0.0,0.9719104233755438
COD10K-NonCAM-5-Background-5-Vegetation-4535,0.021496029570698738,0.978503942489624,0.0,0.9766936194543313
COD10K-NonCAM-5-Background-5-Vegetation-4541,0.04052051156759262,0.9594795107841492,0.0,0.9576627608895669
COD10K-NonCAM-5-Background-5-Vegetation-4542,0.005120075307786465,0.9948799014091492,0.0,0.9930002262354425
COD10K-NonCAM-5-Background-5-Vegetation-4543,0.042424045503139496,0.9575759768486023,0.0,0.9557734301227573
COD10K-NonCAM-5-Background-5-Vegetation-4548,0.015481178648769855,0.984518826007843,0.0,0.9826057543501773
COD10K-NonCAM-5-Background-5-Vegetation-4550,0.029183413833379745,0.9708166122436523,0.0,0.9690443961203522
COD10K-NonCAM-5-Background-5-Vegetation-4551,0.009820226579904556,0.9901797771453857,0.0,0.9881889398864436
COD10K-NonCAM-5-Background-5-Vegetation-4553,0.015561405569314957,0.9844385981559753,0.0,0.9824477111127254
COD10K-NonCAM-5-Background-5-Vegetation-4555,0.036395132541656494,0.9636048674583435,0.0,0.9616945501218697
COD10K-NonCAM-5-Background-5-Vegetation-4558,0.005683412309736013,0.994316577911377,0.0,0.992200835784848
COD10K-NonCAM-5-Background-5-Vegetation-4559,0.0016208239831030369,0.9983791708946228,0.0,0.9960750546798709
COD10K-NonCAM-5-Background-5-Vegetation-4562,0.014714408665895462,0.9852855801582336,0.0,0.9832994989023671
COD10K-NonCAM-5-Background-5-Vegetation-4568,0.0690917894244194,0.930908203125,0.0,0.9290322495218033
COD10K-NonCAM-5-Background-5-Vegetation-4574,0.02042124606668949,0.9795787334442139,0.0,0.9776888536294521
COD10K-NonCAM-5-Background-5-Vegetation-4575,0.010074876248836517,0.9899251461029053,0.0,0.9880247804734351
COD10K-NonCAM-5-Background-5-Vegetation-4576,0.007814614102244377,0.9921854138374329,0.0,0.990176350148907
COD10K-NonCAM-5-Background-5-Vegetation-4580,0.06532885879278183,0.93467116355896,0.0,0.9329691749796211
COD10K-NonCAM-5-Background-5-Vegetation-4581,0.05223534256219864,0.9477646350860596,0.0,0.9459414257019605
COD10K-NonCAM-5-Background-5-Vegetation-4585,0.28177955746650696,0.7182204723358154,0.0,0.7173625739489762
COD10K-NonCAM-5-Background-5-Vegetation-4588,0.0031135138124227524,0.9968864917755127,0.0,0.9952500645666371
COD10K-NonCAM-5-Background-5-Vegetation-4591,0.022613732144236565,0.9773862957954407,0.0,0.9755521645460563
COD10K-NonCAM-5-Background-5-Vegetation-4594,0.06678513437509537,0.9332148432731628,0.0,0.9313658227101038
COD10K-NonCAM-5-Background-5-Vegetation-4597,0.0027955803088843822,0.9972044229507446,0.0,0.9953026825924315
COD10K-NonCAM-5-Background-5-Vegetation-4601,0.07216471433639526,0.9278352856636047,0.0,0.9259807508191892
COD10K-NonCAM-5-Background-5-Vegetation-4602,0.12481966614723206,0.8751803636550903,0.0,0.8737441032501231
COD10K-NonCAM-5-Background-5-Vegetation-4605,0.014837621711194515,0.9851623773574829,0.0,0.9831722257027675
COD10K-NonCAM-5-Background-5-Vegetation-4609,0.0021489725913852453,0.9978510141372681,0.0,0.9957148939089452
COD10K-NonCAM-5-Background-5-Vegetation-4610,0.002012035110965371,0.9979879856109619,0.0,0.9959217089174599
COD10K-NonCAM-5-Background-5-Vegetation-4620,0.047772862017154694,0.9522271156311035,0.0,0.9504305094004988
COD10K-NonCAM-5-Background-5-Vegetation-4621,0.08525867760181427,0.9147413372993469,0.0,0.9131397456578938
COD10K-NonCAM-5-Background-5-Vegetation-4624,0.02523711510002613,0.9747628569602966,0.0,0.9728949700067795
COD10K-NonCAM-5-Background-5-Vegetation-4625,0.014781063422560692,0.9852189421653748,0.0,0.9831966588783162
COD10K-NonCAM-5-Background-5-Vegetation-4627,0.002221739385277033,0.9977782368659973,0.0,0.9957345035027404
COD10K-NonCAM-5-Background-5-Vegetation-4628,0.00302515528164804,0.9969748258590698,0.0,0.9949730081192549
COD10K-NonCAM-5-Background-5-Vegetation-4629,0.04748781397938728,0.9525122046470642,0.0,0.9507256936878041
COD10K-NonCAM-5-Background-5-Vegetation-4630,0.03639788553118706,0.9636021256446838,0.0,0.9618243454557194
COD10K-NonCAM-5-Background-5-Vegetation-4631,0.01829042099416256,0.9817095994949341,0.0,0.9799670659709612
COD10K-NonCAM-5-Background-5-Vegetation-4632,0.003641246585175395,0.9963587522506714,0.0,0.9943333948734093
COD10K-NonCAM-5-Background-5-Vegetation-4636,0.026740336790680885,0.973259687423706,0.0,0.9712589876254005
COD10K-NonCAM-5-Background-5-Vegetation-4637,0.0014546378515660763,0.9985453486442566,0.0,0.996100622815832
COD10K-NonCAM-5-Background-5-Vegetation-4638,0.14690960943698883,0.8530904054641724,0.0,0.8516667902512449
COD10K-NonCAM-5-Background-5-Vegetation-4639,0.06944788247346878,0.9305521249771118,0.0,0.9287151541931995
COD10K-NonCAM-5-Background-5-Vegetation-4641,0.0036683175712823868,0.9963316917419434,0.0,0.9945490058251216
COD10K-NonCAM-5-Background-5-Vegetation-4644,0.04119731858372688,0.9588027000427246,0.0,0.9569850949432217
COD10K-NonCAM-5-Background-5-Vegetation-4646,0.016237009316682816,0.9837629795074463,0.0,0.9817778637825558
COD10K-NonCAM-5-Background-5-Vegetation-4647,0.023703599348664284,0.9762964248657227,0.0,0.97438463707497
COD10K-NonCAM-5-Background-5-Vegetation-4648,0.012952729128301144,0.9870472550392151,0.0,0.985352642288726
COD10K-NonCAM-5-Background-5-Vegetation-4649,0.03272474929690361,0.9672752618789673,0.0,0.9655144170238009
COD10K-NonCAM-5-Background-5-Vegetation-4650,0.04559064656496048,0.9544093608856201,0.0,0.9526670750002018
COD10K-NonCAM-5-Background-5-Vegetation-4655,0.02932903915643692,0.9706709384918213,0.0,0.9688266413545273
COD10K-NonCAM-5-Background-5-Vegetation-4656,0.005886172875761986,0.9941138029098511,0.0,0.9922723698175189
COD10K-NonCAM-5-Background-5-Vegetation-4660,0.013190765865147114,0.986809253692627,0.0,0.9847502935764268
COD10K-NonCAM-5-Background-5-Vegetation-4668,0.023356778547167778,0.9766432046890259,0.0,0.9746478848373326
COD10K-NonCAM-5-Background-5-Vegetation-4669,0.015396011993288994,0.984604001045227,0.0,0.9826866518062518
COD10K-NonCAM-5-Background-5-Vegetation-4673,0.15294897556304932,0.8470510244369507,0.0,0.8456301249767963
COD10K-NonCAM-5-Background-5-Vegetation-4675,0.0023303211200982332,0.9976696968078613,0.0,0.9958745765336596
COD10K-NonCAM-5-Background-5-Vegetation-4676,0.037450436502695084,0.9625495672225952,0.0,0.9607227717952753
COD10K-NonCAM-5-Background-5-Vegetation-4678,0.05178588256239891,0.9482141137123108,0.0,0.9463101617293366
COD10K-NonCAM-5-Background-5-Vegetation-4682,0.08469546586275101,0.9153045415878296,0.0,0.913584051132741
COD10K-NonCAM-5-Background-5-Vegetation-4689,0.08119285851716995,0.9188071489334106,0.0,0.9170329751398272
COD10K-NonCAM-5-Background-5-Vegetation-4691,0.02020052820444107,0.9797994494438171,0.0,0.9778522248755075
COD10K-NonCAM-5-Background-5-Vegetation-4692,0.04409555345773697,0.9559044241905212,0.0,0.9541509096329386
COD10K-NonCAM-5-Background-5-Vegetation-4693,0.03260458633303642,0.9673954248428345,0.0,0.9655233706003891
COD10K-NonCAM-5-Background-5-Vegetation-4694,0.01367749273777008,0.9863225221633911,0.0,0.9842415790981656
COD10K-NonCAM-5-Background-5-Vegetation-4699,0.049340542405843735,0.950659453868866,0.0,0.9486431359107528
COD10K-NonCAM-5-Background-5-Vegetation-4701,0.005569396074861288,0.9944306015968323,0.0,0.9927205530737757
COD10K-NonCAM-5-Background-5-Vegetation-4709,0.019047560170292854,0.9809524416923523,0.0,0.9790950380539616
COD10K-NonCAM-5-Background-5-Vegetation-4710,0.004193971864879131,0.9958060383796692,0.0,0.9940331032642473
COD10K-NonCAM-5-Background-5-Vegetation-4712,0.0043769460171461105,0.9956230521202087,0.0,0.9934825213574331
COD10K-NonCAM-5-Background-5-Vegetation-4713,0.012538451701402664,0.9874615669250488,0.0,0.9853356178825372
COD10K-NonCAM-5-Background-5-Vegetation-4714,0.012301422655582428,0.9876985549926758,0.0,0.9856106566225193
COD10K-NonCAM-5-Background-5-Vegetation-4715,0.03882133215665817,0.9611786603927612,0.0,0.9593744072984512
COD10K-NonCAM-5-Background-5-Vegetation-4721,0.03264385461807251,0.9673561453819275,0.0,0.965444333218324
COD10K-NonCAM-5-Background-5-Vegetation-4722,0.012766245752573013,0.9872337579727173,0.0,0.9854303870769878
COD10K-NonCAM-5-Background-5-Vegetation-4723,0.0038171489723026752,0.9961828589439392,0.0,0.9941458741919085
COD10K-NonCAM-5-Background-5-Vegetation-4725,0.0038645898457616568,0.996135413646698,0.0,0.994188340627346
COD10K-NonCAM-5-Background-5-Vegetation-4726,0.06722051650285721,0.9327794909477234,0.0,0.9310274468737642
COD10K-NonCAM-5-Background-5-Vegetation-4729,0.012651858851313591,0.9873481392860413,0.0,0.9853401577241876
COD10K-NonCAM-5-Background-5-Vegetation-4730,0.017329974099993706,0.9826700091362,0.0,0.980705799092839
COD10K-NonCAM-5-Background-5-Vegetation-4734,0.0030024696607142687,0.9969975352287292,0.0,0.995060021750886
COD10K-NonCAM-5-Background-5-Vegetation-4740,0.028007270768284798,0.9719927310943604,0.0,0.9700798583367635
COD10K-NonCAM-5-Background-5-Vegetation-4743,0.100676529109478,0.8993234634399414,0.0,0.8976176172086229
COD10K-NonCAM-5-Background-5-Vegetation-4745,0.0900232195854187,0.9099767804145813,0.0,0.908324266260704
COD10K-NonCAM-5-Background-5-Vegetation-4753,0.024403925985097885,0.9755960702896118,0.0,0.9735944208877105
COD10K-NonCAM-5-Background-5-Vegetation-4754,0.0016799544682726264,0.9983200430870056,0.0,0.9961017893029227
COD10K-NonCAM-5-Background-5-Vegetation-4756,0.06714223325252533,0.9328577518463135,0.0,0.9312289969270318
COD10K-NonCAM-5-Background-5-Vegetation-4757,0.0013773944228887558,0.9986225962638855,0.0,0.9961017893029227
COD10K-NonCAM-5-Background-5-Vegetation-4758,0.0037227768916636705,0.9962772130966187,0.0,0.9943555581281327
COD10K-NonCAM-5-Background-5-Vegetation-4759,0.002085254294797778,0.997914731502533,0.0,0.9957706961292304
COD10K-NonCAM-5-Background-5-Vegetation-4760,0.020887130871415138,0.9791128635406494,0.0,0.9771610970376021
COD10K-NonCAM-5-Background-5-Vegetation-4763,0.0017875995254144073,0.9982123970985413,0.0,0.9960433703683529
COD10K-NonCAM-5-Background-5-Vegetation-4766,0.028132768347859383,0.9718672037124634,0.0,0.9701489963418967
COD10K-NonCAM-5-Background-5-Vegetation-4771,0.0074801091104745865,0.9925199151039124,0.0,0.990636954916346
COD10K-NonCAM-5-Background-5-Vegetation-4772,0.007956537418067455,0.9920434355735779,0.0,0.990243754186743
COD10K-NonCAM-5-Background-5-Vegetation-4775,0.0685686245560646,0.9314313530921936,0.0,0.9296698765869269
COD10K-NonCAM-5-Background-5-Vegetation-4776,0.004016856197267771,0.9959831237792969,0.0,0.994041426307273
COD10K-NonCAM-5-Background-5-Vegetation-4777,0.014518385753035545,0.9854816198348999,0.0,0.983664672415115
COD10K-NonCAM-5-Background-5-Vegetation-4780,0.026746690273284912,0.9732533097267151,0.0,0.9714126801812708
COD10K-NonCAM-5-Background-5-Vegetation-4782,0.06793729960918427,0.9320626854896545,0.0,0.9303966295711161
COD10K-NonCAM-5-Background-5-Vegetation-4784,0.06349579244852066,0.9365041851997375,0.0,0.9348152826707182
COD10K-NonCAM-5-Background-5-Vegetation-4786,0.030639158561825752,0.9693608283996582,0.0,0.9675412671606014
COD10K-NonCAM-5-Background-5-Vegetation-4789,0.004944929853081703,0.995055079460144,0.0,0.9929955918137578
COD10K-NonCAM-5-Background-5-Vegetation-4795,0.04459446668624878,0.9554055333137512,0.0,0.9536005168861932
COD10K-NonCAM-5-Background-5-Vegetation-4798,0.10204886645078659,0.8979511260986328,0.0,0.896399142625683
COD10K-NonCAM-5-Background-5-Vegetation-4801,0.0033551445230841637,0.9966448545455933,0.0,0.9948268189127789
COD10K-NonCAM-5-Background-5-Vegetation-4803,0.054580703377723694,0.9454193115234375,0.0,0.9437199613810803
COD10K-NonCAM-5-Background-5-Vegetation-4804,0.0023696054704487324,0.9976304173469543,0.0,0.9956778500621457
COD10K-NonCAM-5-Background-5-Vegetation-4808,0.005324208177626133,0.9946758151054382,0.0,0.9924950742718096
COD10K-NonCAM-5-Background-5-Vegetation-4809,0.051920004189014435,0.9480800032615662,0.0,0.9461511726915409
COD10K-NonCAM-5-Background-5-Vegetation-4810,0.001586076570674777,0.9984139204025269,0.0,0.9959006806231491
COD10K-NonCAM-5-Background-5-Vegetation-4811,0.0015616616001352668,0.9984383583068848,0.0,0.9959503351411995
COD10K-NonCAM-5-Background-5-Vegetation-4813,0.091302789747715,0.9086971879005432,0.0,0.9071876349341823
COD10K-NonCAM-5-Background-5-Vegetation-4816,0.023604562506079674,0.9763954281806946,0.0,0.9746182182332147
COD10K-NonCAM-5-Background-5-Vegetation-4820,0.09300503134727478,0.9069949388504028,0.0,0.9054345624702389
COD10K-NonCAM-5-Background-5-Vegetation-4828,0.04529714956879616,0.9547028541564941,0.0,0.9529883003236403
COD10K-NonCAM-5-Background-5-Vegetation-4831,0.002825007075443864,0.9971749782562256,0.0,0.9953953394994475
COD10K-NonCAM-5-Background-5-Vegetation-4834,0.0025724663864821196,0.9974275231361389,0.0,0.9956634423702415
COD10K-NonCAM-5-Background-5-Vegetation-4836,0.10850236564874649,0.8914976119995117,0.0,0.8898429176956975
COD10K-NonCAM-5-Background-5-Vegetation-4839,0.030532067641615868,0.9694679379463196,0.0,0.9675434425013922
COD10K-NonCAM-5-Background-5-Vegetation-4840,0.02866174280643463,0.9713382720947266,0.0,0.9692171623164896
COD10K-NonCAM-5-Background-5-Vegetation-4847,0.0032539949752390385,0.9967460036277771,0.0,0.9949266008490516
COD10K-NonCAM-5-Background-5-Vegetation-4848,0.06861045211553574,0.931389570236206,0.0,0.9296843788588653
COD10K-NonCAM-5-Background-5-Vegetation-4849,0.09010651707649231,0.9098935127258301,0.0,0.9082950095034019
COD10K-NonCAM-5-Background-5-Vegetation-4855,0.1072976142168045,0.8927024006843567,0.0,0.8909560616470141
COD10K-NonCAM-5-Background-5-Vegetation-4864,0.0021189870312809944,0.9978809952735901,0.0,0.9960217430671576
COD10K-NonCAM-5-Background-5-Vegetation-4866,0.002928047673776746,0.9970719814300537,0.0,0.9954339912068315
COD10K-NonCAM-5-Background-5-Vegetation-4867,0.0460529699921608,0.9539470076560974,0.0,0.9521489340451805
COD10K-NonCAM-5-Background-5-Vegetation-4868,0.015902020037174225,0.984097957611084,0.0,0.982198618828842
COD10K-NonCAM-5-Background-5-Vegetation-4869,0.029357928782701492,0.97064208984375,0.0,0.9687402267297806
COD10K-NonCAM-5-Background-5-Vegetation-4874,0.004234603140503168,0.9957653880119324,0.0,0.9938952371007969
COD10K-NonCAM-5-Background-5-Vegetation-4875,0.0030276160687208176,0.996972382068634,0.0,0.9949793449815585
COD10K-NonCAM-5-Background-5-Vegetation-4876,0.0018928907811641693,0.9981071352958679,0.0,0.9960071146885066
COD10K-NonCAM-5-Background-5-Vegetation-4877,0.014864755794405937,0.9851352572441101,0.0,0.9832320318111751
COD10K-NonCAM-5-Background-5-Vegetation-4878,0.007278814911842346,0.9927211999893188,0.0,0.9908889791812953
COD10K-NonCAM-5-Background-5-Vegetation-4881,0.007763541303575039,0.9922364354133606,0.0,0.9904629907064401
COD10K-NonCAM-5-Background-5-Vegetation-4884,0.006473910063505173,0.9935261011123657,0.0,0.9916129893444874
COD10K-NonCAM-5-Background-5-Vegetation-4887,0.0021706128027290106,0.9978293776512146,0.0,0.9958990097092083
COD10K-NonCAM-5-Background-5-Vegetation-4889,0.004073119722306728,0.9959268569946289,0.0,0.9941357541282296
COD10K-NonCAM-5-Background-5-Vegetation-4890,0.0941358432173729,0.9058641791343689,0.0,0.9042468579251511
COD10K-NonCAM-5-Background-5-Vegetation-4891,0.004018652718514204,0.9959813356399536,0.0,0.9941700551540321
COD10K-NonCAM-5-Background-5-Vegetation-4896,0.060422804206609726,0.9395772218704224,0.0,0.9378825762390741
COD10K-NonCAM-5-Background-5-Vegetation-4898,0.048565689474344254,0.951434314250946,0.0,0.9495469111926266
COD10K-NonCAM-5-Background-5-Vegetation-4899,0.05570230260491371,0.9442976713180542,0.0,0.9425374902645618
COD10K-NonCAM-5-Background-5-Vegetation-4906,0.08065827935934067,0.9193417429924011,0.0,0.9177084657453813
COD10K-NonCAM-5-Background-5-Vegetation-4909,0.0027452881913632154,0.9972547292709351,0.0,0.9950964035374449
COD10K-NonCAM-5-Background-5-Vegetation-4912,0.009695436805486679,0.9903045892715454,0.0,0.988222484271971
COD10K-NonCAM-5-Background-5-Vegetation-4915,0.004065754823386669,0.995934247970581,0.0,0.9938857160440024
COD10K-NonCAM-5-Background-5-Vegetation-4916,0.017648445442318916,0.982351541519165,0.0,0.9804271663115502
COD10K-NonCAM-5-Background-5-Vegetation-4918,0.015619635581970215,0.9843803644180298,0.0,0.9824889480077157
COD10K-NonCAM-5-Background-5-Vegetation-4920,0.0037272339686751366,0.9962727427482605,0.0,0.9941603134104908
COD10K-NonCAM-5-Background-5-Vegetation-4923,0.046646006405353546,0.953354001045227,0.0,0.9516133903638331
COD10K-NonCAM-5-Background-5-Vegetation-4929,0.0723627433180809,0.9276372790336609,0.0,0.9259625599259098
COD10K-NonCAM-5-Background-5-Vegetation-4931,0.07531236857175827,0.9246876239776611,0.0,0.9230186302490658
