image,MAE,Sm,wFm,Em
1002,0.09179414808750153,0.6258446812102085,0.3006247273702755,0.7685927923238401
1003,0.14815296232700348,0.43112374822032945,0.060910760634677874,0.26056081423963545
1004,0.10312501341104507,0.5490577460567517,0.0871582475173967,0.5538038857337217
1005,0.19152341783046722,0.40602903513543565,0.025626729183784943,0.2536490624338281
1006,0.43251460790634155,0.41905224332875857,0.5457987941181964,0.3695802731068629
1007,0.054796840995550156,0.6196855881792092,0.09682741832878083,0.5928382445933826
1008,0.10531237721443176,0.6719982665097893,0.1891172291655103,0.6213455202834054
1009,0.07263950258493423,0.6424652255629281,0.3471528679236338,0.6254724088850331
101,0.09026512503623962,0.45921772340977884,0.07609757113981151,0.34273760005605636
1010,0.03947124630212784,0.5014111938463269,0.012089940950928316,0.4174971918723967
1011,0.10198558121919632,0.6645835139351484,0.16434119528919483,0.5778258362480271
1014,0.20756687223911285,0.7049175510581696,0.797079780090187,0.6753552277255102
1015,0.060768380761146545,0.6281170738001535,0.2514540828905256,0.7093978910091231
1016,0.19806070625782013,0.4439964496246053,0.20686396112338695,0.40297313062223344
1017,0.06421563774347305,0.5895598895437852,0.22210131705675829,0.8063425753842886
1018,0.2127009630203247,0.7335448071093048,0.7727098055712862,0.6868881526639595
1019,0.039228059351444244,0.6028992343092345,0.1838645572447084,0.4522285893452009
102,0.06636228412389755,0.7482535562389664,0.6593294079314805,0.719134760199237
1021,0.08544045686721802,0.7130991116479652,0.43281585835108927,0.6615648124325113
1022,0.08477223664522171,0.586437390099172,0.39594266967181335,0.4487364083339895
1023,0.04599711298942566,0.4950022690279951,0.07231543154176694,0.4494642786558273
1024,0.07434830069541931,0.7572992016666917,0.40705922469532535,0.7842741713897283
1025,0.312628835439682,0.5828994532970695,0.6021354687722236,0.4821773588812793
1027,0.23171424865722656,0.6029871381181396,0.6359277750171394,0.5340405616044227
1030,0.23429550230503082,0.6295916996744247,0.5833766088790743,0.5875510750837303
1031,0.04063380882143974,0.8748982866689268,0.664454161613215,0.9182560496553248
1033,0.06590623408555984,0.6707786455299356,0.17139185064563164,0.665152675881284
1035,0.022558076307177544,0.8442557719438855,0.4182063811268053,0.7424997209523558
104,0.050476863980293274,0.7833411099045813,0.5306914797982974,0.8941986560199142
1040,0.0736059620976448,0.7478508051476245,0.5142291536440552,0.7807812384955197
1042,0.05033645033836365,0.5513254816255597,0.15405834502587584,0.34313034890451294
1045,0.15001095831394196,0.5509533709933032,0.4872281000072031,0.4893443761005484
1046,0.18540091812610626,0.6822266634588786,0.6985772350157752,0.662662389300292
1049,0.06524703651666641,0.4803423609027032,0.10453033670580586,0.2849347965865219
1050,0.09626435488462448,0.5122967488003225,0.25667981497777015,0.3446614808960645
1051,0.2287406623363495,0.4373519321942176,0.36969597930774317,0.3808491066424729
1052,0.06398717314004898,0.5051491117543304,0.10465523531912878,0.44912958780230317
1055,0.0731232613325119,0.4659578626856752,0.03558931249492102,0.5180795291308826
1056,0.07336423546075821,0.6913441891904111,0.3588384934052523,0.7463916304072786
1057,0.11041668802499771,0.560138198305043,0.2818688306596021,0.6757901739813351
1058,0.09924406558275223,0.582392220262532,0.19694184841708554,0.6964619905876475
1059,0.23186542093753815,0.4787497742477561,0.448447338725317,0.40613923375614547
106,0.06241368502378464,0.5811624148948971,0.07541991280523762,0.5151973746385432
1063,0.07459837198257446,0.8932958380895112,0.8772440043784212,0.8666666332532516
1064,0.09566572308540344,0.4750533183016628,0.1362821312774201,0.3131426884711317
1065,0.03261041268706322,0.8583937289071258,0.6320850410335236,0.8455499361489534
1066,0.05306372418999672,0.6867228442115889,0.26136958309883496,0.7994095546133776
1067,0.13279981911182404,0.6146058211385036,0.4940137846765368,0.5271923443808619
1068,0.12092646211385727,0.5085025606225004,0.3103233303936969,0.40330278313820583
107,0.017143208533525467,0.5253069344868398,0.09056117239751262,0.3087708481602316
1070,0.19811639189720154,0.5919814638320016,0.5032491717810557,0.7217740206296346
1071,0.08011171221733093,0.7436174052537754,0.6048761483188183,0.79407424913713
1072,0.13614928722381592,0.7095464080746354,0.7299594742410511,0.7317774538164535
1073,0.13771063089370728,0.7790217884000548,0.8052029034994251,0.7583596271250127
1074,0.17374975979328156,0.41658150487233314,0.04365595454437659,0.25521884198547384
1075,0.0387684591114521,0.8382997805604124,0.6052498197466953,0.8605579561590817
1076,0.19650597870349884,0.6249157732478402,0.5232840827334179,0.5916349130427863
1077,0.07712598145008087,0.7715592598244457,0.6854531071813837,0.7638064795372193
1078,0.07987794280052185,0.7219059513539368,0.28880722262072556,0.7019890176173795
1079,0.022143788635730743,0.6562977806930046,0.25954926676855744,0.7418276817114909
1081,0.125369131565094,0.48045180678799077,0.09138738149986622,0.7591434914390445
1085,0.0663641169667244,0.7543830660999837,0.614445209990212,0.9107317204600263
1086,0.13816410303115845,0.8459240519529304,0.8576512224837565,0.7959240423378079
1087,0.04268145188689232,0.7217267778560535,0.4659805974974044,0.8403520904395638
1088,0.059422437101602554,0.4615935979469312,0.00021271053253623816,0.30445367456249156
1089,0.015587560832500458,0.9385467049097551,0.7472146353054572,0.9482710645775914
1090,0.1566823571920395,0.4244262905559719,0.03450660301082983,0.2564635680272521
1091,0.11670829355716705,0.703967381979436,0.46556440842694524,0.6957853824971234
1092,0.36229220032691956,0.34741839938671065,0.20653514245554838,0.3237962284846896
1093,0.06280101090669632,0.5851235206154072,0.07772292142106832,0.5176146242451432
1094,0.09344708174467087,0.7697040924531497,0.584852695352299,0.833472081135572
1095,0.09992819279432297,0.8533815959071613,0.7657681179742905,0.8575882440867808
1096,0.16977204382419586,0.6567498556892006,0.6192063138115123,0.5909631979221988
1097,0.0785883292555809,0.5701435557122829,0.0975329104139003,0.46011344278321414
1098,0.025408899411559105,0.8938242237752201,0.6098973926567931,0.8978733931049772
1099,0.1573728770017624,0.43623559152368185,0.18191734462659054,0.2981286297862831
11,0.050846781581640244,0.4942562523637449,0.028255233293680713,0.47841878022716666
1101,0.1569756418466568,0.6011435998700441,0.2115672359833863,0.6422487208595056
1102,0.07853621989488602,0.7987255053670355,0.7598999089417567,0.8309287675072482
1103,0.016388097777962685,0.5024340112354346,0.017385428403054355,0.46023857009059255
1104,0.03609359636902809,0.8967207625490404,0.7154884088408417,0.9361651583704125
1105,0.47122082114219666,0.42652064471505413,0.6300885636993564,0.3705051485397044
1106,0.07188203185796738,0.6087279051864791,0.1508753791008864,0.5677551789857977
1107,0.06497347354888916,0.4847759527402817,0.056503457482826265,0.3086711432527781
1108,0.052571382373571396,0.5360230312868077,0.1030902538477088,0.5961273460119172
1109,0.17988182604312897,0.48768050995146933,0.29483276432405636,0.35787240943652504
111,0.059784822165966034,0.49779340755691326,0.04978873301309011,0.6301074216573533
1110,0.6124389171600342,0.3114127117828635,0.502559232335866,0.23140078660457863
1111,0.03965200111269951,0.9013964410013857,0.6900535608216143,0.9140601148841163
1112,0.10266721248626709,0.6549289074917071,0.3485959571534011,0.7277317016737685
1113,0.0929417684674263,0.7419449667313918,0.45405964138248733,0.7651973994570398
1114,0.11882767081260681,0.6589032643571346,0.6386271269599475,0.6712426471576296
1115,0.031106630340218544,0.7254874406340948,0.3170654847749624,0.7541314462862452
1116,0.10949031263589859,0.6878981714409262,0.26599080336874786,0.657941602586379
1117,0.030176034197211266,0.6955103279818715,0.28028580996845254,0.8138819066392742
1118,0.046364448964595795,0.8976231041287317,0.6686430116326973,0.781031613430762
1119,0.46282145380973816,0.466978078512153,0.658459646045519,0.3683125283584427
1120,0.12710554897785187,0.5346150425110103,0.16088599786711572,0.7305974686325324
1121,0.04194687306880951,0.7684483237836364,0.4623026310151982,0.8807464880936544
1122,0.0759209468960762,0.49872139670114374,0.02809861481477261,0.39563838990503475
1123,0.07923673093318939,0.4882249021394052,0.07527984955941364,0.736203768854288
1124,0.04398678243160248,0.8554932059141589,0.5133533226217812,0.8626063527100709
1126,0.03136211261153221,0.8008951108552846,0.4780007192205373,0.7827072882876126
1127,0.0663510411977768,0.6468408196149552,0.3778069151317014,0.7351660084175993
1128,0.11387661844491959,0.7556167859524647,0.7894375472491163,0.7754117663956855
1129,0.046518996357917786,0.7829810212299247,0.547532557076721,0.8869217490966512
1130,0.18805551528930664,0.40939828599471195,0.03904079461311778,0.25391949630099603
1131,0.09197606146335602,0.640732471432786,0.1614816169409833,0.5455185436756774
1132,0.038707368075847626,0.8652403933051499,0.5838620232190874,0.897211944413348
1133,0.12582658231258392,0.8044323271210794,0.7012764084746897,0.7790803794878282
1134,0.03645792976021767,0.8530972955303907,0.5310183815918328,0.884590139866126
1135,0.055010657757520676,0.6093621577875898,0.12695752625993525,0.6534326164630492
1136,0.21346710622310638,0.5612479812838782,0.5508421479704299,0.5024592340039684
1137,0.03400309756398201,0.8597814975848908,0.6027939871260038,0.9102506299135443
1139,0.18541689217090607,0.6718052233834572,0.5938668654908087,0.6627691603477066
114,0.1222873255610466,0.7864945729943609,0.8054255747009678,0.7711303617517186
1141,0.06365864723920822,0.7175031700896619,0.34929837237895667,0.8521451310986901
1142,0.2734030485153198,0.4867064488699562,0.5761808632885483,0.46207851965646973
1143,0.03471805155277252,0.5702668012313454,0.14136630342299816,0.5580766870000688
1144,0.05536423623561859,0.7709678525097945,0.41021580221812454,0.8400988214195171
1145,0.35217294096946716,0.3654093584254041,0.34744099099604875,0.34720755746492016
1146,0.1485547125339508,0.7580409669547488,0.7582385253362199,0.6867705816343415
1147,0.07792812585830688,0.871227767197511,0.744376687036186,0.7934337595191094
1149,0.03681190311908722,0.9221681915509521,0.6802156575637316,0.8637356913575267
1150,0.04732023552060127,0.8592232766820357,0.47147738787249643,0.7924273942129404
1151,0.5061889886856079,0.4409240645188895,0.6045368347060227,0.3210999000445229
1152,0.04545830562710762,0.6604336830238483,0.19073576989854157,0.7196386211160475
1154,0.08331224322319031,0.4467943765023687,0.010436851343901384,0.5757712002221437
1155,0.3602621257305145,0.569783996791094,0.7049166585595912,0.4893632723518678
1157,0.03916262462735176,0.510230041601093,0.02405390581187779,0.36880109399221966
1158,0.558962345123291,0.3539311137079761,0.5805804235193515,0.26708755369221854
1159,0.2177889049053192,0.6878668802752028,0.7836039314057682,0.656562405586367
116,0.09506125748157501,0.4686100028035449,0.11957884469230481,0.28540403888979937
1160,0.1336732804775238,0.768102836044777,0.8250047220610603,0.7838814174266651
1161,0.25171706080436707,0.5792559328571094,0.5823878456245073,0.49614653125829733
1162,0.22016295790672302,0.7367460993750183,0.8269472190718457,0.6933798139967485
1164,0.025423837825655937,0.9396819997772303,0.783972160190631,0.916683753829822
1165,0.10233759880065918,0.6645176324362028,0.5618815796455373,0.7305251575681522
1166,0.060983236879110336,0.8554539790450715,0.8286642097455685,0.8560999728567634
1167,0.04567349702119827,0.8679606658527392,0.7490964621349503,0.9249716719026305
1168,0.19186702370643616,0.5515005927018806,0.4920411425168054,0.4972763653229334
1169,0.35772448778152466,0.4137011596104602,0.28636152530268233,0.36006792485107386
117,0.03975387662649155,0.6344468643144116,0.23035634226336452,0.6289889361458834
1171,0.08241965621709824,0.8628273842819149,0.7188418034791146,0.8534622873885751
1172,0.10468562692403793,0.8449750767649518,0.8414333666789222,0.8237564485343847
1173,0.2692442238330841,0.4451273799924337,0.4273625461256402,0.38636253311567686
1174,0.0725455954670906,0.7214209570867233,0.28409511685248495,0.6974293170953764
1175,0.2849733531475067,0.569737571652394,0.5759755804385617,0.5707783691818203
1176,0.07269178330898285,0.8774510846455956,0.6385917556099991,0.8390848878951193
1177,0.32046687602996826,0.5746822349730332,0.6707734282421847,0.5257095960210002
1179,0.3292314112186432,0.3398681474637042,0.07912067313647417,0.264193488722379
1180,0.17767634987831116,0.7556304090690309,0.7982191931009668,0.7251297978378854
1181,0.058852557092905045,0.6734521784336871,0.24030060866501207,0.7269904498459971
1182,0.2501094937324524,0.458860637666485,0.42389823897662204,0.4154366630120831
1185,0.1684233397245407,0.45717542503566155,0.3112384672048784,0.3844835862796755
1186,0.22148768603801727,0.4165200194210227,0.009534925320475514,0.2859774063871686
1187,0.191974475979805,0.561542763171498,0.6137964329628789,0.5162169878519018
1188,0.06993190944194794,0.7216395385224968,0.300106455544323,0.7489696803082952
1189,0.3802065849304199,0.5886896275662133,0.6763400219499657,0.46018435838743266
1190,0.16265110671520233,0.6686381093260466,0.7239495924851702,0.6246487490129369
1191,0.10621725767850876,0.5565445967345392,0.27257317157273836,0.5250715134193933
1192,0.24930743873119354,0.5098149875450806,0.5175068041431576,0.44476122433255005
1193,0.14184315502643585,0.4617918413031472,0.24683411912937542,0.3457871238242602
1194,0.6012207269668579,0.2023730289425725,0.05065708245793347,0.251496331866722
1195,0.0925934687256813,0.45849927438301474,0.09062311105243834,0.27453134707202487
1196,0.3643312454223633,0.4445600491327618,0.5273353773665552,0.3976456325494636
1197,0.1545334756374359,0.4761040728443733,0.26413105312070057,0.3897519180445164
1199,0.177263081073761,0.7843092617900029,0.7502676029209411,0.7160716539971164
12,0.1211143210530281,0.7654018529568629,0.5651984417363066,0.7784668203736429
1200,0.10783114284276962,0.8650092039586497,0.8528026554612702,0.8486306185599868
1201,0.3496710956096649,0.38498554557133235,0.31636543811605916,0.3223143088060701
1202,0.3502352237701416,0.4409966801638955,0.5658343258641171,0.4157650971798341
1204,0.06694741547107697,0.7091373211734266,0.37160673045169457,0.821759198217739
1206,0.12048621475696564,0.6893090437655559,0.43245012456871423,0.8162029980040091
1207,0.02230541780591011,0.5262809469159199,0.029827948789373955,0.4458815197954137
1208,0.061827633529901505,0.6384481226823228,0.35918510854241453,0.6546777365301513
1209,0.06838344782590866,0.6846587374837837,0.3191782071099324,0.7664837635941736
1210,0.07518527656793594,0.45958223186017594,0.007209892589579664,0.3202497444427619
1211,0.030610280111432076,0.4781811188219737,0.0005904676853265552,0.4021999178534955
1212,0.12508171796798706,0.7424960059144559,0.3789547889292111,0.7150310074103069
1214,0.07208509743213654,0.5845624510241556,0.16613307545846623,0.5978049670797188
1215,0.10523397475481033,0.5349275976100216,0.10040077207443954,0.4843117239796593
1216,0.09386338293552399,0.6439241339621462,0.30929875972804016,0.6571085876909313
1217,0.22539936006069183,0.6744732677416525,0.684337204752803,0.6101445977315041
1218,0.08594164252281189,0.4694820771513223,0.0333212157825806,0.7514197194620564
1220,0.1771729439496994,0.4947185817750947,0.06467616851212388,0.3875730357825494
1221,0.13343994319438934,0.6010053533054325,0.43751851760148724,0.5616546230975377
1222,0.12719400227069855,0.7677035508896599,0.5414501675030686,0.789363092390524
1223,0.0907922014594078,0.7716548459144752,0.5556233408285585,0.7339144350717601
1225,0.1800229400396347,0.6388878564331285,0.382249370458234,0.7573286827116907
1226,0.12453049421310425,0.7349442630773872,0.563688402261295,0.8165214879167857
1227,0.09139171242713928,0.8903255176827596,0.7916534858551852,0.8638633928849568
1228,0.10003253072500229,0.7471207729910072,0.6183006652888567,0.7854141294928979
123,0.06154255196452141,0.6450460929804287,0.3376165226758335,0.767900807094318
1230,0.18085353076457977,0.6224424656479229,0.6153249217960518,0.6438754784314669
1232,0.07661547511816025,0.6026908158942058,0.3812854986024881,0.668509175582747
1233,0.09496127814054489,0.629487320721672,0.5497295688432103,0.6791903794807082
1235,0.14964495599269867,0.6205151618719952,0.44157138178533595,0.8022456827032066
1236,0.33640363812446594,0.47254022317226446,0.6174208813366326,0.4539294905121726
1237,0.14330683648586273,0.6645424279529407,0.4278042052049761,0.7673825325172132
1240,0.34701040387153625,0.5736195466434078,0.7025375890187808,0.5211367357748669
1241,0.0812479704618454,0.6889839908416436,0.5894963819037877,0.753907307900324
1242,0.07044459134340286,0.7461461243559424,0.3657578707557317,0.7537005666996763
1244,0.1726791113615036,0.4724113873955894,0.40610781316988326,0.3950169777169461
1245,0.11597178876399994,0.6537379524322017,0.3552914629022395,0.76845564706019
1246,0.05007888004183769,0.9173330091194167,0.719463462515843,0.871879960748833
1247,0.2123178243637085,0.6683040354112417,0.7667794814619271,0.6499525187576513
1248,0.06988488882780075,0.7962566405509067,0.6862007654020267,0.8306361941503402
1249,0.022548722103238106,0.8519818334409934,0.570077032302061,0.9159467879031118
125,0.14012177288532257,0.6699582984468269,0.5526172918553793,0.6044179817250368
1250,0.06984658539295197,0.9041859255288369,0.8760553964244555,0.8711346133955571
1252,0.3380027413368225,0.38088336677930335,0.3162621897086303,0.3274370840943807
1253,0.0863363966345787,0.7352878526744446,0.5696907387312068,0.7839816889680619
1254,0.3673165738582611,0.5194717545856289,0.628007455133822,0.4521199088990639
1256,0.19106310606002808,0.40828280606313583,0.05635081350956416,0.259289762264603
1258,0.041666436940431595,0.6660471827744527,0.41460058094911684,0.6368376240768681
126,0.1132773905992508,0.44770481641656046,0.04880493586741292,0.2580991063376564
1260,0.023736467584967613,0.7514958861573376,0.41357704592633104,0.8008740418886549
1261,0.04613605514168739,0.8459152173632623,0.6323297826744858,0.9266152560335251
1262,0.07576586306095123,0.8833962298319256,0.8597037227154258,0.8707139388990643
1264,0.05104739964008331,0.9192728225222506,0.8999784711472476,0.9122470725248142
1265,0.13929413259029388,0.5952710674596808,0.21478468273711968,0.5716456919307601
1266,0.0446486733853817,0.7250082326629441,0.33254922327602376,0.7709701675295191
1267,0.0891149565577507,0.5457084140188976,0.1981022533182787,0.7776236165982219
1268,0.41343799233436584,0.4849969446478331,0.6176505359982449,0.4053758335274957
1269,0.0823521539568901,0.5039721904847819,0.09469188222759237,0.7399833480799476
1270,0.06606936454772949,0.6895543270488813,0.3845770587269026,0.629580971960344
1271,0.05305791646242142,0.7658333638401587,0.539067927475011,0.8643594993460193
1273,0.12099813669919968,0.6645699488514648,0.5912604410267387,0.6817118244783082
1274,0.06831458956003189,0.6029957425436309,0.2959488590184158,0.6840158599962799
1276,0.056159671396017075,0.7278356862084476,0.5930372830895161,0.7049749125293745
1277,0.06689787656068802,0.8036088271613954,0.6871943395856923,0.7863794071625722
1278,0.042071934789419174,0.5075204815827346,0.05145193262828914,0.33257691351637575
1279,0.07918670773506165,0.7552544436879183,0.489749012997493,0.6507652427839721
128,0.03659801930189133,0.7798406974923249,0.49843661932461497,0.8926134510159234
1280,0.06295839697122574,0.7415650859084221,0.4656249439647757,0.8443287564092035
1281,0.05956549569964409,0.8501493408634546,0.7578474745440538,0.786704420990717
1282,0.010026861913502216,0.49732234752230053,0.007377241495960654,0.2591602179388095
1283,0.09849483519792557,0.5686173953070868,0.2507895720363754,0.6076932737857446
1288,0.13697399199008942,0.5327416227709375,0.38743554312205714,0.5375591297978548
1289,0.1623625010251999,0.587936948206479,0.4884932055245391,0.5187005877599379
1291,0.09499885886907578,0.7131070836162601,0.6438522811191942,0.7211422089993246
1295,0.32988792657852173,0.41535536473748763,0.4521640626199348,0.3798721260552338
1298,0.1541544795036316,0.6154950034769222,0.6062211216127973,0.6337944352587912
1299,0.09955760091543198,0.6059746788445044,0.35266499242287463,0.7154074812189728
13,0.1367987096309662,0.4515740431639333,0.09282402610405777,0.48273733218788345
1300,0.049451280385255814,0.47511806038721116,0.020880796520894973,0.3637146762760126
1301,0.12918460369110107,0.6631650559228075,0.4738559807505107,0.720168100093266
1302,0.13626369833946228,0.4373085181684784,0.07761173792774115,0.26797142400320684
1303,0.12489902228116989,0.673476004252383,0.4037461779394805,0.6044392521727225
1304,0.36533746123313904,0.32530640871939887,0.10454702460181584,0.26957673926543124
1305,0.06357072293758392,0.45995769236326306,0.03462476799293344,0.6545531551921513
1306,0.0679418221116066,0.6657811892214052,0.2548609977791307,0.7548524933169066
1307,0.05636858567595482,0.7555219155289818,0.3498021748713159,0.7724069648070632
1308,0.08662406355142593,0.5636332571813663,0.14706319168772616,0.5715634911281811
131,0.03848245367407799,0.8567292981647869,0.6187005336985324,0.9171854708531652
1310,0.052556730806827545,0.629875888756655,0.12050813147197396,0.5433743025340015
1311,0.11699999868869781,0.6137714356903339,0.4259723926244386,0.685653204472729
1313,0.16834720969200134,0.6784595268293165,0.6260948919054696,0.6218613840275558
1314,0.2676050066947937,0.40359013140694433,0.29054670476261774,0.32937678279884675
1315,0.443785160779953,0.2826688727574311,0.07219936659532826,0.255773588232455
1318,0.16256488859653473,0.5365160763573555,0.2717070307698807,0.36115519074279134
1319,0.18411663174629211,0.5064895964668518,0.4675290646133387,0.4233621962456059
1320,0.08387760072946548,0.8342101093771224,0.6171376461432896,0.8748051024806339
1322,0.38980168104171753,0.42812700512538937,0.5458442697034913,0.4020941921340312
1324,0.14666953682899475,0.6181794696921332,0.4215687131926967,0.7698687959678766
1325,0.0715877041220665,0.8693536022021746,0.7762175655809997,0.8531581506217959
1326,0.056957732886075974,0.7863334459887934,0.5849414910764071,0.8697976240082566
1327,0.20817972719669342,0.6406015694340118,0.7387074353949501,0.623644397488622
1329,0.22447726130485535,0.549767024090681,0.436105082064181,0.4293158449251657
133,0.03891528770327568,0.7672550295581327,0.3326549781957584,0.6253567541929752
1330,0.1931336373090744,0.41029640875015494,0.09730065242429671,0.5438920496334955
1331,0.10363437980413437,0.7753121052808207,0.784190060702186,0.7719616946447372
1332,0.022554675117135048,0.7168712256118208,0.34429337550693445,0.7975344458867283
1333,0.11265723407268524,0.7258292716854058,0.6132129916727922,0.729118627898509
1334,0.140914186835289,0.5937101680766705,0.3829359411758553,0.6601723584793815
1335,0.15502680838108063,0.5890955944432581,0.33951996425172537,0.7568086458926582
1336,0.2029934525489807,0.49083048765933995,0.41354352324293464,0.4320057754969434
1337,0.16582109034061432,0.45692045150065413,0.1016255806091986,0.7891367075495723
1338,0.14401187002658844,0.6918157799291171,0.6084645135919104,0.6245530536739204
1339,0.088340163230896,0.5154255669138489,0.19244526126200054,0.8151033412326577
1341,0.1889767199754715,0.5542916807778061,0.40366713500048285,0.5196641717875001
1343,0.04196929559111595,0.5529946815225898,0.027772690324297796,0.4452528650028408
1347,0.16828781366348267,0.7563515331317743,0.8232339227847708,0.7387140508596142
1348,0.07393599301576614,0.5516232714891289,0.39658292124328276,0.47361472885793077
1353,0.27552080154418945,0.4982216569609046,0.5519108680935858,0.44670997462826306
1354,0.06671912968158722,0.7433774146035446,0.44796702154769713,0.8029343904383686
1356,0.19961684942245483,0.5837215405220817,0.4503023835999324,0.5641333209624118
1359,0.07912597060203552,0.7149584403099436,0.6785022802344113,0.7049902011654324
1362,0.03843719884753227,0.7814425316978579,0.6365011279729611,0.8002443888895232
1364,0.03634001314640045,0.5677728259681006,0.08674217855719915,0.49162966910868433
1367,0.09801645576953888,0.7331205692877734,0.49288098581746953,0.7966372532752843
1370,0.06465356051921844,0.7288870279571142,0.4194781068285762,0.8386387029348863
1371,0.10706169903278351,0.570508859820227,0.309688756109869,0.8096621302974563
1372,0.044285766780376434,0.7074775302354692,0.34342684615888375,0.7554805927929035
1373,0.07772932946681976,0.65197183827162,0.32141903645178893,0.7702253874265477
1374,0.03149454668164253,0.5617029797322082,0.10028468851564512,0.7107524747676124
1375,0.1204722598195076,0.577006103915727,0.29693805071758533,0.7405219699816903
1376,0.05940116196870804,0.848393182288562,0.5275423604712364,0.8705312005619785
1377,0.03944794833660126,0.7034846387371279,0.4686150655524382,0.9007443240461531
1379,0.14229819178581238,0.6099177135807652,0.25802645935956436,0.6771092944946586
1380,0.06744567304849625,0.6964420593699576,0.2594509734537923,0.6437763238577588
1381,0.09647100418806076,0.695322858972186,0.4234231460158913,0.8159799390799078
1382,0.13359707593917847,0.6687697825262325,0.2867490865589425,0.6984543901342352
1384,0.07412724941968918,0.5702160071657956,0.21362320141071722,0.6456295359225085
1385,0.08171015232801437,0.7947566610861336,0.541921680430906,0.8017011469207229
1386,0.12243742495775223,0.7693041051699099,0.826073533887492,0.7689568633976909
1388,0.02288467064499855,0.5244551564115971,0.05482110994366388,0.3449672605976111
1389,0.05255196988582611,0.893816119027183,0.7376398204813598,0.8849817678951025
139,0.061757028102874756,0.7596064156390058,0.3925012393832591,0.7918732212176919
1390,0.07638533413410187,0.6433179798847203,0.3920896906052038,0.6090569175177235
1392,0.3135724365711212,0.45728630075146065,0.4781465054563363,0.39679531613865937
1393,0.05228659510612488,0.6091567608312636,0.20381749428872561,0.6967806214121472
1396,0.03765636309981346,0.4856993701981084,0.024733998311569427,0.2575489533695623
1398,0.03416256979107857,0.4914395475463577,0.05413471430510542,0.28949935744117905
140,0.048148829489946365,0.852011867584151,0.589554516244981,0.8753464654762843
1400,0.06715837866067886,0.6853036775068209,0.29701064671961086,0.8101760640481968
1401,0.048507820814847946,0.635993302535436,0.41626015869415445,0.5776809124963513
1402,0.18609759211540222,0.42847463293165927,0.2142815601278616,0.31081265945787256
1403,0.031650323420763016,0.9373787193677954,0.8523380281511891,0.9391901953816515
1404,0.13414008915424347,0.6941654946708763,0.41579651672108575,0.7841065750337294
1405,0.1353776901960373,0.6266272852487191,0.2144095031969065,0.6185078450941215
1406,0.10315906256437302,0.6733679782444659,0.37583769491592656,0.8040317461882273
1407,0.058182328939437866,0.7284918670111595,0.40738774682275825,0.7132253771868229
1408,0.0974099263548851,0.7198931862164283,0.4282817680784242,0.7938829647733876
1409,0.08293314278125763,0.8284685415001609,0.5184369390003567,0.7027599614582535
141,0.05697424337267876,0.6465743023922037,0.39746878902442434,0.8766082254877074
1410,0.1166454330086708,0.556594152870111,0.21675604568437523,0.7376490541404224
1411,0.2107122391462326,0.5488388385893976,0.36578476894962586,0.46677812033473187
1413,0.21901844441890717,0.6122075677885743,0.5009107937070002,0.5657737540245432
1414,0.09986762702465057,0.6687193964966156,0.4416660254169323,0.7010995141663402
1416,0.05885960906744003,0.6332185032971631,0.20727356936194663,0.6037417646801279
1417,0.14929673075675964,0.5462682015163015,0.2341326942066646,0.6881267161771882
1418,0.12792475521564484,0.8177363749634878,0.7145054048668478,0.8285200467414655
1419,0.09373445808887482,0.8081123049168377,0.5947546005223407,0.8234935986739913
1420,0.3642220199108124,0.3284367313156609,0.1553543335420833,0.28083508018518555
1421,0.10090514272451401,0.8082489113163107,0.6844864887173667,0.8583936002229985
1423,0.09492970257997513,0.615158638480253,0.21143749363263817,0.7053817857232664
1424,0.10410917550325394,0.706624008955696,0.27438563975039154,0.6718783466577278
1426,0.04692474380135536,0.8713657959669902,0.654332552854002,0.8888742190497998
1427,0.09303583949804306,0.6773104326095454,0.3165982463523617,0.7485195720120276
1428,0.406664103269577,0.4165587025748744,0.5040446329413475,0.38338016535672204
1429,0.0629151314496994,0.8257798914918517,0.7558891205153297,0.782738691195078
1430,0.12838304042816162,0.6638025972786492,0.6557268394978947,0.6413278191637253
1431,0.0877542644739151,0.7025477966710381,0.29061217152254126,0.7524066847222168
1432,0.21363307535648346,0.42120422961315024,0.27741745506704746,0.3354168390505565
1433,0.12557131052017212,0.6340382247679556,0.6160845136936622,0.6209451432717088
1434,0.2667306065559387,0.5907223882128979,0.5208150340647102,0.4585740981870156
1435,0.1744343638420105,0.7060900269665749,0.7349762881400315,0.7041101009414684
1437,0.29201406240463257,0.42516959287094525,0.41255229628620893,0.3770886258581546
1438,0.12596382200717926,0.7225056840978841,0.6230897592497092,0.8059034150892639
1439,0.14802049100399017,0.7821112494435118,0.7979040995690061,0.7603464904666875
144,0.24795711040496826,0.657897512568689,0.714878560069923,0.5912613859914201
1441,0.09500990808010101,0.8839475609204259,0.7443278964185934,0.8610886903821079
1444,0.04526090994477272,0.8452555036843485,0.5296321866633533,0.8436518300266879
1445,0.2394026517868042,0.4592502707924154,0.3663732955110661,0.3739227540107011
1446,0.6693097352981567,0.1693387549005046,0.05074714009052492,0.25134220568105464
1447,0.05089902505278587,0.8597648623695799,0.6542261283683642,0.8608520011560039
1449,0.1269824057817459,0.5988284010914551,0.5196509341619459,0.48784721460772257
1451,0.07584530115127563,0.8186922312509965,0.6741560552559351,0.8223573462617688
1452,0.2901356816291809,0.5905137780010039,0.6499684850499846,0.5335810465209188
1453,0.14562739431858063,0.49714963628571196,0.15522311517249232,0.7200254425466753
1455,0.2564482092857361,0.4004472647684925,0.24630161038055867,0.3191480508632072
1457,0.08428627252578735,0.6653488858208907,0.5248245676643786,0.6054923006561503
1459,0.184731125831604,0.5146508442908635,0.16976053808850858,0.6562896531904214
1460,0.08250784128904343,0.7734757078460156,0.5404667581106992,0.7983484125186973
1462,0.12400162220001221,0.8026006799545186,0.7605855346620396,0.7899645260314413
1463,0.06852977722883224,0.915435531486013,0.6936497854356305,0.871394257669643
1465,0.30611351132392883,0.35136705226196435,0.05561563661400877,0.2567919049930896
1471,0.2798907458782196,0.6268833750130313,0.7424817620042462,0.5723087430972916
1473,0.10727721452713013,0.8171764988110186,0.6718186711319899,0.7409950811959363
1475,0.057106390595436096,0.7691922411460264,0.3780040221644646,0.7793351602612861
1476,0.1343875378370285,0.7938872117251465,0.7577997953952458,0.745105198235032
1477,0.09861644357442856,0.6601110691700864,0.44738202248596737,0.8203803858397883
1478,0.09046618640422821,0.5103687640643543,0.08209982559162368,0.6985548184760182
1479,0.03879313915967941,0.8548175215847731,0.5365333498352091,0.8845643610760509
1481,0.02276136353611946,0.700226375868769,0.30407782587135945,0.8574869916305634
1482,0.08319135755300522,0.8804563520097425,0.7043732089148234,0.829666336911298
1485,0.02359740063548088,0.7481073133291591,0.33473172013489766,0.7332924957001283
1486,0.06223265081644058,0.8697122597416946,0.742743119086706,0.9017318567543078
1487,0.4620177149772644,0.32305568031368703,0.3623534655341094,0.31696076318112754
1488,0.054716773331165314,0.7091271249573783,0.3196911631391132,0.7211164868081308
1489,0.06805388629436493,0.6305979131449255,0.1739089655858243,0.6612910390577351
149,0.046693090349435806,0.5386517012296004,0.23903582676696813,0.44062436804471283
1490,0.06624056398868561,0.8872690891524855,0.7897812108354961,0.9140539689956493
1491,0.15204095840454102,0.5240636255249197,0.18113925613876272,0.7171977472271053
1493,0.05786465108394623,0.8268096143199493,0.6102456614293637,0.8738437113310692
1495,0.05537698417901993,0.852480502027695,0.7148884774784549,0.8700694582835211
1496,0.222378671169281,0.4961173685775313,0.39797852161297076,0.3926311769160836
1497,0.1301528811454773,0.6235254843836977,0.44583826623428696,0.5998433945889514
1498,0.07569266110658646,0.5952496052365177,0.19026365109612078,0.5620015535952279
150,0.135708749294281,0.6944739062811975,0.675211422036654,0.6159453591627954
1501,0.03315436467528343,0.7782114184889495,0.45284941843687637,0.8611747197501716
1503,0.12324105203151703,0.7091989473859456,0.5514139504577883,0.6313621902333177
1504,0.23701751232147217,0.6083958554703425,0.6411569848078209,0.5545009837849986
1506,0.051325999200344086,0.8434942200384072,0.5630239051000195,0.8891236905823319
1508,0.10642027854919434,0.664902240869252,0.2679969969800013,0.7264295292364841
1509,0.067634716629982,0.4698247416975785,0.03452417990948387,0.25678566669717806
1510,0.01731293648481369,0.7894698453858342,0.4276722750125358,0.8436471783403534
1512,0.06137451156973839,0.7248615185042554,0.6378814194867001,0.803657078306401
1513,0.02693484164774418,0.725701867441648,0.40646486431165335,0.8346565416243068
1514,0.6551056504249573,0.2160109546592953,0.33100752168403075,0.22099152401029926
1515,0.23093098402023315,0.5572114480355586,0.5614261074581743,0.49477900092673316
1516,0.05914611369371414,0.837892894512152,0.628716035358118,0.8711548505013096
1517,0.06917286664247513,0.583851756243924,0.1640395966687368,0.549679608336447
1518,0.16378465294837952,0.46400075050576867,0.2412224777665765,0.32845555470839455
1519,0.023892609402537346,0.784150106328357,0.4348274240229512,0.8711719076121076
152,0.13915066421031952,0.5796737376360198,0.3988279560589935,0.609555448474247
1521,0.038505669683218,0.5891889054166284,0.20370920266096162,0.6107825967842372
1522,0.08877507597208023,0.7544491011502945,0.5939798363667906,0.6323503267807322
1523,0.3832232356071472,0.4305938042176274,0.4894077285324246,0.38914135525997745
1524,0.17559054493904114,0.7225353452798451,0.6043721309808531,0.6942632406007798
1525,0.054969776421785355,0.8423978510835766,0.6144840883405773,0.9093135314269547
1526,0.09609609842300415,0.799449228195978,0.6096209041826076,0.8623726666765398
1527,0.03789716958999634,0.7121495997522271,0.2833875534706869,0.8290851728867097
1528,0.06747165322303772,0.6321029515954468,0.2090913560804063,0.6548962931342246
1529,0.034355297684669495,0.7293924423615246,0.3595890401932545,0.7872568035735261
1530,0.06018967926502228,0.8909598778983128,0.6908481597146112,0.8849153185438715
1531,0.028882667422294617,0.7941337671411147,0.3841602182690052,0.6617465993051275
1533,0.08669488877058029,0.7523410160283233,0.5336571803671798,0.7795873232143578
1534,0.10415305942296982,0.694915840762854,0.5323777938651176,0.8423314189039139
1535,0.08113579452037811,0.7501980362368975,0.43621115208944894,0.8463612073691276
1536,0.1407059282064438,0.536423565006541,0.38702896933779535,0.46405733810452465
154,0.04712583124637604,0.805143797382339,0.5522778923169385,0.8418251724326002
1544,0.18165074288845062,0.41286400176632865,0.05550847771275007,0.2584721048775842
1545,0.08287624269723892,0.8097529411468805,0.6322171607494896,0.8652872655354071
1548,0.13586744666099548,0.5517221631162443,0.221900808856725,0.6096078284880228
1550,0.0753132626414299,0.7982354574767125,0.6034659864767509,0.8002245107708861
1552,0.15514600276947021,0.5165009065152519,0.09843204036654667,0.5116552949691486
1555,0.15924379229545593,0.6827100440418875,0.40435493205256895,0.7488504088238838
1559,0.30808570981025696,0.49266620565911146,0.4303284762281487,0.5197002043418951
1560,0.23504424095153809,0.5683275438782677,0.525045382139349,0.6634767620601634
1561,0.10276056826114655,0.7910303216144774,0.5490373935052896,0.8063966691036414
1562,0.11699338257312775,0.6321379710943071,0.4980679487501434,0.666057747356731
1563,0.038589298725128174,0.7532265358796726,0.36100252499911184,0.772870618207907
1564,0.06735727190971375,0.5054107973727728,0.07451867138192178,0.3453245118907152
1565,0.10339730978012085,0.8778551757641189,0.8716280365581325,0.8418569090340229
1568,0.12573875486850739,0.7454371824489178,0.6438140028533686,0.7667210175573762
1569,0.09515583515167236,0.5185413279853144,0.254565631096647,0.36766929025880235
157,0.0547778457403183,0.5790366171629279,0.2542793894381576,0.4700614221536046
1570,0.2991250157356262,0.5533831961372263,0.3575417046642282,0.6566497709984005
1571,0.12114116549491882,0.7640257491574425,0.5129862941401099,0.778875952276697
1574,0.2973976731300354,0.5456379461435914,0.560220948524323,0.48987271394208876
1575,0.23433169722557068,0.6669129887882361,0.761965953834775,0.6312742197923253
1576,0.18483605980873108,0.6673080908829818,0.5058410158522231,0.7349783771520721
1579,0.051648806780576706,0.7365933806730062,0.3914843196194266,0.8478422823434744
1580,0.12003188580274582,0.6167524152122498,0.5140694609063126,0.6459154462268866
1581,0.07244940102100372,0.47383300575172393,0.12243529947930337,0.2915496969750683
1582,0.11166336387395859,0.7817427654395661,0.6105474484440869,0.8198975973727088
1583,0.13633009791374207,0.7479733086965183,0.8093439379567241,0.7494240329691113
1584,0.12917587161064148,0.7234626356083298,0.38675013308314343,0.6128365318678755
1585,0.6482853293418884,0.2709578129999733,0.5140207197092573,0.2058899575906979
1587,0.4484279453754425,0.44656772584471083,0.5973968972107251,0.37552373330814365
159,0.35987645387649536,0.524161843189827,0.678280756441013,0.4645906262956543
1590,0.3751274049282074,0.42658331504884256,0.4628936696943384,0.38459576181729516
1592,0.16973094642162323,0.6607321046764587,0.6340926486285249,0.5964246264856323
1595,0.2557826042175293,0.48583827553411896,0.5354048874873188,0.4596650974496318
1597,0.18954384326934814,0.48815759679886583,0.3066108235483706,0.47351811812921696
1599,0.27674800157546997,0.6120582391159072,0.6475068538101368,0.5747687850625649
1600,0.41518262028694153,0.31960872334552104,0.2583748299224291,0.2955105984053611
1601,0.3140324652194977,0.4552865522591952,0.34900628341927226,0.6105527249733651
1602,0.18785123527050018,0.5302230008025317,0.2968546307974144,0.5175368716776014
1603,0.4032840132713318,0.33869335882866525,0.30461329572010154,0.316932672192918
1604,0.09706714749336243,0.6684271547258702,0.36313032370442416,0.8324788476293532
1605,0.5177427530288696,0.28147276585355896,0.3567315041696772,0.2939005408682155
1606,0.40259772539138794,0.3643741197812709,0.28490544050375183,0.3089250445489402
1607,0.35557350516319275,0.3287426655971362,0.20906996553621307,0.3975133560708027
161,0.12247755378484726,0.48364242063260326,0.24994932693455088,0.36326318170785155
1610,0.03750479593873024,0.592382556009907,0.11321221785724482,0.5233705291809064
1612,0.1095697283744812,0.6767810512578459,0.5094367134480309,0.6718304812818112
1614,0.061952248215675354,0.49908210032945166,0.24563300423604523,0.3469665591047769
1616,0.12351255863904953,0.7156613437732009,0.7228461932461099,0.6805022560546754
1617,0.16120968759059906,0.5539025429562603,0.5438225705703779,0.5000376427765038
1618,0.34578919410705566,0.3290955212610904,0.1087118234916024,0.29154704716330754
1621,0.09402584284543991,0.7240636773189075,0.5930801916540427,0.7400996355442697
1623,0.1282283365726471,0.5124525299242038,0.17941906626816898,0.5027088565876655
1624,0.13404157757759094,0.6411899606143061,0.48195946439154685,0.7823031075530829
1626,0.3521432876586914,0.2976011437302556,0.04558827869474801,0.30404277726868845
1630,0.3852219581604004,0.37042807695656244,0.297474914962425,0.4314908144813189
1631,0.13262324035167694,0.5045531069249332,0.10363714492719825,0.6468322350327459
1632,0.14952096343040466,0.6127665093288898,0.5251124731233839,0.5294972897787786
1633,0.46592581272125244,0.442363142722911,0.5411738513535195,0.33997016369783734
1634,0.19185280799865723,0.440429388715959,0.115259158952379,0.4839881084375964
1635,0.15109768509864807,0.6445961239782,0.4626128470236476,0.7312638649369277
1636,0.1270827353000641,0.6598620603422511,0.6149804618623842,0.7908374739826269
1638,0.043104514479637146,0.8585372963862299,0.5102055389710946,0.8337655025771618
164,0.018768763169646263,0.8646879327503818,0.5268161617162573,0.773152050014222
1642,0.056957706809043884,0.4609748557840434,0.004836014900223516,0.6820194384336244
1643,0.0480264276266098,0.585884404867308,0.11791799133883298,0.6997515075939658
1644,0.05521102994680405,0.4804784200809489,0.05306565860805653,0.2658506564419193
1645,0.090357705950737,0.6527360145371139,0.3957381990833232,0.7749817191046402
1646,0.33912625908851624,0.4891146740094718,0.6344588997773276,0.4795118814338104
1647,0.06856879591941833,0.6339609467976843,0.1669506028446051,0.5792764560744215
1648,0.053275737911462784,0.7394983366421926,0.33567747869158837,0.8264983019738464
1651,0.033933088183403015,0.7396960340865544,0.3291720798983055,0.8232813020119728
1652,0.06528127193450928,0.7650405175441124,0.6136624458930044,0.6732086713577285
1653,0.0477055087685585,0.8044279859577332,0.5995766639024873,0.9040251306089515
1654,0.1919950395822525,0.6260440897664898,0.4678004710227156,0.6991143058096293
1655,0.1118844524025917,0.7398856829495084,0.5825671089576752,0.735319574531135
1656,0.04704718664288521,0.9264771442802612,0.8170526258914419,0.924408285437172
1657,0.28368139266967773,0.363883723961102,0.07865288270235184,0.26142492273381235
1658,0.03738650307059288,0.8657794917484591,0.6463531851597671,0.8853752636433598
1659,0.028646722435951233,0.8786990805587793,0.5631944485757603,0.8947306929664007
166,0.03586317226290703,0.7725704861782177,0.6264543363826908,0.7957689136001291
1660,0.13111069798469543,0.5311500209317827,0.2057842531596229,0.396283302283736
1661,0.1298060566186905,0.6398626620533533,0.3877711341477419,0.5101213264346698
1662,0.043022558093070984,0.8734080334458492,0.6733043273798448,0.9128132386667513
1663,0.07381357252597809,0.7745967337944977,0.5918471695138301,0.840342129303589
1664,0.193714901804924,0.40667701021200464,0.03248267279276681,0.2530835123601733
1665,0.07369901239871979,0.8782059451060463,0.7779245410483402,0.8425292235864983
1666,0.05389044061303139,0.7128306309026899,0.349971319498239,0.8146238429770796
1667,0.04916505143046379,0.9314604000870922,0.7941197330065409,0.8890058892791153
1668,0.0589129813015461,0.6362397699481933,0.24484556310272945,0.6613599998916604
1669,0.130977064371109,0.6702834481242484,0.3000545663835044,0.732349288987725
167,0.1323598027229309,0.5866507346757884,0.4522888093572529,0.5977492719356582
1671,0.027657417580485344,0.5704649389031667,0.15268316920060804,0.4436854612887582
1672,0.08561070263385773,0.6642181453786663,0.2446085840448721,0.6732103984036539
1673,0.07628797739744186,0.7740029310092482,0.6170393997552893,0.8742091421222788
1674,0.10591467469930649,0.7804246462354945,0.5300187330970921,0.7676232945364667
1676,0.04556429386138916,0.6432274776507132,0.32917366229591216,0.8414799089215922
1678,0.06319515407085419,0.7219643201819745,0.30410801365143253,0.7333653362143941
1679,0.018271399661898613,0.8073098065943769,0.4329329922323008,0.802870949513761
168,0.030457735061645508,0.5333991980752628,0.04348493879431665,0.7283606394108235
1680,0.0269724540412426,0.8917757399615871,0.6805460159610164,0.9441147403526
1682,0.06475402414798737,0.826712669882242,0.5032368968689693,0.7288676421781242
1683,0.0972035750746727,0.6360031778130776,0.16168781784744907,0.5696460095225886
1684,0.10588592290878296,0.7866502846856815,0.6053216695950306,0.8544338838942431
1685,0.09035138785839081,0.8046747101864032,0.5485237208926824,0.8403730542735086
1686,0.07614432275295258,0.703262685616844,0.5430850262712213,0.6591667811973547
1687,0.10262516140937805,0.761986038581155,0.611857588595637,0.7588984008708448
1688,0.1112474575638771,0.7646512289394167,0.6034181932829619,0.7340803090848195
1689,0.012299438007175922,0.5068658408196933,0.019012508417544642,0.43219464115865525
1690,0.04521404206752777,0.6651910844436704,0.22378565371792725,0.6860197581181158
1691,0.18096208572387695,0.6445834342227539,0.5725242757831892,0.7076956801014366
1692,0.11424073576927185,0.7734498071622367,0.6663296570319671,0.7099040200122424
1694,0.03659277409315109,0.5585364002196631,0.08147004880583399,0.47001026477776586
1695,0.09800652414560318,0.4603695767040426,0.10890569733251847,0.27765632374127225
1697,0.018127668648958206,0.4959065380321694,0.004656530144294173,0.27421543620775884
1698,0.024923590943217278,0.8658922494201031,0.4491048500559449,0.8258243774533106
17,0.09750307351350784,0.6402531135174503,0.17447822454395384,0.6165221261344838
170,0.11360052227973938,0.6216673594077698,0.3219623921673333,0.7728936783560163
1700,0.0766986757516861,0.7825843131795762,0.7516350915961735,0.7695298484571168
1701,0.05311468243598938,0.7320182523903522,0.5824201559030298,0.7938253261621373
1703,0.15734654664993286,0.42251212530535437,0.013973721205246174,0.25137406162971954
1704,0.0982179269194603,0.8295943521934179,0.5314717782139984,0.7319914307922268
1705,0.02441876009106636,0.6577159607308181,0.24507378430287077,0.554590203532054
1706,0.08536965399980545,0.720119914957623,0.3215237890458741,0.739672869497662
1708,0.08952979743480682,0.5081426066843442,0.17541191333336212,0.5067800154634816
1710,0.07183448225259781,0.7118262904648216,0.38118124991499275,0.7748255452936361
1711,0.29790198802948,0.47691146911504645,0.5613385768959861,0.4427486603282424
1712,0.10700589418411255,0.7963317389163626,0.6362908112236926,0.7841717621267464
1713,0.09367120265960693,0.6094010124708626,0.22237196118918548,0.7374237261525248
1714,0.052276574075222015,0.5387939629113182,0.0742497390758154,0.4637198802009831
1715,0.07967541366815567,0.4917052076018656,0.08939942775050451,0.4171209255520357
1716,0.10139510780572891,0.5877966473337656,0.22937984555723678,0.6047470889230877
1718,0.03225432708859444,0.7451719617009545,0.37631661176821135,0.8005685400379772
1719,0.0750918835401535,0.8387977117170774,0.636803431293595,0.852006046619298
172,0.0570286400616169,0.45527791754342517,0.0008567528605056717,0.7048094479622439
1720,0.11356393247842789,0.8589454444819992,0.8383962030209605,0.8056739809529921
1721,0.25432002544403076,0.5162061240209141,0.6231842520894397,0.5011686871188348
1722,0.10892835259437561,0.6834559515971903,0.21622405877752426,0.6142412515150277
1723,0.13896998763084412,0.710163454734283,0.5823508210524345,0.8029726624279729
1724,0.07209324836730957,0.5541378294954081,0.12096326721143347,0.48981468820953833
1726,0.10143060237169266,0.6796498805129487,0.2635182621522047,0.7318459081768338
1727,0.13612574338912964,0.5389295128113314,0.23452415921734812,0.6574219248361228
1728,0.07194473594427109,0.748720843140257,0.460764072724186,0.8299343116778327
1729,0.09813866019248962,0.6800216024184005,0.43349900477307973,0.6968780344773102
173,0.08572389930486679,0.5528668756074836,0.21365839676272264,0.6410161720825446
1731,0.07951302826404572,0.7701924863385737,0.4190453772978175,0.7821609027235783
1732,0.13457287847995758,0.6646754909883266,0.4522418022331783,0.7859453930239144
1734,0.13102252781391144,0.714798133817012,0.6885311362772124,0.7216337174604093
1735,0.04191755875945091,0.8578672260162024,0.6168960294363626,0.891364349998921
1736,0.14378926157951355,0.42257697551805906,0.011114826543526808,0.27468930243702067
1737,0.07987876981496811,0.7256871760271355,0.36452190336423873,0.801244306769807
1738,0.17695015668869019,0.7867507938388023,0.7945248133439045,0.7408334508887394
1739,0.08140111714601517,0.9100799681972482,0.8076762581209918,0.861508090669277
1741,0.07275352627038956,0.881382653903324,0.7125108597540184,0.8667772616125704
1742,0.09786339104175568,0.8320085945274228,0.6713876310932775,0.849267255881287
1743,0.07573538273572922,0.8508512794691614,0.6754999831186743,0.8804442482840478
1744,0.06209249421954155,0.8251684621432633,0.7636940068189999,0.751980820892207
1745,0.06882870942354202,0.8082556887022878,0.572150505691356,0.8289053711982126
1746,0.04353557154536247,0.8867867901114144,0.637015698216541,0.9042369412471843
1747,0.06632576137781143,0.9045905290527352,0.8463576620898856,0.8724615546014263
1748,0.2744465172290802,0.5896945674761939,0.6842214267965113,0.5347035341126959
1750,0.09282893687486649,0.5949307164961647,0.15264430531570883,0.687522529022768
1751,0.0831039771437645,0.8249969687817372,0.7829459376885439,0.8697424249385297
1752,0.12240088731050491,0.5054085676653385,0.19884362964606794,0.6658704518514792
1754,0.14545612037181854,0.5217706453392054,0.24293497760144941,0.7746055073937939
1755,0.081303671002388,0.7465450336342094,0.2864114947648786,0.6763247988858976
1756,0.2341555953025818,0.5916533383007307,0.37842766152940255,0.5128297583472768
1757,0.11642105132341385,0.786075477603631,0.6121254839179496,0.8357682636312146
1758,0.12433928996324539,0.7066494108281958,0.5760606657899829,0.7530522416170295
1759,0.21900828182697296,0.6125391753623115,0.5880068940216313,0.6221256863065142
176,0.12052001059055328,0.5659994611775324,0.2552223255259003,0.7919802472956254
1760,0.1076253354549408,0.6904145166986383,0.3839623401861215,0.8135659247314593
1761,0.030148105695843697,0.6358939669271695,0.20021440211748456,0.6282970142081667
1762,0.1703723669052124,0.6330650418308041,0.25354999291803687,0.6519779648539753
1763,0.1442815661430359,0.4294263331241946,0.015252849666578009,0.2968309504624731
1764,0.05806877464056015,0.7675751897156309,0.4687732503172375,0.8898975804809804
1766,0.10406772792339325,0.8779265329708155,0.8492002754977849,0.8420124058511562
1767,0.08875645697116852,0.8422209510429507,0.8001895669284264,0.8481929224947946
177,0.1937175989151001,0.4524649820775571,0.29923677417664235,0.3882790487347523
1770,0.17764587700366974,0.4338357438034234,0.07871246832894561,0.7320943684945657
1771,0.07130437344312668,0.889233596972554,0.7157958203295577,0.8873161581657079
1772,0.13884276151657104,0.6125129059985128,0.24572168910244288,0.6026805980142966
1773,0.17305757105350494,0.6128960763089544,0.6793761926123231,0.5791181596796963
1774,0.05092521011829376,0.7669427291216229,0.3566226434910813,0.7748508479043539
1775,0.054642610251903534,0.7786112820890636,0.4368453819093403,0.8314742924721464
1776,0.0698416531085968,0.757916007666795,0.6233928918183642,0.846120107443268
1777,0.047128673642873764,0.7703759457673893,0.4526013429349746,0.8246637818027548
1778,0.14016249775886536,0.6972386567959017,0.3898058079514861,0.7333974999528478
1779,0.06281542778015137,0.8908338537161565,0.7673538367800307,0.8754084651787367
1780,0.10244932025671005,0.6872602810214007,0.6186101662663882,0.6378967301668483
1781,0.0539599172770977,0.7799583203428684,0.4280997038588306,0.7718702730592846
1783,0.11139214783906937,0.6102719710008733,0.48551814687610345,0.8013234971165251
1784,0.11922250688076019,0.43462788664424507,0.014177421461022872,0.5201124201928932
1785,0.08597846329212189,0.8434134009502767,0.5771154668584719,0.8427467770225011
1786,0.10889634490013123,0.49284188581137695,0.12226262625267677,0.7859792914032622
1787,0.13734228909015656,0.8085286030792587,0.7481754202485338,0.797778490910477
1788,0.04549887776374817,0.8503580842719138,0.5105348893343871,0.8450530282491047
1789,0.04113559424877167,0.8512444779977604,0.5915332736732112,0.8859401577983557
179,0.16642948985099792,0.616390818899878,0.6112261592769662,0.6680340934996463
1790,0.11792539060115814,0.8060641825681423,0.6531781016247724,0.7960806595164454
1792,0.0392439179122448,0.9390913382308452,0.8381498751716097,0.9382734729396998
1794,0.08027579635381699,0.4375871173253358,0.009504412184689075,0.6324993990984071
1795,0.17261555790901184,0.41573746217270996,0.020637015203986555,0.2514045647693828
1798,0.04690568149089813,0.5762240666863627,0.12957580343509717,0.4919910258188269
1799,0.14177975058555603,0.6777796463099127,0.3811095839044654,0.7688728966760323
18,0.15989260375499725,0.4465821913148456,0.052247335257959285,0.3657845495244323
1800,0.2931523025035858,0.48087216734184024,0.48856094789417615,0.4050595649889436
1801,0.13990066945552826,0.6681338370775023,0.5907812784210712,0.7551728409086483
1802,0.1280331015586853,0.8310203164073732,0.8776148533922729,0.806767498280551
1803,0.1751023232936859,0.5615194277271739,0.16754169473605454,0.6188422872966319
1804,0.08590267598628998,0.8081262353443839,0.5158008336321925,0.8256610188364224
1805,0.1663925051689148,0.7177745189723188,0.5745241029924921,0.7233577247863703
1807,0.08303993940353394,0.6828329124975014,0.4509843322895969,0.7943226726672991
1808,0.08856271952390671,0.8394001928072945,0.7685150491380781,0.8236187708719982
1809,0.042907506227493286,0.7418336197483746,0.40440392886398346,0.8123059594597057
181,0.12327862530946732,0.6423831169422347,0.5004139902375434,0.7305386004540724
1810,0.04241589456796646,0.7593885508934866,0.38212749327792256,0.8069155689603281
1811,0.06902901828289032,0.9097694129168672,0.9029536225894272,0.873018834669129
1812,0.08322117477655411,0.8300237890722961,0.8106459395962538,0.8500991032531368
1814,0.16067160665988922,0.6738764309474606,0.7122847412824629,0.6429978806349557
1815,0.05876177176833153,0.882177494438579,0.7283906745363152,0.8994864609704174
1816,0.06488145142793655,0.712759688098277,0.3411857064563271,0.760002702310233
1817,0.14148195087909698,0.6657160085279487,0.3645986928778963,0.7157771398396855
1818,0.10640203207731247,0.6714462594547871,0.40952357923267785,0.8336924649563853
1819,0.05076010525226593,0.934876276622377,0.8700491464827262,0.9137509894482103
182,0.12813585996627808,0.7301208307269949,0.46298628076772447,0.7823778704161941
1821,0.12723878026008606,0.8283643791205693,0.7603758273156276,0.8130582707138867
1822,0.15044283866882324,0.68805610716577,0.5893720599707718,0.7157156872312533
1823,0.18671824038028717,0.6180131227922748,0.39830897277033556,0.7190050069818706
1824,0.41561633348464966,0.502507003314662,0.7024973695054427,0.4256612782867437
1825,0.046286676079034805,0.8939440323466294,0.7071515471639317,0.9231633161286339
1826,0.22948956489562988,0.6001339536283414,0.6975858639082461,0.5774246552157007
1827,0.14767369627952576,0.6120306384526697,0.5604690380653151,0.6476392728611955
1828,0.23172883689403534,0.47077991283524856,0.20038675194421193,0.6614241683090447
1829,0.021507220342755318,0.4929372998126765,0.009111887982785501,0.29598414552650065
183,0.3522605001926422,0.38978284532870444,0.37220276583520995,0.3572153166019907
1830,0.09270656108856201,0.7764594055692507,0.6286130024754326,0.8579673399560545
1831,0.05203128233551979,0.7296181080486537,0.32868472350953415,0.7761511273661846
1833,0.08063454926013947,0.8428723282160112,0.5850784525444204,0.8486999628458244
1834,0.15634609758853912,0.5772501380233249,0.4747957556601924,0.4814733203937997
1836,0.06844692677259445,0.8692897216341395,0.8263439393626144,0.8525548984626804
1837,0.03650646656751633,0.819646917854253,0.6163125548634028,0.8702747491697849
1838,0.04733433946967125,0.9187809559513185,0.8087941982932241,0.9261870893787623
1839,0.13323979079723358,0.7885036727215589,0.8191888452786412,0.7550640185795746
184,0.09390964359045029,0.5568056621629651,0.1965847864101748,0.734088344931725
1841,0.10154911130666733,0.653643542724785,0.19488276686789505,0.5697725435711967
1842,0.10504855960607529,0.8523055349186082,0.7367737986104537,0.7844671794757583
1843,0.10690642893314362,0.7104754158216848,0.3044595986214471,0.6750511642342127
1844,0.3922833800315857,0.503741881671559,0.6303197073139836,0.4259942248704767
1846,0.07469949871301651,0.6776615059898077,0.2245272728680863,0.618967606148116
1847,0.08102928847074509,0.7710293191007355,0.7379065087349957,0.8471411425892881
1848,0.06946941465139389,0.5535797974765235,0.1750832049410399,0.7105697332710216
1849,0.0511612594127655,0.8518054712970851,0.7714230984894238,0.872950682011619
185,0.3753516972064972,0.5108405571958038,0.6261107020981543,0.4378450570645709
1851,0.11113817989826202,0.5786289325817368,0.2118247735770469,0.5843141866438442
1852,0.06572732329368591,0.5440976231944562,0.1347771760084421,0.5235452817048771
1853,0.1274750977754593,0.8197164338902683,0.7464642986612581,0.826722171443865
1855,0.09471184015274048,0.7963716186877632,0.5876097336767309,0.8596028241865259
1856,0.05436086654663086,0.6848128789600679,0.3372105071084493,0.7575577310427979
1858,0.11329832673072815,0.7953270517958938,0.7652153402686452,0.7679574094480602
1859,0.14578382670879364,0.5939999984853979,0.21062564371806797,0.7182066466735946
1860,0.06681951880455017,0.8686868276277746,0.630874472580942,0.8377787986771308
1861,0.07422001659870148,0.8713015821861542,0.820294537453598,0.8662805160805827
1862,0.16730791330337524,0.7021346639236563,0.7118957749341892,0.6728854069051307
1865,0.25087326765060425,0.4001334201529453,0.24326288641190852,0.31187542166105586
1866,0.08072520792484283,0.8290839863293364,0.7742848185590829,0.8579525806027963
1868,0.06136211380362511,0.747498459144178,0.4467988222665652,0.8370199538222554
1869,0.11681411415338516,0.4478845025072269,0.0686693885317037,0.6543146252767225
1870,0.028874041512608528,0.7168818473549688,0.2935071884689663,0.8016051032130121
1873,0.3626691997051239,0.328864775547808,0.12719535005815866,0.2728982237883035
1874,0.058533307164907455,0.9052542390158909,0.6773804794584722,0.8824236105239982
1875,0.043684378266334534,0.8755638576741853,0.627650853479338,0.8032462630634207
1876,0.09759392589330673,0.7280956938092584,0.3138466334247801,0.7015825081738069
1877,0.04359755292534828,0.7965353817627219,0.32171547974679304,0.732873461178043
1878,0.10199112445116043,0.7420617022635517,0.51182858363847,0.8399769012386016
1880,0.0335264578461647,0.47830656853533293,0.004012413369099179,0.6466827648317882
1881,0.11204927414655685,0.760551574828572,0.46214841303115606,0.7961444091669917
1883,0.0625554695725441,0.8790048945986496,0.7749261297223248,0.8816146107409735
1884,0.06740666180849075,0.8095797442620507,0.5576134041957558,0.8661681079678711
1885,0.08669063448905945,0.846963645342802,0.5988515206478479,0.8090809312824778
1886,0.28774356842041016,0.6587337092411509,0.6784624319431398,0.5423052160728971
1887,0.08383991569280624,0.8557436566563918,0.6958390319075677,0.8667612974372254
1888,0.08893260359764099,0.6491222512085457,0.22070511454083439,0.6122341452551525
1889,0.07823602110147476,0.6693438948441295,0.3863426040902371,0.7690848789656626
189,0.13071146607398987,0.477377198424109,0.14217469150576903,0.7724590950545516
1891,0.08820966631174088,0.7472129647225716,0.4043026279702781,0.7899314128645856
1892,0.12542027235031128,0.6237130481738661,0.1882979584590534,0.5755254938591914
1893,0.09470698237419128,0.47229815240483164,0.029575801525570784,0.3298479455348054
1894,0.06651996076107025,0.6083295130699129,0.3731748253881083,0.5987091806942646
1895,0.06086902692914009,0.9100679806276697,0.8030629994547762,0.8830906406829035
1896,0.0723954513669014,0.8379548826153209,0.674573285942953,0.8902992639404373
1897,0.11151856184005737,0.44870654277676514,0.028761366613336666,0.3329201298276359
1898,0.13908497989177704,0.45703990421112123,0.07106690351484386,0.38176803320802943
190,0.14501184225082397,0.6237659390687759,0.49714447518045674,0.6121484848653493
1900,0.0848776325583458,0.645206234383377,0.4818014712492976,0.5414262541156679
1901,0.06813759356737137,0.7647915183124065,0.4055170991289614,0.790436304496767
1902,0.06354065984487534,0.7735328393483782,0.4722802624965082,0.8532539424049166
1903,0.06716451048851013,0.884053244886626,0.8368662385521947,0.8961445530671427
1904,0.056049592792987823,0.8114716815603313,0.5021576011254755,0.8549636706450061
1905,0.040208183228969574,0.830738863784529,0.5807344263119574,0.8950751317329637
1906,0.11101200431585312,0.704853310770982,0.43619542691261004,0.798225122682926
1907,0.1154138594865799,0.7938359934701928,0.7485478823559034,0.7554059038221372
1908,0.07467349618673325,0.788667498842255,0.5658298489221358,0.7523138860509113
1909,0.18431049585342407,0.4197094010702829,0.13676265089364262,0.2795979591925899
191,0.021406587213277817,0.496983686117167,0.01650724973756109,0.5653153253019292
1910,0.23685871064662933,0.566420589211995,0.5030401755529293,0.48391226464565723
1911,0.1414259374141693,0.7039462364226339,0.5414984139623555,0.7912151619729204
1914,0.07542629539966583,0.8414378132457644,0.7604402845315748,0.8885156548609763
1915,0.0861830785870552,0.8329562027480046,0.7884048947356127,0.8279164387541371
1917,0.07865598052740097,0.615054784916405,0.25573812252801353,0.7694615387227011
1918,0.04462161287665367,0.8653653128423766,0.7827179178506644,0.8993066427879486
1919,0.1647230088710785,0.6148848447716062,0.6182517886830226,0.6154427112603758
1920,0.05620437487959862,0.6625104587481042,0.4382056284377436,0.8302022851865105
1921,0.11906582117080688,0.6515122792636803,0.6468451100629897,0.6277466393682933
1922,0.09065000712871552,0.7419292386139358,0.6764025977153756,0.7448169692779361
1923,0.04831421375274658,0.8568610539108812,0.6363312326273427,0.8953701713070078
1924,0.08985873311758041,0.7415797535647942,0.6237784145300574,0.7682965144708724
1925,0.10358240455389023,0.45048397558695896,0.052466393523766544,0.8093840557089416
1927,0.06010724976658821,0.876481433563602,0.8326466419439396,0.901767394075456
1928,0.04269610717892647,0.641914635434018,0.18458877213126448,0.6311166354012337
193,0.05746319144964218,0.8331431019207483,0.7735189440505948,0.8546923255961448
1930,0.14361384510993958,0.635498575669533,0.5798540853557776,0.5720155194780875
1933,0.04686324670910835,0.5905183082442618,0.19422125981513055,0.7041596925926119
1934,0.14248915016651154,0.5358244460961044,0.26023017272511123,0.5502477239982764
1935,0.10657244175672531,0.5111508422134535,0.1595473705340602,0.5898515987706898
1936,0.1461513638496399,0.7134470103078835,0.7204098268366063,0.7045558796741889
1937,0.0489082969725132,0.8332360684485982,0.6168969930359636,0.8984644264038251
1938,0.35267457365989685,0.3736932260768268,0.33486698833497286,0.3336403009785113
1939,0.0426039919257164,0.8507825128482012,0.5743874629828938,0.8851681161003176
194,0.23132334649562836,0.5077957373722319,0.5198784064752449,0.5034401786969651
1940,0.07529975473880768,0.5000656735972833,0.015723557475783932,0.3293447458459523
1942,0.0892694965004921,0.7577877682163856,0.5560387120878937,0.8699848034066335
1943,0.13006137311458588,0.8173586557182521,0.7721091482241735,0.8013013385116692
1944,0.05271545797586441,0.641680394364554,0.28637745512910917,0.781808885140832
1946,0.1075732484459877,0.8254378031892482,0.7704044370731956,0.76819611155022
1949,0.04653339833021164,0.6944429028159028,0.49870322871596257,0.7532601085773094
1951,0.058377671986818314,0.7945680278527476,0.6046939011894998,0.8690085029208864
1952,0.0524798184633255,0.8467531884762362,0.6833235709425561,0.9151474096418886
1953,0.0813184604048729,0.6978724282319935,0.4051477901474806,0.8068273303229625
1954,0.10211890190839767,0.4892689371532096,0.07006235871255832,0.7673426130109566
1955,0.08165641874074936,0.54097240490369,0.10728135200295454,0.6090166221416474
1956,0.02512614242732525,0.6040707687625905,0.3579817529099584,0.8675440252386138
1957,0.13978654146194458,0.6683748088208331,0.5547350681091742,0.7643712717290203
1958,0.07950316369533539,0.8220470442201285,0.7632943392327307,0.8119339354247646
1959,0.05561372637748718,0.6969926731779928,0.3572516298998242,0.8274091800800412
196,0.2566465735435486,0.38235861422298417,0.06251225147548185,0.6830686013158865
1960,0.18370677530765533,0.41043478824954044,0.029074067046638258,0.2536175850392653
1961,0.14458487927913666,0.5849023231952218,0.485664127810883,0.7320867146138202
1963,0.07673071324825287,0.7653509129015321,0.6302732089104026,0.8134978214985964
1965,0.037032414227724075,0.5841703464681807,0.09155517237420531,0.6007689833044143
1966,0.06459182500839233,0.4810128411640962,0.0877008686667805,0.29250665928656505
1969,0.06732560694217682,0.7540456736820977,0.5711880399061902,0.8917854698564456
197,0.31905150413513184,0.5989208062920702,0.6196750602636216,0.46891776087019954
1971,0.05150064826011658,0.7987693103208149,0.562800341773396,0.8845492331237834
1972,0.09491851180791855,0.731076953521836,0.6416982064311595,0.7694205275916837
1974,0.07478269189596176,0.7857706625270051,0.4927609830677685,0.8345027842980544
1975,0.018988193944096565,0.4846275439138286,0.004749962411175911,0.6464990011433261
1976,0.10146453231573105,0.6279571584683689,0.4294389390546014,0.5935668231081009
1977,0.12970557808876038,0.6023402245696914,0.5326413622830649,0.6572618646736479
1979,0.1269068866968155,0.7377277310292945,0.5488902318259401,0.7648790125396399
198,0.1021416038274765,0.5316061810002071,0.26156727758144066,0.5484702539426175
1980,0.03860626369714737,0.7523415629621755,0.5008534640897003,0.8321611606384408
1981,0.14897188544273376,0.7969365665728169,0.8173477905864664,0.7645076149308291
1984,0.07467986643314362,0.5032863122159789,0.048404735292596604,0.38060882435408383
1985,0.07315150648355484,0.6270245273111374,0.22898892544764454,0.7613177188184272
1986,0.2424776554107666,0.5626426112503312,0.6777439417961356,0.5866175271014235
1987,0.06903357803821564,0.8346909429301372,0.5699188305804896,0.8801922589286826
199,0.12791787087917328,0.43995405183195113,0.07490951901227058,0.6966923644338711
1990,0.07266973704099655,0.5821813744046647,0.20783047238461017,0.6651623694038692
1992,0.07271648198366165,0.6146422232827846,0.38318433582509365,0.8741444180127471
1993,0.06187010556459427,0.6281667701674006,0.27913358313779635,0.7462207872551003
1994,0.07266265898942947,0.7483617415218263,0.6442121743444243,0.8390054506143771
1996,0.07354889810085297,0.7734137987192604,0.6305328419896093,0.8002190429804787
1997,0.03715282306075096,0.9099358704657694,0.7177081509026539,0.8920674114661302
1998,0.05247576907277107,0.7999756588767353,0.5653555351176571,0.906906224623915
1999,0.1762002855539322,0.5674515527245281,0.42693418934466126,0.5457906605845352
2,0.1062828004360199,0.8271041692794442,0.8016497665514329,0.8085309536028272
2000,0.08754973858594894,0.610915110982799,0.1904394515284809,0.759778322001921
2001,0.09129396080970764,0.8152277527875127,0.6782501382012834,0.857420544680513
2002,0.2607667148113251,0.6031204212428072,0.6643766395173919,0.564370195706865
2003,0.1199197843670845,0.65705945955306,0.5128930608120613,0.7152842413331126
2005,0.08025921881198883,0.7805318683713847,0.644452018926773,0.8649629839912142
2006,0.0700199082493782,0.8811071017173586,0.7991751979207439,0.8815786811192257
2007,0.04625892639160156,0.9169765730956885,0.7550834952747582,0.8856709468650581
2008,0.09396513551473618,0.4945687171978192,0.07888699163087143,0.3752367424804001
2009,0.05949949845671654,0.6354726808295701,0.25971940672447047,0.7093782316032456
201,0.12709707021713257,0.5020016203262834,0.17573275282883555,0.4432361204452314
2011,0.09577110409736633,0.6046861979817497,0.4509636490001938,0.47887373871096955
2012,0.07356409728527069,0.8551829035075762,0.7803615873817453,0.8908291035958541
2013,0.08876816183328629,0.6763452602352251,0.3022876248789513,0.7908209209844302
2014,0.044861260801553726,0.6300930880211231,0.3268602911812331,0.4858985247441919
2015,0.02730691060423851,0.878895752677448,0.7500923397235292,0.9075861028378607
2017,0.04354652389883995,0.6229525797805864,0.28578321302527054,0.8393570413932627
2018,0.092593714594841,0.7797852974189008,0.6388332075537114,0.8450636596969712
2019,0.1427115797996521,0.7155563144909167,0.43542638644601966,0.771055926435862
202,0.08577059209346771,0.4854512844160494,0.10073904412780538,0.7375595289933636
2020,0.028559580445289612,0.7719629342053642,0.3138094759288474,0.8044882678600598
2022,0.05305299907922745,0.6365477834829648,0.2190210176072259,0.6362153069911934
2023,0.08614224195480347,0.6752677748950051,0.46481240198645235,0.618758696043546
2024,0.07560408115386963,0.7910718659219398,0.5544868667358385,0.8572908784356504
2025,0.09290607273578644,0.7135305376289873,0.6394709931398899,0.7914345939515935
2026,0.09052523970603943,0.5480845843645131,0.32720677622637406,0.456168238687794
2027,0.20221282541751862,0.6912700379465107,0.652130968515595,0.6010549771049551
2028,0.09639531373977661,0.5241925886047578,0.3244015458825335,0.4940244942513886
2029,0.05858409032225609,0.6299448008982923,0.259391692942725,0.7466256735900711
2032,0.08536399155855179,0.45714918004684135,0.013367282496210388,0.33297489362566846
2033,0.07160952687263489,0.7809416825090801,0.728016682820986,0.8236503464877902
2034,0.06605955213308334,0.8237526693788559,0.5191909335084653,0.8364061087715764
2035,0.0563603937625885,0.7649627098782645,0.3328470346713614,0.6874455571831535
2036,0.07023660093545914,0.6161121125338421,0.33620600413071733,0.8823050000180519
2037,0.07619838416576385,0.6609213031614183,0.26520922884105275,0.6791300154240043
2038,0.03705356642603874,0.7401304191147102,0.2691089764757395,0.7280198242801478
2039,0.1872079223394394,0.6487947399726148,0.6225222585490556,0.6336618553015365
204,0.038716886192560196,0.4931645779970054,0.04041281435899034,0.4625181947810702
2040,0.10258020460605621,0.6794953856513158,0.3587765539211907,0.7844791358271446
2041,0.08150295913219452,0.7624501767442358,0.5796120437826553,0.8301652387976265
2042,0.08233467489480972,0.716188508520715,0.5037325639614357,0.870999676786264
2043,0.18370133638381958,0.4098568619580886,0.07920442874209467,0.2736514079484604
2044,0.037467531859874725,0.7209654559097409,0.17617083890597265,0.6566384196089472
2045,0.044475771486759186,0.8363103773223036,0.6043283181101772,0.9098216012401674
2046,0.12762142717838287,0.7459560841916952,0.6842695977440827,0.7388190389445516
2047,0.07859231531620026,0.8435403020360197,0.707617464539773,0.8915850711632414
2048,0.04787609726190567,0.8349301744720712,0.7099075943615418,0.908690813144486
2049,0.055853862315416336,0.5737982938985917,0.2787742695728065,0.45067251470277037
2051,0.06709027290344238,0.7656990257063413,0.5172488402699775,0.8622940440979523
2052,0.05768952891230583,0.6622444751214043,0.2147293744446894,0.6290624312702284
2054,0.21288228034973145,0.5212798928408242,0.35664842176323186,0.5839740467456236
2055,0.10351280868053436,0.6054850618054703,0.2206110904982235,0.7547284165605769
2056,0.18339286744594574,0.6982836696718048,0.7972049598605208,0.7067856978514431
2057,0.10409785062074661,0.6723796790535785,0.3527689399503825,0.7804077484234722
2058,0.12216253578662872,0.6576118548301254,0.45257122497327046,0.8453994627508287
2059,0.13288243114948273,0.49084653066874967,0.0790707851177115,0.45372995538163297
206,0.07160113006830215,0.9087022407446138,0.7727936525178447,0.8865081557278848
2060,0.07076916843652725,0.6716691576286133,0.3626010161653931,0.8517436925995188
2062,0.07369877398014069,0.7930417893548212,0.5477152767841335,0.8754761691671984
2063,0.10682374238967896,0.8077362154321668,0.7376467757845756,0.8361404658294473
2064,0.08181696385145187,0.6842849250959593,0.3451541022581997,0.7455320960579521
2065,0.05732111260294914,0.6057252705266223,0.12187481813185935,0.595090318881081
2066,0.05388779938220978,0.5486373628735032,0.2195090518496682,0.45259932468672137
2067,0.1997547596693039,0.527255422419345,0.2915058618750747,0.5567089246274515
2068,0.11906278133392334,0.5995643269162565,0.17528049872998336,0.6231730335739522
2069,0.17476683855056763,0.4136186553162057,0.028984431910198335,0.25037615538522695
207,0.34689900279045105,0.4938693612098475,0.5665150302342782,0.44874760955843895
2070,0.04177006706595421,0.7343500932267856,0.4278200387960726,0.8581348370274506
2071,0.18526147305965424,0.7038581085991789,0.681842745456908,0.7161675818241355
2072,0.03528799116611481,0.6706840481286411,0.371744920823615,0.8437739540139104
2073,0.14505316317081451,0.6873587064258389,0.6736882258515706,0.7578383052600992
2074,0.07140596956014633,0.74820594741394,0.6524154645999145,0.775191246242932
2075,0.031072450801730156,0.8465758127930632,0.6900882212337419,0.8879137739768803
2076,0.1475263386964798,0.7098779975139388,0.7251159935276611,0.6843586942694591
2077,0.0910496786236763,0.4313725292998627,0.010076601077906994,0.679856194794976
2079,0.12351974844932556,0.7157423348156892,0.7002949636803273,0.7753382182454658
2081,0.14443878829479218,0.43101916788551436,0.031543502603692625,0.25402021453092094
2082,0.07824721932411194,0.5134128023103098,0.0364904426486534,0.4966450992774027
2083,0.03341243788599968,0.5291124413140476,0.17728870154972876,0.748984435083611
2084,0.10128986090421677,0.7960866329031446,0.704904420821857,0.801688407137323
2086,0.07389405369758606,0.7284248410604495,0.5270138850238615,0.7982311665058428
2088,0.07871460169553757,0.4572804019492409,0.0017959565054544032,0.4708235052617472
2089,0.03512316197156906,0.9100064045701641,0.8174380468139565,0.9247880926384286
209,0.05346415564417839,0.6544233796646022,0.4091225982004935,0.6930734937142378
2093,0.09064175933599472,0.7036500844549425,0.4150713520001724,0.809543607016795
2094,0.08725252747535706,0.844365740905836,0.6261486325016542,0.8626354777186205
2095,0.07942986488342285,0.5121661474103555,0.11349592840191022,0.624073754391647
2096,0.11042330414056778,0.7776814492849278,0.7260989547385747,0.7401474049425671
2098,0.1452275961637497,0.5923826720258306,0.4759921563212412,0.5037886808589201
2099,0.14234040677547455,0.5715720887769833,0.3169402491465291,0.6056509753939872
21,0.06938553601503372,0.5801164775827241,0.1755742469293248,0.707928407682918
210,0.41736137866973877,0.4070532193836507,0.4603723168305205,0.3501545609326757
2100,0.12014392018318176,0.7649049883780024,0.7696620170860721,0.7408209918053342
2101,0.08248566836118698,0.7333404686833913,0.5094796146327523,0.7199756499276803
2102,0.10483633726835251,0.7976284798224279,0.5882543244485314,0.7991388111838768
2103,0.05065228417515755,0.8186952620089426,0.8330554458503402,0.900356952700713
2104,0.09941820800304413,0.7072330179229328,0.4981167528656631,0.8167579578376375
2105,0.10353654623031616,0.7381886169526797,0.6638164009051447,0.8216500646839552
2109,0.12614092230796814,0.642211554651645,0.47006003133584146,0.682752832198555
211,0.07976604998111725,0.8134272026119153,0.6294745479733177,0.8349816121916553
2110,0.12714096903800964,0.7249348184174783,0.7178837244078706,0.7588695028769998
2111,0.10730917006731033,0.7249642097968314,0.4438057008675701,0.7593107916258734
2112,0.1312503218650818,0.6317414485819159,0.35306250374317194,0.7594510006626027
2113,0.27458152174949646,0.4342872560222809,0.44432167597772826,0.3888695637156322
2114,0.05850986763834953,0.876690843849497,0.7607577939179114,0.8694945556312799
2115,0.0629429742693901,0.7944465304305093,0.6615339411812171,0.7566533472020148
2116,0.0701424703001976,0.4667785482669223,0.02403920075872781,0.2585485129080456
2117,0.04508623853325844,0.8099599649901008,0.580563723392842,0.8850609250214363
2118,0.0802212730050087,0.8237688407668231,0.6374151455520394,0.8439052101149604
2119,0.23076048493385315,0.4141580171557325,0.22011913740249187,0.3070874467948679
2120,0.048381686210632324,0.6843127868293388,0.29316995381184024,0.7776392683200843
2121,0.138198122382164,0.574277168053213,0.19169309112511582,0.6551148106222857
2122,0.27121224999427795,0.5102480155784417,0.5703680645397893,0.4765025135850776
2123,0.12097548693418503,0.4272501111661311,0.01007271144198519,0.26860394949862376
2125,0.048169299960136414,0.8675645510383171,0.7651917763506522,0.9228359793236652
2126,0.12442642450332642,0.7253054682511185,0.601300913228407,0.7912113050431676
2127,0.13482479751110077,0.6082525115847174,0.2641914533620032,0.7313808905859338
2128,0.02273689955472946,0.8778826155791595,0.5833413605992217,0.9027835996045284
2129,0.05579570680856705,0.7844228681757617,0.6054511807322847,0.862294880537118
2130,0.045065030455589294,0.7976530639608456,0.48147986210199567,0.8899802106112198
2132,0.1402158886194229,0.6668769111870577,0.5260536609754595,0.7350467504524072
2133,0.09542638808488846,0.4406107062906202,0.010999297591154278,0.6523865842194716
2134,0.07281091064214706,0.7588086143382695,0.627629011712097,0.8311861716248202
2135,0.04437175393104553,0.895357435650848,0.7964204845650817,0.935497113142878
2137,0.10077960789203644,0.6771333848369994,0.731615979472076,0.7267358704408784
2138,0.07107017189264297,0.8927106141298281,0.8165448365666117,0.8827476100455526
214,0.1362256407737732,0.7825107490865271,0.6559225325698386,0.7971083576208968
2140,0.1258472502231598,0.6629597879475007,0.5841808848407113,0.5952011111058306
2141,0.043696388602256775,0.9073022320636052,0.8261509103732299,0.9369672918466512
2143,0.2266615778207779,0.6124119807230982,0.5316834351070389,0.5426581075143311
2144,0.065607950091362,0.8585800065191647,0.5813447408256606,0.8495570480505346
2146,0.08064732700586319,0.8374323080595283,0.6340669629876962,0.8593957923603353
2147,0.0841326117515564,0.7381472306480217,0.5234954346353414,0.8653052030522322
2148,0.3368571698665619,0.45755773789125553,0.5753684293350618,0.4369038512625262
2150,0.06931325793266296,0.8106441511852532,0.8072278097897753,0.8320005202235992
2151,0.21591857075691223,0.5933582397854533,0.7224163275140212,0.6027660832802046
2152,0.09603226184844971,0.7765569734925348,0.5849936698203505,0.8118497978290399
2153,0.04552040994167328,0.7625154727738142,0.4996493733919989,0.883632855148835
2154,0.039268217980861664,0.9072410527961767,0.8826788326355421,0.9270258245538135
2155,0.033835332840681076,0.915291970884732,0.8155393118972595,0.9445820245148929
2156,0.07661508768796921,0.8385317339940777,0.6540710115134932,0.8139098561555334
2157,0.060791004449129105,0.7020551908890633,0.4415594100685637,0.8436726374264267
2158,0.08770503103733063,0.5015534138292035,0.060476142430142814,0.39103016363461296
2159,0.05402539297938347,0.9079201611046077,0.7998543728925744,0.9164870149683391
216,0.09616508334875107,0.6552811752203221,0.5787912031741437,0.6211786280383464
2161,0.03363082557916641,0.5978955196065753,0.23979588380009015,0.7746342312500374
2162,0.3245716392993927,0.5962767600817238,0.7061043753243077,0.5431266969262
2163,0.08938556164503098,0.7975055321528016,0.6423500778375909,0.846101672585876
2164,0.05635622888803482,0.7860199278464556,0.5045662235161672,0.8546779328242493
2165,0.09237060695886612,0.7120646211411261,0.6340221729674789,0.6206154875003006
2166,0.06139780580997467,0.8394384715877261,0.8080944749855452,0.8701759656545496
2167,0.09806942939758301,0.617204249894059,0.23935448772799622,0.6938298614209473
2168,0.08121901750564575,0.5336077988137422,0.17965787941053513,0.5142712686056831
2169,0.07624147087335587,0.7171464940602946,0.3467237475597754,0.800047714392277
217,0.07859690487384796,0.6187393148163861,0.41031836014290424,0.7711760899050897
2171,0.07476964592933655,0.8370489396046711,0.802399433275644,0.8313295759745223
2172,0.04573078453540802,0.8332713454639333,0.6973310412080047,0.9230332183268164
2173,0.03895075246691704,0.92244627159932,0.7411867480344452,0.9307186089283268
2175,0.11356329917907715,0.7086307424189107,0.41285843408819983,0.820655535429041
2177,0.027338596060872078,0.8906536333356039,0.6782869710208369,0.8778639658619762
2178,0.08459126204252243,0.7066399001326277,0.4890879540505977,0.8291455977356209
2179,0.07174128293991089,0.8352522836122401,0.7490627478558148,0.8506615633049086
2180,0.21450397372245789,0.49041558884135195,0.4102690299623493,0.4212730260479335
2183,0.05763635411858559,0.731417474143551,0.41453298339803646,0.8579663953143584
2184,0.09502646327018738,0.8209607171289336,0.8077040280849334,0.8488657066221084
2185,0.42260536551475525,0.4976548379107957,0.6944137912428386,0.4244470051284967
2186,0.1107400432229042,0.6153497113033932,0.2268992541384817,0.7277463049220217
2187,0.07308313995599747,0.7368189636382984,0.5958336441971263,0.7036826350831082
2188,0.1415436863899231,0.6728721947149122,0.3915684101364815,0.665102360151816
2189,0.04466816037893295,0.8186892691231862,0.6971283476351232,0.8687840252217259
219,0.260103702545166,0.43440185753808896,0.37617986374836865,0.39654199277278646
2190,0.07928440719842911,0.742024673029503,0.44150452926599487,0.8312186132986991
2191,0.06640265136957169,0.8409512180668736,0.7691785846797466,0.8825437787843078
2192,0.06233305484056473,0.47537305204865177,0.04910372818357116,0.3710454327293554
2194,0.017399972304701805,0.9279366976665113,0.7644316674508883,0.9034213316588809
2195,0.09352877736091614,0.5226211668833591,0.08831148473821751,0.4960094876299277
2196,0.10713337361812592,0.7319528443206023,0.42067707893396855,0.7834490292497082
2198,0.03167157247662544,0.7836151316103641,0.45607409020873524,0.7827278799537105
2199,0.0566466823220253,0.8139234759163299,0.5663689569217852,0.8830099504915769
220,0.15812940895557404,0.41083562388537626,0.003367338033102544,0.5709495737625035
2200,0.22776992619037628,0.4692122892241479,0.17508726840242736,0.5184341400799043
2201,0.07452093064785004,0.5178223622321249,0.12319365883242182,0.5027520493632656
2202,0.07076756656169891,0.8204535486626068,0.830466226252716,0.8681559301570878
2204,0.12811776995658875,0.5328736532674907,0.28839539604352127,0.46184674183026136
2205,0.132566899061203,0.7531648168591942,0.6413222786920887,0.6927908447761214
2206,0.16676077246665955,0.5834773856103024,0.45408869845415806,0.6057865220307321
2207,0.19116659462451935,0.4525906191328667,0.23015937363044056,0.4461864633014909
2208,0.06143931671977043,0.72658593891077,0.39652105905222923,0.8510231776536812
2209,0.0982552319765091,0.7165421763769646,0.3717619450450113,0.7351153173963336
221,0.040568649768829346,0.4660295650902783,0.016079769552206937,0.8035748390757522
2211,0.04683113098144531,0.8599743555454684,0.7791911603460651,0.9191030634645452
2212,0.07343808561563492,0.7453923630483429,0.3914711851614267,0.8662438539826394
2213,0.04653289169073105,0.7084567939990897,0.27408396334994134,0.7014286252686193
2214,0.14533640444278717,0.717893041684432,0.5476241567644885,0.7508464325378885
2215,0.10731212794780731,0.7593397311067898,0.586231887795661,0.8675667767768136
2216,0.04094509035348892,0.8519868290385935,0.7189770892783394,0.9410950314475937
2217,0.12735819816589355,0.6385544282423101,0.5220346490381592,0.5581591414496998
2218,0.05955791473388672,0.8642311536386154,0.7849763124132135,0.911421112509669
2219,0.29707759618759155,0.4661913763503514,0.43851985896753093,0.4256942860641322
222,0.16895577311515808,0.6778310048318171,0.7435378086527088,0.6960295082236001
2220,0.09146079421043396,0.6518110278348062,0.21181945566577992,0.6991802463578892
2221,0.07014185190200806,0.8241652054663879,0.6324825587837462,0.9041785723832788
2222,0.1436488926410675,0.7368262976053233,0.5948068894421403,0.6751320961861598
2223,0.042974747717380524,0.7882863990950753,0.4491429322074434,0.8256372609819027
2226,0.027265284210443497,0.9250010474205268,0.7849757621879258,0.9336019399141982
2227,0.029135722666978836,0.8848517665527096,0.5790416341290909,0.9093117032177753
2229,0.054500557482242584,0.8375606846635505,0.6924774436714527,0.8792795252848083
2230,0.1279905140399933,0.6407280045968827,0.44701668087560475,0.6352746231251247
2232,0.05922584980726242,0.8507194486681419,0.8099952172481834,0.9030513252234864
2233,0.07356645166873932,0.4803900404271921,0.15868706246384903,0.3270875726564842
2234,0.04095696657896042,0.8956081457770132,0.7755590113574193,0.8815695118640681
2235,0.03954057767987251,0.8942251979111672,0.8412324415221379,0.8928471729987999
2236,0.09725306928157806,0.6995579242873564,0.38075706975656454,0.8306750556338252
2237,0.05364766716957092,0.6520366045832512,0.35755464333463316,0.8917898014528605
2238,0.18236659467220306,0.5612182815188851,0.15563029092221678,0.5710243290889019
2239,0.07933173328638077,0.6794518288240813,0.3771138804980777,0.834331746722552
2240,0.162725567817688,0.5037679659005004,0.17031292470687745,0.5025714902689336
2242,0.09512374550104141,0.6590572068644095,0.6386459389770286,0.6356746688264795
2243,0.03316403552889824,0.7288270327354114,0.2929920411889203,0.7305038258198687
2244,0.12866619229316711,0.5209905014215059,0.06466989360261075,0.503441192481053
2245,0.22839729487895966,0.6237680156042587,0.5805903974346452,0.5745784954081028
2246,0.0699104443192482,0.7358220740961179,0.6561146932411153,0.844848977367638
2247,0.06915071606636047,0.717196485938544,0.6274576944873754,0.8416542239476688
2248,0.07360482215881348,0.7367310761538575,0.6222790344015251,0.7484894797419852
2249,0.1679190695285797,0.6278487764065493,0.5142079131692412,0.5237274213711424
2250,0.12247484922409058,0.5873154274209758,0.3366280240610494,0.4679042557946532
2252,0.048741135746240616,0.7913474718942304,0.6937954146608629,0.8810401472610649
2253,0.07730564475059509,0.8601328340863849,0.7937694734175283,0.8135472830289974
2254,0.11600740253925323,0.8285373987697489,0.841960494534325,0.826714079776381
2255,0.1426037698984146,0.5045860890742386,0.3138043624024708,0.46724796793342893
2256,0.04831322282552719,0.7792973833503285,0.7061506381071333,0.8683492706204008
2257,0.08631059527397156,0.5610912496865496,0.28454425977257114,0.6181224336341709
2258,0.119627945125103,0.6467973629589039,0.5119970143558287,0.8003944793545272
2259,0.06380294263362885,0.6647866830400855,0.45796519479043357,0.8607975992364101
226,0.14315129816532135,0.5672929820312171,0.37792483186233844,0.5900517186814904
2260,0.04446512088179588,0.9333945855475183,0.895228857593186,0.9350257162526313
2261,0.10436886548995972,0.6560344387925441,0.3124485680981156,0.6547433377859627
2263,0.11916353553533554,0.5929716955204996,0.3686422564387896,0.6885245894594222
2264,0.09326598048210144,0.7085450360663004,0.48073098977755113,0.7821614426614458
2265,0.2695434093475342,0.47324941657032693,0.5144377493616857,0.44024750120320993
2266,0.17887985706329346,0.4040405383931671,0.021274281588208245,0.4512831922953582
2267,0.08939064294099808,0.5656015484459617,0.16429026139609373,0.6685186568537539
2268,0.022797629237174988,0.9464160013674539,0.8613345452528344,0.9497505663209074
2269,0.06705354899168015,0.8010211701326283,0.6891972666438647,0.8110124715364754
2270,0.08879145234823227,0.7928991511372222,0.629222912562826,0.8745587968873487
2271,0.0615626685321331,0.8546815215723265,0.7229471973587636,0.8312498519961948
2272,0.11099109053611755,0.769850269663843,0.6692028132369158,0.7846706811197636
2273,0.03884685039520264,0.6525874820604254,0.24865342673628574,0.7638305190425209
2274,0.1552882194519043,0.737528264475801,0.6807873799884153,0.6685298243306526
2276,0.07866399735212326,0.794986253941482,0.7325186380605611,0.827125523639203
2277,0.24593479931354523,0.592910471478911,0.6663831305145748,0.53984592315404
2279,0.0562964528799057,0.8577358864720783,0.7078117018329678,0.839189592892586
228,0.13403505086898804,0.7492250433549387,0.610735363350929,0.7601512624050069
2280,0.0933634489774704,0.6702650788189164,0.46835204955232873,0.6452788862135304
2281,0.16846922039985657,0.5816570231120829,0.4667362801859656,0.6670252127934264
2282,0.16039113700389862,0.4502350713640626,0.12319819594867529,0.7471661538186918
2284,0.10550713539123535,0.5510675909478071,0.43755608846785327,0.5233900579589401
2285,0.37493062019348145,0.46398538952024604,0.526540484898226,0.39434041662394625
2286,0.16243091225624084,0.7064152009002823,0.5333645268093724,0.6813289348243755
2287,0.1088012084364891,0.5298460046481437,0.3936133380469649,0.41184267585075834
2288,0.046974293887615204,0.6912760107549821,0.27805947479468224,0.8026701324960116
2289,0.17650935053825378,0.5845129635026769,0.47958084908255344,0.4992039121065495
229,0.12774935364723206,0.8346042482634797,0.8325665978757277,0.8083737111869623
2290,0.06387514621019363,0.8203320761280499,0.5716460265600612,0.8867350113201813
2291,0.0557100810110569,0.9105072563583607,0.8412820163692893,0.9118987089115815
2293,0.12884216010570526,0.6861978876639387,0.4838853240711224,0.6661063039997694
2294,0.03923700004816055,0.7482830248147787,0.5434798759783004,0.8883044784266387
2295,0.0747537761926651,0.8483251877693263,0.6886396332774289,0.8698927681743917
2296,0.06806835532188416,0.6595202792838508,0.624554814198009,0.6105264699068982
2297,0.1655636578798294,0.6178465235988385,0.5309187500841982,0.7104793285061997
2298,0.11361495405435562,0.723603819807761,0.694470117034341,0.7057369382210052
2299,0.05108664184808731,0.692702686826911,0.27546003700396393,0.6800291866596117
23,0.012580487877130508,0.5198714803383595,0.018793891972743684,0.29350430879148937
230,0.3149982690811157,0.358946842254839,0.06073593549280133,0.5623071724353887
2300,0.07265668362379074,0.8031758964701374,0.6679289405005248,0.8625294333320982
2301,0.06712959706783295,0.6499879139065198,0.3105859956063488,0.770027991891215
2302,0.2775818705558777,0.4043747866061421,0.24301660820817572,0.32811893343999476
2303,0.07838279753923416,0.8642516776878104,0.7090642593856952,0.8876075374738859
2305,0.059041570872068405,0.9099329493721231,0.7729030708899979,0.8828328531074983
2306,0.06878916174173355,0.8095400772071498,0.7450104410168402,0.7924135172250827
2307,0.09354531764984131,0.7468537782558327,0.49974308855170957,0.7256157783726702
2310,0.03418248891830444,0.8928519917544488,0.6750081061008327,0.9033173866717789
2311,0.044778432697057724,0.826617026533159,0.6195339373268293,0.8762563824275874
2312,0.11398474127054214,0.7637228846259806,0.8208963492979802,0.8153921935441818
2313,0.23228490352630615,0.38682101718267514,0.0548659693905823,0.2568318113234366
2314,0.13341069221496582,0.6523132997120532,0.4095260253014975,0.7813000109330284
2316,0.15204854309558868,0.7270945956301875,0.631506404316728,0.6659165894436049
2317,0.08701421320438385,0.4701656732235507,0.07805644499032448,0.7473975537040602
2318,0.22276386618614197,0.4786703660885901,0.08208237271957095,0.4031098025275246
2319,0.08860273659229279,0.549950956404778,0.21332079333841425,0.5377096141017184
232,0.13442513346672058,0.5321101937248015,0.5113122324647775,0.5101586312629859
2320,0.03278253972530365,0.6375581282306556,0.5469871018185314,0.7673008454129758
2321,0.07279878109693527,0.7714535190909044,0.5790926778896057,0.8432923006914544
2322,0.09236133843660355,0.6836758383817638,0.30404554652322596,0.7483302719065419
2323,0.07733315974473953,0.5711854250238323,0.14110751640297708,0.5662292320566293
2324,0.06603225320577621,0.7658793311426566,0.4909940448634086,0.872699240925005
2325,0.10649295151233673,0.7793412750141687,0.6696755204765544,0.7999410243770588
2326,0.08176042884588242,0.8191328552439889,0.7036677083703206,0.8280151115379435
2327,0.18086083233356476,0.5974274046064755,0.6272959071200337,0.5672967388237706
2328,0.19014273583889008,0.5371195866012809,0.22965669058566038,0.727449936237703
2329,0.11186156421899796,0.7167365190264261,0.5333608927891623,0.7150782661637038
233,0.19763529300689697,0.564666045059895,0.3802326672348949,0.5552584884296967
2330,0.06008322909474373,0.6436746322621989,0.2443686546559702,0.7930801212386602
2331,0.03789591044187546,0.6575294050041598,0.19283082389593945,0.6833610744712734
2332,0.14548641443252563,0.7717875131535755,0.7931294643090382,0.7799807729708071
2333,0.06887771189212799,0.7316162320344798,0.28610422830581034,0.7226560165686777
2334,0.24198080599308014,0.5758193176663052,0.5534970922719192,0.5118592315197427
2335,0.05547737330198288,0.8198807777949959,0.6696052132628354,0.9073376413171979
2336,0.19644814729690552,0.6886234087622081,0.7453209027175555,0.6435982165125529
2337,0.1104929968714714,0.714719857907131,0.6650575733974167,0.7140824531163201
2338,0.05364330857992172,0.849787328211282,0.6323404416347088,0.9064363148774199
2339,0.11225603520870209,0.7762518920582081,0.7486360427331888,0.8172217554083286
2340,0.06112026050686836,0.6814948216622281,0.3106324225414215,0.860398257797918
2341,0.17335551977157593,0.6753203857276099,0.7076188559835469,0.653557230174938
2342,0.07270228117704391,0.7033478179710262,0.4560060801799822,0.7689558215470633
2343,0.07041312754154205,0.8953326388509328,0.8024246763590026,0.8819141291900899
2344,0.10743516683578491,0.8419135988016908,0.8275697091953433,0.8001187230433848
2345,0.08116786926984787,0.9084695777037674,0.8674249034212067,0.8836235246903195
2346,0.08063074946403503,0.7646936507894725,0.5217017347028824,0.8373267726184067
2347,0.10423583537340164,0.4842870024583239,0.09904733731050377,0.6482355387586469
2348,0.10455086827278137,0.8050312813377978,0.8019845108138152,0.785434196248469
2349,0.1911315619945526,0.5745899766305502,0.14904308404755312,0.5911494886891008
235,0.051749926060438156,0.4615241196794454,0.014179253772918947,0.6898581364174785
2350,0.09364019334316254,0.7496287662320233,0.6487578502010692,0.7804360536893022
2351,0.10743214935064316,0.8093427640249614,0.6196171285434481,0.822850111321753
2352,0.11366250365972519,0.6041397623733755,0.3546803798028145,0.8237901494728295
2353,0.052154429256916046,0.850659665909709,0.6693802922390524,0.8533469230377801
2354,0.10002563893795013,0.6405646693272671,0.2972922351176981,0.7641009083465824
2355,0.04230881109833717,0.5938547213873984,0.20547339165824346,0.7700249398333395
2357,0.0800892636179924,0.8294232671900597,0.6854737639102312,0.7501592262444818
2358,0.1313721239566803,0.5859574275780939,0.4978010953092194,0.49937910811877606
2359,0.18942324817180634,0.5089730986487878,0.4290035052813539,0.41007627257890755
236,0.04072517529129982,0.710867836710071,0.33633966766128826,0.7460262720531977
2361,0.1066884845495224,0.5404633050912167,0.18496392627615008,0.7965341210397048
2362,0.04384008049964905,0.739890012447955,0.39470473910983755,0.6439200068861316
2363,0.08477805554866791,0.636618889036114,0.33794121001197974,0.8258863514618636
2364,0.0630069300532341,0.7680008101200428,0.4213281273525548,0.7939756279647745
2365,0.05716826394200325,0.7319377427134255,0.3659109837985962,0.8264317043903386
2366,0.07239541411399841,0.7429325425332154,0.46409811371512183,0.8327118821896076
2367,0.061009570956230164,0.8120653835240615,0.7301669906487104,0.8587827482927457
2368,0.13185642659664154,0.6337499508195708,0.44344835494865015,0.8045915466876691
2372,0.028111135587096214,0.9185959015131928,0.7767218538560673,0.945765869204637
2373,0.10987671464681625,0.8549563278702097,0.8510598134279551,0.8312412534497489
2374,0.08421166241168976,0.7425983322585916,0.495550257662292,0.8505666632581659
2375,0.34107446670532227,0.5517237677415971,0.6618834365284011,0.4828499889298335
2376,0.09454088658094406,0.7060828531850826,0.4411854058430191,0.6815791461548846
2377,0.03693639487028122,0.8823959760349661,0.6862580999529477,0.9302773202368271
2378,0.08682902902364731,0.5149733982315193,0.19268771152330885,0.5308135694033138
2379,0.175353541970253,0.6449280948744883,0.426993271997717,0.7007400584667296
238,0.45935651659965515,0.46408479719206996,0.661639221366137,0.37359103835257257
2380,0.052320729941129684,0.7990574137786737,0.5560312166415075,0.8954798645356374
2381,0.05482211709022522,0.9115842150309036,0.8722464313738221,0.9036984385680383
2382,0.152939110994339,0.5352655163850808,0.47478102153610197,0.5054262318580566
2383,0.05746816471219063,0.7863358272878571,0.36194096920198116,0.7051280452196292
2384,0.0725175067782402,0.6104561451030388,0.17869178043652417,0.647888513127296
2385,0.05964580550789833,0.8378265254498627,0.7215380790310082,0.9085247898538673
2386,0.06530815362930298,0.7743583581644917,0.4870947959324393,0.8549984112807805
2387,0.11473926156759262,0.5011045873202172,0.02219186465368868,0.32443979467432427
2388,0.11350534111261368,0.7499017417622023,0.4975859291180308,0.7633376565180385
2391,0.09692863374948502,0.8527593261233269,0.7575253345553092,0.8264707183675533
2393,0.09698229283094406,0.6550559918043373,0.4527005864884897,0.7478092367065037
2394,0.033433929085731506,0.9251318282019216,0.8712869257995455,0.9496067181733263
2395,0.12019947171211243,0.8155952675969536,0.7485504789709111,0.8160036052225754
2396,0.05479275435209274,0.5654847832083361,0.17521169126398076,0.7568852398680845
2397,0.1401505172252655,0.5779765997982145,0.26555582710454023,0.732315393937476
2398,0.0999625101685524,0.6268352551374359,0.23269483761980173,0.6292165724394148
2399,0.04259652644395828,0.8158074631383625,0.528346094519302,0.9096849342261444
24,0.08203781396150589,0.6030098983528593,0.21590857960627483,0.6880762579290897
240,0.14030821621418,0.6684610538038994,0.5365861715181443,0.7469364086693095
2400,0.03867082670331001,0.8231469192044716,0.7487738435866126,0.9294636799948648
2401,0.07230132818222046,0.7217540282010311,0.35576457390575833,0.8034266588461705
2402,0.0923023372888565,0.7565431243427492,0.6666168677459349,0.8225523885870201
2403,0.02349087968468666,0.8314532858511798,0.4812489757075093,0.8279064858992368
2404,0.1061590388417244,0.6945251893728994,0.5334036094827546,0.6606178057593471
2405,0.2071254402399063,0.421376410137798,0.21187520927293224,0.3086270780633149
2406,0.028694767504930496,0.6883861870232872,0.1964581808967564,0.66944611724161
2408,0.07880204916000366,0.7576597492825308,0.5436539608933368,0.8351755384910151
2409,0.07161232084035873,0.8829875902859377,0.8313515885792142,0.868879047495735
241,0.032546550035476685,0.46821098701092134,0.0020944133732478166,0.845590592459672
2410,0.11877698451280594,0.7943383976298999,0.6811553318999832,0.8068112905244964
2411,0.2944145202636719,0.6614230527417044,0.6381212011717207,0.5539187958273586
2412,0.06275837868452072,0.8831695761545202,0.7323864003314269,0.8683855480096746
2413,0.087551549077034,0.6363878967647396,0.21591525086748353,0.6236059781460713
2414,0.19652369618415833,0.672562603422861,0.6171469768045711,0.6786754013606207
2415,0.09781640768051147,0.789524795005659,0.7557327734421466,0.7850153709137684
2417,0.1824960857629776,0.5657046600200702,0.3528810651755019,0.6299352574765631
2419,0.14838126301765442,0.5902913482414688,0.34863385511034767,0.7372187474920064
242,0.1557413637638092,0.7250580825426302,0.7412178291366732,0.704505600101136
2420,0.06977785378694534,0.858060895095615,0.7949929746389244,0.8976287989327558
2422,0.034265533089637756,0.8174424796830457,0.5437326484530992,0.8742724800500004
2423,0.2518159747123718,0.45329831219113437,0.3186036966479357,0.3452786622837689
2424,0.09686493873596191,0.7628715911478188,0.654151575224217,0.6687897198706054
2425,0.34427347779273987,0.5372831840146538,0.7028740188555102,0.4974032428130347
2426,0.15182752907276154,0.7735880476023232,0.7606760584651636,0.738972299810396
2428,0.12683458626270294,0.7365115217181041,0.6135246713943324,0.6877652296881992
243,0.2972524166107178,0.48533148029384965,0.5585186904847712,0.44214608078632056
2431,0.043072693049907684,0.8537751183430837,0.6606594643928169,0.890545157209466
2433,0.10651253908872604,0.5197642296679171,0.20309951331123827,0.5192511608426951
2434,0.08706647157669067,0.7149576802323829,0.3702765977287562,0.7633071008692087
2435,0.16541531682014465,0.8117372491198055,0.8160674196709834,0.715991331131363
2436,0.07304459065198898,0.5972040882755236,0.206655216684437,0.7181286424249544
2437,0.2222275733947754,0.39078644924665223,0.02429524607905592,0.2511847772764316
244,0.1469527781009674,0.5519309074871133,0.29625521218512163,0.6884356617917484
2441,0.056331340223550797,0.9275780818955927,0.8361282150590372,0.8956459937136738
2442,0.12693698704242706,0.6886552396024883,0.5907334850624936,0.6109834945004219
2445,0.07922469824552536,0.8457456990638512,0.7796713475831898,0.8592800090168056
2446,0.16555531322956085,0.6782668260343151,0.7146853612574289,0.6760173684002933
2449,0.5164138078689575,0.24424930059229535,0.036777786786655525,0.2509386208420752
245,0.12890568375587463,0.5802024209632216,0.3072355142436115,0.6589536799433016
2450,0.30995458364486694,0.43140675512784477,0.39050846199508715,0.36491821596358553
2451,0.09692361205816269,0.7740453448487323,0.5421946063114812,0.7505426123664789
2452,0.08045251667499542,0.7730037830562412,0.4126361317867581,0.7804474106044472
2453,0.36845746636390686,0.41029011988846986,0.373887631310255,0.34336462664414646
2454,0.12007949501276016,0.76079453656622,0.6219523074518496,0.8062351017299677
2456,0.14199770987033844,0.6827907150431352,0.4727431173189508,0.7226195766952269
2457,0.06261999160051346,0.8933948368527653,0.790662806076316,0.8643521023940826
2458,0.09489204734563828,0.8457888503933874,0.6438530892045525,0.85477665193012
2459,0.2039533257484436,0.40004826768397,0.021753046262387367,0.2511492951201939
2460,0.2520044445991516,0.5810004441139373,0.6780417943915532,0.5544641387523654
2462,0.28139710426330566,0.36273363615682946,0.050792744212766305,0.25507396515873004
2464,0.03913005441427231,0.7205568101913604,0.1936366268035572,0.6406607364460188
2465,0.15809643268585205,0.7996052719049536,0.8283985812434999,0.7342601730312928
2467,0.1904883235692978,0.6045920151847766,0.658432823330793,0.5667465553943489
2468,0.17828787863254547,0.5833593903788077,0.32441874252415653,0.7213493808298725
2469,0.04359866678714752,0.8466456735930961,0.6946325431411783,0.8276899105733704
2470,0.08171054720878601,0.7306745234697354,0.2613462589063536,0.7025476570126565
2471,0.5556548833847046,0.2949197965963039,0.34989453407691673,0.2786942809249678
2473,0.13661351799964905,0.7812686730392091,0.8201556598843411,0.7815786026135394
2474,0.26575687527656555,0.36933634051706765,0.02167750863708686,0.25039578058501955
2475,0.08676410466432571,0.8134090622119754,0.6861639042640082,0.7909181180618821
2476,0.1169758141040802,0.8199207283094869,0.8063586164730434,0.8094116619541052
2477,0.08254049718379974,0.8534152680694846,0.5875583598743173,0.8521687612172971
2478,0.1300511211156845,0.44065909612330517,0.0576569938022782,0.26032895216221696
2479,0.1298406422138214,0.7900845106237401,0.6349761284643364,0.7255889592812688
2480,0.06547152251005173,0.9119320634145918,0.7309136848483704,0.8627882092982053
2482,0.18858693540096283,0.43814395674700113,0.25883529293231783,0.32538737856608424
2483,0.06276939809322357,0.8855484994740825,0.7735713032938764,0.8762485504643172
2484,0.045003436505794525,0.8766675567656439,0.6065912388203707,0.8861391570542887
2486,0.1146363914012909,0.7499146926053291,0.7660425792428274,0.7789347578170198
2487,0.07031870633363724,0.8895649493338376,0.7046632045812455,0.8715966798572956
2488,0.21097004413604736,0.5922693747479677,0.5678141776401153,0.5075117425950352
2489,0.2244030386209488,0.60847103324078,0.5161585411048585,0.6176233290717841
249,0.09824399650096893,0.7070216398378177,0.22719012329663152,0.6590008836342387
2490,0.08941963315010071,0.7231928246526403,0.6740021198462733,0.6259252363663537
2491,0.11365776509046555,0.6938331887576143,0.500636230815828,0.7319005539032165
2492,0.18402335047721863,0.41040270340962504,0.025038703563255386,0.2514515523594255
2495,0.20508354902267456,0.6041029952781594,0.5864096086352664,0.5808773253219672
2496,0.11273910105228424,0.6468643800148417,0.48144325804235266,0.484853213753827
2497,0.07478686422109604,0.8602781493337819,0.8363905490021611,0.855382290975496
2498,0.028665443882346153,0.5343741081116842,0.1990927793558109,0.3994572802913011
25,0.6489886045455933,0.2537044240566818,0.3943669203532286,0.22241672312660488
2500,0.08905027061700821,0.7848610850143789,0.7456954024607448,0.7254835616389967
2502,0.11290240287780762,0.8024989208618474,0.6842621274401472,0.7952356767036973
2503,0.1508379876613617,0.43470905923228853,0.11585323637060521,0.27964614039989494
2504,0.1263025552034378,0.6154083231975398,0.4387833203585057,0.598119398738749
2506,0.11908181756734848,0.7163725728111603,0.44645192932763017,0.806124883340848
251,0.12296237796545029,0.6977642156560715,0.5843459256343487,0.602609720741013
2515,0.12448952347040176,0.841669227629922,0.7950247234621378,0.822873193036117
2522,0.11984971910715103,0.5730218191384573,0.1597738046943186,0.6683985258431149
2528,0.11509855091571808,0.7504175964341033,0.37550475726683485,0.7338223456977433
253,0.04965311288833618,0.8483197194808998,0.6508682916855985,0.8741556894776532
2530,0.03019174002110958,0.9368711901412767,0.8267035119819904,0.8950160506200531
2531,0.17471104860305786,0.6143834545271453,0.3214962189068618,0.6931443994281836
2532,0.2720126807689667,0.520170147820824,0.18127505098816463,0.5739365854081425
2533,0.07047629356384277,0.8205512521040417,0.5451242949632022,0.8592652965372269
2534,0.1395185887813568,0.7622526595056429,0.6572089295751906,0.724986105644604
2535,0.15711651742458344,0.7371962439723818,0.7021153775761054,0.7682277607980512
2536,0.09844056516885757,0.634082921290245,0.2948508495049476,0.5980275392297268
2539,0.11207648366689682,0.8231366189831655,0.667593472987599,0.82057474141945
254,0.2916601896286011,0.3586052089393693,0.06111641338372666,0.25850850222625266
2540,0.11520248651504517,0.8273646914316122,0.7799939746420836,0.8380906525934815
2541,0.09744572639465332,0.8721507757669666,0.8001517449075949,0.8341681246778836
2542,0.2323274165391922,0.661546347861854,0.796584739690913,0.641872071895286
2543,0.16312284767627716,0.4230986149461512,0.05695945881327188,0.259872364163358
2544,0.09160710871219635,0.5577036499513387,0.24682119215390838,0.43316938531809834
2545,0.07546361535787582,0.7932029520205741,0.5733572367792108,0.8664150925733651
2547,0.05880284681916237,0.8432573876783949,0.5735635316752495,0.8933809035942772
2548,0.2972373068332672,0.5239741676294272,0.6595185890611929,0.5113211830205121
2549,0.10230245441198349,0.4794303866995519,0.03893776967845974,0.6671665670864072
255,0.062415655702352524,0.8055876676809397,0.5231972760094517,0.850166328686528
2550,0.10729816555976868,0.8064177877682824,0.6524810916233985,0.8099480161300032
2551,0.147032231092453,0.7996543747024951,0.8054049721623102,0.7793163423784867
2552,0.07536102086305618,0.711550757867509,0.41769353338852433,0.6245791596916513
2553,0.10927395522594452,0.5459685541913568,0.17649979698451132,0.7178107394986619
2554,0.09753531217575073,0.7151026183839735,0.4187914269132477,0.8221940644320049
2555,0.23582731187343597,0.4252426213815724,0.3389139174651835,0.3516613857539738
2557,0.10729040205478668,0.5953106508972457,0.3160169832129744,0.6792033750183413
2558,0.09516045451164246,0.7857760762899231,0.6801333818260916,0.8316699349424395
2559,0.08721131086349487,0.6922866749947101,0.3481579074946386,0.7743903289997794
256,0.1429414600133896,0.5553220986059892,0.49603422487419696,0.7276513226252143
2560,0.30601441860198975,0.49037527038687423,0.5861677624860072,0.45436667815494336
2561,0.11108627170324326,0.5743646410817849,0.36107948010142266,0.713365425424961
2562,0.09799136221408844,0.5635100542354405,0.2588342201957197,0.4594965451562068
2564,0.17244093120098114,0.6676406075072512,0.64672200123062,0.6970532505146129
2565,0.09276164323091507,0.6568876004258708,0.22348977744109716,0.6936091976570816
2567,0.1335458904504776,0.6395766354134628,0.3003109770470324,0.7248023397230061
2568,0.08206654340028763,0.6212870343573502,0.22987719844310978,0.7739114776620499
2569,0.14775337278842926,0.822244892553295,0.6803692430700565,0.7835674769646409
257,0.22786402702331543,0.619350703787389,0.6858785955357526,0.5743820105209008
2570,0.05978958308696747,0.8003244841124191,0.48061846246812084,0.8604225999199061
2571,0.11348612606525421,0.8391618904230045,0.7788265074905151,0.7491366510848051
2572,0.1532842218875885,0.5827547704290325,0.37688462321923616,0.7423735497365407
2573,0.17587849497795105,0.6938679911389525,0.6587510870345067,0.6465265643196547
2574,0.20155735313892365,0.6251396375533136,0.4529703074091541,0.6803940521988512
2575,0.06863390654325485,0.9020121497238991,0.6695601966302585,0.8535660904681015
2577,0.06444491446018219,0.7677802646717672,0.5594957579807813,0.8010177340385292
2579,0.07512727379798889,0.6903174561144927,0.41597392525752186,0.7907253209839775
2581,0.22253979742527008,0.6483334896845107,0.6721461213044322,0.6779477526104623
2582,0.06753405183553696,0.7706690979035844,0.4345911444192613,0.7628303405487775
2585,0.09760913997888565,0.5233767142328355,0.13884038306819715,0.3939627245070489
2586,0.1423831582069397,0.6737527364546722,0.6339190880802057,0.6546169285085768
2587,0.07392529398202896,0.7591734334063507,0.4487076345705499,0.733884226745172
2588,0.06662841886281967,0.7998886564138938,0.41012340002490616,0.7109983034429687
2589,0.19954293966293335,0.4448637757660623,0.26709141669702524,0.38781535108580156
2590,0.14433003962039948,0.7078904585130819,0.5801134568786084,0.763959714731202
2591,0.07665413618087769,0.8230380602682494,0.6854134083969565,0.819130649244063
2592,0.10909594595432281,0.544077223391964,0.13227271913950053,0.571413222178272
2593,0.05804359167814255,0.8564030181982076,0.6831896177954749,0.8899744791634918
2594,0.1669771522283554,0.47059014669487237,0.13959218232321702,0.6076960734235539
2595,0.2364908903837204,0.6504853759575107,0.7121736576252233,0.6221797084440504
2596,0.07228918373584747,0.8741360086959669,0.7630850947744963,0.8426563262895409
2597,0.6767866611480713,0.19174104690097515,0.3062131263260798,0.20874482346386208
2598,0.22060799598693848,0.4557367578475135,0.35318968478829543,0.3707383465376669
26,0.40044963359832764,0.45790275355832,0.4669682249326308,0.41477920061216855
260,0.13662898540496826,0.42213189757423963,0.011464881987541515,0.5578422809021469
2601,0.05248657241463661,0.7432759327454825,0.5705742567980054,0.6599233217173734
2602,0.3035988211631775,0.36538520910072636,0.17757410494898535,0.28968959241886283
2605,0.06580766290426254,0.8142172523491766,0.47441572726180137,0.8355452986313323
2608,0.11475828289985657,0.8681399797082521,0.7127549609117821,0.8149311021490316
2609,0.14266075193881989,0.7052711241164542,0.418929239940166,0.781981274723112
261,0.24811279773712158,0.443141871234767,0.26335003785192196,0.3539102459852068
2610,0.2438170462846756,0.5772048883169951,0.6514965096499189,0.5283845965806573
2611,0.11973297595977783,0.5006125265385867,0.03788399381881849,0.46420804071772515
2612,0.1583496481180191,0.7084297470415217,0.6117613708737372,0.7388329598085226
2614,0.06302697956562042,0.8515137501700023,0.5867762463488767,0.8696808859189293
2615,0.059691742062568665,0.6732387055057097,0.3073673362233565,0.6480659671156827
2616,0.1945391446352005,0.40472414795143,0.0251546902437965,0.252991354401756
2617,0.24848338961601257,0.6427686070748826,0.6016986858276255,0.6548409770979826
2619,0.0857781395316124,0.5360480077926615,0.11892617032503483,0.4745457493378076
2621,0.05803385004401207,0.744955306128075,0.33834415825341796,0.7908664398722959
2622,0.13016393780708313,0.5919331886453594,0.21318087862336788,0.6525606644197873
2623,0.1988590955734253,0.757828056254063,0.7717940433601667,0.7269210241071787
2624,0.1702806055545807,0.725009533395939,0.5814291695085246,0.7509653880313232
2625,0.09974613040685654,0.7967238551518553,0.6583925897642215,0.7934683922966921
2626,0.1617281585931778,0.444150571501713,0.17614933988680093,0.3025452614198498
2628,0.08615319430828094,0.846494945405826,0.6199633424568735,0.8603035021749537
263,0.16232168674468994,0.4199956619587099,0.08930112134741354,0.5129932728532959
2630,0.1387801617383957,0.6858299660631624,0.3326386760318869,0.6534933526433598
2631,0.15335087478160858,0.6781907214040185,0.654121434031318,0.6434714354892029
2633,0.12791244685649872,0.5647090685543014,0.2018411904702354,0.7714958429164931
2634,0.08969981968402863,0.46251562999428986,0.05018285212953386,0.28813336072251083
2636,0.09841427206993103,0.654346387485679,0.2547956441056989,0.7038634000296334
2637,0.23598462343215942,0.5379394707028099,0.3280639484735167,0.5736338619027039
2638,0.22768616676330566,0.6938450272084551,0.8023071704591072,0.6607128609118231
2639,0.1667911261320114,0.7189248936873085,0.7532454823014653,0.7148161686877892
264,0.022281253710389137,0.6461153791774505,0.15623381625741728,0.6065921854784257
2640,0.11399691551923752,0.49022568744955763,0.10814861079344282,0.7898838502400529
2641,0.1860998123884201,0.7370333514541763,0.8157512020958424,0.7110396474687453
2643,0.44845810532569885,0.3899117946531883,0.5406274096969821,0.35785773973996216
2645,0.06912293285131454,0.49159925360519985,0.09511522861922292,0.2991861322408724
2646,0.20705042779445648,0.4140571305646247,0.18313187323806634,0.29565555217880235
2647,0.1941712647676468,0.651482958768577,0.6901099058639532,0.6122930639783657
2648,0.0842452272772789,0.6528354329079061,0.22657534291881906,0.6946496587756861
2649,0.12567800283432007,0.7955538735217875,0.714531390577922,0.802137451655246
2650,0.14204742014408112,0.4355891194114668,0.05399503021797845,0.26199331180990026
2651,0.05128340423107147,0.7626131927399844,0.40578388556288714,0.7936603062406429
2652,0.17910511791706085,0.5901378026738724,0.5281701548601023,0.5656215399784933
2653,0.13077013194561005,0.644141997115186,0.3699479822211534,0.6231896862892861
2655,0.14037907123565674,0.49164881817547745,0.21574700197766344,0.35652892409540904
2656,0.11763767898082733,0.7020900115830686,0.6362539745695958,0.6063243113614099
2657,0.1524069458246231,0.44189762197558347,0.1347233872547128,0.6539424930381696
2658,0.1407219022512436,0.6840433423882541,0.6301753008685774,0.6754406223485241
2659,0.25743985176086426,0.506199548431093,0.4146424630105404,0.43310848214193415
2660,0.2334141582250595,0.6566167054704626,0.6440416438872714,0.5682134085888616
2661,0.10315800458192825,0.7316179819966107,0.3765215178521169,0.7339943203240936
2662,0.35450807213783264,0.32618587881741906,0.04173269658282938,0.25435525548395377
2663,0.13718637824058533,0.7068350134492463,0.3410968935547781,0.688212693718425
2664,0.1445256769657135,0.5721065207361449,0.3857792275199859,0.6267377918200825
2665,0.19714418053627014,0.7202177436689388,0.7091047998963474,0.6487763718566982
2666,0.20788414776325226,0.5329811543460047,0.4974640349112799,0.4730740354288527
2667,0.13511168956756592,0.7418004421480093,0.6757090856074878,0.6763468885840307
2668,0.06937342137098312,0.5987586228615587,0.21299126747502312,0.7833556792718511
2669,0.20186632871627808,0.4952479977536557,0.22355022132239283,0.6323682848586418
2670,0.14204174280166626,0.7792712618534575,0.7853910414147489,0.7545637668722732
2673,0.14379853010177612,0.44097379690715305,0.08138078004523824,0.36595703327276907
2674,0.0769382044672966,0.7753163488690439,0.344685845385952,0.7330801086084838
2675,0.06347855925559998,0.7597944399476906,0.5179077587788956,0.8781783087170388
2676,0.14496994018554688,0.46387277795668175,0.19125136416688618,0.3210633870375589
2678,0.6110063195228577,0.34205887870356116,0.6665856586126441,0.21545797805780892
2679,0.28692626953125,0.5015610401746855,0.5161135000095456,0.4287109976605016
2680,0.17514334619045258,0.6864464852881821,0.3543694875180738,0.6731265427801478
2681,0.1863057166337967,0.6633480663943739,0.6575861894162437,0.6210771109392381
2682,0.10077087581157684,0.8134976392899365,0.6478448035573908,0.790982516162755
2683,0.1543392837047577,0.7451507366020034,0.7524667356533482,0.78614504473989
2684,0.21456660330295563,0.5639218171445111,0.4947584192177764,0.4853171539011738
2685,0.30233004689216614,0.46922098613015045,0.529942013317802,0.4284721024164184
2686,0.10498952120542526,0.8732574539811432,0.8817519439954908,0.8458552909240824
2687,0.2215551882982254,0.4366038852294396,0.3516528036509948,0.3750760431368422
2688,0.13854365050792694,0.4754784621411443,0.1383089185426316,0.6945501089384138
2689,0.2185956984758377,0.6621364544230199,0.7585339988835298,0.6404182960598535
2690,0.12005781382322311,0.7397158708765625,0.4936882090043314,0.7864586178337913
2691,0.05589969456195831,0.5071171911071766,0.16430011894585042,0.3206255906497802
2692,0.08346178382635117,0.8503279053619237,0.818473030239221,0.8577613824527969
2693,0.09292955696582794,0.6272832592080502,0.26683669190340076,0.660548400249596
2694,0.08108928054571152,0.805013806180768,0.6568411925624816,0.7921928756572448
2695,0.134017676115036,0.8007877478824981,0.488621441123168,0.736061396186113
2696,0.176388680934906,0.4611935540195489,0.23849486090874975,0.34257654887742983
2697,0.2013959288597107,0.6795780900023873,0.5892305177686356,0.5937364859470388
2698,0.03784070909023285,0.7650214803855441,0.3614837211954978,0.7940971948724611
2699,0.37389445304870605,0.47598790276462466,0.5601733181661843,0.40613635879447607
2700,0.0913492739200592,0.6595480127005631,0.28326082742078423,0.7378659742450342
2701,0.26438823342323303,0.39058839479740903,0.2013735712787445,0.29928418996247014
2702,0.07407238334417343,0.7100242328661978,0.3937781088711014,0.7972610047056596
2703,0.0747406855225563,0.8688505357873499,0.7116977847671299,0.8686321506995549
2705,0.08714202046394348,0.7945882531450088,0.6901007952486722,0.8161455111573008
2707,0.11292009055614471,0.7603058796990333,0.6526632851411339,0.7769436740282251
2708,0.12445275485515594,0.8377954908104733,0.8154119091339167,0.7763347124776496
2709,0.0933234766125679,0.7863726457403164,0.613334162089018,0.8169288706731199
2710,0.09368087351322174,0.7024563633033183,0.5395944526639868,0.756080194228747
2712,0.08490172028541565,0.7014840125707453,0.5268812545945888,0.7252144012037842
2713,0.15861456096172333,0.7579690840395574,0.7765350786246543,0.7143327785975977
2715,0.07494965940713882,0.6238172726793152,0.2872480581205267,0.632557717844054
2716,0.06424064189195633,0.7919300610582961,0.6322276068351451,0.8924170503955502
2719,0.04185613989830017,0.730117962789543,0.3849898965874347,0.7955676912289091
2720,0.300209105014801,0.46144548360870846,0.5021310002285495,0.41851270822701414
2721,0.28397685289382935,0.5698133343270323,0.6290038241701186,0.5164156006110308
2722,0.052786801010370255,0.7968874069786865,0.39484677821346953,0.7974475578744684
2724,0.08202385157346725,0.8432509737079541,0.6963830807185527,0.8550626122006639
2725,0.056030791252851486,0.7169507126290118,0.3925011793023033,0.854984123583727
2727,0.05908823385834694,0.8030220581180687,0.4101035306277928,0.7666886013763554
2728,0.06815751641988754,0.8383948145904219,0.7577346842323618,0.8619202646208292
273,0.22906094789505005,0.5600348422452996,0.5798613422766462,0.4939808676390807
2730,0.04734191671013832,0.6951280559186978,0.37718437152665174,0.8548752821051044
2731,0.1289263367652893,0.4707159383759849,0.24043329286701315,0.36078185837943066
2732,0.07392852008342743,0.6991833746614854,0.4576437149318792,0.8434718039285942
2733,0.12727169692516327,0.5666606548765047,0.47814168634235105,0.5681246860158704
2734,0.04574095830321312,0.7610458874793384,0.5398840147542506,0.8984357979391513
2735,0.026410795748233795,0.7101959318633627,0.2581053099718304,0.7325039199257694
2736,0.2212037295103073,0.666722792311295,0.7161758767053945,0.6353695801298975
2737,0.06824128329753876,0.7533034547921975,0.35205545684650386,0.7700450998060783
2738,0.04379446431994438,0.5397176056061191,0.1404938454277999,0.7893773063585091
2740,0.10816018283367157,0.6480724109642175,0.46829140833302935,0.6367026787974384
2741,0.17563621699810028,0.4991734298048658,0.19041062996570957,0.6193274414054826
2742,0.08324849605560303,0.7856169925088332,0.7220974193196624,0.7219351294039015
2744,0.05768658593297005,0.554352402881264,0.13942653146923284,0.7393060474289385
2745,0.037786126136779785,0.9170457667578105,0.6614772469546513,0.8555772118716911
2746,0.1148877888917923,0.42880141004305977,0.016535097206989972,0.7709681235291914
2748,0.16161896288394928,0.48769810515479073,0.3634101001641524,0.38981067900664124
2749,0.08540454506874084,0.5849826517216205,0.2272323344745011,0.6318178187540051
2750,0.07533171027898788,0.5284020743136353,0.11297438258108462,0.6042453698434892
2752,0.05401299521327019,0.9030414418870703,0.682942500571354,0.8785723624223385
2754,0.0651962161064148,0.5875820118080557,0.21193141814695132,0.62506004365737
2755,0.08834865689277649,0.6411632661299191,0.3763495726082185,0.7986278575540167
2757,0.156972274184227,0.6264620676452507,0.5806273382701655,0.5615897702833947
2758,0.05855240300297737,0.5791984087476344,0.2091447600819171,0.826989736391635
2761,0.056421320885419846,0.7266702420632005,0.4449402742441667,0.8509753291172896
2763,0.045161087065935135,0.7364057807816393,0.4210626484535611,0.8193071891232979
2764,0.029842061921954155,0.8119980965253637,0.5271762248620564,0.9067111631642394
2765,0.10420956462621689,0.7877414238508447,0.8279773454714405,0.8017381541007398
2766,0.08794774115085602,0.7705310966584352,0.7371564872029323,0.8208709969356722
2767,0.03557087108492851,0.8587600535027314,0.5809868399542811,0.883119307065559
2770,0.06043672189116478,0.6360457580091126,0.37591383134912215,0.8182893454062607
2771,0.07455980777740479,0.8216739246645732,0.7115286272692549,0.8538340365217909
2772,0.10129816830158234,0.6681209590876,0.3229707210221636,0.8022124415217728
2774,0.10676143318414688,0.5482213054281211,0.22787352804263594,0.8113599507939355
2777,0.16229569911956787,0.5963479495210291,0.4921885479082121,0.4942712284865737
2778,0.11826854944229126,0.7800680099443604,0.6329209301677449,0.7770290159843235
278,0.019790302962064743,0.7622279636938827,0.3380727038821299,0.7750825199479249
2780,0.04958868399262428,0.7968894304083405,0.4959742673113383,0.8569488687947813
2782,0.06318695843219757,0.6517435318482252,0.1604003234505141,0.5392995853680792
2784,0.09701652079820633,0.6555248225687982,0.6045213041494097,0.6059565329108447
2786,0.5498005151748657,0.2563418791525012,0.2899210610898195,0.2667551400463206
2788,0.3121492862701416,0.40956291249820453,0.356067480088199,0.36850045346940125
2789,0.047563809901475906,0.6321082611197419,0.291467233637815,0.6642736803193241
279,0.31815794110298157,0.3445830125284328,0.04634420432351255,0.2558828016212852
2790,0.07082848995923996,0.8988869297103774,0.8061671548009852,0.8795766357123298
2795,0.08769475668668747,0.8022586790575488,0.7647633821110499,0.8232392798199998
2796,0.10565061867237091,0.8342300200751598,0.6760457331356972,0.769760985940049
2797,0.023680459707975388,0.9214082631313284,0.705677416387927,0.9240519212773425
2798,0.09630080312490463,0.7111370557859478,0.7025129865160848,0.7225270900060975
2803,0.047517307102680206,0.8329615057116012,0.5053914596878903,0.8002469525377899
2804,0.12637801468372345,0.590814698161322,0.2502668630221088,0.7830609902964825
2805,0.06062573939561844,0.7054623688385844,0.2444526933602978,0.696380815168012
2806,0.04960674047470093,0.8541823766783025,0.8393663432146872,0.8455275662315693
2807,0.07188648730516434,0.7034023427277349,0.4643134539012481,0.6991316026033614
2808,0.20095065236091614,0.5691526759185279,0.5214181016868109,0.5320177510370803
281,0.1631496548652649,0.6789372448904493,0.6356561263429216,0.6388066578189715
2810,0.05503889173269272,0.7206210751237523,0.28048484079306885,0.7315903380230424
2811,0.137032613158226,0.6475560204016092,0.5590934362944867,0.6473089756531937
2812,0.0367792472243309,0.6240328623647853,0.21747150416124988,0.8330980314730836
2816,0.14949890971183777,0.5987700550657638,0.6130761872534015,0.5330108674515689
2817,0.19890829920768738,0.694212117896251,0.7353903644854838,0.6363697547248448
2820,0.1041228175163269,0.7825589846790495,0.5594041111831423,0.7867527124387451
2821,0.15931111574172974,0.7490640871090919,0.7639686488278394,0.7222374962341116
2822,0.0510602630674839,0.7805734964243568,0.5643819122776339,0.7535223919901735
2823,0.03734349459409714,0.502543315072778,0.030833070855463104,0.4625581996364968
2825,0.06178789585828781,0.7450219401894131,0.24844074996353974,0.6998701725580225
2826,0.07030241936445236,0.8139734173055841,0.5139905319733025,0.8153157719623803
2828,0.04386764019727707,0.6664388680724532,0.35937469233817143,0.6636039743950525
283,0.1261066049337387,0.44794844250078514,0.12848581854502636,0.28193562857952237
2830,0.06311433762311935,0.7866461046037261,0.5899472523619589,0.8601331635486853
2831,0.033223625272512436,0.5465386602195834,0.13215605446095297,0.7263011136070447
2834,0.07661209255456924,0.6188121554312564,0.20217102327956288,0.7351914433033993
2835,0.10056307166814804,0.7978313585632384,0.6100568418897567,0.8610030708733718
2840,0.020482730120420456,0.5089951904972794,0.030803527384750774,0.26413117873711267
2841,0.1713528037071228,0.6573361168070257,0.7285413162660618,0.6291031453058593
2843,0.054220616817474365,0.7228850997807963,0.3622937503140551,0.8231584350261457
2844,0.2137584388256073,0.6317910669280586,0.6207876973610461,0.5783836246562192
2847,0.08023295551538467,0.7020129713393095,0.3912078338917213,0.7920931035433344
2849,0.051872119307518005,0.6817362619969222,0.28742754877916477,0.7890745790960506
285,0.24883972108364105,0.38080791693225535,0.07571252605804309,0.26445931385419896
2850,0.047092318534851074,0.8208524816231615,0.7648210288854915,0.8563877337576553
2851,0.06781039386987686,0.7376536606075601,0.5412641692220482,0.7504820478538525
2853,0.0632108747959137,0.8769481671890484,0.6935211761653661,0.8895554372627388
2854,0.12765365839004517,0.752188221962442,0.7484338508805815,0.7216829069965103
2856,0.07473506033420563,0.7733867578294336,0.6521786093034506,0.7662687020215764
2857,0.0866139605641365,0.8071242551595894,0.7153317446162641,0.6948229293699846
2858,0.10898329317569733,0.7306577798833055,0.6181453761228252,0.8014642305213662
2859,0.052424393594264984,0.6998128502973084,0.33790529875634273,0.7777425025477456
2860,0.18115979433059692,0.5541122300087293,0.5005703872153936,0.5014382574391522
2861,0.08570262044668198,0.8976486712862077,0.843293036350955,0.8308995878579946
2862,0.12073840945959091,0.5175106286655694,0.23240728512082307,0.35391551784780817
2864,0.05376984924077988,0.7259146733746198,0.4250123620737728,0.8572561410217687
2865,0.08755012601613998,0.6959225683298862,0.4941627122864149,0.7924704724035374
2866,0.0794038251042366,0.704963606449392,0.48610895579219604,0.7548973346300988
2867,0.0885436087846756,0.7323608404125677,0.5450519423923358,0.7830971825343476
2868,0.10140909254550934,0.806638771974076,0.7897938752468712,0.7925316455960738
2869,0.0703456848859787,0.7263795428727098,0.3902576448227161,0.7757976661318676
2871,0.08607058227062225,0.6784880531230304,0.27534654469498115,0.6996553643133541
2872,0.11445010453462601,0.5439638672847305,0.4010886813973468,0.48825032231519816
2874,0.10496848821640015,0.756522855734022,0.3495350080803301,0.7302003701624135
2876,0.07705967128276825,0.846783494815662,0.6751552674436873,0.8560691994758121
2879,0.0992051437497139,0.6701137396112056,0.4724241957659553,0.692844112366243
288,0.07303641736507416,0.7948982058318455,0.7132997064638767,0.8313122639289496
2886,0.1265241801738739,0.5889911086703962,0.28573233653327257,0.7726397157863829
2888,0.0719827190041542,0.4599343113604489,0.027343201374220007,0.8255491952245417
2889,0.23884962499141693,0.5129878999930497,0.4832867589516333,0.44928586419470823
289,0.21549825370311737,0.3944460788799063,0.027710202046256422,0.2536700588041622
2892,0.12269469350576401,0.5505196983334896,0.24751952926275034,0.8022606161619886
2893,0.051454491913318634,0.7681992688366566,0.33158145968933855,0.7466368736373705
2899,0.06622214615345001,0.47910887833890065,0.03997728496303011,0.3409373048264105
29,0.03249647840857506,0.942987697265036,0.7825802634677866,0.9375090355609978
290,0.2823964059352875,0.3627598789400568,0.06950454194696239,0.2636060790732214
2900,0.2363109290599823,0.5705361934766755,0.484440721595376,0.5623174416075319
2902,0.0719282403588295,0.5712634423414508,0.2648187680728425,0.8041911807107655
2903,0.17728540301322937,0.7074548944232188,0.7129929862441613,0.7634472460127548
2906,0.08829650282859802,0.7105769261447975,0.4836049560284752,0.7766136484982837
2908,0.09050090610980988,0.7508671976509322,0.4348321289626011,0.7825282162284536
2909,0.053667113184928894,0.7806384694786623,0.5045516911621324,0.8454717308396091
2910,0.14238214492797852,0.776802411241001,0.7103075189568514,0.7701826099373366
2912,0.2247319370508194,0.5845389262322194,0.6430232866005823,0.6124069186970955
2914,0.15939092636108398,0.5123154025777888,0.2848933742391619,0.5957522424096791
2918,0.09766271710395813,0.8418429448099716,0.805457009815329,0.8253804411591233
2920,0.07580634951591492,0.4967184328982053,0.20700027198138662,0.5751815776289807
2921,0.15379935503005981,0.6815864828506089,0.45994324738490117,0.7350010975033885
2924,0.13899199664592743,0.7778913396482343,0.5672286654868425,0.7982178213904725
2926,0.14519435167312622,0.7152013482095936,0.6261610926576641,0.6496174619637083
2930,0.06784357130527496,0.7939853704795896,0.6678332518983998,0.8454477053215861
2932,0.2176882028579712,0.5251839653925994,0.3779841525524847,0.5128265562566954
2934,0.27030810713768005,0.596069863433198,0.6860385822823293,0.5572326316136869
2938,0.03832411393523216,0.7583666833159948,0.4398470058725996,0.6340381115885062
2939,0.7449158430099487,0.16715435545262045,0.2723231804946587,0.20298185994224063
294,0.2181054800748825,0.4823604862660686,0.4116639919083469,0.3936041368868959
2940,0.06928820163011551,0.6610436272023196,0.2731238499326576,0.7573758791498744
2941,0.07919423282146454,0.7593586354163202,0.5022667118612909,0.8493908327869765
2943,0.2697587013244629,0.3683079257938502,0.04569143323045937,0.2556140900892727
2945,0.2701883018016815,0.5324985229224624,0.5883858860065804,0.4802235179800492
2947,0.19816775619983673,0.4218655719485206,0.2154043250007714,0.30876578416990974
2948,0.09706374257802963,0.7637073015608244,0.6050871217867286,0.8711625637941145
295,0.21438482403755188,0.395356287472328,0.03093210599185482,0.25328246820522804
2953,0.11717697232961655,0.5270754564947169,0.23330391932157485,0.49639923448507195
2957,0.08154460787773132,0.6741016725714217,0.5512582583282907,0.7157175581503382
2960,0.061512332409620285,0.844917975320453,0.6520031404023883,0.9091471117579583
2962,0.24213196337223053,0.5883641618227584,0.5767121243355141,0.5175810840908877
2964,0.07022636383771896,0.881671840919523,0.8593157555170958,0.8719048523311113
2966,0.16545912623405457,0.5143673897111908,0.36988563685822445,0.4168417477909171
2969,0.07019942998886108,0.6950011188996363,0.41163432231194336,0.847635086643671
297,0.17241926491260529,0.7061613260754822,0.7447892622366363,0.7393758014554068
2970,0.05481122061610222,0.5115520115633094,0.11703138216657662,0.7874674961437851
2971,0.13404488563537598,0.6738253332753118,0.5333441521688262,0.6603053654842976
2972,0.19938355684280396,0.5870013853437668,0.6301835364849863,0.5291845923769511
2975,0.1790875643491745,0.5582108767958933,0.5610067631831368,0.512880693101325
2976,0.1401861011981964,0.709462662929414,0.6152630508758407,0.5925544728291541
2977,0.14044341444969177,0.4330175262674798,0.051903176720506594,0.774690330419838
2979,0.19713889062404633,0.547374210943648,0.24619418696600062,0.6809910837983371
2984,0.2131255567073822,0.6617558816365214,0.7329859187399044,0.6612335581775091
2985,0.09679818898439407,0.47220501048095626,0.19557867902290665,0.3609766417544726
2987,0.04230731353163719,0.46273397325848104,0.0035886572787234322,0.6883659517835112
2989,0.0495896190404892,0.5457723809944893,0.1618456915078917,0.8038988810840351
299,0.05708025395870209,0.901970583360648,0.7250736815895591,0.8591194471755863
2990,0.1987173855304718,0.5227016475942143,0.5224510702824583,0.5296320990321279
2993,0.11918855458498001,0.8022768698686011,0.7542148526680131,0.8025258183549756
2994,0.07550742477178574,0.5078601290336283,0.03201504405261905,0.3940742870564805
2995,0.0847332626581192,0.6857275299515199,0.41557761967239204,0.8331608758073434
3,0.14616671204566956,0.6791379109011887,0.5391148563268461,0.6525439466319654
30,0.16002409160137177,0.7470628456033983,0.734596970857466,0.681539796838563
300,0.11753477901220322,0.5064667585831357,0.2967439443675834,0.4022190430531265
3001,0.09029558300971985,0.8098928402318322,0.7623188697106037,0.8711098731583148
3003,0.13317741453647614,0.6481489356340392,0.6480040358973711,0.6117602041666315
3004,0.2140176147222519,0.4409905366284418,0.3441495534491048,0.3517485903292196
3005,0.05880364775657654,0.5514772185154069,0.09647498895192656,0.433545965824635
3006,0.19140033423900604,0.4063615089430168,0.02102291525044106,0.2519380426910648
3010,0.16391825675964355,0.4770199709812221,0.09674812279717616,0.551885604707101
3012,0.9002624750137329,0.0628383537765769,0.28254748675072516,0.06402417422281233
3016,0.0735728070139885,0.6952051156079166,0.25605748175517357,0.6530825028370089
3019,0.09501621127128601,0.706129255444417,0.5282670630687865,0.7412486332826888
3020,0.03498450294137001,0.46393144774776185,0.0032985715680569514,0.8255832935666108
3022,0.11266607791185379,0.826793398455077,0.6867348024783396,0.8048549153636835
3023,0.08399698883295059,0.8706871131109744,0.5791474519908506,0.8312318086098727
3024,0.14447151124477386,0.48139428259439243,0.25708835631376037,0.34792218592397695
3025,0.17799709737300873,0.5372452027412864,0.49005590730106313,0.45806344484863926
3027,0.024627352133393288,0.8708283934679808,0.5906813044745189,0.8898567586730219
3030,0.16299201548099518,0.4502470699134895,0.14187567457192066,0.6618564886692602
3034,0.056649189442396164,0.5461927394424007,0.1290115112765626,0.5200192476555772
3035,0.06841429322957993,0.6159050222419373,0.2122920443828794,0.7631583647313412
3040,0.11356272548437119,0.7677095337977665,0.7936855353632589,0.7762284103719685
3041,0.10103660076856613,0.7987984341587084,0.7684034544615076,0.7836213117118485
3042,0.04774894565343857,0.5764145377256954,0.0971407792065615,0.6808476194649358
3044,0.020137960091233253,0.6958960711222923,0.3785911685268935,0.6171420304834052
3045,0.10553324967622757,0.5605152327607573,0.17012514508232648,0.7143779772715462
3047,0.4950856566429138,0.3572675913595589,0.45166975065485315,0.30518402261146776
3049,0.03445875644683838,0.8013883725046225,0.3517466475358936,0.8015848992225352
305,0.067580945789814,0.5291365086314239,0.12766797799360904,0.33735143501637754
3050,0.049378830939531326,0.9254886837747003,0.8542006035476295,0.9193959979468779
3052,0.06398557871580124,0.7325262008550362,0.4766807233750475,0.8389980430165749
3053,0.16436420381069183,0.7007785168907221,0.65761224957017,0.5978980345675617
3054,0.07721535116434097,0.7797175657316522,0.6523862129585531,0.713443641045189
3055,0.09955176711082458,0.8101133157679102,0.7354720094207701,0.7902476571355266
306,0.07636819034814835,0.7087760092296227,0.4024848407846452,0.7855964874604064
3061,0.05362936109304428,0.6381317480358064,0.27743593772822167,0.866724964846354
3062,0.15783996880054474,0.7554540626085102,0.738186918370725,0.7782060992469855
3063,0.033257439732551575,0.7215200206877829,0.3332011502459139,0.6677394035846702
3066,0.07246919721364975,0.46567753615279806,0.016191975405400485,0.2504170581555027
3070,0.11647418141365051,0.6658257704438537,0.43482716861993087,0.807101767724407
3072,0.08161148428916931,0.7322625470014898,0.5688946803024861,0.656026474066491
3073,0.1175774559378624,0.5256963643702232,0.20308247378880714,0.6677307305036984
3074,0.026845188811421394,0.9204597058852637,0.7583025643417897,0.8796654620168833
3079,0.03104401007294655,0.5258129394005472,0.05729736864549187,0.5572958211092431
3080,0.0628313273191452,0.7101219181756897,0.2807602714379647,0.6803659826515329
3081,0.13287103176116943,0.7467180351742726,0.7107676792601665,0.7698784643654748
3084,0.0306861475110054,0.7625049201635843,0.36732888987338425,0.8027085767882964
3085,0.06733594834804535,0.7026858723458034,0.43666065973837165,0.582720501901646
3086,0.19158028066158295,0.5994278860589181,0.35614416853412845,0.6650218826535065
3089,0.06696240603923798,0.8274236409797882,0.7797970581526172,0.7844333301497539
309,0.4128560423851013,0.3890084424501297,0.5031318045441643,0.3677477240570058
3090,0.49950215220451355,0.40260952654009097,0.5374697280031213,0.3162379149247319
3092,0.09755193442106247,0.6579884538734413,0.27727200130549107,0.7744564502995968
3094,0.3598944842815399,0.32434462111320256,0.07663854497508127,0.27119271381310595
3095,0.20538127422332764,0.40354418547089116,0.1291594462732476,0.3569305350134775
3096,0.096221424639225,0.8377161729721166,0.7745915798986854,0.8075465225210646
3097,0.40310138463974,0.4161712797472008,0.533556324718802,0.3862504368562633
310,0.24688731133937836,0.4572066216241678,0.4895412231018082,0.43694436075416615
3102,0.06182776391506195,0.7413504594363323,0.6137194992326627,0.7587867393759441
3103,0.23770274221897125,0.5865124526584858,0.6319593345510767,0.5683853859640674
3105,0.11912890523672104,0.7419659827268987,0.6423842010068604,0.818840709142023
3114,0.16310735046863556,0.6829144759259316,0.41755446907218424,0.7413374359404477
3115,0.3269243836402893,0.34277765147863926,0.1395713047563945,0.28255963622102576
3116,0.12978433072566986,0.48256580170845226,0.10148076925287745,0.5992234683678923
3118,0.06212960183620453,0.7136188936775696,0.48099932893504305,0.832801174461133
3119,0.15309235453605652,0.6452518334432231,0.4982496921747199,0.7106849994322743
312,0.1158330962061882,0.6700935122528594,0.6686023334517956,0.5929120171274184
3120,0.06323518604040146,0.8809436362893858,0.7932429144417417,0.8859718192128212
3121,0.0606367401778698,0.7767105935907818,0.45222830714765805,0.8183136300398921
3122,0.21716931462287903,0.5954751896697519,0.48986495559431875,0.6052074909776174
3123,0.06033638119697571,0.7016400202982083,0.2827175928766736,0.7366757091347538
3124,0.06167498603463173,0.7521799724473234,0.3427601551453718,0.739081550181057
3125,0.04228707402944565,0.9271268340597953,0.7561059688653569,0.9139559529297758
3126,0.16057559847831726,0.6163439969926086,0.49325476603138135,0.6426332883807213
3127,0.251987487077713,0.3863242875549379,0.08453014688657833,0.2662687955515617
3128,0.0959506556391716,0.8103785804959762,0.5120413457492139,0.7950849676133824
3129,0.11417984962463379,0.662418014832163,0.48765418101620284,0.568415517649083
313,0.04730847477912903,0.6903921663438216,0.4096585858909135,0.7345718479223593
3130,0.08149825781583786,0.5474691886750711,0.13975670004129676,0.6899125033813474
3131,0.09835314750671387,0.6885688723395879,0.3819009505436711,0.7199073647420684
3132,0.07257741689682007,0.6520082477573343,0.21750479361929742,0.7342775079814496
3134,0.10475416481494904,0.5965793141126979,0.2266465959104492,0.6626761140153002
3135,0.10025307536125183,0.7180400435292296,0.47604655633028375,0.7297702184121506
3136,0.12261753529310226,0.6536123899651235,0.49317120097758665,0.7834921293770571
3137,0.0908680260181427,0.7962977289232571,0.5333547514440624,0.7882057345655038
3138,0.06880807131528854,0.6713616180451454,0.326862817740874,0.7023507756519579
3139,0.06201149523258209,0.6225752615429215,0.24665333185838023,0.7010084111094048
3140,0.05548354610800743,0.8452624392429596,0.6006154915119091,0.9026677977789996
3142,0.12200721353292465,0.6260518193746462,0.29777178478019234,0.7696441428566874
3143,0.10754365473985672,0.8210876582695684,0.76195956432598,0.779194896379949
3145,0.05768691003322601,0.7069301012347556,0.39764097241949076,0.8091514426682136
3146,0.11271572858095169,0.7520210177457076,0.7183505901842808,0.8057557971577904
3147,0.18152378499507904,0.750000689602877,0.6522138321653879,0.7211440216381894
3148,0.2268158346414566,0.5543469398681241,0.48256947856138416,0.5688887106139023
315,0.19077152013778687,0.5059637125381594,0.5081253651862292,0.4511742620184553
3150,0.28352683782577515,0.4782838985437995,0.4344047824445301,0.4711222680458391
3152,0.06045958772301674,0.7863770561681497,0.46990337585870573,0.7855550019430922
3153,0.060864511877298355,0.8608863173348211,0.698683861712959,0.816353829130122
3154,0.055862680077552795,0.8356311080147307,0.5920212999063676,0.8832883493997237
3155,0.07999318838119507,0.7816325508572649,0.5392833234149447,0.869238752847826
3156,0.13236820697784424,0.6597368900829175,0.6036638691283335,0.6257925594126098
3157,0.11536863446235657,0.6438532744001655,0.3426693146228392,0.7974368210590841
3158,0.08267071098089218,0.6307264564878912,0.2758643260577067,0.7849582413588321
3159,0.046083275228738785,0.7329763402324032,0.44055004003107995,0.6691227274327396
3160,0.10170018672943115,0.69012679632739,0.3569838000277736,0.7386000611387926
3161,0.10380946844816208,0.8019292985021125,0.7645198823623554,0.8506929066011621
3162,0.06026279553771019,0.6062567981925115,0.3891514856703859,0.4890373854777923
3163,0.045833565294742584,0.9030347246868842,0.7025645341661121,0.913467839151829
3164,0.2399526983499527,0.5503344259771152,0.5599805831847892,0.5127417254522743
3165,0.16353128850460052,0.4205377698184258,0.03261005135443988,0.2552078980085747
3166,0.06603088229894638,0.7846982987790455,0.44394403718942316,0.8472658540152156
3167,0.2920245826244354,0.3552866104606778,0.021088292613932396,0.2517878811635663
3168,0.1502513736486435,0.6938376394343272,0.6671597123123874,0.6436314951920352
3169,0.09838592261075974,0.7890718759107915,0.6991070652987208,0.7790269023217009
317,0.12526842951774597,0.7328500466978398,0.5553082563742721,0.7561881352451781
3170,0.10688859224319458,0.4752170109351059,0.054601463219867016,0.660540094546346
3171,0.1887063831090927,0.493429451124766,0.23238685922067376,0.6731113406684278
3172,0.13040021061897278,0.6182491701734305,0.37087713240622294,0.5473697969486264
3173,0.18452700972557068,0.6965908063479955,0.7390030948533649,0.6698084482703643
3174,0.05862215533852577,0.7858666014368736,0.5926766862223011,0.7312420341412766
3176,0.09493425488471985,0.7557446636200462,0.5304029164819173,0.8568075304110531
3177,0.2948382496833801,0.37021894397791955,0.19732969343484852,0.2938555923924511
3178,0.16305556893348694,0.5082153120590023,0.18704390747687924,0.7313088714371843
318,0.05593433603644371,0.5535170471848366,0.17957561043883008,0.8355233360432699
3180,0.11884753406047821,0.7688494124706111,0.6749941750142749,0.66824478955745
3181,0.11058536171913147,0.4482978236497426,0.035060111938771385,0.2536948937960236
3182,0.12921233475208282,0.7346397121238155,0.41401775790159434,0.7304091591021113
3183,0.06745319068431854,0.704344448155357,0.3796478032065613,0.6712638162004549
3184,0.18656502664089203,0.6933296076454382,0.5548414668505279,0.7018992756974569
3185,0.06564280390739441,0.8502689407483048,0.7342709460233938,0.8665386315247761
3186,0.13262227177619934,0.530882817575226,0.16511189567567686,0.6937216656303615
3187,0.10602021217346191,0.6939204556307872,0.39836311304426714,0.7030502119213353
3188,0.06556767970323563,0.7830492722362306,0.5589901660869435,0.8966939123942431
3189,0.3628787696361542,0.388585315982416,0.4192689401586079,0.36465130506845617
319,0.05893849954009056,0.8435403286705132,0.6625717963068563,0.8489669018086767
3190,0.11580701172351837,0.4442118336495099,0.019553529242898347,0.25207450606547144
3192,0.10724098980426788,0.7836207275061028,0.46643877115254206,0.7470145484196611
3193,0.1300591081380844,0.5306899977493514,0.1453186425741047,0.5425805921237947
3194,0.1739683896303177,0.5730610374115024,0.5362819738372046,0.5013190444687031
3195,0.20709367096424103,0.6449700524646793,0.6224639179589256,0.5612093605938352
3197,0.14833462238311768,0.6812111647693362,0.6951408466260653,0.685724801449652
3198,0.15329669415950775,0.44904875759398977,0.2011253938144225,0.31562976263189546
3199,0.04147402197122574,0.7830032992741601,0.38292261594596105,0.8200100546464681
32,0.14139322936534882,0.7143523839144699,0.5660208348653785,0.668678999213856
320,0.08985893428325653,0.8004403823616012,0.6375397099528564,0.8249734670548858
3200,0.21588516235351562,0.4471343683058639,0.3437811827480752,0.4045076534969472
3201,0.07270003855228424,0.7866709537101948,0.4723250373310884,0.8388850652137596
3203,0.21036522090435028,0.44567989933402297,0.19411888156434928,0.3348442022572813
3205,0.09605377912521362,0.6994859125253636,0.4107246253660677,0.7238026927490355
3206,0.06547796726226807,0.6426523409899088,0.35929109263293435,0.7685692829094816
3207,0.21455737948417664,0.6757967698299303,0.6565441459917867,0.6620301897837175
3208,0.0717911571264267,0.45894784245606046,0.007501842588003568,0.519682720902917
3209,0.06325117498636246,0.6787277874850843,0.3192711933649613,0.7812169197871858
321,0.12370002269744873,0.8284430647793933,0.7555489111346331,0.8107541396067566
3210,0.04865296557545662,0.6840362409404233,0.26855425436407204,0.5587918701627624
3211,0.07602964341640472,0.6830586937699321,0.29754968548043353,0.7064599053158014
3213,0.1792609542608261,0.7219748232883856,0.7848079906210843,0.6879994736411261
3214,0.226210817694664,0.5691660826452754,0.5387950821415792,0.5374329795508284
3215,0.07318438589572906,0.458778301296682,0.008989784746241965,0.5844650721037904
3216,0.10480339080095291,0.7505648425189073,0.5062303521985809,0.8247761157405769
3217,0.1043897271156311,0.7981594951813702,0.6519836900292134,0.7992929939769685
3219,0.06270039826631546,0.8038091071447356,0.5325459640508182,0.7679309508788617
322,0.2064887285232544,0.46736846759286327,0.3370779131052055,0.3567894975182315
3220,0.10824790596961975,0.7116489352240567,0.5315329932636743,0.7507821885808097
3221,0.051273711025714874,0.8771788144078967,0.5447295109259549,0.8693273572111044
3222,0.053293388336896896,0.804167550278916,0.5188886042450634,0.8540406402620442
3224,0.10597466677427292,0.5622366611949959,0.14175783585711005,0.5566832533824186
3225,0.24532587826251984,0.5506251937326081,0.5151737410752103,0.4962526580647767
3227,0.07380407303571701,0.8853208982628336,0.7400920539898929,0.881505469783628
3229,0.03741196542978287,0.7347082446577982,0.3123533262121036,0.7729858506813855
323,0.04577035456895828,0.5515254782311525,0.07050878011133765,0.6045657697758229
3231,0.057436492294073105,0.8054404401856492,0.48886179397406615,0.8364761754289565
3232,0.20843146741390228,0.4022184508571247,0.0944223030237701,0.27494194818675566
3233,0.24487584829330444,0.45254804546171323,0.4505604021627235,0.43145341722992836
3234,0.08091810345649719,0.7709511461656215,0.5247219348223847,0.8691563578416782
3235,0.08213555812835693,0.8453500733612368,0.6461991572729654,0.818262582239992
3236,0.41686296463012695,0.39814208161517933,0.41101821575315817,0.33884223301666194
3239,0.09989771991968155,0.8459910673015916,0.8118991107898781,0.8188305815771686
324,0.1469925343990326,0.5875612685905292,0.5022140073838814,0.7133695039432841
3240,0.2294941395521164,0.3944150165237376,0.10772533557345444,0.2697131092577787
3241,0.06366883218288422,0.7066042334725989,0.5191092231253898,0.8407913225014076
3242,0.07247505336999893,0.8230385380127827,0.6771331337724525,0.8295417303945477
3243,0.3976285457611084,0.38002998555754375,0.3407060469505374,0.3347122145582425
3244,0.0736488625407219,0.7607263836891889,0.6094066672590764,0.7610400166470238
3245,0.08246541768312454,0.5190421107529671,0.05950342918359654,0.5021808095946185
3246,0.1006007045507431,0.7985357352153273,0.6064118135901782,0.8102375823053325
3247,0.20135736465454102,0.6778983653688704,0.6279436626616669,0.6703377278100535
3248,0.06387622654438019,0.7595527655050641,0.40155721682695117,0.7777434267730315
3249,0.07447416335344315,0.6460755649459025,0.4597428259443553,0.8901173610476282
3250,0.06629018485546112,0.8421087906164706,0.6147810860084415,0.8864299960996003
3251,0.08074978739023209,0.8200688732765127,0.47977426864784234,0.8266256286793483
3252,0.23015783727169037,0.41322697626513877,0.27306176676920085,0.41569775866787684
3253,0.2622177004814148,0.4491461418133021,0.38863020134483334,0.4537088605146538
3254,0.20788180828094482,0.7210898702056208,0.7650438333641,0.6756745341585275
3255,0.17783980071544647,0.7007337723226116,0.614357116613102,0.727086867927035
3257,0.06592174619436264,0.8174106823366074,0.49949696113609326,0.8351586977847933
3258,0.1556939333677292,0.45929763062387263,0.24768166962814975,0.33832968968090094
3259,0.05707084760069847,0.6150177087347632,0.21643462332777577,0.653943058981775
326,0.19094790518283844,0.5992216326239577,0.5432460349564151,0.523670001504742
3261,0.06902232766151428,0.9126086893142482,0.7941037972771318,0.8945698224124808
3262,0.07741086184978485,0.7337886799718107,0.5783145149405619,0.7442332895127485
3263,0.1708405762910843,0.6077001424949299,0.5104685678919866,0.6400120888731233
3264,0.10487156361341476,0.7204689634184918,0.4787467838851672,0.7674792126348293
3265,0.41911011934280396,0.309324721418405,0.17452607149300878,0.2767834950077561
3266,0.23185251653194427,0.631272530843595,0.6804590312925274,0.6272788723535565
3267,0.03889956325292587,0.5800847537639617,0.08245440364127442,0.5368417118875046
3269,0.06020691245794296,0.6567096191107746,0.43694766986585,0.8139689560121135
327,0.037837766110897064,0.9392515006857063,0.8278872867516855,0.9036157228272448
3271,0.061079856008291245,0.8257774443203942,0.7191151223716793,0.8413317784350585
3272,0.08795986324548721,0.621637468159896,0.2835488415778107,0.4871034889348458
3273,0.0742856040596962,0.8579701098779173,0.6752599687827189,0.889730240855835
3274,0.1859445720911026,0.5445475440606792,0.16492456130638458,0.5668157863209635
3276,0.12359323352575302,0.4897252950040386,0.22021660309218435,0.6305466717191072
3277,0.1902436763048172,0.5451618930484587,0.5623592421317161,0.560958165647435
3278,0.043254442512989044,0.7661382021887835,0.47706047338814095,0.8969834840758408
3279,0.03744572773575783,0.664136316761315,0.1505405595275442,0.6057733830825738
3280,0.2702312171459198,0.3705095686601565,0.09031212797052364,0.26869456571122585
3281,0.06343185156583786,0.6950638289622824,0.32429120276179524,0.8037594655741289
3282,0.14373113214969635,0.7016859360935956,0.37713872513655294,0.7596665707381831
3283,0.1212887167930603,0.7191119275428721,0.6362527653354664,0.7001819528229195
3284,0.3618098199367523,0.4778605231584161,0.4884163841056958,0.4365604903884661
3285,0.4168696105480194,0.3959975571401234,0.47281805951523015,0.3529705041147685
3286,0.08869639784097672,0.5389467155237729,0.29866016183884353,0.388938962136624
3287,0.17621350288391113,0.5927246935971124,0.36344798247467663,0.6644131075581683
3289,0.08579003810882568,0.6855345003284321,0.41419904242917077,0.7647429710012816
329,0.0736948773264885,0.913012612471007,0.8435347112453387,0.8459871602679606
3290,0.03642286732792854,0.8607606329734905,0.7323883299224591,0.9081897195533679
3291,0.2552648186683655,0.4970169887782149,0.37228853347640684,0.45906653393299185
3292,0.09486129879951477,0.7152113204728083,0.4815162208223334,0.8277240096891426
3293,0.10258513689041138,0.4513445413445396,0.0025771609528645804,0.4229257365711487
3294,0.05393393337726593,0.7108485372153435,0.3597958617140851,0.8417463692103629
3295,0.11600570380687714,0.5027536375026423,0.07418297073589847,0.4238687727448503
3296,0.21633312106132507,0.561372741552375,0.5040895972887052,0.5107634241023866
3297,0.06283120810985565,0.4567469864994413,0.009505179720360846,0.7563353869151573
3299,0.20959289371967316,0.5719322657047179,0.5076836104442337,0.6499414898574076
330,0.24406930804252625,0.6139580059851143,0.6663792998218244,0.5415132936517433
3300,0.03194243088364601,0.8852642239404986,0.6159609333443257,0.8832136643204833
3301,0.028222180902957916,0.7890226627179284,0.32344431733534046,0.7675004864681654
3302,0.06220380216836929,0.6828208833703325,0.3149719941939035,0.7154175212567104
3303,0.06745756417512894,0.6770247707649704,0.2493292530245354,0.7490728049002038
3304,0.12486917525529861,0.7044706847859437,0.6988221199007718,0.694608855907858
3305,0.06063713878393173,0.5252995641022691,0.27635189031949825,0.3795063438422227
3306,0.3189982771873474,0.3596676155104061,0.17525854014297304,0.294140634664462
3307,0.3568491041660309,0.40362231066464754,0.2928757067280007,0.32297302518195387
3308,0.04584646597504616,0.7117043760909324,0.32259916838634334,0.7472099146269663
3309,0.054792620241642,0.8200225256742347,0.590947656216662,0.7822468416086557
3310,0.07697183638811111,0.8172260483087015,0.8044284548362147,0.8797296602581541
3311,0.11955443769693375,0.7797035085324835,0.5213183699087885,0.7377257541378205
3312,0.09471221268177032,0.619352493163598,0.3604304592737592,0.7658783276098704
3313,0.04068978130817413,0.8543208079498856,0.40930407404790176,0.7078914488557919
3314,0.07475744932889938,0.8732199388582951,0.7171508734683705,0.8834543953450142
3315,0.1454361081123352,0.7536147239428803,0.6721695569567726,0.7574050787095181
3316,0.0681486502289772,0.6920035621703213,0.3491307224616512,0.8499816531036815
3318,0.34417107701301575,0.3868926993732939,0.36729142850174185,0.35640517249143977
3319,0.31021031737327576,0.3612987239216613,0.1865328044062324,0.29261126958249306
332,0.2863771915435791,0.6985235376293443,0.7506347658577356,0.5943000109406193
3320,0.10815174132585526,0.6451005920486537,0.2637943239318763,0.686928532424274
3321,0.05705040693283081,0.7529788142458109,0.4242223208034537,0.8232171246172587
3322,0.09160756319761276,0.7532249910043758,0.447403935855611,0.8169968652998862
3325,0.13529710471630096,0.5965134048539265,0.1347012266610313,0.5201439248620967
3326,0.07556501775979996,0.7436285464407,0.7094978765957302,0.7775628595566693
3327,0.07167764753103256,0.8418182760666537,0.7532772666789644,0.7860446280342304
3328,0.03870671987533569,0.6323785465830332,0.223610579234044,0.769434584561768
3329,0.08232590556144714,0.8634366081212796,0.718655498289517,0.8425229219648128
3330,0.3284442722797394,0.49629493212053266,0.5561191472093918,0.4311140264266712
3331,0.10062709450721741,0.6892839597171321,0.3350088594615381,0.722384404821658
3332,0.05216327682137489,0.8557980073428222,0.6021530325832428,0.8971719605918307
3333,0.09953412413597107,0.6759402345172748,0.3202293889976503,0.7810757494202043
3334,0.04784681648015976,0.7653164711643206,0.4020380148975468,0.8135021235509743
3335,0.09366510063409805,0.7891679634581332,0.6841332334915224,0.8033054840195912
3336,0.027748074382543564,0.9454386201777587,0.8255037177270005,0.9384139568354336
3337,0.05781027674674988,0.7146874677759649,0.3049080854341398,0.7404807250075583
3338,0.08201690018177032,0.5761495280983293,0.13774970439538348,0.5703911413535492
334,0.07992884516716003,0.8324599148957662,0.7663499243882247,0.8159131519556031
3340,0.1623455435037613,0.4409023599162211,0.16029554634994375,0.3305541293670369
3341,0.06280402094125748,0.6583927597158835,0.30289296084530565,0.7181012784487437
3342,0.13440866768360138,0.7126483463020754,0.3769268287868852,0.7438440650677793
3343,0.07076714187860489,0.8259412531920033,0.6702320616368311,0.8664754923634189
3344,0.024393230676651,0.758171562300295,0.43458199166384226,0.8755935751843025
3345,0.06589000672101974,0.7847416258492605,0.6083560774544716,0.8606055410246705
3346,0.11692975461483002,0.7523229266702003,0.6426034445905954,0.7669134432464448
3347,0.06329019367694855,0.780962081091767,0.4227049678689355,0.7882636538603218
3348,0.03119407780468464,0.8545216457425973,0.5535022113263586,0.9036507854306743
3349,0.10660175234079361,0.7794745751322787,0.5527452493518462,0.8196148818865147
3350,0.08290142565965652,0.7694085157123023,0.41525055952130374,0.7870281173792398
3351,0.03333871439099312,0.8228155149161156,0.5697656005847889,0.9068601011472286
3352,0.0312604196369648,0.6600668320987588,0.25473049234441414,0.8042393119500681
3353,0.489192932844162,0.3259520562641098,0.3374768241367318,0.29244265785278256
3354,0.02377396635711193,0.5210529475695004,0.03680459771657246,0.5913816018689408
3355,0.026004953309893608,0.6316337976221911,0.2182140843943318,0.6919339232244048
3356,0.38442766666412354,0.461215273900584,0.5727538302753767,0.4662037386100031
3357,0.04685261845588684,0.7485965867796484,0.3098735366890409,0.7703387245978908
3358,0.08395234495401382,0.46759092801079616,0.05616147924274873,0.629264719750829
3359,0.08188164234161377,0.7629738509976947,0.4584940024016752,0.824746196595282
3360,0.06377749145030975,0.7038099929988673,0.6336119554355963,0.7307458435764473
3361,0.06956058740615845,0.552555640193123,0.08466008799498462,0.4695199700803365
3362,0.10617086291313171,0.4356191626863251,0.025068650918239017,0.6837837472280488
3363,0.11723755300045013,0.6749410733719832,0.6807149867494898,0.6370416507645568
3364,0.08576981723308563,0.8129609789622242,0.7440624664319555,0.8269746159512676
3365,0.08879093825817108,0.7572104525597241,0.674244191305033,0.7846037514017936
3366,0.16035206615924835,0.7134243585293596,0.5624092178144184,0.7865756959073732
3367,0.04748120903968811,0.6763014333561744,0.19786522983957508,0.7318312133399767
3368,0.07365962862968445,0.8148884679371973,0.7101357789126125,0.861086383343671
3369,0.07216133922338486,0.5287984395630713,0.09469060942786388,0.6908218381559413
3371,0.1190924197435379,0.4307212062530788,0.0021584636026145305,0.33799343664082687
3372,0.18841561675071716,0.5715639564851169,0.5430687738001114,0.4841787548981548
3374,0.041913438588380814,0.8883243139275887,0.7174342831868198,0.9068495097673983
3376,0.18727068603038788,0.5599322427564725,0.6041359338841152,0.5569480200575748
3379,0.08599068969488144,0.8354901963216181,0.7462781168066154,0.8154733731415973
338,0.03582034632563591,0.8461835324414595,0.4655585882803825,0.8566501907951602
3382,0.12522436678409576,0.578141242226568,0.37188864601620464,0.7219472866026874
3384,0.06681666523218155,0.8779053977351806,0.6817288791178079,0.8560843527296683
3386,0.04598216712474823,0.7196284914244307,0.22709731751918058,0.766732131852284
3387,0.21757224202156067,0.5407804541208459,0.3800297093549126,0.6373976077251631
3390,0.05921374633908272,0.7237187174914501,0.381706638932234,0.8084347567025345
3391,0.14531750977039337,0.7911800611011538,0.6681053963356314,0.7946417615668496
3392,0.08133385330438614,0.7058363860460775,0.536488968032411,0.7207924176307057
3393,0.13581129908561707,0.7214188765239018,0.6892014469137354,0.7330257474881605
3395,0.04213548079133034,0.793356944220154,0.5400215615277131,0.8794109765908383
3396,0.06298046559095383,0.7126393197071208,0.3668960780005843,0.6956900014913643
3397,0.1903679370880127,0.5399003252881024,0.43279391709158804,0.5182586636104227
3398,0.08886073529720306,0.5407488996453648,0.3310374427007624,0.40906862580970527
3399,0.17602285742759705,0.6079861686246999,0.23037645087682734,0.6044006848760186
34,0.1273767352104187,0.7692917549895444,0.49340723427713506,0.7982546270426536
340,0.25735247135162354,0.6315736287705486,0.6553718644838871,0.5497209451186422
3400,0.027353515848517418,0.6389788545978012,0.24011919623753547,0.6936860237497473
3401,0.08960148692131042,0.6298428411553979,0.27766239753680794,0.7193009056653172
3402,0.31904131174087524,0.452841952125922,0.4545462965000784,0.4261714721537612
3403,0.08330251276493073,0.6685158227003837,0.28479595430865146,0.7474900732891863
3405,0.06236141920089722,0.7384085741875313,0.6155046767070781,0.8081933166718243
3406,0.11596783250570297,0.7842387617477253,0.6972791987300127,0.8159466443513935
3408,0.04019497334957123,0.8760951969500917,0.5654595147940744,0.894616756582034
3409,0.09767478704452515,0.6340476318378985,0.2365685022717278,0.7008795535312752
3410,0.09542455524206161,0.7636512896796988,0.6408442977138517,0.7915913065579157
3411,0.2277841418981552,0.5919852789613214,0.5158828574216928,0.6947547418097005
3412,0.11568304151296616,0.7616266150690391,0.5714759717051833,0.832647443198498
3413,0.08420735597610474,0.6553539921738816,0.29000838200299706,0.547325989781075
3414,0.06960509717464447,0.6922702136735175,0.6526023711401371,0.7167529842267117
3415,0.02687644213438034,0.9451600687223072,0.7044136592681328,0.901292022580806
3416,0.0948541909456253,0.799969269956711,0.5926799059316322,0.8562330155864049
3418,0.23278914391994476,0.3890016093059994,0.06425326440673275,0.2584224197999462
3420,0.043803974986076355,0.6144852484272141,0.20186528612265847,0.677946765342045
3421,0.08361529558897018,0.8537576169849531,0.662663831089339,0.8593710911581383
3422,0.13517071306705475,0.48197650923951063,0.10787292280738961,0.6871687867512686
3423,0.11212868988513947,0.6964625284474952,0.5432709822977677,0.7644605216256599
3424,0.10615498572587967,0.7110529330715817,0.6345596227549992,0.6980324471353452
3425,0.15520335733890533,0.5796539474304067,0.28904305181372975,0.652364537645055
3426,0.05085885524749756,0.4688222808694268,0.014379921090301192,0.710595001131562
3427,0.024054547771811485,0.5246877561484986,0.06766353618373813,0.6376594698661824
3428,0.1516961008310318,0.6386156836725286,0.41709240941150283,0.7493631839550516
3430,0.23648476600646973,0.38591942003551694,0.05148119635029532,0.256579243711179
3431,0.1473381221294403,0.5885803867020748,0.4217683479950982,0.6331634751750443
3432,0.13424967229366302,0.5513978244308164,0.2677116887035048,0.7001626746511385
3433,0.02152048796415329,0.8583484420758388,0.5640461824345907,0.9002763518869834
3434,0.06513319164514542,0.725388631543999,0.3328715446781356,0.7769679780451155
3435,0.09310189634561539,0.5648657420932678,0.11013016093473081,0.49585307393024186
3436,0.15870974957942963,0.7784689768863438,0.7797982324798433,0.7052105273729383
3437,0.2911438047885895,0.5397790087622854,0.5876084529413476,0.4926589627935533
3438,0.08965060114860535,0.7386052441298687,0.511381122067053,0.6513972353890116
3439,0.04668150842189789,0.7919256102530472,0.5767470406118481,0.8713352984652188
344,0.10483106225728989,0.5748012367398672,0.05688064385554389,0.42528663395432553
3440,0.12909410893917084,0.5675094460735912,0.4143274221328998,0.6069757048480162
3441,0.06268876791000366,0.9075654533629114,0.8135748391632169,0.903908908884016
3442,0.05659744143486023,0.8511733338280787,0.6142548158552352,0.8876222371927428
3444,0.1341351568698883,0.46428270249787773,0.05688863245865734,0.43773607946716386
3445,0.1118711605668068,0.7074378127143626,0.5096584590703879,0.6578071494592305
3446,0.18079067766666412,0.6919478679934317,0.5239585656429561,0.7298054888286253
3447,0.07095377892255783,0.4467151414964226,0.0031494596307584735,0.5416877995625715
3449,0.049767881631851196,0.5898204832281619,0.15635063851160028,0.6722440672877112
3450,0.14378196001052856,0.4461331303259462,0.040889391278716124,0.3327099591381426
3451,0.08302221447229385,0.5616118522357658,0.30030563048988773,0.4270114455450902
3453,0.07505537569522858,0.5484806922870528,0.07997257191117678,0.45225681793354405
3454,0.19125111401081085,0.5990983520627098,0.32039117591656185,0.7049294249034915
3456,0.16668222844600677,0.6353402395730773,0.3697626364720521,0.7224801612829459
3457,0.02468104474246502,0.7205591196880358,0.356502770720669,0.8009643084491354
3458,0.1305844932794571,0.8115478502566142,0.6954817252894224,0.8165806723452602
346,0.0728503167629242,0.747111322036119,0.45155742580177655,0.7038383651508853
3460,0.18138651549816132,0.746217198547248,0.8019792163267885,0.6973120575569189
3461,0.135079026222229,0.7931690261499232,0.7462455759599773,0.7860170055886906
3462,0.13169890642166138,0.7258045921060194,0.5309219662473217,0.703296785352695
3463,0.036772530525922775,0.47794399202798393,0.006980955741770738,0.5763432909874143
3464,0.4379607141017914,0.41095265553476124,0.6199275205417408,0.3898881638549
3466,0.12766146659851074,0.6419983801875109,0.5631043775348475,0.6541344850741823
3469,0.07110206037759781,0.700360398886672,0.49849023258873787,0.756054398862418
347,0.09574996680021286,0.5424697513383291,0.21667992939838013,0.4157202966118952
3470,0.19594116508960724,0.6767731023613124,0.6494302483046028,0.6535237345476784
3471,0.18435317277908325,0.6371374072010791,0.44815349596965864,0.676287957343602
3472,0.21712379157543182,0.5139280092781745,0.4747305758335382,0.44442692435100317
3476,0.1253274381160736,0.5849202496876768,0.5331727812510358,0.5856247324835242
3478,0.04996555671095848,0.46576419566700134,0.020817837981457733,0.7670117934885899
3479,0.03728063404560089,0.7690956598040705,0.4428981833898794,0.9039366058878119
3482,0.06426623463630676,0.7543460553121004,0.5756786417266561,0.8311412942104419
3483,0.12210559099912643,0.48952567748713405,0.058115622425850395,0.5081632280582526
3484,0.06613671779632568,0.7361741077128132,0.33206377091431727,0.7273760402966403
3485,0.05795536935329437,0.5251771158503191,0.09423197351130472,0.5735570755131393
3486,0.049359481781721115,0.6372139430831281,0.2435602289464969,0.7249742191752455
3487,0.09792227298021317,0.7479258244125544,0.7399053984193489,0.7342739349683964
3488,0.11306072026491165,0.446653251421919,0.04877079535511257,0.2600548220810285
3489,0.15303859114646912,0.7466800679265473,0.7850805167267746,0.7635074274656686
349,0.08043204993009567,0.8179422054174216,0.6842173984184716,0.8406210105716492
3490,0.12157098203897476,0.58281844315208,0.37052173440825675,0.7294995679786003
3491,0.16146087646484375,0.657259581208054,0.3207411604463887,0.6744290621153668
3492,0.12849538028240204,0.694264395342642,0.6070561356275201,0.6869800505605699
3493,0.06013002619147301,0.7682115661260199,0.5396613109180408,0.8190060113607853
3494,0.14735479652881622,0.7219512100810328,0.5941929179862537,0.6505455556533128
3495,0.0977044329047203,0.7374821631862141,0.555572939695131,0.804585052817779
35,0.34743064641952515,0.3609722031114872,0.24066883444382964,0.3083398654970778
3500,0.034603990614414215,0.6849574998158787,0.30175293485015287,0.7136032030883522
3504,0.23307837545871735,0.6437595398731886,0.6706575637682058,0.6084074880758199
3505,0.06598757952451706,0.7064703807807546,0.3377914393643137,0.8058560078889564
3506,0.09725391119718552,0.7805690919221018,0.6484445406160069,0.8535727611063018
3509,0.13071058690547943,0.5634124234217697,0.173045129115093,0.6089605868708292
3510,0.09967133402824402,0.760678927394099,0.5959957674474002,0.7494432507901885
3511,0.06597059965133667,0.6773909148499846,0.3191581470037196,0.8112028555205553
3512,0.17449572682380676,0.5576921955745614,0.5542114881063781,0.6105947636471573
3513,0.0833820179104805,0.6609266920775738,0.5098000307092221,0.6372798851154589
3515,0.039262834936380386,0.6289246204197129,0.12628557168155022,0.5646175264206947
3518,0.09985483437776566,0.7803694915422772,0.5264173315830479,0.8333693905508697
3519,0.06682691723108292,0.6933085951758762,0.3793751427212229,0.8315616550886527
352,0.31867754459381104,0.3445419862779512,0.04556246537968741,0.25487678834511973
3520,0.05450468882918358,0.6243485968843431,0.247077186676972,0.6724458925600776
3522,0.058703161776065826,0.873414487231848,0.6367993515867125,0.8921119876954383
3523,0.042638104408979416,0.6879285118697868,0.32038782919108455,0.6586198157140288
3525,0.09865116328001022,0.8112785511847882,0.7395251741845664,0.8565832904000941
3527,0.07010174542665482,0.7404347564227562,0.5745257672491926,0.7387933717595215
3529,0.04086567461490631,0.6963518996138931,0.2733311839386585,0.806798000950232
353,0.0896151140332222,0.7492046341467478,0.5695356117311187,0.7872773941982832
3531,0.04878225177526474,0.8571184576370832,0.6160023368227537,0.8920479632833447
3532,0.11222583800554276,0.6591682869774308,0.33370172967675754,0.783469423027497
3533,0.17151270806789398,0.6395495525458903,0.5679856479014075,0.5426887038852628
3534,0.06729688495397568,0.5546546900461163,0.12459320311853163,0.47870405565406987
3535,0.02895580790936947,0.6084848300465012,0.11234531788607809,0.6485678331708448
3536,0.1704762876033783,0.5207873841076538,0.020738745467171762,0.3107694196019706
3537,0.04632064700126648,0.48677994402395536,0.060656593969331915,0.7142333497746053
3540,0.028006505221128464,0.75398364854759,0.3811997621141227,0.8255279627828009
3543,0.030303306877613068,0.6537325523221276,0.17345585672036176,0.6013086417579807
3544,0.0853850394487381,0.7156522778703955,0.6514687558289006,0.7840786552604797
3545,0.024015679955482483,0.8380286185256176,0.400506743994145,0.8310949166743591
3546,0.07140149921178818,0.790326102686038,0.5987471688033149,0.8531406927877144
3547,0.08837263286113739,0.5533498562715152,0.13482754155531926,0.6161641486479592
3548,0.059613022953271866,0.49768319201920636,0.07249527010510728,0.33757115400332804
3549,0.0939544141292572,0.4491148224971393,0.012144296860092909,0.3701340909277277
3550,0.05996667966246605,0.5047596936932507,0.025710061511569383,0.3800662991184556
3551,0.09292272478342056,0.4569767197520372,0.03639536579597149,0.2580723941927957
3552,0.1408301740884781,0.43492495945123716,0.08198373039986574,0.26818149300078364
3553,0.02634839527308941,0.8052505083574044,0.4542164887545934,0.8434763308062878
3554,0.12495864182710648,0.4788000993478285,0.05644080084641147,0.4589534279853562
3557,0.04622194170951843,0.7537838266616044,0.5497712546407757,0.658400282025541
3559,0.03007393330335617,0.48707778695389425,0.004560659853700826,0.45889821685461496
3560,0.10849454253911972,0.818434919111739,0.8054720942443194,0.8177708682008551
3561,0.03369959443807602,0.9178387814745708,0.6242898758645588,0.8761305634348748
3562,0.11439627408981323,0.5261622741444008,0.12082092226477559,0.6535138772214308
3563,0.06688057631254196,0.8025397286644551,0.5671253980544377,0.88494836727671
3564,0.12732823193073273,0.6092181744668187,0.12578969147059524,0.5923422778567182
3565,0.0969783142209053,0.642245196496325,0.18532443477471572,0.7041068282052336
3567,0.07248920202255249,0.597523646216837,0.24618288203827762,0.8087295080881568
3568,0.09707045555114746,0.4892519084796556,0.06513805658702734,0.38544260383275714
3569,0.039655450731515884,0.7505742432702576,0.5614661428881638,0.8718829614424674
3570,0.06676459312438965,0.4898310891262825,0.02439431186013196,0.349119538157863
3572,0.05456274375319481,0.8564988786411898,0.5962607230010839,0.8687111269443943
3573,0.04247342422604561,0.7726365512856879,0.5958255247378896,0.7558934013766214
3575,0.012420600280165672,0.497963242101042,0.004268517836305704,0.26035649527789034
3576,0.010338707827031612,0.49570762590141465,0.004265218320542408,0.2500020177074002
3579,0.10907292366027832,0.7113230637625876,0.6168348066880782,0.7489720387037935
3581,0.03534925729036331,0.5311959661354082,0.04418576212714337,0.48617681269757385
3582,0.09449272602796555,0.6998434444047141,0.5286933042426178,0.7513245141840794
3583,0.1624177098274231,0.5652880322329099,0.12940583326604635,0.6202490524945996
3585,0.09994254261255264,0.6326421895712104,0.4678942920311847,0.6546706599578602
3586,0.05662486329674721,0.7927722141703035,0.6138788912176334,0.8667218640979182
3587,0.15309025347232819,0.5813840333264942,0.5263527714131078,0.5055344002660844
3588,0.0791180431842804,0.7446282066599704,0.519692997416055,0.7581440744715822
3589,0.09757713228464127,0.54717503188042,0.022669898808413424,0.3312547463229894
3590,0.029328230768442154,0.9031668382413611,0.5214370134781575,0.7896454238386003
3591,0.08311067521572113,0.6848819106862825,0.2627719079672318,0.6795450078283877
3592,0.03496995195746422,0.5507908216254191,0.08280226603959351,0.5553687464672963
3593,0.049769192934036255,0.7874919822111761,0.6253260189547608,0.8612827376809162
3594,0.06781189143657684,0.6772850098706178,0.277012267472093,0.7223502111759758
3595,0.025073718279600143,0.4876867729031069,0.0002312941318930673,0.3143025221175424
3596,0.05944634974002838,0.8329875058706288,0.7180716972237255,0.793660670249021
3597,0.050409477204084396,0.8997236108577096,0.7443290990464744,0.9256455031485586
3598,0.0747864842414856,0.6116895005306412,0.20537263227144228,0.5966498487414622
3599,0.06519736349582672,0.5157597204966341,0.08940239094761054,0.4221541962880191
3600,0.036476749926805496,0.7107448057311614,0.2912699038291876,0.7132738603570488
3601,0.055724699050188065,0.783594250795091,0.5852600454409154,0.9026048408915988
3602,0.08910512179136276,0.8299438626278774,0.7957764927336882,0.7807576111695109
3603,0.09744244813919067,0.6208358451460049,0.5756787718274784,0.6000805045317069
3605,0.10781043767929077,0.7402579411389383,0.2985232419119825,0.6880129570536041
3606,0.12156769633293152,0.6660740410311358,0.5192778763661052,0.7954346702022564
3607,0.10160484164953232,0.5544353457415558,0.162200194320606,0.5359347599183227
3608,0.08638010919094086,0.8168867285502256,0.6307287320865418,0.8574141881597597
3609,0.11926119029521942,0.47493285129042456,0.01801761163366327,0.2938883900717467
3610,0.055891893804073334,0.7928344647758137,0.45118952184323186,0.6880813236192593
3611,0.11004766821861267,0.7678769240401937,0.6413677910268938,0.7345732971783345
3613,0.06695105135440826,0.6007716095488616,0.14007124416723143,0.5701363161770816
3614,0.10835159569978714,0.7389372214975909,0.551453739350405,0.8341522030917565
3617,0.047646746039390564,0.5650678980871067,0.22928872066762312,0.728931768823319
3619,0.04902900382876396,0.87483172151608,0.7158737632093966,0.8405557146313468
3620,0.05236102268099785,0.6025501898275886,0.16890616946590192,0.6073902191527397
3622,0.08885551244020462,0.4685867306984587,0.050824898866664074,0.630034942311863
3625,0.12658058106899261,0.7278990988732582,0.5739400865801632,0.7622163372103393
3626,0.05587758123874664,0.796680943223822,0.35119099973966206,0.7296538957510951
3627,0.13638783991336823,0.778935359267932,0.6826860151846954,0.7461087155920392
3628,0.4775724411010742,0.3553023957208827,0.4183341779370466,0.3046363526052928
363,0.07583260536193848,0.7157396692955464,0.32430869587911865,0.7279047365885876
3630,0.05952497199177742,0.7063091375739476,0.33821397475706555,0.7970311887775428
3631,0.076284259557724,0.6591204375889121,0.3196469674472283,0.8110018641167106
3632,0.021962260827422142,0.7821968492585275,0.4420287598354048,0.8919155238293486
3633,0.11527489870786667,0.5062539561437476,0.10642468702588852,0.6842536576542936
3634,0.10439140349626541,0.5816838570204412,0.16804304178821003,0.6830431636214651
3635,0.07683775573968887,0.6442260764936293,0.4496152216118685,0.5922537712281166
3636,0.05593979358673096,0.753015965350135,0.40551456120125223,0.8327692976269491
3637,0.03758791461586952,0.8066156454050579,0.5422282900939159,0.9029283655434108
3638,0.10389785468578339,0.7217446495214686,0.4588466344079184,0.7432948345718053
3639,0.03258028253912926,0.5643055250435502,0.06893292305400954,0.45927548364334037
364,0.0718257874250412,0.46780605715703766,0.07011627614951403,0.2752851716505911
3640,0.0582507848739624,0.8621703677792358,0.6756369519184064,0.8932687567044459
3642,0.05026863515377045,0.8346213971264721,0.5815957485248386,0.8907916706427215
3643,0.08083808422088623,0.7713693236219229,0.5432353290984813,0.8241907374164348
3644,0.058295462280511856,0.626055457702791,0.24427468061089894,0.7559972490336959
3645,0.07615388184785843,0.4743728885450085,0.07517840301919751,0.27711132583177384
3646,0.04594064876437187,0.4636519746324854,0.00355492721483598,0.6119518751760339
3647,0.00582038052380085,0.6290323929167746,0.056267674316063034,0.4457526801254533
3648,0.11478521674871445,0.788720548381098,0.49662950548215007,0.7750450451164586
3649,0.023674923926591873,0.7240389595483782,0.30019724046310453,0.7450782451747723
365,0.07781404256820679,0.8670066458313277,0.6312384042926251,0.8671096322606018
3650,0.16789323091506958,0.4361443806895319,0.07698596980799866,0.47927524479547917
3652,0.09586068987846375,0.5129976404169997,0.09891062799121249,0.4481208278261006
3653,0.09595023840665817,0.5639062702240208,0.20383537006794294,0.7958082508701638
3656,0.029170328751206398,0.5975037284613414,0.15159061601636495,0.7089308899849932
3659,0.06767750531435013,0.7395266709022956,0.3270411535394064,0.6863837833835478
366,0.08690126985311508,0.7089885869927701,0.3305964748508705,0.7626573764389856
3660,0.039366789162158966,0.5141368237665012,0.08927997426535801,0.3070189748376678
3662,0.0985526591539383,0.6918945955803133,0.3860614669419004,0.7771283056404709
3663,0.06783977895975113,0.7924690394011973,0.5196081036140796,0.8261168723519237
3666,0.07639725506305695,0.7732369108429509,0.6533714429333017,0.7262545147591536
3668,0.17859898507595062,0.6479116671774855,0.5124031700566953,0.6677594407310474
3669,0.08656676858663559,0.771996481122165,0.49095201780469805,0.8183628415352951
367,0.06666763126850128,0.8461539325572447,0.6267987865624343,0.8947750882743797
3671,0.09920112043619156,0.4514930673936678,0.0169382919872819,0.2528629818715261
3674,0.06550224870443344,0.6681661303781208,0.35760419080081035,0.800451142717944
3675,0.04819812625646591,0.7796742000109316,0.48077469390603006,0.8781155043064456
3676,0.0813719630241394,0.5061552226839245,0.1495922413121794,0.3155081675946756
3677,0.04006560891866684,0.739948980800597,0.31396579548569686,0.8025829430165541
3678,0.036677826195955276,0.6974359202793754,0.2821649571261944,0.5384314584057501
3679,0.06829387694597244,0.7214975584416031,0.4248840647833777,0.6436000054707941
3680,0.022257443517446518,0.5017255799392669,0.03491441286865915,0.265461765836712
3682,0.13536255061626434,0.7409123180064582,0.5499103769368433,0.6365869964113045
3684,0.07904321700334549,0.6654562896347128,0.5165880937051635,0.68717077367436
3686,0.07699797302484512,0.47319593886265016,0.10764529436947226,0.2903469711679597
3687,0.0402190238237381,0.6831440820271273,0.36291471932099234,0.8227249838643226
3688,0.08225752413272858,0.8270892906580802,0.6360929417339922,0.7940225994651713
369,0.3196932077407837,0.3457612952724406,0.06963658912085427,0.25978161398688693
3690,0.050627127289772034,0.8686126538880647,0.6270590574359738,0.8831343725593229
3692,0.2610134482383728,0.4727591192579087,0.3642177342409071,0.4061972283298551
3693,0.18852712213993073,0.5209707609102219,0.40088364401308085,0.4567945045926055
3694,0.2162564992904663,0.5801008078362169,0.42767563210821197,0.568116790455624
3695,0.0936545729637146,0.7414307851563053,0.6114874916387416,0.8356794994491643
3696,0.1149849146604538,0.7466705444935486,0.5991100662830237,0.8312654042372517
3698,0.05388548597693443,0.7847122562341029,0.5365829191779682,0.8569492494204625
3699,0.02273726277053356,0.49793832050288495,0.051090592911062944,0.3840354809482702
3701,0.034054409712553024,0.8107474547826525,0.3885630899181472,0.8106213177054746
3702,0.028822697699069977,0.7647454134131424,0.3323599528929115,0.8491767578548082
3703,0.08434214442968369,0.749497056546948,0.38426279046565787,0.7673432881410178
3704,0.07978152483701706,0.8820023413312956,0.7621145337605013,0.8907561499387165
3706,0.0634969025850296,0.8815666475763246,0.7018936289072977,0.8714115343247748
3707,0.11906498670578003,0.6043720367660427,0.22341545906767038,0.6991559862466274
3708,0.12285979837179184,0.8083400745784686,0.6927770302128419,0.7947974110975079
3709,0.0979263111948967,0.45811559830455173,0.07230887352252029,0.26568129074878977
371,0.04049620404839516,0.7426357900124887,0.5516133407767895,0.8854658045043853
3710,0.09308134764432907,0.8470502805670039,0.7808285630721884,0.8403570793500907
3711,0.03926677629351616,0.8168187125720319,0.6025760265182422,0.9163245606366234
3712,0.03742143139243126,0.8804848210896172,0.6785549006606977,0.7965689038784557
3713,0.08855961263179779,0.6619952250944658,0.5011535531906716,0.7158993856096467
3714,0.04848426952958107,0.655299796027481,0.5015588859470781,0.8641349767829121
3715,0.1597035527229309,0.45132517323271815,0.1285850708372195,0.3346179486718678
3716,0.10572909563779831,0.6107307473976223,0.25035667850034043,0.7319511822603244
3717,0.10271429270505905,0.7150766909117716,0.5053404220414054,0.769320611791687
3719,0.10050554573535919,0.721582650962787,0.4749412486605879,0.7439842086954798
3720,0.10086506605148315,0.785123258434287,0.6407654258673021,0.8212007258788685
3721,0.09599295258522034,0.7339893423982026,0.36831880133853284,0.7530680225846726
3722,0.06893476843833923,0.6812550076200405,0.50126448460347,0.8382881237248163
3723,0.04330426827073097,0.491991822462364,0.00525828204568803,0.449933220009321
3724,0.11431688070297241,0.582188282512099,0.31230929699673304,0.7311853697792223
3726,0.07335174828767776,0.6369538939914521,0.1992049505722495,0.7339994580797831
3727,0.023142319172620773,0.7423621401579115,0.3061005835205404,0.7777568642133343
3728,0.16855557262897491,0.6577001398664245,0.5104770025011042,0.7368238758047558
3730,0.20723776519298553,0.4059187330130856,0.11745174702709023,0.2750434564534322
3731,0.14268295466899872,0.7666253844385013,0.7938656347139788,0.788598618592729
3732,0.23997844755649567,0.4027830833866133,0.20934822525140434,0.3286987698953199
3733,0.2724769711494446,0.4863124777888716,0.3928977624224292,0.41112025219051607
3734,0.2689152956008911,0.38201495765137455,0.1560466934907858,0.2876326402085868
3735,0.04766814783215523,0.7488544914010171,0.360377604095876,0.8086291875935265
3738,0.06521961838006973,0.5100033102928815,0.19303502183713345,0.3445069509366417
3739,0.12639456987380981,0.7404546322315513,0.6974987725223956,0.7413901567346562
3740,0.055198609828948975,0.86091084171739,0.6721443742935983,0.9127054839812165
3741,0.10579247772693634,0.6681416990848619,0.35719760329431466,0.8274310245772161
3744,0.06827937066555023,0.6686600905196121,0.3527929712095174,0.8278483973204434
3745,0.1488986611366272,0.515584751061224,0.06085310085261276,0.4741323360122206
3748,0.09686288237571716,0.555843112691365,0.27000909646627175,0.5114819359245655
3749,0.04034853354096413,0.8254447045501265,0.6733145168715895,0.9119219860262172
3750,0.07734447717666626,0.7968346290664394,0.6433000873214058,0.7882393672902863
3754,0.04840344563126564,0.5943069816775752,0.22528414591478035,0.8157327774126448
3755,0.06699645519256592,0.8169519925721986,0.544168801186118,0.8615507120249825
3756,0.08013327419757843,0.783632379935836,0.47599796706578107,0.8262410145043143
3757,0.1252853274345398,0.49906919490055923,0.1457406387732284,0.7679699391281672
3758,0.1094130128622055,0.6652774634306227,0.5286945760147512,0.7972215381683846
3759,0.0782855972647667,0.48315812432886085,0.05312898645597892,0.7594930180158803
376,0.039703771471977234,0.6182387889178604,0.3729985042345759,0.7723552073492109
3760,0.2386401742696762,0.5855453629082368,0.5051704980704084,0.5676784728355293
3763,0.09585496783256531,0.7194754060825734,0.5637536584309389,0.807928381350249
3764,0.0895068570971489,0.7884084616288546,0.7722107013771773,0.833356963756201
3765,0.23786957561969757,0.46533324703588075,0.2877839889182738,0.34130739399965604
3767,0.13465246558189392,0.6387187203801066,0.5051651102041638,0.499390293183241
3768,0.12717454135417938,0.5343166793703733,0.24777568833430472,0.539225810600456
3770,0.08378299325704575,0.6310338983077173,0.4696541292209723,0.7660302813726791
3771,0.07003175467252731,0.6611387507975067,0.2966541393523234,0.8317709715213625
3773,0.2773900330066681,0.5095603555809763,0.40154321081872496,0.4660291532680984
3774,0.09196539223194122,0.8041246748230944,0.8277175859189996,0.8238470038855363
3775,0.07187077403068542,0.6150232965983561,0.12997315025345668,0.5434429157309423
3777,0.04347015917301178,0.7165888651099749,0.389010695607691,0.8525458155395514
3778,0.08151453733444214,0.833279415145729,0.7338021469394311,0.8750139482630417
3779,0.059246137738227844,0.7522388581003001,0.5118217645114336,0.8412399728301679
3780,0.08654483407735825,0.7143023692295348,0.342839112275965,0.7347573286299018
3781,0.07658679783344269,0.8579590183799173,0.7652849911983239,0.8624089974623681
3782,0.09807824343442917,0.7197597375975091,0.316238947261979,0.7038632545553787
3783,0.11118458211421967,0.7119711124590823,0.33980339755949385,0.7238762672239146
3784,0.1441802680492401,0.6032665675539903,0.214080936544716,0.7173144384569228
3785,0.04489103704690933,0.8680177326333631,0.7436131365949301,0.8984907353503935
3786,0.23537632822990417,0.5338831486120341,0.4818097043678937,0.6175082158190233
3787,0.03978608176112175,0.8266376906122004,0.6190143426442982,0.9139226180591602
3788,0.22334513068199158,0.6820877214078822,0.6557385902387352,0.5891873606784795
3789,0.08759615570306778,0.7386269463947779,0.44718517065174235,0.8544611031649936
379,0.09772999584674835,0.8580937848744661,0.7607533165829753,0.856230483259214
3790,0.058063022792339325,0.4994034091547253,0.03147410031847129,0.5471367723935147
3791,0.11508198082447052,0.6403470957731185,0.27036217835100396,0.7808996135397254
3792,0.07334493100643158,0.6288383230306466,0.3133873407553689,0.799123919873951
3793,0.054573941975831985,0.8209921823384009,0.6231161961793016,0.9116783837002175
3794,0.08151897042989731,0.7314504317079913,0.5883184640246035,0.7660782430157603
3797,0.11215226352214813,0.6790138927793734,0.38178868371015806,0.7850156131957121
3798,0.04874976724386215,0.7135425255972896,0.33393135883810865,0.8690992719259298
38,0.1406305730342865,0.71803044826075,0.5889609016514622,0.6852533812576054
3800,0.14853323996067047,0.6407966804815837,0.30839908490739454,0.6636966461382372
3801,0.04975714907050133,0.8795420968475774,0.7311852773923424,0.8745367514387113
3802,0.13297653198242188,0.7320406164263817,0.45884296125867124,0.8104295214259579
3804,0.058400511741638184,0.7361212235194926,0.4210028342762686,0.8131860558166355
3805,0.1652374416589737,0.6775491881958237,0.6059243335056248,0.6009251313201137
3807,0.04577095806598663,0.6290410108191311,0.23743120143781155,0.8016580338529793
3808,0.05070892721414566,0.752217677088231,0.5130358435379685,0.8763938266259741
3812,0.10049207508563995,0.6857481839101048,0.32224227197235056,0.7215440145832399
3813,0.06639666855335236,0.8087427346109608,0.5991777377085992,0.895805353794382
3814,0.08963931351900101,0.6017726240177959,0.4512309551201784,0.5271645977915582
3815,0.06851030141115189,0.7266104817119943,0.4995003185231505,0.8541514455309516
3816,0.17271298170089722,0.7717978305911661,0.8414402532959683,0.7471228151962722
3817,0.07520090043544769,0.711001950536083,0.4604395495054742,0.8147581400453869
3818,0.06345432996749878,0.6546202190274194,0.2728167303081727,0.7679890410507376
3819,0.15613886713981628,0.6603799797359398,0.4404807717028002,0.7163180775506741
382,0.07430975884199142,0.903569377247746,0.8028512434869441,0.8467922410620747
3820,0.0472579300403595,0.8870478527576604,0.7344480056271685,0.8990516028892475
3821,0.05770139396190643,0.7342424806279868,0.43490148531244743,0.8977533933674937
3822,0.23082980513572693,0.3959596044728859,0.10074328830384086,0.2948484410264294
3823,0.07740608602762222,0.8632179170139528,0.8009186950112412,0.8981548917273949
3825,0.07360182702541351,0.7746034669114221,0.5425401629667296,0.888788508840689
3827,0.03395234793424606,0.8131875655666627,0.5751017552936644,0.9197453611788908
3828,0.029179928824305534,0.6773256053280436,0.31083118134528215,0.7822380308607204
383,0.06926368921995163,0.8458336713912293,0.5908182361281987,0.8659043683875496
3830,0.0685310885310173,0.858488874051131,0.7994459567235105,0.912158848893573
3833,0.07308383285999298,0.7931242324856416,0.6243507974140025,0.900825638705339
3834,0.061521921306848526,0.716128071598344,0.38552162211967156,0.8383382619651252
3836,0.034229181706905365,0.827130543252454,0.80050744127847,0.902519962104073
3837,0.08800995349884033,0.4816871976595144,0.04767131148817227,0.47780791244928783
3839,0.11594643443822861,0.7925797634602368,0.6280861171532098,0.7603287751538079
3840,0.06594384461641312,0.8315116028460059,0.604952095350953,0.799867548069051
3841,0.2650999128818512,0.5237754090007167,0.46936041585053845,0.6451379402092119
3842,0.1645566076040268,0.5863063793543353,0.49822999368558135,0.48844896394151993
3843,0.24184441566467285,0.6103669146730291,0.5710064532824768,0.5514901007455666
3844,0.14553353190422058,0.528216547160262,0.19767799364666075,0.7756391994104304
3845,0.07350774109363556,0.7424873616014623,0.5687091637600267,0.8878574847042553
3846,0.09639210253953934,0.6811810447804376,0.3256859496195984,0.6961191999972394
3847,0.05249887332320213,0.7115635666018737,0.3376051274768617,0.7205757867217107
3852,0.12278161942958832,0.7977079503168738,0.6965350663711887,0.8347600631801979
3855,0.11684780567884445,0.44582170921534386,0.06491714987219528,0.26048513127538997
3856,0.10397758334875107,0.5653229987305569,0.22335955623776033,0.744862296193882
3857,0.09525894373655319,0.6578080955212275,0.5051424492457036,0.8094930898066832
3858,0.05228019133210182,0.7492983148352723,0.37211344108209066,0.7847100433492448
3861,0.14354221522808075,0.5982333244724107,0.3387199583317777,0.724238073105857
3863,0.08053586632013321,0.7236111442244119,0.4754224893949209,0.7297582383735155
3866,0.09765324741601944,0.65287840659462,0.38787412313393704,0.8615747909462939
3867,0.08208169788122177,0.8485194622279535,0.8080948149346168,0.8404452299328644
3868,0.0593142956495285,0.8550125864448401,0.6976394929247043,0.904272691684743
3869,0.18522973358631134,0.7115900191597726,0.7247883304256754,0.688425393259052
387,0.1459672600030899,0.6813113287552157,0.6182026392023021,0.601150965142965
3870,0.09758904576301575,0.7967015961864402,0.7611263173154785,0.8605683273354177
3871,0.13154740631580353,0.691423709185905,0.6218181292288258,0.6510350562887085
3872,0.06699874252080917,0.675704474573819,0.28950919456854346,0.7211248876569554
3874,0.03049963340163231,0.5025725821071504,0.06040920674896215,0.7651443749945663
3875,0.053926512598991394,0.7275262451520597,0.5744867206575122,0.8714931211009223
3876,0.04290645942091942,0.7029880688184862,0.32033914018188187,0.7945652525995738
3877,0.0983995869755745,0.6888342294565211,0.46248738074913764,0.8597545997636118
3878,0.04783205687999725,0.5794710415137587,0.24600274615893217,0.7523721429904491
3879,0.08008873462677002,0.7150323847208186,0.5380004477285044,0.8032875817503126
388,0.14144903421401978,0.7633373766553002,0.755846767571523,0.6982887825468134
3880,0.05246463418006897,0.8083954600167446,0.5999645863692643,0.7819230435958832
3881,0.018940437585115433,0.5421020025699972,0.09671290979717811,0.37828125579615846
3882,0.05055106058716774,0.700054234890263,0.19884561408002763,0.6709966981638584
3883,0.06887616962194443,0.791248563601967,0.7277467568549201,0.8391152017807713
3886,0.052220456302165985,0.5580245264839502,0.13427884915382807,0.5999655574393686
3887,0.10455229133367538,0.47309422963830267,0.010386812744213053,0.30668366418300597
3888,0.12253160774707794,0.7177846423251291,0.44151680967507756,0.7844859348955499
3889,0.056268110871315,0.8993731800041214,0.6989652318773626,0.8998530864604808
389,0.1806914061307907,0.5976019805468528,0.4679255512999641,0.4717961387710651
3892,0.30801647901535034,0.3663224334773335,0.20465757646102908,0.29258375456621005
3893,0.0755016878247261,0.6955993014464359,0.5947153416011274,0.9015262841854703
3894,0.23838767409324646,0.5104556826695241,0.2906374481882922,0.4813171970768185
3895,0.06991603225469589,0.6926693816026972,0.5431545401406535,0.8513008664486552
3897,0.05471010133624077,0.7264207495938197,0.3124043311592602,0.7205327953245609
390,0.08777431398630142,0.826448678523148,0.7461308090442734,0.7267114582292981
3901,0.18027521669864655,0.6210770881787818,0.4640488973538959,0.5968825794941393
3903,0.11539767682552338,0.8015169827435648,0.6405212748612729,0.8047218556879943
3905,0.09723204374313354,0.7379016579256876,0.6228297874468925,0.7712054751035288
3906,0.15651465952396393,0.6499476060145036,0.6657483011185088,0.5905809964595821
3907,0.08853155374526978,0.7624896639024397,0.5458754234762496,0.851908359940065
3908,0.063567154109478,0.799125835958943,0.575567370290129,0.8372905231007817
3909,0.2373248189687729,0.5648386535715936,0.45871387067607206,0.5527232685654635
391,0.14883306622505188,0.7870608423257652,0.7579013864126676,0.7632173084944006
3910,0.05662510171532631,0.6939235994358474,0.3060756040334586,0.8001397088017814
3911,0.07175914198160172,0.5166508724866365,0.3269026074372487,0.4049108831886852
3912,0.06727392971515656,0.8391720033730361,0.6432663901065024,0.8056135758027034
3915,0.06625743210315704,0.6632223624352436,0.3253021893335523,0.7711009677891225
3916,0.17234741151332855,0.6643890432794075,0.5946474814678755,0.6946078697901739
3917,0.285207599401474,0.538025246722581,0.6510004228919536,0.5240986370368448
3918,0.10010357201099396,0.7837482264309041,0.6590306358090394,0.8415410680627233
3919,0.0796104297041893,0.48255069113037774,0.11299558323641566,0.31884277342279765
3920,0.20219336450099945,0.6050746936039357,0.402156091742139,0.7218034180501367
3921,0.16296526789665222,0.4213731237405137,0.03108970683829965,0.25442894122378545
3923,0.27591049671173096,0.3676928074256704,0.06962244826747802,0.26094940582710124
3924,0.06941969692707062,0.7578268341956689,0.5660208657982702,0.8385070724116848
3925,0.04074200615286827,0.9148750151513461,0.7326281194947322,0.919201240474473
3926,0.06745181232690811,0.6585687268510365,0.2899070926206981,0.7975391891510474
3927,0.15362313389778137,0.592164490495573,0.2505977000902836,0.6175852141024354
3928,0.050880786031484604,0.6686008630333331,0.29733408665250494,0.7886311163090604
3929,0.14113076031208038,0.760491477380395,0.7194814445297442,0.7586329853873413
393,0.10355090349912643,0.5949336098196036,0.1747552659645065,0.6333102421128651
3931,0.03644375875592232,0.8080255506357291,0.5303060440437345,0.902434513784508
3933,0.13808681070804596,0.6852799448480006,0.28977867762284987,0.6891233301560826
3934,0.08437851071357727,0.7221975263373499,0.5504018867347426,0.7023592853354377
3935,0.3315430283546448,0.5541126395334502,0.5471755619501794,0.5466096977904573
3936,0.09763045608997345,0.6705232496086261,0.48991591246229416,0.6880712285480238
3937,0.2339048832654953,0.6755450285429938,0.7615313615951278,0.6341123965000259
394,0.03461069613695145,0.8283830085021895,0.4743993236115722,0.8349825681824681
3941,0.06870350241661072,0.7151481110978313,0.5073173538969433,0.8281306159824904
3942,0.07751470804214478,0.8428657971171761,0.6861374336166232,0.8851111437101165
3943,0.06852590292692184,0.770484943139004,0.4679201750931748,0.8818105328160646
3944,0.04543221369385719,0.6311865349805856,0.17256470905486432,0.5754593381001047
3949,0.0651039332151413,0.6503833185609681,0.37848195681866126,0.8404266643138012
395,0.25257155299186707,0.42245384435692623,0.25526051900049074,0.3413060419348259
3951,0.11380524188280106,0.7791457382672909,0.7724692620555402,0.7863103705565824
3952,0.0693320706486702,0.8487179564313849,0.6984843743124524,0.86091643502946
3954,0.08911436051130295,0.5193543603755812,0.10142513096337454,0.4674126354460512
3955,0.1956576555967331,0.4680780996577893,0.34518754450863615,0.37204332817537555
3956,0.1097089946269989,0.5411571128957609,0.3604717229042007,0.4137124367137066
3957,0.14108331501483917,0.7436418295189298,0.6241888739162391,0.6946665777949477
3958,0.2150697112083435,0.5787961576270442,0.41339614383335815,0.6417680289312567
3959,0.05479023605585098,0.6232589431744551,0.23389213130840125,0.6659471531893544
396,0.16880203783512115,0.5801555672281796,0.4603431380838059,0.4601592668646773
3960,0.06887980550527573,0.6460064800635604,0.29027373142372964,0.768682806231118
3961,0.1251344233751297,0.5597180594549316,0.26900187065234027,0.7675682575692597
3962,0.05011602118611336,0.6165481875628884,0.15833402379210243,0.6121148901823559
3963,0.11883903294801712,0.8493616244968099,0.8323275300426384,0.836447770666887
3964,0.040851254016160965,0.6890845613012266,0.24476567968600313,0.7729870911813714
3967,0.09683497250080109,0.598836124447635,0.22046841963104963,0.6270727789007533
3968,0.0337153822183609,0.7211834903668379,0.35204237535077293,0.8181421707244595
3970,0.048112716525793076,0.8950625569876938,0.7843149764944201,0.9186887914431425
3972,0.12758606672286987,0.6858493840621886,0.3924400618615639,0.7514769642632639
3975,0.0286862812936306,0.7603851480542432,0.5778834568500506,0.7622551792093453
3976,0.20365574955940247,0.5097799831769668,0.28784740384001717,0.4592023847873792
3977,0.05371377617120743,0.5505664863359727,0.2320443688245594,0.3816623375988113
3978,0.11052709817886353,0.6846886349676229,0.3102229409116437,0.5757769456077586
3979,0.06916485726833344,0.7327844808688584,0.391737328314364,0.8300792033201264
398,0.10826019197702408,0.7189094938737597,0.41861431728461346,0.8112807884364268
3980,0.10135021060705185,0.5797381625894873,0.1343087483323038,0.5448388922684649
3981,0.11669199913740158,0.68209617694799,0.4626712166180343,0.8136384951190287
3983,0.054401945322752,0.6188409749181591,0.27475927759918195,0.8410386285841538
3984,0.056839488446712494,0.8634653934627108,0.7736111279410087,0.910693157809376
3986,0.029078945517539978,0.7545589751410544,0.4832775613586167,0.9243579581859004
3987,0.09512311220169067,0.5621097860466389,0.33295557988342006,0.44576084001372773
3988,0.02919892407953739,0.7180498989253468,0.32284251192574387,0.802242622392809
3989,0.1384374350309372,0.6530132116195352,0.5120156013585501,0.6225840342123696
399,0.06731823831796646,0.7774492424221766,0.4822445986461632,0.8063575865586396
3990,0.0236660186201334,0.500736248957024,0.03095404429135953,0.6901995941974863
3991,0.08534085005521774,0.6009142554262976,0.16164710942815766,0.6161683381721328
3992,0.0450579859316349,0.6484857051854431,0.26017361194518407,0.7057799167099079
3994,0.07016737759113312,0.7880101697144268,0.49596955693968975,0.8454153588706477
3995,0.06574157625436783,0.621228186922096,0.18151112050636534,0.7268387577494867
3996,0.17703217267990112,0.41247009322864303,0.010175297437261244,0.25033945267233326
3997,0.06681717187166214,0.5285416198373133,0.11062673154633211,0.511813792382335
400,0.29229283332824707,0.6285611728474318,0.7225781083038294,0.554258183364484
4000,0.060115233063697815,0.7274408638546372,0.4292531909059178,0.856237457363064
4001,0.23513278365135193,0.6021092293742933,0.5382873674381194,0.6024532167100416
4002,0.19137336313724518,0.4127536160590583,0.09982783497698722,0.27147607736181667
4003,0.0829346626996994,0.8774576907842,0.803443127979678,0.8489622944662082
4004,0.1922711730003357,0.4049229412889249,0.08301849446127636,0.7259039032430119
4006,0.07611749321222305,0.8624637209586192,0.7578810832712819,0.8810178303729196
4008,0.14734302461147308,0.5564934409718195,0.12052909273082117,0.49683758559553826
4009,0.2422725409269333,0.6697352469230987,0.7443185437293336,0.6297474725884818
401,0.08918722718954086,0.6982888973711198,0.31520523267888567,0.7048520382056902
4010,0.2519615590572357,0.6604245322190588,0.6027119676992838,0.5798134226942522
4011,0.10556033253669739,0.756155931414384,0.6515584774721523,0.7946633990143704
4013,0.3758639395236969,0.41758552303763474,0.4499893827441811,0.44606753929959286
4014,0.37032243609428406,0.3711881224001632,0.33891931185400115,0.32800369156462506
4015,0.07885250449180603,0.9014337093877876,0.8496392912132603,0.8772923359720541
4016,0.20637357234954834,0.6837518593582989,0.6806199030128842,0.6745882327603754
4018,0.3664122521877289,0.5218098276981396,0.6253624378950227,0.4373894422878932
402,0.16680069267749786,0.788747322579014,0.7689556865318975,0.7023252512552168
4020,0.0935530737042427,0.8409766985016514,0.7884015227176524,0.8380437782173277
4021,0.17929644882678986,0.4877594488046153,0.36154511212915474,0.3806918247900976
4025,0.1044391393661499,0.7985410158491387,0.7209805731920533,0.7641965589926375
4026,0.1312345564365387,0.6918333019497886,0.6256684724270726,0.6292800177623228
4027,0.1814190298318863,0.7666580119016948,0.714898063388121,0.7209605722092263
4028,0.5473183393478394,0.2587349880174184,0.2670132136550074,0.26559612854622183
4029,0.07960928231477737,0.8443283627770539,0.5764937367753783,0.8208965555003837
4030,0.5243720412254333,0.25563937826711924,0.18399393583839496,0.27546151610478553
4031,0.0858544185757637,0.8578622921049927,0.8041164416972602,0.8510305515685082
4032,0.17591573297977448,0.41885598023780973,0.0788459177945909,0.266822841662506
4033,0.21295496821403503,0.4120948604281618,0.15364744659483165,0.49000798414526975
4034,0.062363430857658386,0.8259103531971604,0.4866938511699508,0.7405352340500154
4036,0.09046900272369385,0.7203910942156337,0.5237157221895007,0.8147118232984341
4038,0.06478904187679291,0.9285789989927145,0.8573265238065532,0.8869661037747155
404,0.17091526091098785,0.6037140650885555,0.3180484205772709,0.74796306122747
4040,0.20115676522254944,0.697337478021104,0.8034180506851779,0.6802120831926808
4041,0.15500910580158234,0.6606368821707419,0.6341101042522377,0.6811300022866699
4042,0.4189179837703705,0.5238842471510341,0.696473962213877,0.4267930532178265
4043,0.16264422237873077,0.4242735430364387,0.05911041195337842,0.26357711480084145
4044,0.1783798187971115,0.6741892805358594,0.40489350526567447,0.7342715401366275
4045,0.16215918958187103,0.662727380576857,0.576460381813386,0.5586044387550259
4046,0.3190644681453705,0.6615010218178845,0.8211877863043785,0.5724454421009184
405,0.33000728487968445,0.39057943654746696,0.4041652666418663,0.35817935934165246
4050,0.09413409978151321,0.8562842551918458,0.7897112100231881,0.8695530874550221
4051,0.3641323745250702,0.5502017900597475,0.6608644285482715,0.46105178272375535
4052,0.193109929561615,0.57079267034003,0.41925699684483775,0.7659660275737571
4054,0.5431523323059082,0.4095111518960145,0.5641513613883653,0.27925715174845017
4055,0.22974444925785065,0.6320464892125977,0.698945856551538,0.5906281234747451
4056,0.3254854381084442,0.5010417005593111,0.5961852538339122,0.4536780063697986
4057,0.3111788034439087,0.34886678471594357,0.06815557713010903,0.261164861574566
4058,0.21187813580036163,0.7046914070755438,0.7452738088096028,0.6452812193014918
4059,0.1289253532886505,0.6792675032837256,0.3512941936516384,0.7922942894337671
406,0.04680898040533066,0.8820159235243992,0.661123990922351,0.8983312293547491
4061,0.15235638618469238,0.7592575541610773,0.8314148338807705,0.765761292778147
4062,0.08206000179052353,0.8092353851149641,0.7641174725570662,0.7686350674908108
4063,0.11842704564332962,0.8617205058441154,0.6884820521762184,0.8130255085402157
4064,0.0955435261130333,0.8265909317026935,0.6439493065570282,0.8362113156866047
4065,0.16607032716274261,0.4232645443903405,0.07370347518122676,0.26621058642819784
4067,0.44031500816345215,0.2942783662444618,0.15314862909053317,0.27227549951731544
4068,0.04066029563546181,0.900875721690158,0.7936455951626269,0.9346065476982699
4069,0.10550525784492493,0.7025562876009372,0.6115311188787822,0.6437017190239267
4070,0.12559759616851807,0.6544012887846138,0.4275267703196176,0.7428043072372305
4071,0.2740805745124817,0.6306018105332198,0.6961634675528052,0.5633284730147581
4072,0.07584692537784576,0.8174777185664612,0.5578129899544145,0.8618786746909303
4073,0.381343811750412,0.4569525464510316,0.42739822620122253,0.39756622743877623
4074,0.07371443510055542,0.7971636628347245,0.7223121889946608,0.8010149583464817
4075,0.012333269231021404,0.597782093192854,0.06627768650553834,0.3984309860801706
4076,0.11217336356639862,0.8424825483208669,0.7754660651724185,0.8040176431235431
4079,0.1803753525018692,0.5254647788515375,0.4162582588639848,0.41850243206192506
408,0.0865236148238182,0.8492632017825691,0.6475114467437509,0.8262358804491748
4080,0.1455688178539276,0.711577102546675,0.5287583808694816,0.7817076952487123
4081,0.2812763452529907,0.4253526341491254,0.3842536264461819,0.36808072923758184
4082,0.07806597650051117,0.5662822603475005,0.12469749664138785,0.5247793295930295
4083,0.19135330617427826,0.7049848686359338,0.7456090795802832,0.703904142942293
4084,0.09674454480409622,0.8466996786489415,0.8307528851501496,0.8598960573486945
4085,0.33737242221832275,0.34300624977968136,0.17091177457994053,0.32409588539508366
4086,0.2013734132051468,0.40071507576399906,0.014020403226297551,0.25209614803844027
4087,0.11902976036071777,0.6367567434432355,0.43627690004205755,0.682142559275838
409,0.06372644752264023,0.8803903687076129,0.83205408894238,0.8441430743238361
4090,0.10315831750631332,0.8104718699252831,0.6264927069687782,0.8034528827414111
4091,0.10706236958503723,0.662383645762592,0.371211663797989,0.8190795828813389
4092,0.15218982100486755,0.42992344774673524,0.06043580462204097,0.6798901857819726
4094,0.2707984447479248,0.5235869949584842,0.6430617894310204,0.504262244132955
4095,0.11316078901290894,0.7700398963610584,0.5232009871932274,0.7969701164840935
4096,0.4177706837654114,0.4991269340254797,0.6987055529513115,0.42985099426683143
4097,0.12410963326692581,0.7357518222057673,0.694801946239266,0.7030101219453185
4098,0.06969600915908813,0.855640408845198,0.7293924731244531,0.8578662109503042
4099,0.30510616302490234,0.5270073624688747,0.5000202537989296,0.44780736778859576
410,0.31827011704444885,0.48626855471245434,0.4866814260316957,0.401925716318529
4100,0.24565920233726501,0.3735756615086768,0.05966337447280419,0.2807095593854127
4101,0.07543206214904785,0.8888161010451239,0.8824657261352916,0.8908150651572448
4103,0.35490289330482483,0.5520319587324178,0.729334631659574,0.5116207316198349
4104,0.06865464895963669,0.7985990852745624,0.725188206628825,0.8548317887746495
4105,0.11462968587875366,0.4544574044858837,0.01823831470691561,0.33439090636982804
4106,0.2709541320800781,0.43351054471119466,0.43588885411974915,0.3892436095696965
4107,0.04323478788137436,0.6679008738649057,0.16836146102189425,0.6565539067356226
4108,0.556662380695343,0.3284471266402298,0.5069207523954031,0.2773753541748552
4109,0.0784854143857956,0.687665119542896,0.30550312724940953,0.7692353130154546
4110,0.04926873371005058,0.8962031297647948,0.7401450336227438,0.8970687495346236
4111,0.285418838262558,0.6160020882612154,0.6533890890528808,0.5419130220562154
4113,0.0841808170080185,0.6874380072908857,0.4636980820586541,0.5380463192434
4114,0.1763247549533844,0.6881332482375161,0.7064153550835348,0.6520863025665458
4115,0.1235605925321579,0.5257234742930715,0.12688113170597437,0.539562112092284
4116,0.09447360038757324,0.7081844762501622,0.3294137265652896,0.7848417300361897
4117,0.07419174909591675,0.4756082361845284,0.06195851806076416,0.3784716693426776
4118,0.5431777238845825,0.27173383089355435,0.344864722129021,0.2742506968955473
4119,0.18225865066051483,0.7343209706525411,0.8451891310282347,0.7341995267876003
412,0.11094478517770767,0.6847577980001949,0.32253291380145305,0.7058078513705318
4120,0.1308869570493698,0.6562832777787826,0.3369269437896024,0.7918268494642804
4122,0.10298421233892441,0.8552057332782088,0.7780500532927223,0.8454928363892463
4123,0.27942654490470886,0.6271618376988284,0.7307537912971438,0.5675166357255609
4124,0.07045531272888184,0.7525246663118512,0.48602260906027733,0.8341461264686186
4125,0.08716294169425964,0.8827292500918424,0.8219075399928489,0.8597441456686115
4126,0.11342249065637589,0.6855991876181864,0.42362037332821134,0.8016578164461707
4127,0.06082121655344963,0.853812067298545,0.6366204738050341,0.8803958869430334
4128,0.1239086464047432,0.7293491486462249,0.575088023467301,0.6180690498692812
4129,0.12476107478141785,0.6013060237797666,0.2807904420346651,0.7031869949521035
413,0.11006447672843933,0.7472033347554503,0.7604575400004473,0.7468618682227631
4130,0.31385108828544617,0.35335931833894074,0.13183679628354433,0.27609968116841116
4132,0.08508750051259995,0.8516878412271824,0.8198364673823106,0.7973606609630228
4133,0.38088107109069824,0.34035905719303683,0.2497613940692335,0.30544720861802754
4135,0.2592035233974457,0.6161270405174775,0.7180274365796699,0.5643297081138128
4137,0.6186581254005432,0.3098249512063024,0.5163547017042818,0.23054964904807654
4138,0.2124086618423462,0.40124369212599875,0.11156204718716527,0.2762292624384489
4139,0.2762472331523895,0.49191662944132064,0.35192381453858596,0.4535685907192684
414,0.1778569221496582,0.7279271084727728,0.7519706167140005,0.6576152113348548
4140,0.09378110617399216,0.4813220052929318,0.07937311128294,0.7739949722771629
4141,0.3710828721523285,0.31671340153953004,0.028445137144699886,0.2535834992156729
4144,0.1959456503391266,0.5611479542577731,0.6082094888088575,0.5181637456402013
4146,0.09342218935489655,0.7004391809926911,0.5138796151380204,0.7757073020300738
4147,0.07484141737222672,0.846990510352958,0.6620595600055555,0.8471613706234293
4148,0.1277429610490799,0.5884985077257783,0.4715237003443627,0.745096944007228
4151,0.04374726116657257,0.9002545038193803,0.7417456098081159,0.9264310010630259
4152,0.06638669222593307,0.7103640065953788,0.48725992346634706,0.8690743309384059
4153,0.15807713568210602,0.7476367151575565,0.6758045869447877,0.6808247509518913
4155,0.3188033103942871,0.53111935833628,0.6266855410330966,0.4760910103568906
4156,0.2354373335838318,0.5489821533932995,0.3440998077741114,0.552831514727329
4157,0.12092866748571396,0.6924465651798843,0.6463634218520521,0.7175250981519745
4159,0.17837005853652954,0.5338066503961968,0.513267960108961,0.4796935476086906
4160,0.09975615888834,0.7897942026521354,0.6930444683883479,0.7500511712237945
4163,0.10259994119405746,0.4902666924172786,0.21758223636423452,0.3432607307529285
4164,0.1052783653140068,0.8028182866980731,0.49597764595261007,0.71534782241092
4165,0.10188547521829605,0.6672990289795693,0.6658177510823072,0.6231791364976642
4166,0.09057506918907166,0.8053079484527279,0.5940893113971986,0.8616525320184264
4168,0.09257286041975021,0.7906351183241221,0.7249487332810282,0.7697733928261092
417,0.13544276356697083,0.7819500263673332,0.7638216161626401,0.7675254266025642
4170,0.09051911532878876,0.8373384861889975,0.8209789084713963,0.8291177418025495
4175,0.04926355183124542,0.8383924605711801,0.6919651062675767,0.9128395760532908
4178,0.11225307732820511,0.7291400654524975,0.5244552911928728,0.808607474146459
4179,0.14983507990837097,0.5794167706340747,0.5377212699637142,0.5202250766230614
418,0.04873476177453995,0.7823495230002695,0.36874702001517107,0.8104408680416603
4180,0.11887072026729584,0.6520186617288297,0.4527989301962693,0.6446747934184549
4181,0.15637175738811493,0.6028627535105371,0.5671537359785164,0.5683779311525361
4187,0.08420449495315552,0.7729836711083273,0.4635861148510657,0.8560226953629135
4189,0.13041682541370392,0.6889870868361352,0.6034045582490228,0.6852026265208324
419,0.038484711199998856,0.8718887796462147,0.7348539672300904,0.9307053284271303
4190,0.19478854537010193,0.7456736497692662,0.7706020578782429,0.7119569504452609
4191,0.08177559077739716,0.7155063777447611,0.45489380717947164,0.5763405694704751
4192,0.1325312703847885,0.6703328170263905,0.5716252435007706,0.6669487207563599
4194,0.09342874586582184,0.7044433160708026,0.611951788763409,0.793108883201773
4196,0.06659848988056183,0.852901390719986,0.5736551576522123,0.798492027697781
4198,0.06083732843399048,0.7600837201995803,0.5289360709896539,0.8917083720347148
4199,0.1546270251274109,0.6969301016628295,0.7372802656202686,0.7519622278441344
42,0.11260242760181427,0.6756486510954682,0.292868276944143,0.6861253471815498
420,0.10352616012096405,0.7431726202610217,0.5703157835812308,0.8222955430227498
4200,0.04120125249028206,0.8179023285529181,0.6341770899223607,0.9170206507596737
4201,0.09937609732151031,0.7712229069291932,0.6344602906184524,0.7491873951378195
4203,0.10610413551330566,0.7385745040807172,0.7675747607814608,0.7400400235402218
4210,0.12071692943572998,0.5812781269705178,0.4938724908774184,0.6194766031378097
4212,0.15277622640132904,0.6035222989532443,0.27622191649192224,0.7190879598910827
4213,0.10390430688858032,0.8549229969948873,0.8401682426076499,0.841378192542033
4214,0.18285967409610748,0.42727605683452663,0.15257774701618435,0.2891009433011752
4215,0.0899433046579361,0.8061689342994094,0.7736805497105793,0.8261842037064648
4216,0.05259576067328453,0.5934978554677163,0.1254933282303877,0.6287039402209268
4219,0.09069333225488663,0.6833323422751109,0.6047661124482314,0.7625185563166079
422,0.0947338193655014,0.5149022571106816,0.03092004332943709,0.3469659596258302
4223,0.05278991162776947,0.5676004976652909,0.22035044370354556,0.47689403404362385
4225,0.18443721532821655,0.4322458423397358,0.23849691589731145,0.32072765833313316
423,0.06558134406805038,0.7924975758572124,0.7439807478157063,0.8184865037501601
4231,0.1570914387702942,0.6757387671181948,0.550756046206959,0.6288560574571863
4232,0.08277127146720886,0.6601269982962138,0.24702535135505901,0.6975749709719845
4234,0.10685933381319046,0.8107550690578504,0.7145533728446721,0.749869750580969
4237,0.0636284276843071,0.875639019632391,0.7163207708472807,0.9097785489115382
4239,0.15011024475097656,0.42947592794599754,0.06242346919441275,0.2622985313920939
424,0.195393368601799,0.6308971371991134,0.629483257218173,0.5818738726748995
4242,0.16147762537002563,0.7505885304832933,0.716163456060792,0.6877045579451846
4243,0.15460896492004395,0.5000079060441391,0.23476170489767834,0.6832498340438473
4245,0.20575541257858276,0.4496101136560472,0.28719315273121654,0.37040563697246276
4246,0.04842746630311012,0.6512429124455743,0.3876997455686166,0.5418343148899842
4249,0.11802119016647339,0.7322783535943806,0.6003934145932555,0.6412256696513865
4250,0.06411135941743851,0.7867533822344932,0.7191901143705972,0.8411238614976784
4252,0.054862625896930695,0.8631511518150572,0.7051596323303144,0.9126710183819858
4253,0.06924629956483841,0.8612365414981153,0.7299264204972148,0.8824053547600068
4254,0.07326343655586243,0.8272071973611583,0.7324039733893354,0.8918976922420654
4255,0.14649698138237,0.6969060626098054,0.7139504693694272,0.6720700938932553
4256,0.0540732704102993,0.8346176755010093,0.6102009769521816,0.8251580842542339
4257,0.17570695281028748,0.5205204602786732,0.28079599765305097,0.5734678140604604
4258,0.1424148827791214,0.7121753900648985,0.688202752801445,0.6754137969163438
426,0.14119909703731537,0.43072473000467054,0.014268578817781527,0.2523740738805529
4261,0.3620624244213104,0.4856075707465056,0.5692764011856674,0.43784717219712666
4262,0.16681654751300812,0.46490510431142085,0.2559074178181628,0.34546587551594915
4263,0.24051086604595184,0.5592022494078086,0.5475085568261401,0.4721221944678547
4264,0.44075122475624084,0.35054910464935196,0.45723889893903574,0.3389675325119982
4265,0.18563340604305267,0.41560095794489343,0.10435070873476976,0.2733105616360142
4266,0.053562916815280914,0.7379924714794024,0.45758146231900965,0.7405712278683408
4267,0.1375049352645874,0.7067714339344895,0.5349176618546703,0.7689821265825068
427,0.17783835530281067,0.6160040846700706,0.3999135098915181,0.792987446093501
4270,0.17882809042930603,0.6545408135533588,0.542971287467436,0.6073711426903703
4271,0.04309464618563652,0.8968067076622601,0.6987107796657438,0.9104849583983801
4272,0.08275331556797028,0.8404123323283088,0.6635272426141202,0.8783129078899964
4273,0.06001058220863342,0.4693125203397711,0.03358743195195955,0.6889143913771589
4275,0.10663022845983505,0.8069754296501611,0.7527754510302233,0.817020209418504
4277,0.22923590242862701,0.4905678717938703,0.519100849279121,0.44277960033057784
4278,0.05961205065250397,0.6555911755938135,0.30506636108940177,0.7890342488758066
428,0.04870752990245819,0.8889954238209878,0.7283091748265669,0.9151775056026068
4280,0.06541287899017334,0.7612288489929899,0.4448263478631296,0.8484970273670573
4282,0.12772639095783234,0.4445667550870405,0.06005987160842791,0.2629659992579476
4283,0.15792322158813477,0.6751886313752478,0.47319681945289693,0.6158760618594931
4288,0.10257498919963837,0.7789203748824323,0.6433228999689338,0.8550854006000093
4289,0.06689336895942688,0.8226769945923389,0.6914108541035412,0.8382979517969185
429,0.46132341027259827,0.28908586379732726,0.24355664965792226,0.3263187409447203
4290,0.09985852986574173,0.7061561436064714,0.46385049840874276,0.761919152320568
4291,0.13168145716190338,0.6411540965760372,0.44489111721635616,0.6641058687053243
4293,0.2576233446598053,0.6533420525746714,0.6424690311228125,0.5479261213669167
4294,0.07234667986631393,0.7534959101015245,0.50716428847697,0.8736918363178022
4296,0.1463487148284912,0.7584010908549748,0.7481739283472483,0.7205052804155457
4298,0.12552808225154877,0.7391525925217357,0.6775687746404394,0.8024333623361
4299,0.12806400656700134,0.43713529444208427,0.014334053932275792,0.25649709958588573
43,0.033254534006118774,0.908156335602792,0.6908001216945413,0.9206476601274279
430,0.05452781915664673,0.8399482578580475,0.5284777265568289,0.8489029888627613
4300,0.1848578155040741,0.5258567932084215,0.42778740099145646,0.426736425752367
4303,0.1684512346982956,0.6817753983250849,0.6817739730701644,0.6763569447598121
4304,0.11293811351060867,0.8328130791488427,0.7340278443884998,0.8380822236516133
4305,0.15241147577762604,0.733708228043723,0.7211901336961948,0.7051781582875848
4307,0.06699293106794357,0.7971746181773413,0.6325544125088609,0.7681165020919108
4308,0.08481892943382263,0.7665256137563341,0.5671694437262762,0.8488030246330875
431,0.06743795424699783,0.48083452973960106,0.08353904214072451,0.3500535618574968
4311,0.10889522731304169,0.715457951448387,0.6042751677828844,0.7644697853704607
4312,0.4835118353366852,0.26599280834356337,0.1010646413661681,0.2606770165583898
4313,0.051800597459077835,0.7232732816348225,0.41046951821098254,0.8854085189882193
4315,0.08239038288593292,0.7740974983491868,0.4582744715093875,0.8178338540480898
4316,0.1419362723827362,0.5887589801304217,0.4446140275156851,0.6624677335432712
4317,0.05656387656927109,0.850285051682758,0.7562073510754528,0.8393041483113186
4319,0.12282831221818924,0.46863185104807775,0.09322354095233017,0.31164436607410506
4320,0.04420872777700424,0.7380359054446373,0.4256431048148223,0.8333329932441669
4321,0.09678004682064056,0.6756542019699219,0.3838599265748905,0.7084893041162807
4322,0.18706004321575165,0.47759287479945567,0.43595841795048673,0.41019674424845004
4323,0.12941035628318787,0.44485910695312075,0.08712272152117889,0.27262027072362527
4325,0.14537256956100464,0.6601225753308191,0.41497179458601735,0.8008473107072769
4328,0.17759114503860474,0.5152778489414876,0.46148190619501833,0.43388066458289065
4329,0.1433308720588684,0.6554558191324928,0.6472771198051006,0.5693348137889617
4333,0.06262639909982681,0.6195806316047269,0.2026012173938868,0.7557585753598655
4334,0.061916109174489975,0.7657306578068495,0.5000727365872375,0.8751725259867025
4335,0.04191148653626442,0.7629878312590781,0.5558973611647701,0.8884436793910997
4336,0.03512585908174515,0.5227997367731505,0.12932174004216104,0.7618946007030416
4337,0.05926165357232094,0.6547799007288116,0.23547008436196554,0.6768413505739714
4338,0.419400155544281,0.34544051580940366,0.3490820607500069,0.3376849335272232
4339,0.03762742877006531,0.6233141030434213,0.2664702854074258,0.853914129566432
4340,0.08363928645849228,0.7891112578377404,0.6059754899998743,0.8655900224604329
4343,0.06027993559837341,0.7299935932449158,0.25595749590750855,0.7188961958616445
4345,0.06917615234851837,0.7355115112612446,0.3881330729147751,0.790119939022547
4346,0.06215297430753708,0.7809229194523508,0.6442107030641708,0.8718127236878319
4349,0.06542067974805832,0.6978918985710466,0.28128522938127803,0.695146324477281
4350,0.19761225581169128,0.4888705402820123,0.3500477159002911,0.5768254527256306
4351,0.12780122458934784,0.6458524341968366,0.3073545073029755,0.7371420791113253
4352,0.27097776532173157,0.3670173745209901,0.04790352672354749,0.2545789579481017
4353,0.11268948763608932,0.7899954255076092,0.7962015825311203,0.8183545228903165
4354,0.08701100945472717,0.6180428688746881,0.3435371261408767,0.7743894622887937
4355,0.05411168187856674,0.7870310989833897,0.7753954620466529,0.846634496319373
4356,0.03453071042895317,0.7550682179888659,0.4148328258337766,0.8280776357654185
4359,0.6382733583450317,0.20397110969958904,0.21700918504038794,0.22750869707704058
4361,0.028444740921258926,0.8961151401652596,0.7430176966241089,0.9308920403127774
4362,0.02571505680680275,0.6876225993987092,0.27464054493612167,0.8295074580808703
4363,0.10291800647974014,0.654918988871342,0.4243098439543274,0.7706776458434033
4364,0.3060900568962097,0.3518572745114355,0.060054657304980594,0.2578505870910194
4365,0.05340048670768738,0.7223990912236353,0.4811423481567919,0.8441108552282348
4366,0.03588346764445305,0.49926143355285657,0.07142336867507884,0.33723380935216174
4367,0.21555866301059723,0.3941838396957583,0.02561668648546854,0.2526459810157873
4368,0.04444753751158714,0.6767840013951425,0.3358153417600481,0.8136275598995873
4369,0.12037961184978485,0.6167493011237516,0.4293513550465775,0.5397651027740389
437,0.06078721210360527,0.8484943516158945,0.6108864317172064,0.8697860208907232
4370,0.05441831797361374,0.8149469007653407,0.3460435899186582,0.7717951978047612
4371,0.17791564762592316,0.7169283373907375,0.677219897129399,0.6540345385837255
4372,0.08049701154232025,0.8591122938505252,0.7703340910341286,0.8813882932321073
4373,0.02361375279724598,0.9282952974223727,0.5612741414934693,0.8990717748126752
4374,0.0216592438519001,0.7675932392455997,0.44920872572332127,0.8446872936747749
4375,0.06215127930045128,0.6565960570795194,0.24796443880316427,0.6782481520191203
4376,0.04210193082690239,0.623064034934204,0.17326009500771494,0.6140071403377784
4377,0.09688372910022736,0.6144036559272903,0.5244623681245854,0.5559605556452684
4378,0.05953942611813545,0.8260445943950934,0.5068012037005638,0.8162492287242611
4380,0.11477729678153992,0.7882473513657133,0.5347039534136248,0.7791189299677852
4381,0.06664244830608368,0.46895160308567874,0.052371815198133165,0.33968081241140413
4382,0.02880840003490448,0.9259334364144294,0.8647991027995044,0.9464241107583822
4383,0.11617651581764221,0.779177008174939,0.8120250092611443,0.7917691735372718
4384,0.11850230395793915,0.6802925296546061,0.15535645402020176,0.523632618097398
4385,0.07725846022367477,0.8108311507973737,0.6796805167970649,0.7892792346948888
4387,0.06684064120054245,0.6692312857596213,0.34154471501872474,0.7821429188224285
4388,0.10039306432008743,0.7553914766112013,0.5891807001704165,0.7994593161197731
4389,0.06866186857223511,0.7493637290131412,0.6175776419344055,0.8414518537699504
4390,0.0960741937160492,0.7767929792455815,0.5218406206931281,0.818282275870984
4391,0.11798150092363358,0.6460190887117624,0.5850946289330102,0.7018156441393
4392,0.1717458814382553,0.45987370863424437,0.2910429604881535,0.3444822411888351
4393,0.0923011302947998,0.726667601974089,0.6675891773396485,0.6824789188713101
4394,0.09767789393663406,0.49235797670544323,0.17266152972230764,0.5644333953661165
4395,0.050326213240623474,0.8769358451110205,0.6357668363253615,0.8487007242343653
4396,0.07305075228214264,0.6261769482564132,0.2521853153484968,0.7247273873143203
4397,0.030122488737106323,0.8712191020729816,0.5444398036792816,0.8862836329522992
4398,0.11894163489341736,0.46341102710755244,0.09091307411957468,0.5367563590009098
4399,0.26705750823020935,0.5927938739259999,0.7173018846706548,0.5571916356938293
44,0.12292129546403885,0.7806501966760588,0.646262366808094,0.8409759812423427
440,0.10379672795534134,0.7152976781448546,0.4896450787155167,0.8012313993309399
4400,0.432744562625885,0.28868120513841933,0.06684436023282744,0.25862019826824323
4401,0.06682191044092178,0.6810507034797854,0.5046154573255067,0.7386478205843829
4402,0.0235060416162014,0.8726798214776552,0.5973478792920959,0.9228906172491452
4403,0.059951845556497574,0.5768894477807345,0.24352486084000904,0.8407751985042075
4404,0.0768318697810173,0.6492074403178683,0.22340947042034517,0.614822631361192
4405,0.12286829948425293,0.6307555722440157,0.2714496803755317,0.758592305455802
4406,0.08405578136444092,0.612382513719868,0.21202795820646314,0.7114522856363146
4407,0.0629282295703888,0.8731608909386139,0.8416641353274235,0.8436779063486921
4408,0.22173739969730377,0.47676126436765986,0.31423051375668476,0.35982709833337223
4409,0.10461441427469254,0.672801324564672,0.28716568143389903,0.7237886637457561
4411,0.10711909085512161,0.5754301086900168,0.12535077541749556,0.5097481513237273
4413,0.05664419010281563,0.647653743527948,0.21951571833383682,0.6540403285771168
4414,0.07952534407377243,0.7586156651793343,0.5716220924256374,0.829202568135036
4415,0.04160328209400177,0.7443053910304223,0.42345398738628254,0.7976907748450317
4416,0.17859531939029694,0.6219092540913291,0.625271201417024,0.551261779661889
4417,0.1053733378648758,0.6603872614822477,0.5454878577042405,0.5521970303977066
4418,0.14322561025619507,0.4298783968101733,0.01422041332885603,0.2521791653661385
4419,0.04759187623858452,0.7117930594679647,0.31131980471938536,0.7296807371564515
442,0.17631343007087708,0.5618234031849394,0.1764279741128793,0.6532265843402214
4420,0.2352849841117859,0.37574343200386917,0.06257044423217745,0.31289800847706367
4421,0.03466816246509552,0.8540138128290558,0.6539253408899846,0.8984927794889056
4422,0.07207717001438141,0.6566523529710796,0.34102787295491305,0.829511186213934
4423,0.11413245648145676,0.6720620001590758,0.47453691878108445,0.7895548841340821
4424,0.2741134762763977,0.3651803367371805,0.022264030025415694,0.25066029080133145
4425,0.10321176052093506,0.7114195558641696,0.531804838043722,0.6327105908480162
4426,0.41997918486595154,0.43582668029945204,0.6101377076935584,0.40236377608196683
4427,0.13025549054145813,0.45643700517118396,0.11767857595583459,0.7799901001429602
4429,0.08052468299865723,0.7680926597134056,0.613442409421571,0.6689500570155975
443,0.1539745330810547,0.703531018981481,0.7047327272140922,0.6282503564987263
4430,0.025493789464235306,0.9280989095578429,0.763537143850928,0.9253842967277193
4431,0.10098575055599213,0.7318423218541933,0.6319234631430092,0.7198714503224629
4432,0.052295275032520294,0.7592701793209329,0.46343061561445603,0.8193321376701839
4433,0.05953027680516243,0.7934924293572192,0.6978989435272923,0.7811303884231167
4434,0.09741344302892685,0.7101627940394404,0.3033405766850581,0.717518015125473
4436,0.13884328305721283,0.6159037516998305,0.5901640627997727,0.601734935055952
4437,0.047043539583683014,0.46202461927637356,0.00045542249334161266,0.6876602617290668
4438,0.1608857661485672,0.5409054756993454,0.47412612843876006,0.4495097493025425
4439,0.0800849050283432,0.8528766488672972,0.7606333403402747,0.8894212373560939
4440,0.14407844841480255,0.7412392577136736,0.7170771467091109,0.69578956906138
4441,0.13597849011421204,0.7322426887309197,0.7256040518753017,0.6715897145606211
4442,0.26213908195495605,0.4564030747380304,0.4428282623402197,0.4124826105927786
4443,0.05332779511809349,0.7453773675102657,0.5213866594167128,0.8747192154641945
4444,0.06013786792755127,0.5502310153721393,0.10128348067622724,0.4520584603976884
4445,0.262384295463562,0.39855032003410107,0.22025435773784044,0.3031739939895953
4446,0.018043747171759605,0.6360473757865504,0.17388006658159197,0.501073975842669
4448,0.13947466015815735,0.7218330030201807,0.6017809320340023,0.7143632916959926
4449,0.17172761261463165,0.6636447908029812,0.686587950452311,0.6187328290712922
4451,0.031086048111319542,0.8315989185932444,0.5293314235128386,0.8472770180756118
4452,0.08162453770637512,0.7973174847312042,0.57133896523045,0.7463169981505811
4453,0.029526647180318832,0.8448013948970206,0.7412242093991661,0.9102821448700853
4454,0.06915507465600967,0.7658835368073679,0.7409619884983412,0.8122456119775663
4455,0.061091966927051544,0.6431223223931057,0.249795597030479,0.6944622063456705
4456,0.07313080132007599,0.44214861476459355,0.00866458063886411,0.7612653159049892
4457,0.06680844724178314,0.48224650387897383,0.09606732114566852,0.281389225272954
4458,0.2019934356212616,0.4282778690643245,0.10994126227200769,0.33195206368820523
4459,0.03909064829349518,0.6504901062505081,0.14799508508113285,0.5951097346991748
446,0.0879475325345993,0.7706926297161698,0.517282279571228,0.7998798096723485
4461,0.10469207912683487,0.6075527515653709,0.27058295608239213,0.6687362019504826
4463,0.09546207636594772,0.8083510759054303,0.8170019756907162,0.8093426986267286
4464,0.06395306438207626,0.4976639856064217,0.150983575190544,0.6116057709260452
4465,0.03875178098678589,0.7297962935701992,0.4330491550120028,0.7655918370512524
4466,0.18793290853500366,0.671483872317217,0.6495108951518686,0.5843459508884818
4467,0.10817333310842514,0.6457784050785089,0.3412926831594632,0.7685458904865103
4469,0.08392832428216934,0.8615530026921112,0.8352282386720644,0.8342605705812088
4470,0.4872363805770874,0.3160272108257333,0.4233001605630115,0.2999515771209875
4471,0.03899259865283966,0.920531165104919,0.7173512639452522,0.9159168175467688
4472,0.2994840145111084,0.3908096743742665,0.36115094741341913,0.34475866238839814
4475,0.044476598501205444,0.8481155939780334,0.6349310024599916,0.8681982361607052
4476,0.026615530252456665,0.7218407215879201,0.4272784300858032,0.8581642193951031
4477,0.06734815984964371,0.7127617473442605,0.5075098897619392,0.8974884394726006
4478,0.039618562906980515,0.8396006703849894,0.6465873074254246,0.9157072618986226
4479,0.12424135953187943,0.7536686827043041,0.6839675214052793,0.7159842780185988
448,0.1374768763780594,0.7179294477757734,0.6354712082380144,0.6551535898067564
4480,0.23203252255916595,0.4718656851944507,0.4806158887346395,0.41566300836953435
4481,0.1125153973698616,0.578084962576231,0.14954529259358906,0.6812904871277228
4482,0.02920680120587349,0.48643352128762696,0.008040651692165357,0.6123388905026144
4483,0.09373947232961655,0.757751865915919,0.5961379710695659,0.7696903489053413
4484,0.09096155315637589,0.663654721386283,0.6542943429768742,0.632416086116875
4485,0.09581297636032104,0.4644575401573019,0.0488432340344054,0.6790481636102723
4487,0.1394515335559845,0.7034867370505676,0.7274949896974398,0.6836717048152882
4488,0.19087418913841248,0.4172271290420574,0.157218085958566,0.2922818179981953
4489,0.10556258261203766,0.4491436597903741,0.02226810965896383,0.2511033988500183
449,0.3619903028011322,0.4981620291460921,0.60351362427447,0.4356283103777412
4490,0.2581014335155487,0.5020810005383267,0.5418285140567709,0.4787594314025767
4491,0.19790802896022797,0.6408776815760218,0.6698168799834885,0.5821622437134357
4493,0.04967482388019562,0.6656019618694846,0.2648709315696524,0.6105599882754993
4494,0.13477681577205658,0.6691269700193399,0.5592060017394037,0.5476481989517327
4495,0.20400507748126984,0.49174432571570875,0.2759759351280436,0.5280852832397454
4496,0.08762815594673157,0.6473646148704273,0.31673956411363374,0.790796269675987
4497,0.05940147116780281,0.7877622637132559,0.7216629181420495,0.7341061183654505
4498,0.09644802659749985,0.5678650608245099,0.3435856597229348,0.40612361752137255
4499,0.28945547342300415,0.3569109585453374,0.017462297367006895,0.2522381213761221
45,0.19403700530529022,0.6020794481111273,0.4559116790889286,0.6155927361225546
4500,0.08293130248785019,0.8284700746932754,0.7367153171248456,0.803008756484596
4501,0.07247506827116013,0.6659688017525713,0.2396998736352729,0.6673036978733364
4502,0.1270713359117508,0.7039362475973396,0.6054217805412364,0.7481879088556194
4503,0.18374161422252655,0.5272711193002282,0.5150493940918047,0.4800411293222523
4505,0.15815898776054382,0.7511936294335011,0.8229057907239734,0.743227236059723
4506,0.04603319242596626,0.6753374770244004,0.3460190495877487,0.7710311887830738
4507,0.18193714320659637,0.41925164185749836,0.10950940615210018,0.2754430274564549
4508,0.024302339181303978,0.8334187842376116,0.5352686088277907,0.8596679670509404
4509,0.17987962067127228,0.6741576633015465,0.5370524407973822,0.6819754445372503
4510,0.05262130871415138,0.8700323294115506,0.7493201109154273,0.8260947070839018
4511,0.09219704568386078,0.7129991792313927,0.37142990006619286,0.8193905389344893
4512,0.024812377989292145,0.9259900544344237,0.7251086689712294,0.8760821201271183
4513,0.15055610239505768,0.4311283354013736,0.07006402405405265,0.2647142888348538
4515,0.18556305766105652,0.7613346907335212,0.8198045428367421,0.7166282621322083
4516,0.09164085984230042,0.5886824557056813,0.20140182110892468,0.5938156665715524
4517,0.1936708241701126,0.47995394524361196,0.43492630254951287,0.4011354371611936
4518,0.0942205861210823,0.4395066521785102,0.017722577490630467,0.48338042474769305
4519,0.2184275984764099,0.5140766431866836,0.5912346382236409,0.49387176717540204
4520,0.06101178750395775,0.6834643869314381,0.5853694053127981,0.7362159783528415
4521,0.045100606977939606,0.714850930713917,0.41386333470829095,0.8854271496595433
4522,0.058221179991960526,0.662320381773365,0.29250621412130495,0.8198447676195008
4523,0.21780432760715485,0.45773643320145674,0.29095457621752824,0.35494036942253
4524,0.05066148191690445,0.8285914914153782,0.7645343901759449,0.8871306089723154
4525,0.07926958054304123,0.6693071705460454,0.3674966178119402,0.7429181647593615
4526,0.17653445899486542,0.5291352419390315,0.5606578680019096,0.4865282580513222
4527,0.028853101655840874,0.6639969625523852,0.2675808898978972,0.6934557387590606
4529,0.05125770717859268,0.7643057719731119,0.4106962133342612,0.838718604591024
453,0.274894654750824,0.5889697374879419,0.6047224052777523,0.5199886954344486
4530,0.14344576001167297,0.5537678770902781,0.5065203778921998,0.468098144661651
4531,0.08648276329040527,0.7463904991822026,0.45768864681904303,0.8287680625913364
4532,0.02709381841123104,0.8981012149865517,0.7086852150157732,0.9078578714137326
4533,0.0903884693980217,0.5358168390895598,0.11144705797295058,0.6637940319785133
4534,0.09951762855052948,0.6275532407305706,0.45974912353454644,0.5063289417175169
4535,0.06873275339603424,0.6456112973279365,0.5215607485438695,0.5286167326194973
4536,0.04525807499885559,0.77952355220397,0.6515776860543949,0.8522925998092731
4538,0.28776252269744873,0.5011489125648998,0.3799410241555299,0.509438291637521
454,0.07884631305932999,0.6744292470957073,0.39523142030696884,0.823578825430392
4542,0.08964616805315018,0.6692409884402305,0.5768333313832289,0.6626357627992818
4543,0.09686123579740524,0.8513356172437907,0.835517015382341,0.847752522244419
455,0.20609237253665924,0.40686378932653233,0.11230004420742154,0.2724114680485924
4559,0.1871747523546219,0.49593031832026424,0.31587112134629525,0.3821322923927368
4560,0.07228948175907135,0.7943278713229863,0.767014001232389,0.8188121048369683
4562,0.06539900600910187,0.4969776268989905,0.08297248863286008,0.6106287494439459
4563,0.03303151577711105,0.5081195228766967,0.07320790834541792,0.3811042307273661
4566,0.0932040587067604,0.7211297122562181,0.6215837654987486,0.8231748204991283
4568,0.37517431378364563,0.41529570145489425,0.46058727048254683,0.36601503678826675
457,0.15049579739570618,0.6295704426900764,0.5289812523678681,0.700472583222278
4571,0.15090420842170715,0.7529901009773088,0.776177894325758,0.6869603114616426
4572,0.07825391739606857,0.6491969190971139,0.37785604448799465,0.8461001771314924
4576,0.03929892182350159,0.6919967594538944,0.24405378302702443,0.7255089298416573
4579,0.05420151352882385,0.9046336483979451,0.7633427279758905,0.8943251408717572
4580,0.044606711715459824,0.6258510836708784,0.20219406348762484,0.692112929512915
4581,0.10049451887607574,0.576217442171905,0.49201316313506843,0.5333937879708399
4582,0.19704142212867737,0.576488892082912,0.3638919785150117,0.5934956594916754
4583,0.2057608664035797,0.46947210962999875,0.3538895594098787,0.4728640098271708
4586,0.07940831780433655,0.5063850178168823,0.10433094231660078,0.6351228318838362
4587,0.05267404392361641,0.6506989147358306,0.5181596957095023,0.7524423866219182
4589,0.28062161803245544,0.4916101066858461,0.4687065064166344,0.5302306268667563
4591,0.19484592974185944,0.6127003551592294,0.48053761338165657,0.7026883357078055
4592,0.09795810282230377,0.5892102037319834,0.41467541089738535,0.6891121717327877
4593,0.11215226352214813,0.4299372408786564,0.017177113134202806,0.5840512591722259
4597,0.6493938565254211,0.20405824556529892,0.2126650233139232,0.22895724489962993
4598,0.0781238004565239,0.6230231250617331,0.3069586291124778,0.7989106957082308
46,0.09848828613758087,0.5051059814412239,0.10958117871372877,0.457359197611383
4600,0.18306362628936768,0.6369511168221312,0.4302183962523711,0.6105259897559115
4601,0.06604419648647308,0.7117875597267311,0.6212510129756322,0.8075349803834346
4602,0.15247991681098938,0.7320920484821911,0.5384582256785081,0.7858949622866388
4604,0.5016658306121826,0.38939331749722267,0.49078413848055163,0.29954604681972963
4606,0.1027342900633812,0.7081657313817782,0.5186026491263551,0.7026248266527677
4608,0.17699801921844482,0.46709063066531464,0.25741255324840473,0.37699072015883006
461,0.15233983099460602,0.6259324470485238,0.6618272193651116,0.6026114455985562
4610,0.11074347048997879,0.528544934253625,0.2886062086252257,0.4149343813687617
4612,0.09285154938697815,0.8294370021716113,0.8072367041351788,0.8178506046985164
4613,0.044461607933044434,0.7484850989357964,0.5570327580465478,0.6228931122167045
4615,0.1706816405057907,0.634045941354582,0.4585047929101151,0.5085857475146449
4619,0.14210836589336395,0.44073896735411106,0.1130960064021515,0.48073556901577175
4623,0.04278997331857681,0.6841706567859956,0.5361750590561799,0.7687647187515533
4625,0.2628667652606964,0.3722101039007491,0.05319877329800953,0.2623423524782261
4626,0.20141908526420593,0.4580646212193716,0.2968591210318678,0.4734984080111097
4627,0.038404665887355804,0.8643961606005685,0.6898172327919845,0.8453087448500289
4628,0.02313474379479885,0.8370931876217338,0.6224171676690838,0.7999730802195922
4631,0.09947284311056137,0.4525491513855506,0.05021706788554713,0.26771624969346763
4634,0.045403290539979935,0.6814701508744052,0.5453663041026554,0.631221860792477
4638,0.042275842279195786,0.6615710138722263,0.44303870190507255,0.534488360464594
464,0.031199365854263306,0.7522706201267679,0.38409229491277114,0.8261193003294427
4640,0.025533219799399376,0.7102955040643468,0.3391540143895455,0.713445380664604
4642,0.23383483290672302,0.5333946550267831,0.3715137193295036,0.40339199208098736
4645,0.2811436057090759,0.340641929173306,0.043455560567352676,0.3302646357362577
4647,0.05407219007611275,0.6923498962765655,0.491093062712011,0.7754281100771908
4648,0.2007642686367035,0.5092537756510609,0.4755693184886589,0.48589764287145504
465,0.11615465581417084,0.7116136416096639,0.621666431379671,0.6252887409689486
4650,0.1050444096326828,0.7098314853982275,0.6983569106491374,0.7243125835463046
4651,0.05844096094369888,0.8596333306577171,0.6616406555814066,0.8264113917821698
4652,0.158198744058609,0.7220398474887242,0.7057613396524498,0.6531177674047705
4653,0.04612044245004654,0.8622596137167584,0.5583822184033146,0.8259995842389054
4657,0.09143310785293579,0.5865813294255988,0.3250862515945935,0.5152149728446003
4658,0.06176631525158882,0.8570049458808464,0.661649958970852,0.8918084110069906
4659,0.09559793770313263,0.7282789333718063,0.7221404375351224,0.7273600516380614
466,0.049206409603357315,0.8827322691769504,0.5927643335692028,0.8588259398285023
4660,0.0559389665722847,0.8149254601954834,0.5005552047220979,0.8614865730244867
4661,0.10889563709497452,0.7337658797076481,0.5943164918329635,0.8057042408916453
4667,0.10110987722873688,0.4525213868490579,0.04010274088941289,0.25647374318390836
4668,0.025217030197381973,0.4855962396252932,0.015916263649137858,0.6608107039070286
4670,0.059549394994974136,0.8480093804904327,0.6214329458004957,0.8952893908102079
4671,0.062383607029914856,0.6369737165164688,0.3158565744232824,0.8564011269461147
4673,0.03730794042348862,0.5242108398290348,0.0771305279310785,0.4863110556709407
4678,0.10342389345169067,0.7041065434002747,0.7022709759136501,0.686444329917951
4679,0.31050804257392883,0.413887259485636,0.36677593047117213,0.370193798434044
468,0.1990603506565094,0.700620257630254,0.7799098716602831,0.6976514331215142
4680,0.04414867237210274,0.660809721404374,0.24458636405213485,0.6698503953004866
4681,0.06648007035255432,0.4615954459913826,0.027731039381935434,0.7207517474398253
4682,0.10965016484260559,0.5435527056873692,0.13030857049744518,0.7191181157115687
4685,0.1758948266506195,0.5360330143030138,0.1371572188047843,0.49930389341346487
4686,0.4547739326953888,0.453209083512217,0.5335511848157845,0.36027616768519566
4688,0.1352715790271759,0.6271581822992194,0.46001863141000016,0.8176057840594486
4691,0.13928666710853577,0.6083873366577521,0.4387590915878079,0.5827275059190493
4692,0.09733903408050537,0.8591417650806565,0.8282671425954539,0.8604005934077796
4693,0.5855408906936646,0.31653217965896563,0.4927698915066992,0.23415046945762527
4696,0.0733022540807724,0.7536245056769246,0.5118412759776305,0.7444470044052743
4697,0.1071249470114708,0.7619264132755587,0.5146571724463638,0.8211702089594438
4699,0.0676540657877922,0.45732503253528933,0.02887114424689608,0.722885901277408
47,0.11521334201097488,0.6398646437163671,0.5217032772665728,0.6126473443553424
470,0.07112068682909012,0.8418227479129086,0.8008819498549554,0.8436243981074726
4700,0.3630329370498657,0.3910263161347269,0.2910490491171675,0.47721720369750464
4701,0.07135497033596039,0.46526046981202407,0.04192046959446999,0.6027587360568123
4703,0.22916556894779205,0.4440306955241518,0.3552803533575855,0.4528802783760129
4704,0.3883303105831146,0.3541052749051504,0.2744913462507247,0.305925867184846
4705,0.06036730110645294,0.7574903808430866,0.5256339880265519,0.8869153270063751
4707,0.30502161383628845,0.4453681239623649,0.33594256265193545,0.3655694901347299
4708,0.11109394580125809,0.8280008569666233,0.8394513987116844,0.8083208064944468
4709,0.08330756425857544,0.48661810944392936,0.08502988087213488,0.628105786536488
471,0.08002622425556183,0.6778901306853157,0.27887313366947075,0.6832729972523064
4710,0.3569560647010803,0.4016462178957564,0.43958911925165206,0.39813252833102375
4711,0.5883650183677673,0.29260687485154124,0.4736633492708418,0.28285248445733074
4713,0.027605917304754257,0.6601022290176075,0.316969094807169,0.7058611213985637
4714,0.26425701379776,0.4806493487033652,0.5157117165101974,0.4651764821651953
4715,0.10627423971891403,0.8086473228383053,0.598272542664266,0.8331497142543618
4716,0.3103916347026825,0.45077374982698293,0.34024388291422636,0.39558922952277215
4717,0.46222034096717834,0.3236915138789947,0.36739937552504776,0.32244606385163826
4718,0.04509752616286278,0.6071592177808316,0.2416364630448508,0.7837028720899135
4719,0.10359372198581696,0.8331389335203263,0.7441103962071005,0.8402259067205928
4720,0.17569227516651154,0.6301479573462356,0.3168457444846711,0.7117101255591558
4721,0.08627229928970337,0.8643927125987957,0.8513657284494118,0.8274309004514945
4723,0.04466184973716736,0.7169449486494327,0.24968897620910263,0.7709368545326265
4724,0.06747344136238098,0.866749735240645,0.7697257864758632,0.8539935716375602
4725,0.15522894263267517,0.7217033981084393,0.5023229354988424,0.63914265709085
4727,0.09781807661056519,0.6697776707601146,0.4198908960551944,0.8346195231892855
4728,0.1770155429840088,0.6224911181862363,0.6082680535048438,0.5883441490599199
4729,0.8328000903129578,0.12608964942899786,0.3761180208321391,0.07308485550152893
4730,0.03852261230349541,0.8714890069261656,0.5634770620333643,0.842611496261703
4731,0.2732506990432739,0.5631132340741785,0.5943147659841526,0.4971919879016277
4732,0.36918631196022034,0.4955506413353236,0.5547354300385725,0.4196539610436454
4734,0.03911806643009186,0.9272526804733221,0.8385530905346456,0.9170830510027272
4737,0.48278525471687317,0.356946459202212,0.41006747709955954,0.31004295983643215
4738,0.09375575184822083,0.5387014625590123,0.09774937390724715,0.5012558253049546
4739,0.14332416653633118,0.49776779466571774,0.1260147235095629,0.7480160644292717
4740,0.07176525890827179,0.882415967518886,0.8772813268268109,0.8976223285167461
4742,0.1513262838125229,0.5576475502406097,0.4872303055559793,0.502459289172922
4743,0.056606195867061615,0.7599668294739778,0.4852758757293759,0.8742334444709838
4744,0.1283324956893921,0.5031495271137761,0.15242231401036874,0.7365586087056502
4745,0.08960781246423721,0.48850914871207446,0.03304345727084216,0.5815119298464755
4746,0.1580103188753128,0.4941608531383952,0.18893440002323775,0.8004425976637389
4747,0.3590647876262665,0.5298440262407809,0.6137123402750223,0.5165374869384349
4748,0.04733525589108467,0.7357308241132585,0.4025558272512853,0.8127797487037534
4749,0.10976159572601318,0.8301203045697274,0.6401432671265881,0.8280861523856439
475,0.05483013018965721,0.8158689054043088,0.6709172760812033,0.7276404504374142
4750,0.031704533845186234,0.6376598809000813,0.4908122702467619,0.903691190895894
4751,0.08270386606454849,0.6713797675637592,0.3849175463866317,0.8051640794936905
4753,0.025053590536117554,0.6907519611923841,0.2095372944607756,0.6916702677207487
4754,0.1332375854253769,0.6515140358094387,0.6550931096969129,0.6764627922185812
4755,0.17468059062957764,0.6351346131645748,0.5408465892788781,0.6381783559379096
4756,0.10913116484880447,0.49222025494904736,0.1364385553568653,0.716635519927328
4757,0.05722380429506302,0.7917280201393428,0.4612668805666601,0.8572917709748744
4758,0.6102054715156555,0.22309163221649325,0.21159255079254524,0.2551186448992086
4759,0.07808614522218704,0.778382983724355,0.6158629129665885,0.8670382083840462
476,0.08911194652318954,0.48509612552806636,0.05201341128127072,0.3595791409178599
4760,0.10773780941963196,0.6024504914124423,0.35831473561171984,0.7375579156949252
4761,0.058638814836740494,0.5271578583747033,0.035569904233765236,0.3929920866859579
4762,0.06384837627410889,0.7097845953536931,0.4620906104648517,0.8683073161303638
4763,0.03257017210125923,0.5393250094751295,0.07332663319837164,0.480323590977863
4764,0.020374750718474388,0.4961008585143667,0.0037718098338780596,0.2780753132849425
4765,0.05325358361005783,0.781468437794328,0.42696434072136535,0.8522750013669207
4766,0.040953751653432846,0.5024157509389934,0.0943714063731566,0.7549736080133529
4767,0.0210715439170599,0.49495517224558006,0.00908469620811205,0.3989843585755133
477,0.095343217253685,0.5595756775068614,0.2144269186156081,0.8276930434337854
4771,0.23966071009635925,0.5517826427040777,0.5588515937719195,0.5904161572067177
4772,0.21953052282333374,0.4766961443158879,0.4821351228668679,0.4358148446558302
4773,0.22871574759483337,0.5311858912096057,0.4924908235576285,0.5090105548720472
4774,0.11466622352600098,0.5217115549469827,0.19814011692558026,0.7291506884767931
4775,0.18559589982032776,0.5422523137715349,0.39923252143882887,0.6055447981484997
4776,0.0609949454665184,0.7374570879288915,0.49271451987342973,0.8686503697995487
4777,0.11264599114656448,0.7091513847133744,0.4613626847956856,0.6998526801401748
4778,0.16286516189575195,0.5865540532154021,0.5200715761547074,0.5328822285868069
4779,0.14389429986476898,0.5724837235904031,0.3036329270258974,0.7612457442898644
4780,0.08449151366949081,0.4641472911533975,0.020111880290787244,0.588932015527499
4782,0.09657081216573715,0.6587616921578692,0.37538995587131263,0.8370980725009695
4783,0.3346792161464691,0.4233791982054011,0.33041120401966384,0.38231776250144694
4784,0.03528033196926117,0.5298041767614009,0.031754347134113896,0.5100916900050212
4785,0.05239222198724747,0.4661497575496774,0.040113427719971104,0.7212480216652417
4786,0.23890510201454163,0.5103508198121419,0.5216887878652072,0.4983095314640332
4788,0.20389658212661743,0.6063007218645784,0.6360995821594003,0.6042261329224605
4789,0.14372584223747253,0.856769955850451,0.830385068872632,0.7642511096141065
4790,0.21984432637691498,0.5288504885203698,0.3263146254033946,0.5064875536680229
4791,0.34282758831977844,0.42393003488527714,0.4930539684809294,0.3866307734315376
4792,0.0068770949728786945,0.5085874354114386,0.003649742587447637,0.2582718319538636
4793,0.05274801701307297,0.5200688108920788,0.04444518024221127,0.6720371318676256
4794,0.19063575565814972,0.5792018777341719,0.5034578898826051,0.48059810896434574
4795,0.1682550460100174,0.6237964579223967,0.5330505359383904,0.7246137731762288
4796,0.1005488783121109,0.681152771699124,0.5042238260706866,0.7008222071086562
4797,0.013607767410576344,0.4945390316444879,0.0035185726925012484,0.27884203974577143
4799,0.10901312530040741,0.7565998729936916,0.4354166476256036,0.7723152336124719
48,0.17129279673099518,0.5870201618602582,0.1429404005514072,0.5831939032533897
480,0.09976248443126678,0.734233109626131,0.6810414865382559,0.7782041152249324
4800,0.10781660676002502,0.7520708175609001,0.6815608457885053,0.7012934722756496
4801,0.21353553235530853,0.40533970905022576,0.13223236368507868,0.30531781465684577
4802,0.048561058938503265,0.6508755772769441,0.28371391364482396,0.8230635452435362
4803,0.05763395130634308,0.9066762152411147,0.813791804809577,0.9234378992258946
4804,0.3279672861099243,0.4273900950328922,0.32995612438423677,0.3842602698225611
4805,0.12965749204158783,0.8056047252900698,0.7288791144923009,0.7431316914669173
4806,0.04613245278596878,0.8997878644613229,0.7167414399906689,0.9062137819304934
4807,0.06704068183898926,0.6728735382168562,0.254618683377227,0.7249097751217906
4808,0.1882399618625641,0.5732279418158688,0.34147097286115885,0.6618050436086622
4809,0.08698458969593048,0.9094393727895056,0.9151935578974343,0.8853680048640404
481,0.35395845770835876,0.345674605451337,0.2132859245550552,0.29613791119255806
4810,0.2469272017478943,0.46488949256865925,0.3055537526999595,0.3815672564411614
4811,0.16673234105110168,0.6626028359584041,0.5990154990756152,0.6142968306753286
4812,0.1026844009757042,0.7004297979376997,0.5264427344346957,0.7859656495096443
4813,0.0470951646566391,0.5009129014178366,0.04586751395450048,0.40679448874203816
4814,0.07955850660800934,0.6058513675529783,0.2901419754294997,0.8280191088463184
4815,0.058781128376722336,0.5361836193353873,0.110596596774698,0.8394539801865334
4818,0.09981388598680496,0.834216504250281,0.6915036131559913,0.8677124556434144
482,0.12465731054544449,0.7696907294814044,0.8236273769694222,0.7681251215159128
4821,0.3527062237262726,0.5465805157583435,0.7161259933522989,0.5005063965760178
4822,0.15283846855163574,0.7036201194231049,0.7582517513670012,0.7127674956301053
4823,0.06423205137252808,0.8044567322252802,0.5400240811018752,0.7961437273693139
4824,0.04958760365843773,0.7866381123316876,0.45714883145579877,0.8844761445252305
4825,0.11996462941169739,0.5217638965600652,0.1598987716948715,0.7128556203056673
4827,0.07660996913909912,0.8218377634154364,0.6132325492051507,0.8553365827495274
4828,0.17685779929161072,0.6217445162216261,0.348881039653738,0.728872006927724
4829,0.027725355699658394,0.9523360252754296,0.859644927655611,0.9491842760659948
483,0.12568233907222748,0.5506388032240842,0.4419885341874099,0.5308905003264419
4832,0.06279277056455612,0.9199015629235994,0.9120247025732159,0.9052565312542631
4835,0.038472678512334824,0.8205699979395756,0.5860898753449699,0.906504749453436
4836,0.16406658291816711,0.6094633067790145,0.6526774453034694,0.5764526065852864
4838,0.08496600389480591,0.7888350214828217,0.6711097890083801,0.7578422664474289
4839,0.1347155123949051,0.8048700926350415,0.7933471295265815,0.8174890295611777
4840,0.07219408452510834,0.7560486989606264,0.6216021348671763,0.6561226902152355
4841,0.17137838900089264,0.5769996380038002,0.3182288638929658,0.6947397591715625
4842,0.029380880296230316,0.7152616168675945,0.3531426471371382,0.7606543195875775
4843,0.11482901126146317,0.6811830691665217,0.6591060471435034,0.6421648214755864
4844,0.19010794162750244,0.7748767054289204,0.8450111025412449,0.7312935732497613
4845,0.16839325428009033,0.46831036673388654,0.3429723665130991,0.3657533917679915
4846,0.03513749688863754,0.8970475384197315,0.6517216752759861,0.9033997955370239
4848,0.09094181656837463,0.4760228451210932,0.06699026435457818,0.6291572383790643
4849,0.03370537608861923,0.902018463571842,0.548982906182959,0.8829492675916027
4850,0.1212284043431282,0.8146136349189337,0.7867143010224271,0.7399066731401485
4852,0.044290415942668915,0.7903171137216114,0.48177988262834326,0.8498702799165709
4854,0.07353143393993378,0.5258451412947892,0.07581886017556139,0.4010788251871042
4855,0.18884846568107605,0.6149207722503018,0.5348295067425768,0.5445272551056289
4856,0.06846927106380463,0.7740958289586699,0.46005791604867663,0.8370364367289671
4857,0.19943170249462128,0.48634741820713845,0.36143070531621085,0.379855456988855
4858,0.16892269253730774,0.7480114850508309,0.7954723517965472,0.7406758960235744
4859,0.04340939596295357,0.7804364374520798,0.7279863917569591,0.8327463880983075
486,0.3912027180194855,0.31027582305317586,0.08677702902042415,0.2603097791550522
4860,0.0506451241672039,0.7945902780548366,0.44033018655779205,0.8284641928506008
4861,0.027142906561493874,0.901878100203648,0.6856828684598403,0.8913823229881063
4862,0.21718162298202515,0.4104732904352623,0.1839058424564531,0.29558527964447856
4864,0.0750059187412262,0.7160323436179745,0.583218200566313,0.5962712078406114
4865,0.028106411918997765,0.8945614340702038,0.7344553412786878,0.8424387307244103
4867,0.17301617562770844,0.6457157390172423,0.6077892904122141,0.5439178096714115
4868,0.10590220987796783,0.6965659834183087,0.6143734676706103,0.6136454457350953
4869,0.17894215881824493,0.5017402620395042,0.2525826349228513,0.48089682413340246
4870,0.06941986829042435,0.7846787176832006,0.4108600758325803,0.6735835024751013
4871,0.14923423528671265,0.7863045186078849,0.8233452625047737,0.7459168649562951
4872,0.0309511236846447,0.8405596120754796,0.5158850816085702,0.8767342823832313
4873,0.051315005868673325,0.8035575949963478,0.4080731985201717,0.7733634724253322
4874,0.10379146784543991,0.6731445210652016,0.4930770853585752,0.69518305057053
4876,0.04044971615076065,0.9195367291935745,0.6951438300845977,0.8893803265538545
4878,0.07173243165016174,0.6079411257187016,0.28185205787953865,0.41553337577637384
4879,0.06766265630722046,0.9025144990842846,0.8621420326287498,0.8670888244524383
488,0.1214621514081955,0.689187815293666,0.5390216228157804,0.6550374060288574
4881,0.05423026159405708,0.8856484433399685,0.7949858557316634,0.8659586205750031
4884,0.09349005669355392,0.6170801894245019,0.25280261388620806,0.6274034444735185
4885,0.2570174038410187,0.5287578408554421,0.5225733406141874,0.4480286651407619
4886,0.21271681785583496,0.5795198118530447,0.5176672948343672,0.516199758957328
4887,0.10476624220609665,0.594937292403181,0.09297305446607541,0.5101898897094677
4888,0.026652995496988297,0.9102794749970611,0.5788250128283362,0.8348453275748631
489,0.16371212899684906,0.7921965033709406,0.8237429105099574,0.7163929703838068
4890,0.24169841408729553,0.5425538426613417,0.47755991214601556,0.4797350876531266
4891,0.21566957235336304,0.503221232196406,0.44109590362564477,0.4223112529828783
4892,0.14345340430736542,0.7850534379408148,0.7332844810785121,0.7308236163239874
4896,0.14752843976020813,0.45199618566413713,0.17517757136162368,0.42848502099538566
4897,0.10118339210748672,0.76561066389082,0.5172863585505789,0.8183258953320718
4898,0.06854529678821564,0.8014821426254984,0.46875139431118124,0.8320098615147424
49,0.2041691690683365,0.540058572773555,0.2507411697278501,0.631391946561314
490,0.04970540851354599,0.5962646979886915,0.1780145414240932,0.6463476322024159
4900,0.168548583984375,0.571100136208083,0.5289055203673283,0.4684583935551847
4901,0.032323192805051804,0.933694315059865,0.7484762742846077,0.9102899428974972
4902,0.09819815307855606,0.7941192410096611,0.8037527822210953,0.7906329156218542
4903,0.09876903146505356,0.6153734150312447,0.4551353115616432,0.5770415813856038
4904,0.20801076292991638,0.42678419133476664,0.10803754290277424,0.4378678542982347
4905,0.07557056844234467,0.8359570839513131,0.6724600128508715,0.8456362509805974
4907,0.06520696729421616,0.658760867676542,0.14146668446624652,0.5323226459659814
4908,0.032628677785396576,0.7827481052761152,0.34870533203607773,0.7537180507024224
4910,0.05099991708993912,0.6554662219559809,0.22380372443317054,0.6255368490066273
4911,0.03401653841137886,0.9155815411553444,0.780924105910665,0.9200684834673046
4912,0.05442383512854576,0.9149577403965644,0.8145619974969063,0.8863547883624259
4913,0.3410201966762543,0.33208363637497285,0.031512195545974314,0.2531231235054948
4914,0.059919506311416626,0.8810914979579696,0.7584263992028194,0.847444679335963
4915,0.09102293848991394,0.8634923898071079,0.8660362431266628,0.8593418695708624
4916,0.11459821462631226,0.7790670367172549,0.5477136078089693,0.7937514513710532
4917,0.1717730611562729,0.6306966056880072,0.6612286367300005,0.5988307370640618
4918,0.14708112180233002,0.6720596632305096,0.3399692946309345,0.7047984768696016
4919,0.14203518629074097,0.7244473145135355,0.7773170901018478,0.7700942162129336
492,0.07464484870433807,0.820418562751843,0.5452319397804913,0.8656848950743269
4920,0.0988498330116272,0.8126549885286675,0.7159029679624905,0.8387608494701332
4921,0.09663492441177368,0.6887492912472926,0.264550209209584,0.6478177484327381
4922,0.05443631112575531,0.9040776509240189,0.7962891573339178,0.8969566423097434
4923,0.09487274289131165,0.7104435302250256,0.47198188439585953,0.8152325261457739
4924,0.055106304585933685,0.6734646624932598,0.262285550264155,0.6639370737064143
4925,0.08548153191804886,0.8810156358213468,0.8247161584085209,0.8349329600394627
4926,0.0374385342001915,0.9369055137932587,0.8963966942677078,0.9327010834464644
4927,0.09286623448133469,0.4673765015357647,0.08474398979341023,0.27485557106167813
4930,0.03287415951490402,0.9270948042571987,0.82335615053544,0.921802336813872
4931,0.02227763459086418,0.7399624303614225,0.3110894021355305,0.8217313521627434
4933,0.11569422483444214,0.6887487322674063,0.6479566515822122,0.6153343800877531
4934,0.06469655781984329,0.6563639691808536,0.30181197036402824,0.6622411710191767
4935,0.0897640585899353,0.5704736582549009,0.24199470959315292,0.745749441525251
4937,0.04676778241991997,0.6358305089950462,0.23027472063672563,0.7175517525012278
4938,0.09934262931346893,0.6680812106171723,0.34924790749870066,0.7861683544063762
4939,0.12439284473657608,0.6137440407250253,0.5643580013409888,0.5451674050543183
4940,0.041707735508680344,0.8596521889577519,0.5677059908249027,0.866708688899392
4943,0.07455895096063614,0.8739818191285962,0.8197000253762161,0.8881072614345039
4945,0.12209339439868927,0.7826934143906732,0.6492744015209172,0.7385872915496667
4946,0.11051112413406372,0.8097427860230022,0.6179128360872598,0.8053005560477572
4947,0.16687147319316864,0.7289037683646784,0.7369804115088044,0.6622802618426221
4948,0.15172384679317474,0.7725838706260297,0.8226559040124748,0.7315562625676931
4949,0.03679082170128822,0.8937106617926909,0.7012225861260372,0.9114016721662717
495,0.1260916292667389,0.6586323605117956,0.5907823134794059,0.583950013263146
4956,0.027340296655893326,0.5621857198144853,0.0954146419810375,0.6574106697599654
4959,0.046075623482465744,0.4701900786312337,0.0004535562100970492,0.3179047050133986
4961,0.06917367875576019,0.4857694037512244,0.034644165114090464,0.5086055956795302
4965,0.04172245040535927,0.7817357052728802,0.3571772473275165,0.8050582649235325
4966,0.04355316981673241,0.6867664107689075,0.2057495923773198,0.6617281099376808
4968,0.06640573590993881,0.5025615803293169,0.09734975871546626,0.35469471227556804
4971,0.05644010007381439,0.4841852075618436,0.05507355448756601,0.6600287525651061
4977,0.19020384550094604,0.41878434650925406,0.10417201158205432,0.39641825822711496
4978,0.1222127377986908,0.6484809959167281,0.4619633568726927,0.7970201920563172
4979,0.19643433392047882,0.4620079082732613,0.11105174246436907,0.7490120345127329
4980,0.07335423678159714,0.5458126616976853,0.05176831355618158,0.4278355062379063
4983,0.11698996275663376,0.48965072417495015,0.08005776996839296,0.7426291342769415
4984,0.07744280993938446,0.6021655597721026,0.33125095025710133,0.6655749213064942
4986,0.08541540056467056,0.45261389984981887,0.012594177529345704,0.6924388863626519
4987,0.16771405935287476,0.6567000070861344,0.7112207226121914,0.6442855317643439
4990,0.12120644748210907,0.7944976993164994,0.6862776959631678,0.7429131048248474
4993,0.09091448783874512,0.6650243622694598,0.3809461553464271,0.8492726269603001
4995,0.042244553565979004,0.4644149412189462,0.005205414818857214,0.8474641715830369
4996,0.23942930996418,0.40678165245762754,0.23297920269001718,0.3230470691733177
4997,0.10515530407428741,0.6114642009762611,0.24737308916099274,0.6927300378848265
4999,0.05119085684418678,0.4557440135454703,0.002925589301093737,0.4244370686849389
5,0.14638085663318634,0.43858488705052356,0.09878439240884568,0.2914144467843598
50,0.06063026934862137,0.67381177630996,0.33758902249049944,0.8334112867405065
500,0.13688300549983978,0.49288595217368136,0.3622716565953779,0.43030864200332136
5001,0.05754102021455765,0.7009146826027463,0.23728561024069594,0.7433485313016217
5002,0.03302394226193428,0.8900980567097326,0.585377286640737,0.913973449383938
5003,0.05768789350986481,0.45726426751861465,0.00036616006300491767,0.37103943713018084
5004,0.1351400911808014,0.49948178186338593,0.08491363055579498,0.4096272845065095
5005,0.10897380858659744,0.48800732210543774,0.13999745735341626,0.7639359288758468
5006,0.10877034068107605,0.627942558450083,0.2468308838281754,0.7299055140418269
5008,0.07218831777572632,0.5670607152034141,0.1942433633816284,0.7129187195541908
5009,0.12019288539886475,0.46495836584318634,0.10110650243040371,0.7516239603321134
501,0.1338687241077423,0.7995346400290764,0.6784619426833385,0.7227352222626453
5012,0.037936996668577194,0.49964061045730684,0.011122285778062714,0.30386765769893426
5014,0.033040691167116165,0.716447145488491,0.2656405627478508,0.7228026817431705
5018,0.08615893870592117,0.7514361039486926,0.506242551936591,0.8095692436856439
502,0.34747061133384705,0.35521560852100564,0.2706813408348899,0.3071802055327938
5022,0.10545727610588074,0.4248674991203106,0.006169128102273108,0.44218192140040585
5023,0.05592020973563194,0.5890642367802637,0.15424573598484564,0.6918997062899486
5024,0.040397368371486664,0.4636446345314373,0.0019013060634267716,0.38421018449238664
5025,0.08556655049324036,0.5067197265477139,0.14941485269525678,0.7913831096221866
5027,0.2924656271934509,0.5352277536841261,0.3343552419615082,0.41386770724563116
5028,0.14106498658657074,0.4606443742143449,0.22023292396377162,0.3711472756378443
503,0.11984121799468994,0.7926373555636781,0.7128032597493104,0.7886633069805773
5030,0.10822683572769165,0.47176776165435436,0.19146067596980781,0.31546884852649454
5033,0.17477533221244812,0.6410117737988356,0.670658778361055,0.5937934375807311
5035,0.06791256368160248,0.7612633523283068,0.6486830461928054,0.7992213829854231
5036,0.060683831572532654,0.6446535809887688,0.23223762001648338,0.6409552855301492
5037,0.03880738839507103,0.474200012900569,0.0022277697990601,0.44734209173271827
5038,0.02844414673745632,0.48737028271926325,0.011212073798957209,0.26001121963171203
5039,0.09924531728029251,0.7011824995528827,0.37481678645951116,0.7435725037379977
504,0.1183425784111023,0.719111965707238,0.6010448982417627,0.7263031816883462
5042,0.10183554887771606,0.6308504425324302,0.27645838189691796,0.7922650731265384
5045,0.08008120208978653,0.44114047060983297,0.008454257013721192,0.6423503328781301
5046,0.065255306661129,0.6732927424752616,0.24720365077161574,0.7235036900314676
505,0.14613857865333557,0.7152169704463913,0.6474574710078419,0.6355378832934124
5050,0.05853588506579399,0.6255967505586695,0.41628052244873043,0.7772502592329599
5054,0.039118967950344086,0.6385039361795797,0.17567869914012227,0.596832799321929
5057,0.05684357136487961,0.7175112901734959,0.46137270711351325,0.7538658602253395
5061,0.05304377153515816,0.7923305642220377,0.45961446043583715,0.8309684137695255
5062,0.05724489688873291,0.8737083220583479,0.6733257130968104,0.8157875101441903
5063,0.08245265483856201,0.7313415914522975,0.6891575406249878,0.73500069206447
5065,0.19382810592651367,0.6426201620751307,0.6658964622462227,0.6089937882414725
5066,0.04344410076737404,0.7192520686685913,0.43600385445479023,0.9005874127433786
5067,0.36091819405555725,0.33486092077626445,0.15451183502200397,0.2784331841532477
5070,0.054470695555210114,0.4580234552146306,0.00022115918723006412,0.31242659732130906
5071,0.06384892761707306,0.4488850478331163,0.0001132399388612383,0.355099373738151
5072,0.08913259208202362,0.7113047794077024,0.3809705171233008,0.7986724407941268
508,0.013233626261353493,0.9132102249630796,0.5554699088177197,0.8836117197847182
5089,0.04511364549398422,0.46651242404660903,0.012803304396513693,0.2956104183846364
509,0.11847327649593353,0.6945948040404732,0.432944952022417,0.5991908217498986
51,0.08127833157777786,0.880144683422295,0.766686495211456,0.8521691442913681
5105,0.08254483342170715,0.4453533127648279,0.0011446081783516257,0.581405396989277
5108,0.10840697586536407,0.7633454586165791,0.7484638063287827,0.8016022343109477
5109,0.04296404495835304,0.7809971091379333,0.5957519063692437,0.8769760514463911
5110,0.074343740940094,0.7808503972564689,0.49263854121517303,0.8200845771532437
5114,0.0721573755145073,0.7111515894354037,0.5144267518054587,0.7733824690949838
5117,0.04666770249605179,0.745322995934677,0.4060698698710759,0.8231747136522078
5119,0.08932740986347198,0.8085663986846894,0.67544216223194,0.7968510438897225
512,0.40205416083335876,0.4588688668173714,0.5846965781744068,0.4392108775680984
5120,0.0364830382168293,0.785228872660972,0.40772060179715014,0.8526325318301167
5121,0.07097841799259186,0.6673434604195838,0.34123432486569877,0.7672301008139517
5123,0.08717566728591919,0.5595875690087374,0.16730557019248896,0.769999021651972
5125,0.04238898679614067,0.6692293525879589,0.2335837031057813,0.7870107031278533
5126,0.06089682877063751,0.8700561219731385,0.7484669557425858,0.9112542417083114
5128,0.07710762321949005,0.8169187359697354,0.48400723220488373,0.8177039905480219
513,0.21627047657966614,0.42700739093827467,0.21643232423672312,0.309761239133423
5131,0.23678576946258545,0.4772752713275815,0.25684881493577005,0.5753125194576063
5134,0.09848586469888687,0.49886376902834717,0.11694753865070134,0.7087409903423367
5136,0.04748121649026871,0.8134472125338215,0.5863879362086692,0.9260302067363073
5139,0.4038643538951874,0.31355167789915406,0.162195472110999,0.2749060295286001
514,0.09479565173387527,0.5979301321351178,0.2632987857708763,0.7757352765683956
5141,0.11227308958768845,0.5588947578721704,0.2458172266537813,0.7585888859248072
5147,0.08038397133350372,0.8467036211931019,0.6888846981416424,0.8605506786123895
5149,0.35641908645629883,0.3399325854420939,0.1949791192985077,0.2906389940734182
515,0.2804299294948578,0.6040000294561534,0.6848153023002584,0.5484278978001591
5151,0.2069465070962906,0.399269217470787,0.0297652553726182,0.25220879890589337
5156,0.06338769942522049,0.5605806045461235,0.04405589799759601,0.44098223664902053
5159,0.1193397045135498,0.5640034051616136,0.29920065953472735,0.7207282115869553
516,0.04572836682200432,0.7995699454370373,0.4774440296746103,0.7947078650642414
5162,0.020833371207118034,0.7676767190559926,0.3699659366264456,0.8268432877062095
5164,0.1267295926809311,0.6289566221023254,0.3112125086745744,0.7445472350890187
5165,0.044768791645765305,0.8252188856534725,0.5625603213251735,0.8812255738900258
5168,0.2569209039211273,0.4974540278831187,0.526824980748923,0.4404184114750103
5169,0.17460323870182037,0.6844605356016893,0.7565163607815166,0.6840606365988993
517,0.08890365809202194,0.7928685849478605,0.6892874007556257,0.8620155644760079
5170,0.09797853976488113,0.5679912846179986,0.1208451689402448,0.6258373739162606
5175,0.05557398498058319,0.6485497168572283,0.30550499072835796,0.834754888481275
5176,0.0679638683795929,0.8063177002125141,0.7033608895526171,0.8729669642019782
5178,0.10735629498958588,0.6404701314744528,0.2850709156017629,0.6688783908507141
5179,0.17145167291164398,0.4391205884574585,0.223460635454555,0.31312029307925904
518,0.09465005993843079,0.5517232205501477,0.28600355465601557,0.4651305880588158
5180,0.438333123922348,0.4110840755087752,0.43614557450771263,0.3299383025668603
5181,0.09891100972890854,0.7856483733832984,0.579484827344595,0.8373666179597309
5183,0.04698329046368599,0.5784532064559673,0.08653690586786986,0.63720394577895
5185,0.24190513789653778,0.3812970596474121,0.023312534835802628,0.2508786318221442
5187,0.177524134516716,0.6927808018735717,0.6674481320811234,0.6584951198776815
5189,0.1077127456665039,0.6295576405541946,0.39303110338436137,0.5803665049650111
519,0.11877845227718353,0.6790644876341052,0.4268203529488237,0.6757923391596818
5191,0.17489776015281677,0.6403211804928014,0.6377397603782347,0.6002291237980817
5192,0.0393344908952713,0.5984567483021141,0.08516966879452878,0.5431189490084989
5194,0.08931709825992584,0.7536330049922442,0.682736579298094,0.8059297505394944
5195,0.0672297552227974,0.7697147524691836,0.650925141701663,0.8316097919551375
5196,0.12178274989128113,0.5449934922939232,0.3472109379167609,0.5483206097864832
5197,0.18738755583763123,0.44067450126097624,0.2154449808769616,0.3818900904234187
5198,0.16267773509025574,0.7046129186907071,0.6291581224112025,0.7122251928383871
52,0.052768394351005554,0.4850563318033166,0.03492186247349314,0.2813379011548377
520,0.29654785990715027,0.5508505600675382,0.6505628138456899,0.5105318601150832
5200,0.09203661233186722,0.6908289143199652,0.5702719543277479,0.6015546985890087
5201,0.14438921213150024,0.46472349330447205,0.28469875020409846,0.3431318297058441
5205,0.11146453022956848,0.45382598951442876,0.004292830758535599,0.297002055105373
5206,0.1819925755262375,0.4109271403830746,0.019299271712233355,0.2507113228460941
5207,0.5258826017379761,0.2471131978581385,0.11958697597659103,0.2639070154388741
5209,0.05574817955493927,0.841765534727713,0.6163619024531726,0.8903518284687486
521,0.05981767550110817,0.521849124619613,0.03352514162776434,0.4109933524077242
5210,0.2995978593826294,0.40626623246906746,0.3861015995848911,0.36173538333118177
5211,0.2341228872537613,0.684814150582705,0.7145962311281543,0.6143375515030206
5212,0.2320653647184372,0.5241222128812216,0.3907614044527407,0.533589495799728
5213,0.08126813918352127,0.4522292479721839,0.026394862412972977,0.8015621869631564
5214,0.1374320387840271,0.5011042854372737,0.23858464564431783,0.37633027157656374
5216,0.3988959491252899,0.45092928768925833,0.5782811053344242,0.39132477382164604
5217,0.12496398389339447,0.6872113434099635,0.4718278030594954,0.6272610428271956
5218,0.033263638615608215,0.49263804518645893,0.05344262995815629,0.2773488702358283
5219,0.10449720174074173,0.7622472955381974,0.7298070931611766,0.7617444669959527
522,0.15649884939193726,0.7325912653826052,0.7972838050689875,0.7443887686015949
5222,0.057834070175886154,0.6320296280833237,0.18591259957248218,0.5723922853236264
5223,0.043317243456840515,0.8779642845442774,0.8731452495501739,0.8971102446022073
5233,0.09401991218328476,0.783893353826493,0.5162260156776582,0.8371826624411276
5234,0.10695121437311172,0.5944176701104719,0.17387550747104524,0.58506608188043
5235,0.10361585021018982,0.49604362964967613,0.1604539131693754,0.7630855420258671
5236,0.6339109539985657,0.2708473971807545,0.4959615544820616,0.2123418063945282
5237,0.08276642113924026,0.745305595275155,0.5890611818308805,0.7835645384694317
5238,0.2071334570646286,0.40551983829984206,0.1187433276796532,0.27500412658769535
5239,0.0659414529800415,0.7123035134262392,0.5687566389783364,0.6518455858941028
524,0.5711366534233093,0.3448944879645108,0.5365750170728131,0.2666346986123284
5241,0.1178029403090477,0.764030390592379,0.5387066051146819,0.7804764636183197
5242,0.09127030521631241,0.7443023420596591,0.4179297284837225,0.7778204564226927
5243,0.07843839377164841,0.8129228305103442,0.6419934575687536,0.8643170496272615
5244,0.213165283203125,0.6071559455730415,0.624789558035502,0.617041454795503
5245,0.07301061600446701,0.7865885224241289,0.5101794361966691,0.6785204616206748
5246,0.10409238934516907,0.5258565972862148,0.30524429760906197,0.42321601653330365
5247,0.18918055295944214,0.5417319831930323,0.39003183981426126,0.49776196860011
5248,0.06276767700910568,0.6774789624847385,0.37176001212275406,0.7870591919492139
5249,0.13740679621696472,0.6112077855245205,0.5015460349477365,0.5129745890659221
525,0.2615172564983368,0.48388276061163354,0.49703488008737895,0.43012580660256794
5250,0.05334600806236267,0.8106348814279842,0.5082859222077689,0.8752590363700712
5253,0.06303277611732483,0.6154663061993142,0.144637908963942,0.6178547461506618
5256,0.12838220596313477,0.6150571755341496,0.5220996282384759,0.54870067183009
5257,0.06576846539974213,0.7675321424215087,0.6095586382431532,0.8232655128195918
5258,0.08182293176651001,0.553585886343418,0.4472384402793794,0.5665098159857243
5259,0.14078307151794434,0.7165889857475669,0.6513242611518744,0.7879632760385924
526,0.16228480637073517,0.715384278209783,0.7039372188508185,0.7125086074221985
5263,0.06394780427217484,0.5772390224181214,0.2396901256137537,0.8689065009151837
5265,0.07951073348522186,0.8447781557721505,0.7163089359916596,0.886429789898215
5266,0.05718265101313591,0.8020408730089397,0.4556026822775739,0.8682283589320439
5267,0.08094051480293274,0.5135201941248608,0.10926062982142562,0.3152699561998956
5269,0.10536649078130722,0.6755640614839182,0.38828623057545053,0.7113730457741798
5270,0.07831038534641266,0.7144463455010117,0.353968394982028,0.7806446453424433
5271,0.05260691046714783,0.6157292937406362,0.3248083231384041,0.8068756164787557
5272,0.09766840189695358,0.7986985044260876,0.44579123596651044,0.778455533324087
5273,0.0466599278151989,0.7902519673350548,0.6151893330649296,0.7621411200692373
5274,0.09535812586545944,0.7514253735820968,0.5860943464502,0.8231769951813537
5275,0.05328689143061638,0.6671076137748682,0.2766055313720997,0.7426192813222066
5276,0.10637397319078445,0.6773482862175556,0.40416678951192975,0.5023170046289793
5277,0.06808854639530182,0.8652440784270911,0.6727358907077008,0.8957350901608938
5278,0.056678831577301025,0.5301335823720115,0.11497377625162658,0.5948892628189961
5279,0.10544891655445099,0.6006552909982391,0.2738523637607713,0.8043611928676415
528,0.07165362685918808,0.46125309609870985,0.01028123123904533,0.6355907829896594
5283,0.18341301381587982,0.5052388248021102,0.31506516289376585,0.4991359971607213
5284,0.15485820174217224,0.6278088934016355,0.4011642516618557,0.6461707214664721
5285,0.08882009983062744,0.7527592407377605,0.4478384847610574,0.776264670277882
5286,0.11169443279504776,0.5079408081768777,0.04475312015939291,0.4339602371519182
5287,0.07317142933607101,0.5991866866479536,0.1699651863238728,0.5406659923620095
5288,0.10182885080575943,0.8149341713113906,0.6580141720479986,0.8660951479542935
5289,0.04935198277235031,0.544121268713164,0.09442408108192273,0.681600919865128
529,0.06205776706337929,0.5392573182540017,0.017469087879428396,0.321821732415607
5290,0.10645937919616699,0.7429214890069329,0.6015782893841063,0.6736579056555477
5291,0.07699527591466904,0.565178202157522,0.1564529085393976,0.614060557189172
5293,0.12380126863718033,0.5728154354497621,0.08539483796913938,0.46069361611986204
5294,0.08576419204473495,0.7472070583713941,0.510854405386699,0.7621178803196298
5295,0.06333234906196594,0.8696022548994734,0.7682622823117657,0.8853470510872284
5298,0.07580991834402084,0.6946599931121522,0.3715276220194637,0.7326365153137129
5299,0.050386685878038406,0.6522237004735119,0.225766329823019,0.6632443393751932
53,0.08816470950841904,0.6990210845383318,0.4493551248904313,0.848046587714869
530,0.0316297672688961,0.8115201420958671,0.3657520228821469,0.686362013587994
5300,0.1536492258310318,0.48878796732136687,0.07793533250491798,0.44344425189709846
5301,0.1104191243648529,0.7716690683324833,0.7073484797450217,0.7237766362960761
5304,0.0948900654911995,0.7166915200153469,0.4185495413560629,0.8128194671617075
5305,0.2622222304344177,0.6469855337713049,0.6026073646025926,0.5284102771127948
5307,0.09670258313417435,0.4692320202243584,0.04534323563263422,0.4666085483005158
5308,0.09639834612607956,0.5260833727903045,0.1424778717078398,0.6870828562160249
5309,0.11055047810077667,0.622816265453538,0.2839580362252278,0.7477307981263794
531,0.1325550675392151,0.5955647203733041,0.4469637681384367,0.4806542212197146
5310,0.15667971968650818,0.6620868733646771,0.3402347335623202,0.7152596764971401
5311,0.07037096470594406,0.6730571416766638,0.24316756436534973,0.7829680241943164
5312,0.07230061292648315,0.748750617607985,0.5466470734406925,0.8019611460043211
5313,0.29490071535110474,0.44914025908850647,0.3969161050321887,0.38659505900052327
5314,0.052458569407463074,0.8320762764466993,0.6797735133922155,0.8949045924627563
5315,0.0587887205183506,0.6238124494403183,0.263765935980781,0.7281716328630309
5316,0.1585722416639328,0.7062215368941029,0.658780722732065,0.7526163450622039
5319,0.12878626585006714,0.5581596136051432,0.17317757330682346,0.7048926608894619
532,0.09826893359422684,0.8020746432906039,0.5593111670173048,0.8271180565230614
5320,0.12474901974201202,0.5837667092016756,0.25115783091875427,0.7085228140562254
5321,0.059279508888721466,0.8516914606079595,0.589773812864587,0.8681988276261616
5323,0.07114283740520477,0.8437960227137634,0.7434737710293821,0.8788957835118038
5325,0.20981131494045258,0.515543656970803,0.21861370964693905,0.6248628819617553
5327,0.054236363619565964,0.6782072796905109,0.31965806664581814,0.7707228849417969
533,0.13956035673618317,0.6357852134784037,0.4240389814943282,0.6942271039330103
5331,0.08626348525285721,0.6198960146794869,0.3315431605217107,0.7537509721966468
5333,0.04520081356167793,0.8991457229371478,0.6662490383225241,0.8614557497963897
5334,0.17404994368553162,0.5732500643429866,0.4758055325788834,0.5463518574791854
5335,0.13557496666908264,0.46814871254567364,0.034862932288674035,0.4151368357632623
5336,0.0751827284693718,0.5671358573555885,0.16959637921284418,0.5752213926125094
5337,0.04549497738480568,0.6347582850911537,0.21498427434030623,0.767247229376787
5338,0.15753431618213654,0.7151844471117863,0.5738977518657448,0.7178621816578864
5339,0.16707806289196014,0.6976394931006402,0.5795962563611068,0.7018101383897708
534,0.2940652072429657,0.3707185711257469,0.16338021615159076,0.28570245594035504
5340,0.07090365886688232,0.4672433253712011,0.018103921087542354,0.2519334945055718
5342,0.06091479957103729,0.6266031562383505,0.23511709904443104,0.7682855206538123
5344,0.09471666067838669,0.680237579617099,0.266435907976178,0.7021823722619637
5348,0.1620623916387558,0.5908278043832338,0.3844843772930192,0.6051567502641844
5349,0.057035475969314575,0.6246790519377827,0.23490768686265598,0.7360671131529346
535,0.10084835439920425,0.6928054519022129,0.4158933216450791,0.7772478246531525
5351,0.05913180857896805,0.50447879590211,0.03144385196369598,0.49936286528714324
5352,0.07209525257349014,0.5961215899871101,0.24203914309167898,0.7546483691277319
5355,0.08243388682603836,0.6652771507564056,0.41476534928758607,0.8384039994104879
5356,0.13779325783252716,0.5350866970742666,0.19671479627156474,0.7349870832555933
5357,0.09964092075824738,0.8195989727530986,0.7253661315017291,0.8065331681832193
5358,0.11537105590105057,0.580718973547347,0.1867541383379771,0.6121667057794524
536,0.08357836306095123,0.8352053764357781,0.5112245701368243,0.8161485294039776
5362,0.12371034920215607,0.5081708911197228,0.0738595675400363,0.5329487145246716
5364,0.17279212176799774,0.48660063856610236,0.37744706499209185,0.41032086593501255
5365,0.07509016245603561,0.7707203325315355,0.5324976054024969,0.8768595167574535
5366,0.0939633697271347,0.7002098308264213,0.42553036829154456,0.8230163467018723
5367,0.10035481303930283,0.471672986100678,0.060836075518289186,0.6358201120880594
5368,0.05741411820054054,0.85934628654518,0.6380429184667887,0.8727857313222319
5369,0.060034919530153275,0.6443720763821268,0.1844079687829644,0.5753836375046876
5371,0.17883798480033875,0.49172734299009996,0.36245737527899796,0.4205682750122106
5372,0.04662768170237541,0.7190506802474156,0.4922571208046608,0.8985684783168199
5373,0.11304481327533722,0.5898120386827899,0.24626820236400357,0.7433897652163135
5374,0.08007615804672241,0.7275823677671651,0.41685865926863225,0.5895352993278322
5375,0.04223319888114929,0.6525546488850504,0.21686319965930456,0.6870185657956215
5377,0.0500885434448719,0.8419104024352273,0.5341247705291471,0.8734566061352727
5378,0.15791639685630798,0.6544065353640313,0.40078695980786666,0.786020668136057
538,0.16089920699596405,0.7537182767438354,0.6601753586313808,0.7681889042211967
5380,0.05286947637796402,0.7424914129723523,0.5483705374628494,0.8163629454721926
5381,0.046095795929431915,0.8115782603814103,0.5517959250202934,0.8404213745573322
5382,0.14158950746059418,0.7742948987705633,0.5817202573458224,0.7972269461860233
5383,0.13650140166282654,0.6113908237154813,0.46571016522811864,0.6293535233217504
5384,0.08947984129190445,0.8199239485361369,0.6836789206886176,0.849783718574247
5385,0.08269169181585312,0.8388385141249382,0.6739374781002028,0.8743026054866871
5387,0.06248750537633896,0.8784305617933912,0.7402192014021173,0.8976833177960624
5388,0.07785394787788391,0.7030857012199042,0.5023600368039044,0.7375563319641967
539,0.07358253002166748,0.46401488233918414,0.035761933439308204,0.4536350386613414
5390,0.16523988544940948,0.5454880259437513,0.25381347260189496,0.5873197772391898
5391,0.15345250070095062,0.7978414978152524,0.7710335354377974,0.7328522373406683
5392,0.06930449604988098,0.6556306171561093,0.3506659028301561,0.695509551361043
5394,0.07413886487483978,0.7421046171861352,0.4852407190210674,0.8087473891797972
5397,0.210261732339859,0.5151524808526333,0.49459897375673184,0.4431300453722319
5398,0.07443593442440033,0.7871153909606601,0.48740351863823794,0.8608478953403753
5399,0.3780091106891632,0.5297336714075838,0.6603541333852718,0.4406762446692597
54,0.09126021713018417,0.6995419636948694,0.5759451929543213,0.8022306091114793
5400,0.3532755970954895,0.5005885763167521,0.5004130267586756,0.5410412325583179
5401,0.10755294561386108,0.66410258652984,0.4884177936533247,0.8217230087158787
5402,0.1478617936372757,0.5323978321647644,0.16127711372459982,0.6462562452898448
5403,0.35286474227905273,0.43103733263239974,0.44476274576815866,0.3657811948320727
5404,0.14421136677265167,0.7282846670255021,0.6577369824290559,0.756416478905068
5405,0.09536370635032654,0.6849598653192146,0.5448171530617195,0.6901291315345255
5406,0.1408693492412567,0.5220805829393933,0.4878076501786901,0.46330934896866893
5408,0.08358878642320633,0.839899445638328,0.6335902659055881,0.814966302807324
5410,0.10136006027460098,0.6376614049631295,0.20069477578309056,0.624765270339786
5411,0.05779626965522766,0.7873317324705764,0.4863146990967583,0.8315351596190612
5412,0.060543619096279144,0.7129274861180233,0.3650060292983745,0.7675626484284173
5413,0.16235783696174622,0.5133770986656133,0.19560151122744665,0.6695240391711889
5414,0.18589583039283752,0.5718962613636049,0.470853456269434,0.5965098372104495
5415,0.07381366193294525,0.5325774449751205,0.156277741033731,0.5682751360613578
5416,0.09111519157886505,0.6818326685507599,0.45544761579236065,0.694287278328171
5417,0.1623544991016388,0.6713623805160872,0.656567069404046,0.7293490710191823
5418,0.08248502016067505,0.7904149985480082,0.6037799252903644,0.738655461621567
5419,0.15231813490390778,0.6187166697208158,0.5472255030936898,0.634152462348732
5421,0.13258765637874603,0.6083265871784994,0.4050229511785208,0.6001318142540092
5422,0.12424576282501221,0.5228302978705976,0.114199451625627,0.5439218080263271
5425,0.2146894335746765,0.4979986809164043,0.1381716666529718,0.48623456881145666
5426,0.06107543036341667,0.45942535995155015,0.021915133433722995,0.4665822623883805
5428,0.2198091447353363,0.5029320601989785,0.4870930068184227,0.49534087009815136
543,0.1289375126361847,0.7202885285994638,0.4063219184962474,0.7507747670743934
5433,0.1715482473373413,0.5609484238712064,0.5201562431544128,0.542832557769059
5434,0.09200921654701233,0.600016503400586,0.22078327950025245,0.7926370977240357
5435,0.0766056552529335,0.4913226765077117,0.15937271771418351,0.318970863965934
5438,0.1064959168434143,0.7646257448517519,0.4459582316625353,0.7847500788552402
5439,0.10111001133918762,0.8243914952650773,0.753746319613535,0.7397995217260473
544,0.4417845606803894,0.42802048141618426,0.4847421973444702,0.3485301346707994
5442,0.1508255898952484,0.7458476065114676,0.7622697364276435,0.7237998057269843
5443,0.10975302010774612,0.7912533202558699,0.6500404976050648,0.8231001894505569
5444,0.12731803953647614,0.7340416147737527,0.7236853109511276,0.7185638886126111
5445,0.10399682819843292,0.7210734887216596,0.6451148523051409,0.815797479599949
5446,0.10299278050661087,0.6721050506275221,0.33784709876359575,0.7423363110936114
5447,0.12393863499164581,0.6755637012969856,0.53360672555442,0.6022621411200477
5449,0.12817789614200592,0.6782971121621283,0.5724492181961217,0.7333557747364763
5450,0.22284546494483948,0.6524482592345451,0.7316053667173432,0.6457404624825693
5452,0.25088369846343994,0.5338405747515471,0.5034639941945457,0.48232246828405345
5453,0.11636652052402496,0.6445454127196643,0.5443977740383067,0.5830131281568376
5455,0.14951428771018982,0.7997043196718112,0.7802873734424465,0.7958622629388739
5456,0.07868493348360062,0.4680909308184831,0.06510300456236372,0.2668429788787693
5457,0.15123850107192993,0.7474982189256297,0.7976820676937236,0.7262246914743022
546,0.04312217980623245,0.8425837272170528,0.6130103568784447,0.7463340836837505
5460,0.1176997721195221,0.594277315150689,0.24624974819015247,0.7349588371675968
5461,0.061584386974573135,0.7606329244742435,0.4189489539566452,0.8272011861969099
5462,0.04313695803284645,0.8669298105919867,0.7206873463879973,0.9271197169825911
5463,0.055613238364458084,0.5942438987849321,0.28420043765447706,0.4197606861883132
5464,0.10410662740468979,0.7975919328478978,0.6712367898355298,0.8047596432550101
5465,0.12413033843040466,0.5989645040642971,0.2747338187457165,0.7211346763986579
5466,0.07894790917634964,0.6690737551924888,0.26214579049825465,0.7664259314260249
5467,0.13460417091846466,0.6342830678843974,0.5403825158706199,0.6321216493722324
5469,0.1383315920829773,0.46097448818394926,0.10183236447107843,0.3619209623655333
547,0.15376943349838257,0.686049919667097,0.6450148229173517,0.6302186354838681
5470,0.12275800108909607,0.5814945716374469,0.2908834846690258,0.6655451010324784
5471,0.03535464406013489,0.6568609405380669,0.30715951771342637,0.7668200377977854
5474,0.1504400074481964,0.6525423383265441,0.5925635158946841,0.7383396349903207
5476,0.12836726009845734,0.43846586611929433,0.04045569298664347,0.25633991595323957
5478,0.2370539903640747,0.5910295761387115,0.4493901372722608,0.666651617380301
5480,0.0294764693826437,0.8259841035337689,0.591712915264115,0.8634809073606307
5482,0.06350981444120407,0.7928339583516785,0.32674827960322833,0.731442549263693
5483,0.028364991769194603,0.8367508567736961,0.6006375608794123,0.9369189799843863
5484,0.06976014375686646,0.7020785134560339,0.4239645240735236,0.8368382117974331
5485,0.21986950933933258,0.5592207772490435,0.5719645298148678,0.49971000184918046
5486,0.20143526792526245,0.41834199124767685,0.12551559294139103,0.27698729768421415
5487,0.19629418849945068,0.5893612838521054,0.16266434373974503,0.5422180210048118
5488,0.08416745066642761,0.46719497390996456,0.06878536940844311,0.26588507010496065
5489,0.10683851689100266,0.7075631756806207,0.5573100089235877,0.8552205493616485
549,0.02052825316786766,0.9106835321256697,0.6796596968468037,0.9346120510688238
5490,0.03703397884964943,0.7538508452206186,0.6985243107495294,0.7287620983669366
5491,0.01422599796205759,0.7540172365670106,0.3403530334322222,0.8079269119858028
5492,0.21040776371955872,0.5442299622122557,0.4687822335265187,0.6372152307599597
5494,0.08849658071994781,0.45777345858397817,0.035105991000603916,0.25191524616889815
5495,0.11125760525465012,0.4485307061454195,0.0732216757468102,0.26652017830848307
5496,0.1951393187046051,0.40418729438118384,0.01744166648033775,0.2514691994230871
5498,0.1437702775001526,0.710463158223162,0.7082044084888398,0.6840530542415755
5499,0.13828438520431519,0.48580227521017205,0.05670303620206989,0.36370530747137864
55,0.07384052127599716,0.6443343529399715,0.2540453775845282,0.7573812409377468
550,0.10890734195709229,0.43625423187745505,0.00020978239040342044,0.32246493089187067
5500,0.09421493858098984,0.6231985025627127,0.32501626450649973,0.43836040445273394
5501,0.031394124031066895,0.8066136248247535,0.45323836044157384,0.8513383995530841
5502,0.0781278908252716,0.49437566634096475,0.1813422186101494,0.3163699867293114
5503,0.060958847403526306,0.818073474879763,0.6112369556691457,0.8160288655955457
5504,0.09810415655374527,0.5767414789613207,0.2787193859128327,0.5650664813047938
5505,0.05054158717393875,0.5595522710229471,0.1535068188174214,0.5075012948767886
5506,0.21751974523067474,0.43835065122747197,0.26877606686763855,0.3837747305127537
5507,0.03196601942181587,0.624569477997759,0.21435435938979158,0.6861021519955459
5508,0.07073244452476501,0.7602791124533619,0.5315994886058489,0.8617085341620536
5509,0.20893444120883942,0.604314924943236,0.5644547466193797,0.656209397065896
551,0.03676045686006546,0.844406916020445,0.5549674647161259,0.8893061415728603
5510,0.08914442360401154,0.4999593444692006,0.26434395131619154,0.3713603726613504
5511,0.21699854731559753,0.5456722189544645,0.30160857525838103,0.5751231223476008
5512,0.31280383467674255,0.3447797674494509,0.012264296472387961,0.2501768327304259
5514,0.040304720401763916,0.5580691408361489,0.1475364257590825,0.33118897120873675
5515,0.04095427319407463,0.6642017110139602,0.1941353881819251,0.6636401438206463
5516,0.037239160388708115,0.6300573846230934,0.10347223493518613,0.5492786606698074
5517,0.047701265662908554,0.5856173637223571,0.2465243613826601,0.47373433724910907
5518,0.23466013371944427,0.44934050561062705,0.2910592185558143,0.3351681566414887
5519,0.1638111174106598,0.431658107551707,0.15181395801775158,0.28819907921082955
552,0.07804947346448898,0.4483887461156904,0.0004026223649791687,0.4057752282692231
5520,0.27318528294563293,0.5595325898269125,0.5002392937621641,0.4607789627848737
5521,0.08912938833236694,0.45797210105802444,0.037158450272456234,0.48110678274574814
5522,0.16673901677131653,0.5772677269004706,0.10767899866507377,0.5418453444886452
5523,0.11349097639322281,0.5521982421947038,0.22058989396183262,0.7433218933459964
5524,0.08079005032777786,0.5393268944008839,0.21771682014888416,0.351908382691008
5525,0.2946421205997467,0.3619814654561185,0.10768483315100036,0.26756328109164795
5527,0.04972541704773903,0.7451088268816803,0.26219142222967357,0.7463801639375396
553,0.09564527124166489,0.6600589499818552,0.2682726490074508,0.6626330056249259
5530,0.0505465604364872,0.6627206359162603,0.07480304728548719,0.5539712654998339
5531,0.16071295738220215,0.5176555083601775,0.20132515126419206,0.7278143108141553
5532,0.08844093978404999,0.5587930059416665,0.14744898148093247,0.5845398388300724
5533,0.2042822539806366,0.4001172111213592,0.03144351025186384,0.25421250650287097
5534,0.038671400398015976,0.8898314189936526,0.717150319509232,0.8768542329477961
5535,0.10478054732084274,0.5685537296107891,0.32677612885769136,0.45746749858260716
5536,0.14257800579071045,0.507027680789026,0.3379001545164681,0.41523313826848424
5537,0.1031651571393013,0.7990562638681493,0.633600116695433,0.7544518013542627
5538,0.03373214602470398,0.8958092588273552,0.6796666923747994,0.8810081932068166
5539,0.02676781266927719,0.5055253898723195,0.03859875505020231,0.33953933926897395
5540,0.06406040489673615,0.6252348123318469,0.15951521144036251,0.6590662881992538
5541,0.1177322119474411,0.6331031636255527,0.19595893238707013,0.6048011664266203
5543,0.01764986291527748,0.6767923997945203,0.16440383628975677,0.7426878153535537
5544,0.0726875588297844,0.6551399123089086,0.326893398437664,0.6971050116768134
5545,0.09670215100049973,0.6148587194716121,0.38192624922996604,0.48607954127405045
5546,0.1348722130060196,0.4434052223411537,0.12346823289405927,0.28197359585705317
5547,0.07525210082530975,0.4819186240829464,0.11072907394140406,0.28566058450019943
5549,0.30691349506378174,0.34826255982981347,0.020632214048105137,0.252451453460907
5550,0.02369728684425354,0.8862362367392099,0.6532196948509699,0.8764610589445356
5551,0.10726923495531082,0.8334924179978105,0.8158707684090506,0.835482747639132
5552,0.15786929428577423,0.42317673975473963,0.0383288528669506,0.2599277957886663
5553,0.07025506347417831,0.5975802883473184,0.2598259272181782,0.6191255830533693
5554,0.1518591344356537,0.4266086523431251,0.025086484275746213,0.25229641555350735
5555,0.09893059730529785,0.6394549957739735,0.2339026542570258,0.7051945279249938
5556,0.06633198261260986,0.7870169468159556,0.5124141311163409,0.8729115593150151
5557,0.22499671578407288,0.46959754221824246,0.2684515358147142,0.4382676452264454
5558,0.10527274757623672,0.650050959358729,0.1896908087606859,0.5929569609071128
5559,0.09041965007781982,0.6799195948382759,0.3707981097375516,0.8063071963992949
556,0.3715273439884186,0.4887458297846783,0.6061858013855099,0.427442166297739
5560,0.1676419973373413,0.5977937269716387,0.6320468620611454,0.6111326129352259
5561,0.20420709252357483,0.4675065740171399,0.2950396702926552,0.35430178627202535
5562,0.06746645271778107,0.7275724837359154,0.2893601961045504,0.7077281869399771
5563,0.039482153952121735,0.6987823378910686,0.23989463120101684,0.6944730532068722
5564,0.17822900414466858,0.7227089331639724,0.6027177950553857,0.6458701806941143
5565,0.03298911079764366,0.758049471932843,0.49241774607642597,0.8038591486536293
5566,0.04647894576191902,0.6834375425024307,0.3153994882263437,0.7044393751442819
5567,0.05681953579187393,0.8211313339659404,0.482391348266042,0.847708223114262
5568,0.0913199633359909,0.49845025606453286,0.27103421140695133,0.36233363276300345
5569,0.07285072654485703,0.8284430855156529,0.5751650685358833,0.854508641840901
5571,0.07716043293476105,0.7718347175241399,0.5403392296089391,0.7739580641733451
5572,0.05362345650792122,0.8726284410826846,0.7366156557717903,0.8823827300780407
5574,0.0832929015159607,0.7209832743881266,0.5477468242974292,0.6899434119934651
5575,0.20546269416809082,0.5048625145977098,0.28306236876804985,0.38385045082911917
5576,0.17253467440605164,0.6468580952929812,0.5478459618451995,0.7602298180614432
5577,0.2811742126941681,0.4440580944213128,0.4387546205421783,0.3914047531867807
5578,0.17193159461021423,0.43233359360302676,0.17467699826139205,0.29935902792944713
5579,0.0936049148440361,0.6057501622373815,0.5330113420207541,0.51518503991413
558,0.16153861582279205,0.7341119883548024,0.7343572152484839,0.677845999192952
5581,0.17890393733978271,0.4670496851815503,0.11671989504095076,0.7047288473985245
5582,0.01577424630522728,0.764115440237863,0.4179473299421978,0.8404314868965969
5583,0.18117405474185944,0.6323224000919815,0.5984015235037519,0.6164554510599856
5584,0.06009974330663681,0.577031256028453,0.18611281298175622,0.6337539811410519
5585,0.03597847372293472,0.8760968468924157,0.6506281744523896,0.8802139094206918
5586,0.03158165141940117,0.766177823242731,0.4243441286053374,0.8002823506164063
5587,0.03976120799779892,0.6704104485752291,0.3517774076995786,0.7787464876060062
5589,0.12397220730781555,0.6953004105457297,0.6133145421736612,0.6168608571673001
5590,0.0784929022192955,0.7662830417413837,0.5857810494105729,0.8028088904040791
5591,0.13594983518123627,0.436204321475829,0.04649438755456704,0.2578713802407401
5593,0.1249098926782608,0.6438506139667154,0.41916216414918056,0.6899226114584961
5594,0.06558111310005188,0.7280336505698872,0.5590758988427073,0.8559317941906845
5595,0.27143219113349915,0.5689521671112086,0.7290148455560853,0.564909533589009
5596,0.21433144807815552,0.6575857283836867,0.7082469563166125,0.6433039747165532
5597,0.1095004752278328,0.5255048820683615,0.2944754265129428,0.551284846682834
5598,0.07018551975488663,0.7738042884524735,0.7712325769249315,0.8112564894438614
5599,0.07589856535196304,0.8186003109926633,0.43441218044913044,0.8208631240858929
56,0.11322974413633347,0.5710418684420426,0.19697139879305187,0.7618435696012772
560,0.1833357810974121,0.6321730315342647,0.6666458366380875,0.6265667728424718
5600,0.12880708277225494,0.7576863495978805,0.6876976920011295,0.7190418409068668
5601,0.07320963591337204,0.49816664323849863,0.057353891607461065,0.372109409868175
5602,0.040630042552948,0.6509139743814375,0.29140168372650777,0.7958664412224511
5603,0.11877269297838211,0.6242709825844276,0.5703331644574228,0.5547957811446778
5604,0.019725151360034943,0.7902356340232908,0.36736695865943175,0.8178245290192793
5605,0.06568682938814163,0.7728567041498744,0.5601151786967175,0.7835709172944842
5606,0.10045873373746872,0.5744883963053766,0.32090768256108354,0.7985303465989564
5607,0.0415327250957489,0.7791780668667613,0.4129735326955789,0.8704679138005532
5608,0.14644382894039154,0.7620411842683137,0.7389093386053216,0.7322801995712928
5610,0.06668248027563095,0.7950807341493695,0.4647090485913867,0.8202181037542196
5611,0.08389667421579361,0.7534837707112572,0.5705550282843401,0.7243703144211091
5614,0.04901449382305145,0.8697083983720677,0.5605960869830373,0.8371742431398256
5615,0.08765044063329697,0.6814992462417041,0.29408613865162325,0.7846371606608413
5616,0.13199558854103088,0.7433357123291697,0.71618132769295,0.7438788472022819
5617,0.014894487336277962,0.6954407537700983,0.27586725114844435,0.72322943582321
5619,0.12948666512966156,0.7655289236413645,0.745190008787992,0.7221989983330357
562,0.17129528522491455,0.6828566163797818,0.6451812539944172,0.6294658258359609
5620,0.16570666432380676,0.6187170620689426,0.5295656353001906,0.5408555937860697
5621,0.07284858077764511,0.7935472444574652,0.4045593666762826,0.7645660557796543
5622,0.11479237675666809,0.6937891220801742,0.506072441140672,0.6857220365882224
5623,0.05834132805466652,0.6987379498181342,0.1876035582709322,0.6619157699062156
5624,0.03989642858505249,0.8130835543436665,0.525026497089856,0.8507753267077398
5625,0.07247473299503326,0.6678421249295149,0.28482798740171705,0.741768695489888
5626,0.14723661541938782,0.5433969603711416,0.07090226004353256,0.4532849105937159
5627,0.077231764793396,0.757266528403734,0.5205606237176291,0.850335428421856
5628,0.05493820086121559,0.7204752773623346,0.320380835592976,0.7596201911857265
5629,0.04318467155098915,0.8426375457294846,0.7649689029552139,0.866383537960542
5630,0.22249835729599,0.6183094051450492,0.5860729287066577,0.6124044077968829
5631,0.04487521946430206,0.72092523001056,0.3568907217086488,0.8181562494835988
5632,0.03997311368584633,0.8023262221867473,0.366564780987639,0.7893566935580458
5633,0.08772978186607361,0.5477831513235448,0.0638528522749864,0.41553753084635625
5634,0.03816763684153557,0.6795589980719591,0.30031998343641436,0.750183401696606
5636,0.07862398028373718,0.6914961417696094,0.28291992224306667,0.7091251996951239
5637,0.04411691799759865,0.7814301972326418,0.29919685815279007,0.6298621763520528
5638,0.0655621811747551,0.7699746096115198,0.46865939911662013,0.8370299345609364
5639,0.1396263688802719,0.5846031576504092,0.47046150596901837,0.46961458020793384
5640,0.09706298261880875,0.6926335762837087,0.3815003131995884,0.7993944282885743
5641,0.090790294110775,0.8332692052890502,0.6426850170937571,0.7939462168108422
5642,0.057242635637521744,0.5025632077243074,0.09307355900256303,0.615838027770534
5643,0.1988927572965622,0.6142692884620058,0.7043013861218327,0.6320249011192665
5644,0.027022765949368477,0.8486020663817473,0.47368527047812004,0.8607538801223023
5645,0.10824402421712875,0.7490489592068102,0.5764682268409996,0.8168161600705448
5646,0.0479818657040596,0.7020715407617713,0.31790970903423155,0.7810482987143701
5647,0.047600798308849335,0.6433557430648633,0.21573027874182038,0.6221451400619121
5648,0.05240297690033913,0.8672634217975392,0.6599356386738594,0.9164272725685795
5649,0.3067460060119629,0.5006901534975017,0.6248169173368026,0.47591873092726034
565,0.019359784200787544,0.9003632029599151,0.5985986542158944,0.8974929644071652
5650,0.06113102659583092,0.7801860071355129,0.4293855094295223,0.8145866846992885
5651,0.04972677305340767,0.8676109113228649,0.5608389595740823,0.869901470878855
5652,0.07207807153463364,0.8283119772089605,0.6884789631551863,0.8943286994275261
5653,0.044671040028333664,0.7270956832200322,0.27908016244719935,0.7221616155092426
5655,0.0756324827671051,0.7096066169839774,0.3805335074485544,0.7341738455798863
5656,0.11130892485380173,0.605668232929312,0.15632709354608748,0.5963631669542748
5657,0.22884729504585266,0.6318089946440104,0.6213542210013562,0.6009637237742457
5658,0.17566999793052673,0.7104725511073325,0.7712060993730613,0.6875346669563633
5659,0.10782301425933838,0.7294189412280561,0.45826638065618713,0.8151140982839404
5660,0.0590406134724617,0.7563298108749477,0.4162645427766643,0.8121845332681177
5661,0.15032711625099182,0.7435009968020585,0.5378535701386212,0.7919630839135279
5662,0.08469903469085693,0.7925478561284488,0.7526539956040218,0.8408671292799638
5663,0.08307496458292007,0.5657280023092541,0.43376089505758925,0.4756295372359029
5664,0.05902617424726486,0.8070203302428731,0.7672819210415015,0.8172404661346901
5667,0.043882936239242554,0.9349820540696515,0.8726210772299474,0.9277210337233817
5668,0.07131996005773544,0.7813040500950748,0.692162886575904,0.7927778748003662
5669,0.2814808785915375,0.4761872835776674,0.5120001097481414,0.4475766784869002
5670,0.04772273823618889,0.8776288190682716,0.7133447107562615,0.8868267819630977
5671,0.16457076370716095,0.4191951239961271,0.08170717274200671,0.4499133131850853
5672,0.012404343113303185,0.7847306640761749,0.4113949147939976,0.8451298560577238
5673,0.030398089438676834,0.8583251505888947,0.5273053949630413,0.8924100764657166
5674,0.0693943053483963,0.7214390188240056,0.7266111279978839,0.7293700767094906
5675,0.12789936363697052,0.6731971288841716,0.4466101220047411,0.740060264472403
5677,0.24377255141735077,0.6244695085201069,0.6951420960253082,0.5981705121433785
5678,0.12460105866193771,0.6256321861792895,0.6399118484698018,0.6507661615171427
5679,0.11192004382610321,0.7110155067476414,0.4483949133519048,0.7101933274754786
568,0.2947883903980255,0.35409011523922834,0.015434644735336909,0.251716282108407
5681,0.03840462863445282,0.8090893040108664,0.48960289443202004,0.8399206821870193
5682,0.03285984694957733,0.8747794342413062,0.5925456652858289,0.9169636450111336
5683,0.08798103779554367,0.7375052626655245,0.4155803734762508,0.8022066078018685
5684,0.03839254751801491,0.8033365326415294,0.4044255048693939,0.8397158346619704
5685,0.11945666372776031,0.6875547913373545,0.4461446589670207,0.820859535222235
5686,0.2335551530122757,0.4435876032064765,0.3992972903409069,0.38313951394886164
5687,0.056206971406936646,0.8882990058582702,0.8433107368621278,0.9211652367855763
5688,0.23101292550563812,0.6040203998925586,0.6864289730475448,0.5640431301777638
5689,0.11288339644670486,0.6740624945974095,0.44364302570619746,0.7529911956257818
569,0.3342503607273102,0.37972895195655054,0.32308323407375056,0.3322615888925512
5690,0.030920952558517456,0.8663275196151805,0.561036006016818,0.9009333918215778
5692,0.18242186307907104,0.5834390972377491,0.44433393483590683,0.5147245313660116
5693,0.07925619930028915,0.8388049023268689,0.7046108991384062,0.86966952489571
5694,0.10061170905828476,0.6680099267347221,0.44865631648334064,0.5421199628448825
5695,0.06336770951747894,0.6296781547017062,0.21129579125009953,0.7076310289839689
5698,0.07676257938146591,0.8873854706101897,0.7017072313539753,0.8477761221356999
5699,0.07383041083812714,0.788220321882171,0.5600846354886412,0.858208213099191
57,0.0643349215388298,0.6577178122726219,0.13636305916820046,0.5740766403499327
570,0.1575561761856079,0.7026767253067807,0.510409993982839,0.7956342323660539
5700,0.05574776232242584,0.7203945285881046,0.3842431489161485,0.8017398780263064
5702,0.08629333972930908,0.7836242054789813,0.6239318775222465,0.8189470236738348
5703,0.12868769466876984,0.7673590090401538,0.7057774765226075,0.7901308657626801
5705,0.022246630862355232,0.7174198241055796,0.3454076572279472,0.775262160677636
5706,0.22878803312778473,0.6047517710806021,0.6940270007170715,0.5857765063536053
5707,0.0457579605281353,0.47979389512124926,0.021519088639772206,0.2933137542884229
5708,0.06105668097734451,0.840085096666294,0.7270823997428966,0.8797137567877432
5710,0.08896154165267944,0.5393294182301785,0.15188911344667563,0.708146431633991
5712,0.03838452696800232,0.9109896905713678,0.5911966377099326,0.8903845996895768
5713,0.15331421792507172,0.6563764871232256,0.5638977596195771,0.5621079832158581
5714,0.07917362451553345,0.6426582379531918,0.6102332346979603,0.6603972816789689
5715,0.2028171718120575,0.6592189284519845,0.7375157501978095,0.6498967147050948
5716,0.08855808526277542,0.8675398224539055,0.8067890648993364,0.8539457053739976
5717,0.12442182004451752,0.5788624904369963,0.15219787503148352,0.5474222316603856
5718,0.03785661980509758,0.790888528653729,0.4675454719856781,0.818419230326114
572,0.14958852529525757,0.7715363528029671,0.8372258768814835,0.7720919456068851
5720,0.04411599785089493,0.650735248073966,0.1691487853675378,0.6377130956835118
5721,0.03165030851960182,0.7801398989882279,0.5045962500425545,0.890404095658121
5722,0.12261541187763214,0.7041000787810254,0.6254833592382317,0.6300673387974165
5723,0.12612782418727875,0.695232320033323,0.7219407587517606,0.7394346231483402
5724,0.10530266910791397,0.48875181977424037,0.09689320460173959,0.6581173649781378
5725,0.04868015646934509,0.8859761118606561,0.7397589162132838,0.9119566458155945
5726,0.03509753197431564,0.6347041710624546,0.3341348118182767,0.7865590381547284
5727,0.06233839690685272,0.7338085801122516,0.3170847948440639,0.8222950035763983
5728,0.07297949492931366,0.6112766185100771,0.4527433645960207,0.5301799377527041
573,0.05983280390501022,0.845617126191424,0.6388475148258729,0.850513047776427
5731,0.024394331499934196,0.9004527256443111,0.6743274939249,0.9312918359991837
5732,0.3504188656806946,0.4557601212375821,0.4451988192844199,0.3711743264098577
5733,0.0912979245185852,0.6135528575807787,0.22232194344945413,0.7192814574637877
5734,0.04849489405751228,0.9324481570771173,0.8429926244165961,0.9010666951330307
5735,0.08111518621444702,0.6703879991380965,0.3577533093728464,0.7930834170778414
5736,0.10025737434625626,0.6364845328595431,0.31144114216732177,0.752293863926708
5737,0.08118999749422073,0.8419582095752194,0.7369295393818158,0.8318347735256177
5738,0.038693469017744064,0.8287138876004008,0.5421833293274332,0.8624992873723016
5739,0.051134947687387466,0.7546570679922213,0.41710016630692176,0.8233290277061585
574,0.05968405306339264,0.5344220474697258,0.046309075639578916,0.40122838987578646
5740,0.09503038227558136,0.8144859232196219,0.7220874985942001,0.8618776983376208
5741,0.0314546562731266,0.8642957409145449,0.5992814240363721,0.874940718336872
5743,0.10841570049524307,0.43223422997916805,0.007259793864205753,0.6145930504724708
5744,0.036243125796318054,0.8673551425717299,0.5873922260328345,0.8961754080059088
5745,0.1911524087190628,0.40595530156027204,0.0238013809002374,0.25407104308902173
5746,0.0333201140165329,0.6437336402417176,0.3767186627519677,0.862988397360021
5747,0.11324991285800934,0.6894362102092848,0.3390537751199003,0.778486575328017
5748,0.12279245257377625,0.6482924961511662,0.23959746411076127,0.6181060520370191
5749,0.024344762787222862,0.8004341812336906,0.43304691412644275,0.7508327246108013
575,0.12817980349063873,0.7631022972280959,0.6945646985176221,0.7613879857238884
5750,0.18904320895671844,0.5888035206630109,0.5726185423788445,0.5039289080631283
5751,0.1834924966096878,0.630110043070123,0.6727716684205308,0.6127826547806777
5752,0.09557830542325974,0.5816185735910662,0.10231114274673783,0.5105197840308802
5753,0.07516980171203613,0.5923119722334886,0.1787885599285365,0.7610342114964008
5754,0.17279218137264252,0.393061528171588,0.03972507171644911,0.7333757390819058
5756,0.2491311877965927,0.5079576519873852,0.5188793722090915,0.4689307626681224
5757,0.15101546049118042,0.7370101647854004,0.7404656038452788,0.7289298602871664
5758,0.16181573271751404,0.6454471412176876,0.4946272568948645,0.6651647940367564
5759,0.027763135731220245,0.7619343647428267,0.3668615057556016,0.8665842047593995
576,0.12315627932548523,0.7471958708076544,0.6214161319738892,0.688751672840223
5761,0.020519636571407318,0.8389123781185767,0.5040363035762359,0.8615227637427991
5762,0.18192951381206512,0.7098972090198377,0.5914567934521568,0.7780993865722947
5763,0.042336706072092056,0.8690327430164067,0.6562231235186203,0.9093843233220987
5764,0.2088727355003357,0.6961289106828852,0.6833237839035997,0.6164296472633616
5765,0.058554187417030334,0.8030673508597127,0.4392119699995524,0.8295365572190992
5766,0.056566040962934494,0.8602011454785674,0.6631688190524551,0.8617912888993158
5767,0.09561770409345627,0.7987068654489844,0.6610057456885863,0.7309558566597962
5768,0.07412229478359222,0.7968216994289907,0.6515820566387539,0.8613989802861697
5769,0.13063311576843262,0.776401568696431,0.6783123517462817,0.7885309043734703
577,0.1985412985086441,0.492559117554436,0.3876199495998592,0.4475726483528629
5770,0.1566060185432434,0.7547862371962782,0.7323432097261271,0.6678884454728674
5771,0.032205287367105484,0.8823848806571788,0.5676649115055697,0.8625240626209728
5773,0.05340750515460968,0.768358641179923,0.4997914179604005,0.8694056470333931
5774,0.529911994934082,0.42728797855241496,0.6630115962323253,0.3151425441418677
578,0.0995253473520279,0.6309475215155902,0.26413251203480714,0.7696140489078391
5781,0.04138686880469322,0.8591507776716867,0.6835845446484407,0.8510655822827935
5783,0.16726790368556976,0.43405115384830323,0.09560554035262184,0.2951436559102533
5785,0.0411897748708725,0.8739584089525784,0.6362333874138936,0.903696998440177
5786,0.049606021493673325,0.8269773371666359,0.5205408120714162,0.871557840032718
5789,0.06347797811031342,0.49047463228836347,0.029968028588425004,0.38617945611714355
579,0.05212973803281784,0.6115554967404766,0.24844474253192236,0.8570189504689539
5794,0.17287254333496094,0.642986507977801,0.31008329558573333,0.6724515237138351
5795,0.1401950716972351,0.6377979653916962,0.20929554567206676,0.6417660876397038
5798,0.16782040894031525,0.6976513529821318,0.6507920199964525,0.708873531035002
5799,0.06766577810049057,0.7102010949009439,0.3030778567322992,0.7059986573228847
58,0.261846125125885,0.5088165948717313,0.5288982864980907,0.49138061019896667
580,0.06529223173856735,0.9170184656157709,0.7666630763471242,0.891267633509141
5802,0.0588715486228466,0.45759214113445784,0.0030684657254840507,0.5413708230222747
5805,0.10857401043176651,0.6316448047300538,0.45809927860091015,0.7496394843565546
5807,0.13421566784381866,0.818543584581656,0.7549480115354701,0.7830188353541806
5816,0.20275482535362244,0.4978232501158517,0.39016422188866035,0.4049127932742861
5817,0.10202348977327347,0.7468485888283749,0.5343709221074598,0.8344189589924949
5821,0.09640316665172577,0.7766796493844719,0.7175201007699302,0.8767752000291649
5822,0.13257864117622375,0.7087224477559614,0.6587274873083373,0.6351552750194931
5825,0.36345893144607544,0.3225494129227544,0.05407743640530657,0.2541901698535689
5826,0.170364648103714,0.6065039768294174,0.5261175292827773,0.5965128639402717
583,0.09509408473968506,0.6062950405734028,0.48906483740054446,0.6295087042854817
5832,0.07698073238134384,0.7528739178759356,0.6691376313075584,0.8753237524876163
5835,0.17453400790691376,0.7147587503254562,0.7564046885204994,0.6937866699491642
5837,0.09197244048118591,0.711729684623069,0.6501440599997219,0.7080571958529964
5838,0.04064000025391579,0.588571252547112,0.2553336097190315,0.7210049641294517
5839,0.14607448875904083,0.6157462893216465,0.6250171945438701,0.5726425771662181
584,0.10721656680107117,0.459933858808979,0.08662722340702175,0.5432781673357385
5840,0.0950552225112915,0.7390718070518872,0.6823131265366681,0.7590375980281616
5842,0.16239839792251587,0.6858399979425109,0.5550074429888722,0.6487711785053303
5843,0.06829444319009781,0.7107235025489063,0.5695924694980636,0.8137439919817444
5848,0.1280476301908493,0.5849193758204495,0.3190316778762871,0.8219697319648216
585,0.02507687732577324,0.7183784793669821,0.28472234505782623,0.7615792540991093
5850,0.18108730018138885,0.6327239267096832,0.5198442521525212,0.5600903872463798
5852,0.07166661322116852,0.7780101925254637,0.565723360719441,0.8885569793407323
5853,0.07899562269449234,0.7377314650434446,0.4712663901602241,0.8321454036492517
5863,0.10864656418561935,0.8176760682361444,0.8186727556562706,0.7921000353833023
5864,0.11860290169715881,0.7714905761975743,0.7900036717741467,0.7696122036364257
5867,0.06386788189411163,0.6211633687521997,0.16038105571951186,0.583805836974419
5868,0.10459583252668381,0.6633501811084797,0.3713945853125323,0.5832704982797949
587,0.04042971879243851,0.7326304385401415,0.33388599151534754,0.8207060923009486
5871,0.0865015760064125,0.8405747389092187,0.7696871166449615,0.8575309127727286
5873,0.10090631246566772,0.8385521447128883,0.7874433116545925,0.7383284166023574
5874,0.08886576443910599,0.752950055860637,0.5577651065089272,0.8551985709052161
5875,0.1854037344455719,0.7029018072365303,0.6896551135222545,0.6732352143348861
5878,0.09125639498233795,0.6979244754876627,0.4340322771784925,0.7878885805202802
588,0.19255639612674713,0.6004989034033617,0.6152762223970232,0.5330229170007436
5880,0.08059176057577133,0.7562134592438614,0.6279083257638124,0.8218844759498452
5882,0.09421507269144058,0.645133227200306,0.5188580687503856,0.5522417876188566
5883,0.12915505468845367,0.5427787154643915,0.2764148382587834,0.7831463266637845
5886,0.11744687706232071,0.825052260924679,0.8214387173268832,0.8141403354409162
5887,0.14817126095294952,0.7284697490082026,0.7677304279788385,0.7462094865945752
5891,0.09083456546068192,0.8971154282470837,0.8867316115952272,0.8790905959459461
5893,0.10419932752847672,0.712217286111442,0.7641348800095145,0.7454624777715597
5895,0.09662894904613495,0.5615484447152912,0.06948771259369366,0.45906771190366374
5896,0.09939635545015335,0.6695596198059559,0.3811310773113138,0.8315536291423925
59,0.03437591344118118,0.6990326509812632,0.1713029133043133,0.712475764814898
590,0.17995978891849518,0.6130963524898888,0.5026286484979672,0.730225774844915
5903,0.021624568849802017,0.6424153643403968,0.23974373861029522,0.836866333047495
5904,0.08770845830440521,0.48115561407866325,0.006489254555791139,0.30042203228794384
5906,0.17144200205802917,0.6373272302064362,0.5906667923883059,0.6485972166493497
5907,0.21120740473270416,0.6640390631876607,0.7648171083582266,0.669975466867021
5909,0.05043625459074974,0.9045751537616546,0.8940817971814712,0.8992287183381182
591,0.029286423698067665,0.7639850972130835,0.4374844312010335,0.8451381983066968
5916,0.1621725708246231,0.7823914365531904,0.7268665663208073,0.7429913147330179
5917,0.1607287973165512,0.7406258687225324,0.7491906611667519,0.6985807176102835
5918,0.1351420134305954,0.7740847250244792,0.7769069067381352,0.7434743553684764
592,0.24548381567001343,0.6004111202299709,0.6473608847810439,0.5979593134586714
5922,0.07704495638608932,0.5373369047626534,0.13992463735337704,0.6547435075137029
5926,0.03827015310525894,0.7157587629427526,0.3074542178165198,0.8072288130785094
5929,0.2148071974515915,0.44027965253231516,0.3817586344039442,0.3701746479220279
5931,0.12934722006320953,0.8045525108202926,0.6847599738955649,0.8080881864813848
5932,0.0629938468337059,0.8460144396822199,0.6934308325094857,0.8736764519921203
5933,0.158243790268898,0.5983475499470919,0.4998374672541556,0.5410964844405624
5935,0.03418499603867531,0.7995951173251292,0.43932807452325007,0.8314919898360604
5937,0.05995941534638405,0.6443418635855249,0.3009266698221338,0.675216426410761
5940,0.0883706584572792,0.6251435343226986,0.4141073595156533,0.8857884678805916
5941,0.02790805883705616,0.5268994915224436,0.08135808355679632,0.8320230675554305
5945,0.31693360209465027,0.6600318114537772,0.7291268592348271,0.5487961737375959
5946,0.0777965560555458,0.6828570924361836,0.412518237603678,0.8757372801828703
5947,0.02758842147886753,0.6775338829398537,0.23389908686111557,0.6963801401626697
5948,0.07852403074502945,0.7505076852195794,0.44367646281432177,0.8578158512981419
595,0.23861035704612732,0.456712425219962,0.4806963135036829,0.4153257419502702
5953,0.12099560350179672,0.7522394155326628,0.7780513824266785,0.791274728673921
5954,0.07755343616008759,0.8293660158933654,0.7418913210060838,0.8318143704272407
5956,0.1499626189470291,0.6977294830163413,0.7837953146480802,0.698142777890893
5958,0.07277350127696991,0.8158422932985885,0.7601377689130933,0.8547761751793994
5960,0.09251416474580765,0.5784914024597643,0.14284073793392765,0.5571863013865838
5963,0.0948743224143982,0.7405503234690386,0.5151137057697077,0.827308804026833
5964,0.14816692471504211,0.5758045294586361,0.3296551868524086,0.6441274239157487
5966,0.16134943068027496,0.48848775813912015,0.23839964214925383,0.5681637816691987
597,0.10456498712301254,0.5818977451606782,0.4905045619949922,0.6233310957310008
5970,0.16030947864055634,0.5771474489518509,0.4423422373850794,0.6806245414671265
5973,0.10205269604921341,0.783583654421788,0.6230203059313677,0.7387464217708684
5974,0.4713155925273895,0.4205293533042396,0.5317205244908474,0.3320195701772947
5975,0.25469547510147095,0.5122052970334774,0.5964478731296816,0.4795940035489714
5976,0.1417735069990158,0.6909440861640197,0.6877899065161811,0.6688007414280527
5978,0.15910765528678894,0.6615145085455659,0.6736645511726738,0.6306501323323624
599,0.07404081523418427,0.6424967370397017,0.43485961700792664,0.6448331323744553
601,0.09694279730319977,0.6530921095768129,0.614919366603747,0.7030352943503008
602,0.11972551047801971,0.7093911649905273,0.515590793631739,0.7844046877128372
604,0.10142866522073746,0.7152259480061284,0.7415895817905936,0.7750224119763146
606,0.12459220737218857,0.73657779281179,0.40246527419406275,0.7351307765764683
608,0.03670012205839157,0.7548457055708551,0.420440380622607,0.8634576115217022
61,0.07222171127796173,0.7853948004097933,0.5403150873007831,0.8269506531288807
610,0.12022602558135986,0.6733830821340505,0.4396563302792781,0.8195543284216669
614,0.08351899683475494,0.7119890785947444,0.4750801783926956,0.8899846859784852
615,0.13805270195007324,0.4354104151210749,0.06321163282354736,0.2632351269459112
616,0.2951790988445282,0.38319811731463105,0.2996224171593155,0.34196757251882354
617,0.03664999455213547,0.48293699315493255,0.02462772688912482,0.6067744362201197
619,0.15482062101364136,0.6456273826408528,0.6731479924099067,0.6521475727200824
62,0.13074952363967896,0.6941586148286284,0.6240012157062058,0.6946949299280425
621,0.04251529648900032,0.7217967854580064,0.4872211655346732,0.6376793436550645
622,0.027328234165906906,0.843330732613818,0.6100482383755027,0.8998087172116523
623,0.07319088280200958,0.7147733717924059,0.41131462215064796,0.8496765354024968
624,0.1359957605600357,0.4201293918639016,0.06538253169696868,0.44444863699714876
625,0.1400824338197708,0.5959655214127118,0.5998093363578603,0.5791820921557587
628,0.3634870648384094,0.3582988895981772,0.26556394222785623,0.3219160217472046
63,0.07512278109788895,0.8468374859503971,0.7999577717833225,0.8303560130087032
630,0.03237423673272133,0.8371723217942283,0.6593237959667099,0.9102314440142554
631,0.47019246220588684,0.28009329166431,0.1551410003468922,0.2731742674345118
632,0.24928748607635498,0.429967273143074,0.2929585734170985,0.4187544310549535
636,0.06819784641265869,0.6667619228963714,0.41045686121096575,0.8142888128786157
637,0.14819620549678802,0.5640118391800274,0.4763769822206448,0.6418958829797111
638,0.058834489434957504,0.7702785833931345,0.5052312298224894,0.8758311470875368
64,0.11871539056301117,0.4856136941839547,0.3380297217790606,0.39357649486417867
640,0.059062741696834564,0.8998234840553155,0.8035545155652767,0.9149302789581174
641,0.04678857699036598,0.9030285821509236,0.7352854236664261,0.8940764412299216
642,0.07996628433465958,0.6524317075649768,0.44962257125189575,0.5821438925576513
647,0.16791632771492004,0.38982611266393874,0.030970959984371563,0.7528020783576804
648,0.2990652322769165,0.38090478116136195,0.3402105413204821,0.33951013906991123
649,0.1095348373055458,0.7307780958667804,0.5341792459194777,0.7435630269207435
65,0.1276932656764984,0.7202708833450657,0.5813702153246617,0.7023066766974504
650,0.0952266976237297,0.7387891934921434,0.5892474343152507,0.7929810815308335
652,0.029101602733135223,0.5016585445992786,0.059211355481387,0.27580117309942564
653,0.05805905908346176,0.7540936181241301,0.557091543360393,0.8491088184412416
654,0.02321004681289196,0.887264783201984,0.7601757738190467,0.9435348268243089
655,0.06156220659613609,0.4670820315753132,0.007832016209312473,0.5104231122332116
656,0.13179868459701538,0.538097088075278,0.4153726623911922,0.4743777897955287
658,0.05214708670973778,0.6729602982049403,0.29010704841546164,0.818260190759214
659,0.3859005570411682,0.3959779895086579,0.4294889253697187,0.3532430619642746
66,0.05573198199272156,0.7570404314884442,0.3843152052366446,0.7699058124500511
660,0.057589415460824966,0.6648729899162937,0.39828517208478215,0.7604193250509944
662,0.08123191446065903,0.8786086424485353,0.8254089396453713,0.8334462211636258
664,0.03823867812752724,0.777554879993717,0.4594247860479377,0.8696711198627476
666,0.10062745958566666,0.6606819526782426,0.39610466791897686,0.537578320741185
669,0.45770177245140076,0.3478865509302939,0.43404776963056946,0.3357931883501485
67,0.31871625781059265,0.3795457445102208,0.29954064483005033,0.32448466724077024
670,0.444210410118103,0.3858353425827763,0.489873952565315,0.338469840078813
671,0.14773216843605042,0.6055160019572513,0.4677960293056363,0.5706380765771725
672,0.17789654433727264,0.6929766579426603,0.5937243654493475,0.7512018742672084
675,0.17891375720500946,0.5714093556884774,0.2752870453518438,0.7651683597645836
676,0.0784883126616478,0.7457490676346596,0.5036292412761976,0.7619259957108778
678,0.12821951508522034,0.7510433643902454,0.7146980885655811,0.7155454793687052
680,0.09825439006090164,0.6065433533662464,0.2075464295440363,0.5997246730979442
681,0.3340434730052948,0.568380181837176,0.7134723865240635,0.5084268128645724
682,0.07697486877441406,0.8788635847660755,0.8055137284626921,0.8752389128055178
683,0.18632300198078156,0.41361726056275794,0.11622007131507472,0.27821757456876683
684,0.054033275693655014,0.5246555201251314,0.0713284676543158,0.7470670608711647
685,0.0879795253276825,0.7320687442547169,0.5423874766687842,0.7994460148978145
686,0.028049513697624207,0.47241527190151833,0.0006692486642698342,0.5159481891509351
687,0.21910206973552704,0.6193502662605634,0.6179033476650873,0.6062053835674666
688,0.11827177554368973,0.45032073058543165,0.0676497483134001,0.7493259088841542
689,0.10972722619771957,0.8056087182795003,0.7712437756917555,0.8051140547968898
69,0.0729069858789444,0.5222078841395268,0.3694842771652184,0.49889745108332456
690,0.14847247302532196,0.6710062960871398,0.4810870399070012,0.6947654650372348
692,0.17039158940315247,0.42896922118934944,0.05957668850800431,0.6143822630330468
693,0.19586080312728882,0.4071566528481545,0.07026142863696293,0.261841020987711
696,0.0572701171040535,0.7499175195818746,0.465199523606753,0.8865735015194053
697,0.09282371401786804,0.8544982808331111,0.688872467057915,0.8504514861825377
70,0.04533031955361366,0.6382669156589075,0.2562536557681748,0.7382501212330373
700,0.06822478026151657,0.7240798128112441,0.6138956837204013,0.7334733839638252
701,0.13180875778198242,0.4385039170277308,0.05179007179467466,0.2598986903731476
702,0.04639154300093651,0.508246909058931,0.061730823684736355,0.37505121845297673
703,0.23197996616363525,0.5090251461798074,0.46818488126280194,0.45457264880886383
704,0.21658414602279663,0.6332270138558783,0.6383048335389055,0.5765742951506867
706,0.10312364995479584,0.7759360902071581,0.7781589884122222,0.7561214531850416
707,0.07066182792186737,0.772515660325898,0.42171184843314663,0.7889856348538429
709,0.11346051096916199,0.8119368715038482,0.7859608130513956,0.8284233513230659
71,0.10438420623540878,0.6424793169572237,0.4770772783926552,0.5567409348340733
710,0.29518815875053406,0.41934009353665846,0.3238625895649246,0.3397714962387537
713,0.22431537508964539,0.5849426607884992,0.6919667849236454,0.5694054335711718
715,0.02084432914853096,0.9085844529938812,0.6615561690249633,0.8938916937349601
716,0.21447274088859558,0.3971675228189945,0.057544858323419705,0.258700914338132
717,0.033594246953725815,0.8609048690721364,0.5392875382134512,0.8844855505528255
718,0.06136581674218178,0.8107078499410518,0.6267063010280649,0.8832693364290383
72,0.08346566557884216,0.7249508973433694,0.6252865563659754,0.7896126603409442
721,0.0883370190858841,0.7208633163215395,0.350607022434829,0.7270331249428552
722,0.06696461886167526,0.8219800040086337,0.6487646969275652,0.8877553128275735
726,0.10205597430467606,0.7475407738728708,0.5207351622535348,0.7398047958480414
729,0.11045051366090775,0.4505152468138219,0.0504974957126773,0.261033520136346
73,0.09208820760250092,0.5858144217963888,0.10089441638859183,0.4961973464840512
730,0.028615476563572884,0.809017955681508,0.4870098587335279,0.8989564431519059
731,0.09216291457414627,0.6804647261304491,0.43881321277515606,0.8340493105847825
734,0.21059562265872955,0.560273309339392,0.416257876033363,0.5782080852324293
735,0.07268273830413818,0.5901832677361553,0.19118835801412576,0.7692176135300683
738,0.09908885508775711,0.8513098176746077,0.7217411201127528,0.8598548654710115
739,0.06342600286006927,0.5898780149159532,0.15316758327739108,0.6543338184607465
74,0.2983495593070984,0.5021250503242305,0.5964702195250815,0.469079110893768
740,0.14881721138954163,0.6943598948138285,0.6095055153857225,0.6590781467493628
743,0.16608057916164398,0.4891067576877659,0.20396838134107784,0.48732173923175304
744,0.18799984455108643,0.4083608651439096,0.023047179479796984,0.2508095095991145
748,0.05484156310558319,0.46851190341185245,0.02171459969655803,0.33380585426203596
75,0.15980790555477142,0.44732719059800796,0.13935614399916293,0.5957904953025137
750,0.06072758138179779,0.8072796071490949,0.521532782218341,0.8594335074866332
754,0.10100515186786652,0.7700294206675291,0.6734043131228034,0.8114934209298075
755,0.05261686071753502,0.455950701638888,0.00132353644400719,0.4537343223887518
758,0.09488034248352051,0.7432402401944727,0.6768921177038538,0.7406247048788831
759,0.11529659479856491,0.7579288245244098,0.577725232941757,0.8469627642587896
76,0.04834244027733803,0.5567448599992437,0.14813328399063666,0.6586768023550205
761,0.07689502090215683,0.6172066725569394,0.3419568185649434,0.858938581781763
762,0.07400626689195633,0.581690804855852,0.16408313753383144,0.548869593224345
764,0.08947501331567764,0.6780879349151306,0.3163324066369056,0.7219135259453867
766,0.08765392750501633,0.67445876827849,0.15825626674444124,0.5710663803075999
768,0.1158878356218338,0.7357108474350835,0.7194258944668406,0.7480731888444347
769,0.028427181765437126,0.9277556702570843,0.721541974716738,0.9391393864812614
770,0.21233533322811127,0.6446815422860661,0.6032029557637373,0.6374638452391449
771,0.08066663146018982,0.4868397883294217,0.08864970846935213,0.799743115499105
772,0.03664600849151611,0.4987328488583317,0.08604811423176739,0.3168388901070056
773,0.14872215688228607,0.7831881439856789,0.8458476576475673,0.766343587232825
775,0.11620905250310898,0.8247904066543403,0.8245642194396212,0.8053780446194355
776,0.03917042165994644,0.8469969340748692,0.6118964062380657,0.8890112997576101
777,0.1263277381658554,0.46117721009609514,0.07459431708641327,0.7662757897553758
778,0.0791732668876648,0.5036976229921246,0.2567536646040856,0.3768822798573765
779,0.052935730665922165,0.9356340052871115,0.8581550880241753,0.9145974603715294
78,0.057718969881534576,0.739115063966187,0.4022055869072355,0.7969298500864945
780,0.09870034456253052,0.5872208913291231,0.26707430086771444,0.531081184894258
781,0.03529318794608116,0.8263045613149806,0.40653989751785446,0.8498955690573621
782,0.08478546887636185,0.6224668601428957,0.24241790744968056,0.642159412592371
784,0.09611199051141739,0.8372734314481984,0.8371080394473145,0.8184967785049811
786,0.09295065701007843,0.5133982759852358,0.052260073631367254,0.6061636121663756
788,0.026933232322335243,0.701442907564873,0.2317914597431553,0.6870615948262394
789,0.030951961874961853,0.8367360880614849,0.5071160778175795,0.8629448169346028
79,0.055511049926280975,0.824485704784338,0.6826890364371823,0.805724552566655
791,0.09982223063707352,0.6066910800642373,0.357965782509607,0.6525066404146862
795,0.11295285820960999,0.6920364557550919,0.39392273379134124,0.7818266232930909
796,0.11277440935373306,0.6079280839217185,0.19809798829300518,0.7687935878120722
798,0.13331514596939087,0.6395344366157395,0.6016251248814174,0.6216755057628446
8,0.30868247151374817,0.6042375188917565,0.6982382390746481,0.5728683506377873
80,0.09481712430715561,0.6854589882102673,0.5517999269225539,0.7041539701314996
800,0.2033594399690628,0.6278077035742861,0.6104991137722471,0.5914392592953956
802,0.11289238184690475,0.6796664333661903,0.43012389504106835,0.843028962857206
803,0.05379310995340347,0.9035938674681685,0.7240022738871055,0.8821651655513336
806,0.0860501229763031,0.6719910330718598,0.2786344435400585,0.7051804629753878
807,0.040827590972185135,0.8108759300501656,0.5609737103132388,0.8783416692381083
808,0.06060221046209335,0.6045183396186212,0.1748650993518544,0.6591325680002182
809,0.05697276443243027,0.47350266254366435,0.024171932960536942,0.25405216796416585
81,0.07225748151540756,0.7899452732275428,0.4833220005659151,0.8180743977853382
810,0.02917179837822914,0.6081406780747953,0.16117747197023397,0.7289778759042618
812,0.06943103671073914,0.6232978617419747,0.20293536029555756,0.638990599093034
813,0.1357651650905609,0.45536928693213563,0.143396446218691,0.29347927435704735
814,0.039441078901290894,0.871667762182079,0.7639681067865819,0.9314737769388095
817,0.0754094272851944,0.7583427541195891,0.4571310702313557,0.8692030699103147
819,0.07490397244691849,0.8601222473466088,0.753053528204736,0.8826655979573699
82,0.11488612741231918,0.521803604845559,0.07858719633824267,0.5260414249654015
821,0.043733369559049606,0.8755837595067173,0.6629783405485844,0.8599235169178217
822,0.07951845973730087,0.8277967973910134,0.7366307009785136,0.7820654133492879
825,0.04832439124584198,0.7951456240186566,0.4742393935160401,0.8446667007367719
826,0.11483893543481827,0.7065107076985255,0.3958717954320227,0.7618046995418408
827,0.10919055342674255,0.649931174505873,0.26839158725731244,0.696094170242428
83,0.08158382028341293,0.5728817166502858,0.15311318022201437,0.5379402354869032
830,0.06163867935538292,0.9200303410290891,0.8096843432104666,0.8963601955613199
831,0.12023261189460754,0.7776467669593308,0.5937322316881339,0.7133574026301761
832,0.105356864631176,0.4816464029997726,0.11965245670672395,0.7809655269035416
834,0.19071324169635773,0.7088718079367686,0.7845821235288707,0.6951889061782099
835,0.16513043642044067,0.5666306790368834,0.5349526207809338,0.4914533079481714
837,0.07722761482000351,0.7852221879371577,0.4508840194825105,0.8164629962587707
838,0.07223328202962875,0.7732014944805956,0.4226244322096138,0.771044610348754
839,0.10995201766490936,0.6238504918815165,0.5765852341781122,0.6945525425981587
84,0.17515461146831512,0.5252616537365109,0.3332425635754577,0.5546243595353475
840,0.04925544187426567,0.8717016948685772,0.6994798501876012,0.8811117875081735
841,0.08655264228582382,0.8391816584720097,0.7409513497503498,0.8449965085342901
842,0.026602614670991898,0.8550657992586517,0.6093577506899953,0.8673481970604114
843,0.17795330286026,0.6098455351442618,0.6040115263167369,0.5720024248983957
844,0.05321976915001869,0.7719139543183262,0.7329180373024636,0.8185145971290498
845,0.04611766338348389,0.8157311124914806,0.6280709834524258,0.9009202494436546
846,0.38474026322364807,0.43437403093344495,0.5645494097928363,0.39741519915880075
847,0.02993418648838997,0.639007725020563,0.08509528200407544,0.5144833855955581
849,0.14856328070163727,0.7905381154019399,0.7596040005001641,0.7652127353642844
85,0.3828425407409668,0.398225031459249,0.5094893596726697,0.37660612376422054
850,0.052390869706869125,0.7339907712803347,0.2402730493079923,0.639475117246574
853,0.2161906659603119,0.5872273973362967,0.42079860632428195,0.5794763999707755
854,0.0951441079378128,0.6595546730452273,0.5698771358588666,0.7000549135433765
855,0.021970096975564957,0.5814822045522094,0.09362330396874897,0.4227413433786943
858,0.02612505480647087,0.5756722456430243,0.35378468523846246,0.48038802765242095
859,0.2470424622297287,0.42014176986313073,0.3243641586607323,0.34124676761890205
86,0.054050661623477936,0.5065998886876439,0.14071466564034574,0.8084949720533479
860,0.12630531191825867,0.8239226489424432,0.7360633679484749,0.7717993737013591
861,0.34190037846565247,0.5938435401257054,0.7078779979161859,0.5045885041703753
867,0.2217562347650528,0.577280310445044,0.5562103287734357,0.5786504936767132
869,0.04899488762021065,0.8698425819851006,0.8569503442223161,0.898898811491234
870,0.3907618224620819,0.5087671583453779,0.6724239460353993,0.44299449951689324
871,0.14958186447620392,0.681410220984288,0.6861242840073388,0.6699659368673064
872,0.0728534534573555,0.6151725243364687,0.2897507985853694,0.8387477083729582
876,0.17679224908351898,0.6608174318876496,0.5791018288834706,0.6350154054156569
877,0.5370835661888123,0.29359266340802637,0.36980528723565753,0.2964338576537633
878,0.26562607288360596,0.6164090214775847,0.6710892610236582,0.5337403750950773
879,0.20072659850120544,0.7292741866054796,0.7847851687541259,0.7125789107870752
881,0.2700360119342804,0.693445184706474,0.7963552310852019,0.63649303969236
884,0.22146806120872498,0.678690460214326,0.6744066677013205,0.6503516528879327
886,0.14675338566303253,0.5792829271913327,0.5104230038500375,0.5558845158691886
887,0.23411953449249268,0.6095143609066117,0.5985944879834131,0.51455520814565
888,0.10003403574228287,0.641418918321285,0.45717816325877086,0.721163638260212
889,0.0524444542825222,0.7656519682170218,0.5999877802134206,0.8490909850696011
89,0.055747516453266144,0.7345398655974263,0.5051781284664593,0.8505689692946059
890,0.16043135523796082,0.6228692222297776,0.5691155036704934,0.5395970649984771
891,0.3385438621044159,0.4557543972397388,0.5046932060972908,0.4227088334295439
894,0.1040998101234436,0.6937534191260959,0.43732896177766595,0.7113563563308899
896,0.1791708767414093,0.5967959162322637,0.6112398314114846,0.5420088003131704
898,0.1895669549703598,0.5204695669211922,0.28051600138990485,0.5655427823019094
90,0.198586106300354,0.6668810186165011,0.6381497198088087,0.6215655352268916
900,0.06830975413322449,0.8330437274852392,0.760439664537506,0.8703411263914587
901,0.4160941541194916,0.418909805694432,0.505178218082977,0.3650276724031478
902,0.26805534958839417,0.44562115368044797,0.3504341462432171,0.623365201457206
903,0.4825514256954193,0.4588350242085243,0.6934393111981288,0.35679212583192005
905,0.0808766707777977,0.5420460497705192,0.2395105382882021,0.7987456394732981
906,0.028311604633927345,0.8636244740587424,0.6669013265932484,0.9269107566888789
907,0.34638336300849915,0.5909660797283981,0.750053926956234,0.5171901060211117
909,0.12036938965320587,0.5546230599608113,0.2934438819558627,0.4157459794655181
91,0.10944895446300507,0.5811967231927573,0.16803137222924655,0.6573333485695454
912,0.09331845492124557,0.6528344810755888,0.4039434389390624,0.7919237303403919
914,0.10396572202444077,0.7293424824495576,0.4928850263447108,0.6457359795556038
915,0.05854849889874458,0.6500933245728103,0.16281372714716794,0.5908902627858279
916,0.19539591670036316,0.6904304988047973,0.6901265720246028,0.6724268233892121
919,0.12910741567611694,0.6586772155197319,0.5533628831894946,0.5310113534092309
92,0.2348616123199463,0.6373453316861609,0.6156239502316594,0.5908880761028293
920,0.11385694891214371,0.8032273324455497,0.66878835745705,0.78179206214349
921,0.0355086550116539,0.8710405026274244,0.6919761772485926,0.9099716845489597
922,0.03137747943401337,0.8328041260989729,0.5855524315478523,0.8750098424147923
923,0.05601012334227562,0.7261484512117724,0.36538467470962294,0.8102717855439162
924,0.18336686491966248,0.5203397461509712,0.5204167202529781,0.4761990600507038
926,0.21828027069568634,0.6416864292399038,0.629235477257799,0.5765051701315524
928,0.04412410780787468,0.8271920685370334,0.6626889080958154,0.8762597499371756
930,0.0640115886926651,0.667752779852205,0.5423080815786895,0.8654013559030829
931,0.06985444575548172,0.7881183399645216,0.5284018002658524,0.8060110132255183
932,0.19858571887016296,0.6230494390202914,0.7422606013991129,0.6344139252997532
933,0.20440416038036346,0.6820958048365102,0.6859893378646313,0.6111641491479674
934,0.0807594582438469,0.8555827736062255,0.7593018254013619,0.820152218650831
935,0.05704673379659653,0.8116371141278552,0.5990287103589529,0.8956284135389577
936,0.0751539021730423,0.6746098492948008,0.4901580634235464,0.6927185857935676
937,0.18009018898010254,0.7494841906145664,0.8074104851316205,0.7141039320753177
939,0.1560705304145813,0.6033267236023541,0.5796986572520932,0.5547899072033037
94,0.07445432245731354,0.49196798671375325,0.013846066461835073,0.3689472954371988
940,0.04709750413894653,0.8251900695373238,0.6983541925559912,0.8908259310247658
941,0.1013626903295517,0.8287633363694934,0.6944509312540968,0.8576006192166816
950,0.28139838576316833,0.3612211956621921,0.019071043230249628,0.25105936520182615
951,0.10383875668048859,0.7390475265541528,0.48988074206671994,0.5994164443760552
954,0.4342527687549591,0.4892557007255335,0.7667436399800841,0.4063550147797991
955,0.16274535655975342,0.7001301577069108,0.7147564846405624,0.6374354826527067
956,0.1232084408402443,0.4289590878279631,0.0004243436323591697,0.32525399743572714
959,0.11864949017763138,0.5262275763542306,0.13813408493600382,0.5084861198764292
96,0.07425715774297714,0.8189418337852507,0.7053616568453944,0.8959757714078093
960,0.4159422516822815,0.2965834631262496,0.06908630832905091,0.2606707724000021
961,0.1323997527360916,0.4484726753911362,0.13839658123126702,0.2856760485843618
962,0.10796734690666199,0.45529303241450486,0.10064714312594447,0.28036119890458666
963,0.07340636104345322,0.4870891203497018,0.13384129080390936,0.2983883967314096
964,0.12839850783348083,0.7784601571752083,0.7269691848065509,0.8037871877526375
966,0.04668708145618439,0.568026953272075,0.14464625096214026,0.7881562333143812
967,0.05354035645723343,0.4638306632808582,0.0002876453804557231,0.3061979049874477
968,0.05588311702013016,0.6648013509557884,0.36551512674591685,0.88422096990597
97,0.15870313346385956,0.6358874671370428,0.4065121484299298,0.6913130371819057
970,0.10603320598602295,0.44958482869340866,0.02612465014322773,0.2523131517915128
975,0.1255076378583908,0.6647001644727405,0.32292089638157956,0.7380205092149397
979,0.09889043867588043,0.4522337744604476,0.025319953246875297,0.2659941333897067
980,0.3141571581363678,0.3880908179736544,0.25104458875534286,0.3093014378049649
987,0.30716782808303833,0.619484426318596,0.7026880805199823,0.5243284896524756
989,0.1412435919046402,0.5320616393926294,0.2896805774906748,0.6483918426337025
99,0.15349005162715912,0.5473582634680304,0.2211349141318652,0.7817912627072483
990,0.07365183532238007,0.8100503728761089,0.6668610987829746,0.8810799908053345
992,0.0750153660774231,0.8345869187579326,0.6108126058444947,0.8755804759873596
994,0.2497674822807312,0.44599221807808226,0.40454478379044395,0.37749264550381056
