image,MAE,Sm,wFm,Em
1002,0.08857038617134094,0.6341780378306147,0.29811454075018595,0.7203532733490686
1003,0.14665718376636505,0.4298971224269888,0.05096331099755093,0.25918596325165055
1004,0.10500320047140121,0.5423830671603703,0.07634117642480903,0.5256354040388029
1005,0.19119244813919067,0.40620444897769087,0.02965225586708175,0.2548100226412352
1006,0.4606130123138428,0.3790592941912175,0.46453934949628645,0.32753650093174436
1007,0.08295644819736481,0.5910269425085334,0.07339999683392093,0.513247191554877
1008,0.11499099433422089,0.6388536923750707,0.1824835724384973,0.6005998391674843
1009,0.05991709977388382,0.7246846113824801,0.49917068184102004,0.7590773396730015
101,0.10151299834251404,0.4311308415109642,0.01670314356993829,0.42393010646835794
1010,0.026428760960698128,0.49413566775083245,0.006726904107430095,0.5826431948478037
1011,0.06300133466720581,0.7214412811132118,0.2674780740550421,0.7160531590202068
1014,0.2287532389163971,0.668133419902623,0.7593871059878984,0.6369945987542462
1015,0.05186081305146217,0.6999837230911607,0.29586353627363515,0.7214508164504774
1016,0.18894533812999725,0.5098478931978908,0.314899122907524,0.4973620482779564
1017,0.061605304479599,0.625275061548997,0.2356724752569008,0.7596371314637831
1018,0.19661031663417816,0.7720809027772281,0.8004557530648152,0.7092505354686689
1019,0.04036286473274231,0.5730793352067036,0.12230897419750848,0.41391317877578415
102,0.05139755457639694,0.8422613068908518,0.7262474747825048,0.8424795122727405
1021,0.0951630100607872,0.5018995729135817,0.2314959704578223,0.35092717491809083
1022,0.06210792064666748,0.798692060126927,0.6171599680660033,0.7113728186837707
1023,0.014569908380508423,0.5896110071705433,0.09062913512985844,0.4444498957639217
1024,0.09878422319889069,0.704025890620003,0.3235601312578253,0.6793553574580045
1025,0.3139924108982086,0.5633810691382279,0.5972020964547482,0.48507325041428623
1027,0.16791385412216187,0.7593574362592116,0.775393705000402,0.7107401587536686
1030,0.2884046137332916,0.48152612271663475,0.3662765269635791,0.3907785488239994
1031,0.03888031095266342,0.8887925450101665,0.67494186387911,0.9126259056918599
1033,0.06611966341733932,0.6453398161761628,0.19651210823455048,0.7009728637590072
1035,0.023633873090147972,0.6788757809199071,0.3626028946316697,0.5154805710885637
104,0.04881056398153305,0.797984237393083,0.5423342985464998,0.8813307989002027
1040,0.060328755527734756,0.8110745936651946,0.5854936203346771,0.8464795444798527
1042,0.042641449719667435,0.7928228664900583,0.4017700615737923,0.6905262682572797
1045,0.14216433465480804,0.594350379265818,0.541210821155342,0.5776688613426428
1046,0.20185482501983643,0.6485614592203836,0.6577582027576068,0.6018312813214078
1049,0.06650330126285553,0.4756261573454119,0.07506931201936723,0.27712961785415824
1050,0.07593369483947754,0.792140414861816,0.5210841850366249,0.6666054831634591
1051,0.2496323585510254,0.3847823873506997,0.14557277058664086,0.28304721160021573
1052,0.06548536568880081,0.49940982061072375,0.10239829056562592,0.44022604808276367
1055,0.07207708060741425,0.46048241130088696,0.027965928352484765,0.44145746809688047
1056,0.08243975043296814,0.6673535689430454,0.32206626660316384,0.745254105099672
1057,0.10079487413167953,0.5762889278402565,0.3144508431379092,0.5104840267346082
1058,0.08409920334815979,0.6091789126634408,0.21924383450351195,0.7376643627053643
1059,0.2564231753349304,0.41251265071774307,0.2627428744088319,0.3238399127404222
106,0.07349969446659088,0.6250434634869122,0.0865489406892583,0.45215099718347257
1063,0.06766863167285919,0.9116419928402621,0.8714761107283732,0.8820147642578644
1064,0.09203974157571793,0.46632375763614564,0.09693111501003981,0.2815836875779719
1065,0.03372053802013397,0.8346631756668664,0.6258319833321716,0.8267945087575171
1066,0.03289831802248955,0.7721103281587522,0.4113506544124087,0.8310721165676994
1067,0.13819800317287445,0.5647527784304907,0.4524834963876353,0.46415163172010504
1068,0.12951114773750305,0.43875151515669225,0.06155158918377573,0.2639380253101574
107,0.01761808805167675,0.501050885189197,0.02954022010527632,0.2706193884946233
1070,0.2032272070646286,0.5986490514590851,0.4867883505991742,0.7198697755445129
1071,0.07661411911249161,0.7544236881188393,0.6262745527894622,0.7898511527813732
1072,0.13112470507621765,0.7200610661348058,0.7436343568090273,0.7545430250540001
1073,0.20703521370887756,0.6360910981563452,0.63381684135457,0.5622123748213609
1074,0.17309430241584778,0.4152204315796605,0.02466402005861255,0.2536513515383988
1075,0.06686603277921677,0.6984461147229483,0.3669733418128821,0.6542566952222021
1076,0.18394367396831512,0.6162468720789283,0.6015469952834746,0.5463724203588678
1077,0.06719253957271576,0.8455192095102336,0.6824177110913678,0.8568698358152075
1078,0.05221748352050781,0.7889008034487566,0.367159391455788,0.6607884018618608
1079,0.016716845333576202,0.7110556611584067,0.322100022195427,0.7879913554120002
1081,0.10672828555107117,0.4755495217685714,0.11223280135258988,0.8133255367339947
1085,0.062426745891571045,0.7617371545167602,0.6440227118878279,0.9060307507764338
1086,0.13937126100063324,0.8164156549087993,0.8657907059111825,0.802420442657585
1087,0.0475892573595047,0.7233876449902272,0.4098202500772173,0.8627726879846612
1088,0.03199431672692299,0.4745612506293964,0.00023280691013218298,0.3455567190693313
1089,0.015620158985257149,0.9371688497240722,0.7180074033136538,0.9503854321603118
1090,0.15424206852912903,0.42607430681636604,0.05453152027764357,0.26063832852771085
1091,0.10284068435430527,0.7484462895451764,0.5399789092610303,0.7583500075165397
1092,0.34612926840782166,0.38328084689488706,0.320681546301191,0.38991253809467696
1093,0.1028510332107544,0.5375587836628106,0.04970438757641423,0.4102021606738455
1094,0.09337519854307175,0.7775153013928046,0.5835246089456426,0.8544838004058913
1095,0.08134860545396805,0.8825293043308206,0.7695471699071168,0.8894805825089088
1096,0.19457374513149261,0.5752942658175103,0.5020644176436165,0.49882623904634255
1097,0.059468090534210205,0.5930989559221098,0.13626324670019221,0.51602211348655
1098,0.028442133218050003,0.8888110793935828,0.5930648160162205,0.8156809045272994
1099,0.15802311897277832,0.431535815996279,0.1543724190476868,0.2876836649758589
11,0.042109351605176926,0.5108561451085268,0.039146436965499305,0.37857227412416705
1101,0.13782823085784912,0.6070380617875475,0.2375685439715074,0.6776833465058619
1102,0.0798075720667839,0.7959502745070454,0.7748096740348883,0.8007427275353365
1103,0.023689892143011093,0.56423643797672,0.04890896650337044,0.5173573908441758
1104,0.03723692148923874,0.9051171020215025,0.7136387339975965,0.9227477593153472
1105,0.4672951400279999,0.44584817302471746,0.6321104830109564,0.3816729757780658
1106,0.06586038321256638,0.6172814709388492,0.18262495862001374,0.5824472783202467
1107,0.062443606555461884,0.5528100805225743,0.1569567898538621,0.3542305260916133
1108,0.05308473855257034,0.5527511250347645,0.09530567842966521,0.603490810700267
1109,0.11830437928438187,0.7090338401368956,0.7063694068134749,0.6491044555946562
111,0.05980459600687027,0.49098703206942035,0.04368156749336103,0.6539886005447915
1110,0.5618932843208313,0.37263247972325525,0.5984902936487932,0.2692777523001383
1111,0.04858730733394623,0.8752993571037031,0.6123987567717468,0.8958841273227066
1112,0.09457788616418839,0.6576390416125542,0.3925336840106499,0.7695149462350404
1113,0.10234884172677994,0.6031093385714834,0.33792510877844406,0.4656905434265544
1114,0.13407957553863525,0.6364501956503484,0.5565016863598699,0.5648906943372584
1115,0.024259909987449646,0.7765225942280158,0.37998727924173664,0.8363477075141833
1116,0.06395301222801208,0.7967459437365054,0.3903712606955209,0.7358665693929716
1117,0.03171618655323982,0.6948742039655795,0.27242120454949575,0.7919885831854278
1118,0.07487906515598297,0.5964486302885743,0.4200107227562663,0.4451823110591676
1119,0.4947529137134552,0.4359645103521397,0.606572588328295,0.3270480548007428
1120,0.14317551255226135,0.5339600162539418,0.14897460341705435,0.6734644585960416
1121,0.05542408302426338,0.7140869686056912,0.3496593863943242,0.8413234346676004
1122,0.06695615500211716,0.5293871338423785,0.0348502355626252,0.41539378206506616
1123,0.06857345998287201,0.5699553586694989,0.1691150320111241,0.7599169969518824
1124,0.05956311523914337,0.7949960091277322,0.4299503376576384,0.8029081931360322
1126,0.028167391195893288,0.8277529299860514,0.5341602237652813,0.732845025071515
1127,0.06394270062446594,0.6678717584209548,0.41050173313034544,0.7941992593031102
1128,0.10669432580471039,0.7796730205182967,0.8050903951792356,0.7955751923709957
1129,0.04986035078763962,0.7622904718293717,0.5218210229577399,0.8704592799027849
1130,0.18732692301273346,0.4098119979978825,0.05348506599257304,0.26071508485244954
1131,0.07097216695547104,0.6558698380829612,0.20380934609373083,0.6007268495582656
1132,0.036255862563848495,0.8720402065388333,0.6003601448154625,0.9037669170976639
1133,0.09977798908948898,0.8451807564481597,0.7810197914399515,0.8344417324055857
1134,0.034572333097457886,0.8444712777427853,0.5536574755613816,0.9023781964516895
1135,0.0789802074432373,0.5248106465488198,0.05767818076098916,0.5389456698042705
1136,0.19635610282421112,0.6168539243591382,0.6045321712874687,0.5835604136753272
1137,0.038951288908720016,0.8486151184544541,0.5612623518524534,0.8903946569334258
1139,0.19327524304389954,0.6389150246710622,0.5565405513288869,0.6704736756940518
114,0.12675471603870392,0.774880805580924,0.7950915347180909,0.765018596565785
1141,0.04550143703818321,0.7670360898040118,0.48764909365208875,0.8779393414712786
1142,0.20333802700042725,0.6634123448628593,0.7498756729677399,0.6504528257269977
1143,0.03694543614983559,0.5790238653014426,0.13090862948412801,0.5472385285724807
1144,0.13089053332805634,0.5691543548409135,0.16739760733694004,0.6308772344552392
1145,0.3244980573654175,0.4212836639187309,0.47813189310249155,0.4235586146438055
1146,0.14145348966121674,0.7603216383701521,0.7788886584116314,0.704495342230175
1147,0.07134677469730377,0.8456636731810152,0.7949781560757381,0.8089752499860068
1149,0.03844248503446579,0.917675203705282,0.6574140305175394,0.877624773996608
1150,0.04534706845879555,0.8704748056399252,0.48801364487380283,0.7278147192876574
1151,0.4479680061340332,0.5248850029413733,0.6930786854953804,0.3915907155617562
1152,0.06154324486851692,0.6342650488974904,0.14823846105786867,0.6487239204501553
1154,0.08798042684793472,0.45532432899385844,0.021920413532178256,0.572480965323896
1155,0.3424473702907562,0.5944065322918048,0.7317489574273096,0.5157585257419299
1157,0.07375558465719223,0.5068881280838444,0.021585266568053967,0.34263334001802265
1158,0.5606715083122253,0.34855850412382594,0.5777101999744211,0.26661290190013087
1159,0.30522602796554565,0.5140380958321369,0.6059235623360975,0.48028185363133785
116,0.09225641936063766,0.4628864770253483,0.11214135687536336,0.27986641152435776
1160,0.16115252673625946,0.6855795468753185,0.7771194168968047,0.7195456109178768
1161,0.25825533270835876,0.5677812048949799,0.5602985037270669,0.4782635136257446
1162,0.28740981221199036,0.620704460243551,0.7482558876195868,0.5713180976941938
1164,0.03153463080525398,0.9281091483252071,0.7374265192553529,0.8870285290464691
1165,0.10813107341527939,0.6355373350501275,0.5195007702715827,0.6800930734776447
1166,0.06521204113960266,0.8682358446874909,0.7690879547979831,0.8716016510583902
1167,0.03892001882195473,0.9020394228744265,0.7890108350315882,0.9195038791053936
1168,0.23003467917442322,0.4029885016416555,0.19123583550224624,0.30620635153442677
1169,0.309792697429657,0.5172244840021553,0.47606797602690665,0.41761350617035803
117,0.05768971890211105,0.5795757374614064,0.16712738044345574,0.5556061542055145
1171,0.07482060045003891,0.871947714001098,0.7258100351049831,0.8820628001122508
1172,0.09939480572938919,0.8497006935109167,0.8425286202704978,0.8455427877979661
1173,0.3101973533630371,0.35045219105437714,0.08928947175051895,0.26738228297137534
1174,0.04560118168592453,0.8306072219187011,0.4162711466721467,0.745567801799785
1175,0.27565479278564453,0.587008308149058,0.5870725491284795,0.6112986746634252
1176,0.06622911989688873,0.8760748372994142,0.7016381282434699,0.8491075214393169
1177,0.3276251554489136,0.5704142064576204,0.6645678070571254,0.5018313817690279
1179,0.33237990736961365,0.33638656780644627,0.04694811989541023,0.2577111810590411
1180,0.16187256574630737,0.7948503389586279,0.8039736579953592,0.7609301623030443
1181,0.050236087292432785,0.6880014323409251,0.2684732982603013,0.7632032441460023
1182,0.2794942557811737,0.37477532498079735,0.17571349116107055,0.29195310005973596
1185,0.15741948783397675,0.5103996883985661,0.4217528446073747,0.44330538792801116
1186,0.26037511229515076,0.4028979311606261,0.007948314772838682,0.2786093693199997
1187,0.17369922995567322,0.6149439154000005,0.6749022964448433,0.5956736607700679
1188,0.06948547810316086,0.7097608401875852,0.2964332961487211,0.762802416723598
1189,0.32771939039230347,0.6568675720098112,0.747803964913392,0.5473407944369577
1190,0.12250133603811264,0.8172372157862988,0.7616149403963497,0.7819388439023454
1191,0.11493749916553497,0.4537001813373182,0.10337503253407518,0.3870122836570787
1192,0.27664294838905334,0.419657580251683,0.3700525424533067,0.356954141276695
1193,0.13654109835624695,0.49456945970630667,0.3372430817382966,0.40476199692088566
1194,0.5995071530342102,0.2036045345529746,0.059090432904855036,0.25287932991361994
1195,0.08555591851472855,0.5799291739385511,0.3581859220782049,0.4897694666517947
1196,0.3314845561981201,0.4885933874945625,0.620177871843149,0.45872546440789397
1197,0.15687909722328186,0.5026625813185448,0.2769219013460902,0.4613100007288366
1199,0.15071412920951843,0.8241184528886674,0.7840353621005528,0.772259432179544
12,0.16657772660255432,0.5982831521302927,0.37196613524860633,0.5633750858822791
1200,0.12594974040985107,0.8176549012815424,0.8204542881248549,0.8347353377921142
1201,0.3381058871746063,0.41353062232341664,0.38300254560163827,0.3470354908883333
1202,0.270657479763031,0.6024044282270236,0.7382930780055934,0.5816423428216304
1204,0.060615070164203644,0.7070617659290264,0.389412576987795,0.8453253715852176
1206,0.11908400058746338,0.6876076281210959,0.4357812540542747,0.8138131632150345
1207,0.09471698850393295,0.5171441961438955,0.019931897088621135,0.3166959560347078
1208,0.05331624671816826,0.7106648635038393,0.46318628088426717,0.7665683404047046
1209,0.06941428035497665,0.6786382250129515,0.31518395978854247,0.7686259825364887
1210,0.08459220081567764,0.4551495001240098,0.007955466348803866,0.33586955305277266
1211,0.06773365288972855,0.4510828919026976,0.00016053908893253927,0.3267866450325088
1212,0.14897117018699646,0.7032795683884274,0.33071769834751563,0.7022405178037737
1214,0.06809160858392715,0.5767714487508189,0.16030311721608115,0.6769848524865967
1215,0.08671268075704575,0.4694534897791579,0.03381345957491115,0.5889278901712205
1216,0.08544014394283295,0.6067008950409496,0.3339248746705969,0.6122276380323117
1217,0.13436022400856018,0.8398727362481629,0.7860493250451727,0.8180730093583325
1218,0.09259501099586487,0.5609982779399673,0.09651275661900695,0.6725681295935181
1220,0.17153683304786682,0.49917549500853386,0.0621658156807994,0.39597505141635914
1221,0.13783660531044006,0.6016092045563014,0.41722921252708295,0.6019547492710038
1222,0.10340585559606552,0.7709147415687309,0.6626862529779716,0.8064974228745074
1223,0.09158237278461456,0.7160336286498168,0.5655426639736814,0.6895663805332265
1225,0.155628502368927,0.6524708366044809,0.4317367445711777,0.7739468971990158
1226,0.13234390318393707,0.7194507088387679,0.5377062031122544,0.80446271519875
1227,0.11393050849437714,0.8401992949239536,0.7788596268126752,0.8197787013495597
1228,0.09651333838701248,0.7348752043627658,0.6435723339220533,0.7837799077450754
123,0.044304586946964264,0.6623786925430777,0.4485023398372127,0.8211444178399616
1230,0.16627907752990723,0.681096159393878,0.639213077512113,0.7363365940349919
1232,0.08277761191129684,0.6462827934326015,0.38181702305568627,0.8329301806867464
1233,0.09501370042562485,0.6433825052559501,0.5461413942299954,0.6934515437806269
1235,0.14835388958454132,0.6224615000327101,0.44817765693188777,0.807475159361616
1236,0.3091135621070862,0.5264750567603089,0.6791840478769493,0.5069014003390028
1237,0.13205276429653168,0.654321578362589,0.44800402402179845,0.8035306543715182
1240,0.3841794729232788,0.5051662977536007,0.6493989040856649,0.4548671242120578
1241,0.08089592307806015,0.6789169927486862,0.5985393917561964,0.6970986518496316
1242,0.0540834441781044,0.7365114582114829,0.4890495569369641,0.7910769499236776
1244,0.1910250186920166,0.42351830578422306,0.1932042804951848,0.3063803036858683
1245,0.09595256298780441,0.6524389500047993,0.4105732828341251,0.8184014828849924
1246,0.04553975909948349,0.9159020342553443,0.7592217178644572,0.8866240520790989
1247,0.18491968512535095,0.7340492122247407,0.8091046222552543,0.703146814619352
1248,0.07498340308666229,0.7857999625183415,0.6709418920582495,0.7877287276641503
1249,0.03367120027542114,0.8124029069936443,0.4390594151690099,0.8454109130511198
125,0.17427395284175873,0.45769166787834287,0.28699895519608964,0.33836855025051804
1250,0.08090205490589142,0.8800842381410422,0.843893411473999,0.8560098730715453
1252,0.35003548860549927,0.351435543194895,0.23400055523025892,0.3028724911811762
1253,0.08535952866077423,0.7676920380828868,0.5757530963692407,0.7707840920544226
1254,0.34918975830078125,0.5628391944239748,0.6659952130887672,0.48419931951623624
1256,0.18298575282096863,0.4225746544945768,0.18801715923123735,0.29823084303777037
1258,0.04540377855300903,0.8173713496159918,0.41461832762152884,0.7816199157389635
126,0.11559417843818665,0.4426789707699283,0.03531691714771355,0.27329274654002284
1260,0.01382129080593586,0.8790765723777414,0.564393262831224,0.8989003046170985
1261,0.04731736332178116,0.8374237353999503,0.6403310096207868,0.9186465695493135
1262,0.05520053207874298,0.922242338099933,0.8830092021916615,0.9115648181374407
1264,0.05140304937958717,0.9213062572689348,0.8787843141724642,0.9183419844828574
1265,0.1313346028327942,0.6072433109777922,0.229308327824417,0.5917028899663175
1266,0.03343921899795532,0.7788647069187657,0.4155762149113205,0.8159834778541892
1267,0.08510635793209076,0.4932777418759864,0.1148375874757036,0.6116797086997462
1268,0.4068743884563446,0.4809345947004679,0.6303518589008484,0.4124181287566716
1269,0.07612525671720505,0.5505096014761647,0.11972352269893068,0.7316142944020172
1270,0.0709148570895195,0.5127375211214007,0.18434988459204446,0.3442634806041873
1271,0.05531671643257141,0.769680914311066,0.5178370127931564,0.8696389875567087
1273,0.1304716169834137,0.6172115288380237,0.5383891080135917,0.583706282757907
1274,0.06522303819656372,0.6170327520881116,0.29775571029781084,0.5590881142603936
1276,0.06066770851612091,0.7386280210227782,0.5365174248540276,0.6743855559307105
1277,0.07620107382535934,0.8222176635552401,0.6038617004955315,0.7733280503597582
1278,0.045334942638874054,0.4803279810306219,0.025101924042952584,0.3730398438295204
1279,0.0796230137348175,0.688071816682204,0.4823000569940256,0.5560677077860822
128,0.04732469841837883,0.7558499166853904,0.3971402748598654,0.8218711434186832
1280,0.06357970088720322,0.7496898888975706,0.44762815785882,0.7838710514283151
1281,0.055506382137537,0.874340253598857,0.7464468154510611,0.8309241407084816
1282,0.013284188695251942,0.5391004363081872,0.05102961586481159,0.32006413789885846
1283,0.08980315178632736,0.5252102280471321,0.27082068851362906,0.4508182696580105
1288,0.14187109470367432,0.4675557432998996,0.284097430723542,0.4087097744856167
1289,0.15599332749843597,0.604832866373699,0.521216077828276,0.5416743109967423
1291,0.11211587488651276,0.6398575653393468,0.53016757041254,0.5493802035560386
1295,0.296073317527771,0.5051785418008996,0.5747513968075034,0.4726303117969892
1298,0.15469904243946075,0.6228042292204811,0.5925072857509095,0.6754132480713835
1299,0.08915600180625916,0.663612437133116,0.42813137145838015,0.7213707780030987
13,0.16530849039554596,0.41982205682348933,0.07903804840182678,0.6686450909925185
1300,0.08780476450920105,0.44942339328849534,0.01176202099426453,0.6624393809216866
1301,0.1288408488035202,0.6588529491990202,0.47537662409162934,0.6847407970120283
1302,0.10600386559963226,0.6537714098069617,0.5194061531687887,0.5390628092501015
1303,0.11649154126644135,0.7072853914209758,0.4511604601082556,0.748882435286248
1304,0.366916298866272,0.32009711058992485,0.05411835353993729,0.25922350977684516
1305,0.05767813324928284,0.48135113468179774,0.04955837096372803,0.46831287428906965
1306,0.060481347143650055,0.6800928760950302,0.2896892227491013,0.7692584291239467
1307,0.06055600941181183,0.7455369009795912,0.33000759508192085,0.7598386405491969
1308,0.0759381502866745,0.5979828600709614,0.16625159974854636,0.6033793519857832
131,0.02814917266368866,0.9058387966605403,0.7331074004894018,0.9362128481066843
1310,0.04913513362407684,0.6248771147585619,0.12103626623068521,0.5850887797286997
1311,0.12510575354099274,0.635828548904527,0.4055196199790755,0.799283638251244
1313,0.15545322000980377,0.7119336274397579,0.6647648089825073,0.6843384030998265
1314,0.26352185010910034,0.418731829535478,0.322508957156941,0.3427604171329095
1315,0.4405537545681,0.2856812393598993,0.0949563480079399,0.26222810401277097
1318,0.1665908843278885,0.5019926496866588,0.25850987962744737,0.36469380684344893
1319,0.1578904092311859,0.6225993225509125,0.6102038582184925,0.5436152644013483
1320,0.09473787248134613,0.8205055305142013,0.5975073181795032,0.823593022662723
1322,0.39134588837623596,0.4274019128761161,0.5420750785823919,0.3993332099012594
1324,0.16283264756202698,0.6505488547818493,0.392364317481684,0.7539200128787377
1325,0.0620618537068367,0.8861895982362527,0.8158906607150465,0.8768455886104936
1326,0.0587051622569561,0.7952877581972284,0.5689225167919008,0.85915081714104
1327,0.21810564398765564,0.6299366942229866,0.7157554924015118,0.5898014587492222
1329,0.226348876953125,0.5517828817762216,0.43020718296602073,0.45720201837839874
133,0.043471865355968475,0.7535665033866074,0.29616438019509694,0.6564076482504024
1330,0.19140096008777618,0.41492913526329506,0.09654727991502632,0.5152419915787989
1331,0.1114339604973793,0.7286253243251306,0.7627014324640277,0.7639645025537783
1332,0.023359855636954308,0.7171491587314773,0.326737201847437,0.7886971157641556
1333,0.12232036888599396,0.7169204820428965,0.5576164247257994,0.7324413026241559
1334,0.13843564689159393,0.6172109142590326,0.40200186943024296,0.7043904738493748
1335,0.16331171989440918,0.598472620882139,0.33274461744078704,0.7457598745660325
1336,0.1955922245979309,0.5286171141207986,0.4702143430769897,0.532739728810414
1337,0.1491437554359436,0.4953049007609652,0.14110364645633064,0.7892946243488774
1338,0.15498226881027222,0.6261982963584907,0.5634181735204883,0.6136194641422195
1339,0.08774752914905548,0.4937005064636492,0.16695233558070255,0.7938496521796892
1341,0.20218302309513092,0.5548953591857504,0.3532126139747424,0.5637010518808245
1343,0.04638853669166565,0.5569890477160919,0.046555260613196404,0.4113103621529969
1347,0.17114603519439697,0.758110854056253,0.8202139542560728,0.7274928748389744
1348,0.07696961611509323,0.6449309114486603,0.4002426506164955,0.6790637766343162
1353,0.24141086637973785,0.5822543552815979,0.6646471309187607,0.5368445494540812
1354,0.08979148417711258,0.6585848572916717,0.3038261329705877,0.8229702659542028
1356,0.2124577760696411,0.49481948195053105,0.3610946363112708,0.45767520700640335
1359,0.0988239049911499,0.6069130592614086,0.5322892418963452,0.5259774252912472
1362,0.0577922947704792,0.6012100053136744,0.3499472191820588,0.45004613006024013
1364,0.035172317177057266,0.5213343561580308,0.04605472711470046,0.35974783604229865
1367,0.09501007944345474,0.7092018288661877,0.5008180788939892,0.7798547516556276
1370,0.06474027037620544,0.7421325643361607,0.42236257871927635,0.8241376299438177
1371,0.09004875272512436,0.615221023593286,0.3942295886848121,0.7755198318160932
1372,0.03887712210416794,0.7622792638822056,0.3782310068389784,0.7020676829829291
1373,0.05544931814074516,0.7364834611549802,0.4323702986010648,0.8434279943793608
1374,0.029844561591744423,0.5302843090716056,0.04096546954346301,0.3823831063942159
1375,0.10694258660078049,0.6547122058563181,0.36953351195975076,0.7147283869165253
1376,0.050079986453056335,0.8602673298918128,0.5900345895181011,0.8943204300220977
1377,0.040203504264354706,0.7107259005696318,0.45950586780506125,0.8910319140046172
1379,0.13165335357189178,0.6415293845510839,0.2887903418776787,0.661479168527459
1380,0.08581380546092987,0.6849931796878486,0.20561668362586333,0.6032325823448436
1381,0.1083790734410286,0.6863311250573036,0.37863575561048995,0.795525883247514
1382,0.10981940478086472,0.7174006299024599,0.3250677276978188,0.7460518983557063
1384,0.09327567368745804,0.6534428883520176,0.24737950095963238,0.6601884768898572
1385,0.10885339230298996,0.7375392901562716,0.41649683396333154,0.7692560461640194
1386,0.10873118042945862,0.8043805885599953,0.8172570225910188,0.8360972158557736
1388,0.02585405856370926,0.5030330518934518,0.03843715508930341,0.4169518517692421
1389,0.06072945147752762,0.8619543665531593,0.6698491856900132,0.8846610055157462
139,0.05023909732699394,0.8281478717831381,0.4532638254737452,0.7808988566046458
1390,0.09361935406923294,0.6053289673144124,0.318354419130761,0.7838010794652762
1392,0.30124035477638245,0.4789430180994368,0.5280201256672796,0.43378951267082866
1393,0.05293486639857292,0.5516922998919619,0.12616345324877654,0.617731535813765
1396,0.03789984807372093,0.5034773035159905,0.06633992373944333,0.281217875022859
1398,0.03441048040986061,0.4890997520477035,0.03963549692107358,0.27624188641969855
140,0.04095669463276863,0.8847580895232903,0.6541869447653047,0.8976896138132899
1400,0.058542996644973755,0.6968993594769533,0.302432325169123,0.7416353548947954
1401,0.04804995656013489,0.6607961226969487,0.44080905635573403,0.6237671242784122
1402,0.18732517957687378,0.42163429754156834,0.18549426059042312,0.2973582510695275
1403,0.03286794573068619,0.9325439042402277,0.8392110771592294,0.9427705216767444
1404,0.153940349817276,0.658554693637526,0.35500761675495657,0.7576110151183792
1405,0.14404109120368958,0.612812781461598,0.1738004791535664,0.6029635157376314
1406,0.11318612098693848,0.599175384925733,0.3073072101924213,0.7825092368237073
1407,0.06394793838262558,0.5064968031442061,0.1844729852744243,0.33706600779136775
1408,0.07323480397462845,0.7469639413201072,0.5484754256123987,0.8426076209693831
1409,0.0747886672616005,0.8390059227568587,0.5484866139569947,0.8244905593181647
141,0.05644560605287552,0.6405633899429795,0.4009077862793398,0.8793191732097219
1410,0.13424594700336456,0.5932924044128215,0.22946927775670553,0.680859681506939
1411,0.21857348084449768,0.4873779870595554,0.27192689172414297,0.36322842316049114
1413,0.24728375673294067,0.496028857035975,0.3792413289410455,0.41486264090075986
1414,0.0956806093454361,0.6379379236344145,0.4637003236861204,0.5374946689311466
1416,0.0626303106546402,0.6108478509492455,0.19699119764152312,0.6033216959614799
1417,0.12704460322856903,0.5534870762840964,0.29428939338571525,0.6876065754634111
1418,0.11532066017389297,0.8368972206904174,0.7447826471447841,0.8495057420343077
1419,0.08967220783233643,0.8281306601298286,0.6276896020917248,0.7970417308008504
1420,0.3717140555381775,0.3194643225334556,0.07845816018060606,0.2639432041081601
1421,0.1015813797712326,0.8137607889631544,0.7154458292939849,0.8217555977806442
1423,0.10139427334070206,0.5404445969351525,0.16034351514003828,0.6879395886354494
1424,0.09596036374568939,0.6932430266555802,0.28920159770042464,0.7089723613067767
1426,0.04327811300754547,0.872752610467096,0.6923234533239949,0.8850058295731293
1427,0.06523789465427399,0.7397494497516257,0.40490346569874863,0.8172185700373776
1428,0.41154539585113525,0.4070123353986704,0.4909291110337335,0.3822623909206688
1429,0.0665208026766777,0.7894365543469095,0.7503602812755069,0.7502109711860461
1430,0.12052366882562637,0.7020603627900568,0.6874540063867502,0.6809994793838358
1431,0.06381479650735855,0.7219702626446018,0.37989332875443205,0.8208100773258209
1432,0.1300191581249237,0.75481931844318,0.6949313099781574,0.754784995394943
1433,0.12919457256793976,0.6075427299737166,0.5930179903396053,0.5503592595487153
1434,0.24048911035060883,0.6467922801377368,0.6037727291155398,0.5589263663349547
1435,0.12795762717723846,0.8009364796040981,0.824520179261159,0.8025722872427539
1437,0.19330325722694397,0.665571799448189,0.7313562462635134,0.6597009070146052
1438,0.1326051652431488,0.7147070348678646,0.5961694133563397,0.8045818495668233
1439,0.15447744727134705,0.7597014783371936,0.7888242995320753,0.7528641499089188
144,0.32037630677223206,0.5012319072913662,0.5295965333432876,0.4267087645868932
1441,0.10240209847688675,0.8660876736014117,0.7183084637618017,0.8544301527867538
1444,0.03860990330576897,0.8644123669459287,0.6151694018682096,0.8211325475688336
1445,0.26627349853515625,0.3729479671898874,0.08863481502572106,0.26726361051869607
1446,0.6685279607772827,0.16984215534710334,0.054698992990560705,0.2522166551442059
1447,0.05158954858779907,0.7899774824618812,0.6784148999787926,0.867475229343914
1449,0.13032640516757965,0.576925524829117,0.49515953176311045,0.46069500437737804
1451,0.08645293116569519,0.7959507561967892,0.6362537146453805,0.75345599618279
1452,0.36849814653396606,0.4058414622221067,0.42252235080471595,0.36803115975700695
1453,0.143546462059021,0.4879709631336059,0.1622753840139104,0.7696814814382431
1455,0.27115607261657715,0.36620718157949816,0.025940895009439503,0.2532522080418449
1457,0.09536813944578171,0.5767660250483242,0.38414592386151364,0.4349037259784755
1459,0.2083653062582016,0.4644086482970611,0.12552994807069887,0.6544844200190727
1460,0.08666996657848358,0.7142099518719658,0.5377862434017934,0.6671224154055683
1462,0.14901430904865265,0.748388803337261,0.707867709605444,0.703747721701814
1463,0.06261808425188065,0.9112971090601449,0.7293794547499931,0.887642480380672
1465,0.3047003448009491,0.35196225963240163,0.06505882949196388,0.2605849345845798
1471,0.28273481130599976,0.6209873418851315,0.7395373881942098,0.5655225485182228
1473,0.10362280905246735,0.8431764941129208,0.6574056532080547,0.7815861599770607
1475,0.05729558318853378,0.7585891574394259,0.3443941143124131,0.781208942513796
1476,0.13922424614429474,0.7730075569143005,0.672161386699002,0.8200004428052081
1477,0.09070135653018951,0.6780956686829926,0.49422438465440194,0.7879998632564236
1478,0.08117210119962692,0.5134311460954113,0.0936138924155872,0.6739863795470501
1479,0.043497975915670395,0.8360279812981607,0.5004421962626739,0.8702103892562133
1481,0.031648144125938416,0.6814538750319925,0.2376821506156486,0.7681218095928555
1482,0.0974302664399147,0.8221129931427984,0.6951797997046246,0.7569444583537466
1485,0.032906994223594666,0.6834532381306201,0.1816699762445493,0.6480965349812552
1486,0.08822470158338547,0.8290022214549536,0.6729748106150303,0.7612113270766621
1487,0.341911256313324,0.5278697240981841,0.690384768366339,0.49193789977137
1488,0.029899418354034424,0.847525040241091,0.47854000414073633,0.8672390552466065
1489,0.04405098780989647,0.6387736043437244,0.21187449901050076,0.7853875423514357
149,0.04819352179765701,0.5835945383949581,0.26917569268016905,0.5330831799472603
1490,0.0863320380449295,0.8643331539652418,0.7827269662784782,0.8328048083385591
1491,0.15572050213813782,0.48480404712686725,0.15492199304365156,0.7167721165512866
1493,0.05989944934844971,0.8364477869816229,0.6014498871688586,0.8448310358057143
1495,0.06223638728260994,0.7981532272518218,0.7115725562762641,0.8264732152749066
1496,0.2528725564479828,0.38021458311776973,0.08753738315572698,0.2681347116368412
1497,0.12789952754974365,0.6345583774777934,0.46421382181402815,0.6341667306503531
1498,0.10942283272743225,0.5602767657873224,0.1374326045652897,0.47636921126256787
150,0.10139072686433792,0.8026376847376371,0.774798500661013,0.7673528232822794
1501,0.03519104793667793,0.7815363126099169,0.42864072209143345,0.8379340409880868
1503,0.12159502506256104,0.6931044656405314,0.5692896262799941,0.6055856276767477
1504,0.2399708479642868,0.6055088161850688,0.6296002227952298,0.5525315914047138
1506,0.043440937995910645,0.859128079038175,0.6320439275662767,0.9204412011801293
1508,0.08776809275150299,0.69531752327697,0.3184726410650324,0.7855411415484286
1509,0.06727942824363708,0.4688887060626067,0.02949360744856006,0.2564584017735848
1510,0.014262608252465725,0.858399100036066,0.4654354889417523,0.9033464216208977
1512,0.06036625802516937,0.7829089365307662,0.6224800374786004,0.8349048905498039
1513,0.03283041715621948,0.696871433120551,0.2798776349822957,0.6682509509271966
1514,0.6896294951438904,0.17959017844622746,0.20085444064945063,0.22128118452189988
1515,0.1813735067844391,0.6834552521294076,0.7197842943029616,0.6335035896675363
1516,0.051627177745103836,0.8741933594815953,0.6729469823583835,0.8749349262000281
1517,0.05554558336734772,0.6514031883320169,0.18287764780377508,0.6056335857366268
1518,0.17120932042598724,0.41876854883606385,0.07146304109649955,0.2627786891253843
1519,0.018788384273648262,0.8521907832229989,0.49870166820025624,0.9134124500088954
152,0.13864493370056152,0.6157753418593235,0.41462771085421435,0.7127057253076512
1521,0.045340485870838165,0.5767882512557801,0.18212948187602626,0.5662968788573005
1522,0.11816207319498062,0.5479017938643668,0.3404705493999135,0.38537874439333686
1523,0.36112692952156067,0.46355100241071057,0.5448663158477033,0.45361293877426634
1524,0.1739194244146347,0.7259358771004408,0.6112335203012146,0.680140456843226
1525,0.05545862019062042,0.8507390478060679,0.6121811503082831,0.8945481595553468
1526,0.09243191033601761,0.8164535545280747,0.6615150800881492,0.8073446691477512
1527,0.03869527950882912,0.6869257534292027,0.26699442584458416,0.8496990055144008
1528,0.04864291101694107,0.6850982697376573,0.282016078364861,0.7135529680138315
1529,0.03004147857427597,0.756623577542595,0.3960279999156698,0.8214618501645525
1530,0.05876992270350456,0.8935871232234155,0.6971101826039984,0.8932653361616225
1531,0.028336377814412117,0.8072152452882435,0.3956391933353215,0.6714801560501272
1533,0.11212967336177826,0.730984531583043,0.4044857135897303,0.721008331410978
1534,0.10358042269945145,0.7216038055916806,0.5286707906996949,0.8292956745349905
1535,0.0857730358839035,0.73285848617196,0.4131033449270014,0.812516111774521
1536,0.1391248106956482,0.560819311140738,0.4082011863029645,0.5659258697327959
154,0.05564294755458832,0.7956261527147211,0.47994840311675924,0.8329820743260005
1544,0.1766480803489685,0.42001631920516286,0.11371257653021884,0.2742819292434986
1545,0.08387008309364319,0.8120690487857241,0.6227116300255844,0.8713863412092263
1548,0.1107904240489006,0.6868471005928306,0.38022868568225426,0.730217933815458
1550,0.0665852278470993,0.8208641863498107,0.6485169273838235,0.8639231062887196
1552,0.19284632802009583,0.4400322754017058,0.060409870171239596,0.4487574012563588
1555,0.1317703127861023,0.7396027137851973,0.4757460791500774,0.7940367723475223
1559,0.29450657963752747,0.5273901335328028,0.47173929036825524,0.5681994061199639
1560,0.2411186397075653,0.5752164891582034,0.4978488776743778,0.7031234573190004
1561,0.14082162082195282,0.5881548314626336,0.3609913962174916,0.5790064519180866
1562,0.10657638311386108,0.6794475576828722,0.5550820743220656,0.7296825344539567
1563,0.04401351884007454,0.7315493100016701,0.31869544782721626,0.748223894687305
1564,0.08224517852067947,0.5646208211339159,0.10985963760437971,0.5151247058135489
1565,0.12538102269172668,0.837489210509918,0.855047543406287,0.7990391743752379
1568,0.11900091916322708,0.7715722788463888,0.6860560602118151,0.7539794742094872
1569,0.0725603848695755,0.7384524457734865,0.5589610698832294,0.6448945552198455
157,0.057873498648405075,0.5219979489007267,0.1649652690244708,0.4017336866607921
1570,0.3132677674293518,0.5298743263186655,0.32296309535230233,0.631428485515245
1571,0.1194399818778038,0.7459746282303953,0.511309371471159,0.8176944038421478
1574,0.3745417892932892,0.3294806557532037,0.19645863560842944,0.28510590267928193
1575,0.23750527203083038,0.6639516328884771,0.7402584969024627,0.6396125207436156
1576,0.16238084435462952,0.7151288545491101,0.5582391979060428,0.7702725886361003
1579,0.06840746104717255,0.7108014419792477,0.31766792537029687,0.7642448886233313
1580,0.1272522509098053,0.6429702879478807,0.47354666285045327,0.7551208048123408
1581,0.07076144218444824,0.48477446458247575,0.18607115140808642,0.3271874556693236
1582,0.11049622297286987,0.757854625041388,0.6238397094095228,0.8241461792520022
1583,0.11321178078651428,0.802276494380309,0.8298054463752974,0.8195625661932456
1584,0.13436050713062286,0.4710883025069549,0.20100478704479297,0.33462210602850023
1585,0.6615815162658691,0.23703035909671724,0.48661728937600485,0.19023329664978883
1587,0.4725938141345978,0.4146038045547642,0.5461106602007864,0.33734781374560285
159,0.34418168663978577,0.5417602267303946,0.70366709894833,0.4944390205364406
1590,0.35844364762306213,0.453131333509633,0.5191056836041229,0.4079638359937682
1592,0.1562875509262085,0.6825492653405446,0.6659973913656021,0.6789577118104498
1595,0.24335137009620667,0.5209947568053093,0.5826818562339041,0.499994242635765
1597,0.18499282002449036,0.4897052600615111,0.33553911498999656,0.4736313992974364
1599,0.3148951530456543,0.5320690184663894,0.5588006540903627,0.4904650551378927
1600,0.38473203778266907,0.3716095123436633,0.4143076212215981,0.35032267344131063
1601,0.3397770822048187,0.41113220992611166,0.2655050828358883,0.5388193668776904
1602,0.18568900227546692,0.5239430528910809,0.3239070157521864,0.6075746232156802
1603,0.3937704265117645,0.36008832583929157,0.3459179262829758,0.3250616671974535
1604,0.09603036940097809,0.6740960836670538,0.37834256534724764,0.8096171542033211
1605,0.4933721423149109,0.31391220880744963,0.4218435600530303,0.31375818666001215
1606,0.40902820229530334,0.3423069748765235,0.2376062837150189,0.29380761163783675
1607,0.3607187271118164,0.3112358636697667,0.13795013709228499,0.3402424032582064
161,0.0996127799153328,0.5965841975624144,0.5114934860199359,0.5741136160374264
1610,0.06881041079759598,0.4712453060010914,0.031420666043925946,0.5758239756265241
1612,0.12228389829397202,0.6398163053340475,0.4304837902426379,0.6861073219945315
1614,0.04986953362822533,0.6667268132693412,0.5367373361542828,0.614716853703185
1616,0.13716451823711395,0.6651978705253057,0.6658934200697162,0.6222579713786502
1617,0.17219147086143494,0.5033764056003965,0.47135999576844967,0.431895354140833
1618,0.3533499538898468,0.3277384061973442,0.14819430644194953,0.3314364921781191
1621,0.10562947392463684,0.6573184614678571,0.514970771975982,0.667476525071045
1623,0.12256059795618057,0.43775361870654605,0.04039126852390863,0.2962405894305964
1624,0.12423555552959442,0.6873485817178124,0.5296425567752734,0.7508774320197764
1626,0.35984593629837036,0.29773199771642567,0.07768193545096126,0.3329999105965612
1630,0.3931543529033661,0.3493109797108712,0.2513663888707327,0.3948149764307346
1631,0.1476905792951584,0.5471373232295393,0.13435517746923167,0.597740359739424
1632,0.13696570694446564,0.6599010788676424,0.5915960969401199,0.6135034499647402
1633,0.49997279047966003,0.3540795747248533,0.44651948949118864,0.302495668751282
1634,0.16642563045024872,0.5065387720157779,0.180359531735167,0.3498016026390759
1635,0.14109118282794952,0.6283509661411475,0.5082253360730119,0.6088547036323974
1636,0.12881550192832947,0.6563898420656848,0.6138289734105395,0.7479238817061663
1638,0.033595092594623566,0.9014903485092853,0.6023457075198696,0.86975240303035
164,0.01766865700483322,0.8791554155715339,0.5508600596080269,0.8212722471351271
1642,0.051935143768787384,0.46549879874769623,0.004579678971964021,0.6721541630600977
1643,0.06724779307842255,0.5880423802012301,0.07953033040409428,0.5696247569846071
1644,0.05494757741689682,0.47739298267686936,0.035370011584526594,0.2592531844544471
1645,0.10002966225147247,0.6226029378005888,0.34334361719372797,0.7741381054788832
1646,0.37544363737106323,0.4402779277773599,0.5443976523954527,0.4140590925144265
1647,0.03745061159133911,0.6663962380940727,0.17341177237701697,0.5425311484062929
1648,0.06358900666236877,0.6851289705790832,0.25213736724350294,0.748832768432771
1651,0.048767831176519394,0.6487008968780879,0.2405431667083261,0.736455262732959
1652,0.07112790644168854,0.723108229432559,0.5584833437850645,0.5883539047326349
1653,0.04335557296872139,0.8388905457537994,0.6568451565746388,0.8835296105773811
1654,0.20534557104110718,0.5391783567528634,0.41562852377225923,0.5373154289582902
1655,0.1267264187335968,0.6834107923934231,0.4930110618631519,0.6931593203393858
1656,0.053529877215623856,0.9116939633943097,0.8188758127248277,0.9037077453063569
1657,0.27199411392211914,0.386566525957231,0.209461278491972,0.30001341481819155
1658,0.032135333865880966,0.9016637115507176,0.7067935263787477,0.8810050942828359
1659,0.022081613540649414,0.911941223277391,0.662716399403421,0.9228551487589497
166,0.04905577749013901,0.5970486333086686,0.3982003844828985,0.48368587857765655
1660,0.11746284365653992,0.4862588745250109,0.24854441928487767,0.33771831444602474
1661,0.12987065315246582,0.6087825077865272,0.38423893891418953,0.5533865999375743
1662,0.04066503420472145,0.8935825674430048,0.6859834515550608,0.9057343672775113
1663,0.07819546014070511,0.7689199924331696,0.5564591195071535,0.8551535157976077
1664,0.18844206631183624,0.4176469408256982,0.12894178790143335,0.28491770908539904
1665,0.07331020385026932,0.879568152402618,0.7980033064346378,0.8353694762140633
1666,0.04570137336850166,0.7612767031230732,0.4113629702328311,0.7746841867563757
1667,0.05206916481256485,0.9370324606426118,0.7973608184173129,0.8687588164824247
1668,0.06070386618375778,0.6216280537261379,0.24318522672708656,0.6477615670525873
1669,0.09272029250860214,0.6671861791125894,0.3891634801293982,0.6375365106996789
167,0.14521463215351105,0.5229664152910322,0.3666185406731974,0.6004103083461882
1671,0.05530784651637077,0.554873178054925,0.11214873882181399,0.5955070027684564
1672,0.06350164115428925,0.6148262131667135,0.25955203952642436,0.45633278372443875
1673,0.07122757285833359,0.7959903211054621,0.6468112994065561,0.8808873938401782
1674,0.10422049462795258,0.7821092855161274,0.5387148320800765,0.774083247299256
1676,0.04310544952750206,0.6329691088577709,0.3250511484958239,0.8149390786005757
1678,0.05232327803969383,0.7483041006140146,0.3525849116113023,0.7735968173217156
1679,0.024309372529387474,0.7797023067875014,0.355075165594074,0.8383490170680425
168,0.03946308046579361,0.5943221186321814,0.06548490950294698,0.5545589091265171
1680,0.02154994197189808,0.9181050745194204,0.7515456304781121,0.9492909743799824
1682,0.057159557938575745,0.8636550755083807,0.565351602469225,0.7466916475411673
1683,0.08764476329088211,0.646796546857149,0.19324884367056402,0.5998556645316588
1684,0.10944848507642746,0.776424355745965,0.5946910832422414,0.8515861465151355
1685,0.0796823799610138,0.8353776986184513,0.5998364674282054,0.8550617117801869
1686,0.08041494339704514,0.6618576815803806,0.5023755883228048,0.5570762837399716
1687,0.09655576199293137,0.731388379001744,0.6912514682467218,0.711964806122994
1688,0.09956302493810654,0.7883676101704822,0.6283553099399923,0.8185689065498399
1689,0.03050679713487625,0.48797567280878384,0.006632825724438717,0.6001418047850943
1690,0.044665731489658356,0.6604775473655448,0.24298551128102236,0.6785131600076518
1691,0.17730234563350677,0.6502350147775539,0.5863811030044044,0.7168558530876782
1692,0.10307935625314713,0.8059365478060136,0.6823331094113452,0.7924456483102815
1694,0.01909010484814644,0.5945844540643822,0.09241682100810941,0.6017816275753551
1695,0.09912197291851044,0.45311560754018865,0.04014670508134066,0.25695248891431866
1697,0.010653539560735226,0.4976834413905893,0.0044961337009887204,0.257627475961716
1698,0.025923611596226692,0.8533702810522078,0.4355406825632201,0.8193297308306355
17,0.09066733717918396,0.6473833704618059,0.1856803539289168,0.6036669792225682
170,0.10841216146945953,0.6169059250302107,0.2999139910682451,0.6858714551783467
1700,0.09737399220466614,0.6775956330497713,0.6463039989004669,0.6285437872892692
1701,0.048383988440036774,0.7994691966286187,0.6049604708521468,0.8679483348977085
1703,0.15586191415786743,0.4276233001219215,0.08683949081898934,0.2694174667634712
1704,0.1422751247882843,0.4352439914524199,0.09536879291470232,0.27508685451492554
1705,0.027285337448120117,0.6658589221992277,0.235878104232712,0.6622971472352588
1706,0.09957511723041534,0.6500230975633448,0.2602773663962687,0.7444982302594727
1708,0.09843619167804718,0.492791771289401,0.14909687485977197,0.5993654624631595
1710,0.0793536826968193,0.7124920688706922,0.3450361885004574,0.7563224686310217
1711,0.2649330198764801,0.5684266863075282,0.6518309002514058,0.5313702159096412
1712,0.08686806261539459,0.8477318749664575,0.6468421158000887,0.85914494883676
1713,0.1198258176445961,0.6027628360001498,0.21455587916349506,0.6834147412034652
1714,0.023336339741945267,0.5446108474864022,0.03718780068484859,0.39266788694957344
1715,0.0542944073677063,0.610867059653018,0.098310217099267,0.5335219124122331
1716,0.09511114656925201,0.5937412425583719,0.2422847736409421,0.6129804158136161
1718,0.044081609696149826,0.6727486370345178,0.2859130676959896,0.7754416171536034
1719,0.10506334900856018,0.7389480299211943,0.5103462396543109,0.8230136137312029
172,0.05023616552352905,0.4570324726489998,0.000834176095684032,0.8080901702081861
1720,0.13646191358566284,0.8254580899372921,0.7996850645094342,0.7473009170184369
1721,0.2586284875869751,0.5158659869492941,0.6055225258604894,0.4928512124606341
1722,0.08474887162446976,0.7283192156094755,0.26614476605353343,0.6752656152195413
1723,0.15873856842517853,0.6207834912425305,0.5649138843859597,0.6769134727554706
1724,0.07090428471565247,0.5698190883966482,0.10603522407926648,0.5006116318981656
1726,0.08276253938674927,0.6352590462880324,0.2952397738419209,0.7932183918472312
1727,0.14608348906040192,0.4181700148675858,0.05590544817700458,0.48819168642391003
1728,0.07471397519111633,0.7233313810075999,0.44130393591482486,0.8529539317609207
1729,0.08418875932693481,0.7907951563502482,0.5093380955861132,0.8216229661178363
173,0.08459984511137009,0.5315949588786967,0.1751451176317485,0.5469862618276718
1731,0.07882130146026611,0.7733105773191754,0.42682423719821266,0.7704039647999077
1732,0.11045599728822708,0.745966549893011,0.5398203601605321,0.8453122789075755
1734,0.1404702514410019,0.6756273453222547,0.6622159418683484,0.6900011840956619
1735,0.04289600998163223,0.8565419165163355,0.6151477553914513,0.8949018500446982
1736,0.1346353441476822,0.4266963540907104,0.0117189227836693,0.27870406757827626
1737,0.0642007440328598,0.793356448619913,0.4584806480660304,0.8342802942865302
1738,0.16911567747592926,0.7914489606485049,0.788484960708421,0.768637984196784
1739,0.07694117724895477,0.9055502840919478,0.8237979298544906,0.8755677711778398
1741,0.06976573169231415,0.8886960242091246,0.7168197223587295,0.8775616929314378
1742,0.09581248462200165,0.8300442026743424,0.6758168861545311,0.8604615362886577
1743,0.06907711923122406,0.8758418647923933,0.7098533433488698,0.8865170523299545
1744,0.04583261162042618,0.9182844427667463,0.7730333529319632,0.8796409779993769
1745,0.05079661309719086,0.8741595403013888,0.6449545995864224,0.898420475577798
1746,0.03464961424469948,0.9191563270470177,0.7164993813233284,0.918201631193844
1747,0.06993116438388824,0.9052887901813056,0.8221392089465737,0.8621064049324212
1748,0.2652180790901184,0.6128517706324266,0.699103107253361,0.5545956583097539
1750,0.0748010203242302,0.6025599543847167,0.18649886716866232,0.7493826790917416
1751,0.08857651054859161,0.812273256141604,0.7606312577919597,0.8611692682377166
1752,0.11601505428552628,0.5545697821207047,0.2256699122057685,0.6189616183775681
1754,0.15277858078479767,0.4651121753532173,0.16585192016204506,0.7565999163594989
1755,0.0661177784204483,0.8032246962319658,0.3307488588051001,0.6672789545624486
1756,0.20505908131599426,0.6501341839301341,0.4880007480152032,0.58895351645024
1757,0.10880118608474731,0.7994189357780628,0.614858013770102,0.8506816387422826
1758,0.11600178480148315,0.7387786327569424,0.6040360809203246,0.7965782892434911
1759,0.19224250316619873,0.6553781357161095,0.6900579510156906,0.637070792641965
176,0.10933639109134674,0.5717197011271822,0.2649630236164107,0.7208400346262629
1760,0.0870257019996643,0.739910813017354,0.47435729817765265,0.8417762926295175
1761,0.016759386286139488,0.5447526976715281,0.06114202334362052,0.3242148889657478
1762,0.1875683069229126,0.6134718037289171,0.22098812135212204,0.6355423610889346
1763,0.10835853219032288,0.4546909063970196,0.020261804590721116,0.3075411354703196
1764,0.05426512658596039,0.7872460904202891,0.4931196826065017,0.9042125857752569
1766,0.09083962440490723,0.9065389362555131,0.8670039912718416,0.8586918646618048
1767,0.08594747632741928,0.857469329271944,0.7848478319650568,0.8621326032009058
177,0.19071392714977264,0.4567955105733719,0.3099926919365836,0.3778001398772919
1770,0.1323266327381134,0.46273370756948246,0.0802750634379311,0.6008811869138474
1771,0.08347870409488678,0.8674625456344578,0.6584774337192671,0.8669951419980781
1772,0.09119780361652374,0.7076358574832746,0.3283021963873755,0.7090660770930184
1773,0.16119690239429474,0.6515336269147007,0.7127783716482144,0.6294871287061811
1774,0.06751330196857452,0.7454972226227914,0.2809919349743855,0.6972604746692366
1775,0.046659860759973526,0.8196962734367077,0.4811721715386302,0.8581062731828086
1776,0.06360974162817001,0.7902665682015458,0.6594160961399703,0.8636304422283538
1777,0.04615681618452072,0.7593343532410668,0.4637441677576046,0.8288746292523712
1778,0.14144626259803772,0.6944539699388076,0.3897835317792547,0.7268867625286484
1779,0.0665302500128746,0.8698550772238205,0.7678981401926943,0.8704410793782532
1780,0.07991628348827362,0.7974738669836998,0.7173130435814592,0.7699851276872924
1781,0.0846165269613266,0.60582959250351,0.24725993934842308,0.7666185136568937
1783,0.0995122417807579,0.6475256693207533,0.5400433493772485,0.817635309722416
1784,0.12792350351810455,0.42410174483660745,0.006418330273303382,0.49795720429574164
1785,0.0741342082619667,0.842292361325162,0.6426542823604245,0.8788248718226356
1786,0.11187876015901566,0.5216833331009487,0.15065797559165112,0.7061519240578624
1787,0.18974271416664124,0.6820426145975451,0.665450442902367,0.6284774225717784
1788,0.049041785299777985,0.8383559241168862,0.4889308793410604,0.8329518549768485
1789,0.03576020523905754,0.8715773473524067,0.636189283158688,0.9009574700908531
179,0.15746745467185974,0.6484184626088617,0.6305616512851722,0.7305326391293827
1790,0.0970660001039505,0.8541341872517869,0.7089335347219714,0.8409796281333052
1792,0.04488937184214592,0.9380357532028225,0.8586340831164788,0.9116226162236429
1794,0.12951941788196564,0.4214962190491729,0.016693214327145614,0.7126177408972445
1795,0.1700521558523178,0.41965924846045916,0.07753522479036086,0.26634996984711756
1798,0.026913627982139587,0.6990016641574406,0.18660398206506856,0.6155309536406679
1799,0.1370951235294342,0.6944857163343957,0.40151120574935284,0.7867466855872323
18,0.1852066069841385,0.4286420069776953,0.04838514775419097,0.3457620233103877
1800,0.29212701320648193,0.49180145786972873,0.49313907958718894,0.41021478634529823
1801,0.11594761908054352,0.7419847404252804,0.6829185904304956,0.774427316239512
1802,0.14338530600070953,0.8267117050915527,0.8555451396985418,0.7662162920953659
1803,0.16488872468471527,0.5215847961173276,0.15934139817048287,0.6510871476272202
1804,0.11023898422718048,0.7375021377224659,0.43113291211784904,0.7936614034527786
1805,0.17064699530601501,0.6590988634578603,0.591651821252194,0.6907230631584244
1807,0.06538285315036774,0.7577537816971507,0.587654419310959,0.762936736988576
1808,0.10951098799705505,0.7782176592325087,0.7376657179279469,0.7487885530077227
1809,0.037989914417266846,0.7783115030108763,0.46874665253492276,0.7668975236800524
181,0.13217374682426453,0.5948865550843925,0.44636502799609185,0.6544391573815962
1810,0.05890144780278206,0.6964605162213942,0.3011471736556334,0.7237752431279767
1811,0.0763845294713974,0.88226742042946,0.8767620713713608,0.8682028729227272
1812,0.08973544090986252,0.8060578191903054,0.8095975332556261,0.8221754586646308
1814,0.14395777881145477,0.7251160797343387,0.7499397122595426,0.7020280100154233
1815,0.055530913174152374,0.886927654451555,0.7360919059144694,0.9102353193790922
1816,0.05467906966805458,0.746070218582212,0.3753973802439039,0.7981366986286008
1817,0.1468709409236908,0.6462656556521393,0.33479914571006725,0.7481875360952808
1818,0.10771332681179047,0.6638258832873425,0.3962101294258952,0.8187652717490459
1819,0.06055893003940582,0.9020815899754686,0.8695664486041943,0.8940899615651969
182,0.11800733208656311,0.7248848453944228,0.49352523291549943,0.8330920566363983
1821,0.1903351992368698,0.7038015104860396,0.6843254027681743,0.6167655812475972
1822,0.1233663260936737,0.7611867779454158,0.6597040551062705,0.8273380280608837
1823,0.13803443312644958,0.7080349716582872,0.5777402561989902,0.7298926701603476
1824,0.43210622668266296,0.4749728839744135,0.6770613531880951,0.40321415360069474
1825,0.061326414346694946,0.8026925010175026,0.7419474834543508,0.8306896095130194
1826,0.1953003853559494,0.6859862996334142,0.7586525978306123,0.6652349920425169
1827,0.14900869131088257,0.6366022552458581,0.5597788990873952,0.6502619363265388
1828,0.23943276703357697,0.41749488801924767,0.13050752311962627,0.603520005390414
1829,0.018736567348241806,0.5015478420337759,0.024242772417606636,0.27980664403598
183,0.34800609946250916,0.3963061543145195,0.384377429372543,0.3515606522974147
1830,0.08646639436483383,0.80854801513975,0.6346741110818668,0.874416436289347
1831,0.06357427686452866,0.6972089514581747,0.2692115796208887,0.7228040508262619
1833,0.05952834337949753,0.8809612589623097,0.7017340733175282,0.8901099973294869
1834,0.11427949368953705,0.6976767453016518,0.6882152606637715,0.7113394954065615
1836,0.07364428043365479,0.8604291657574829,0.7639981986645447,0.8623145875813126
1837,0.05057235807180405,0.7703774661370149,0.46179723950790486,0.8677476369200261
1838,0.06025295332074165,0.8838635825688965,0.742155328604424,0.916241146261411
1839,0.15295174717903137,0.7512969756273236,0.7821785705494483,0.7017641208380305
184,0.09613056480884552,0.5669943659394517,0.20345593064289744,0.7240168754002714
1841,0.09671127796173096,0.66253973577775,0.1936084628142579,0.5763025215231562
1842,0.19874678552150726,0.49253004719724314,0.4313682371904371,0.4087614250685006
1843,0.12015488743782043,0.644430986481233,0.28606175475034584,0.6436033229646029
1844,0.3449864983558655,0.567011059635459,0.7115192370135761,0.5036738512458662
1846,0.0719970241189003,0.6733086721880853,0.2291266717544695,0.6172289560576607
1847,0.09373227506875992,0.740272824730711,0.6822181124679908,0.8032877561500076
1848,0.07553581893444061,0.5362845305104647,0.14944684973148253,0.7574882796251565
1849,0.051707927137613297,0.857580497934149,0.7569135902295233,0.875939062138318
185,0.3681117296218872,0.5187801566326172,0.6421099822460132,0.4523350930998574
1851,0.1030111312866211,0.5910209140081236,0.22537878314725227,0.5921056865478522
1852,0.0660272017121315,0.5542847854652917,0.1379751071596304,0.5337044854781106
1853,0.13049602508544922,0.8186404163137648,0.7771625709165292,0.8021519948122076
1855,0.10186019539833069,0.7523528332057292,0.5794759457173545,0.8586810874323525
1856,0.03640831634402275,0.8901166511021805,0.5304456420275149,0.8266524106591997
1858,0.09515205770730972,0.8452482488644437,0.7814460984106252,0.8291447510789987
1859,0.13023370504379272,0.6101977846270425,0.2515786379343784,0.7656466062067273
1860,0.0679941177368164,0.847559159743569,0.6488397893701038,0.8225108206359599
1861,0.06313931196928024,0.8992129388204866,0.8378683017634663,0.893998741680728
1862,0.11100608855485916,0.8412720405225498,0.8069664346353314,0.8245995869039806
1865,0.21153447031974792,0.5336733765524876,0.5255030174141806,0.464365967547778
1866,0.10679081082344055,0.75190348828161,0.6710610874568963,0.8218500061399225
1868,0.058289963752031326,0.7631350806218039,0.4561104420029932,0.8437119701578154
1869,0.13070471584796906,0.44582698863769765,0.07441669243461886,0.7764099755585749
1870,0.02318166196346283,0.71775296705016,0.3615397453968537,0.6419423806362697
1873,0.3414320945739746,0.36558222232628707,0.2944276306916535,0.3212099967891663
1874,0.0715254619717598,0.8701978190659253,0.6134365544259037,0.855098562723586
1875,0.05826069414615631,0.7531123180992187,0.5107905982412515,0.7847564956376281
1876,0.08123806118965149,0.7501130139420805,0.3624343499507023,0.7459266936002612
1877,0.044552963227033615,0.8162423718391847,0.34403071919167466,0.7557180799440321
1878,0.11088676005601883,0.7408124781562966,0.48796748724543326,0.8096424133750033
1880,0.07772987335920334,0.44776353632959476,0.0013900107869386045,0.3875122136984721
1881,0.09462127834558487,0.8103325555226838,0.5185950097951428,0.8167825738285479
1883,0.07468365877866745,0.8498922377650096,0.7297968011341857,0.842444738763383
1884,0.07503131031990051,0.7817924396618623,0.5244376193454181,0.8527770649899162
1885,0.08779694139957428,0.8353085144152055,0.6313487878421621,0.7641798250538279
1886,0.30530014634132385,0.6010129780678354,0.6404164413643351,0.5030836292325483
1887,0.06860969960689545,0.9114542844524871,0.7204589362198713,0.8801800750183335
1888,0.0896565169095993,0.6242010727988909,0.23396560664616592,0.5981796165578595
1889,0.08198247104883194,0.7032971551013523,0.37912532583793346,0.8022614845669533
189,0.12201149016618729,0.4985092674384893,0.17972761260884645,0.7578997312432691
1891,0.08550077676773071,0.7368092247035696,0.4180163534625724,0.7877799549051578
1892,0.10162948071956635,0.651639898233701,0.22055943265653613,0.6184271565128855
1893,0.13505737483501434,0.4404629479789165,0.022275940788941902,0.30045287858699365
1894,0.06931176781654358,0.6734183586535184,0.3716504721528024,0.7562075372168848
1895,0.0756952241063118,0.8558419666988921,0.8083446461766765,0.8252957841383203
1896,0.07332022488117218,0.8518241334313021,0.7190987791638759,0.8515922868399451
1897,0.06827877461910248,0.4892902978200869,0.04232907781636119,0.36782184843763543
1898,0.10887615382671356,0.4845779346344238,0.09274114038647763,0.42424233808524126
190,0.14477509260177612,0.645833694504817,0.4970085669417391,0.6780210684455309
1900,0.07938845455646515,0.684473935080792,0.5306736163695567,0.6326088777787122
1901,0.06040482223033905,0.7802405840263994,0.44430496307074485,0.8023442032775052
1902,0.05246097967028618,0.8185960611066192,0.5336742814567794,0.8812624958046815
1903,0.06319773942232132,0.890188242360878,0.8301071924284004,0.9077987267795646
1904,0.04666510969400406,0.8448021613291392,0.5574045481820076,0.8842554642972876
1905,0.0508405975997448,0.8028516090537998,0.5020313736311742,0.8518268875479251
1906,0.09766731411218643,0.7414511456251338,0.49039462462356387,0.77940528077444
1907,0.10727732628583908,0.8047606706949082,0.7543869428493114,0.8016129801255554
1908,0.09730739891529083,0.6919707149835014,0.41884247080877296,0.5854215851794882
1909,0.1590532809495926,0.4913321146082587,0.4262720513601489,0.40368400175580477
191,0.0292351096868515,0.5168393418196595,0.047612621500767546,0.7492946850742948
1910,0.2142367660999298,0.6286019691215954,0.596756943921689,0.5689402434339854
1911,0.13016754388809204,0.731500153129352,0.5825228862692404,0.8018130785401436
1914,0.07402366399765015,0.8552875783576379,0.7409664696221826,0.8812631913595712
1915,0.10012714564800262,0.7925538165047761,0.7726964524775943,0.7740387681970944
1917,0.06286609172821045,0.6676105883608512,0.2910026934651895,0.838487651456973
1918,0.0435122549533844,0.8895103679772868,0.7710537618328436,0.9030885049396639
1919,0.14944420754909515,0.6467433937788164,0.6644588856139612,0.6906363729023821
1920,0.05388978123664856,0.752567522269572,0.48003273617041264,0.8759528206111236
1921,0.1293695569038391,0.6081081089968619,0.5879459078441995,0.5528031312467585
1922,0.09695237874984741,0.7430322625614281,0.6156932920917856,0.7658255006721041
1923,0.05026543512940407,0.8483772706449977,0.6236229728125982,0.8875190198410111
1924,0.09631162881851196,0.713347546992921,0.5789626958651272,0.7572454908745252
1925,0.10379492491483688,0.4415365775890341,0.03406045907950011,0.7447565657128254
1927,0.0711171105504036,0.8619485227134096,0.8275361519704131,0.8502255073080944
1928,0.042954202741384506,0.6087418965016971,0.1894809800255535,0.6260671312146797
193,0.044582683593034744,0.8935222162775451,0.8183114990041137,0.8943755541629064
1930,0.145898699760437,0.5991562601702958,0.5732978663135143,0.5447774138139225
1933,0.060516357421875,0.5724929008873489,0.17022685816699423,0.8325431440694526
1934,0.14769940078258514,0.5404664136184092,0.2857376731812356,0.6495598110274645
1935,0.11856002360582352,0.5792774344277343,0.212388206461137,0.7976956972040574
1936,0.1313454657793045,0.780378243885467,0.6976610413483303,0.8009077760206511
1937,0.045190226286649704,0.8433981320407293,0.6557902428020506,0.8998673931760739
1938,0.3513471782207489,0.3749818179082956,0.33703427031280503,0.3294782931472907
1939,0.0359332300722599,0.8939080519588894,0.6315802190994881,0.8897982123662512
194,0.20772415399551392,0.5950651135529106,0.6026639651515769,0.6105707968458435
1940,0.05751636251807213,0.48204172956760993,0.00868382742972951,0.34921763690867125
1942,0.08393988758325577,0.766898822875075,0.5860313377075594,0.8854310126147066
1943,0.16969741880893707,0.732508297064035,0.6915077322376048,0.7457598891085846
1944,0.05615534260869026,0.6485936101418901,0.27403890429628225,0.7479787732543363
1946,0.08157878369092941,0.8685113885373754,0.825221093954363,0.8596821840489124
1949,0.03585197404026985,0.7938715401159777,0.6340194143885095,0.8267865641567951
1951,0.04885300248861313,0.8455080080568389,0.6469241951541298,0.8898228830468483
1952,0.05483012646436691,0.8288739798887732,0.692536332583041,0.8627997945947342
1953,0.06675295531749725,0.7484639311697121,0.5041348852986012,0.8534941435245835
1954,0.1135665699839592,0.5603311361296772,0.15779563776412472,0.6431669635964491
1955,0.06044146418571472,0.5448458694933842,0.14306373697066158,0.7229540602873268
1956,0.034918129444122314,0.5539714585965222,0.25982943714140133,0.8452976134187895
1957,0.13655123114585876,0.6643456909304645,0.5869551387119278,0.7318254835497304
1958,0.08252930641174316,0.8094719991112735,0.7658973462193674,0.782790947862832
1959,0.05077791213989258,0.6644041202250807,0.3615630921118862,0.8571896310765779
196,0.22713373601436615,0.47416105105332346,0.14854793938678762,0.7013988658638296
1960,0.18228010833263397,0.4132010005398255,0.08701547971405744,0.27302491491721403
1961,0.1602388322353363,0.5671942942044396,0.42128411927351594,0.7490815864019011
1963,0.07045143842697144,0.7937011304639124,0.6651176966332748,0.8291186713769787
1965,0.0385025292634964,0.6229681950067605,0.1114072634382021,0.6166209238969869
1966,0.06064433604478836,0.5844358674633303,0.2783990377338642,0.4616843109925867
1969,0.07202177494764328,0.7491868514627645,0.5368283179983903,0.8772498437459925
197,0.2819163203239441,0.6726627493114044,0.6961051100858857,0.5563709050347414
1971,0.046724531799554825,0.8132514798701428,0.6142098606101398,0.8868525185234273
1972,0.0900832787156105,0.774120010105849,0.6434530793480875,0.8101609031358001
1974,0.06027771160006523,0.8074387763975721,0.5778928538280454,0.8783115739985081
1975,0.01512228511273861,0.4960288261868991,0.008295854106287472,0.5263870567880069
1976,0.11515249311923981,0.5869676087308259,0.35658069039663787,0.7096521686770991
1977,0.12925158441066742,0.6078250827492495,0.5359728035505881,0.6438389271417491
1979,0.09960761666297913,0.8129662949037846,0.6678328246147544,0.7936734846772813
198,0.10207511484622955,0.534231535195062,0.2627977982264053,0.5283899071825038
1980,0.03860082849860191,0.7577178629152823,0.5000079376032727,0.826726684247762
1981,0.15410655736923218,0.7925234482950996,0.8070445798900735,0.7561389826623272
1984,0.03165002912282944,0.6689036919087582,0.08225060689852336,0.573290783792438
1985,0.0582454614341259,0.6184562650872117,0.30776986883866486,0.6860871932929011
1986,0.2510676681995392,0.5525821502723817,0.6524411696610479,0.573947281983467
1987,0.07720118761062622,0.8155562051914869,0.5306755688535152,0.8608742998376919
199,0.1439088135957718,0.41487945482654925,0.044629410157930115,0.725302894109763
1990,0.043354712426662445,0.7247114705098965,0.33023205650475934,0.766388296548673
1992,0.07492465525865555,0.6102607942537122,0.3637138211557878,0.8514639858096806
1993,0.07686617225408554,0.612224596128549,0.2234527443244149,0.6638921158301694
1994,0.07098492980003357,0.7748782047192195,0.645415306859669,0.8581069284810049
1996,0.07509011030197144,0.7649760118483349,0.611830883608559,0.8081153820338276
1997,0.04574869945645332,0.8859285693177543,0.6856014808214008,0.8268283601671857
1998,0.05741193890571594,0.7999128565435206,0.5224755023178705,0.8797623973913274
1999,0.19528107345104218,0.49358278986474197,0.24879302907142,0.38734868081616186
2,0.10864805430173874,0.8193102496540343,0.794886675468157,0.8057954073393796
2000,0.08953297883272171,0.5678428302585445,0.14621572411955402,0.7240949391487813
2001,0.10261400789022446,0.7683450146656681,0.6879949341326858,0.7823584515245792
2002,0.2781367301940918,0.5759111223198101,0.620251053286165,0.5205898942388502
2003,0.1217985674738884,0.6938189735043832,0.49105506908717583,0.8086767866960443
2005,0.08131681382656097,0.7853509480967336,0.6363299710067951,0.864731340522581
2006,0.07326728850603104,0.8572721357243547,0.8104847620417633,0.872536147941577
2007,0.04219975695014,0.9139126289482487,0.7678159980436913,0.9175768258637531
2008,0.11431867629289627,0.471772849094194,0.12941585415348508,0.6584538526994322
2009,0.049337778240442276,0.6667045336132509,0.28710329182293975,0.774905882421888
201,0.1474781036376953,0.4621597630302945,0.13013729801978252,0.5899338421681906
2011,0.10103220492601395,0.5154236064086417,0.3688289822651022,0.4004173476809676
2012,0.08091937005519867,0.8535569252206603,0.7556327870225141,0.8638173669918499
2013,0.08122234791517258,0.6801306739547542,0.3309077397757548,0.830833295750363
2014,0.04608096927404404,0.49450295257947186,0.14889497443048458,0.3087118658083987
2015,0.027788126841187477,0.8774145229201773,0.71961247699536,0.9245463554668638
2017,0.04835037887096405,0.5913857369278623,0.2408196138525767,0.8341415096457128
2018,0.0958164855837822,0.7614311856077315,0.6124897317048297,0.8640743329056317
2019,0.1337275207042694,0.7148201245637387,0.46570689030446394,0.7995251204394389
202,0.08988596498966217,0.4965744884719247,0.12398669613298781,0.7270002809780289
2020,0.029717635363340378,0.7566941086295882,0.3044070243365692,0.797452317678097
2022,0.03237054497003555,0.7175233604965063,0.3249890093388571,0.7614927846321794
2023,0.08639290183782578,0.6781909728355889,0.4590272708659609,0.5876979858627217
2024,0.07115782052278519,0.8076412367962466,0.5936585487687012,0.8511144515677603
2025,0.1072029173374176,0.6598006376239252,0.5746392479656683,0.6349671546660022
2026,0.08956760168075562,0.6024077550562318,0.37240785054670766,0.5734215946846049
2027,0.20180189609527588,0.6816839987031266,0.6640494373762202,0.5861117186649787
2028,0.08958665281534195,0.6088978790447719,0.43186021807263575,0.6374912584131416
2029,0.054566096514463425,0.633621698928956,0.25712534858375685,0.7938556413663109
2032,0.09266219288110733,0.45385204440497484,0.005801768241058803,0.30502187318460117
2033,0.08013280481100082,0.7544522402452122,0.7181133300080764,0.7554054226150502
2034,0.057639654725790024,0.8355070802891345,0.5989963959253686,0.7677637141065055
2035,0.04741416499018669,0.826720318844806,0.40809672925171026,0.694376103649136
2036,0.0787254199385643,0.597063231233179,0.2903957008868449,0.8545490857691438
2037,0.06010226532816887,0.7033880192357995,0.31644993720526066,0.7453570705227582
2038,0.03353092819452286,0.7420481568597376,0.30161236681066855,0.7616039077480836
2039,0.16619542241096497,0.7156574448323414,0.6710128081409491,0.7074466378096388
204,0.051848169416189194,0.5261745307061334,0.06594725415981167,0.5847524954445418
2040,0.09309088438749313,0.6837153149770814,0.38503969390898807,0.7633106051125935
2041,0.1004500463604927,0.668301646086853,0.4826105928494563,0.7408719859177859
2042,0.08597978204488754,0.7140511846053452,0.4855986540879253,0.85264667162369
2043,0.1661035269498825,0.5313466267800098,0.40946092972180637,0.5354007751344483
2044,0.0345696285367012,0.735216975223111,0.18741628472448377,0.6063100893340108
2045,0.04515378549695015,0.8486112212349255,0.6102876411445708,0.9054903297360636
2046,0.1574908345937729,0.6429601135389214,0.5768652276460774,0.5877834313603256
2047,0.0750008076429367,0.8383229940835104,0.7547305438466149,0.8784399361357069
2048,0.0503632016479969,0.8624105282653374,0.6578302136954124,0.9084133609317995
2049,0.05964934080839157,0.5655673196534483,0.2559050457900283,0.5374598917198167
2051,0.07104618847370148,0.7761084326053025,0.492488814288247,0.8486725549348405
2052,0.04004978761076927,0.6998910131376925,0.23299887167726255,0.7528969128666682
2054,0.20690588653087616,0.4763264912551326,0.33031150556857386,0.4105812780049404
2055,0.1250329166650772,0.5774881706887931,0.20598421534023828,0.6693558278807267
2056,0.17609256505966187,0.723930397588928,0.7982652531444198,0.7285547539197359
2057,0.09925437718629837,0.6850658024134784,0.37602397379341107,0.7486092066085508
2058,0.12611612677574158,0.6545229135924486,0.43853181598479285,0.8338574970352558
2059,0.13849830627441406,0.4878983918943766,0.08750496453674775,0.43260912003365165
206,0.050926756113767624,0.9327260124829261,0.8515363457628449,0.9196884418450814
2060,0.07102146744728088,0.6415841000781191,0.33752408435569525,0.8282828520143621
2062,0.07182511687278748,0.795965559779175,0.5560238029028296,0.8717997602034256
2063,0.11477080732584,0.8062997236098316,0.7571428836733967,0.7940225321185628
2064,0.09180707484483719,0.6501787272373949,0.32120308121782737,0.7495271435438056
2065,0.06693785637617111,0.5824504999419085,0.10762623470468079,0.5867443219185906
2066,0.053859271109104156,0.5392567207155573,0.2195627065349096,0.43822538432943114
2067,0.19287963211536407,0.5370923038686323,0.3294537253905085,0.6025711631234476
2068,0.13831458985805511,0.6094229648110869,0.16905497763786048,0.5618389291544874
2069,0.16996891796588898,0.42861203822340205,0.1692135902095447,0.29382634070130637
207,0.35462698340415955,0.47608699221062045,0.5459056213532958,0.4298338877612317
2070,0.03869929537177086,0.7289392709730724,0.4530486185173812,0.8753400960977089
2071,0.1823013871908188,0.7039467719357464,0.682862881860873,0.7339127769717178
2072,0.02739201858639717,0.7376142648737314,0.46208723995506135,0.8844952216845487
2073,0.12096758186817169,0.7640827232481318,0.7312064692644343,0.8047102490462497
2074,0.06056683883070946,0.7858524870810384,0.7489804404729355,0.7736710028610126
2075,0.02975073643028736,0.8530528254765919,0.6947938917372863,0.9107236221779429
2076,0.1759757697582245,0.6376180767416935,0.6365018718081464,0.5686331769987796
2077,0.12136891484260559,0.4171684869625623,0.011662422632537384,0.7913159338312208
2079,0.12181148678064346,0.7435919256631522,0.6853164601889519,0.8036203993962733
2081,0.1633632630109787,0.4183979078637457,0.0950658145357733,0.44736532429155695
2082,0.04504992067813873,0.4738335414608613,0.012367708066809042,0.7009184989851194
2083,0.02741827256977558,0.5582226224845285,0.20936812478856318,0.8122864836840139
2084,0.0855255126953125,0.8374641622963853,0.7633422293667278,0.8346433236057587
2086,0.07107017934322357,0.7598684102193451,0.5498119864647865,0.8033762240551892
2088,0.036550458520650864,0.48139333351559815,0.012162026353290936,0.6343734102532645
2089,0.04013670235872269,0.8890281035550965,0.7839821630112628,0.9181408929671543
209,0.055879637598991394,0.7239897841580392,0.4033004814028844,0.7631732529836757
2093,0.09277525544166565,0.7278293552367786,0.41480921103039003,0.8000741081065763
2094,0.11945196241140366,0.7865276785514437,0.5094168394361862,0.8158266649957302
2095,0.0743064358830452,0.48413640727192114,0.09079307127306842,0.6756428527839805
2096,0.09741155803203583,0.8019000940996184,0.7346456096769967,0.826895927850025
2098,0.15519100427627563,0.5075098247576365,0.39845508234990296,0.4277580045431908
2099,0.14107142388820648,0.6315840646248151,0.37160093855970533,0.7381641264310116
21,0.061641525477170944,0.6406512104938233,0.2649819133430645,0.8009186368139173
210,0.43824705481529236,0.38347871827720525,0.38788070264407465,0.3254454976490453
2100,0.12401521950960159,0.7648758542324259,0.7528478293359565,0.7162186129778597
2101,0.07935896515846252,0.7076401546349308,0.5553825757076334,0.6281978987034391
2102,0.11861569434404373,0.7632087376230179,0.5189583465949998,0.827621453438699
2103,0.05226464569568634,0.8328826657413091,0.8067541305515245,0.8964992154843014
2104,0.10787315666675568,0.6898782027125221,0.4593667422861939,0.8352640661336785
2105,0.10643010586500168,0.7339694095110088,0.6562846743228816,0.8035266804440466
2109,0.12827618420124054,0.6109820721775094,0.4374061055802639,0.5447611724977544
211,0.08787880092859268,0.7797483628750137,0.5847016120806413,0.8370556218085048
2110,0.07279260456562042,0.8690242486913484,0.8435526357995401,0.8825087557537074
2111,0.10184768587350845,0.7191760004383932,0.4749763596229792,0.6894686912427018
2112,0.13098691403865814,0.6078853919591243,0.3517546459916392,0.7822223867697937
2113,0.2376142293214798,0.519279525794496,0.6093901502472345,0.4980853297815168
2114,0.06271297484636307,0.8532122189524406,0.7132587583170834,0.8928370173799134
2115,0.07853584736585617,0.6809020176393339,0.5604345020071081,0.6738845557531079
2116,0.06988824158906937,0.540245366517502,0.18903983921863002,0.38352337029826417
2117,0.040730804204940796,0.8295871284177188,0.5971976291299522,0.8986694990329648
2118,0.0968988761305809,0.7733915524886994,0.6159968605363522,0.7260159489951561
2119,0.23773369193077087,0.3866299137361557,0.09681488797874542,0.2686361343113025
2120,0.058298952877521515,0.7148479865587399,0.29533224132026303,0.7567465363067918
2121,0.1295216977596283,0.5914028038478533,0.19841986861671843,0.6652368928474204
2122,0.28524109721183777,0.4572731478865949,0.5249962464559824,0.43444111202639424
2123,0.13482438027858734,0.42366533274783613,0.009000808186290388,0.2702649984415961
2125,0.04524039849638939,0.8902813083838712,0.764241766664362,0.9220564816149138
2126,0.13060738146305084,0.7079140600706779,0.5784645501891287,0.7812684318543262
2127,0.1554144322872162,0.5036404896354854,0.16918321600374223,0.7445175514609128
2128,0.027683502063155174,0.8565734876513149,0.5169822324941272,0.8848352777970194
2129,0.05126427486538887,0.8138293938700563,0.6479177524697487,0.8527845501788964
2130,0.04371071606874466,0.7932794868439674,0.48873086771360263,0.8912030846488577
2132,0.11401498317718506,0.7493418209336352,0.626527143991676,0.8178810802545922
2133,0.0976642593741417,0.4341676111716693,0.008279256377076808,0.6520622250138295
2134,0.06355944275856018,0.7962631318379798,0.6755004431750347,0.8583058881158929
2135,0.04055320471525192,0.9058462073818332,0.8259306056555302,0.9357446352578941
2137,0.0942336767911911,0.7262421559766097,0.7372843476679293,0.7761413355786163
2138,0.056165196001529694,0.8996149867701952,0.867699128342066,0.9181479143772063
214,0.1473289579153061,0.7746565316872294,0.6160092199353495,0.7818164905576698
2140,0.12414127588272095,0.6931135545966096,0.5869127820346921,0.6473636503951576
2141,0.04249745234847069,0.9174900610812521,0.8192138764956514,0.9321522934702627
2143,0.1676250398159027,0.7552649095304436,0.6621220287016195,0.7731448307822577
2144,0.057992905378341675,0.8878192384639765,0.6301163468024279,0.8553787562174449
2146,0.07670322060585022,0.8400701439419498,0.6505932146683243,0.8689228404263261
2147,0.0892585888504982,0.7267357452854433,0.503074903959139,0.8390211086497116
2148,0.3369743227958679,0.4642527958017022,0.5753427706176885,0.4391724298055574
2150,0.07859021425247192,0.8262955006519344,0.690151690425424,0.8827848737218228
2151,0.21522313356399536,0.6010431165325911,0.7214889088447701,0.6052510856541491
2152,0.10319270193576813,0.7503303947348012,0.581419392411467,0.7071130004858788
2153,0.05226641520857811,0.7442195752477412,0.44525499048695305,0.8762601942296164
2154,0.039028916507959366,0.918481074511072,0.826866267664739,0.9400976972285295
2155,0.03167364373803139,0.9217842677533381,0.8229058799029783,0.9473421152139556
2156,0.05646251514554024,0.8749893650090628,0.7120404634118919,0.891437311732314
2157,0.07238262891769409,0.6596815795872173,0.3535776488841074,0.7913300335181095
2158,0.07314099371433258,0.5087030690353678,0.07448124764384285,0.4128635941429671
2159,0.05588676407933235,0.884662321250443,0.8243667119139726,0.9064215258642414
216,0.09351393580436707,0.701626713985031,0.5826771869860348,0.6886640370401065
2161,0.04335283488035202,0.6277091283473606,0.18289686537985234,0.6797409623064181
2162,0.36481037735939026,0.5408252137144178,0.6373676816018927,0.48051258071956954
2163,0.09876792132854462,0.7830881270532603,0.5846935709389931,0.8616497398067366
2164,0.08617602288722992,0.6714910672534933,0.3289327440049994,0.8085910383688553
2165,0.08993621915578842,0.7194772563524603,0.6472176726080425,0.6596438205087127
2166,0.04810275137424469,0.9105531448026073,0.8145434863311029,0.9098302315462081
2167,0.0942804366350174,0.5991886443988269,0.24793309087725862,0.7025741503546479
2168,0.0877000018954277,0.5334762169697622,0.14671168736594892,0.47935606521621626
2169,0.05483609065413475,0.7681273545675558,0.4616140038187148,0.8812218207382396
217,0.06877921521663666,0.6939612099369946,0.49327065436430473,0.8099491252937477
2171,0.06820352375507355,0.8610717467996876,0.7977223941799126,0.8756064247084683
2172,0.04597034305334091,0.8377212563575989,0.6939391941391854,0.9081799681343468
2173,0.03600187972187996,0.930385484143355,0.7573560135063797,0.9371169094629727
2175,0.1014510914683342,0.7328733981812785,0.45398256749346644,0.8446741538177203
2177,0.028066299855709076,0.8877686828786769,0.6583807431710156,0.8951664290315461
2178,0.08813782036304474,0.6882019150574218,0.45819699584824813,0.8239778218002625
2179,0.06259395182132721,0.8520934405132424,0.7941280449148601,0.8802954587665791
2180,0.18216131627559662,0.6140906219915206,0.5745193649549506,0.5382135209154058
2183,0.03857898712158203,0.76849362552156,0.5526612311110386,0.9115135209979828
2184,0.10882928222417831,0.8056548465364683,0.753405393900647,0.8345946089134663
2185,0.4770564138889313,0.4204484142886789,0.6066389193039554,0.3444503353834726
2186,0.11521267890930176,0.5991858887382987,0.2198960788573768,0.719089024861568
2187,0.07606716454029083,0.7301900898593601,0.5701856964457079,0.701210852250536
2188,0.10456939041614532,0.7691816994260054,0.5451938264617284,0.8150593566960243
2189,0.044180240482091904,0.8452190077545656,0.6682528602805256,0.9167845104773588
219,0.22002488374710083,0.5584869089447534,0.5657453646509075,0.5226965548569016
2190,0.06677062809467316,0.7828695751462812,0.5038588149371672,0.8463334282563244
2191,0.06845475733280182,0.8439801761614623,0.7557109105570281,0.8748068786264405
2192,0.07977679371833801,0.5357693001314404,0.15535885839170208,0.7026175138659363
2194,0.018131084740161896,0.926762105926929,0.7488205227385396,0.9015855351131333
2195,0.07318440079689026,0.5339643769646851,0.10190405625004126,0.5645172376597065
2196,0.09552929550409317,0.7579026305274927,0.456828486688811,0.7813350269900243
2198,0.03602848947048187,0.7205690501770584,0.36950740438960367,0.6298919456418448
2199,0.046419911086559296,0.8554881435086006,0.6468576397303816,0.8838456749345929
220,0.13390189409255981,0.4187263933823433,0.004679257942831423,0.637624777158984
2200,0.1920444667339325,0.5311928399105803,0.28006922126818695,0.42844782116503016
2201,0.07073268294334412,0.5116105697023193,0.12314340691535379,0.5091113920026429
2202,0.05865422263741493,0.8663658322095904,0.8402586572666705,0.9137858723838646
2204,0.11985364556312561,0.6100107906372646,0.4041963995332804,0.5731655000451663
2205,0.11489081382751465,0.7830250548447241,0.7259851723993014,0.7196072957147853
2206,0.10757861286401749,0.7642362975932171,0.6921556660551097,0.7975560759495484
2207,0.1847309172153473,0.4946383305316933,0.3033888848497052,0.533575872965994
2208,0.06271759420633316,0.716129754574444,0.3931153042183194,0.8482738418877216
2209,0.08113180845975876,0.743191241851527,0.45510672807096103,0.7706667211019438
221,0.04585670307278633,0.46159081589097806,0.013412334669428372,0.7602570140167388
2211,0.04821506515145302,0.8664184663215196,0.7615976618562721,0.921402961462406
2212,0.07520441710948944,0.7274519335561777,0.3615651997776235,0.8180670834508057
2213,0.04140791296958923,0.7260688495884488,0.2601268999217988,0.6144048431791325
2214,0.16939648985862732,0.617660357249946,0.4796820338355921,0.6205423315722645
2215,0.1036342903971672,0.7737856219823588,0.6006738952970578,0.8631189808097162
2216,0.0390336737036705,0.8732521218144518,0.7524392751522405,0.9225084736122362
2217,0.12805169820785522,0.6172144764016828,0.5183033125466187,0.5324941890544195
2218,0.05670873820781708,0.8789288381919624,0.8109380883743986,0.902978627634939
2219,0.2985101044178009,0.4656891046581779,0.42681768417557214,0.405220588649816
222,0.15297769010066986,0.7407723281683942,0.7836904969655909,0.7143440655943345
2220,0.0766981989145279,0.6645703497383283,0.23142793868929734,0.7361414865287774
2221,0.07812267541885376,0.8059126409859022,0.595586243738005,0.8920900511402047
2222,0.1100718155503273,0.8125665989495521,0.7051176041769712,0.7577627908581503
2223,0.05510614812374115,0.6225995826385586,0.2275144065854927,0.48359694909393663
2226,0.04148746654391289,0.8876879718595909,0.7352567113868446,0.838684734047469
2227,0.03170046582818031,0.8673208865278865,0.5563368601270869,0.8950376550154728
2229,0.0567769780755043,0.827814611925046,0.6560101615320778,0.8995376629503493
2230,0.12695632874965668,0.660810844410944,0.4609057915792713,0.7303692036751473
2232,0.06445427238941193,0.8554149731258347,0.7712054612402244,0.8964116030537395
2233,0.08447053283452988,0.6066421811315164,0.3120300170852586,0.8243651000188286
2234,0.04734696075320244,0.8573241250254411,0.7672537218333267,0.8513751203850939
2235,0.04212111607193947,0.9072682350558758,0.8164137822161746,0.8612371767946718
2236,0.0924154594540596,0.7079997642453022,0.3953238853962314,0.8452233244157774
2237,0.05357770249247551,0.637714161879861,0.34383295197424835,0.894609431893473
2238,0.22485105693340302,0.4797027683335668,0.12488203266079301,0.5185845315434061
2239,0.08168338984251022,0.6899318642446268,0.3785427053001551,0.8137365099897498
2240,0.15368570387363434,0.5248140150673031,0.17508631479584744,0.5115952918907596
2242,0.08788714557886124,0.7264585774464271,0.6636807646661448,0.7473213888894908
2243,0.01945100538432598,0.8177667684632877,0.4348806704015677,0.8322601220059707
2244,0.1514749377965927,0.49740596564881556,0.04761620534164158,0.4609334469112757
2245,0.24262835085391998,0.5390769190677296,0.5421353219219724,0.5045893545573814
2246,0.06050168722867966,0.7810355518952898,0.709715074789252,0.8477122449052701
2247,0.06865799427032471,0.7211383901218364,0.6293013333455455,0.844277820204204
2248,0.07480034977197647,0.779710315561875,0.5939550484429234,0.8581905184246846
2249,0.18272407352924347,0.5826600720146812,0.4203908962412206,0.47050152727295463
2250,0.12287376821041107,0.5476904275351893,0.3254236131281406,0.4604739886081862
2252,0.054973751306533813,0.7908837627937642,0.6645475328122088,0.7724908932205582
2253,0.06932271271944046,0.8914879606292941,0.8029916492625185,0.8353082830988825
2254,0.11246120184659958,0.835971887070381,0.8469280302265186,0.833504733456458
2255,0.1376079022884369,0.5285695557580623,0.3617914948361219,0.4907671761821745
2256,0.04904871806502342,0.788429814035747,0.6971349805110864,0.8634733494664797
2257,0.08564265072345734,0.5698946891204252,0.3264812809938758,0.7486329642927871
2258,0.1151210367679596,0.6576198303792979,0.5383570175705489,0.7754802335348749
2259,0.06889533251523972,0.6920773493658856,0.42133886165329515,0.8671315494842092
226,0.14031347632408142,0.5783426853892655,0.4003004147728049,0.590646077096452
2260,0.050679441541433334,0.9224871516554053,0.8902305989873313,0.9212607520752489
2261,0.12666542828083038,0.6291270179721273,0.27933365242663166,0.7497660473960024
2263,0.11478270590305328,0.6144927093174599,0.40782352906740416,0.7551158215532711
2264,0.10632042586803436,0.6738307959401816,0.41620286666729256,0.7905091260327017
2265,0.31847989559173584,0.35815076044936467,0.2101479025203632,0.2981335545867773
2266,0.1471535563468933,0.4251062808921912,0.03420873207726471,0.511331019845213
2267,0.08243123441934586,0.5678969503926083,0.1648599528967753,0.715398660400544
2268,0.023129353299736977,0.9523661743652314,0.8487603679029454,0.946431849676282
2269,0.059592705219984055,0.8332047603592194,0.7535450023469378,0.8233451899468813
2270,0.08130641281604767,0.8050481845250738,0.6739028002197854,0.8705841772407042
2271,0.058250389993190765,0.8663452181852803,0.6989111721530338,0.8876659508746808
2272,0.07655322551727295,0.8629824490013756,0.7662413552990366,0.8659527883430583
2273,0.04351650923490524,0.6664179624539781,0.2384859814181981,0.7452520706650172
2274,0.1715359091758728,0.6672267132045797,0.6341484294043856,0.5829222297711687
2276,0.08686226606369019,0.7534987152452158,0.703903308016443,0.799017755285131
2277,0.20165850222110748,0.6849763862009429,0.7649116969555423,0.6536319006523346
2279,0.05548073351383209,0.85688098586858,0.7234976528637788,0.8317306012128947
228,0.11267486959695816,0.7788969816395888,0.6586929604652855,0.8484861829332448
2280,0.09933336824178696,0.6448212242960243,0.4162688388593582,0.615707987235091
2281,0.17081665992736816,0.5547136978718772,0.4528461175489124,0.6343609459543916
2282,0.1603395789861679,0.4830037293800952,0.18154347105319368,0.7807229619905646
2284,0.10294246673583984,0.6289690499699833,0.4858362763928242,0.6622919479153946
2285,0.3695161044597626,0.47994133786629495,0.5420675732050395,0.40734151008721486
2286,0.1801966428756714,0.6771250413039454,0.46829211126868325,0.7212055048768586
2287,0.08535224944353104,0.7622400831847651,0.5854173289765846,0.7354165285746551
2288,0.03662596642971039,0.7247709273065024,0.36374595161511436,0.8498079603446874
2289,0.1887340098619461,0.49595141989456704,0.37744335129584966,0.3825451870699782
229,0.13049720227718353,0.8361737010808875,0.8098930651213357,0.8158370393561066
2290,0.0752745270729065,0.7809665255671445,0.49832622922026426,0.8631113601535957
2291,0.0468488372862339,0.9260537064944148,0.8539827816426406,0.9275524350178912
2293,0.09551239013671875,0.7809050223522909,0.5957894284439083,0.8578099274864497
2294,0.03962558135390282,0.7000190591925035,0.5318188853607736,0.7197310444900638
2295,0.07135558128356934,0.8490984514411657,0.704107793950113,0.8915954632919636
2296,0.0621415451169014,0.713823199895105,0.671237237956915,0.6719229415735469
2297,0.14074376225471497,0.7041904098582756,0.6273192839110221,0.7534776334715809
2298,0.10903432220220566,0.7436984232675468,0.7072707439108538,0.7343804350280694
2299,0.060303978621959686,0.6563606183947205,0.2427182565854235,0.6342450226439337
23,0.010309034958481789,0.5086198143476679,0.013809977398011162,0.26057964659063904
230,0.2536867558956146,0.40350654318262985,0.10059343280546273,0.5411405276084408
2300,0.07040128111839294,0.7910124619195121,0.6899002912657743,0.8637039797269463
2301,0.06709448993206024,0.653216279613299,0.31096155786727897,0.7513740248951252
2302,0.22786837816238403,0.5655730622307702,0.5404702194194031,0.5296227799570297
2303,0.08091459423303604,0.8696791545429006,0.740075305098133,0.8611562835936563
2305,0.0593513585627079,0.8620410023362789,0.8065534306719675,0.8675757910322865
2306,0.049757130444049835,0.8616693760046921,0.8172821520275546,0.892187758733463
2307,0.0998569056391716,0.7265773771936739,0.4694725752992985,0.7872333356862269
2310,0.040268342941999435,0.8581340179674494,0.653345502394228,0.8964864429753912
2311,0.06236272305250168,0.7511255812596929,0.48953665926034484,0.8583855581396349
2312,0.11214347183704376,0.775894321520644,0.8329262728205866,0.8056040519798633
2313,0.20802490413188934,0.46504761702272757,0.35955683701015145,0.3725106925078644
2314,0.131466805934906,0.6701804474118146,0.4076286816849099,0.7472143131917754
2316,0.15326769649982452,0.6975939307108947,0.6355751128882039,0.6561264203194273
2317,0.0860956609249115,0.45573897432328503,0.046698130771126355,0.7857562882217806
2318,0.21482595801353455,0.47219615081649013,0.09235623517489694,0.40906175674027945
2319,0.09000824391841888,0.5638138475409898,0.19914570955474667,0.5213800446092294
232,0.14072555303573608,0.5172189152941784,0.44577632579911963,0.4353764158182115
2320,0.043865956366062164,0.5976563726138777,0.39108861423134744,0.7890308346936852
2321,0.04638342559337616,0.8797744319797209,0.7529102644280764,0.8791086881373811
2322,0.10243167728185654,0.6363033494680623,0.26136717450469327,0.7619586475536622
2323,0.11567195504903793,0.5121770717972338,0.0837734611541632,0.4906657496894068
2324,0.05502796918153763,0.808520694664852,0.5807280239508141,0.8737298981397613
2325,0.10498573631048203,0.7739714109996283,0.6640397384354993,0.8330827801690758
2326,0.06629328429698944,0.8591417500829233,0.744815740164839,0.8842638532583987
2327,0.16728819906711578,0.6344646271718765,0.6668954381841737,0.6436507867061934
2328,0.2224646955728531,0.5013474323544042,0.20514848321015933,0.7194996645577274
2329,0.109857477247715,0.690336219271573,0.5644581507326335,0.6351494463065823
233,0.18060186505317688,0.5955462583392572,0.4580311536186599,0.5717118755287326
2330,0.06608621776103973,0.6583877247510896,0.2241166069932999,0.7416042580104538
2331,0.050213493406772614,0.5912074753142733,0.15018752875270996,0.6970802867406127
2332,0.09549548476934433,0.8731979256100857,0.869393198766089,0.8592836297631959
2333,0.03904642164707184,0.8093547866436279,0.4565674614144276,0.8696589420903573
2334,0.19595469534397125,0.6584337814728122,0.697819282500042,0.6299044228370587
2335,0.046567972749471664,0.8644055556068623,0.7208959854546331,0.9064486778254068
2336,0.17075955867767334,0.7349146187460371,0.7953018276037185,0.7065897457766669
2337,0.10316348820924759,0.7508422957944286,0.701056637502524,0.7303550819449434
2338,0.04953339323401451,0.83404165754702,0.7094364623792615,0.8848382945910973
2339,0.11947476863861084,0.7606746964772724,0.7327427091037082,0.7924965810044677
2340,0.06749273091554642,0.700460604368804,0.3146064746611189,0.7826533502622071
2341,0.14426760375499725,0.7453054285115555,0.7892387533844571,0.7158978513416335
2342,0.07022929936647415,0.7169489921716619,0.4739922109154534,0.7213606222500174
2343,0.0677858516573906,0.8806500314639485,0.837003089765909,0.8884725780746224
2344,0.10689710825681686,0.8263753194472576,0.8293657539699186,0.8022910716110894
2345,0.08509616553783417,0.8991407452435828,0.8604950940579501,0.8804852877288087
2346,0.08626951277256012,0.7458219485315003,0.49883025769318284,0.8331076948531791
2347,0.08818963915109634,0.4918690901192556,0.09819557802598335,0.7368416117287979
2348,0.1166451945900917,0.7758547227811556,0.7739282038680323,0.7403203466847392
2349,0.19652262330055237,0.5649367659140819,0.14564165124348638,0.5930636071108106
235,0.036704763770103455,0.4759201449154906,0.014185596267218522,0.530380225834952
2350,0.09446403384208679,0.7391930312859949,0.6800429243827943,0.7066206570421182
2351,0.06952682137489319,0.8749148368831476,0.755330162104679,0.8905567701434751
2352,0.12732310593128204,0.5974034289881962,0.30202928973519166,0.7853508965676043
2353,0.04364306852221489,0.8607043210573502,0.7307445541860871,0.9094977847404702
2354,0.08822087198495865,0.6680951378638869,0.34261179656737456,0.7966008413809591
2355,0.04361464083194733,0.6219973183286702,0.2453522623856506,0.7995462909953402
2357,0.09668347239494324,0.7336161798509734,0.5888620842481191,0.6767519575989869
2358,0.1544625610113144,0.44693971116083425,0.21173485698495612,0.3211101344805476
2359,0.20945918560028076,0.42250636844588074,0.2507210314761157,0.32508821422744305
236,0.032545942813158035,0.7829827218965131,0.47894018408626415,0.8103314263065812
2361,0.11385495960712433,0.5207466069804695,0.1677243347393124,0.837606890773339
2362,0.0479135736823082,0.7455688490576198,0.37656962935667776,0.7607570793728294
2363,0.07892945408821106,0.6376558782719719,0.3559288172133732,0.8427409561783303
2364,0.11260459572076797,0.6585903015012059,0.26966028746514753,0.6599979034758436
2365,0.04702930152416229,0.7508335321350852,0.43714515376257407,0.7300811049187057
2366,0.07254233956336975,0.744116321724149,0.46269039108355237,0.8280009103842026
2367,0.06246133893728256,0.8400426684651064,0.6886708920155828,0.894975906446198
2368,0.11701200902462006,0.6337224395765507,0.503105800511951,0.800813797560331
2372,0.03555954992771149,0.9030154053800755,0.7107888803098313,0.9233022701773214
2373,0.1287636160850525,0.7912674365599519,0.8455382158597807,0.7932167857218915
2374,0.08890639245510101,0.7381382720507692,0.47059237892624345,0.8408719805773297
2375,0.35177305340766907,0.5454362920163083,0.6409176342942654,0.46435544999912337
2376,0.13008283078670502,0.6753667955301321,0.3429351115696557,0.7699567969551677
2377,0.04481730982661247,0.8708339636195477,0.6211641517106345,0.9000831917747107
2378,0.1077461689710617,0.5249476267713878,0.18834598042718692,0.7688609870962788
2379,0.16203121840953827,0.6880570873568255,0.47669973108256225,0.6777959092870325
238,0.47804945707321167,0.440198378889898,0.6330089660088624,0.3486816658289849
2380,0.051125623285770416,0.8103887404918316,0.5681929053191208,0.8639258809701547
2381,0.051118992269039154,0.9187713876059909,0.879929008901742,0.9101009327978659
2382,0.12559977173805237,0.6399637907542656,0.6374199059822571,0.6446444660715923
2383,0.07525444030761719,0.692486855307008,0.30713196732664527,0.7581042447318472
2384,0.06819021701812744,0.5731755880605447,0.16885327927668642,0.7055813096104598
2385,0.06983298808336258,0.7965281004674521,0.6716105147609216,0.9124245532691195
2386,0.060176435858011246,0.7948769601267273,0.5258335511275851,0.8764332625243022
2387,0.07914485782384872,0.5355438360374701,0.029933324735502694,0.375160024604766
2388,0.08436745405197144,0.7976386107019753,0.6507557186111478,0.8031505961067695
2391,0.085065558552742,0.8502585929094433,0.8178621330796607,0.8588202647191352
2393,0.09481286257505417,0.664380371655687,0.466678615173413,0.7011386006898477
2394,0.036478184163570404,0.9231205617017418,0.8555955708205035,0.9423902764164647
2395,0.12192381173372269,0.8003937603187062,0.7791171081419299,0.7850805926982172
2396,0.06345110386610031,0.674508946010385,0.24877869934724434,0.7212653807157716
2397,0.16585616767406464,0.5295612805072756,0.21236923380290354,0.7698636891176174
2398,0.08283334225416183,0.6796123870478046,0.2661541190160509,0.6712184234610576
2399,0.04150628298521042,0.819634041900995,0.5401180923643136,0.8994285450243173
24,0.0783122330904007,0.6021677559715435,0.22443811246386708,0.7017127121308824
240,0.13772156834602356,0.6831236744004846,0.5468995442114626,0.7286499741519454
2400,0.03697974234819412,0.8294858563038601,0.7540130254287597,0.933037988349495
2401,0.08338987827301025,0.6939364535110952,0.33434261995187536,0.7477164760165804
2402,0.09560228884220123,0.7379536842492952,0.6656072047411539,0.7740066060459063
2403,0.039766810834407806,0.7530041732128758,0.3421757309422189,0.749513231555816
2404,0.11124731600284576,0.5884829973062797,0.5132233696829005,0.5529711644389615
2405,0.2007191926240921,0.4553366161481476,0.30434371824704626,0.35680476489734203
2406,0.03172941133379936,0.6716536026327705,0.23371754185079233,0.695945742832193
2408,0.08056743443012238,0.7731013681022416,0.5312631950729579,0.8208577913840238
2409,0.059368349611759186,0.9006545483227042,0.8740646911946698,0.8910652301814886
241,0.030527213588356972,0.47289462266607696,0.002498477852192654,0.721823820131344
2410,0.11662285029888153,0.798123880265941,0.6753150401538709,0.8233455476331246
2411,0.29788631200790405,0.635991505354544,0.6389392144680935,0.5379223523030137
2412,0.08174455165863037,0.8507939815801584,0.655197785848716,0.8077849236894897
2413,0.0776817575097084,0.7010901396031475,0.29108242438392107,0.7078121161061498
2414,0.13620437681674957,0.7533074984875023,0.7325220047881918,0.8240880224712807
2415,0.10707960277795792,0.7305575594259901,0.7420838664701669,0.7510824783430372
2417,0.16159498691558838,0.6505376562619678,0.44459682605668405,0.6896947681332547
2419,0.20166438817977905,0.564178826233304,0.25393286228986894,0.7098224082676765
242,0.18553835153579712,0.6539549207617811,0.6556037454449557,0.6330344108168178
2420,0.06857243180274963,0.8594336763322534,0.7958415839168406,0.9036069630348587
2422,0.047135595232248306,0.7620060708087097,0.4270839828732444,0.8415325440378421
2423,0.25874587893486023,0.41951666328846277,0.24699983567275827,0.3149360830485738
2424,0.10195557028055191,0.7445669929960796,0.6208920653651717,0.6787988596051524
2425,0.41213950514793396,0.4170531924149545,0.5640493827501192,0.3867433967519356
2426,0.17017439007759094,0.7481479607786676,0.7079748431440246,0.6977354590987166
2428,0.1469687819480896,0.7191856292773349,0.5022784593810055,0.6989426800829446
243,0.2913272976875305,0.49654048754136526,0.5804252160778999,0.45329356964375295
2431,0.05838249251246452,0.8065839395604588,0.5641061882369902,0.7144769607107792
2433,0.10693151503801346,0.522128753475084,0.17688565254120017,0.45884925198168014
2434,0.08372761309146881,0.6738385016750328,0.35390395534169283,0.6106879333434881
2435,0.3532503843307495,0.3576429436658206,0.2670456851907998,0.31175840988054393
2436,0.06403286010026932,0.6295244721063067,0.20446345746968606,0.7639771963885655
2437,0.2228039652109146,0.39195732795475113,0.04385075400659262,0.25729994734894235
244,0.14351773262023926,0.5432743792030563,0.29893108381848177,0.628891213386507
2441,0.05485609546303749,0.9215715380721592,0.8220297102130165,0.9097802227074329
2442,0.14839677512645721,0.5480166931315531,0.4727007195493926,0.4677783827860172
2445,0.08520679175853729,0.8161190719404403,0.7799134968848775,0.8417134929625361
2446,0.21378929913043976,0.5254947837361985,0.5687027451625408,0.48540077333422926
2449,0.5156809091567993,0.24402571120510896,0.035149495814644875,0.25191137964916877
245,0.1177818551659584,0.6497205751777815,0.39947449496642523,0.7798792637887468
2450,0.34030815958976746,0.3468796794111443,0.1722602388314963,0.2869005477593768
2451,0.10955652594566345,0.6563638798796461,0.47691777113616035,0.6072900600654954
2452,0.07741663604974747,0.7768853071204834,0.4273316955713598,0.8027129832894564
2453,0.3941870927810669,0.33581384669062875,0.21412380108403675,0.2892248384049092
2454,0.12289178371429443,0.7568214142395551,0.6217636932735534,0.7845301102176976
2456,0.12166734784841537,0.6985734920101442,0.5703020509398211,0.7019701788333309
2457,0.12181773036718369,0.6706033391163466,0.5857853492231635,0.5578021691172097
2458,0.0916014090180397,0.8488812931098014,0.6540223855477048,0.8624315778227454
2459,0.2030477374792099,0.4007777240557049,0.03583761881462633,0.2559517873706445
2460,0.22516953945159912,0.6349734952194919,0.7408595789320136,0.6109107773334768
2462,0.2813035845756531,0.3624041107792457,0.05062167742332177,0.2568283020572797
2464,0.045563288033008575,0.661693043520051,0.20785837753188033,0.6008836159474618
2465,0.14377139508724213,0.8172607355311878,0.8524651661450593,0.766279344864686
2467,0.1932341605424881,0.6037815096125242,0.6448349410707201,0.5624181637949006
2468,0.13779598474502563,0.6437954518981237,0.49069353654512293,0.6762927752448251
2469,0.043695662170648575,0.8396925452705264,0.6809692899609844,0.8668960621374018
2470,0.05516625940799713,0.728249815593499,0.3190142371130573,0.6560504617898798
2471,0.5312668085098267,0.3326326125107368,0.43106943482059346,0.2986480280035192
2473,0.1331247240304947,0.7858423168513946,0.8326145689865687,0.7858403773342781
2474,0.26507624983787537,0.36942546702296825,0.025220547896145695,0.25322005082526194
2475,0.08394352346658707,0.8208545030306651,0.6966593442600273,0.8064656520510936
2476,0.1361169070005417,0.8071316582746304,0.7504261036103216,0.7691127204617305
2477,0.07340186089277267,0.8723377159156156,0.6401221432879585,0.8616292861515831
2478,0.12771421670913696,0.4431516741930615,0.09056306573085857,0.2700072362861845
2479,0.1350153386592865,0.7452973903303006,0.6547975861131546,0.6814137464101155
2480,0.15384027361869812,0.521141747945232,0.3710716932233523,0.42577459023906783
2482,0.19443655014038086,0.414893141084556,0.16039867685889728,0.28780983043411434
2483,0.06235644221305847,0.8767090531853653,0.7909680032535169,0.8770287578301887
2484,0.04314741864800453,0.8930669144421424,0.6261140538305507,0.8779692205175089
2486,0.10629662871360779,0.764861488119061,0.7899269932460643,0.8016252031263033
2487,0.09560398012399673,0.8023847691819472,0.7057360237955942,0.7505184485183181
2488,0.17963987588882446,0.7133654798294827,0.6608834935289517,0.6461239191528351
2489,0.23094752430915833,0.577873094884511,0.49278169351321033,0.5517963610984364
249,0.09252478182315826,0.6528079892519634,0.2253956980648565,0.7125017627659904
2490,0.08330724388360977,0.7744396266867326,0.7015608558869414,0.6696140074471235
2491,0.10564786940813065,0.7421322437280944,0.5401619425420868,0.7338679775233835
2492,0.1829143762588501,0.41003073037876564,0.017872753280871637,0.25234826495949925
2495,0.1857166886329651,0.6867941799192541,0.6146490887517391,0.7093299911736808
2496,0.10763146728277206,0.6814323131354809,0.5307568525056819,0.5204954325873326
2497,0.06236628443002701,0.9088946240058786,0.8305260562093156,0.8884429416410508
2498,0.023997820913791656,0.6080506009804914,0.3941439432207557,0.6350703555508825
25,0.6493287086486816,0.2642613192449896,0.3951493979502694,0.22302876747510353
2500,0.08547330647706985,0.795245772210355,0.760766887546757,0.7322016247751941
2502,0.10957363247871399,0.8102930564268318,0.6669993789831504,0.8287846279197474
2503,0.15083499252796173,0.431348663892248,0.0980084484157942,0.2720577194835666
2504,0.11300840973854065,0.6832704054000776,0.5271782282419861,0.6329744337664401
2506,0.1028299629688263,0.765189555114939,0.5179859500396284,0.7494863981312633
251,0.08863799273967743,0.8051345282815032,0.73230840066783,0.7620508438448158
2515,0.12224047631025314,0.8399573512566967,0.7555301116788801,0.835875110051579
2522,0.1111014112830162,0.5958211749448861,0.1819854718289017,0.7019009163228273
2528,0.10132913291454315,0.7794419492854114,0.408557709991068,0.7689876327809795
253,0.05418194457888603,0.8387046898252962,0.6160427962908485,0.8654210503402502
2530,0.044397640973329544,0.9214102612829036,0.7280749558516993,0.804900540534384
2531,0.11605402827262878,0.6841404032326897,0.4649061357718278,0.7663272648919588
2532,0.28561413288116455,0.4241596779102183,0.1245543521413261,0.6114816387974883
2533,0.07153351604938507,0.8140995613943321,0.5363997894221263,0.8511590330243487
2534,0.19619642198085785,0.5460472970459718,0.44828060468007486,0.45552651221672247
2535,0.1620510071516037,0.7417875104169807,0.6683341861215689,0.7713843358075251
2536,0.13261844217777252,0.4750663062182453,0.10475927864070225,0.6386174783130583
2539,0.12859362363815308,0.7876576818617327,0.6496490845987402,0.7501230748330087
254,0.28872552514076233,0.3627036295989517,0.09901817828728797,0.26897224738562475
2540,0.11875303089618683,0.8123519535880395,0.805149912578195,0.8160520158047257
2541,0.08020483702421188,0.8925942059108821,0.8287453205631583,0.8777413611116492
2542,0.2244672030210495,0.6639201462277029,0.799260437296063,0.6653915997172928
2543,0.1590147316455841,0.43459076344524117,0.16169856311767733,0.2992729385611525
2544,0.10239598155021667,0.4655271550670193,0.07512978566477442,0.3854346977957751
2545,0.07500695437192917,0.7760877977613196,0.5875986227981734,0.8780562190602517
2547,0.06366969645023346,0.8207143680283093,0.5428429289590663,0.8879259564642388
2548,0.26427507400512695,0.5938310838419086,0.7210849665151774,0.5840871133755124
2549,0.09559837728738785,0.4936920484036659,0.05157058916937411,0.6945951439726596
255,0.06212489306926727,0.7987121043140517,0.5222546191170088,0.8487542035162773
2550,0.1258568912744522,0.765249389447753,0.5652127380565015,0.7893542529263831
2551,0.1804576814174652,0.7332781086044398,0.7554903877087298,0.7090902709551903
2552,0.09107639640569687,0.5130630447200032,0.17132195239950895,0.4187249082913858
2553,0.07435183227062225,0.6438160425717262,0.23752341987703793,0.6077220994151742
2554,0.08500474691390991,0.7482674062830632,0.47058683314574684,0.8418051755552804
2555,0.23254306614398956,0.4362769745299212,0.3705596028054104,0.36525410773245615
2557,0.09949253499507904,0.6045813932182103,0.3371497099867317,0.6412296165416776
2558,0.08680186420679092,0.8535087094591376,0.6693286949703395,0.8572570020406745
2559,0.0809180811047554,0.7170431024058914,0.37648495447490504,0.7859755368865224
256,0.1407669633626938,0.6209724022577274,0.5022548568239036,0.7569455309819064
2560,0.29453718662261963,0.5218891118071288,0.6203036113929397,0.4817143464906485
2561,0.12361515313386917,0.5965550247928338,0.3264138614442306,0.7918843238929785
2562,0.10719147324562073,0.5331822042233949,0.17625702381706745,0.49858331046199034
2564,0.16119082272052765,0.6941070859313307,0.6690348804489775,0.7422926846057761
2565,0.08905549347400665,0.6648503512993867,0.2190963426976683,0.6982006675310864
2567,0.10726544260978699,0.6847100506495186,0.3668409068687001,0.6235880382828924
2568,0.06218583509325981,0.7197945967128487,0.35831066963017416,0.8309417502383125
2569,0.1879049837589264,0.7421363156562815,0.6247252017391866,0.7162625202016744
257,0.15370415151119232,0.7906254640276948,0.8159109451020293,0.7462147342877326
2570,0.0545322485268116,0.8226539649444706,0.5100784279071575,0.865918484633757
2571,0.1254768967628479,0.8082318136745842,0.7416523056239659,0.7251925594401061
2572,0.1533983200788498,0.5704795952503514,0.37387579705020646,0.7468000859844756
2573,0.17237401008605957,0.6868069502294244,0.6768643398960251,0.6585081246311872
2574,0.17674697935581207,0.6694398409065201,0.5390473156322255,0.6812583958141643
2575,0.0619356594979763,0.9081637069652376,0.6914374667930283,0.8791939594884597
2577,0.06674647331237793,0.7722515457375421,0.5391167170384664,0.806772658177589
2579,0.0724058672785759,0.6806977757761068,0.4086543626830558,0.6532009255254497
2581,0.24531075358390808,0.5818475235366716,0.6551915726452395,0.5923505662546114
2582,0.06725430488586426,0.7488393020966193,0.44377002217720324,0.8277959301082869
2585,0.09581308811903,0.6052295487829782,0.25319657631381853,0.6229953584028837
2586,0.11897464841604233,0.754191393010928,0.7082256283411962,0.7540995736488127
2587,0.07553517073392868,0.7012131253986937,0.42507900455223957,0.5975553104980182
2588,0.04614800214767456,0.8813121080619488,0.5553174557599144,0.8251501396302435
2589,0.19752366840839386,0.4786249452584003,0.31024651760110356,0.43876716896605794
2590,0.15100543200969696,0.7309373940897956,0.5451881302690831,0.7958356344327441
2591,0.10040950775146484,0.7166622105379477,0.6102557332835993,0.6674443881322112
2592,0.0924939215183258,0.5620469698503251,0.14387593514807098,0.6060303733242944
2593,0.05631723999977112,0.8596430298755499,0.6894531112882921,0.9023564009167104
2594,0.15961876511573792,0.5130145613574966,0.15986219324771275,0.6129940782714303
2595,0.3221762478351593,0.46379884112167147,0.49763535257087127,0.43022392243526675
2596,0.07333442568778992,0.8970351501686726,0.7081807723773377,0.8558292991813244
2597,0.6749634146690369,0.2042520571932493,0.2976796871937993,0.22050169264330513
2598,0.23555250465869904,0.39724625312768286,0.18190392018753762,0.2936251182077422
26,0.40709638595581055,0.440683991330059,0.44985045501318044,0.38825079943098695
260,0.1269715577363968,0.41888419273723493,0.004235936140622808,0.6015090503197048
2601,0.054896578192710876,0.7195131388485598,0.5424747629050696,0.6280010970957707
2602,0.31068551540374756,0.3495916718285194,0.07293177250147437,0.2622829805309471
2605,0.053355976939201355,0.844156597391829,0.552074789876083,0.8818046322226288
2608,0.13021628558635712,0.8481070673729083,0.691152550634711,0.7826483760662162
2609,0.11237239092588425,0.7709284810201367,0.5105417918001842,0.8231770279980257
261,0.23067574203014374,0.47984122104418797,0.3972850787219424,0.4185677555914364
2610,0.15695220232009888,0.7643990298553491,0.8080008605394874,0.7553050583290151
2611,0.08346662670373917,0.5290136860356244,0.0393466865390435,0.5094014254855057
2612,0.1766316145658493,0.6086977401061001,0.5985560344509239,0.5679434936861217
2614,0.08756715059280396,0.7923723211111567,0.48196206309936135,0.8228391478001656
2615,0.06391341984272003,0.7083394158996799,0.3407435957295137,0.8072125514173887
2616,0.14900878071784973,0.5839689698707026,0.5438681950692077,0.5259144365659812
2617,0.25253939628601074,0.6116896344410947,0.604032066064495,0.6394447068130327
2619,0.06694720685482025,0.5731968990629046,0.13956917952720055,0.5385165357656839
2621,0.057900551706552505,0.616898412505936,0.22152830425435244,0.45370266556817884
2622,0.1102345734834671,0.6288814210438238,0.27027059628662387,0.7036981073212668
2623,0.21239179372787476,0.7404106425682141,0.767222569498839,0.6872292241688438
2624,0.20159398019313812,0.6318815182496103,0.5105781121740626,0.6825577003696408
2625,0.09218453615903854,0.8202424554867827,0.6799616784146525,0.812822841961885
2626,0.16466166079044342,0.42161605916384354,0.05469378754353442,0.2593516410986524
2628,0.07292825728654861,0.8624526631555616,0.7026009637186901,0.8847478692511435
263,0.16562144458293915,0.4250405991608612,0.09734946980326503,0.5420739478043789
2630,0.12091269344091415,0.715341443536387,0.37017047105180856,0.7063064605832707
2631,0.11568472534418106,0.8147662171740211,0.7208528849459336,0.7984637400681182
2633,0.10877528786659241,0.619922915391981,0.2857607786618654,0.7882309665079628
2634,0.09490550309419632,0.44793653794359756,0.046639803701115534,0.3541561565218689
2636,0.10104303807020187,0.5933939356621,0.21484822646424195,0.7250224677418513
2637,0.2223050445318222,0.5564588056569953,0.3692517494992074,0.5777516535644938
2638,0.18400682508945465,0.7677190517132807,0.8426263120628151,0.7444317554428936
2639,0.17240528762340546,0.6966963067116347,0.7466163980918993,0.7041082667262605
264,0.01701507903635502,0.6997857432191481,0.17943066541257574,0.7404894489494631
2640,0.12978900969028473,0.4753955330235399,0.09908769980665069,0.7314806760602816
2641,0.17539866268634796,0.7572550999531387,0.8279607708543306,0.7334953510919519
2643,0.47416624426841736,0.3409245980464418,0.47040662873453126,0.32163641472061955
2645,0.07356275618076324,0.4930799615719465,0.08725718963783899,0.3664170183086873
2646,0.19839103519916534,0.43228272928241146,0.2795838250618276,0.33063974579999267
2647,0.25695329904556274,0.4669498531022966,0.47076060984467016,0.41854310731551747
2648,0.06220221146941185,0.7150282774336992,0.3092437528390443,0.7545745056052167
2649,0.19397592544555664,0.6732812481178537,0.5363026772597901,0.6337366007419784
2650,0.14666949212551117,0.4781735478074149,0.13266202733195723,0.3589280568965732
2651,0.05461537092924118,0.6870925842586391,0.37407271345996845,0.8229866223484552
2652,0.17814397811889648,0.5644248099797619,0.5343215426726656,0.5348745014982651
2653,0.11791130900382996,0.6525286020786492,0.43157186333386455,0.609690881533127
2655,0.1508643627166748,0.46129618952700957,0.1557247470427914,0.36342914385101166
2656,0.11953209340572357,0.7112758669182062,0.6178368341975977,0.6153890560499824
2657,0.13242550194263458,0.48842980814765047,0.23291994628225554,0.6455150413433409
2658,0.1403569132089615,0.6912237156004406,0.6258217912824463,0.6926153046109818
2659,0.25393643975257874,0.4848837305864453,0.4259770294773031,0.40467471323515697
2660,0.25712504982948303,0.568325669901856,0.5749334192037605,0.4936404830846839
2661,0.08192543685436249,0.7881686454686381,0.44514948606587484,0.7804010242463486
2662,0.35323044657707214,0.32676122016694414,0.050737109899164766,0.25790979854291096
2663,0.1304013878107071,0.6961918173849357,0.3327433177050056,0.709669209154302
2664,0.14778664708137512,0.6039394557254745,0.38298749813054206,0.7163840736754583
2665,0.19085106253623962,0.7287426915102571,0.7354593752236355,0.645213182772429
2666,0.19491630792617798,0.5767892348528914,0.5559102473469517,0.5398741789439524
2667,0.1589178591966629,0.6188982091530061,0.6121714127257228,0.5579220113939237
2668,0.05493076518177986,0.6492052170896138,0.2706483790441196,0.8310330690182992
2669,0.14602938294410706,0.6773692779241631,0.43961679176435564,0.740762119790217
2670,0.22501736879348755,0.5475789677504017,0.5995250482552643,0.5029482664646521
2673,0.14111751317977905,0.516677281879379,0.18883542288972358,0.5103225884709309
2674,0.08374017477035522,0.7633775810912204,0.3438538678732237,0.7283012473221285
2675,0.05943191051483154,0.7682859518389992,0.5444545797129022,0.8741103449472498
2676,0.14619123935699463,0.49326114375813734,0.23173916958306395,0.376779199749982
2678,0.6432259678840637,0.3192825899264607,0.6269001414833837,0.18804327892955403
2679,0.24016137421131134,0.6211947144846508,0.6676107037684799,0.5515526567394011
2680,0.06967562437057495,0.8927732842039047,0.628096731160049,0.851578027328181
2681,0.16898541152477264,0.6826454853230952,0.7264871966679657,0.6539234385888155
2682,0.10256819427013397,0.7652438915348543,0.7014667911140914,0.7287385733998217
2683,0.15621159970760345,0.7485232573636718,0.7529702539729284,0.7742145314007168
2684,0.2396852821111679,0.4772499308323409,0.3573603770961325,0.3947975986271235
2685,0.31733638048171997,0.4458940519908777,0.47344838068789524,0.39792125793638833
2686,0.13363274931907654,0.8149272276831674,0.8548662044856558,0.7934235982747981
2687,0.2108699083328247,0.4695923247040834,0.4306598595403371,0.41277220524498826
2688,0.1343907117843628,0.5086363449616421,0.19029122277544186,0.6905809297141077
2689,0.1821599155664444,0.7116398547570941,0.8125312724912521,0.725050755320719
2690,0.10980740934610367,0.7652913198146696,0.5328806083293193,0.792071956815817
2691,0.061433713883161545,0.48491854478809027,0.07165621184581149,0.2816579499939529
2692,0.0745716318488121,0.8875768867903642,0.7749599567891468,0.8955910482636601
2693,0.10029637068510056,0.5902260703229707,0.2258492328599565,0.6854774455195832
2694,0.11758284270763397,0.6430728324725238,0.4504036120467907,0.5290495509894816
2695,0.13346858322620392,0.8101501620278443,0.4919849583859395,0.7325911997788049
2696,0.17598479986190796,0.5508087605691587,0.3222449062253104,0.49596325894499704
2697,0.17926788330078125,0.7383589788202191,0.6450169550294265,0.6633230419675209
2698,0.03854157403111458,0.5657167832923411,0.16543458368274078,0.3751506681517366
2699,0.35868313908576965,0.4889745205570639,0.5999511255112948,0.4325051625573651
2700,0.10252106189727783,0.6021942321376956,0.2269113026397701,0.728619244452021
2701,0.24680297076702118,0.45882640174140754,0.373071263759041,0.3874966318211459
2702,0.05253848433494568,0.7668710498814975,0.4957120836121615,0.8455413282298969
2703,0.0799158364534378,0.8534636884296015,0.6796149802424173,0.8570395496028389
2705,0.08559594303369522,0.8006387175714968,0.6905488618727509,0.8237910091469126
2707,0.1069931834936142,0.7785451413293726,0.6686904589409147,0.8010242594103898
2708,0.15803103148937225,0.7410379544519645,0.765302502600215,0.6923810929171623
2709,0.08490654826164246,0.8091212515697861,0.6262443109025692,0.8605916761785863
2710,0.08236387372016907,0.7402428185841421,0.6039947977278467,0.8163944923398345
2712,0.09642217308282852,0.6956544245484695,0.45044594658165515,0.7907494862099385
2713,0.12820594012737274,0.8361529990747631,0.8345160132753954,0.7643573087753658
2715,0.07629077881574631,0.5996603803448648,0.27724304607248795,0.6851708699924182
2716,0.05561267212033272,0.8214421171100935,0.6701801359060717,0.905550557667008
2719,0.053057119250297546,0.6938743080917038,0.3284209838537611,0.7243208304629807
2720,0.297670841217041,0.4645605819966419,0.5137540880555217,0.42793153118364147
2721,0.2750428020954132,0.5944270080607135,0.64849732994418,0.5380470885961396
2722,0.05549629405140877,0.7894658755834042,0.3833010114480297,0.7789545949610993
2724,0.07615642994642258,0.8641978556792187,0.7172794699320517,0.8647997962460839
2725,0.0529123954474926,0.7327384740829188,0.4075953418229143,0.8580918013956821
2727,0.06683570146560669,0.7571630593149041,0.34274376643589244,0.7386321378459727
2728,0.10941099375486374,0.778623507086238,0.5437138107323881,0.7932887065104991
273,0.23565123975276947,0.5287999906010669,0.5547482841518148,0.46438161398955724
2730,0.0461975522339344,0.7550203180717607,0.4052704275009775,0.8773202650280965
2731,0.12892718613147736,0.5120163744498573,0.3037689417081762,0.45739980985694645
2732,0.061559196561574936,0.7280264822764067,0.5541254624402547,0.7805953110155563
2733,0.12052696943283081,0.5881481138917058,0.5285556312321995,0.5657543362851479
2734,0.05327771604061127,0.7367008261132326,0.4650452530046269,0.8806956198728062
2735,0.021586451679468155,0.7225615867764356,0.2833695397593369,0.6900698008056576
2736,0.3132510185241699,0.43081985768684267,0.46532274117727773,0.42264838306241237
2737,0.04663773253560066,0.7820536963837925,0.47973874175174414,0.8915112362963347
2738,0.052036259323358536,0.5542163413743888,0.1450889591195666,0.7231450849766883
2740,0.10863655805587769,0.5827779486289201,0.4566386835154527,0.5360605482205707
2741,0.19159016013145447,0.45979624345671216,0.13361098122693166,0.601473190233654
2742,0.14071133732795715,0.45504999383016187,0.24831308900478777,0.3214932942147913
2744,0.06200140714645386,0.5460586236839701,0.13016919796677093,0.7134582788009071
2745,0.037849534302949905,0.9152975854410288,0.6878697456137146,0.8238750445518038
2746,0.10712909698486328,0.4253768243555551,0.008711731411462996,0.8299313308568412
2748,0.14432570338249207,0.5732556501389768,0.5146385656119657,0.5312679378815437
2749,0.07773454487323761,0.5731213698636417,0.21940559900164802,0.5046802758552714
2750,0.055883463472127914,0.5507432615355393,0.14201725895230444,0.7098459100892991
2752,0.05557924509048462,0.8821727260762218,0.6854306692401867,0.8842017869711449
2754,0.06015825271606445,0.5629192053958528,0.2082783249793802,0.5272522788983467
2755,0.09692177176475525,0.6507513472923654,0.3466682478217277,0.815021261018954
2757,0.13875716924667358,0.6657174131580889,0.6576821349305103,0.6702784568611133
2758,0.06685873121023178,0.5896023517999837,0.19723456523611474,0.7911396499125994
2761,0.05624883249402046,0.7378295617491539,0.4440194145099429,0.8661168732793321
2763,0.03713854029774666,0.7747714906454496,0.4707460200513799,0.882214527034915
2764,0.02414221130311489,0.8794944987255388,0.5964683453791619,0.9040390648532587
2765,0.11598037928342819,0.7578837213330001,0.7950506460540836,0.7699000437102671
2766,0.08130376040935516,0.8116820039325627,0.7427561071170904,0.854337883483206
2767,0.03979646414518356,0.8354967257263031,0.5449527460452428,0.8151740438345155
2770,0.060151491314172745,0.6596914569744323,0.39230144787337795,0.857615528058341
2771,0.1139807477593422,0.6519862854197112,0.5745535138592587,0.6329287263830357
2772,0.10070259124040604,0.691734418795256,0.3371366170381435,0.7761858130884405
2774,0.08629114180803299,0.5247582101445818,0.21017205476538203,0.5201136145981754
2777,0.17317907512187958,0.5280799171730259,0.40769507642076935,0.4149042395025364
2778,0.11714468151330948,0.7434463186412812,0.6678271738558127,0.7471809867484154
278,0.024700047448277473,0.7150161916253823,0.2953902069344028,0.7198260224966382
2780,0.055589672178030014,0.8060251446055239,0.46275954921533,0.8376172323493816
2782,0.054678499698638916,0.6892091397066351,0.17755184351077988,0.5733569944064802
2784,0.08062512427568436,0.7405725518157786,0.7049575690578833,0.7305885579608997
2786,0.45407846570014954,0.39252240798439564,0.58426003147383,0.3548451481492081
2788,0.3173820972442627,0.40635593459838276,0.3402749342081336,0.3766584752389197
2789,0.062417782843112946,0.6364604315593884,0.27473260473023575,0.7737033838848157
279,0.30914050340652466,0.359310080308616,0.14243511955336274,0.2814100785945123
2790,0.0781901404261589,0.8723927298672896,0.8245131626287796,0.8522275915348417
2795,0.11148634552955627,0.7583465509695739,0.6788518929257022,0.7164739586051687
2796,0.09699340909719467,0.843895235808382,0.7151452401491638,0.8110730686671429
2797,0.03796360641717911,0.7816060875535095,0.6276695964290072,0.6968987157497629
2798,0.10149237513542175,0.724342969299822,0.6635239791173526,0.7002664633061692
2803,0.04850055277347565,0.791280852356467,0.4978838362193711,0.8081934759802515
2804,0.12196435779333115,0.558298918846468,0.22853862521009854,0.7429456575367253
2805,0.07939678430557251,0.6381253725850201,0.2048442267919677,0.5972064588069785
2806,0.04830038174986839,0.8505138906075103,0.8258018862232893,0.8713972022268552
2807,0.07130399346351624,0.6814143484829778,0.45371842787413963,0.5995019258502594
2808,0.22320403158664703,0.45283120766682294,0.3732795128916202,0.3734935913198801
281,0.17445144057273865,0.5981819964713486,0.5981121310745732,0.5842163043383661
2810,0.036388080567121506,0.6613283386715108,0.30777321490193255,0.5039595093603086
2811,0.12459968775510788,0.6897573337374477,0.6096735271390684,0.7628876944492398
2812,0.036002568900585175,0.6051544580181116,0.21870335858362108,0.8284385439699686
2816,0.1987534612417221,0.4167476790794803,0.2013358909150936,0.29988206481990987
2817,0.18567566573619843,0.7216992016003092,0.7618635618574376,0.6719435373347018
2820,0.1091102585196495,0.7470721550990391,0.5621761392299678,0.7563805481200936
2821,0.15699923038482666,0.7644847605025258,0.7737797837310102,0.7188371363903833
2822,0.06480814516544342,0.6909108527939831,0.4147355729419658,0.7168592062800546
2823,0.04784022271633148,0.5472368252961679,0.042130113116098544,0.422569079037337
2825,0.03633851930499077,0.8125526598042161,0.3922298974520487,0.8478094423818537
2826,0.0681837797164917,0.7902020216482111,0.5306031019888682,0.8452526205623118
2828,0.047687578946352005,0.6684305494469371,0.35069908987868714,0.782716354227715
283,0.12623007595539093,0.44209433392337116,0.0884121201646008,0.27086394790451773
2830,0.0588221438229084,0.8149168114744126,0.6370962986327476,0.8533905498516132
2831,0.03330273926258087,0.55696116976213,0.1589500814317112,0.773730284720506
2834,0.0954330563545227,0.5905049260312418,0.14808154693833808,0.7083848853221306
2835,0.10332364588975906,0.7758043666444789,0.611615399490542,0.862687884836582
2840,0.016604164615273476,0.6314569210843215,0.21206554011975676,0.4097827367702732
2841,0.15595735609531403,0.7046281267268991,0.7564394051448162,0.6923008191239595
2843,0.047064200043678284,0.6956980911150146,0.3868030852547083,0.8415221941493012
2844,0.20278416574001312,0.651959065701438,0.6558196563356393,0.60334188445761
2847,0.09588101506233215,0.6451887559346612,0.3161788714422491,0.7687235573939458
2849,0.03818364441394806,0.6294390952758488,0.37600213609527156,0.6720610795278901
285,0.25073686242103577,0.37607645256397376,0.01890193580414865,0.25286880001163936
2850,0.05458825081586838,0.764606479729212,0.745037331279016,0.7730497728689119
2851,0.06718947738409042,0.7260891630194101,0.5529570432361735,0.7378447704032506
2853,0.06583826243877411,0.8629605830366809,0.6891524080617087,0.9018279535153768
2854,0.13672155141830444,0.7414709451113494,0.7134078417583128,0.6932684503131681
2856,0.10724075883626938,0.5824437777464755,0.406673100310436,0.4640598565697255
2857,0.13800108432769775,0.4972679148189684,0.3682855627586019,0.38180933783534066
2858,0.11223490536212921,0.6995826017829496,0.635570112878142,0.7155132559538846
2859,0.05253196135163307,0.7048227852327733,0.3360658888528658,0.7742482002901705
2860,0.21229462325572968,0.4175807111885825,0.23212760318244277,0.31764028475494255
2861,0.1866530179977417,0.585081383111639,0.6059807940222223,0.5078460081566303
2862,0.10360955446958542,0.6911929617058362,0.45565078031501816,0.7528679047155475
2864,0.04267808049917221,0.8279344733802709,0.521521543688556,0.8279067303583023
2865,0.07246198505163193,0.7794432437231712,0.5985072728115783,0.8355507378126346
2866,0.08120181411504745,0.7003468950006078,0.4729805708042151,0.6960629684368631
2867,0.10645170509815216,0.6390116976065587,0.4358380215814201,0.6980380174709337
2868,0.07374399900436401,0.8666237263888128,0.845034255322782,0.8738633842827966
2869,0.08758365362882614,0.6982917007345427,0.33810787957223376,0.7191391966390182
2871,0.11021137982606888,0.6194513044747366,0.22383546882109004,0.6320815369202709
2872,0.1108400970697403,0.6156934163513004,0.4512732799457788,0.6133869887407227
2874,0.08999521285295486,0.691217990121942,0.3554351945986405,0.6886573824416085
2876,0.07788313925266266,0.8673198516793875,0.668309578572299,0.8519823340118935
2879,0.1160489097237587,0.6069103456923428,0.38124736890351446,0.7283254360363809
288,0.07136735320091248,0.81357481670412,0.7043792940863531,0.8571531278133174
2886,0.13016562163829803,0.638987726059797,0.3205731834122316,0.7482640553317941
2888,0.07915058732032776,0.4474859125116444,0.02109386496561051,0.838073262279579
2889,0.25945207476615906,0.4360428480601135,0.3577167122987608,0.3681688315045534
289,0.2131684571504593,0.39689003557227837,0.05668118436565466,0.26081645931407826
2892,0.10880661010742188,0.5770268679703636,0.26809211689632056,0.7696511198540095
2893,0.056504134088754654,0.7576513673480214,0.30420026488980184,0.7287005953992189
2899,0.03969796001911163,0.513701288588468,0.0661407167804664,0.38760098390760717
29,0.048699911683797836,0.9153817465806231,0.6976725732225642,0.8708940247580655
290,0.2819162607192993,0.3629590546556709,0.06355704280461393,0.26216105008073287
2900,0.219803586602211,0.6105030310035189,0.5520915618128814,0.561625889621992
2902,0.06933370232582092,0.6233243306086128,0.313870471544424,0.8319590504302639
2903,0.16747187077999115,0.7142345208354223,0.7672078602434952,0.7501683164640937
2906,0.07713968306779861,0.7491094887264775,0.5521098203094432,0.8294347358614499
2908,0.05957995727658272,0.8302089065913651,0.5640087778620139,0.8750402178021065
2909,0.07730238139629364,0.7128225921919169,0.35270663595512725,0.7790484348512576
2910,0.12966695427894592,0.7964238610997922,0.745649089845539,0.787543975295945
2912,0.2592235505580902,0.49998640706901204,0.5474786528874281,0.49303905841569207
2914,0.1546882539987564,0.541378113501156,0.3138292450702712,0.5748092073982236
2918,0.09329695254564285,0.8555104607780495,0.807866826718081,0.8386362474910423
2920,0.0754842609167099,0.4832988515515229,0.17960190364063366,0.5013431056366986
2921,0.16768835484981537,0.6255550117463141,0.4040566248807584,0.7144266973308613
2924,0.1418750286102295,0.782416502565286,0.5475559544901937,0.792527245321968
2926,0.16646406054496765,0.6497398544477975,0.5307721357097903,0.5786840354113448
2930,0.06609043478965759,0.8196123956952615,0.6615075845813508,0.8723750848268159
2932,0.19572748243808746,0.6146022506574224,0.504504881131781,0.6254886122109601
2934,0.3021499812602997,0.5410074065434705,0.6171744089114468,0.48140531025291333
2938,0.038941189646720886,0.8186149182650018,0.44470978910777703,0.8440046841247777
2939,0.7385366559028625,0.1759728877340641,0.29284919608576343,0.2066965721370219
294,0.23907746374607086,0.40594402140171715,0.21141844000499738,0.30618204902335344
2940,0.05408758297562599,0.6856920353789382,0.3273628221855608,0.804131779132444
2941,0.08940911293029785,0.7353676083425855,0.45520423838586094,0.8297417565111576
2943,0.24243786931037903,0.4363561904522656,0.3601158060876996,0.37914439801077626
2945,0.27231088280677795,0.5310025134313199,0.5825531206359169,0.46729894610534306
2947,0.19936701655387878,0.41787171474763085,0.2004455796363788,0.30521350947842596
2948,0.09116174280643463,0.7856250642492919,0.6444981748350821,0.8708494688143176
295,0.21310603618621826,0.39515951410682576,0.02746778834376312,0.25423248738633397
2953,0.13131031394004822,0.43634730363103097,0.07713218384822063,0.4298617009099981
2957,0.09360171109437943,0.6372971176026172,0.4511820993711333,0.6834691741429478
2960,0.05688544735312462,0.85837055618567,0.6813045458532372,0.9161048577838871
2962,0.2348063439130783,0.584430927236935,0.6063665141427618,0.5274662369049375
2964,0.07140310853719711,0.8808620075795142,0.8492741932561534,0.8728960282635367
2966,0.14128603041172028,0.603066934471167,0.5565356807864572,0.6117729515558429
2969,0.06360071897506714,0.7168427339530382,0.4662061594580986,0.8386382048568375
297,0.17944884300231934,0.6953275262955476,0.7400943317125661,0.708664666797581
2970,0.042035456746816635,0.4732619299737605,0.030933721187857036,0.499579195736861
2971,0.16413435339927673,0.5362397490440776,0.360257723265905,0.5186870875653924
2972,0.15383866429328918,0.684567003735258,0.741378685873295,0.7184791895602689
2975,0.15577134490013123,0.6785852456171072,0.6554004423473178,0.5913237861551837
2976,0.16896109282970428,0.5868314387450829,0.46406750451959017,0.4768263255316458
2977,0.10961537808179855,0.502389365424841,0.12326502595605712,0.8010832255572176
2979,0.15268301963806152,0.5928619478645487,0.33206983073319024,0.7405805083627117
2984,0.26422351598739624,0.5478492751769715,0.6292382262835535,0.5206742007393781
2985,0.09892568737268448,0.49610105379811376,0.226987160256434,0.42005951749242165
2987,0.06287163496017456,0.4550438306163026,0.004418659201722964,0.7082633454946555
2989,0.05308368057012558,0.535069442451418,0.13806028830747363,0.7871980414474409
299,0.08007756620645523,0.7892954940299548,0.6661158379950987,0.6945571879574828
2990,0.20751112699508667,0.5002480990025668,0.4806628972470491,0.5224840566849105
2993,0.1200241670012474,0.7863508335917062,0.7743532634549782,0.7885803851014871
2994,0.1330672949552536,0.4581322629048059,0.015785085448014317,0.34619100383040025
2995,0.08642786741256714,0.6993130464663428,0.4162783993450925,0.8312953204793714
3,0.16724839806556702,0.6019855018754068,0.42663994762365315,0.544597344597701
30,0.14570464193820953,0.7766290584186097,0.7611385855343804,0.7321378279182759
300,0.12256377935409546,0.46592092848463995,0.2003367516681546,0.3387653680173952
3001,0.09471780061721802,0.8500507824936956,0.7050201936902158,0.8452093956418093
3003,0.1238652840256691,0.6836509354517717,0.6870607233139433,0.65931647922764
3004,0.12066672742366791,0.7396340937425196,0.7705923840027521,0.7665256203039512
3005,0.04753176122903824,0.5629083613335102,0.11271738505674668,0.48729947659729295
3006,0.18954496085643768,0.4080414558364444,0.06139920241514741,0.2633192651566519
3010,0.19871656596660614,0.4486815962145364,0.08359566084833316,0.49546842985809714
3012,0.9277876615524292,0.04672973227110298,0.18309279811028276,0.05374246023222379
3016,0.08208901435136795,0.6518130747694797,0.24204498982928482,0.6984186559986058
3019,0.09338764101266861,0.7250293419071161,0.55075295535098,0.6837059622849269
3020,0.038542069494724274,0.4641887728243371,0.0033349940197111537,0.7673147881923591
3022,0.10003166645765305,0.85387566641131,0.6899890669333668,0.8433750138551224
3023,0.11163996905088425,0.7008644802770696,0.5267570439313076,0.6262496240435336
3024,0.13524655997753143,0.5023641677498849,0.35229292336245327,0.3803946268590216
3025,0.17614302039146423,0.5342778893260476,0.5019097049560581,0.4511832234320506
3027,0.028570299968123436,0.8691976229139978,0.5268401692566442,0.8792300169907397
3030,0.15405435860157013,0.4642268749661922,0.16324398666109893,0.6190343415532286
3034,0.048633232712745667,0.557041326723519,0.149003494754389,0.5261303115167733
3035,0.05726024508476257,0.6474314362982019,0.23474954006312004,0.8109427858885224
3040,0.14507940411567688,0.6425887550462374,0.7294653422564747,0.6718566251717181
3041,0.0816398411989212,0.8376502610174144,0.8182919540961432,0.8483499577059767
3042,0.03340199589729309,0.6140881536532606,0.14090503053211667,0.6331820372100174
3044,0.02319512888789177,0.5048885403121972,0.08399562688028656,0.2824210623462885
3045,0.0988127812743187,0.5817394216439744,0.20733673834165844,0.7373960194455097
3047,0.46261945366859436,0.41499376129221116,0.5408790593845769,0.3444642929971201
3049,0.0259990394115448,0.8218554326678422,0.4246576678015775,0.7716472187331862
305,0.05748946964740753,0.5395490106871189,0.2136710587643158,0.36443618559465546
3050,0.059292711317539215,0.9163664393643587,0.8458555053670666,0.8859412841237675
3052,0.06401189416646957,0.7349982089577061,0.47802162120192526,0.8774143827442827
3053,0.15093916654586792,0.7090812665283822,0.7071865830066093,0.6534897524752292
3054,0.0859418734908104,0.7309556719261361,0.5907735975569405,0.6475226461937484
3055,0.10875916481018066,0.7618824810313869,0.7156606982217616,0.746864273393269
306,0.07207188010215759,0.7090512957474362,0.43377596620659953,0.7997350835169307
3061,0.05897914245724678,0.6179132455177894,0.22890564083787335,0.8348508864389194
3062,0.16252075135707855,0.7450660303716771,0.7119037147214069,0.7877380781846985
3063,0.040306925773620605,0.5411804453812044,0.11264915339457948,0.337450913386224
3066,0.07239910215139389,0.46678460441729647,0.03478114898002814,0.2553510661762799
3070,0.1218654215335846,0.6674809940797144,0.411304205209036,0.8020996327607202
3072,0.09062262624502182,0.695736943632087,0.4987417289185095,0.5948582031242013
3073,0.09950243681669235,0.593810206978423,0.3384960018407705,0.6939832945960631
3074,0.032902054488658905,0.9200288746584555,0.6343040437796745,0.879675165837918
3079,0.028240427374839783,0.667177247290335,0.19523921187841642,0.6221340693018516
3080,0.06780992448329926,0.6899142055828398,0.23666879365873456,0.6413910643164749
3081,0.12739096581935883,0.775502747529653,0.7148218618893036,0.7846742794067081
3084,0.025053447112441063,0.8109261931708844,0.4309219952478596,0.845563969904646
3085,0.06461980938911438,0.7742468129649742,0.4744084003040121,0.8339604695313114
3086,0.19241277873516083,0.5420404542071396,0.3116826393810689,0.5438980931035445
3089,0.09884709119796753,0.6536618754296932,0.6270314607551781,0.5736140794070936
309,0.41958028078079224,0.3787913072355573,0.48221854072564024,0.35460182840737003
3090,0.5208817720413208,0.37053457002008044,0.486010754597463,0.2922144778964894
3092,0.10990215837955475,0.6242213808809972,0.25761386406582903,0.7955368114585886
3094,0.36415567994117737,0.31884491827714523,0.06330435583084577,0.27179407374811343
3095,0.21007980406284332,0.40802964969165023,0.14568287312034506,0.4008029732785612
3096,0.09969550371170044,0.8315476882959244,0.7608452808353202,0.8024704296111784
3097,0.3745943605899811,0.46213760719191155,0.6075034624074628,0.4285124664156581
310,0.22371506690979004,0.5278952088506558,0.5920438887004692,0.5322678861913942
3102,0.061913348734378815,0.7490106907830059,0.61858618282172,0.7140461625219185
3103,0.2660203278064728,0.49610090632633413,0.549680936702738,0.4550752804027082
3105,0.08391500264406204,0.8443001381748312,0.7350388095968698,0.873843208431022
3114,0.13260869681835175,0.7535718312051481,0.5113279205692277,0.7258994179282703
3115,0.30486688017845154,0.41380234637990065,0.37662887830345393,0.4203735496964414
3116,0.11269693076610565,0.4485885189482239,0.06260637625045454,0.510135633169374
3118,0.06436700373888016,0.705898518881413,0.44337475376599345,0.62513496196086
3119,0.14980725944042206,0.6671803900435194,0.5091938038839806,0.7562656588825964
312,0.1488868147134781,0.5084387094878942,0.43062902945128473,0.40777354233487895
3120,0.0670202448964119,0.8781391638734274,0.7569319481088653,0.8747218527096471
3121,0.061021558940410614,0.7868325322729535,0.4472877926142305,0.8187853875239807
3122,0.20427455008029938,0.6276839409059047,0.5338090572533316,0.6633993662342798
3123,0.07686083763837814,0.6510590202183824,0.2449754339485239,0.6420509997614356
3124,0.04254951700568199,0.8221266923661248,0.4842206776431163,0.697577362828721
3125,0.04035699740052223,0.9159789675932319,0.7599068172608866,0.9308317515148414
3126,0.18155930936336517,0.476503781011804,0.34530136125607147,0.3996491900800777
3127,0.253476619720459,0.37535148069890195,0.03855925106106904,0.256968227357551
3128,0.07728499174118042,0.843107485828464,0.6017174777286028,0.8367719100637441
3129,0.10619813203811646,0.7209014223681882,0.5349427243575573,0.6582419231493966
313,0.04190067946910858,0.7661510290089362,0.4930658859649394,0.7587851623029052
3130,0.09156155586242676,0.4903644416010463,0.09612736310427424,0.6688785695338457
3131,0.0973774716258049,0.6569240432956758,0.3626034480241843,0.6032384387382919
3132,0.064173124730587,0.6704205438189956,0.25434183646195335,0.7595580376731284
3134,0.08213827013969421,0.6444740173441477,0.2740926072642319,0.7445299457949104
3135,0.102358877658844,0.6628288917050207,0.46154421791638983,0.6847393933994927
3136,0.12593109905719757,0.6362023978571901,0.47995624345271554,0.785383146325941
3137,0.08660624921321869,0.7812392310303407,0.5415987893504559,0.8816364906578396
3138,0.07375717163085938,0.6855482504796822,0.322942467623548,0.7690106210986791
3139,0.05953621119260788,0.6068354581088741,0.2624768156535731,0.7859096392401558
3140,0.05041053146123886,0.8753471320849939,0.6630759060752477,0.8467200003858777
3142,0.11794991791248322,0.6483229105756991,0.3119115434881207,0.7735730720739131
3143,0.15973986685276031,0.640606192635206,0.6399277297952264,0.5923462260324461
3145,0.06563733518123627,0.738106371950033,0.3826999006115258,0.8079559830634053
3146,0.10954746603965759,0.7901063047497917,0.7127620231643275,0.8220127642199784
3147,0.19367365539073944,0.7200953055574626,0.6653443509696277,0.6624337861112829
3148,0.24951887130737305,0.4500923989242166,0.33372046464637706,0.39787599341167845
315,0.1580008715391159,0.6209005495769169,0.6668139597538812,0.5902252341461159
3150,0.2859785854816437,0.4527287313890212,0.40568440724250293,0.4182838825317167
3152,0.06119979918003082,0.7885835425970777,0.4660071606057851,0.8145068633134641
3153,0.09991497546434402,0.7230692221058563,0.4580712780464592,0.8323784234822831
3154,0.059129927307367325,0.8320783048678507,0.5870815432855099,0.738795956991906
3155,0.08003456890583038,0.7842191642114624,0.5392391180468235,0.8747333766559744
3156,0.1330818086862564,0.6638674463354431,0.6031175503275386,0.6127980365026542
3157,0.09219708293676376,0.6822882248111523,0.4190915129751417,0.695835481372282
3158,0.07427272200584412,0.6381932592890586,0.3053021388366331,0.8033434160223596
3159,0.04551846534013748,0.8090570324742796,0.47597265975698866,0.7841106550936165
3160,0.09983091056346893,0.6961076568810292,0.3647437769433068,0.7438532411413713
3161,0.08416380733251572,0.8435902316837811,0.8175242631138788,0.8815208089462998
3162,0.05014128237962723,0.8367740799027685,0.4922646214586069,0.8310799506361128
3163,0.03749314695596695,0.913858566728741,0.7509262231549851,0.9309948227228415
3164,0.2456049919128418,0.547806709385868,0.5379639940665109,0.4829093045106644
3165,0.16515406966209412,0.4231210702699602,0.08317362498644212,0.2776639993300576
3166,0.06405665725469589,0.7846965697497919,0.45990907833079225,0.8400049599126733
3167,0.28644388914108276,0.36534080604184876,0.12451430433576068,0.27811696910929706
3168,0.12195363640785217,0.7475632383193072,0.7616409021001833,0.7516057146368333
3169,0.11092448234558105,0.7290228149603808,0.6633972298941788,0.729835632224481
317,0.12500455975532532,0.7072555174782984,0.566934158080485,0.6846730005122664
3170,0.09769076108932495,0.5052221945400321,0.08071692850899541,0.6444844088650359
3171,0.203798308968544,0.49799984731191715,0.2210766957339715,0.7241298458867095
3172,0.13687792420387268,0.4485975442658785,0.15810225386974852,0.29958249675325177
3173,0.22013325989246368,0.6217702830090914,0.6566245414156521,0.5700121722061803
3174,0.039241135120391846,0.8784205120448021,0.6699944588566399,0.8952670220728931
3176,0.10865484178066254,0.739368993164678,0.48295767546632123,0.8480404067220324
3177,0.19754558801651,0.6464213532256292,0.6736925152391418,0.6242154404318823
3178,0.1553264707326889,0.5033709826517121,0.17203799528517116,0.6474470257137979
318,0.050248075276613235,0.5328593672611243,0.15669269889358492,0.7157911683873148
3180,0.07074945420026779,0.887093953889426,0.7961740658179838,0.8736058412734933
3181,0.10891842097043991,0.4469705341256454,0.018342440167303953,0.2522748061778241
3182,0.11414337158203125,0.7343935907142419,0.4537421671897059,0.7134474185835911
3183,0.06169791892170906,0.7934578910766411,0.44931565762452524,0.842873831628257
3184,0.18240652978420258,0.70824526652511,0.5578339874266092,0.7317211969765929
3185,0.07353954762220383,0.8336514178097464,0.7046856293969216,0.8207969660961787
3186,0.11487985402345657,0.512916267587093,0.17781417628624993,0.6318425733154376
3187,0.1252312958240509,0.5770229447680131,0.27762068283646557,0.6583263291156296
3188,0.06443710625171661,0.800109056208794,0.5575468915777824,0.894230994269168
3189,0.38330915570259094,0.3459418898889888,0.314042668522474,0.321214014794048
319,0.0705873891711235,0.7856901555396965,0.5954672610105927,0.8029207593918992
3190,0.1224600151181221,0.5940076935609039,0.26202430249528,0.4787409095781183
3192,0.09403418004512787,0.7897378909265,0.5229158073641216,0.8252550979331719
3193,0.11591371148824692,0.5248471891954848,0.13501328375239632,0.5992512216731147
3194,0.13826757669448853,0.7009162134612673,0.6830020629185765,0.6807419972854563
3195,0.17649947106838226,0.7484447385839872,0.7047968900929847,0.6649147079576001
3197,0.17235083878040314,0.6153099178004379,0.604831171481975,0.6395142713710886
3198,0.14795537292957306,0.4559185353188756,0.2642899355022965,0.34362797969194114
3199,0.07688568532466888,0.6709844748444604,0.21687624098471456,0.6985755702367521
32,0.17889559268951416,0.4921470037486809,0.3694771462085968,0.41403674033344856
320,0.09453599154949188,0.8072370414633405,0.5999089134529199,0.8396070976895552
3200,0.2047865390777588,0.5158297892191308,0.4536344092907799,0.5365918324773115
3201,0.07375195622444153,0.6924689822978538,0.44966274282115,0.7441690781671694
3203,0.2009565383195877,0.4866377472701532,0.27615723021750355,0.36403705126664593
3205,0.08379317075014114,0.7386107738200344,0.4870606998921216,0.6707147977916704
3206,0.06838225573301315,0.6447354591288714,0.31581324980125475,0.6693610960396026
3207,0.21971219778060913,0.6600812219782668,0.653217187953083,0.6426740560956921
3208,0.08141815662384033,0.473551236727359,0.013402646801891415,0.49308730334759016
3209,0.06945501267910004,0.6422803537158118,0.2764919237952876,0.7900377523298301
321,0.1303524523973465,0.7763572768953735,0.7569148216842767,0.8097761438435592
3210,0.07452860474586487,0.6483097040748542,0.23310637805631262,0.6805900403543139
3211,0.039529431611299515,0.8100990028417243,0.4744393965126142,0.8537891156714539
3213,0.19473880529403687,0.6805488893946328,0.7617196248121637,0.6504951667397281
3214,0.23306888341903687,0.5438009160467954,0.5097587042150589,0.5118229507345537
3215,0.06187501922249794,0.4683102299769408,0.012868108202091028,0.6470728893461316
3216,0.11351090669631958,0.6910866348557053,0.46660278918612913,0.7852484864345582
3217,0.10429912060499191,0.7825554397329015,0.6799540285686521,0.7667644411542405
3219,0.0538838654756546,0.831736582762252,0.5663386036089308,0.9030082209011254
322,0.22145947813987732,0.4032940163293736,0.15881833601098527,0.2876355361650243
3220,0.11093678325414658,0.7001100774401368,0.5308913295512177,0.6824723273842191
3221,0.1030871644616127,0.7312267720989432,0.3239462159650524,0.7577691308859044
3222,0.0517229363322258,0.7847879426273939,0.5461704758783971,0.7857267963057964
3224,0.08870183676481247,0.5782395219865015,0.15097598240373641,0.6143979589167239
3225,0.2798556387424469,0.4618556121990287,0.36330145114040957,0.3961876376862239
3227,0.08763968199491501,0.8483683077285225,0.6880987853824633,0.8698968415312038
3229,0.028981316834688187,0.7808288673093622,0.37465226832547605,0.8123626343009054
323,0.06975869834423065,0.4807100479999899,0.020409149942659174,0.6050526679617587
3231,0.0435849130153656,0.8111508094885465,0.5766465803982564,0.8849152150659707
3232,0.20364807546138763,0.4144917927545824,0.17663517545000582,0.3084878787276554
3233,0.2548423409461975,0.4586192409279296,0.39915326062102474,0.41258331934905124
3234,0.12991660833358765,0.6879240098769424,0.361899617985861,0.7804036731011488
3235,0.1040104329586029,0.825824880832198,0.5267651167963454,0.7773366139717524
3236,0.41011306643486023,0.41354854800688645,0.4424408540051502,0.3643284882339568
3239,0.11616801470518112,0.8091941444308166,0.7794740842036346,0.7773358383895078
324,0.13505278527736664,0.6396162459048161,0.5568104516650306,0.7609945724073386
3240,0.19225190579891205,0.5348121669298352,0.4663116422208827,0.44114639784563625
3241,0.06425401568412781,0.6842000278620449,0.5165368875149454,0.8216283672993857
3242,0.05573413893580437,0.8705133260205749,0.7372631010604023,0.9080288812543177
3243,0.38056573271751404,0.42306885141253714,0.4168843751305108,0.36971899796461355
3244,0.06259819865226746,0.847283070126855,0.6402953858672228,0.8572198852285833
3245,0.07045142352581024,0.5414027875897491,0.0674110098117088,0.5287512399691449
3246,0.12346775084733963,0.7032498321010134,0.5276997397065287,0.6779390521101325
3247,0.24595502018928528,0.547854963674672,0.5192412668243571,0.4744391832382655
3248,0.05602869763970375,0.7750241701050692,0.44608620077739114,0.8094824210416152
3249,0.0688529908657074,0.6698654004310522,0.5014134303721092,0.895794838897279
3250,0.061250604689121246,0.8441215660590673,0.6264892694447916,0.8981947924275244
3251,0.05811842903494835,0.8560122866081363,0.6117253955528504,0.8701504236425293
3252,0.2281448096036911,0.428074529767566,0.2987983343947554,0.43823510975277713
3253,0.2576940357685089,0.4947063694903856,0.43244850829611936,0.5371664078630374
3254,0.2284705489873886,0.6880538958772591,0.7366949979224476,0.6268192843485224
3255,0.1460290253162384,0.7645488136411285,0.6940148954913412,0.7768783232593441
3257,0.05812138319015503,0.8608951706679252,0.5888326076157971,0.7107952251972263
3258,0.15502052009105682,0.4622511882264207,0.261106557439664,0.3349130875313081
3259,0.05173840373754501,0.6228696399479265,0.2204322661545835,0.6847435994304572
326,0.2060956358909607,0.5476402948956582,0.46421525633273497,0.4470073100122047
3261,0.06098073348402977,0.9241186525692107,0.8449450853014879,0.9040378095787046
3262,0.08635455369949341,0.6867461841743082,0.5062886187390272,0.5953463937333925
3263,0.1759358048439026,0.5828814918332702,0.488966947407531,0.6247401520565985
3264,0.11192021518945694,0.6906503772433218,0.446832973526778,0.7734727736662621
3265,0.4228513538837433,0.3056360307901455,0.14565434022984294,0.27158817341279357
3266,0.2657051682472229,0.5707248704548351,0.5876138156076648,0.579597303786397
3267,0.03565756604075432,0.4847474777186183,0.006852880838703256,0.5415310711555504
3269,0.059688638895750046,0.6642461530666588,0.4376379198571911,0.7813482803428654
327,0.04086379334330559,0.9363032314167958,0.8009612278122732,0.9003023067337765
3271,0.06288845092058182,0.8296855702830678,0.7065992187354363,0.8381529760252947
3272,0.08243726938962936,0.49862977811512466,0.19556336535429134,0.3205488841071765
3273,0.07698962837457657,0.8548260688570419,0.659194081927301,0.8850193384163729
3274,0.12155932188034058,0.5826621230815655,0.22217043831271757,0.739213696986939
3276,0.11184214055538177,0.5553395325478947,0.33071155361238236,0.6788654774571751
3277,0.18410299718379974,0.58122774399158,0.5872619524843259,0.6056305264148286
3278,0.03745124489068985,0.7926727640623603,0.5266953611007174,0.8898262276270159
3279,0.05485012009739876,0.5614596071270436,0.040786739900628075,0.439467407517817
3280,0.24711331725120544,0.4259196028125129,0.34725567486279946,0.36454856214804554
3281,0.07030776888132095,0.6491569316791548,0.29302861355974,0.7971796473100443
3282,0.10696951299905777,0.754300396474765,0.4722685163698892,0.8395135617699322
3283,0.12383820861577988,0.7070882685589277,0.6250740505467705,0.7105700494255862
3284,0.38449954986572266,0.4400232374200545,0.417336796165514,0.39643488166787594
3285,0.4211450517177582,0.39921006725697317,0.46163651611799095,0.3535082156310145
3286,0.09518920630216599,0.45504281851146594,0.04084025856932898,0.25769771464076385
3287,0.1736787110567093,0.6103227699512845,0.37717967161659327,0.6889987214561107
3289,0.08425827324390411,0.6828653510408416,0.4123611577663993,0.7232617620995498
329,0.07185077667236328,0.9032399931501285,0.8601720932957316,0.8547618578393453
3290,0.03650274872779846,0.8668226193796922,0.7378581876914428,0.8993908213296566
3291,0.27123361825942993,0.3870458906288837,0.17678085504631685,0.3014744288055071
3292,0.09843652695417404,0.7130127491586273,0.47076457438244834,0.7297723199218447
3293,0.06742303818464279,0.4939823712589899,0.01171683174439333,0.47839744949323076
3294,0.052939437329769135,0.7530868729511078,0.3882192805589136,0.8613368053582782
3295,0.12345735728740692,0.4780183766931714,0.07046918332510277,0.397917579840225
3296,0.18931907415390015,0.6304342374081306,0.6173089968837165,0.5961763717769335
3297,0.06362944841384888,0.5620227139298253,0.06994470666996819,0.6762667604753386
3299,0.20273295044898987,0.5991786077788387,0.5264507299765003,0.6708034580037721
330,0.18872511386871338,0.732718458073911,0.7819033524432094,0.670706423019938
3300,0.04183179512619972,0.8361048705405848,0.5221367947838972,0.8516447686436484
3301,0.038725417107343674,0.6208623055137222,0.15633316681007925,0.6491702594675505
3302,0.07429575175046921,0.6572937705653672,0.2615171802944898,0.6925140037213211
3303,0.12175858020782471,0.5559067258369532,0.15705807192968302,0.5523729108781041
3304,0.1175360381603241,0.7294589653006689,0.7272648275085195,0.7184064808774615
3305,0.06517480313777924,0.47963427013858356,0.11233073556880364,0.2893908950407249
3306,0.2972853183746338,0.42925778096043565,0.3474072481416804,0.3579991916962886
3307,0.364254355430603,0.37012631719711914,0.23463947869905213,0.30248479389483796
3308,0.058513421565294266,0.636720576779353,0.2562911746091426,0.7873634460499381
3309,0.03975595161318779,0.8635383820543518,0.7048564573470728,0.9038546183246763
3310,0.07195159792900085,0.8209221560500509,0.8331708418440127,0.8850816247582161
3311,0.13360051810741425,0.6942988143100468,0.4598414120978086,0.66766805222565
3312,0.10267449170351028,0.6137960558340646,0.3353706125723922,0.7999557713402159
3313,0.036554936319589615,0.7970286290835384,0.44987396604840113,0.6439459514826689
3314,0.07788857072591782,0.8663831170155878,0.7044966219708514,0.8811433455879571
3315,0.1622980535030365,0.7214474762909592,0.6480574743501293,0.696133605105809
3316,0.08949803560972214,0.6916863678069163,0.28259047498138434,0.7449069694486556
3318,0.32362207770347595,0.450332803476956,0.47107878002472,0.4232258735851395
3319,0.3193383514881134,0.3442556052903977,0.06150424140467865,0.2610479940590979
332,0.3127566874027252,0.6652276381091434,0.7174525808354095,0.5453435013580736
3320,0.11533475667238235,0.6500744253719053,0.2801941114119149,0.7377599601364362
3321,0.0621398463845253,0.7362557759735886,0.39972548495001187,0.8119584818547451
3322,0.09144064038991928,0.7268598605071541,0.44434891355595096,0.7898055434926902
3325,0.08861477673053741,0.6443832486575631,0.191635727694884,0.6190014991201367
3326,0.0821879580616951,0.6983678751090316,0.6849160770661534,0.7069275554705969
3327,0.058982908725738525,0.8853353274114676,0.7964580824651759,0.8433242139167229
3328,0.03832833468914032,0.66300173743178,0.25679040042374546,0.7927908703192104
3329,0.07421497255563736,0.8766399540141359,0.7303803509642607,0.8581600357886936
3330,0.31818562746047974,0.5152326417093691,0.5872731625229345,0.4591117568241856
3331,0.09818488359451294,0.6997703154863648,0.33998747422359465,0.7493114224079398
3332,0.07287988811731339,0.799613854666384,0.4955937491976435,0.8405650007696184
3333,0.09428802132606506,0.6554850988069443,0.32928288429887426,0.7654711349951338
3334,0.12371654063463211,0.5753007069968438,0.1869382794849802,0.5832896749090479
3335,0.08630939573049545,0.8423586016689459,0.6775970865802992,0.8565232099059304
3336,0.03206600248813629,0.9265956512947737,0.7865653797967656,0.9402885377941268
3337,0.0733649805188179,0.6607865890843074,0.24357126813696642,0.6491624911185163
3338,0.050700318068265915,0.6507078021894254,0.19634255291444438,0.6451741115687668
334,0.09074212610721588,0.7789271143840548,0.7335309343199921,0.7679583250729899
3340,0.15797066688537598,0.4352369955579029,0.12372609242659698,0.2877168679352353
3341,0.06564857810735703,0.5800217998599217,0.22709114493613547,0.6677909897150686
3342,0.10612740367650986,0.7357378321009108,0.4486955685725353,0.833734514222134
3343,0.06696004420518875,0.8374048144121045,0.7028990518797459,0.8585260085087956
3344,0.04886305332183838,0.6014877962339611,0.17798684972222553,0.7666549548576072
3345,0.06255066394805908,0.8111234345645808,0.6392863820285387,0.8285083491113211
3346,0.11214565485715866,0.721820486423724,0.6871032102272195,0.7624276726093202
3347,0.056082382798194885,0.7610200185302293,0.4749193074199169,0.8196601239150563
3348,0.03021007589995861,0.7891606212523916,0.5819576175415782,0.8538020395436017
3349,0.08571861684322357,0.8188414178910083,0.6568120899522695,0.8501574773597145
3350,0.08480258285999298,0.7776753679442217,0.4071881137796228,0.7586060864698432
3351,0.03738918900489807,0.8227871691850188,0.5239892781582601,0.8938687578594163
3352,0.026817088946700096,0.5927399087058685,0.20523883795686287,0.8099587417765437
3353,0.4567948877811432,0.39592847832731637,0.45673888481436253,0.33615689261567483
3354,0.031503431499004364,0.5454588125491391,0.06703135335661081,0.6946607722654217
3355,0.04427320137619972,0.5839065492125878,0.12217311452631016,0.6142796024505265
3356,0.3850339949131012,0.4570074046559008,0.5715951611836697,0.46541528320850223
3357,0.04799836501479149,0.7030283205165035,0.30555329788357005,0.7823676744365996
3358,0.07609177380800247,0.4670845751450544,0.0390334681821885,0.6569181080577169
3359,0.07725057005882263,0.7853918782556335,0.48283167044611147,0.8421312129439568
3360,0.07266908884048462,0.6331728716340156,0.5463173978948263,0.5857903356250742
3361,0.026557384058833122,0.5631760583258405,0.06331452905199307,0.48384462158913316
3362,0.09282290935516357,0.4884513282244502,0.06432652141988207,0.6131730762465075
3363,0.12015371024608612,0.7563301296068246,0.6097707574960287,0.7172193576415247
3364,0.09642567485570908,0.7487436818488709,0.7421003737892038,0.7444037952734985
3365,0.08352505415678024,0.8114419870225156,0.6648948985172389,0.850745557099072
3366,0.1749398410320282,0.6892309735141628,0.5415356112657397,0.7288575552596479
3367,0.08834551274776459,0.6225024174847142,0.1192684929019791,0.5168726440796283
3368,0.07757993042469025,0.7784181906116843,0.7159129934986057,0.8191785765413255
3369,0.11807453632354736,0.515999824413758,0.0932802076828236,0.5585256462489485
3371,0.1275511384010315,0.429458844237261,0.003416929120832061,0.34519040552964664
3372,0.16243207454681396,0.6708894923583311,0.6558153471007268,0.5951685589103346
3374,0.042329732328653336,0.8802895633406789,0.7172223208774625,0.9073558183723557
3376,0.19627495110034943,0.5381288101233934,0.567226467418091,0.517466320509491
3379,0.0785810723900795,0.8538854083049783,0.7779767621476642,0.8342817960230247
338,0.03369811177253723,0.8657759767617235,0.4814293895170881,0.8582806525873985
3382,0.11396364122629166,0.6579932934476288,0.43471748636190577,0.730678260243987
3384,0.06668995320796967,0.8667562501690317,0.6733431998330013,0.8816785151556645
3386,0.029050350189208984,0.7527436470893283,0.3329499642471303,0.8288165002875503
3387,0.20199760794639587,0.5477577307411169,0.42505196277468976,0.6342009445013542
3390,0.06804491579532623,0.6255398142089597,0.3010565339891425,0.7434079174378532
3391,0.12550556659698486,0.7920002199182198,0.7455821493527586,0.8166464245748708
3392,0.07027854770421982,0.7583913489255407,0.6268994262998677,0.7963977586811307
3393,0.14377586543560028,0.6937506661025044,0.6718894764207181,0.6967911402112759
3395,0.043604787439107895,0.7885203532594545,0.5281898384690616,0.8741544362177338
3396,0.07077597081661224,0.7162914097636419,0.3651232996677613,0.802227478803097
3397,0.17789198458194733,0.6175517410546948,0.5007278978620309,0.6434869805809914
3398,0.06023934483528137,0.7951826533682862,0.6480498164363674,0.7207885952714512
3399,0.19259370863437653,0.5980177493346052,0.19746498906886195,0.5634368127966152
34,0.1428573578596115,0.7281495333223371,0.4474933928759345,0.7129191125106735
340,0.25307512283325195,0.6467122713656779,0.6584794017869963,0.5676296181702828
3400,0.03075842559337616,0.635046077513707,0.21027572053442417,0.6689194722180785
3401,0.0831235945224762,0.6756623827346031,0.3041677893698615,0.7346263266150586
3402,0.3199385106563568,0.4537116787293228,0.4533060526447872,0.43143674691708767
3403,0.05717680975794792,0.747103484919324,0.37976961564842543,0.826347766062577
3405,0.06088419258594513,0.7585052033724903,0.6185158635171917,0.8249556634848462
3406,0.11151493340730667,0.784737406977259,0.7015464330258967,0.8421445198341513
3408,0.04473523795604706,0.8548876841133544,0.5297187073173404,0.8702930991148845
3409,0.11009956896305084,0.5943567809966593,0.22194437586502866,0.7131325603125014
3410,0.10299175977706909,0.7562065597262871,0.5973096947280913,0.7892851116920164
3411,0.22323332726955414,0.5926886034132314,0.5258707271876644,0.7047628765175042
3412,0.12151309102773666,0.7361817094322385,0.5589793706449444,0.8227379159544285
3413,0.1369961053133011,0.491798002556439,0.11131601042572506,0.7460596909749966
3414,0.06527674198150635,0.7454679863963785,0.6691615324956733,0.7737734381231915
3415,0.029023585841059685,0.9368267643098676,0.6925498245214341,0.8868184098715506
3416,0.08798912167549133,0.8312992461953108,0.625156036014695,0.8581114288469163
3418,0.22598043084144592,0.39846783463583435,0.14888878765105826,0.28532559615152187
3420,0.04573717340826988,0.607036445706656,0.20144927917901245,0.6570299353749323
3421,0.07791928946971893,0.8659035712128278,0.6913118816214257,0.8650949952864273
3422,0.12131582945585251,0.5129731664783791,0.1442219663587428,0.6676802608732855
3423,0.11756567656993866,0.668484820053682,0.5142279989218259,0.7757512346262152
3424,0.11400573700666428,0.6732911671695218,0.5906466463691118,0.6603744572644273
3425,0.1599786877632141,0.5459167429745116,0.2515552275041385,0.6108918512989303
3426,0.05870995298027992,0.6201979206029492,0.08467995630546914,0.605641767045022
3427,0.02113432250916958,0.5518341092140919,0.07226854625827984,0.4801356370018417
3428,0.1803523451089859,0.5277475994950963,0.28866393991600225,0.6213819208677005
3430,0.229025200009346,0.3945052836574371,0.1386724468002112,0.2809729190079191
3431,0.13065892457962036,0.6374546222066795,0.5136142391523294,0.7184278059280315
3432,0.1379248946905136,0.5626303419179983,0.27162971229198085,0.7283671249248814
3433,0.023730216547846794,0.8581646809218741,0.5325348917343435,0.8869859720368736
3434,0.044229794293642044,0.8112257700399036,0.435630624760797,0.8606774618914461
3435,0.062216442078351974,0.6109244959251419,0.15595458168514342,0.5722632936188969
3436,0.1610373854637146,0.7482314698072894,0.7861646373763485,0.7069309122268639
3437,0.2549668252468109,0.6002431073698553,0.6858775521215954,0.5615255047806766
3438,0.10125236958265305,0.6360980520438475,0.41288628855604265,0.5566434195437852
3439,0.05436689034104347,0.7662571386552168,0.5074964437828988,0.8587988738858654
344,0.07903047651052475,0.6191971965353255,0.07938386962678895,0.44862444288048603
3440,0.13557329773902893,0.5628166959564975,0.36299597922974974,0.5791651048668498
3441,0.09112423658370972,0.8632296874403818,0.7780707923601439,0.8427218604600362
3442,0.09784898906946182,0.7614690362859163,0.4180157298129052,0.8102732315065853
3444,0.14165037870407104,0.4886931960246925,0.06955675743419502,0.41296231656954413
3445,0.09535172581672668,0.7329621604874497,0.6183656013829312,0.704034314250797
3446,0.23752127587795258,0.5088781300744142,0.3470887301579011,0.5751530272415912
3447,0.06349429488182068,0.4651931395650254,0.008730964800315984,0.5657479682932783
3449,0.06755148619413376,0.5281346190985303,0.09738229015351564,0.6483192931996717
3450,0.12382743507623672,0.4568114696493176,0.04752021043461212,0.3501331814628267
3451,0.08427049964666367,0.6532305052265088,0.3820375810058623,0.7247899256474877
3453,0.10137948393821716,0.5137518322676766,0.06486629376554046,0.41292584429255785
3454,0.23917432129383087,0.5379860196562998,0.24088824203203135,0.6381086189536971
3456,0.16614599525928497,0.647370259781136,0.376224738828534,0.7280772178145821
3457,0.03105670027434826,0.6858030991830869,0.2967442555735763,0.7647481660006631
3458,0.11829230189323425,0.8189248499055939,0.7343239185384183,0.8404323454846974
346,0.07420606166124344,0.7560433905789063,0.4445339188884237,0.7944129177699032
3460,0.1497146636247635,0.8021641837301516,0.8415038166254,0.7648481073403807
3461,0.1347406506538391,0.7956047146604301,0.722187255679531,0.8047439984550333
3462,0.1478399783372879,0.5939932781502146,0.448185799166284,0.5841616814834374
3463,0.03895271569490433,0.47044638837868225,0.003602728591749468,0.6827635454924961
3464,0.5269283652305603,0.2942672834367899,0.3966910058013956,0.2953517364957347
3466,0.12669315934181213,0.6336649897092426,0.574574368698169,0.6366107950400324
3469,0.07694460451602936,0.7353014574638543,0.4530410739787771,0.8363731172732889
347,0.0955331102013588,0.5120137608475173,0.2295277368573699,0.45888866468973166
3470,0.19028635323047638,0.6636058917270043,0.6684989249726477,0.6803388493223769
3471,0.17238056659698486,0.5930580481686154,0.4783892412917284,0.5840122264709989
3472,0.2360030859708786,0.438020246791659,0.34231401339557427,0.3625187033751211
3476,0.119827501475811,0.6238789284991164,0.5694777838514096,0.628885255259481
3478,0.09352901577949524,0.49655549518098446,0.04542733654129097,0.5969544430597042
3479,0.04885483160614967,0.7269778406566403,0.3502123387928025,0.810338069142537
3482,0.06199658289551735,0.7531361113867532,0.5917482859877001,0.79980362727426
3483,0.14172473549842834,0.49833241427958286,0.05983433908497694,0.4701044834436533
3484,0.0663592591881752,0.6993670361387507,0.3080353859160205,0.7822477276577686
3485,0.08600948005914688,0.48550773032867517,0.0625736316381292,0.5200421243074608
3486,0.06986454129219055,0.6599297631482834,0.23345051424321922,0.6620565516682617
3487,0.09302476048469543,0.7629074767805328,0.7443623517341339,0.7865251177902335
3488,0.10535284131765366,0.4839951050432071,0.2670123936070435,0.34293329207955897
3489,0.16306273639202118,0.7221750260502915,0.7629291565175028,0.7438888995419073
349,0.07965224981307983,0.8323077164870722,0.6961086264294888,0.8319927520631625
3490,0.11183195561170578,0.6878033680381832,0.43583843276730455,0.7629219436247199
3491,0.16339367628097534,0.6567338629269321,0.31228422048065657,0.6661613342955455
3492,0.132427379488945,0.6373116760563089,0.5978831182891771,0.6675256769444355
3493,0.06321826577186584,0.7491799587271788,0.5079375342207815,0.8222875044170581
3494,0.1166946291923523,0.7716249354823965,0.7217427712940083,0.7498756734389642
3495,0.10410092771053314,0.716434637890596,0.530152469852225,0.7188041601525499
35,0.35275381803512573,0.34087107927502236,0.17809963568134649,0.2850833121019334
3500,0.03416619077324867,0.7328526009780814,0.2833115396560776,0.7421357322824593
3504,0.23929953575134277,0.5977515016070857,0.6771211547023167,0.5720902954153011
3505,0.0444110743701458,0.757360606936951,0.4627138447285071,0.778449905647061
3506,0.11487545818090439,0.7729268942738101,0.5607185020950716,0.8410411487134343
3509,0.11855536699295044,0.5449682407763602,0.1761340676062349,0.6504065394188318
3510,0.08578100800514221,0.8071390230193124,0.6571841076391413,0.7936167183048914
3511,0.07854013890028,0.6401398273494933,0.26497139931971314,0.7826638780794509
3512,0.16822247207164764,0.5864574474570117,0.5803573207008661,0.6416603161868233
3513,0.08722573518753052,0.6085337112703879,0.46511503041757174,0.5304689571233545
3515,0.031175145879387856,0.6545495511587971,0.1527960075023329,0.7078660626042479
3518,0.11729733645915985,0.731082900805962,0.4704244893845907,0.8235866016845375
3519,0.07853470742702484,0.678172820998751,0.3181478185150682,0.7807747763910003
352,0.31469669938087463,0.35404272788840363,0.12498971354134655,0.2771968928830105
3520,0.057628847658634186,0.6032072385542729,0.24169574817635794,0.6484641614549259
3522,0.054395683109760284,0.8936054529872022,0.6594277623662158,0.8995038849092597
3523,0.07317157834768295,0.7034795701835406,0.25992507520903996,0.6279892009957309
3525,0.09876381605863571,0.7974599229229142,0.7687035835079163,0.834084446841294
3527,0.07987514138221741,0.6438588280284271,0.4915396806459222,0.6211011597719316
3529,0.04876494035124779,0.6314412499522106,0.1867483865079507,0.7462616893643814
353,0.11012645810842514,0.6159511287064375,0.4547264358927873,0.5861272306771703
3531,0.0500357523560524,0.8573295482054559,0.6071184309515493,0.890590939429263
3532,0.09776170551776886,0.6824520413463924,0.3778614710095423,0.8032080452813419
3533,0.17721347510814667,0.582125102661304,0.5488267804876904,0.49435963683311235
3534,0.07361055165529251,0.56656325796367,0.10487181385344295,0.4862301471252548
3535,0.0390254370868206,0.5977209199568723,0.08471246264678209,0.5520366270540612
3536,0.18840843439102173,0.4681896270614843,0.022732462829085136,0.308814398301793
3537,0.04440480098128319,0.511126589251088,0.08270316648185239,0.7264264370220384
3540,0.029225893318653107,0.7249255820284248,0.36273999724280415,0.8392923993808973
3543,0.05317718908190727,0.6251791629177734,0.1641461037058761,0.6832897621972323
3544,0.08813809603452682,0.7177907152980175,0.639110049625527,0.7489110827161751
3545,0.01909470185637474,0.8537496630158101,0.4737725315157478,0.8609213385617547
3546,0.07127683609724045,0.7919741086806531,0.5994715713580104,0.8186938232087749
3547,0.09180272370576859,0.5453284806993395,0.14399547005398344,0.5900681156417049
3548,0.0542757473886013,0.48556922461586227,0.060228494145024514,0.296420134948932
3549,0.0953759029507637,0.4437675605250521,0.009972377209153314,0.3449718799354712
3550,0.04253347963094711,0.49885255832034375,0.012110935554064724,0.4244424061512949
3551,0.09594449400901794,0.4784367722505169,0.125703079913844,0.33206948503952904
3552,0.13354197144508362,0.4610719271472978,0.2542570799202404,0.33617649803694544
3553,0.024512531235814095,0.8189268302482908,0.4754348342249603,0.856861549110633
3554,0.1076805368065834,0.4837531828544861,0.06477485406473057,0.49103781950185377
3557,0.03429826721549034,0.8713394894302721,0.6758775211194427,0.7808125532760828
3559,0.030161172151565552,0.5084025180941194,0.017386406259678897,0.37771492457289213
3560,0.11538542807102203,0.8031689615683865,0.79991279908293,0.7879730344418551
3561,0.06214027479290962,0.8262426115744536,0.4068449073585197,0.8112819815924036
3562,0.07145688682794571,0.5660805380370089,0.14117170680496768,0.5383728616442417
3563,0.06389027833938599,0.8194235520832471,0.5878485392928365,0.8801907263298852
3564,0.14625832438468933,0.5818137319773643,0.11014308188992827,0.5347290681251178
3565,0.09484037011861801,0.6681579815822446,0.19758154992769422,0.6946619617694973
3567,0.05228366702795029,0.6933496661318788,0.3636093264372199,0.806580590844185
3568,0.05833043158054352,0.540061685724234,0.10459091805290514,0.4761190186707456
3569,0.0400981605052948,0.7274638430779425,0.5512657044574164,0.7555792583148586
3570,0.0999528095126152,0.4470681322418639,0.019924862778107604,0.30784325118776357
3572,0.07119429111480713,0.8143792663365375,0.4993740298517464,0.8129083314832493
3573,0.04281765595078468,0.7528941549550219,0.5994731389953832,0.6878473632033031
3575,0.013944461941719055,0.5174973097050728,0.017407831023425947,0.3403027038384918
3576,0.010991918854415417,0.5040915424242367,0.02587898349384614,0.26158120085406833
3579,0.11548223346471786,0.6770193064038599,0.5894204167347326,0.707231653037701
3581,0.05057692155241966,0.5114629768065532,0.03944687829159489,0.4138286990632697
3582,0.09972605854272842,0.637911781830983,0.49281776607740124,0.6219848131263324
3583,0.13485874235630035,0.542555384733781,0.1299118071705144,0.7345080401337974
3585,0.09903785586357117,0.635407277240386,0.4775162493665004,0.6640627067681246
3586,0.060806483030319214,0.7708265995132592,0.5927800568723851,0.8237891534884023
3587,0.16577613353729248,0.5137603063621439,0.4344886000968257,0.429033815275291
3588,0.07971594482660294,0.788861352858053,0.5046997368453879,0.8568090441130332
3589,0.11794142425060272,0.5017759701191301,0.024084326686553508,0.3251936100022163
3590,0.028449852019548416,0.8577673317588799,0.5582900679929533,0.7304320928336171
3591,0.08137985318899155,0.6925717113230105,0.2642951841308606,0.6972696470858664
3592,0.040220942348241806,0.5359130173297689,0.0785058827411391,0.5061773115087211
3593,0.049917567521333694,0.7879218295922654,0.6366687849916242,0.8105107017112101
3594,0.06900551170110703,0.6670655585757205,0.23629168594910638,0.713941296083977
3595,0.004843356087803841,0.49844871191285295,0.0013944082229470462,0.252815537553735
3596,0.06651242077350616,0.7777801154097017,0.6817776404020967,0.7593983364226402
3597,0.04618751257658005,0.9125091401037504,0.7815974873080267,0.9268448701301831
3598,0.05548083037137985,0.6991321424188677,0.25403610646304475,0.669897684741487
3599,0.06179327145218849,0.535004848558828,0.08962860291170874,0.42565600359414413
3600,0.025923598557710648,0.8045924821417564,0.3679609393339279,0.7675364596488948
3601,0.06133580580353737,0.7747733690758697,0.5477109349515794,0.8747688058832588
3602,0.11322779953479767,0.7513959540693819,0.7285540170647888,0.6890544796755642
3603,0.0900326669216156,0.7201282704986577,0.6063918044174154,0.7474706434787775
3605,0.10316101461648941,0.7452920195593902,0.3032864358941749,0.717346413524524
3606,0.13650774955749512,0.641782299932947,0.4641096543253179,0.7929265745311038
3607,0.09180780500173569,0.5397422086077369,0.13126403625480082,0.4092364923363127
3608,0.0851486399769783,0.8169759393259872,0.6377172575323194,0.8565163210912861
3609,0.11791571229696274,0.47235523040291455,0.014764920786894257,0.3002347246321534
3610,0.06350861489772797,0.7557853765605644,0.4010900138605571,0.7929402916053092
3611,0.1329713612794876,0.7245482551193685,0.5271900303935465,0.6919508466861717
3613,0.06143980473279953,0.6082910760124434,0.151556739382854,0.5797333506159006
3614,0.11299824714660645,0.7086690531986337,0.5285690107930431,0.8323384060573845
3617,0.038036346435546875,0.6110067797018397,0.27214316402973365,0.8063762514606534
3619,0.055375050753355026,0.855520527689159,0.6387166610684138,0.8695200512718706
3620,0.06582286953926086,0.604832360976773,0.12653016480051013,0.5468991357109325
3622,0.07261418551206589,0.4844011262227484,0.08532698950327415,0.6663200991631781
3625,0.14753016829490662,0.693631793989707,0.4783735829609495,0.7133815465955455
3626,0.04633324220776558,0.8238191748938157,0.41881705525529356,0.7834471611125363
3627,0.1322828084230423,0.7855752377895826,0.6943031898542477,0.7626567822778914
3628,0.5115299224853516,0.2893652291521581,0.2763113719625914,0.2716210122713552
363,0.05888308212161064,0.7659568349813739,0.38568337332915,0.7858053371849529
3630,0.05215004086494446,0.752186917278058,0.3692327957940336,0.8212395114090298
3631,0.07326062768697739,0.6651290569948933,0.32359070080162394,0.8093240336524441
3632,0.02657434716820717,0.6932186064719215,0.34683428986813636,0.8573891750895402
3633,0.07717570662498474,0.5402763299535709,0.12228912456516104,0.6454531950579323
3634,0.0792619064450264,0.628169712452842,0.22343047169070943,0.7914094726288791
3635,0.07362748682498932,0.6769244896343786,0.48214931372243136,0.6243558667642795
3636,0.047378480434417725,0.7932023948485952,0.45797978827022634,0.8669461476756549
3637,0.04204791784286499,0.7963455289575557,0.48994272361018965,0.8669143394796663
3638,0.09134436398744583,0.7723102679239632,0.5066373604940262,0.8441009968853139
3639,0.02023148722946644,0.5701267985247035,0.04803764483783661,0.37766921280248555
364,0.07236616313457489,0.4668534608078455,0.06445417052642223,0.28156531236993915
3640,0.05883275344967842,0.8574939010201867,0.7018831590877797,0.8711370487208283
3642,0.05292889475822449,0.8370706252785252,0.5642465540280819,0.8570173229977336
3643,0.09568218141794205,0.7088455156825061,0.45806916297737127,0.8019327160836909
3644,0.05849297344684601,0.6351569205203647,0.24630765249873263,0.7274966793913635
3645,0.0771159753203392,0.4730776254535875,0.08253416814721194,0.28232310446171416
3646,0.10472249239683151,0.43272004006683124,0.0008137652464997117,0.504892533647348
3647,0.005430672317743301,0.7051681292529193,0.11902304164400841,0.6933951405829263
3648,0.10007477551698685,0.8121387060058225,0.541013715384749,0.8150233172817363
3649,0.02052975259721279,0.7108085701051894,0.2330183171089009,0.599209053464163
365,0.08468769490718842,0.8563277286501096,0.6007671979793722,0.8484688501416446
3650,0.16278477013111115,0.4652455972853409,0.09927772826764023,0.4733530526612417
3652,0.10490123182535172,0.52452277222091,0.09225058160014647,0.42530112596104463
3653,0.09360895305871964,0.5524604878854981,0.17048698952684468,0.7891713737561721
3656,0.03896423429250717,0.5133564756179813,0.07163068094948125,0.7420195579123635
3659,0.058109693229198456,0.7787931015781591,0.3965304614620927,0.7606838574804173
366,0.09356433153152466,0.6970998169242757,0.3133470023718182,0.7358576495611074
3660,0.04208020493388176,0.6130680557152022,0.18583867010511684,0.4454448573665916
3662,0.0857122391462326,0.7189996449038434,0.4330212225493897,0.8351827122428468
3663,0.08365531265735626,0.5869693926807887,0.3148011901842812,0.4119340290066934
3666,0.05587059631943703,0.879360116617512,0.6911295782104736,0.8763990845016811
3668,0.2107827514410019,0.446355010887259,0.2919812713198439,0.3548159312196209
3669,0.11769884824752808,0.6671765099832174,0.3690072146634135,0.7794731151348983
367,0.05635448545217514,0.8803606354419922,0.6992094232258659,0.8939297393565069
3671,0.10032013803720474,0.45319368377655866,0.0346029149186523,0.2563952158144507
3674,0.05601537227630615,0.6494119771285292,0.3486989198581707,0.7821737909564406
3675,0.07927055656909943,0.695355908253315,0.30733667683630944,0.7772396805878876
3676,0.05997810512781143,0.8142525066022052,0.48862819267293384,0.7861539208396814
3677,0.042011942714452744,0.7208642546829865,0.29546848224940286,0.7635029454218819
3678,0.03727741912007332,0.5646306032385114,0.19272004841208704,0.39978132200226413
3679,0.06208861246705055,0.6981494128683013,0.4982096123358796,0.5753625650984278
3680,0.02052382566034794,0.5020395983704943,0.05423758351721558,0.27188898242605564
3682,0.13783994317054749,0.6771082292443091,0.5442746440933748,0.6269340330162467
3684,0.07524866610765457,0.6832721859035882,0.5520945961902695,0.7084332703621192
3686,0.07680083811283112,0.6046075344498172,0.31112346015189385,0.5426553236852842
3687,0.03378306329250336,0.7468204155414486,0.3925433658007205,0.7645237849342856
3688,0.0772094652056694,0.8212345449898126,0.6779451098533005,0.8186744421055472
369,0.3169981837272644,0.3498601326692807,0.10668574140222122,0.27092273581067927
3690,0.05201493576169014,0.8692901397711026,0.6133294446224744,0.8773498036398351
3692,0.2387576550245285,0.503628659351811,0.4742363990910786,0.42512062763256925
3693,0.17975947260856628,0.5516127867268921,0.4567755184178804,0.4619471497165769
3694,0.22205910086631775,0.5795886046988198,0.421403109406915,0.654148495640454
3695,0.10166564583778381,0.7186230370589635,0.6187771641353768,0.7185607560361387
3696,0.11369087547063828,0.7372240237760438,0.6090119584700422,0.8367680606702759
3698,0.049572430551052094,0.8182264177832429,0.5640772932361702,0.8761441076898903
3699,0.042444296181201935,0.5023056243949875,0.026875877362274623,0.3440669302109026
3701,0.04900776594877243,0.7523883135621561,0.2904642875276024,0.7271310238202222
3702,0.02086205594241619,0.8058158026715462,0.42723611155377555,0.9028355165234586
3703,0.09972402453422546,0.6985781363172638,0.33625321063356706,0.7368603584479697
3704,0.0903690978884697,0.8770087592034468,0.7418085720783827,0.8644694729374822
3706,0.0755249485373497,0.8608308485738048,0.6444299369243427,0.8168668822363614
3707,0.09765978157520294,0.5912825034862526,0.17472705081797613,0.5223701537255191
3708,0.12386079877614975,0.7911405965926575,0.6861993198269654,0.8137938007656469
3709,0.09746743738651276,0.4537603952810992,0.0359183975516684,0.25708491237271847
371,0.04196609929203987,0.7618662935723639,0.5328851332825066,0.8691153782915273
3710,0.139907568693161,0.7163622570870227,0.6938303272487876,0.6653602255497947
3711,0.03530910983681679,0.8581023735981993,0.6284266791726695,0.9007496298499014
3712,0.03354635834693909,0.9233050089524713,0.6677654532242691,0.870207606352526
3713,0.0669073686003685,0.8130108822631548,0.6290681734213164,0.8239022352866978
3714,0.053183361887931824,0.6505070284833614,0.4554664579150888,0.8802506347822234
3715,0.15320216119289398,0.4372915638447119,0.10179701478102286,0.28815315363859073
3716,0.09661193192005157,0.5975293687019442,0.22027070313763444,0.7487350932146699
3717,0.10484421998262405,0.6947766961707778,0.5084493043260625,0.6282093572847096
3719,0.12981021404266357,0.6624089633051314,0.34729599327060756,0.7712770461650835
3720,0.10844720155000687,0.7970073983631454,0.590881700438727,0.7971584621427771
3721,0.07943026721477509,0.7655771149809998,0.4239156587825197,0.7990385024304363
3722,0.06772454082965851,0.7145104988636862,0.5158517170116915,0.6800959597976816
3723,0.021933382377028465,0.6668375637880797,0.09885513595462163,0.5515099996387378
3724,0.11316952854394913,0.5708306370017209,0.2584327498796165,0.5552747857740397
3726,0.08149771392345428,0.5778550349177001,0.16898949264403185,0.7534328247402363
3727,0.016303155571222305,0.853229297568912,0.42005669931918893,0.8672508048908428
3728,0.169431671500206,0.6132545706097936,0.5144686530368071,0.613712429419604
3730,0.21016402542591095,0.39755740092508884,0.0369974695035246,0.2555408814058904
3731,0.16178321838378906,0.7461119376576593,0.75488919208946,0.7404137995165027
3732,0.18456901609897614,0.5884058808444981,0.5750968502885537,0.5645713261928611
3733,0.2691839039325714,0.5214231512263245,0.415714799692465,0.44102686661566143
3734,0.17386382818222046,0.6403985216827507,0.700505816775262,0.5967128570588591
3735,0.05563930422067642,0.7404091144928772,0.3339851928619524,0.7509272957625468
3738,0.07425883412361145,0.6657015078536306,0.340952378627114,0.8134517683069402
3739,0.1548006385564804,0.6579522839082219,0.6003562439007405,0.5807263524849624
3740,0.047359615564346313,0.8819386050676661,0.7067646638279503,0.9251813921819219
3741,0.09967543929815292,0.6978142345059103,0.39169558383262537,0.8165662621201975
3744,0.06670377403497696,0.6979953970302585,0.36876818459848776,0.7980781314775276
3745,0.13756462931632996,0.5004405883441745,0.03919013690830926,0.5121991686041675
3748,0.09611247479915619,0.6045886729445492,0.33778546126848913,0.669406112837907
3749,0.043078843504190445,0.8224232962870865,0.6740102997764493,0.8951588259839862
3750,0.07137718051671982,0.8070147201255935,0.6824764383896639,0.8052939998601353
3754,0.047851234674453735,0.6022558674062083,0.24250637646244916,0.8433759089384973
3755,0.055741142481565475,0.8168091884298507,0.6234241892716994,0.8921295523874938
3756,0.07438003271818161,0.8061448794796158,0.5062568766255744,0.8493002529235234
3757,0.11227353662252426,0.5429725079680899,0.19870777043180848,0.7847298699182701
3758,0.09215923398733139,0.7605357379982705,0.6170407026734415,0.8075927353734321
3759,0.08301515877246857,0.4556378399812221,0.028509840203929528,0.7475495665651992
376,0.04453127831220627,0.7548380205199815,0.3744053875861299,0.8337699965101996
3760,0.2339586764574051,0.6014325970736396,0.5143564306475384,0.6078640042500536
3763,0.09784195572137833,0.6951359056091886,0.563609629296548,0.7768400249194654
3764,0.0800025686621666,0.8223610895845717,0.7993043567916067,0.8536314055961071
3765,0.23276913166046143,0.47871249317220577,0.3605149991829896,0.42994613896956213
3767,0.11611165851354599,0.7430743565852331,0.6109415118425064,0.6493092597319112
3768,0.14401540160179138,0.46449703904347095,0.1324166845802642,0.5354847017828611
3770,0.08099878579378128,0.6367870902290861,0.49064443870614377,0.684746360967229
3771,0.06563536077737808,0.6011515458639239,0.28797979017159564,0.856554655485708
3773,0.2720136046409607,0.563975358592282,0.4312083385156702,0.5488690556863084
3774,0.0891621857881546,0.8089880683055957,0.8383813581806825,0.8305903106498246
3775,0.0696563646197319,0.6176258147033608,0.1044889052939959,0.5434054329430389
3777,0.045945048332214355,0.7178720502829872,0.37934093716114725,0.8234865964549984
3778,0.10119041055440903,0.7951122147459486,0.6600580503537333,0.8236208731560462
3779,0.06593409180641174,0.7139095381306374,0.46092835498416507,0.853469306303555
3780,0.07567990571260452,0.7464866513522761,0.3741930619605589,0.774989326495479
3781,0.07727067172527313,0.857667781427593,0.7660787493947728,0.8599392074246252
3782,0.06395848095417023,0.7187309571489946,0.41087228761885114,0.5793808039112338
3783,0.11281903833150864,0.69665811585139,0.34369872512485555,0.7450473262545743
3784,0.15315276384353638,0.5789946427902982,0.193308163111168,0.7187580956225649
3785,0.06161138042807579,0.8401957891084033,0.6074052123888517,0.8743100296140534
3786,0.2482651025056839,0.52001517605169,0.44603681832000913,0.6588194416943358
3787,0.04363171011209488,0.8166022701100286,0.5827305254837264,0.8977809927466214
3788,0.2466377317905426,0.6122404438022553,0.5973501934628558,0.5146035687074024
3789,0.10483283549547195,0.7002042054914,0.3754412948362995,0.8220294818409412
379,0.09013236314058304,0.8821941099215207,0.8109639890713158,0.8468155383191227
3790,0.044973913580179214,0.5167487284835722,0.04574882242880186,0.6106823071668257
3791,0.10925371199846268,0.6117712718194261,0.2635649989553506,0.7813322319875642
3792,0.06758323311805725,0.7170392219846089,0.35647471714491114,0.740179951421206
3793,0.07025197893381119,0.806326990950845,0.5188851481366057,0.8587041261976268
3794,0.08536892384290695,0.7234988798011548,0.5472732721099832,0.8532884492178356
3797,0.09968774020671844,0.7084481051230678,0.43443544913888943,0.814869836671199
3798,0.038898445665836334,0.7641585119951111,0.41970213268440787,0.8813707483283286
38,0.10422433912754059,0.8059199370355157,0.686705985009984,0.814414523039706
3800,0.13509304821491241,0.6774491201143673,0.3232246070028559,0.6963885897079691
3801,0.05551551654934883,0.8559638869918622,0.7232146036088679,0.8187798270280692
3802,0.10778099298477173,0.7575712692379851,0.5342220990562685,0.8400006613918347
3804,0.04958588257431984,0.7785632280666663,0.47048173654659237,0.8475826742588204
3805,0.1565849632024765,0.6756741336522075,0.6528632769759426,0.6072888654471559
3807,0.039743129163980484,0.7006546396684269,0.3001043535401522,0.810628357257591
3808,0.057899028062820435,0.7288008360185768,0.44660950448266107,0.8394482584726761
3812,0.09174349904060364,0.7201759274569198,0.37717281631726646,0.8168986422956586
3813,0.06998160481452942,0.8133496886710374,0.5702582197583302,0.8813339687651736
3814,0.09974820166826248,0.5311875179341814,0.30357647547833544,0.4056879996346697
3815,0.06140602380037308,0.7571820495751881,0.5380927840009494,0.8674344177656115
3816,0.18694597482681274,0.7652313326791318,0.8060400810367516,0.7338443399234691
3817,0.07469069212675095,0.7083513552560821,0.46391223424083644,0.8237466431086135
3818,0.05097382515668869,0.7268392812120033,0.36846867632709174,0.7778759715750685
3819,0.1702597588300705,0.6029836017045411,0.38166484541963824,0.6740151506174411
382,0.07585064321756363,0.8700691263864779,0.8267684298371454,0.8503688554610207
3820,0.048270974308252335,0.8841737184541065,0.7541704667660769,0.8712198547958824
3821,0.05312282219529152,0.7648482476759717,0.4671254735774625,0.8901619710999107
3822,0.21851028501987457,0.4212917813809262,0.22297538033154896,0.32966026835737006
3823,0.07865375280380249,0.8655785508759829,0.818309718827319,0.8764486609344373
3825,0.0886448323726654,0.7402058727005285,0.46002866046878793,0.8566918163218835
3827,0.045415688306093216,0.784894640657184,0.4608475355847265,0.8739497595780608
3828,0.02265278622508049,0.7024928713665403,0.3832731417068939,0.840606588822006
383,0.07432622462511063,0.8436734559651708,0.5700419885575716,0.8560646494793352
3830,0.07472184300422668,0.8519744802383529,0.7927068732735716,0.8876650060793987
3833,0.07014036923646927,0.804721875769681,0.6289710780427554,0.892691103294295
3834,0.06552749872207642,0.7084209991889472,0.364111950810082,0.8562172316684304
3836,0.040236279368400574,0.7953065548384279,0.7676844046876763,0.865932631822234
3837,0.06890077143907547,0.5739955800369803,0.08086968866692607,0.5418326715320849
3839,0.12951499223709106,0.7640155530195749,0.5831213686663481,0.6366557832508343
3840,0.07629556208848953,0.7237770129208791,0.5716055274166828,0.6467266264762811
3841,0.26402920484542847,0.5311426914591231,0.47320662764149646,0.6510053516632849
3842,0.12928439676761627,0.7111680393932321,0.668139174313965,0.6464870986772074
3843,0.19038625061511993,0.712216489844061,0.6654821659850966,0.7427152475486503
3844,0.15067927539348602,0.5260310245553584,0.16449936252571057,0.7265776791979591
3845,0.06772530823945999,0.7890696315337429,0.6192310423740031,0.8516723279863604
3846,0.07345132529735565,0.7260189605555118,0.3762981312736321,0.7537952261378362
3847,0.06562954187393188,0.6550164282030544,0.31082542927058116,0.7408185317640643
3852,0.11496999859809875,0.8111442015130501,0.7130638412197626,0.8450681636790911
3855,0.11398231238126755,0.45240405702053293,0.12735370834861334,0.2808181281713699
3856,0.10893639922142029,0.5808333198304416,0.1931043042046357,0.7424715749809435
3857,0.10327230393886566,0.6300469835995374,0.44766166975533755,0.7613174044990416
3858,0.043775878846645355,0.7744048244578796,0.41844880467534784,0.8389983397734087
3861,0.1524377018213272,0.6103501965217399,0.33147578061286354,0.7846085067698825
3863,0.07377250492572784,0.6632124611702768,0.5387893384584211,0.6804230733703422
3866,0.1000315397977829,0.6435851524562234,0.37391310635542463,0.855404397650382
3867,0.07250039279460907,0.8811516167305595,0.8387592385283951,0.8535933213281632
3868,0.06181245297193527,0.8699086572872718,0.6586819986329694,0.8970875425699216
3869,0.19805312156677246,0.6673773376175429,0.7078888807741249,0.6533843099515263
387,0.15898138284683228,0.6001691459457534,0.5677323408839647,0.5280496230096419
3870,0.11426405608654022,0.77459317061879,0.7177171899156651,0.8159116455070367
3871,0.1155148297548294,0.7432936694655166,0.6671088665086514,0.741082262441311
3872,0.05767709016799927,0.7035139851787042,0.32204540699488376,0.7776762323158646
3874,0.0225742906332016,0.49085142130886344,0.012994966662828416,0.26131958960275437
3875,0.054609645158052444,0.7427280371955433,0.5670519581519293,0.855152969720198
3876,0.027406927198171616,0.7957523360196878,0.4548549983764086,0.8927478497476034
3877,0.10563867539167404,0.6578290983246412,0.4273061503096943,0.8459460621993564
3878,0.050995465368032455,0.6598252991332728,0.3035918484006367,0.77387960310423
3879,0.07769917696714401,0.7405468620329125,0.5539914760413263,0.8401336502410808
388,0.14776711165905,0.7409113712028379,0.734071959443869,0.7048720532526522
3880,0.04367199167609215,0.7849527956043644,0.6795693070407667,0.8514541352060011
3881,0.028346937149763107,0.645208205575815,0.19793657902189046,0.7743115020189981
3882,0.039850492030382156,0.7221278098135169,0.24383044988759447,0.7551860379536
3883,0.06319697201251984,0.8219697197923663,0.7367025815189233,0.8760944455212949
3886,0.05596456304192543,0.5432299040235413,0.09392471694888886,0.5839549784232864
3887,0.08052647858858109,0.4980402585509013,0.014107872816138785,0.2991837768245542
3888,0.0751805230975151,0.8075387335960598,0.6171266385171323,0.8729677257731241
3889,0.05034059286117554,0.9043980126029723,0.787939113528145,0.8837273016485874
389,0.2090308666229248,0.4327631501461815,0.21340798032723546,0.30721590637815255
3892,0.31612882018089294,0.3491292734683352,0.11400610944347728,0.26879292274833877
3893,0.07920975238084793,0.6949334685754072,0.5739207574208715,0.8883368638489225
3894,0.24190321564674377,0.5006285612806297,0.2678212806485371,0.4558496604152734
3895,0.06662079691886902,0.7236251483631844,0.5572393371256177,0.8851814289623626
3897,0.0712304562330246,0.6478168737186544,0.26511415588443904,0.6482466780725076
390,0.08643544465303421,0.8337002509869076,0.7473733618051847,0.739383981444808
3901,0.17101450264453888,0.6506301297266177,0.5143443847931647,0.578088758229742
3903,0.1186935231089592,0.7907234214667195,0.6426223954725493,0.7586754329404448
3905,0.10240902751684189,0.7164102378436417,0.6002708941453242,0.736999721370035
3906,0.09333564341068268,0.8201363805615596,0.821968729253224,0.8229004043470385
3907,0.10252410173416138,0.7019540127572654,0.47828295189313563,0.8467669184298336
3908,0.06732016056776047,0.7410642614816949,0.5728032315581093,0.6927620076523157
3909,0.22542311251163483,0.5778274106549043,0.5105755883331633,0.5144695500001681
391,0.1357729583978653,0.821881015746674,0.7810491625694562,0.7813377177368176
3910,0.05136615410447121,0.7223964304527088,0.32028868395384935,0.8241997654237125
3911,0.06258657574653625,0.5871614635820475,0.48882481846406595,0.5118562698739381
3912,0.07731189578771591,0.7729352463592534,0.6035691956655544,0.7278538044519935
3915,0.05125276744365692,0.7269059721676269,0.37813514818596694,0.8279826529925132
3916,0.14697392284870148,0.7166688414729155,0.6656414869619551,0.7585624558564522
3917,0.2547306418418884,0.5783072939463667,0.7158179233972766,0.5889643899003311
3918,0.10684961825609207,0.7467193652704499,0.6676305027356831,0.7989050217009289
3919,0.05607880279421806,0.7616583528393119,0.5108967390420852,0.6709682339251246
3920,0.18426965177059174,0.6001840136674015,0.43844451515830435,0.780752823603763
3921,0.16394180059432983,0.42030482708866324,0.025459261309504804,0.2556640224089632
3923,0.2692704200744629,0.37759069549873725,0.1397025918490865,0.27957469817956726
3924,0.07659566402435303,0.7529402572759605,0.5124753485489869,0.8374623155235941
3925,0.03994547203183174,0.922559732535716,0.7324561306310089,0.9218771764345111
3926,0.10515092313289642,0.5945561636747636,0.19430058294616967,0.6562805822970585
3927,0.09618980437517166,0.7003635431599013,0.3523441176823721,0.7504934263094671
3928,0.05282093212008476,0.7168971527576056,0.32410160411138034,0.8297157417593428
3929,0.14119373261928558,0.7462744764160596,0.7239839712575726,0.7609746270804844
393,0.11422371864318848,0.5841653852705933,0.1726635864647867,0.5816316218691067
3931,0.044580403715372086,0.7738595869970277,0.4567984338005031,0.864336617298034
3933,0.1296699047088623,0.6801561568121058,0.3103663860561701,0.7395046091706414
3934,0.08109942823648453,0.7218919142678324,0.5722773143265245,0.7440831396741155
3935,0.3449341356754303,0.5105260602654124,0.5188376130608303,0.517476176059359
3936,0.08297768980264664,0.7318050903161222,0.5916259563092274,0.7383251157525503
3937,0.27806541323661804,0.6137169485597285,0.6809244235279247,0.5501727642776921
394,0.03657751530408859,0.8301896033026429,0.44826975240549455,0.7537972902991134
3941,0.06705138087272644,0.7273739257976443,0.511492112684971,0.8627600395948501
3942,0.07282701879739761,0.8454140485646828,0.7485857276505478,0.8774860474668544
3943,0.06975845247507095,0.7561162066034108,0.4612771069257916,0.888877285919381
3944,0.03296765312552452,0.6768511403266644,0.235877807472024,0.712317273635374
3949,0.07475707679986954,0.6169945160148319,0.30649240546075945,0.8684537263018566
395,0.2608654797077179,0.41346438301736055,0.19931745618860533,0.33036964208724606
3951,0.12428261339664459,0.7482528969076168,0.7506681990137266,0.751746489031053
3952,0.07862834632396698,0.8006474919566714,0.699324519289562,0.7546812879630991
3954,0.07330884784460068,0.5513437483792776,0.09613374986696224,0.50221070629335
3955,0.19559980928897858,0.4535430691233509,0.3349595691194307,0.35745809957751656
3956,0.05831647291779518,0.8918436236364804,0.707809592753246,0.8106295987323181
3957,0.08267662674188614,0.8514790958820282,0.7575852308198392,0.8662897901729378
3958,0.1961129605770111,0.6112428731138431,0.47519432336892087,0.7217924334157269
3959,0.0550357960164547,0.649214592760299,0.22593418230834514,0.6861845484739568
396,0.14149385690689087,0.6645160464236023,0.6096254032507312,0.5822218766466204
3960,0.08365071564912796,0.6348098319768286,0.24988858316090876,0.6986400751062041
3961,0.13058333098888397,0.551552657485034,0.25939296626363917,0.8041330652052985
3962,0.06133090704679489,0.60047470416404,0.11923621756392222,0.5990342597157714
3963,0.12814216315746307,0.843830809575465,0.8223630665588437,0.8161136957857711
3964,0.08073852956295013,0.5952110600430394,0.15977100761469187,0.5995106795039012
3967,0.04910281300544739,0.7613284900440029,0.3728940896227143,0.7852708069038166
3968,0.05061838775873184,0.6681479734218131,0.23404298987150476,0.784109557789953
3970,0.05140741914510727,0.8932360455193045,0.7299415188299292,0.9139188033538636
3972,0.11788725852966309,0.7352047637121775,0.4380147157931421,0.7828501868650914
3975,0.030731201171875,0.7216485581280387,0.5379547696073107,0.6828330218624497
3976,0.19425123929977417,0.5173305709011117,0.3648961979102599,0.536727449255882
3977,0.05089309811592102,0.5795379554173815,0.3010870437152054,0.4252988483567278
3978,0.09647342562675476,0.7014950300941143,0.3965276166244371,0.6029418062086849
3979,0.09426964819431305,0.666567271398278,0.31030615179584786,0.731892816860133
398,0.0989704504609108,0.7804451190217887,0.4542862662113244,0.764306758909486
3980,0.1040872111916542,0.5786364654488534,0.12095982470642713,0.5336220914699172
3981,0.1120709553360939,0.6783129466107609,0.4832423325814675,0.8439904243694473
3983,0.05615833401679993,0.6399051268816727,0.27355577548573057,0.8171460708429714
3984,0.06735071539878845,0.8356768848028391,0.7184719394729122,0.9044752024371705
3986,0.0361575223505497,0.758213628820499,0.40636263295521396,0.8923282103934125
3987,0.0883578360080719,0.5550760476945348,0.40763369280005823,0.46024906449617636
3988,0.025653507560491562,0.6925228168388493,0.3544905642512402,0.7812811886185587
3989,0.1670893132686615,0.5375925637938187,0.36855710006855263,0.615101206057905
399,0.07767610996961594,0.7200278984590325,0.40202153437686083,0.6477804419071874
3990,0.0401400551199913,0.5417506135457271,0.04607793110500659,0.6106594295360431
3991,0.08713256567716599,0.6044194992426557,0.1783630027662623,0.6593655922374835
3992,0.06227898970246315,0.5970263134090582,0.20151575996283635,0.6257754127712712
3994,0.06379370391368866,0.795459277108974,0.533422905417071,0.8634090418744911
3995,0.06248105689883232,0.6299236577727527,0.20122366246237605,0.7320652965699299
3996,0.17690251767635345,0.4221491723056787,0.07878457024049364,0.26877740465590316
3997,0.05015118420124054,0.5630573931286892,0.13545550371930154,0.560730258941478
400,0.29006361961364746,0.6200087821511245,0.7251899630630022,0.5604583527581317
4000,0.05802858620882034,0.7218307632773702,0.4317418426230714,0.826140169881417
4001,0.24372462928295135,0.5827164214299405,0.5165590117650649,0.5360726367307281
4002,0.17847834527492523,0.4669812259178385,0.2878800800207027,0.3503023095326079
4003,0.08364546298980713,0.874262584765098,0.7980632060364623,0.8525726970024364
4004,0.2021765410900116,0.3788634408123138,0.061100782078845554,0.6931581462396947
4006,0.08011337369680405,0.8626081681557314,0.679553833632186,0.8677714576693126
4008,0.10174959897994995,0.5296292655995125,0.11245059075002657,0.5430213342891405
4009,0.2291526347398758,0.6938294534272874,0.7641669232011614,0.6524369448105688
401,0.06686513125896454,0.7611658563195793,0.38461687627895774,0.7804295034953528
4010,0.30753907561302185,0.47955459626648567,0.43405220323892707,0.3978685977890463
4011,0.12239889800548553,0.6884615236883525,0.6236118073298812,0.620322245495274
4013,0.3758861720561981,0.435336343069628,0.45052646614842357,0.4765246530188221
4014,0.30980825424194336,0.5131198927025252,0.5830128758528785,0.46722591256033885
4015,0.15017665922641754,0.7735385572908299,0.7407457272817344,0.7018635231572937
4016,0.20486651360988617,0.6623891442530521,0.686400844106873,0.6889117812874332
4018,0.37563905119895935,0.5122709548553269,0.599781070987659,0.43108264605019064
402,0.22572743892669678,0.5987124273381317,0.6312379298845702,0.5258979706094181
4020,0.0974009707570076,0.8197295765703216,0.7883369357593288,0.8245108991903386
4021,0.19933584332466125,0.40435327258073545,0.07238121665550228,0.2646300139197755
4025,0.09320081025362015,0.8414389963906441,0.7084982550500879,0.8377736763363526
4026,0.11587828397750854,0.7544609204847641,0.685425394545408,0.6947295610931876
4027,0.1926829218864441,0.7240647282777972,0.7349377791596805,0.6718093022352573
4028,0.4902481138706207,0.3681320199975882,0.47543337071300873,0.3120274328008576
4029,0.08367633074522018,0.7876043695360124,0.5746347506165983,0.8062626275520031
4030,0.4647626578807831,0.343216076710651,0.4433939785335714,0.3342689131662082
4031,0.08386342227458954,0.8622677546839879,0.7448489475750931,0.8847584268153884
4032,0.17690053582191467,0.41531215804943405,0.050711215195486034,0.26027419650510375
4033,0.22245219349861145,0.4185152663302245,0.1514957790553779,0.5314642565159993
4034,0.06028066202998161,0.8459435664473529,0.4960265446906045,0.7539528094908136
4036,0.08119720965623856,0.7619053620537581,0.5776400642167349,0.800921871473405
4038,0.22751764953136444,0.44892444405917775,0.3938669370289877,0.37283262988957966
404,0.1719372272491455,0.5853338453904169,0.308779515860601,0.7386941518553144
4040,0.20265018939971924,0.7007243877055693,0.7903068312961378,0.6825546764589681
4041,0.18309929966926575,0.5727238649428427,0.5252913914774595,0.5840721301375682
4042,0.4665354788303375,0.45643208657884304,0.6209908261584183,0.36241595675476274
4043,0.16241319477558136,0.4222599197109166,0.04771900029968281,0.25988093300405973
4044,0.1494370549917221,0.7267315246758107,0.4817178424126681,0.7599474425083367
4045,0.21842756867408752,0.40996119572982653,0.1464634364932602,0.2907604697636434
4046,0.30700185894966125,0.6793400231854676,0.8274577075405619,0.5916723473129275
405,0.2938211262226105,0.4787753171410581,0.5592909382759318,0.44597606889895325
4050,0.09437750279903412,0.8505565538588571,0.7962028760936968,0.8740936401874488
4051,0.37465155124664307,0.5352199438359365,0.64050780264482,0.44056220920129024
4052,0.20602558553218842,0.5493109293252816,0.3797698475991698,0.7448542044078117
4054,0.5038518905639648,0.4514764475690747,0.6324556129821081,0.3266014903639087
4055,0.2225153148174286,0.6361208232007819,0.716141048266569,0.6134431138028733
4056,0.2633410394191742,0.6273133184381661,0.730637394390498,0.5822265445635059
4057,0.28947779536247253,0.39044912723320696,0.2911390285899603,0.3234974218906942
4058,0.2897060513496399,0.5287125736041771,0.5637929944745296,0.459261931569211
4059,0.12718726694583893,0.6898849262144595,0.3643049673720694,0.7933495756100648
406,0.05997421219944954,0.8378414444616689,0.5743268942008432,0.8662452413391467
4061,0.18044613301753998,0.7049351284545704,0.7929187701797612,0.6976098738918486
4062,0.09190968424081802,0.7825049255769132,0.7195149976505911,0.7105502145882023
4063,0.1342507153749466,0.7984782488488146,0.7380314107556557,0.7456861097274493
4064,0.10370469093322754,0.8245169343054777,0.6536827614840841,0.7675622392806962
4065,0.1628577709197998,0.5796050341187485,0.3137285304656522,0.4929510299918764
4067,0.43785303831100464,0.29660174940372125,0.16451217875597443,0.2769945950514153
4068,0.04105665534734726,0.9137027482210202,0.795995556141005,0.9203917224452949
4069,0.07686174660921097,0.8379715361431108,0.7488866497926293,0.7859786656421439
4070,0.142483651638031,0.5744607995240265,0.3289303037835326,0.6457999272477917
4071,0.42780524492263794,0.29271747238085216,0.08919821040984317,0.26407942194772727
4072,0.07111964374780655,0.8288360670341651,0.5831801930861417,0.8724631217898137
4073,0.38895201683044434,0.40869367634887843,0.3897832367126252,0.355893817846639
4074,0.07647691667079926,0.7880819051769654,0.7075829934091262,0.7867390805167701
4075,0.017186028882861137,0.5203825936067646,0.016895884082473788,0.3957341836977035
4076,0.15607325732707977,0.753877998493008,0.6816806225857441,0.6903274658567146
4079,0.15363812446594238,0.6045596366875479,0.5948744542330082,0.5346360295298486
408,0.08274534344673157,0.8347058698247793,0.6859120107406088,0.8407408121504515
4080,0.141867533326149,0.7239579004299843,0.5439137745522021,0.7908703628332027
4081,0.2381448596715927,0.5694540294795356,0.581819668773583,0.5052256660957919
4082,0.07334042340517044,0.6017597012820135,0.1284171529405158,0.5241772642740679
4083,0.18891377747058868,0.7050035226302448,0.7553890530781617,0.7074975438585042
4084,0.11229370534420013,0.8205832635605492,0.8172060384507945,0.8150700374740467
4085,0.3386220335960388,0.36079559053049537,0.19185717863352442,0.3424226542094378
4086,0.2017868012189865,0.40027538328319395,0.008625724374377673,0.2517620250896355
4087,0.12400095909833908,0.6448363688366725,0.4153989187052858,0.759574329638448
409,0.0528247244656086,0.9271308160929728,0.8472279329825604,0.866763567067552
4090,0.14067888259887695,0.6459335353051987,0.5380893734139706,0.6185360769510725
4091,0.1016872376203537,0.6706470868674038,0.39141107374543826,0.804878793646163
4092,0.1480976939201355,0.4296674805191146,0.05169249192658179,0.6245562392370043
4094,0.23122578859329224,0.6362483124656779,0.7304999797701432,0.602344499818628
4095,0.11999461054801941,0.7563396544508092,0.49343588386065873,0.8101197949100016
4096,0.44718432426452637,0.4590059913759563,0.653711611937096,0.39307682735076266
4097,0.09047706425189972,0.8097772312259222,0.8047399015694505,0.8141716594711927
4098,0.06702015548944473,0.8553627842858631,0.7304065099091679,0.8840155664841716
4099,0.3120690584182739,0.5090868622827901,0.47416867952903724,0.4149541934770038
410,0.28558027744293213,0.5516807391228937,0.5999536086083721,0.48013474726477146
4100,0.24397587776184082,0.3760693318946687,0.06078257342443007,0.2764130844140942
4101,0.11726810783147812,0.8030677872325149,0.8274567213191529,0.795085080854003
4103,0.37124165892601013,0.5086666243530045,0.7111466817684035,0.4800064415062508
4104,0.07544958591461182,0.8202086462863711,0.6388809718857938,0.8767282397718617
4105,0.16572125256061554,0.46763559075027916,0.021115090798362716,0.30542442648447143
4106,0.22644183039665222,0.5385439446620129,0.6263742290323306,0.535447899245757
4107,0.061807781457901,0.6262236511016482,0.1280182870082888,0.5515078297707043
4108,0.5557902455329895,0.3304506287070721,0.5089462619360398,0.27581672659496115
4109,0.08397570997476578,0.6719414356227622,0.28948135520469376,0.7516887918702061
4110,0.051179930567741394,0.9034311516577374,0.6928824389902652,0.899311367965379
4111,0.30408746004104614,0.5638457973619294,0.6186013091567676,0.4889928966681304
4113,0.05084740370512009,0.8847631751867626,0.657974120397283,0.8846649847564275
4114,0.22266297042369843,0.5519906510584419,0.5741540724996849,0.49965694317064435
4115,0.11422012001276016,0.5508597917918602,0.1145519697046691,0.548168225796175
4116,0.09464173763990402,0.6740931786286694,0.3071072282790658,0.7572943425504662
4117,0.06592705845832825,0.4714750183233984,0.05134074995410035,0.263306234751569
4118,0.5589846968650818,0.2563116005656884,0.2826742125362037,0.26825058891831643
4119,0.16707758605480194,0.765090760048446,0.8554756231421716,0.7609830335438781
412,0.0776209756731987,0.7043271676923049,0.43533052493785307,0.7981056524594901
4120,0.16812799870967865,0.5993809163416179,0.26577361248698905,0.7238806486447276
4122,0.08257421851158142,0.8881392552863745,0.8102765122191742,0.8770153451369588
4123,0.29074400663375854,0.601147936751016,0.7126486589146191,0.5492849067625529
4124,0.06863144040107727,0.7579489427222331,0.49376253106826185,0.8213303507758396
4125,0.10652156174182892,0.8643106210150342,0.791758046724392,0.7988356904381877
4126,0.10272501409053802,0.6640609709795154,0.4726294787912757,0.7452506393883858
4127,0.05368119850754738,0.8797938750696342,0.679208043210708,0.8883197974984918
4128,0.11679960787296295,0.7686152662977004,0.5823986066873851,0.7643580551873117
4129,0.14422768354415894,0.5224601105754354,0.19218165401033127,0.741369496078622
413,0.07458401471376419,0.865715098692929,0.8484702755891244,0.8512903829995958
4130,0.3191707134246826,0.34412894453069603,0.058880056275493003,0.25987740471336673
4132,0.08945348113775253,0.8349126356112488,0.80615779574923,0.800977950715553
4133,0.39211997389793396,0.32063740791483675,0.1752784650702451,0.2831530947349634
4135,0.22171691060066223,0.6925591648556135,0.7795205541539781,0.6467941681618525
4137,0.6081784963607788,0.33285604161715765,0.5374446284394403,0.22491544606407732
4138,0.20855878293514252,0.4104673872426711,0.16520417267642373,0.29219603173677056
4139,0.2886267602443695,0.48168040044421,0.3116965178379881,0.464102956736266
414,0.23629702627658844,0.562669963664642,0.5947522160834011,0.4869224812719265
4140,0.08470192551612854,0.5415371993785311,0.10114808201130539,0.8135727916849439
4141,0.3698382079601288,0.31905785239123763,0.05691585849266228,0.2595719965473299
4144,0.2535499334335327,0.3912348039728567,0.23035442727160427,0.3095257889801696
4146,0.09494514763355255,0.6879619650882347,0.5027171806276699,0.6759246776770713
4147,0.07368550449609756,0.8421104783953248,0.6695377197535162,0.8487297590100016
4148,0.14089520275592804,0.5496145650496866,0.3955018195811583,0.7036846600367586
4151,0.0463109090924263,0.9014147581113547,0.7260604966030801,0.9163895410850968
4152,0.06428854167461395,0.7213455284053856,0.5058921063464659,0.903952880506373
4153,0.16313117742538452,0.7442541399355891,0.660294065574311,0.6598383837652129
4155,0.29995086789131165,0.5598101938481774,0.6721182705073845,0.5110272993967349
4156,0.2430795282125473,0.43593601214713884,0.21189857328714104,0.34565087675572026
4157,0.1305924654006958,0.6570884187605932,0.6118576047126496,0.6465252827950599
4159,0.14260634779930115,0.64897994151723,0.677142738229676,0.6454497974873266
4160,0.09436900913715363,0.8073585223386811,0.7175874108794388,0.7636377424835376
4163,0.07594843953847885,0.7565270781738057,0.5515796210173302,0.7770873892665062
4164,0.1388620138168335,0.5250633608020492,0.24612974713819952,0.41114103167205596
4165,0.11529398709535599,0.6114946962960723,0.5739264016537933,0.5342624402280804
4166,0.07765421271324158,0.8322908533804108,0.651576191894449,0.8851419418701267
4168,0.0932258665561676,0.7811753191788899,0.7276331241537444,0.7851110407854918
417,0.15382738411426544,0.7476417474308279,0.6819315631905432,0.7600230650393329
4170,0.08917694538831711,0.8438858203313693,0.8250616671148275,0.8193281078765882
4175,0.04673609510064125,0.8406486024755464,0.7212214789253302,0.9131702998530697
4178,0.13502781093120575,0.6636669896468521,0.4324099927210051,0.7906637125420913
4179,0.09745779633522034,0.763645374295989,0.7548578160280885,0.7583848107911267
418,0.05609145760536194,0.7285547350959951,0.29203092462683883,0.82554511752518
4180,0.12854035198688507,0.6010429757675666,0.36140282274365926,0.4839236544605343
4181,0.16723789274692535,0.5831501864130566,0.5094093114292289,0.5471185610899748
4187,0.10830975323915482,0.683840156309903,0.35813171526986065,0.8239295503445561
4189,0.1262766718864441,0.7255423699290179,0.6159929389370945,0.698004956865073
419,0.04076901450753212,0.8763634996463361,0.6946317291873878,0.9250013410405282
4190,0.23810593783855438,0.656880983717077,0.7109000660587173,0.6125010765260079
4191,0.08761127293109894,0.6997909939859193,0.4032088839604188,0.6484153484429709
4192,0.12869852781295776,0.6672942193904685,0.5890915771314589,0.6942935041364637
4194,0.08084786683320999,0.7540889394526793,0.6413468816872169,0.8744033763735258
4196,0.05990274250507355,0.8545031391622625,0.651577361923673,0.7627759802525576
4198,0.05654682591557503,0.7921341172193463,0.5585210907455921,0.8742625332275021
4199,0.15160499513149261,0.7098537781531588,0.7461371551564605,0.7536348878970911
42,0.08280493319034576,0.7141939255736101,0.38685464361098587,0.6530329989778708
420,0.09689367562532425,0.7634398771638706,0.6187491200637252,0.8137101197720016
4200,0.038014572113752365,0.8338017551788068,0.6623107997807021,0.9232992751246598
4201,0.1198040172457695,0.6406348043543415,0.5499711658494179,0.5697074086653662
4203,0.0716269463300705,0.867741127481307,0.8320218609954266,0.8641977631896193
4210,0.11290518939495087,0.6169391036514769,0.5468284993405211,0.6626178031467521
4212,0.14626692235469818,0.6238268216022954,0.3063846730066118,0.7364285803794794
4213,0.12426738440990448,0.8264887550856641,0.8067360350980054,0.7947419775806375
4214,0.10101240873336792,0.7739579781966732,0.7018758493956815,0.7619798315009407
4215,0.08579346537590027,0.8235307575791488,0.7745414438192301,0.8515914809429204
4216,0.08079708367586136,0.547747424016915,0.09698946915796765,0.5670860666550916
4219,0.10271570831537247,0.6373208076214996,0.5194382261133859,0.7701339020355823
422,0.10405003279447556,0.5327931034794537,0.02160084928031724,0.3453952045940174
4223,0.06673262268304825,0.5921637737933105,0.20306671291324171,0.7340116517520692
4225,0.10628531128168106,0.7293433521406516,0.7515895284568693,0.7029630824848955
423,0.06870751082897186,0.7856237539532953,0.7147427335223517,0.825416463307993
4231,0.1298523098230362,0.7601494320613207,0.6292215511572888,0.7950358539742688
4232,0.06947232037782669,0.7092032886159245,0.2816427085779152,0.7634977820084019
4234,0.1578049212694168,0.592030780762357,0.5273701228011043,0.49478010925258187
4237,0.05112381651997566,0.8945403660669718,0.7917369708284074,0.9271283624121794
4239,0.1344299167394638,0.544445878494139,0.3926999407638674,0.5080659351082846
424,0.19714748859405518,0.6314556883871247,0.6168274929410856,0.5850447602950193
4242,0.1957186460494995,0.5974711517545874,0.6379078292136154,0.551903856940018
4243,0.13316364586353302,0.5325921978144282,0.3069468676495953,0.5961143842694548
4245,0.14545831084251404,0.6588365887565086,0.6163236919990736,0.7136307705926943
4246,0.04463590681552887,0.7972975021454153,0.47272992300810956,0.8411144159027011
4249,0.15335041284561157,0.4893224951819661,0.33234963215801117,0.36713271142357545
4250,0.07015857100486755,0.8118492762774294,0.6947026281992642,0.7982742153965753
4252,0.061869945377111435,0.8664085421213826,0.7042142725986014,0.8706174451356008
4253,0.06254299730062485,0.8741104246795823,0.7529695740535961,0.9017455842338126
4254,0.07390140742063522,0.8346536221022169,0.7309652893287546,0.8863678732575471
4255,0.17183901369571686,0.6295400997007857,0.6324786756994915,0.5771660942604971
4256,0.07198705524206161,0.7314820884817658,0.4782511225913526,0.6587772884255667
4257,0.17032325267791748,0.5474850836099356,0.32123105250016043,0.6046134967059105
4258,0.1412416398525238,0.7203226339685276,0.6871334398180112,0.6874964447558596
426,0.14214608073234558,0.42991856073003903,0.019231374574393514,0.25658377159152823
4261,0.3126894235610962,0.5694734939807761,0.6752198182712162,0.5301822036478532
4262,0.1382049024105072,0.6228910117985627,0.5170416103797053,0.5054790992123452
4263,0.23810966312885284,0.5372746385315355,0.5586807001244626,0.4756317901472039
4264,0.38887476921081543,0.4432681148251538,0.6027016006068994,0.4161917222433859
4265,0.18532687425613403,0.4131816872598378,0.09809234098939801,0.2708048338440653
4266,0.05277257412672043,0.7606878780982065,0.47294827519341054,0.8311083931928587
4267,0.13777980208396912,0.7098923957438317,0.5270737905342392,0.7932895145703406
427,0.17704623937606812,0.6309329725496564,0.40695814085989435,0.7925876077168297
4270,0.18189705908298492,0.6530462367176578,0.5186986673013991,0.6693823258651274
4271,0.036622874438762665,0.9085747026897066,0.7836302735339754,0.9132324460041397
4272,0.07006235420703888,0.865624378013281,0.7220906428115804,0.8970915049778516
4273,0.05956488102674484,0.49010896775039553,0.0373751826315434,0.6842843623751583
4275,0.10503227263689041,0.8086842885931315,0.752579420631908,0.8275859149063604
4277,0.22938476502895355,0.48718066160399853,0.5181353160141808,0.4402925305152241
4278,0.06682823598384857,0.640738083718698,0.2804669494872719,0.7908054365723968
428,0.050887368619441986,0.9092461887008048,0.7288093407676917,0.8742093236866103
4280,0.06059284508228302,0.7784875997783929,0.4742108485495317,0.8479118046116094
4282,0.1252191811800003,0.45911608081925154,0.11142423606822616,0.2833588179030838
4283,0.13384686410427094,0.7034109640155313,0.6173635554749746,0.5892915176804132
4288,0.08781260997056961,0.8143950830931335,0.6910218245586891,0.8864380196240365
4289,0.09569727629423141,0.7334435625128156,0.5197292737275274,0.6293737740506298
429,0.4841456115245819,0.2609766451801017,0.2095417114586504,0.3306866346099098
4290,0.09357034415006638,0.7209378733681956,0.4962764584932323,0.8508000378451475
4291,0.12280971556901932,0.6614792604415423,0.5015876012199283,0.6485923391497401
4293,0.23211082816123962,0.685225996020705,0.7010079018341215,0.6050236199031105
4294,0.07273434847593307,0.7405167070108669,0.5043328505296645,0.8958805845290008
4296,0.11891287565231323,0.8008237024126,0.8034998352923841,0.7981812675974947
4298,0.10923641920089722,0.7780108307884671,0.7146165155194855,0.8319527498310418
4299,0.12813086807727814,0.437701544567696,0.02278161388967352,0.2581690844927661
43,0.035245586186647415,0.9009036758009437,0.6975957734898853,0.9111748201675363
430,0.04279843717813492,0.8842458188824265,0.6037524961647072,0.8810382323650656
4300,0.17521923780441284,0.5655891772596467,0.49753254623507076,0.46011560995227085
4303,0.1649499088525772,0.7070795916867632,0.6703199845698994,0.7128173679144847
4304,0.12638507783412933,0.7918872520508383,0.7372187386672769,0.8009809711916728
4305,0.14761675894260406,0.7527829596585425,0.7202902870678134,0.7405610492642013
4307,0.07891924679279327,0.699358475960909,0.5631049388449647,0.6211067204540558
4308,0.0762588381767273,0.8269957681963387,0.6082428549422021,0.8608732074804643
431,0.0605577789247036,0.5003710966906353,0.13551245359154324,0.3043212270302593
4311,0.11903804540634155,0.6801541836109284,0.5492386948059025,0.7289673799574774
4312,0.48782122135162354,0.2592287546708848,0.05471780451669509,0.2547684159284197
4313,0.045899804681539536,0.7416090185945751,0.45226737182083143,0.8851084697076261
4315,0.05397961288690567,0.8406464186289877,0.6022505776377635,0.8842096728948903
4316,0.11293818801641464,0.6792324913461156,0.6088707771721871,0.7260473590061246
4317,0.0511816069483757,0.8891703668659517,0.7564957004907625,0.8674328461710474
4319,0.11950137466192245,0.5555409490960717,0.1798034339572777,0.3510656066920434
4320,0.03995298221707344,0.7306605451039341,0.46941482437090326,0.8109880749533449
4321,0.08203020691871643,0.7189782623996064,0.4964267339428213,0.740730771401485
4322,0.1323799192905426,0.7097802571670593,0.6981884973542324,0.6606703912772947
4323,0.1283319890499115,0.44478453926680667,0.09519101300768751,0.2787738710537788
4325,0.13496556878089905,0.7019161283034664,0.44395758346629943,0.7716878570974519
4328,0.11971919238567352,0.7454100819827403,0.7378570769442093,0.6746035777494004
4329,0.10439768433570862,0.7851967131644738,0.7911823921456518,0.7273284748315298
4333,0.0662226527929306,0.5984387005218902,0.22391263320094099,0.7623274067886949
4334,0.060380686074495316,0.7862596808244686,0.5002541446130028,0.8424775275970607
4335,0.04133932292461395,0.7777646890687678,0.5513384544673948,0.8668690751559923
4336,0.047948844730854034,0.6694153532233837,0.19582373408314047,0.7049621236974468
4337,0.06569205969572067,0.6445369633686535,0.19872060124343485,0.6411156867003149
4338,0.3906552195549011,0.3992644289349815,0.45199003808685295,0.3780124959323027
4339,0.03577557951211929,0.6375543782085287,0.2343713358964005,0.7320700383491091
4340,0.10244768112897873,0.7330760021857291,0.5646207426596012,0.8447117116497282
4343,0.053133394569158554,0.7282781200261679,0.27074945306892884,0.7525680548384532
4345,0.08078494668006897,0.7045284680274154,0.3417139024202641,0.7512830054391866
4346,0.055116090923547745,0.793104014080223,0.6992441312648274,0.9011087675904523
4349,0.05297702178359032,0.7505642285997425,0.35624531136281584,0.6630985745773532
4350,0.22610022127628326,0.4400857905571483,0.2323081223954389,0.5371025912356855
4351,0.16080497205257416,0.6203709368062902,0.25255365403745367,0.6663862413016346
4352,0.2712517976760864,0.365850383456761,0.03366221970842131,0.2529593190026477
4353,0.1149335578083992,0.7982686352040298,0.7748784410965773,0.8220841679432769
4354,0.10828429460525513,0.5622264319202435,0.27699793496748076,0.8015928032387707
4355,0.06275312602519989,0.7441247872192756,0.7277083083519951,0.786582685257261
4356,0.04474392905831337,0.7188713102916284,0.3354904601559679,0.7851179208863133
4359,0.6160491704940796,0.2340621034012944,0.3082643520991078,0.22442958930709153
4361,0.02979191020131111,0.9028198371170346,0.7063516793803605,0.9307774097759698
4362,0.0206721443682909,0.6029454091633587,0.1797257021902564,0.44657244659430956
4363,0.08534539490938187,0.7334412984770462,0.5258883007356936,0.7725774567563459
4364,0.3018196225166321,0.3542155643849228,0.08425815407795105,0.2664319630566916
4365,0.07108817249536514,0.6849612022056917,0.39135331354803254,0.786455046577229
4366,0.05103183910250664,0.5260654145796484,0.16092801467896548,0.7568942557319643
4367,0.21157030761241913,0.4004507353115953,0.09639970226454088,0.26960430560110427
4368,0.049160417169332504,0.691836982104326,0.3030151607619088,0.7742323188946099
4369,0.08051115274429321,0.7910572938002576,0.6744411260860611,0.739082482298868
437,0.05902514234185219,0.8446708120546487,0.6317691685848712,0.8735987393176501
4370,0.03897613286972046,0.8816189456764886,0.44292531009659963,0.7772111374869659
4371,0.19841156899929047,0.6428542157858868,0.6212995401981697,0.5760262417798878
4372,0.09004507958889008,0.8362674932208889,0.7481799273914197,0.8657241797791098
4373,0.020810414105653763,0.9326210361310083,0.6257530397004435,0.8689190182125225
4374,0.029003946110606194,0.7170609642306214,0.3688731414358687,0.7966594083879659
4375,0.0671776756644249,0.6530848035742864,0.22556485091445425,0.6605685999456654
4376,0.03335663676261902,0.6466075650944478,0.21437398677679184,0.6910402462755687
4377,0.06392884254455566,0.8668822260741478,0.6844342948876816,0.8284434175333808
4378,0.06580092757940292,0.7581614592186587,0.4726551112479197,0.7814361154289127
4380,0.12671691179275513,0.6618540084117209,0.53205503826616,0.6938972800366839
4381,0.06654221564531326,0.4860714653252177,0.05127381308047389,0.35236683965799676
4382,0.030073268339037895,0.9265829994647188,0.8286227224887939,0.9495782772664149
4383,0.13151514530181885,0.7512521952317351,0.7799327688539568,0.7419008764988039
4384,0.09380482137203217,0.7132138859637381,0.1771676048432568,0.5886519622835238
4385,0.14019912481307983,0.5005574226791416,0.26282464422642643,0.4538184013816962
4387,0.0964965894818306,0.5212432209994,0.12413078065817702,0.668940102679192
4388,0.099059097468853,0.7763043255667338,0.5777822807505463,0.8041739451641494
4389,0.06109796464443207,0.8166754058512053,0.6749709575076693,0.8099027564505881
4390,0.0944608673453331,0.7976081752383699,0.5267131329285437,0.8019342411986725
4391,0.1192176416516304,0.6450779881948001,0.5866673366131339,0.6746339528204981
4392,0.166792094707489,0.46858082163987086,0.3470214165917216,0.36820590174872414
4393,0.08194225281476974,0.7627705727876419,0.7264121876189197,0.7376360306288386
4394,0.0960773229598999,0.6551127732291644,0.3258526911937197,0.7518880345116397
4395,0.04326813295483589,0.8996599857141012,0.7104867101059292,0.849279253983739
4396,0.07451602816581726,0.6184707233349958,0.2577819025524597,0.6969442521381837
4397,0.05322008579969406,0.7531136897304611,0.3820372277843495,0.7758260873344468
4398,0.0910157710313797,0.5112058956621917,0.14524099252062664,0.3693503231120481
4399,0.2591111958026886,0.6061405835656445,0.7327267630093075,0.5727947378715788
44,0.1208442971110344,0.786554456893058,0.642981639921207,0.8489585939404751
440,0.09033562988042831,0.7615474244236136,0.562993247866553,0.8284935639840683
4400,0.43049246072769165,0.2906221436406012,0.08344188853726163,0.2628946840622427
4401,0.05626972019672394,0.70847447565389,0.5903454814530366,0.7656672735436182
4402,0.026146888732910156,0.8563622684177313,0.5520988442514443,0.8959320295695841
4403,0.054484836757183075,0.6011092690956211,0.26150597208335497,0.8462353387533186
4404,0.07006075978279114,0.6757551391692642,0.2451792848520195,0.6296845196131775
4405,0.11724662035703659,0.5568692622753747,0.25568936665722347,0.7421864081848244
4406,0.0854145735502243,0.6171704180058197,0.20680855829287104,0.7037659416004147
4407,0.05478667840361595,0.8950454316281844,0.861220505161517,0.8770196973347626
4408,0.2363247573375702,0.39063985225735115,0.10585989034051856,0.2728141283100262
4409,0.10271621495485306,0.6563344341715125,0.31190261802734914,0.7893191195170828
4411,0.0617055669426918,0.7059293180252686,0.17794777896609662,0.6490891512198571
4413,0.04878012463450432,0.678398148558796,0.24542127787590232,0.6930281245011863
4414,0.07538076490163803,0.7778862043787773,0.5898385726585109,0.8419840127488755
4415,0.05381278321146965,0.6910579417815608,0.35393005291809354,0.7463458318493488
4416,0.18419907987117767,0.6137243448933403,0.600024305165151,0.5394317194327471
4417,0.10631045699119568,0.6569698266393417,0.532752380611704,0.5810651077679767
4418,0.14336223900318146,0.4303976613105806,0.02435306161810167,0.2531598472197137
4419,0.04476229473948479,0.7319455084547157,0.32297360081736626,0.7223656213139278
442,0.14058756828308105,0.5402265935695308,0.19637646893590946,0.7356454354466999
4420,0.22542981803417206,0.40386679985804214,0.15677333044846745,0.34318419518041954
4421,0.038642194122076035,0.8635387264387412,0.6291125436252258,0.8567524853130905
4422,0.06566157937049866,0.7585169691220935,0.39781117495604773,0.8106041764937668
4423,0.12811733782291412,0.6511593420712666,0.41130947997532075,0.7832946014089915
4424,0.2722522020339966,0.36702679102154045,0.04924890598151389,0.2569584450553065
4425,0.11495422571897507,0.6294830922347159,0.4489958611519588,0.4801932334141248
4426,0.48298242688179016,0.3435137749300584,0.45332478425184,0.313702147680461
4427,0.11721237003803253,0.4829055260441418,0.1685807389005424,0.7804832773326874
4429,0.08094751834869385,0.7275202767046451,0.6027268448938129,0.7228448086470728
443,0.11516717821359634,0.8373397520992744,0.7597694229875509,0.7817773427206695
4430,0.023650316521525383,0.9474066277460857,0.799756987810705,0.9244892904199004
4431,0.12887175381183624,0.5271289099004896,0.4679737909546794,0.46970167097508553
4432,0.03314877301454544,0.8601990264476278,0.6556388564708323,0.8471629377278662
4433,0.05818377435207367,0.8232710827180467,0.70868943052897,0.7514385234747087
4434,0.0690920278429985,0.7920856036785744,0.3932713416387073,0.7619798745504124
4436,0.12092233449220657,0.7065519944276889,0.6309078216113897,0.7820473133148553
4437,0.05718338117003441,0.45731135212316926,0.00029176487296004374,0.6309833096562898
4438,0.15762442350387573,0.5694652170418503,0.4996784888472096,0.4802001888601504
4439,0.07446563243865967,0.865256808053789,0.7736427974081829,0.8952919457362534
4440,0.13008996844291687,0.7808444296037824,0.756999023188383,0.7352772414322934
4441,0.16226480901241302,0.6521191575582661,0.6298622524894233,0.5599108052830271
4442,0.25065916776657104,0.487408364657527,0.5025989871720055,0.47208459956023563
4443,0.05972298979759216,0.7685759144025851,0.4749138149151999,0.8533707292183104
4444,0.03527588024735451,0.6102399497008842,0.1328616226976683,0.6280218889869846
4445,0.2562408149242401,0.39941075395412,0.27144640062705,0.3213534814346467
4446,0.02022964507341385,0.6210335253454461,0.17740513865603016,0.7481118052019349
4448,0.13473980128765106,0.7600290861435187,0.6487198031902811,0.6612793282597694
4449,0.18184490501880646,0.6241277351332014,0.6598608260901857,0.5724059476743772
4451,0.0429919958114624,0.8106861587592817,0.3928368301273326,0.7597583455123416
4452,0.06937053054571152,0.8407045890552568,0.6040069780423953,0.8514386690503737
4453,0.03283524885773659,0.8404887863756427,0.745697830845317,0.8419261804464219
4454,0.06544365733861923,0.8302109648735138,0.7348603754547751,0.8258547583601203
4455,0.04014427959918976,0.7135347955687436,0.31957414832994513,0.7005217655195632
4456,0.0815853476524353,0.44305186669860114,0.01624177048544361,0.7064186206110143
4457,0.1002369150519371,0.5336975103942431,0.11304399688508913,0.6493232728151626
4458,0.187345951795578,0.4595985048481023,0.260218493149672,0.379134867145511
4459,0.03934090584516525,0.6742227971581025,0.155494209540774,0.5892353005523447
446,0.07010491192340851,0.8265885823762471,0.6106300970695326,0.8606750039467073
4461,0.10276629775762558,0.613258736616822,0.2775627632808827,0.6744659652595444
4463,0.09902423620223999,0.8030996998265476,0.79908160383641,0.8230122250681835
4464,0.05791103094816208,0.5427229489818048,0.15337056074384303,0.3798480866187991
4465,0.0463687963783741,0.69671832682476,0.35637928227951854,0.7768100372434039
4466,0.17200875282287598,0.7170864400590105,0.7007081122901118,0.6337616014212153
4467,0.10568132996559143,0.6350658288769956,0.33518113299879987,0.7917355600679544
4469,0.12428201735019684,0.804411189897906,0.7189505160176696,0.7062815278730069
4470,0.4753587245941162,0.3376477708376162,0.4629123203229717,0.32194701358041433
4471,0.03729308769106865,0.936895499713365,0.7268985353668374,0.9066268142926329
4472,0.26937705278396606,0.4548932348972117,0.5250280490629088,0.43083237270002944
4475,0.03693753480911255,0.8675070072917075,0.6917296883242888,0.9169179259451133
4476,0.01966179721057415,0.7887910367459259,0.5312178097056711,0.9160472461979197
4477,0.06275662034749985,0.7111958071594211,0.532691677454323,0.8961940722781699
4478,0.03381277993321419,0.8729832328729271,0.6918631495430849,0.9203327771359513
4479,0.14527103304862976,0.6943167105590087,0.6055919077790307,0.6137540939275166
448,0.14529037475585938,0.6660182918871278,0.6265037112767282,0.6097190104978621
4480,0.1489335298538208,0.7227411705967708,0.7776249636308702,0.6901063604507843
4481,0.09776043146848679,0.6474715618257727,0.20233511479110847,0.7350967129680921
4482,0.055994775146245956,0.45840530624224235,0.005648743170480187,0.4698966842347502
4483,0.11091078072786331,0.6946519033880864,0.4875263125992349,0.820209981299955
4484,0.11352966725826263,0.5473803854833551,0.4637718099432204,0.45141324500619273
4485,0.09707427024841309,0.4313581408846343,0.007339326126757228,0.7122892406314645
4487,0.17887966334819794,0.5939758741583429,0.5755890278639396,0.5768429113256027
4488,0.18668794631958008,0.42586608587495567,0.20438790546333263,0.30905401205526717
4489,0.10514870285987854,0.45204089260478747,0.061997359581453956,0.26378979292530436
449,0.384495347738266,0.44687227923037254,0.5444925769770284,0.39576054631989854
4490,0.268819659948349,0.46145422354257815,0.4973236991828214,0.44659941956933624
4491,0.21120542287826538,0.5948011799722799,0.6312428772972608,0.5438700474624274
4493,0.08505501598119736,0.5129123506775843,0.1023539085129663,0.7479348943698294
4494,0.15858429670333862,0.5160666524789737,0.3721400431612126,0.3882675532422905
4495,0.19173626601696014,0.501955160152109,0.2951351536637747,0.45143118400008825
4496,0.07308485358953476,0.6949297541647821,0.38064769394365217,0.8490992211640372
4497,0.041760288178920746,0.9024611393993107,0.7688599227172191,0.8779512250139098
4498,0.07871545106172562,0.7254938373676687,0.5498572909731897,0.6064246181560502
4499,0.28905823826789856,0.3569921309096266,0.019243947387556148,0.2523322944986509
45,0.1955430656671524,0.629562652056888,0.451420959608326,0.676945736147261
4500,0.07278866320848465,0.8450297840832199,0.7869070187438723,0.8306587315777119
4501,0.06011570990085602,0.6800192025075295,0.28536418144238707,0.704188660292387
4502,0.12281191349029541,0.7293275382816449,0.6416443476421869,0.7037533499435449
4503,0.17404961585998535,0.5625477449304901,0.5683279695988938,0.531694144013727
4505,0.2123384177684784,0.6318663171095004,0.7277387817830656,0.6033167204264076
4506,0.05345378816127777,0.6679604536708604,0.3119601842672098,0.7140188362513303
4507,0.1818162202835083,0.4143382216433063,0.08658437460470787,0.269862947632288
4508,0.042492132633924484,0.7322799173407112,0.37652693670224885,0.7619881465492935
4509,0.17336687445640564,0.6627392883711516,0.5698332068405461,0.6589392889178267
4510,0.09756935387849808,0.5590393227794753,0.4485632251315773,0.44025340893074316
4511,0.08592657744884491,0.7350987371458229,0.4019090985101023,0.8413560435423564
4512,0.025636257603764534,0.8973489605496533,0.7267500924004828,0.8953180368010935
4513,0.1499619036912918,0.431435437061649,0.09052763622269418,0.2811792055851915
4515,0.22854702174663544,0.6882328068240069,0.7609985948683037,0.622846319520276
4516,0.06026556342840195,0.6687124266681503,0.27566869458622023,0.71284815401147
4517,0.17500576376914978,0.5452868619956075,0.5567394192173999,0.4861386404926321
4518,0.15670333802700043,0.40941889109313756,0.02207157042995352,0.7156273982279474
4519,0.20078447461128235,0.5641514523860824,0.6556192492869629,0.5549249049621334
4520,0.054458633065223694,0.7851177037736621,0.6205805666267817,0.8186771864674791
4521,0.040656428784132004,0.7405427959283581,0.4570319250500591,0.8958756143265527
4522,0.05640169978141785,0.676987997728722,0.2995716607084597,0.7897734494704485
4523,0.17754442989826202,0.6122062620081454,0.5598786739665859,0.5354508652846159
4524,0.05187736451625824,0.8429576589368958,0.7465469313081274,0.8943651651111713
4525,0.07304146885871887,0.664637287859583,0.354686244696923,0.6880530939242183
4526,0.18497002124786377,0.5192591243388351,0.5065809484820637,0.45860623103576537
4527,0.04639922454953194,0.5868471250055822,0.17607015368280046,0.5711306799744896
4529,0.043503161519765854,0.8222342667865207,0.4640595561650492,0.8221138390852686
453,0.32206234335899353,0.48423824215315026,0.445616215466529,0.3842622961325767
4530,0.13648785650730133,0.5909456015553379,0.5569662355163193,0.5055083303138326
4531,0.10165562480688095,0.7266048637329388,0.3994846793638381,0.7909729998392294
4532,0.03767719492316246,0.8308173699270238,0.603527748494078,0.9040886353923996
4533,0.09612299501895905,0.5720386118114094,0.12828174167404527,0.6153457466921608
4534,0.053887903690338135,0.877088997460201,0.7269393628922958,0.836778775368471
4535,0.0885293185710907,0.4639442972527191,0.10566757841306491,0.27846724024667546
4536,0.044197678565979004,0.7800073106037745,0.6924382943493873,0.7825315956102862
4538,0.24508284032344818,0.6016340917526724,0.5256904072869862,0.6206888223858116
454,0.0574464350938797,0.7577374269395849,0.5310565183626493,0.8337351582076136
4542,0.09468399733304977,0.6523187512513928,0.5249641634985786,0.6379384629319463
4543,0.08802086114883423,0.8578395452834977,0.8322024964537732,0.8802842602638601
455,0.195124551653862,0.428636254701712,0.22868585146978793,0.3120026454415472
4559,0.1886422038078308,0.4877714443176026,0.28383285526482177,0.35488571725709805
4560,0.09193465113639832,0.74523297804897,0.6837435182067213,0.6766572077826379
4562,0.08888474106788635,0.5333145978052125,0.0969046989243125,0.6486759650804186
4563,0.033627111464738846,0.5165017851261634,0.08159215111678376,0.3600866379957105
4566,0.09549781680107117,0.7039612352416061,0.604881057805331,0.8423668948299887
4568,0.30732494592666626,0.5579363067304117,0.660777216296671,0.49727184486267206
457,0.15154799818992615,0.6081012586507412,0.5275716955085666,0.5993132520721292
4571,0.16989579796791077,0.6911833398518783,0.7270066508900369,0.6286393878872288
4572,0.08660826086997986,0.6166567005438753,0.31427260975923327,0.8141330279876524
4576,0.023615550249814987,0.7839815984033851,0.4456561023307255,0.7350553360431773
4579,0.05018065869808197,0.9075574320121862,0.7768670991094121,0.9106459216426808
4580,0.04579155519604683,0.5779975157726925,0.1557136612633708,0.6697010818576559
4581,0.08937262743711472,0.6732282297019965,0.5737037655561844,0.6642827698890058
4582,0.1982080489397049,0.5485625779455672,0.35319214185475734,0.5799556204276313
4583,0.17460472881793976,0.5573076989892045,0.5296621721046955,0.6204806321702088
4586,0.08426056802272797,0.5279638755017879,0.12707936310828122,0.6448286767724525
4587,0.053851403295993805,0.5952833229689715,0.49445516119757565,0.6129923411242157
4589,0.25922253727912903,0.5809517630104138,0.518504756708895,0.6373123980109726
4591,0.18893615901470184,0.5908548680079331,0.4982868561486003,0.6971410565911903
4592,0.09350259602069855,0.6133656604244389,0.45382701859646707,0.7589812544093342
4593,0.10755887627601624,0.4380087790786259,0.02433699916192376,0.6926551410854452
4597,0.6307103633880615,0.23014596623039688,0.29149494581323415,0.22009736401588015
4598,0.07345086336135864,0.6230378645391446,0.33960228982059115,0.8380022621673168
46,0.10844268649816513,0.4857593068219674,0.10531306383538627,0.43217498227667395
4600,0.17178350687026978,0.6269647395610716,0.48756517744654804,0.6152374098168252
4601,0.0645500048995018,0.7759033845925009,0.6255816173932651,0.8119128937189807
4602,0.13746778666973114,0.7461329516881909,0.5895656265623778,0.8172299681354322
4604,0.5487892031669617,0.2869252210033416,0.33831181652204356,0.2718094561517118
4606,0.11397714912891388,0.6645994996650634,0.44646086206539143,0.668394466244103
4608,0.17953263223171234,0.44554493066471773,0.231230332563917,0.3699150614495045
461,0.11897141486406326,0.7712204105934919,0.7666703336920729,0.7282568172461734
4610,0.11518459022045135,0.5456330063647438,0.286026393883373,0.5033317400676374
4612,0.13577423989772797,0.7197335560849539,0.6777462481824417,0.7094845908981406
4613,0.056186493486166,0.7739416423373213,0.4104666470180943,0.7345913165972915
4615,0.1667090207338333,0.6468791837691449,0.4840126281233157,0.5381001867291888
4619,0.11899496614933014,0.44301741063414585,0.04052035912934961,0.26264616780398875
4623,0.03957754001021385,0.8392265263195443,0.5454173056721703,0.8216418842030448
4625,0.2554571330547333,0.4116930823167892,0.2370696424589061,0.36192266498468306
4626,0.20254719257354736,0.4122934806684484,0.17446037114316118,0.313901203208707
4627,0.058788005262613297,0.6190630761156379,0.47269847310994284,0.4883001466002357
4628,0.03063821606338024,0.8383943035790402,0.4832262224328849,0.8611449882681942
4631,0.09965278208255768,0.45422468495210017,0.06409842156247578,0.2700500114992319
4634,0.0494055449962616,0.596821112391406,0.46139940177131006,0.49450908405235394
4638,0.04503153637051582,0.584240849749164,0.3567674858018501,0.42972064750919325
464,0.03060263954102993,0.7501153128050748,0.39220464544468986,0.8333704903565411
4640,0.02504262886941433,0.6770289361589017,0.3378019725137761,0.7303140674523325
4642,0.2618652582168579,0.5076207649095774,0.2543373618355028,0.42449550653260304
4645,0.285732626914978,0.3467967224333321,0.07803070853348641,0.36152161251976656
4647,0.056417204439640045,0.7210840693670679,0.47282424454928323,0.8464241000684881
4648,0.20156972110271454,0.4978843185701485,0.46692962480218003,0.44880574753493674
465,0.14794376492500305,0.539359711589202,0.42536713196452924,0.42199503211859724
4650,0.11273238807916641,0.6820966809034978,0.658224166639955,0.703919728947072
4651,0.060091532766819,0.8605420959544239,0.6245024770716253,0.8512019142896836
4652,0.1568278819322586,0.7305756044354924,0.7063190394669867,0.6662885026030649
4653,0.054249249398708344,0.758491470339832,0.5095665105095177,0.6536554545705491
4657,0.08371224999427795,0.6472881548618143,0.4174154331710512,0.5276935921049435
4658,0.06963834166526794,0.8246208939110325,0.6169673954846205,0.8852296493906093
4659,0.10818686336278915,0.6753742845993546,0.6613377629620603,0.6473837598529066
466,0.05569569766521454,0.8474165795888311,0.5720429854878601,0.8378028666545685
4660,0.06376273930072784,0.7460573625183822,0.4420906974550623,0.6409657969473589
4661,0.10251545906066895,0.7573046267493213,0.6240784740179134,0.8143273330933052
4667,0.09326506406068802,0.48955471351665436,0.26276447556927535,0.3449232965209964
4668,0.05372463911771774,0.4680411877211214,0.0243369271761438,0.5912041592118535
4670,0.04447731748223305,0.8869541197405401,0.717304493980637,0.9212262323222344
4671,0.057075679302215576,0.6934378797551376,0.3853574579203542,0.8654967709681347
4673,0.021403467282652855,0.5031050073498528,0.012578392144629654,0.7026205255651443
4678,0.0977592021226883,0.7304664670998869,0.7068954300085883,0.7431122293972673
4679,0.3125932812690735,0.41580253833025216,0.36421317898527283,0.38413054375244493
468,0.20178012549877167,0.6988295512480485,0.7678590326178191,0.7003602526875778
4680,0.04310204088687897,0.6692853648262609,0.24571865203702292,0.691163398767708
4681,0.057937923818826675,0.4688202428737583,0.028025184403852297,0.6393401317595326
4682,0.11178449541330338,0.4510200740266781,0.058820587045931474,0.7538757841312894
4685,0.122755266726017,0.593993680344616,0.18065637490396974,0.5826612967991474
4686,0.4734730124473572,0.41633233022737726,0.4866893083376267,0.33135335130005955
4688,0.12233138829469681,0.6785176728762321,0.5030997515381607,0.8123472506933176
4691,0.11506085097789764,0.6621065644699105,0.5892652682204307,0.6656281773137911
4692,0.10129797458648682,0.8591707602428172,0.8088527001723711,0.8520912578901603
4693,0.596031129360199,0.3073715471009479,0.46801997401794676,0.22860413022561427
4696,0.07840380817651749,0.7336014478919208,0.46952237506955147,0.732649187857806
4697,0.10931357741355896,0.7460575723680478,0.515716215149904,0.7693514673816529
4699,0.06924726068973541,0.46204513705219846,0.033081180308082915,0.6931764666037649
47,0.12164143472909927,0.5905532995764992,0.4730720773487538,0.5197251803693757
470,0.059609998017549515,0.878663567829271,0.807185994327082,0.8963036758168215
4700,0.32810813188552856,0.4557109254152878,0.3862584702116434,0.5708214732221708
4701,0.06403135508298874,0.4661381635780963,0.028068247872241256,0.659710443380201
4703,0.22502532601356506,0.45291040728925225,0.3740950854692585,0.4409445785780858
4704,0.37473830580711365,0.3861118759064392,0.35078297156063726,0.33364989643322396
4705,0.07657618075609207,0.7340416909703638,0.43308677856848593,0.8385422851355845
4707,0.3063819408416748,0.44208551755029935,0.32179010947327713,0.35287382605895246
4708,0.15116426348686218,0.7430295149733339,0.7608642877874416,0.7055578014889718
4709,0.09711720794439316,0.4627868005549497,0.05977245500844655,0.5859360513392079
471,0.0691215991973877,0.7006644813284435,0.2990856174472826,0.7486326737244974
4710,0.3370380699634552,0.4521867971286266,0.5104153344193757,0.443651483164019
4711,0.6766698360443115,0.17896835618636123,0.17663177482952042,0.2566015483532734
4713,0.026151446625590324,0.529798777111535,0.1470078214796563,0.34469008101174636
4714,0.1777973771095276,0.7099440944272937,0.7302082822392333,0.7236685053509612
4715,0.10888012498617172,0.7992041874700788,0.585898999436346,0.8367923511879372
4716,0.3160094618797302,0.4548436763319074,0.2877156389283629,0.346334903630844
4717,0.4694855511188507,0.31120599786598224,0.3329468463642531,0.30531608740839067
4718,0.05047907307744026,0.6051572344604946,0.2198314884618636,0.774521276648588
4719,0.09683890640735626,0.8546320356868953,0.7453557012579678,0.8514317187722041
4720,0.15872810781002045,0.632435264380191,0.32010464276104833,0.7664102519136693
4721,0.14443311095237732,0.7197311253197413,0.7121730383012582,0.6381273805480723
4723,0.05303509905934334,0.7346301883671434,0.23185140007488697,0.7156939478897127
4724,0.08904194831848145,0.7430638829916156,0.7152540634044494,0.8188853954728371
4725,0.15526418387889862,0.7032693424280789,0.503403383515078,0.6777742112810108
4727,0.08190901577472687,0.7350489685949781,0.4930415292082734,0.8080556384840354
4728,0.1799858659505844,0.6233316212298601,0.5958335549198878,0.5723877616009827
4729,0.8419002294540405,0.12147876053551679,0.35414883060696767,0.07395383806049688
4730,0.05027008056640625,0.7363930045509088,0.480239839438983,0.5539896766674686
4731,0.3107706308364868,0.5206365184555588,0.4604458396958121,0.41135031470747646
4732,0.3695101737976074,0.4965927306345637,0.553830384294508,0.4250018213938237
4734,0.051370758563280106,0.9024431040370811,0.704772513757682,0.9036574283542816
4737,0.5396568179130554,0.24245641457449102,0.14379981929853278,0.26156035371717523
4738,0.07018948346376419,0.5751836224974136,0.12422572776271054,0.5504672614867445
4739,0.12601244449615479,0.5150626935812778,0.14516579977325933,0.7749414604159893
4740,0.05202168971300125,0.9371269256467095,0.9000767511945418,0.9188438609702443
4742,0.13863107562065125,0.6224800192674367,0.5675608956339324,0.5966186503381868
4743,0.05538319796323776,0.7233802721008474,0.49527852785537513,0.7950260757563323
4744,0.1044192761182785,0.5276941945276014,0.15025894107496066,0.5964397934435484
4745,0.09882708638906479,0.46893626886699097,0.030547473820483974,0.6273329459173567
4746,0.1528061479330063,0.50318745903827,0.19409853071689875,0.7762586644252534
4747,0.4062855839729309,0.43472372335829285,0.5393901967156027,0.4039662922070386
4748,0.060747820883989334,0.7148565923413369,0.3100321995440393,0.8318512476355255
4749,0.09524234384298325,0.8505145931504807,0.722298699552071,0.8351347114736329
475,0.06510767340660095,0.7132929514281057,0.5892646049241751,0.6174419730987364
4750,0.03819489851593971,0.6519452377125654,0.4155177581531351,0.86216616439036
4751,0.0758369192481041,0.6843229222326844,0.40179080812492485,0.7988609314257085
4753,0.03539631515741348,0.6312322984061767,0.17850763318272458,0.5987313919247681
4754,0.11635059863328934,0.7452735939830862,0.6809785825511766,0.7830584322951006
4755,0.1714034229516983,0.6516279226949727,0.5562364839265885,0.642503429362982
4756,0.09324003756046295,0.4939160951382886,0.13913252500180884,0.5329434292563069
4757,0.04849053546786308,0.8283941262560828,0.5187372818894695,0.8820592391913237
4758,0.6347568035125732,0.18833218034721702,0.07831219217659331,0.2548645466535391
4759,0.08811268955469131,0.7757104062580146,0.5516978758188875,0.8519669810820651
476,0.08078060299158096,0.486359197615307,0.05484132990422383,0.40284023800223345
4760,0.10716922581195831,0.5770525234530369,0.3454884541984955,0.6862880948839858
4761,0.052308548241853714,0.5257952528246794,0.03660344085308056,0.41801062523095045
4762,0.07001058757305145,0.7030602763106114,0.4302515653105418,0.86937546687501
4763,0.032490212470293045,0.5329128526214707,0.06568311146020783,0.49040582831431373
4764,0.04523269832134247,0.4833017918452244,0.0031824219944310067,0.3887124136090531
4765,0.042001575231552124,0.8377501008061468,0.5204044552091224,0.8893658303825799
4766,0.045969534665346146,0.49265548038359386,0.08049818912834676,0.7175690506629495
4767,0.02615848183631897,0.4819160675735474,0.003136856620230444,0.4222001368586447
477,0.09260725975036621,0.6263511475787118,0.28280209383563615,0.8067782491028002
4771,0.26664143800735474,0.5028134112292326,0.46617256646588096,0.5194785874442392
4772,0.1958346962928772,0.5636513278221562,0.5965003801584616,0.5341129091977646
4773,0.24787190556526184,0.4765906455479065,0.406148431937451,0.4605651718004695
4774,0.092516228556633,0.541071609072049,0.2290981694199507,0.7986524092220614
4775,0.16625812649726868,0.6133431666360948,0.48867930855089675,0.6898441350550568
4776,0.05583922192454338,0.73942593116947,0.5235693046592291,0.8903872387318151
4777,0.1037336140871048,0.7501080628749383,0.5227175287367006,0.6474694104574408
4778,0.1734941601753235,0.5249207823502643,0.45591535437860764,0.4634983985367971
4779,0.16031691431999207,0.5595557289357453,0.2714994390445568,0.7742843517360948
4780,0.10663744062185287,0.48817663729092825,0.0313610855957498,0.538616732787853
4782,0.08701852709054947,0.7077378695703251,0.41670546032582945,0.843468949188368
4783,0.3042256832122803,0.5314850044099992,0.47358375147936205,0.5005649665273546
4784,0.03984120115637779,0.5516229166704949,0.05349402416872438,0.5182961569717949
4785,0.06067771837115288,0.46506381938388264,0.04766286238540445,0.6773587636757599
4786,0.2331802248954773,0.5349066098578196,0.5413779691534718,0.5371612563907819
4788,0.19617103040218353,0.6294443252226516,0.660574551678397,0.6251086741413324
4789,0.3096076250076294,0.45885688075080944,0.49165280444172066,0.4091774368188484
4790,0.20057612657546997,0.5960727500861609,0.4293729913042359,0.593067947478924
4791,0.2690203785896301,0.5504961481013193,0.7004576442833113,0.5535923313120692
4792,0.0075035784393548965,0.5068361248029896,0.00338227991131986,0.26644771590411254
4793,0.050114069133996964,0.4926545590261505,0.01879836350983345,0.6193129115291659
4794,0.20126967132091522,0.5081743935336059,0.4400434787296682,0.41342987551653676
4795,0.1554524451494217,0.6505275985440719,0.5815892460187857,0.7192947383421882
4796,0.10022100806236267,0.7301308945481934,0.49721550535255926,0.7105637057695707
4797,0.011108387261629105,0.4948571142126696,0.003125058770778537,0.2505578843893079
4799,0.10797137022018433,0.7489007471638566,0.4372643561572281,0.785828140667737
48,0.15822827816009521,0.5890178009914966,0.15634158355938366,0.6170718891304252
480,0.08995097130537033,0.7617164490130681,0.7131645507146256,0.8235481527448996
4800,0.17265373468399048,0.42298420439308587,0.1235522585168463,0.27927926456525065
4801,0.21317505836486816,0.4113795932844711,0.1484895986181894,0.30104384985470123
4802,0.049451202154159546,0.6365259966956448,0.2733982329484223,0.8178419829754198
4803,0.06268562376499176,0.9146798110055072,0.8024077171606734,0.9070527467294496
4804,0.29834112524986267,0.5354013693181009,0.4695063872851532,0.4829885784145771
4805,0.16853201389312744,0.6781996975218065,0.6324717211071849,0.585355524681725
4806,0.05724313110113144,0.8094813149656754,0.6957822682664132,0.8572709577794908
4807,0.0729728415608406,0.6649983980379486,0.22491941490602363,0.6731283616365342
4808,0.1878931224346161,0.5065969448660715,0.30334572181221486,0.5872674710685233
4809,0.09479479491710663,0.8936114608149899,0.9062811705502354,0.8781010969269583
481,0.3199399709701538,0.41038669238389097,0.42231316073301534,0.3778573479184869
4810,0.24820944666862488,0.4303966332654108,0.2637955356968053,0.3385573377541436
4811,0.1257220059633255,0.761940022581088,0.7219804469462956,0.7862246169942321
4812,0.08277163654565811,0.7962524900668602,0.6301494768209663,0.8131063065084303
4813,0.045623600482940674,0.5051571279373925,0.05295053365198077,0.415419839133209
4814,0.08264995366334915,0.6027288408214094,0.2720205753773905,0.8034706924308928
4815,0.05928616225719452,0.5406014988135914,0.11442783901555731,0.7951754652734824
4818,0.11068698018789291,0.8157656955648681,0.6477388714753214,0.8579540593458731
482,0.1306152045726776,0.7489311736536939,0.8043738869611239,0.7623954784382598
4821,0.4863702058792114,0.3237211056395778,0.40834958104927727,0.3177236847336835
4822,0.18898724019527435,0.6573479574926331,0.6557174012882292,0.6008652579027625
4823,0.07911864668130875,0.6120222827643256,0.44194319674116594,0.5190430398967747
4824,0.0923428013920784,0.6700410639350054,0.27282414612184613,0.7397265427756987
4825,0.10392597317695618,0.5582312819502874,0.21450865800548238,0.7031344966608021
4827,0.09389642626047134,0.7715658720236356,0.5336056659975903,0.8542598285327951
4828,0.17919041216373444,0.5778988643321521,0.28716948678992643,0.5704986207342164
4829,0.030426884070038795,0.9429181028666815,0.8603255652387729,0.9397352534834504
483,0.11768488585948944,0.5975323355899708,0.5032792143860609,0.5921728412885996
4832,0.0679105594754219,0.9304079151207673,0.8786146144173612,0.89140573171941
4835,0.02517297863960266,0.8861397318989641,0.7020902459393165,0.9415741001083703
4836,0.14436477422714233,0.6744791711322015,0.7141040100430746,0.6669617511202648
4838,0.07932090014219284,0.8317409284145505,0.6637620636841834,0.83264655195121
4839,0.12789149582386017,0.8197486241558465,0.7954582177987122,0.8285600011814724
4840,0.0486072339117527,0.8781671996815104,0.7568973073696842,0.8084704900137498
4841,0.1472771018743515,0.6437965172569864,0.40867180893563837,0.6661773139139674
4842,0.02713126502931118,0.7492687128793307,0.3709470599558033,0.7863610921592423
4843,0.1048017293214798,0.7408717084102279,0.6936738025201817,0.6938075202139633
4844,0.29661765694618225,0.5967476563884987,0.7047291179637944,0.5378449142081736
4845,0.18482084572315216,0.41464409369529504,0.11057506638480824,0.2741282722910299
4846,0.028878655284643173,0.9264602846454127,0.7235753971163382,0.9095117065027577
4848,0.10039893537759781,0.6503770649368033,0.24020181909698338,0.6390176567761925
4849,0.038244739174842834,0.8987888160123001,0.5106929528972401,0.8393488795014747
4850,0.09305038303136826,0.8557986525695146,0.831445146952673,0.8374017668251997
4852,0.04844735190272331,0.7796175669713523,0.44606587658631813,0.7965226709512102
4854,0.0717611089348793,0.5490813756962499,0.07527313792877804,0.42518527222003444
4855,0.19854877889156342,0.5953430970365159,0.4846579690614754,0.5889234345137592
4856,0.07900598645210266,0.75540208709411,0.4158852016576594,0.8016768233660951
4857,0.21772605180740356,0.4123575298455816,0.18576402370171383,0.3009611951293525
4858,0.12350969016551971,0.85694362742754,0.8235014102412049,0.8214743027064408
4859,0.034283921122550964,0.9189722903481987,0.7435503764771266,0.878395916171437
486,0.32865187525749207,0.44780372378410593,0.475305601869995,0.3884174071895955
4860,0.037906330078840256,0.8497112287148589,0.5366578437935704,0.880620738099676
4861,0.02557259611785412,0.9259193560177886,0.6800681493666788,0.9218721642439773
4862,0.21164670586585999,0.4195437038876842,0.2349005196196315,0.3131284158338534
4864,0.07658308744430542,0.6647610992661366,0.5822235619357721,0.5570749715062686
4865,0.05335703864693642,0.5867991538223438,0.41443040093605726,0.4376727662475237
4867,0.1376369297504425,0.7418217281895461,0.7302743502434845,0.6895318794692377
4868,0.12851209938526154,0.6199268556739015,0.4470407933591747,0.527826970198456
4869,0.20082449913024902,0.4470002913824814,0.16943626175846496,0.5283575491520286
4870,0.060138117522001266,0.819162143736968,0.479763182939794,0.742660897925385
4871,0.1621646136045456,0.7541078241146566,0.8012801740977191,0.7172851656742549
4872,0.0520869642496109,0.7412736522291965,0.36460298582536876,0.7729807449708035
4873,0.04600939527153969,0.8294067021836156,0.45300102366208805,0.8169287729991195
4874,0.0981685146689415,0.778340329656988,0.5115407375156636,0.838210177217313
4876,0.04067844897508621,0.9295415616118041,0.705602312998664,0.8635506309737107
4878,0.07576142996549606,0.47360671200554016,0.07660499686384942,0.2769043799805242
4879,0.06557433307170868,0.9142627093131306,0.8576639267503333,0.8743611720500528
488,0.12573480606079102,0.6753455810505158,0.5093639979474277,0.6525756746082092
4881,0.05516884848475456,0.8790528838125165,0.7516599029292034,0.909054098330534
4884,0.07978052645921707,0.6383475262884116,0.2743806204986808,0.6785045262959148
4885,0.29018983244895935,0.4226352214843889,0.353385198202537,0.3667227439687354
4886,0.2610008418560028,0.39434965488041573,0.18691626725684088,0.3015104363707729
4887,0.12144088000059128,0.48781978836177187,0.0514363886498831,0.48729779926670796
4888,0.031598255038261414,0.8038721447138351,0.5256787400033901,0.7431338887875166
489,0.09752142429351807,0.8986404151522078,0.8939448463894748,0.8495863635567438
4890,0.24427837133407593,0.5025723266092326,0.46477322440759555,0.4173387486705523
4891,0.21077491343021393,0.5033874470523686,0.47288660519607256,0.43585135337431835
4892,0.14277383685112,0.7627926439015248,0.7370354950488688,0.7514024606314547
4896,0.14043492078781128,0.6009968007930264,0.3360538096090885,0.7035022399105575
4897,0.11107940971851349,0.595198586675954,0.5156133261291342,0.5064790013049286
4898,0.053558751940727234,0.831060537882385,0.5534532794468067,0.882519742796519
49,0.22349603474140167,0.5145731781933565,0.23862105868144465,0.6454105432934745
490,0.033976320177316666,0.6381848206682801,0.25326605289118087,0.7593134395061245
4900,0.16843578219413757,0.526519157975587,0.5308337627881207,0.4578723527534168
4901,0.043776798993349075,0.8781131643950131,0.6893688761071161,0.8727224332126382
4902,0.08399166911840439,0.8464268708534874,0.8293384176275731,0.8328745676746631
4903,0.0994408130645752,0.6018358564154902,0.4451528727293118,0.5216295322422613
4904,0.21394862234592438,0.40479875266650533,0.08955695799461909,0.44643641029158887
4905,0.055562447756528854,0.9039080751585432,0.7429557357828651,0.883275302718322
4907,0.05586935579776764,0.7092848571176449,0.15419312023134332,0.5763913407538419
4908,0.02553883194923401,0.8613980197002336,0.3952284205283656,0.7587089767000843
4910,0.062238290905952454,0.6035607397164837,0.19292629908574238,0.5905705842475586
4911,0.03437154367566109,0.928083968506497,0.7793768523453434,0.908123300183043
4912,0.12699458003044128,0.604437831836977,0.5836712679165944,0.5317227582198218
4913,0.2758195102214813,0.47489578636030577,0.505516077030599,0.4259214172580302
4914,0.05842743068933487,0.8873183066741165,0.7751854011128889,0.8348949827238336
4915,0.07684910297393799,0.8914710190459862,0.8880069426385031,0.8820822033352353
4916,0.11359471082687378,0.7830108021848692,0.5409388526893787,0.8048413739649554
4917,0.1879246085882187,0.5627806891679308,0.6074224230070071,0.5214668392592184
4918,0.18149927258491516,0.5482189702879982,0.23858841898208152,0.7407708978399326
4919,0.17381791770458221,0.6975890829391963,0.6560105790953749,0.7488971961285403
492,0.09681317955255508,0.7923810338386136,0.44984174572487945,0.812460988778724
4920,0.07903286814689636,0.8668637086288864,0.7867613103376933,0.8661078941553138
4921,0.05347895994782448,0.7559856378282448,0.40612620525692905,0.7655701409679861
4922,0.0459231436252594,0.9157755610702547,0.8111371803047592,0.9244962411515045
4923,0.07252512872219086,0.8065428607063938,0.5676674820384657,0.8506935115845309
4924,0.07521393150091171,0.6348730255407323,0.19340091345808647,0.5980278480032608
4925,0.05770876631140709,0.935720212014816,0.8816317563701119,0.892896573978653
4926,0.049601733684539795,0.9211583456311518,0.8698986307612543,0.8996617262291822
4927,0.09129641950130463,0.46675467313627855,0.08835758476303802,0.2762462938605389
4930,0.051946256309747696,0.8586438473702367,0.7625288641212037,0.7703065845115478
4931,0.02344130538403988,0.7666774963356658,0.31290001972905,0.8335835514512671
4933,0.1435532569885254,0.5246462196735898,0.4846415747704677,0.4506160476505161
4934,0.05921902507543564,0.6787206048169527,0.3597305721520525,0.8021609239060219
4935,0.08753658831119537,0.4764234853283565,0.11965326041521243,0.5354547149836855
4937,0.05043982341885567,0.5807658630091992,0.191312688040981,0.7587863814497047
4938,0.11970371007919312,0.650120211372726,0.28766038244163633,0.7363561322512766
4939,0.11294958740472794,0.6876910837776746,0.630101623655837,0.6237554254762292
4940,0.03348246589303017,0.8885325542028005,0.6377551393464403,0.9002018619258186
4943,0.0794658437371254,0.8639603199776226,0.7678553360909778,0.8847191075544776
4945,0.11471953988075256,0.8052698688239669,0.6698272636154469,0.7716202306099792
4946,0.19449898600578308,0.4287425960112014,0.20081545221130975,0.3072965325147713
4947,0.1822376400232315,0.716998034681956,0.6793828664149604,0.6321441700103699
4948,0.14014658331871033,0.7915601143171513,0.8393290449543735,0.7577713175205657
4949,0.03455841913819313,0.8922440330374605,0.7481938817697503,0.9182822497270168
495,0.1405986249446869,0.5644501875926429,0.490677515784746,0.470724559751004
4956,0.02732512168586254,0.5730366852873849,0.11791500967631328,0.6673144366467372
4959,0.021468766033649445,0.48324579049451805,0.0006653318963934902,0.43814859467311423
4961,0.05889211222529411,0.47445994417298853,0.01812179876234227,0.5784513973703062
4965,0.04439162462949753,0.7693519023345505,0.33306402598121704,0.7624457561857279
4966,0.04055393114686012,0.6606384928037343,0.23462880718248896,0.6678297634152957
4968,0.07869762182235718,0.5361822709090401,0.10478171387985327,0.5931316678747118
4971,0.0640871673822403,0.4599625588252342,0.016557615344061465,0.68504931811773
4977,0.17716123163700104,0.4223804952683652,0.12213948158381593,0.33417376815979083
4978,0.12835386395454407,0.6262142406116401,0.4322983231554318,0.7807275381488759
4979,0.18830566108226776,0.4440416245503701,0.09105225901552313,0.728274571498668
4980,0.08602321892976761,0.5211401545212917,0.05173643109785175,0.3968116178051381
4983,0.10009155422449112,0.566393131045548,0.1744194628529242,0.712436547874
4984,0.07979691028594971,0.6040796586348832,0.34147760754168105,0.7308520323155917
4986,0.06003944203257561,0.4579737996249367,0.010959603969499567,0.7925233499337782
4987,0.1409807652235031,0.7343813702478513,0.7729465494101083,0.7332041247125721
4990,0.12786346673965454,0.7893139302902613,0.6386390702190908,0.7770922091853671
4993,0.10541846603155136,0.5886890062280843,0.2841854064168024,0.8160982864833458
4995,0.04380963742733002,0.46416683160976757,0.004054716113941693,0.7962142237591749
4996,0.2119399756193161,0.545232609912951,0.4774513913538022,0.5211052406660013
4997,0.11572884023189545,0.6069677228852133,0.25680650281690737,0.7276598614861143
4999,0.0416400209069252,0.4632433995844485,0.0038647019411413414,0.49938085585727227
5,0.13779404759407043,0.4554285704142278,0.18338776716472815,0.3191971603471273
50,0.06567293405532837,0.6675831038979296,0.33682741118928416,0.7905122628547953
500,0.11580822616815567,0.6571427612787544,0.5226577655259669,0.7381892582979773
5001,0.061511438339948654,0.65021795786568,0.2225338171220252,0.7117715326947995
5002,0.03967350721359253,0.8754656452282851,0.5262582804508487,0.8963978974478926
5003,0.07187718152999878,0.4506874421027571,0.00030186077615601537,0.3387800438044709
5004,0.10664043575525284,0.5579855322972649,0.10514327796081852,0.45477933875530746
5005,0.10035274922847748,0.4901964003037661,0.14617940314136274,0.7954173191710147
5006,0.1116318330168724,0.5571130088521878,0.19382342028471147,0.7482234699658777
5008,0.06401423364877701,0.6370891662487672,0.24504208954830567,0.7079116030245538
5009,0.11343468725681305,0.4678311011002476,0.09411828733411905,0.702967317075091
501,0.15909555554389954,0.7125576016165791,0.6337193758839683,0.6082367960666535
5012,0.07343258708715439,0.47020327150782,0.007793123933303686,0.27502078046425027
5014,0.02157188020646572,0.8251832774764107,0.36027470460308564,0.7549550691321997
5018,0.07449262589216232,0.8001751866378157,0.5633288058888873,0.8239930223664707
502,0.3375762701034546,0.36970054517571116,0.33758150442172846,0.3304986356290115
5022,0.12507681548595428,0.40866819950494193,0.005590060628269002,0.6246398860259841
5023,0.0717424526810646,0.5363044252009942,0.11423543208174784,0.6227140419756303
5024,0.07990209013223648,0.4475119357291516,0.008597002247765956,0.31369905484118127
5025,0.09209481626749039,0.5234990033177824,0.17092457981523337,0.7904361186470834
5027,0.2824665307998657,0.5449798799146801,0.3819440100199916,0.434792225768524
5028,0.12519444525241852,0.54303098385048,0.4071746654931782,0.4769951002825644
503,0.09030228108167648,0.8640732864667645,0.7501688358305377,0.8570583329016247
5030,0.11415594816207886,0.4476160722624216,0.07068216594604752,0.2775958297674419
5033,0.14843100309371948,0.6933682176335612,0.7408354409790029,0.6767298194069155
5035,0.07412286102771759,0.753082211924007,0.6035183003411358,0.7640091977540235
5036,0.04093848913908005,0.724671182710787,0.3197510101689273,0.7338613333320775
5037,0.02214803174138069,0.48979238469131836,0.004453423122502787,0.6393598296955616
5038,0.031409576535224915,0.4953744759150829,0.02890109785606179,0.2639607823518688
5039,0.12297702580690384,0.6572291284451617,0.32352681608133177,0.7335638286587698
504,0.10848088562488556,0.7605804827054108,0.6470925670762276,0.735900568988261
5042,0.08208246529102325,0.6679883427019474,0.3262864793926094,0.7519194169428847
5045,0.08579481393098831,0.4322359133587795,0.00608595716315329,0.6998375788162765
5046,0.06004956364631653,0.6342476805381769,0.24987464076397606,0.777122529357193
505,0.17938952147960663,0.5407497858828352,0.5242789186043371,0.4856053334619992
5050,0.05461523309350014,0.6564794141676263,0.4622577129285479,0.7433619572784865
5054,0.04381513223052025,0.5988581597392097,0.16755382992349588,0.5932083437005813
5057,0.056878820061683655,0.7217109137841672,0.4600385467525323,0.7708179182536424
5061,0.04499595984816551,0.8144498393183345,0.52008524859843,0.863583016285403
5062,0.059492602944374084,0.8421000963732039,0.6820586646177214,0.804904592236618
5063,0.08438029140233994,0.7254046862779152,0.6727542583369915,0.714732513917173
5065,0.1924247145652771,0.6313260096560251,0.6872978803402475,0.5914324343605398
5066,0.041397519409656525,0.7239210669776168,0.45004931521363606,0.8979316757936451
5067,0.35102275013923645,0.35047248254064123,0.23248631084225804,0.30070090994083953
5070,0.04396956413984299,0.4681841925280259,0.0004631784882837686,0.327090866650475
5071,0.04118215665221214,0.462787930572842,0.0001787776687562539,0.41384901557494513
5072,0.09430548548698425,0.670155873233025,0.32027420082518665,0.7626030612271856
508,0.01416730135679245,0.8419266911852972,0.5491964415049125,0.7489248206411123
5089,0.040030382573604584,0.46714408775991884,0.01515958856937799,0.29656563505980804
509,0.10271118581295013,0.7273705001224424,0.543536743621889,0.6170704492216916
51,0.07237913459539413,0.89097354169176,0.79458839612081,0.8762402892278363
5105,0.07066183537244797,0.45222709866843774,0.001900101732962339,0.5932656368006339
5108,0.10506053268909454,0.802689339317884,0.7284555360245012,0.8279498170010229
5109,0.05058754235506058,0.7656068162534779,0.5375446851557728,0.8651510296847462
5110,0.09500588476657867,0.7454930644447866,0.42069997270973136,0.766449532003392
5114,0.07508128881454468,0.682630810996877,0.488873594709796,0.6603204848527309
5117,0.04449933394789696,0.7760781569929427,0.40847460192728885,0.8212852405239801
5119,0.08343695849180222,0.8228726105296256,0.6971022621683497,0.8165961752321855
512,0.33523526787757874,0.5443598052286986,0.706083722414783,0.5295264502184831
5120,0.07458647340536118,0.6348911031193454,0.23159766167101886,0.6793011630510872
5121,0.08555811643600464,0.626501338660947,0.29632800461023684,0.837858315843649
5123,0.09191811084747314,0.6282731158654864,0.18400441279504604,0.665021195099289
5125,0.04059452936053276,0.7251494629673393,0.26839096875598817,0.7217213827263484
5126,0.058327920734882355,0.8845426916903705,0.7674012098271933,0.9077729448137379
5128,0.08379273116588593,0.8190214699714122,0.4519543395244373,0.7792144120724395
513,0.16598057746887207,0.638002758271206,0.584800730710788,0.5635505242228418
5131,0.201338529586792,0.5695838491892022,0.39016133817186593,0.6193666552604222
5134,0.08710423111915588,0.4955234880559635,0.13819379911928964,0.7434720149231538
5136,0.07176730036735535,0.7464740662182345,0.4357555849939893,0.828187602999775
5139,0.4117754101753235,0.3001972468423216,0.09356647404109415,0.26103711973237487
514,0.11202670633792877,0.5962414330718505,0.23348727015601617,0.7783107565829093
5141,0.12494778633117676,0.5372426177300916,0.22510540703112866,0.7500374077835396
5147,0.08737660944461823,0.8225464983069557,0.6669218918358508,0.8534313045672157
5149,0.3565320074558258,0.3387495676977272,0.19691222710368506,0.2915319783649283
515,0.3597097396850586,0.4414431909678051,0.48090780308567027,0.3896616751869439
5151,0.20618630945682526,0.3986822576655943,0.021990306196762153,0.2528955021179723
5156,0.040153708308935165,0.568169597355346,0.061680849200893395,0.5916136257612095
5159,0.12727373838424683,0.5512090093933956,0.27555996991742343,0.7267901678388251
516,0.07822967320680618,0.6798208084782431,0.28797320640687,0.7513496188512194
5162,0.03414459526538849,0.6886415889852322,0.2322277471798528,0.7411161200234215
5164,0.12634091079235077,0.5741521148259197,0.24391362718934742,0.6355452901348788
5165,0.04569220170378685,0.8204576190626662,0.5488030497460603,0.8841896493808732
5168,0.24684180319309235,0.52630349213537,0.569788354300811,0.47197277673316296
5169,0.1609969586133957,0.7070929270004485,0.7666037441964128,0.7423149277483798
517,0.12795132398605347,0.72865820632982,0.581804103455512,0.7876556961693516
5170,0.09438437968492508,0.5562568520626178,0.11292611152414507,0.6640012067246008
5175,0.06300438195466995,0.6177977817749694,0.25956615897907537,0.7948709723101923
5176,0.06621402502059937,0.795967468128089,0.7173154999988246,0.8745483245916145
5178,0.08841849863529205,0.691985509914615,0.33051782561188087,0.7181145619931986
5179,0.17651130259037018,0.4197748102157673,0.11390151938589946,0.27557434623689775
518,0.07336124777793884,0.7501846649479513,0.5254915429345329,0.7089626147274206
5180,0.44277143478393555,0.4107458185240792,0.42246865311471077,0.3256337448908764
5181,0.11332467198371887,0.7467044659345221,0.5570193342283011,0.7082302955651908
5183,0.03769746795296669,0.639256693207733,0.14911239413780797,0.6398128140659908
5185,0.2414243370294571,0.3805552016023323,0.012805493416669892,0.25149194177791534
5187,0.17191268503665924,0.693551176738125,0.6909520053657133,0.6703998802243161
5189,0.10202614963054657,0.6039480856697215,0.4312656684323509,0.53907531912553
519,0.09870433807373047,0.7639346441532309,0.5411761825308941,0.7019054039364272
5191,0.19965165853500366,0.536475175743309,0.5404747788041252,0.4827545892772891
5192,0.04456011578440666,0.576385835287619,0.08620725663625049,0.6007765161989581
5194,0.08735082298517227,0.8005659355926736,0.6579544891085913,0.8659634701453147
5195,0.07137776166200638,0.7500884820851519,0.608452602022509,0.8735068620294959
5196,0.11454149335622787,0.5117638360175292,0.3767501386887444,0.4410786210384242
5197,0.17922931909561157,0.4645159138516242,0.2863206120222894,0.40861429548748085
5198,0.17044954001903534,0.6614595522327826,0.6376160639316582,0.6418214216536449
52,0.060951896011829376,0.47933725918740433,0.027808599111795475,0.32278753955541684
520,0.2459501326084137,0.6514432239549645,0.7449926886774735,0.6152275128282472
5200,0.08966226875782013,0.7116173469759711,0.5905333269062755,0.5946712534973202
5201,0.1372448205947876,0.4854350785124629,0.3702840191162335,0.38056328303870773
5205,0.08861441910266876,0.45789942981231047,0.0019836219821174166,0.29857321525858177
5206,0.18095986545085907,0.41146173422565807,0.029106778342183847,0.25427128712823244
5207,0.4963119328022003,0.28820471507398826,0.2818529890170612,0.2960172182346506
5209,0.05723176524043083,0.8329300280602469,0.6068026849110667,0.8981861430093929
521,0.047748222947120667,0.4741247225176216,0.003019103372809491,0.47152370846774844
5210,0.33680638670921326,0.33862214382725087,0.09729973041160253,0.2668722320099373
5211,0.2536452114582062,0.6328215778686499,0.6879695940691279,0.5581243018520214
5212,0.27544280886650085,0.4477518042872212,0.2616417150735135,0.5715561604666257
5213,0.0744001567363739,0.4997168970313267,0.0953546056678017,0.7858060475583075
5214,0.13613669574260712,0.4579760265828438,0.1678871516640528,0.3026792715044632
5216,0.3738877475261688,0.4971836087154643,0.6351795866039825,0.43255634197595183
5217,0.13321267068386078,0.6373521090189134,0.40735939312635916,0.5697941854216975
5218,0.031238993629813194,0.6550543636914534,0.31578267062839716,0.6658148322959734
5219,0.11057417094707489,0.7559911974076592,0.7190503456869795,0.717789429772592
522,0.1428980529308319,0.7766350710334347,0.809613714335958,0.773101737588898
5222,0.03889548033475876,0.7159967063262576,0.2517265175466621,0.6906272027297254
5223,0.050566986203193665,0.8514535817191062,0.8501357321160472,0.861760698530682
5233,0.08392713218927383,0.8033264570414653,0.5765706076817247,0.8399920143368366
5234,0.04211844503879547,0.7888879549469071,0.35253734190998104,0.7549504869189948
5235,0.1153058186173439,0.4771486316895493,0.11565863339374648,0.7539529762444472
5236,0.5873422622680664,0.3259658248758249,0.584353617956842,0.24211909519206942
5237,0.06534063816070557,0.8233549620712961,0.691853797370541,0.8435149685686675
5238,0.1900378316640854,0.4694197088722312,0.3454318178737271,0.37998656182337187
5239,0.06439204514026642,0.7355155883106165,0.5894609141597373,0.6409818916396939
524,0.5273662209510803,0.3945236309444846,0.6146548445056439,0.3150425426454087
5241,0.12394022196531296,0.7328814279867473,0.5101763035604852,0.8139855464447308
5242,0.08885479718446732,0.7343881458463954,0.42936951832134246,0.8388040316486113
5243,0.08511953800916672,0.8119113435857245,0.5870524913369942,0.8669066936635037
5244,0.21956029534339905,0.5744834204334814,0.6119358577877062,0.5850487818687881
5245,0.09416980296373367,0.5057681461791437,0.2249322967330083,0.3447175104401643
5246,0.12239333987236023,0.6721250921326092,0.3262330127432536,0.6445925240543114
5247,0.1861858367919922,0.5327528312812956,0.3877897006396618,0.4527144432555211
5248,0.056635648012161255,0.6899050366794567,0.40329496882043403,0.7831993031498988
5249,0.12903130054473877,0.6600018187190366,0.5544914507901746,0.5693121504499797
525,0.2946462333202362,0.38958225382099704,0.29667733534813817,0.32674228811707623
5250,0.05428583547472954,0.8146691956841856,0.5070614977498495,0.8618832166499608
5253,0.07052865624427795,0.6395624967261315,0.18972436425312883,0.6546894481718172
5256,0.12672914564609528,0.6285351297774809,0.5367905730027637,0.6079210213049461
5257,0.05950092896819115,0.7881802673996959,0.6593776346297653,0.8367671928349572
5258,0.09105467051267624,0.5058048136862959,0.32590452505026657,0.44283929122651833
5259,0.13643778860569,0.7419154761426974,0.6740227158450888,0.7797599712306498
526,0.11934264004230499,0.8042453601430646,0.7834240432810212,0.8257799425500396
5263,0.06743256002664566,0.5933897188817361,0.23338779055239864,0.8202051658175664
5265,0.08038897067308426,0.8492275492753831,0.7008302406176541,0.8858064757472985
5266,0.05829232931137085,0.795641424494438,0.4503958531734493,0.8521511798516742
5267,0.08121165633201599,0.5073029535434916,0.09625755811173645,0.35482131188683985
5269,0.1044674664735794,0.6728395618383239,0.3680185914930723,0.5814601065148192
5270,0.06591901183128357,0.7559897621746742,0.3894946847509879,0.789662690445504
5271,0.05416495352983475,0.6004960991460888,0.2850458563059857,0.7328263277800671
5272,0.07984042912721634,0.8235120595287684,0.5173256300235151,0.8209208077482569
5273,0.04959261044859886,0.7697958553235265,0.5694076138433635,0.7199099787589026
5274,0.09073593467473984,0.759617338073006,0.6071596460322435,0.855947131398008
5275,0.036733537912368774,0.736111652847475,0.35382325573778284,0.7915814503494074
5276,0.1298995316028595,0.5752539286405475,0.2533285156730607,0.44594654453632565
5277,0.07717996835708618,0.8509056393088961,0.6343655711310174,0.8786664656373906
5278,0.08548729121685028,0.5056378298946677,0.08107270091416241,0.4746387460662381
5279,0.09683874249458313,0.6305186183232858,0.32929376752459605,0.8286488554882406
528,0.05109570920467377,0.4641179231659445,0.006558678924551824,0.6625732968211847
5283,0.16431206464767456,0.5651706385734747,0.4303668142800989,0.5470767279468114
5284,0.14174532890319824,0.6575131999956226,0.4763656954674544,0.6231833259598759
5285,0.09019330143928528,0.7653774120771906,0.44886781192960357,0.7804329179887711
5286,0.12160176038742065,0.47086866145250317,0.0199441073951235,0.4316797974387107
5287,0.07254418730735779,0.5308595178615831,0.10129307433505975,0.36679010905768683
5288,0.10264696925878525,0.8116660323833977,0.6679897382785285,0.8660811060296977
5289,0.09399944543838501,0.5211567514140394,0.06137593716675626,0.47642043206370127
529,0.021880824118852615,0.5248859935663707,0.01411675640534085,0.4001941724614816
5290,0.09544894099235535,0.8163134757909329,0.6086881539053915,0.8043863202768838
5291,0.0690416768193245,0.5768829127093983,0.1623754187027047,0.6494879949166601
5293,0.06934037059545517,0.6308304757101448,0.15083208596776396,0.6170833261557855
5294,0.060712460428476334,0.8518353248736683,0.6712791648500019,0.8526719674002601
5295,0.05815933272242546,0.8708919642466227,0.8038066949730686,0.8881122124352354
5298,0.07314011454582214,0.7084982661717966,0.3799362267395097,0.6929659844573224
5299,0.05822456255555153,0.646904709293302,0.2037766514640484,0.6169144801247183
53,0.08667559921741486,0.695416061539649,0.4477176324153281,0.8279495346421437
530,0.04727645218372345,0.788425838989792,0.26681885729765176,0.6641343975447641
5300,0.09370507299900055,0.5626419741423302,0.11249891683681043,0.576688789281008
5301,0.07230251282453537,0.8775126839612346,0.8008605861337093,0.8671010400415243
5304,0.09711958467960358,0.7118807601967823,0.404088163073438,0.7968781057785412
5305,0.2307470440864563,0.7267920377274146,0.6716096338362673,0.615792904624793
5307,0.07545161247253418,0.4596806493828931,0.032960557855615136,0.4441588207667162
5308,0.07297135144472122,0.5348927777359515,0.1552857698972796,0.7733211554172045
5309,0.11672605574131012,0.6161705781580764,0.2757239890769857,0.7485668986056737
531,0.12437141686677933,0.6089232116074791,0.5161262699953318,0.4905199264671624
5310,0.1243351548910141,0.7073519718763919,0.4125741522840476,0.788980739701145
5311,0.0685250461101532,0.6615683804912975,0.2237926061310635,0.6884176649766411
5312,0.06984753161668777,0.7978113128242796,0.5514234931984099,0.7857747020170611
5313,0.31582731008529663,0.3668483749336825,0.21765110602563648,0.2998459414124587
5314,0.05656912550330162,0.8128637282680378,0.6605112482667974,0.8625950088983199
5315,0.04670729860663414,0.6721261709846873,0.3140432756446772,0.8115039690877996
5316,0.15708088874816895,0.7063003498906476,0.6518888080956047,0.7791512426080413
5319,0.14300011098384857,0.5394376364455113,0.16034615930893592,0.7366121797503555
532,0.09405094385147095,0.8232279392091872,0.5736217736965741,0.8248409501150954
5320,0.12245803326368332,0.5939860820267957,0.2722654792012638,0.7161442054159706
5321,0.05972491577267647,0.8449398549211411,0.6017376853477637,0.8038978429457639
5323,0.07079492509365082,0.8283388325617217,0.7637620441030066,0.8687125978646892
5325,0.19688181579113007,0.5219915763946356,0.23933372242710835,0.587216807420992
5327,0.06821379065513611,0.6488534471145609,0.28206362483448955,0.7854504336439231
533,0.11503429710865021,0.7034277451709687,0.5364992776927521,0.7771878373418606
5331,0.08158353716135025,0.6189678380240595,0.3492178958709863,0.723426059389787
5333,0.05296109616756439,0.8818711157261794,0.6087148632428555,0.8444410522787626
5334,0.1713617593050003,0.5985719267012632,0.49458956272840654,0.6023069612773196
5335,0.17824852466583252,0.458902784884855,0.03182179446287553,0.3468776052370236
5336,0.13915525376796722,0.5428439213141605,0.10224516342509612,0.6210348689772305
5337,0.04332714155316353,0.6401608683434592,0.21469321723659043,0.7568937978352892
5338,0.12875309586524963,0.7927403053371451,0.6332690797339485,0.8009531482370557
5339,0.1672157347202301,0.7002091960182578,0.5937960577950295,0.6667330942584484
534,0.24159617722034454,0.5401695466480796,0.5218649234061413,0.4694382107937549
5340,0.0694815143942833,0.46685947027020847,0.012653264556426201,0.252641055865783
5342,0.03853733837604523,0.6433707289667594,0.3565141740522015,0.6134290352229337
5344,0.08576097339391708,0.689824785921973,0.2908897463758446,0.7394513905190611
5348,0.16220435500144958,0.6357124983705615,0.4005850133411379,0.6051045189125566
5349,0.04338207468390465,0.6161481293903852,0.25395572462984034,0.420765213378435
535,0.1066422238945961,0.5875893314124174,0.34293027165112977,0.6599888596914651
5351,0.04330609366297722,0.5114770245167308,0.02524509414385295,0.5436042269684889
5352,0.07032772153615952,0.6098106373776994,0.229530121813355,0.7163118623278854
5355,0.06958847492933273,0.708074844278805,0.4760753267635938,0.8789811993563597
5356,0.13729870319366455,0.5144193199618163,0.186944338497649,0.784800359434614
5357,0.10476905852556229,0.8000012905007872,0.7183512968275244,0.7689096283889354
5358,0.05882551148533821,0.7138753355370895,0.3225190304118595,0.7512767072364321
536,0.08050656318664551,0.8531651680869372,0.5283035656205692,0.8052641794904306
5362,0.11687634885311127,0.5152687456176345,0.07482008341437281,0.5197052857164604
5364,0.16712705790996552,0.5094709724921929,0.42679578010942804,0.42983647509920603
5365,0.07171724736690521,0.7897216337358381,0.5491830091715769,0.8780642142151001
5366,0.12149843573570251,0.6309195683779314,0.3138419679610635,0.775846831506494
5367,0.09545654058456421,0.44977981628748565,0.04209816106515293,0.6151812495014488
5368,0.05852014943957329,0.8589144443993324,0.6068190468987354,0.8599550003010045
5369,0.04659315198659897,0.5663007285047281,0.190000217138253,0.36233244568960987
5371,0.18129874765872955,0.5054475306487148,0.3680673103350343,0.4779260660092417
5372,0.0731416568160057,0.6897562068113009,0.3584336896871255,0.7733343700442425
5373,0.11053411662578583,0.6065377750759974,0.24117607859053147,0.7231525566865873
5374,0.062414105981588364,0.8058621585643141,0.5535075486836051,0.8299248117121938
5375,0.04661823436617851,0.6391715384087333,0.20310661938242613,0.662155097782426
5377,0.040379587560892105,0.8811355641719134,0.6192513041834503,0.8908601337670604
5378,0.13100683689117432,0.6931672884701536,0.4951830727508963,0.8009353420885219
538,0.1601009964942932,0.7511354270908182,0.6544048827554253,0.7886714605858074
5380,0.059512365609407425,0.670490412056328,0.46600975290789903,0.678294803981063
5381,0.04701385647058487,0.8002143581169532,0.5469973703245674,0.7969015030528646
5382,0.1115245670080185,0.8065289664462447,0.7396109516441851,0.8037313567518419
5383,0.11061221361160278,0.7055116895161703,0.6174237277474903,0.6854966126070252
5384,0.09066187590360641,0.8148507798212152,0.6839818746232863,0.8366102790503533
5385,0.09217924624681473,0.8497530783372226,0.6482330163851404,0.8211945725590455
5387,0.07312656939029694,0.8311451192782608,0.7464309602775832,0.8284510264630581
5388,0.08322230726480484,0.6829394022467039,0.46134155800757326,0.6928485924453243
539,0.053288061171770096,0.601470831091016,0.43255996603495156,0.6640565600251764
5390,0.18809477984905243,0.5183170583692056,0.19629538538577998,0.5725578532998397
5391,0.11412534862756729,0.8636359341065466,0.8129125993807983,0.8291446685249624
5392,0.07031363993883133,0.6357569029549153,0.33184700843270476,0.6619385341431092
5394,0.0733909159898758,0.7265040968277723,0.4917486306733184,0.8456065262695219
5397,0.19230487942695618,0.6035324378508173,0.5735072477245801,0.5775880610244795
5398,0.07061614841222763,0.8020975015667735,0.5072940234588353,0.8642490201205681
5399,0.3646494448184967,0.5630598702186707,0.6797533996769866,0.4751732394240934
54,0.09283502399921417,0.698100675904666,0.5657556222958365,0.770708672984804
5400,0.36496010422706604,0.4709055476064703,0.4785163082689233,0.526137273683777
5401,0.10316500812768936,0.710087993576931,0.5112629471486932,0.8333949991189753
5402,0.14139504730701447,0.5497492482890838,0.18608102651185995,0.6402239612217047
5403,0.3281375765800476,0.4805014484743204,0.5402600497469067,0.42084425640122425
5404,0.2077617645263672,0.46233426680016054,0.4080810372396595,0.392017549380787
5405,0.0803215280175209,0.7565614390432943,0.6182164624041582,0.8206044798560468
5406,0.1190204843878746,0.6747970408547883,0.6047820271544508,0.6588599375812976
5408,0.09008490294218063,0.8041550453638372,0.5860816384039053,0.852068592987519
5410,0.068088099360466,0.7353219810842394,0.25529524969028994,0.7645784938877629
5411,0.04952401667833328,0.7700906914904393,0.5548576281982434,0.8093794642759378
5412,0.06026417016983032,0.7139517383350815,0.36838922664539764,0.7787725814303994
5413,0.1796436756849289,0.4634252797260032,0.14408189209053637,0.699188117970001
5414,0.18248111009597778,0.6032045365688342,0.486469249848696,0.639768636946481
5415,0.07804717868566513,0.5298060021067764,0.13983804915628248,0.5630508787666042
5416,0.09120075404644012,0.6721660618370715,0.44969553833914283,0.6446096363139315
5417,0.13948357105255127,0.7254784105579115,0.72577254734281,0.7674732161865023
5418,0.09679539501667023,0.6578760932715825,0.5190473360408191,0.5553824805824221
5419,0.14432448148727417,0.6959529988429123,0.5791906997121101,0.7182855758122668
5421,0.13846032321453094,0.5153005973941769,0.2935964664817035,0.392212473610969
5422,0.08290821313858032,0.5467172626422159,0.1381874697430992,0.7090337566176633
5425,0.2134634554386139,0.5151371740788703,0.13664288166693891,0.4897319093697886
5426,0.07991942018270493,0.4597978225943234,0.04793383287793154,0.6925783654560556
5428,0.23233547806739807,0.45182999352300285,0.409913119212928,0.42222433011657223
543,0.08973227441310883,0.8342697130790071,0.5209584052284132,0.7904974011942834
5433,0.15926595032215118,0.6068019373459432,0.5755339224335627,0.6138510817919938
5434,0.08738478273153305,0.6189119742980792,0.2666776377724453,0.7818577876227482
5435,0.06873886287212372,0.7066826038861731,0.39442195509346223,0.6365823589803511
5438,0.11757859587669373,0.7488713222560237,0.40876054645196463,0.7673282083980254
5439,0.05917834863066673,0.915236358587302,0.7797946658860735,0.8992982073464084
544,0.5108622312545776,0.2689009148345538,0.19328321219545924,0.27007549972908995
5442,0.14408032596111298,0.7523572256905128,0.7846346161571922,0.7358161596661945
5443,0.11203169077634811,0.7797064996031123,0.6404100439931045,0.8389451376131232
5444,0.12680210173130035,0.7162364213777435,0.7427990151676467,0.7158439145565827
5445,0.10045435279607773,0.7388509214373493,0.6732240294377883,0.7974664459593614
5446,0.09319400042295456,0.6987056250522004,0.3848056627861369,0.785916532054522
5447,0.09641432762145996,0.7886452385297753,0.6581659323040603,0.7822266810254275
5449,0.12870773673057556,0.6905721164353404,0.5705867136728996,0.7017326381988416
5450,0.25360363721847534,0.5858028787559726,0.6620912729669116,0.5904712474754266
5452,0.2670165002346039,0.47727267216274716,0.4299668607861379,0.42240375284779563
5453,0.09793263673782349,0.7794424716800558,0.6276147627842922,0.7875420033939402
5455,0.14095439016819,0.8096878655658035,0.7946363381375444,0.8133838602531016
5456,0.0773521363735199,0.4647146285733935,0.04643428846128193,0.2611619510532844
5457,0.13901112973690033,0.7725450491979557,0.7996507603281544,0.7756406267173697
546,0.05513785779476166,0.7169598941838384,0.4887352713730856,0.5700014566868888
5460,0.1215740442276001,0.5777318653568979,0.2592750367366144,0.7953219747661976
5461,0.065235435962677,0.7602035617103711,0.3992579476942682,0.8003936069192107
5462,0.04078114032745361,0.8831900114765823,0.7237941794959799,0.9274686397064575
5463,0.048179566860198975,0.7527317818698472,0.4416035096193593,0.6250024972040611
5464,0.11691943556070328,0.7724407540956557,0.5935884017256757,0.825723358393089
5465,0.11649668216705322,0.6312804874476485,0.3180364219694619,0.7453397086859498
5466,0.062179192900657654,0.6616021835553877,0.31025859676525824,0.8102289077918219
5467,0.1466861069202423,0.5913207495061854,0.47364093138425,0.5152448961271101
5469,0.13967397809028625,0.4243448798890199,0.05903248790128863,0.3858076847949378
547,0.16510705649852753,0.6440272378504426,0.6058853544929911,0.5648239674938567
5470,0.10167548805475235,0.693506751769631,0.4389929620489353,0.7236996247174059
5471,0.028966860845685005,0.6731803018475331,0.3441355014905599,0.6766562698363152
5474,0.15906870365142822,0.6415343359458664,0.548185020013222,0.7358795154034934
5476,0.1290735900402069,0.43750600905930037,0.029441367929636295,0.25399322539092817
5478,0.22255925834178925,0.6024369181453872,0.49399035597388663,0.5089606812102959
5480,0.03468635678291321,0.8123720627885396,0.517607600686941,0.7993730654729494
5482,0.04300135374069214,0.8642520466515122,0.44948026379387235,0.8218614248314005
5483,0.032156068831682205,0.8285527762009008,0.5533259073001178,0.9143595528765638
5484,0.06870294362306595,0.6745082264976745,0.4133675672505182,0.7239597167088357
5485,0.2785681188106537,0.3826630319545969,0.21388164330842543,0.3083441517868759
5486,0.17473793029785156,0.5139207315960825,0.42804220311704927,0.41958761567981917
5487,0.08147671818733215,0.6701864401284899,0.3642037876512615,0.7674103798837779
5488,0.08243798464536667,0.46449140794369687,0.07665464414112022,0.26652843261737347
5489,0.1010417640209198,0.7184800743307242,0.5879759278843458,0.8468749423283578
549,0.01712316833436489,0.9410342546858314,0.7441129613800892,0.942914842153421
5490,0.03720477223396301,0.8530106967947262,0.6164501019376929,0.8585031982185848
5491,0.01384454034268856,0.8035684283969361,0.35728481110163135,0.7913785462440188
5492,0.2059960663318634,0.5519625639352522,0.48471226477124296,0.6361362226025535
5494,0.08791329711675644,0.45786533102097526,0.05197358341665758,0.2611731851060106
5495,0.10382644087076187,0.5480340103519068,0.3390338550970161,0.4483212593311299
5496,0.19460123777389526,0.40418378774451513,0.017836186033826962,0.25227343698190074
5498,0.18184936046600342,0.603577219316304,0.5742077106071715,0.533129523900342
5499,0.10527361929416656,0.561473791680135,0.06177246141028384,0.4316791381556606
55,0.0689368024468422,0.6482584178335328,0.2813879127195828,0.7785416165659079
550,0.10852816700935364,0.43309154293847785,0.00022393355638374956,0.3086714800028176
5500,0.10050123929977417,0.4791667770834275,0.13877773525561907,0.29170461233089817
5501,0.03106890618801117,0.8304679428201895,0.4552433359327234,0.8164105291743033
5502,0.07971509546041489,0.4691555253620969,0.09823791420947213,0.2779687294267337
5503,0.058407146483659744,0.8632622159881022,0.5978725248027126,0.8496725596175179
5504,0.09904781728982925,0.6362201448607644,0.3157618911611804,0.6963684288412737
5505,0.055740293115377426,0.5482849298620239,0.12282587819009229,0.5675112855571812
5506,0.2066735029220581,0.43364162834436626,0.2975200391597574,0.34970173934090065
5507,0.0338408462703228,0.6029903261857816,0.2153974901766722,0.6414692002495797
5508,0.07319509238004684,0.7794404439843379,0.5120362326809823,0.8707628675645704
5509,0.2371041476726532,0.5432871921938996,0.46704100687029004,0.4763662657104871
551,0.039160653948783875,0.8288695720149766,0.5403356780658181,0.86957349174095
5510,0.07558810710906982,0.6741851008742921,0.47875958416689296,0.6555864027551506
5511,0.21125835180282593,0.5399219787617532,0.30736072716807217,0.5428766379351904
5512,0.3128095865249634,0.3450003607095479,0.01615143473114089,0.2519691669778725
5514,0.04384437948465347,0.5295401983005885,0.10387280432252236,0.37375865338585046
5515,0.03512197360396385,0.674649383236533,0.24588473007575068,0.7159531885000734
5516,0.027666781097650528,0.6059198104931949,0.08970790331585167,0.6607692988895495
5517,0.0652441531419754,0.5828778037731778,0.1902914539855416,0.6216745651221851
5518,0.2508305311203003,0.3805128638091496,0.0974437427352593,0.2701888572874047
5519,0.14550308883190155,0.5045171614764627,0.3930258981848805,0.4058459547436575
552,0.08425658941268921,0.44767117373029,0.001007873233484507,0.38513598868256155
5520,0.29942914843559265,0.47719957751676295,0.37157898915224513,0.37210189826320345
5521,0.07511008530855179,0.46195466787393846,0.03911843599034726,0.5429052064174572
5522,0.13400204479694366,0.569281032628277,0.11107457017704486,0.5974322572748116
5523,0.10036326199769974,0.5774201131067717,0.24842948962676956,0.7909060102458185
5524,0.07990038394927979,0.47684063567161405,0.12028386480013208,0.2872918408103503
5525,0.29430437088012695,0.36531973838225595,0.10918820079720444,0.2726117736632903
5527,0.05176709592342377,0.7108729912317509,0.27415650969023214,0.7439877363959139
553,0.10403292626142502,0.6288942200447717,0.2540151772559982,0.6527475121561104
5530,0.03254048898816109,0.7344629346052587,0.1438491871721103,0.690115965136135
5531,0.14171037077903748,0.5587325219340942,0.2408172663995155,0.725333174231852
5532,0.07891561836004257,0.6092379101770751,0.16459943272560196,0.6210268743061267
5533,0.1993619203567505,0.4132269989840121,0.14544642830317475,0.2870643073887471
5534,0.052173420786857605,0.8318101820835664,0.6331466187148477,0.8237956742415504
5535,0.10631567239761353,0.5070806576825112,0.26208861364662106,0.35117864637263185
5536,0.15691030025482178,0.42336110319892234,0.02918129676373011,0.2551893972184185
5537,0.14994952082633972,0.5522754721746421,0.407136625061574,0.471163200282744
5538,0.036298967897892,0.8707693614191137,0.6667380488500418,0.8625768688212091
5539,0.01515951193869114,0.5756583814945143,0.038180531657375484,0.4632405327755301
5540,0.08345665782690048,0.6650183443686718,0.1750562998508613,0.6276079747448284
5541,0.12064191699028015,0.6279134279291265,0.18962302672868575,0.5676007945268056
5543,0.01382223516702652,0.6972317419432953,0.15556040204574018,0.5057697303618689
5544,0.06929357349872589,0.6749362534639101,0.3551469077365127,0.6195825599546883
5545,0.10405896604061127,0.48092814914825494,0.22422280402741912,0.329043591481071
5546,0.13531042635440826,0.43595372902190643,0.0580030221123771,0.2619515675272225
5547,0.0769081562757492,0.47026439579164586,0.05611313032565176,0.270863826698993
5549,0.30631354451179504,0.34913922536813613,0.03511695998755196,0.2550509913831869
5550,0.035378988832235336,0.6585728973348767,0.5099216607964678,0.566497610798632
5551,0.13187119364738464,0.7868439086653921,0.7334620789635452,0.7977694713883252
5552,0.1586894989013672,0.42333913010137364,0.04137407347682507,0.2602264195510925
5553,0.08082389831542969,0.5456103300455704,0.18071064252282615,0.6467648046509344
5554,0.1511024385690689,0.4266370978222009,0.03194669154182656,0.25589813437377124
5555,0.08091696351766586,0.6904893916379607,0.28327518729484913,0.7540400241170082
5556,0.06315676867961884,0.8065902836832842,0.5336570910286645,0.8622289021265384
5557,0.22199203073978424,0.40986531463002585,0.16847459813505686,0.2946213743685123
5558,0.08730979263782501,0.6975882368039436,0.2214749905438256,0.6040860553384834
5559,0.0793686956167221,0.716284818176651,0.41433250469712113,0.8123192278403977
556,0.4611991345882416,0.32690039663080256,0.304222944342197,0.3019875132808688
5560,0.16459690034389496,0.622552121946607,0.616081957626616,0.6610029187020708
5561,0.21731887757778168,0.39632678614849204,0.08044973447690687,0.2622871793153804
5562,0.048232465982437134,0.7651093883005687,0.36660775415531793,0.8134155303765443
5563,0.04148799553513527,0.696421268495804,0.22006899915365252,0.6925494189204269
5564,0.19152861833572388,0.6459779202789028,0.5604352017163319,0.5753387837401638
5565,0.029341591522097588,0.8407723832609798,0.5429909218823668,0.8092190051766806
5566,0.026142746210098267,0.8100726378557759,0.48089631528248045,0.8105614229972704
5567,0.04693743586540222,0.8475181057954404,0.5519983836540582,0.866819653041663
5568,0.09527237713336945,0.5258969313946741,0.25463131586874316,0.38208934104820497
5569,0.08196389675140381,0.801980821923959,0.5339543502835618,0.8240265960808417
5571,0.09291495382785797,0.6885585036955505,0.4244555752038776,0.5834539168234322
5572,0.06714215874671936,0.7949923196105269,0.7188453540823858,0.7494959005222827
5574,0.09570571780204773,0.6439034386147984,0.4438644828487278,0.5066415175247815
5575,0.20288707315921783,0.45916122999783276,0.2418231770612373,0.3263803705419016
5576,0.18554720282554626,0.6079725368659532,0.5177345190193425,0.6818124819249411
5577,0.28558698296546936,0.42836107164236276,0.4193381458456595,0.393718807937982
5578,0.1657596081495285,0.4759301372776309,0.2803026160619947,0.34911626381383853
5579,0.08773741871118546,0.6337846514327806,0.5836701028538896,0.5502099460788014
558,0.18182027339935303,0.6995425933940944,0.6776994931767375,0.6203891771199537
5581,0.13928718864917755,0.6492274269483689,0.2601619043469158,0.7086587800352655
5582,0.021122047677636147,0.7256442267150935,0.3412882209678028,0.796412836075293
5583,0.21870453655719757,0.47171017074698135,0.41784565056755923,0.40271240541379655
5584,0.04022489860653877,0.6295000811203955,0.25212385786456354,0.7481984750593387
5585,0.0328046977519989,0.8943403915192052,0.7103695157759995,0.9000287283240217
5586,0.033830348402261734,0.6806688191736774,0.30907913340817555,0.46633413308813887
5587,0.036411818116903305,0.630461648781393,0.3467054407640338,0.5456237485474362
5589,0.127753347158432,0.6599015313903893,0.6081115203060672,0.5679074149926293
5590,0.08757352083921432,0.6794609374146866,0.5449167327177042,0.7095924178069564
5591,0.13496704399585724,0.43465182553513154,0.030867769360995993,0.2549481362000119
5593,0.14111025631427765,0.5557711685488208,0.3138420026624318,0.49310767659482585
5594,0.06349483132362366,0.717489287082514,0.5902761133894842,0.8246346420438843
5595,0.25863704085350037,0.5905325443418294,0.7516416701010713,0.592581019395373
5596,0.2390144169330597,0.6017369778758423,0.66757010569153,0.5701371758842344
5597,0.09209521859884262,0.6415483083253075,0.4712211859367321,0.6526145818828802
5598,0.05859081819653511,0.8400260349333633,0.7989153703779448,0.8714205599810846
5599,0.07416655123233795,0.8122310397845541,0.44094388538962087,0.8406822463644814
56,0.13429559767246246,0.5662587000601691,0.17183138016875546,0.7108988454876983
560,0.15339604020118713,0.6998874527106114,0.7425413873854068,0.720199627789484
5600,0.11994370818138123,0.7845158763852388,0.711974121150504,0.7400819060897252
5601,0.06263816356658936,0.5029768633964657,0.04165661847331405,0.4123035746109569
5602,0.07080945372581482,0.6006947665506798,0.17733026950538028,0.6477363047197253
5603,0.10880469530820847,0.6623544569463786,0.6237235184576122,0.6241754173932331
5604,0.021199548617005348,0.7766625398163449,0.3557960025776238,0.7964239370243076
5605,0.05735297128558159,0.8087273767303058,0.6105780517312178,0.8483092747603422
5606,0.12166665494441986,0.5274303794069904,0.2263365623408988,0.792950037027242
5607,0.03726939484477043,0.8095872532672043,0.46126218512695694,0.8694162203630234
5608,0.18328572809696198,0.6810909550929489,0.5618128834098839,0.7476901180493168
5610,0.05269644036889076,0.8472816666066371,0.5492947476787826,0.8585338147242333
5611,0.08339369297027588,0.7056022029998813,0.5945116503121276,0.6449866021227786
5614,0.05986520275473595,0.8109596821390165,0.4887413767193324,0.8271490342317005
5615,0.09224706143140793,0.6596723468692424,0.283754291573176,0.7586285639608806
5616,0.12955763936042786,0.7598484372099366,0.7119981178907413,0.7628538816650312
5617,0.017824992537498474,0.6554811560219169,0.24477915114373197,0.6479588408733223
5619,0.12581519782543182,0.7975768947848574,0.716587559251948,0.7508544558253023
562,0.21873833239078522,0.5010214818552824,0.46779586103886034,0.4587838030574724
5620,0.15203392505645752,0.619739650614561,0.6028038699076655,0.5971356970481616
5621,0.0688103586435318,0.805671244511523,0.42601552382617164,0.7890767094246094
5622,0.13227789103984833,0.6484859838941563,0.4172643365428761,0.7836201685055184
5623,0.10042344778776169,0.6040483660472777,0.10726036007289497,0.5353567954841423
5624,0.04928318411111832,0.7764215689824787,0.45231353824138,0.8382754287263625
5625,0.09630538523197174,0.6212143657543692,0.22387894312296597,0.6504242302172105
5626,0.122000552713871,0.5535223784382106,0.09164765625768555,0.5006877352464255
5627,0.1082434132695198,0.6843112149369537,0.4178883274330276,0.7886244112643456
5628,0.10936751216650009,0.6286782455376556,0.1789512601925391,0.5668673983889458
5629,0.04293788596987724,0.8454791424814188,0.7626908970739007,0.8714762349013114
5630,0.2487313151359558,0.5134371670277124,0.5135605223081874,0.48521963760422043
5631,0.04166707023978233,0.768363191359499,0.3770949307575707,0.8191479896492273
5632,0.0721900537610054,0.7466118445938532,0.21815762885821777,0.6492427620252332
5633,0.06883193552494049,0.5684984342985614,0.08342055124895725,0.454076034364725
5634,0.027715381234884262,0.7398859998439713,0.3878781827278257,0.8204382873200335
5636,0.06323780864477158,0.7334468991965588,0.3324576181938497,0.7617972552204316
5637,0.04031609743833542,0.7319554697915439,0.32961248901915374,0.7479507862290672
5638,0.05734769254922867,0.781042518434322,0.5313418242465576,0.8347332037856667
5639,0.1630532294511795,0.4348082494111068,0.18577406534187937,0.301339016606774
5640,0.09737619757652283,0.6801310077981756,0.3719100019769439,0.7898196390772741
5641,0.11531245708465576,0.7950392939781348,0.5182806854188093,0.7942192996813051
5642,0.0449514277279377,0.6665377806899944,0.29036214144519923,0.6762391794772262
5643,0.2059381604194641,0.6026601573890662,0.6912902535470639,0.5992453153091537
5644,0.027782771736383438,0.8508151804225355,0.4567556646467302,0.8502721574358989
5645,0.10087023675441742,0.796640579190572,0.6009074530512256,0.8084414142211388
5646,0.056255754083395004,0.6738401393727708,0.280605518114181,0.7375110788175085
5647,0.05250035226345062,0.637936238418815,0.20243805503803855,0.5927899006975064
5648,0.04778187349438667,0.880525424384977,0.7025445454373648,0.9238540362819454
5649,0.3129040598869324,0.5083912742626051,0.6068835724207181,0.4641250549805802
565,0.023760808631777763,0.9150147202407115,0.5304380480658634,0.8342863802303115
5650,0.06763249635696411,0.7694919575270285,0.39667296984053463,0.7944750237047509
5651,0.06626712530851364,0.8078759854125495,0.47120938945166396,0.8329260687311595
5652,0.07210288196802139,0.8302926576289658,0.7069954933382439,0.8680471881080712
5653,0.030129004269838333,0.7735521263939849,0.3833777821999931,0.8179459826859086
5655,0.0824061781167984,0.7026604051620837,0.35474448035365624,0.7185060390630591
5656,0.1246415227651596,0.527252803846092,0.10768866616840539,0.5987623893072133
5657,0.20530983805656433,0.6875832620346094,0.6471528370000702,0.7138945512945618
5658,0.17201045155525208,0.7218600147142062,0.7584521431847445,0.7156869626720987
5659,0.12028161436319351,0.710030787112308,0.4132574950957557,0.8092777292040761
5660,0.06428518146276474,0.7560196055328974,0.40473726562959284,0.8630116405161066
5661,0.19646701216697693,0.5897121254002664,0.41951187358030034,0.6702152158597448
5662,0.08244910091161728,0.8040315382009469,0.77096063051777,0.8239441706739228
5663,0.09282086789608002,0.48978347138961636,0.2676873171638954,0.37749167523168287
5664,0.07053279876708984,0.7399549936067598,0.7080641639004069,0.7372968117240144
5667,0.048278167843818665,0.9325554596764499,0.8355305900134075,0.9210638365391639
5668,0.06984905153512955,0.819866889205489,0.6766942903944317,0.8378881511840153
5669,0.2557018995285034,0.5268526292027284,0.605317757170116,0.52076738024867
5670,0.04815263673663139,0.8772193602010632,0.7377802329936821,0.8587585569598812
5671,0.16284827888011932,0.4178096141023838,0.07531362800786578,0.43110982009263954
5672,0.012014131061732769,0.7924745398263999,0.42056764889912995,0.8526158900125502
5673,0.02661881223320961,0.8840016450909527,0.5698058693743763,0.9016537846046395
5674,0.08059348165988922,0.664091490338692,0.6440153251220873,0.6323959804147317
5675,0.13967987895011902,0.6182988554061568,0.395838771432586,0.7228180554226595
5677,0.22976742684841156,0.6524910989725203,0.7276432912038784,0.6209398236389974
5678,0.11351446807384491,0.6693550540143607,0.6796451095938377,0.7251537645729642
5679,0.09976603835821152,0.6338114737726651,0.5352831687765411,0.602265707310147
568,0.2948954999446869,0.35403901687165795,0.015765778091335246,0.25187645900439026
5681,0.051218803972005844,0.7454687454409425,0.39084199786552554,0.8131958147623389
5682,0.03499363735318184,0.8573877457710299,0.5725717204101869,0.9079316334707648
5683,0.08588763326406479,0.7387072645633629,0.41794118028526733,0.8240325515628031
5684,0.04216225817799568,0.7788334881954058,0.36483709474631015,0.7954364954390711
5685,0.11877988278865814,0.6846909213463975,0.44625968554503986,0.7815495711208948
5686,0.26136356592178345,0.3791734135494993,0.13873477724655298,0.28065773637500524
5687,0.06705186516046524,0.8792551062170082,0.7618865424476523,0.9137463926673058
5688,0.18409523367881775,0.7157557795436528,0.7821526990630959,0.6894957952577092
5689,0.12759682536125183,0.6696615296323987,0.3890902218502042,0.7430196425312728
569,0.27230677008628845,0.5429122197126854,0.5994545913934824,0.4836453515790621
5690,0.03722384572029114,0.851194075494431,0.4954131717645454,0.8510342104602036
5692,0.18006160855293274,0.6479289667187713,0.4644228821998504,0.593920221572805
5693,0.07347307354211807,0.8536067943109699,0.7423000213151114,0.8683846692504035
5694,0.07107790559530258,0.8218123876700256,0.6284697698463049,0.8020626869534095
5695,0.0642990916967392,0.5629716728083636,0.11121368609374734,0.47942191006387636
5698,0.11587335914373398,0.7968650902373726,0.5750532781912081,0.6608823816395613
5699,0.06429025530815125,0.8049892513174753,0.6097948606122564,0.8859667703138816
57,0.06827699393033981,0.6005622259948353,0.09968104302003171,0.5817808534698051
570,0.15142658352851868,0.7107962614805272,0.5271408726912113,0.8174944641425456
5700,0.043703824281692505,0.7858864371820311,0.4528991119750585,0.8245101034792884
5702,0.0852920189499855,0.8002721848513845,0.6153911857564399,0.8357114090247272
5703,0.1231534481048584,0.7966384236140525,0.7480045729752085,0.763037370348095
5705,0.022589653730392456,0.7083861448037889,0.3398076762709482,0.7672435496490141
5706,0.19414092600345612,0.6883217057414277,0.7634364866604426,0.6718390685016544
5707,0.1161377802491188,0.5412785438001072,0.06359788200521208,0.5988735468453763
5708,0.06957601010799408,0.7986491581582426,0.7030570997959068,0.8120293021541246
5710,0.09283218532800674,0.5807349842458618,0.19783853054730594,0.6464890014589617
5712,0.045263923704624176,0.8610211474865235,0.524414455736686,0.8570195592279796
5713,0.14755159616470337,0.6489469163655435,0.5935179312656435,0.5925941802317938
5714,0.08368087559938431,0.6288106833897698,0.5653597297299899,0.6376302774446575
5715,0.19773627817630768,0.6693451715396839,0.7479171282025919,0.663392906495314
5716,0.14371468126773834,0.7297949432322922,0.7176830880665,0.6654458604615949
5717,0.07603777199983597,0.6207748285456447,0.2402355742427374,0.6384021051385206
5718,0.03449293226003647,0.8061262055908203,0.49649005622953984,0.8466532518622263
572,0.17390932142734528,0.7287628385833749,0.807769662562704,0.7154541688439231
5720,0.03135398402810097,0.7158039788644548,0.2234003814703732,0.6744960503726237
5721,0.04663824662566185,0.7415700222250435,0.3734551034343601,0.82044723235031
5722,0.14858955144882202,0.5746923842676459,0.48470601504615207,0.5002576557705791
5723,0.14782290160655975,0.6210082051607999,0.6530193353390134,0.651999581075571
5724,0.1608312577009201,0.44218703999828346,0.062377773067308476,0.48773484135451833
5725,0.05842496082186699,0.8751570857663051,0.6584781812121643,0.8917575239842264
5726,0.03217853978276253,0.702017442698884,0.3882747072801519,0.7402706192125496
5727,0.0504222996532917,0.720526184508193,0.38031888678819986,0.825274250922935
5728,0.08283337205648422,0.5092501358565031,0.26765215408837517,0.38421412461286425
573,0.06304704397916794,0.8652034172533887,0.5985227906817894,0.8415783311773144
5731,0.026499658823013306,0.8835431271829488,0.650110353601472,0.9254832792905439
5732,0.3283807337284088,0.5137189339357096,0.5290734773867763,0.427390262904752
5733,0.08524391055107117,0.616387936228147,0.218689159537611,0.6576711314979754
5734,0.04370851069688797,0.9341173125261644,0.8345001588069466,0.9238113177857323
5735,0.08053047955036163,0.65321753960496,0.33843585002513166,0.8090209175391333
5736,0.0802767276763916,0.6593807247575072,0.3908731780357862,0.7303433284110176
5737,0.11109744012355804,0.7737389169882829,0.5996087445549139,0.7547348077087992
5738,0.040548354387283325,0.8339664037289879,0.5218115258291616,0.8721651725329467
5739,0.05139656364917755,0.7615292395712017,0.41859804518231297,0.8071962464844856
574,0.030580872669816017,0.5855735710967208,0.10538792210886705,0.5986207996720003
5740,0.09911808371543884,0.8217505456755798,0.6829387678769686,0.8651948457633635
5741,0.0426410548388958,0.7746670614127535,0.4768847414292473,0.8456743876347169
5743,0.06606850773096085,0.4510998778565722,0.006212221010483643,0.8189381036959154
5744,0.036875639110803604,0.8871672310270269,0.5815317376501431,0.870017034891965
5745,0.18836148083209991,0.41046899201695825,0.0915556035961483,0.26875246813550635
5746,0.037711817771196365,0.7011603376045911,0.3514531120441201,0.8451672363016325
5747,0.10538165271282196,0.7049797283429989,0.3641599222789979,0.7605092452195142
5748,0.11859989166259766,0.654335926863574,0.23860866477418072,0.6268918195485702
5749,0.030151965096592903,0.705693266934253,0.343967083325852,0.7978933939118324
575,0.11150998622179031,0.8210110928564105,0.7125998632671162,0.8217999910365981
5750,0.17726872861385345,0.6291300486139011,0.6269961876099389,0.5606529402912435
5751,0.17345063388347626,0.6727966409107798,0.6913130118103932,0.646827695439159
5752,0.13200834393501282,0.512585776941404,0.06196003410369681,0.45674955446995774
5753,0.09781687706708908,0.4910995002333514,0.08604590541806592,0.6897636741991082
5754,0.13084344565868378,0.43902462116095325,0.07326398447193204,0.5787078431714052
5756,0.25196170806884766,0.49288183816003545,0.5089844715521351,0.457213184729118
5757,0.1730189174413681,0.6748985727568582,0.6999847230432032,0.6270682128587811
5758,0.16532376408576965,0.6112931643632749,0.481097439058598,0.5378234134349171
5759,0.030387045815587044,0.7707839925326208,0.3339614180391258,0.8392949597514164
576,0.10237593203783035,0.7929373286734817,0.726590690125394,0.7413265632012853
5761,0.018893787637352943,0.8619609607120922,0.535621361222112,0.8125264611285195
5762,0.15702106058597565,0.7436271469096389,0.6633437612285106,0.8010996295606683
5763,0.04451603814959526,0.8577955570830142,0.6425560130429013,0.9040851218797179
5764,0.26753175258636475,0.5648629732780364,0.5144942639710454,0.45676306898268576
5765,0.050238970667123795,0.8252954538987365,0.49042918504644684,0.8616528336339114
5766,0.06268573552370071,0.8273207658747008,0.6254431065295293,0.8730911900298518
5767,0.11353153735399246,0.6593393124019464,0.6051557109800633,0.5836785617255369
5768,0.07182437926530838,0.8147890482050765,0.671449609762304,0.844071065871244
5769,0.1173626258969307,0.8027875612082707,0.7180581917878829,0.813703204937883
577,0.1711367964744568,0.5991572928935553,0.540335904656979,0.5402325625250617
5770,0.23094689846038818,0.5016033865517019,0.49436461698263756,0.43140847716606723
5771,0.050996772944927216,0.8079359469531849,0.41234881330139567,0.8017662113745756
5773,0.06710562109947205,0.7421866585313165,0.4319702066761343,0.8034432675360361
5774,0.5090920925140381,0.46966769016531784,0.6878029755232373,0.32714772661593566
578,0.10386930406093597,0.6150729515144402,0.24164143357668297,0.7661736921346651
5781,0.0527142658829689,0.8242381388253808,0.5474237590862937,0.8569949278741402
5783,0.16904932260513306,0.41852839320628715,0.05153945208182413,0.2730510814668696
5785,0.054679445922374725,0.83457992645976,0.5532457788709618,0.8651607468494404
5786,0.06637823581695557,0.7725950071416733,0.41090293988990945,0.8364647509463534
5789,0.04297523573040962,0.4769697361660833,0.0046313439585076105,0.4981591472165654
579,0.04821845889091492,0.6078720531495247,0.23963091996212207,0.7980801782414386
5794,0.18733248114585876,0.6310088847971755,0.2951636791415449,0.6509870268919855
5795,0.16312682628631592,0.6212739300854349,0.16375044103805494,0.5606014634683734
5798,0.16986365616321564,0.686223006618152,0.6553375366665873,0.6812973779342311
5799,0.0633060410618782,0.7286174890735564,0.31407673035749567,0.727916773141848
58,0.25128814578056335,0.5370247546040421,0.5644107200575019,0.5331841432427524
580,0.07755576819181442,0.8980109786093666,0.7154223097120694,0.8692555361831896
5802,0.019907645881175995,0.4812055741116564,0.002891627852801337,0.5899242568913216
5805,0.09173068404197693,0.7257751222687822,0.561462829388049,0.7527337498314932
5807,0.1282387673854828,0.8195598481368349,0.7930198089809053,0.7739774909359554
5816,0.16134889423847198,0.6024535494452209,0.6186480178901776,0.5704869183581218
5817,0.09360639750957489,0.7774559064078599,0.5544255774768501,0.8655242344807869
5821,0.09330209344625473,0.7842055376039473,0.728352383481517,0.8827557021169795
5822,0.10099103301763535,0.8292533996088151,0.7193823707358599,0.8025043878358595
5825,0.31317323446273804,0.41089177486280265,0.4201034629372544,0.3704064696239621
5826,0.15010347962379456,0.6826525718869714,0.6009365425046773,0.7379723580302571
583,0.09737475961446762,0.6149193719359942,0.46362734465757943,0.6214105383323563
5832,0.07412023097276688,0.7758805913467388,0.6705024007688627,0.8801640598247953
5835,0.18059082329273224,0.7063316281807873,0.7447375461033976,0.6767805577485383
5837,0.08250287175178528,0.7457006862503652,0.6932205913818179,0.7711849043652953
5838,0.0568169504404068,0.6117858039980703,0.18832337750212153,0.7194924156326876
5839,0.14613914489746094,0.6278965731493468,0.6243978522786228,0.571142190335721
584,0.09567900002002716,0.4945984954880557,0.13807803229920795,0.4064421625388568
5840,0.09215638786554337,0.7484025627664319,0.694116560892742,0.7667373308110699
5842,0.15516085922718048,0.6958424847872743,0.5897333154401003,0.6707003947015184
5843,0.06564073264598846,0.7260305375480152,0.595125427185389,0.7833685098847527
5848,0.12879504263401031,0.573796113763434,0.3051230526661723,0.8030129729388855
585,0.0517071932554245,0.6170276674434783,0.15569138707322258,0.578133123068799
5850,0.17725065350532532,0.6300191911146099,0.5378871898922282,0.5291937455607912
5852,0.06201694533228874,0.8181901177960953,0.6113297447243942,0.8939342200741005
5853,0.08101975172758102,0.7332644478470209,0.4625593554220082,0.8413873712266611
5863,0.08267078548669815,0.8726744848542072,0.8435676266397796,0.8688632685679555
5864,0.1326082944869995,0.7303353696980435,0.7479348495251638,0.7397040747758095
5867,0.057530712336301804,0.5497010754508918,0.10509977117432621,0.7354613568901142
5868,0.10142569243907928,0.6752759468241744,0.40222141845841,0.679780849255329
587,0.05334146320819855,0.6658170606971294,0.29443289143936713,0.6835415134333468
5871,0.06937283277511597,0.8877285654437723,0.795172641033679,0.8906465487767588
5873,0.15008535981178284,0.6359496246809202,0.6324764713717128,0.5656831370221358
5874,0.10526569187641144,0.7053774488078175,0.49281399502357315,0.8272387741547246
5875,0.18991509079933167,0.6827187854323029,0.6856435054682045,0.648396482578824
5878,0.09430158138275146,0.6915735002020487,0.42206940686754024,0.8020125215779507
588,0.2562621831893921,0.3906494122928553,0.21629418970336264,0.3028309792927273
5880,0.05557825416326523,0.8486045414931667,0.727866754290115,0.9131469823119613
5882,0.09887054562568665,0.6503478752619181,0.463957842798193,0.5511538590756166
5883,0.1205521672964096,0.5653011106530532,0.2826475538896566,0.6977124426471911
5886,0.10581253468990326,0.8363507015875669,0.8433807110403707,0.8429330374865132
5887,0.13426196575164795,0.778442937119801,0.7623729744235639,0.8039165937364243
5891,0.10336239635944366,0.8833485424625857,0.8748471855211948,0.8585278150875969
5893,0.11145064979791641,0.6845775154904677,0.7471298410009837,0.7123037385588673
5895,0.07381977885961533,0.5675149104059741,0.09204681552796204,0.5271666744865586
5896,0.10814589262008667,0.6477370530159827,0.34990573183001356,0.8319511270205581
59,0.019425349310040474,0.7471882549866149,0.25783333537074365,0.6933063840709975
590,0.16971838474273682,0.6410954004118075,0.541257906478533,0.7320063317508871
5903,0.020415078848600388,0.6690614288137968,0.24347203534153905,0.7748262080569156
5904,0.08793606609106064,0.4650778435175457,0.0018916510874915176,0.3036624191903191
5906,0.1760265976190567,0.6313538164004132,0.5687354376666653,0.6702014490824415
5907,0.20311568677425385,0.680687669603544,0.7802647986845845,0.6829138529193016
5909,0.08057984709739685,0.8066583231898202,0.8209463849318042,0.7928266951757417
591,0.0297908466309309,0.6878344463377577,0.3813463222902472,0.6462123564545708
5916,0.12643744051456451,0.8402030274746564,0.799277548103443,0.8079580567018287
5917,0.16523675620555878,0.7180638388313797,0.7496135401350349,0.6584323876737892
5918,0.1286395937204361,0.7857326401059359,0.7920164302947451,0.7552309164809619
592,0.23471833765506744,0.627142961304601,0.6497770923391096,0.6623883978138357
5922,0.06718484312295914,0.5548306812373155,0.16485161866555048,0.7098012762146526
5926,0.048075295984745026,0.6773107888214727,0.24691637025154076,0.7523702759339368
5929,0.19432991743087769,0.5021134380096968,0.5281278228693899,0.46634605646528593
5931,0.16474634408950806,0.7218501200615572,0.618175861971282,0.6656496046742644
5932,0.0577964186668396,0.8596587965965459,0.7465225415243132,0.8692816614791319
5933,0.12429288029670715,0.724491779397588,0.6480747904608712,0.7134631951178029
5935,0.03677614778280258,0.7865454926055665,0.42115009889983956,0.8223078341669696
5937,0.04400341585278511,0.7146173280857899,0.36609452988875807,0.7751593600119822
5940,0.0865236297249794,0.6459054860416934,0.4218828093764029,0.8734693199695683
5941,0.02240614779293537,0.5314638987008757,0.05659741443513977,0.4784997535588462
5945,0.31890058517456055,0.6666869498713454,0.720042169259057,0.5526715092833723
5946,0.06846854835748672,0.7504633872946183,0.4678842578593373,0.8390357206456907
5947,0.017396725714206696,0.779289733446549,0.2891653520341672,0.7698819660066761
5948,0.043610066175460815,0.8783345839669779,0.667373939235254,0.9108139296203028
595,0.1629703938961029,0.681371009681175,0.7560839358408582,0.6673422540557289
5953,0.1248474270105362,0.7475463468978405,0.7752682820669223,0.7702373114946685
5954,0.08185141533613205,0.8129382078540842,0.7363803244126991,0.8058929260992418
5956,0.1486111730337143,0.707341723111261,0.7797052369047442,0.7046144082962688
5958,0.06022702530026436,0.8646207395067674,0.7981808794517062,0.8838078699699119
5960,0.0923105999827385,0.5683681051753295,0.15911596920366683,0.5545469582378109
5963,0.10593253374099731,0.7277190122955284,0.4682829213158441,0.8000219026483597
5964,0.13350166380405426,0.6736374827249554,0.42635793068807565,0.7967630419438817
5966,0.14197185635566711,0.5477112381011864,0.35584873620835633,0.6032379496412449
597,0.10142427682876587,0.6012116380237293,0.5159426726168187,0.6274548186264494
5970,0.1768074780702591,0.49681819050920384,0.3267280057449655,0.5069426429929602
5973,0.11041545867919922,0.7147258523330456,0.5968621284082826,0.6580540353866395
5974,0.48441800475120544,0.39939405723591265,0.49795213185212056,0.3188704759163848
5975,0.232016459107399,0.5653901522870829,0.6678712700600512,0.544019170588714
5976,0.1589430570602417,0.6370962336360408,0.6273729744109128,0.5814645817325407
5978,0.21660678088665009,0.4702382544927965,0.4012646138344717,0.3859435947444245
599,0.0754242017865181,0.610703570260377,0.41041743106622136,0.5614888674466643
601,0.08590881526470184,0.7403565415573021,0.6568840812109386,0.7914205820429284
602,0.1424369513988495,0.6775095310459134,0.42486141144399214,0.79793785650073
604,0.11890655755996704,0.6728417550035817,0.6715770504308879,0.6793430397785171
606,0.0942210778594017,0.7726188141976883,0.4848515008514301,0.8278311073394264
608,0.034843653440475464,0.8159121117372002,0.436695413910543,0.8411144787975235
61,0.08710763603448868,0.7210663535364289,0.45809909364784457,0.8416840653109363
610,0.12424460053443909,0.6762691646107198,0.42731293063279424,0.8335594742935613
614,0.0759878009557724,0.7446173490196625,0.5144757954862565,0.8638070094546682
615,0.11570332199335098,0.5351422421468847,0.4519545269234068,0.4317763157358016
616,0.28889063000679016,0.39652208174259157,0.34878806705314686,0.37297349569080107
617,0.04614187777042389,0.4931346774879112,0.027465512633287725,0.5325889424008416
619,0.1600455641746521,0.6302212234805875,0.6538258656168374,0.6266270352075248
62,0.10619940608739853,0.7865240897153556,0.7081140036540085,0.7978320518511819
621,0.037226635962724686,0.8168044452647589,0.5583921669559262,0.7910472376744997
622,0.029843484982848167,0.8322186545698789,0.5823825415870411,0.8836393108845195
623,0.07376033812761307,0.7131930090137001,0.40505947441256257,0.8504856268578012
624,0.14197248220443726,0.454924506251483,0.14800423354800013,0.6034986269136153
625,0.1359231024980545,0.6553928624158278,0.5942590243698161,0.6784296261071171
628,0.33478662371635437,0.419049683800673,0.4305754252618463,0.41195527653593994
63,0.08894530683755875,0.7733083720980096,0.765602106768713,0.7656423956835968
630,0.036334328353405,0.8200793804858102,0.6088287181642733,0.904367638078226
631,0.48066437244415283,0.26409570324762144,0.06083662382278818,0.25827807474681486
632,0.2359088659286499,0.44488758857164573,0.35881966758032724,0.4236108260567907
636,0.06838075816631317,0.5781472267932852,0.3700638210610142,0.7724662681579575
637,0.15007641911506653,0.6016548485901283,0.46743745092021843,0.7214766284306501
638,0.046182818710803986,0.8079650259364874,0.6298570829175213,0.8452812769921042
64,0.11577145755290985,0.5180595140642564,0.40233523169890095,0.48217235596943314
640,0.051187220960855484,0.9252101289808752,0.8152483881886223,0.9191246918260765
641,0.046875011175870895,0.9157413616365611,0.7390797583821811,0.879385541520866
642,0.09052141010761261,0.608254589607896,0.2910400502980792,0.4626541714634481
647,0.15975235402584076,0.4018045695642768,0.04086814491786383,0.7286670325661944
648,0.29161885380744934,0.40137271182575457,0.3915097855643741,0.3681650281199708
649,0.11322227120399475,0.7260646451973196,0.5095444213609297,0.8124431431466773
65,0.1194293424487114,0.7431452185265622,0.611764050407788,0.7818660924513443
650,0.08040223270654678,0.8316636335348009,0.6329996494451369,0.8414210183861215
652,0.030041493475437164,0.756329959985769,0.33899838346094296,0.7011035381476609
653,0.06980445235967636,0.6941784174996872,0.4582855983143068,0.7961779512827114
654,0.025289716199040413,0.905181775899627,0.7178499560246827,0.9150070705218394
655,0.15050293505191803,0.4228560766350514,0.004060765320668788,0.39341097127674984
656,0.11330123245716095,0.6342788593231439,0.5726826295320097,0.5761204016112063
658,0.05263640359044075,0.6696109950238653,0.282843570551837,0.8199133191791299
659,0.3817712366580963,0.40824124245968507,0.4469432612502713,0.36454743217696967
66,0.04319409653544426,0.8169466394325631,0.4743358934661058,0.803318083749883
660,0.06688990443944931,0.6200794451460623,0.30916552037344847,0.6752911849171849
662,0.07507788389921188,0.8980235703197685,0.8254294294856424,0.8552886903058812
664,0.029840601608157158,0.7815855305182091,0.5596270627969653,0.8510275891031795
666,0.07866930216550827,0.8118998674358768,0.5441861722237575,0.6917773435666787
669,0.4179110527038574,0.4358136756228216,0.5362844963917813,0.41634122938430373
67,0.24243424832820892,0.5800486108020053,0.6414855426620644,0.5294311050725267
670,0.4337617754936218,0.42524955598016156,0.520225552213406,0.349707015921041
671,0.14007297158241272,0.6682758238136097,0.5098757220824408,0.686571001639083
672,0.1695881187915802,0.7245897151274013,0.5966072890890564,0.7830426246272337
675,0.16860529780387878,0.5502028196146547,0.2628724833047727,0.6755142018436904
676,0.08190790563821793,0.7187420848648007,0.4853162995056398,0.773502794817629
678,0.14371781051158905,0.684319565306461,0.6848995985752715,0.6247372369913844
680,0.07272840291261673,0.6936058723157128,0.37785870709094516,0.6079312033085569
681,0.36621978878974915,0.5058120529894479,0.6608093446534813,0.45255540026876034
682,0.07629771530628204,0.8915662265599376,0.7976296562479352,0.8725209465143516
683,0.17520801723003387,0.44392226480732805,0.2919901137572742,0.34184512900961755
684,0.04884392395615578,0.5137542390284583,0.06856337821579783,0.793293430044941
685,0.08402910828590393,0.7902722056703895,0.5671128322298239,0.8017259450708532
686,0.02742813155055046,0.47587451574505263,0.0016797151634861934,0.583702041576036
687,0.207742378115654,0.6381507534054702,0.6691536215721072,0.6033094571089845
688,0.11488353461027145,0.4425469220016476,0.052638338087038404,0.7243928954055241
689,0.10981761664152145,0.8039839078067055,0.7554684811191574,0.8157995161592073
69,0.0748743936419487,0.5161812743337681,0.3363020254635582,0.45563281117543497
690,0.16673286259174347,0.6048854816832099,0.3922043703971759,0.6232022893520935
692,0.17838603258132935,0.4280155810839488,0.05979535831338806,0.5945681881465603
693,0.189468652009964,0.41966971385559515,0.16819513679746662,0.29235392085049183
696,0.060551661998033524,0.7008696545425053,0.43085413019404784,0.8732749579630177
697,0.08721575140953064,0.8615650461399116,0.7251976142833668,0.849149048671455
70,0.04752122610807419,0.6139625485286406,0.2064892945751867,0.6620533839611219
700,0.07083580642938614,0.7990088569057565,0.5289563076341256,0.8102990131537604
701,0.13034403324127197,0.43874818195292076,0.07074237913929819,0.2662702516990638
702,0.03586176782846451,0.5135456835218299,0.08016656813115221,0.40299678932207833
703,0.25195902585983276,0.46885970772205116,0.36084171599819403,0.41120361661880517
704,0.27528584003448486,0.45545043316614037,0.4070500528671706,0.38161900659543435
706,0.09009013324975967,0.8195891146806834,0.7984250140273103,0.8126390038158127
707,0.060141440480947495,0.7939928322725447,0.48483197233002906,0.8381258492710881
709,0.10831809043884277,0.8216488836814575,0.8107889338187184,0.8221993743376308
71,0.1171421930193901,0.5254699119452013,0.31607009703026645,0.39115868166368384
710,0.28739243745803833,0.4336131524359716,0.36967858768321443,0.36583266912837953
713,0.18964418768882751,0.6779704503791759,0.7597232079215012,0.660803352231801
715,0.04617335647344589,0.7872952769962605,0.36588780474849186,0.7727508944413305
716,0.21171629428863525,0.3994362343565977,0.08814390459584404,0.2696579209415839
717,0.0402221642434597,0.8445284262523836,0.48237057283420454,0.8575286039719313
718,0.0735221728682518,0.779357218516709,0.5690277676115777,0.7456516049624011
72,0.08033958822488785,0.7660360214749166,0.6325064411188175,0.7997577494102885
721,0.06778504699468613,0.7865036519051267,0.4139825914312645,0.7866753184712696
722,0.07295005768537521,0.8115655399671005,0.6188958882324698,0.8740646536207193
726,0.09352574497461319,0.7718352549323965,0.5655695449581638,0.8072503184116346
729,0.10770329087972641,0.4489971986584294,0.04216565691616547,0.25851401868693935
73,0.07133326679468155,0.6208395499959327,0.1220609505342561,0.5689336203560932
730,0.03772299364209175,0.7877141193213995,0.38463596980607423,0.8194650452297483
731,0.0695151537656784,0.7434705418705976,0.6000326104154107,0.8179520491407112
734,0.20902764797210693,0.5599380880443898,0.4202375557620042,0.5486119352106075
735,0.13016150891780853,0.4933470631586482,0.10447460362085038,0.6112098076627841
738,0.11288168281316757,0.82652935796664,0.7085805202542049,0.8326601701319297
739,0.08137047290802002,0.5363491290144395,0.11695937801438477,0.7138699253927032
74,0.31227681040763855,0.4652709205700928,0.5539231874923934,0.43859899126542573
740,0.14837104082107544,0.6661219655093711,0.6413744618719305,0.6116936287960257
743,0.16951842606067657,0.5163488086527576,0.22718023267060689,0.5714262334418956
744,0.1848093569278717,0.4114020290173486,0.0713674779861855,0.2643585888407681
748,0.017157478258013725,0.5072807336136685,0.011430802153867345,0.4671409824239487
75,0.14876863360404968,0.4386502852977817,0.09775187136937745,0.47011150237759725
750,0.053329043090343475,0.8465663003020182,0.5577863891761445,0.856523931920073
754,0.10171449184417725,0.7571956604105512,0.6565156202550629,0.8367264241004333
755,0.039903704077005386,0.4636091125458958,0.0014930654374115415,0.529574612030283
758,0.10928894579410553,0.6772312466312697,0.6030127640580221,0.650213858430492
759,0.1094672754406929,0.781208151493014,0.6021457506214556,0.8314963468845789
76,0.05720490962266922,0.53829191320949,0.1534133066120468,0.5544602965682186
761,0.07991072535514832,0.6276189539792868,0.334861586630964,0.8286080687895349
762,0.059656016528606415,0.6604005235594801,0.18868897734886014,0.6186371441188592
764,0.0778009444475174,0.696795606148437,0.35256019749795225,0.7547505319143732
766,0.07399747520685196,0.6916683377205006,0.18736162380139434,0.6128544204511563
768,0.11764312535524368,0.7631484592450684,0.6779864666413902,0.7820884923393254
769,0.03927108272910118,0.9068649790309069,0.6317918177319735,0.9098575874335402
770,0.2203967124223709,0.6173043833796922,0.5943453449928309,0.5771597652079485
771,0.10907064378261566,0.5945098718891814,0.14343224509213826,0.6436003494702702
772,0.03807517886161804,0.5053893984540925,0.0930569494723561,0.3929021509867277
773,0.1339067667722702,0.8336411012539253,0.8223897792121123,0.8087034134257753
775,0.13242237269878387,0.7892741566996613,0.8101597495471625,0.7457037370695705
776,0.047899432480335236,0.8163240343762104,0.5444559233330152,0.8601743565113649
777,0.10740727931261063,0.43708530466340084,0.034313702372034356,0.6292976906453553
778,0.06787216663360596,0.7446697707793343,0.46516508827643593,0.7192338929259261
779,0.06010565161705017,0.9304446695872906,0.8490242529956824,0.9017020794653969
78,0.06193123757839203,0.7085119697655479,0.34148784008078475,0.7044371870884585
780,0.08713245391845703,0.6918065977860476,0.397356917953496,0.692430420718577
781,0.044688474386930466,0.7505419208129422,0.35902460358107224,0.783119309072167
782,0.07101653516292572,0.6865224609687517,0.2726078596960254,0.6867441286644034
784,0.11505737900733948,0.7899475584423896,0.7950141983958858,0.7658904679883215
786,0.08590561896562576,0.5043846497623486,0.05645726914862062,0.6651402931320318
788,0.02789166383445263,0.7027316792051421,0.22300719911626377,0.6803622665908666
789,0.03746255859732628,0.8179213741417667,0.4504488203904732,0.8216484234030172
79,0.05299394950270653,0.837363271932456,0.6988142973093883,0.8204836088921861
791,0.059913232922554016,0.8098620193947885,0.657110755106093,0.8631002469373007
795,0.10025128722190857,0.7583341462607582,0.449298639584384,0.79784999431183
796,0.12221748381853104,0.585981049738838,0.1883851741822172,0.7602420692691636
798,0.13261552155017853,0.6603241339257562,0.5981357178847878,0.6539489260558722
8,0.357005774974823,0.5170628475824904,0.631406313313492,0.47727931740768004
80,0.09221335500478745,0.7055282851892062,0.5753665552951419,0.6795811586601633
800,0.20672692358493805,0.6310176182384433,0.5944220581802386,0.6055546107492802
802,0.11798452585935593,0.6631188219868576,0.41228466178277645,0.84271045191992
803,0.04838552325963974,0.9108358706302528,0.7330996934053781,0.9108477599118133
806,0.11297588795423508,0.6204101958328992,0.22439595767046394,0.6343362945539224
807,0.038233038038015366,0.8479439153179291,0.5742062214442845,0.8837021230105507
808,0.056538697332143784,0.6467402048967241,0.18534842610134827,0.720821940211664
809,0.05310329794883728,0.5793408685055249,0.31707127709410393,0.42849873478711
81,0.08513845503330231,0.7429722754593406,0.4070383042361226,0.6885865966767862
810,0.033838871866464615,0.5499167728180021,0.08341944313676351,0.601982570437007
812,0.077142633497715,0.6055064231663733,0.1858580780213375,0.6175653203263509
813,0.13517795503139496,0.4373470929523832,0.05158275582068205,0.2620743830412481
814,0.039693683385849,0.8783411642923697,0.7809611836341732,0.9127166507063844
817,0.07900093495845795,0.7720935539626412,0.4444485879638625,0.8221587330379853
819,0.07838571071624756,0.8486839222748634,0.7140457020635195,0.8922365845240792
82,0.06615825742483139,0.586813659943256,0.13599831552134956,0.720833057411113
821,0.05449233949184418,0.8497880338911535,0.5713648820084613,0.8453277525624563
822,0.10170649737119675,0.7036311808992882,0.6699864256112428,0.6666169277289891
825,0.04254636541008949,0.8038804811055893,0.521967584982249,0.8104458372262711
826,0.11347957700490952,0.7064520413049272,0.3967815553394313,0.7554459772453809
827,0.1413067728281021,0.5910120091422053,0.2010281500448227,0.6271416802522398
83,0.0922892764210701,0.5990561965793119,0.1309314383406434,0.5112968194648938
830,0.07054392248392105,0.893906861740915,0.7954842580207154,0.887904144579581
831,0.17587979137897491,0.47096332811254893,0.2778655999583393,0.34837474375134314
832,0.10584437102079391,0.47900749559998923,0.11453054260533761,0.7672268926610396
834,0.20546801388263702,0.6791479624944621,0.7647968838243495,0.65594248246537
835,0.14036105573177338,0.6958562996630762,0.6367433264942985,0.6329752289318742
837,0.04533156752586365,0.8832585883289911,0.6118716714811676,0.9008515175046004
838,0.0626433864235878,0.8135184310805834,0.4769643310094085,0.7930281747811616
839,0.11708713322877884,0.5828803517350853,0.5361751668236355,0.660659951266436
84,0.16549447178840637,0.5686270383102504,0.39600012741108315,0.6003069752325458
840,0.04462870955467224,0.8995768046566517,0.7166905060178205,0.8862873760858382
841,0.09066171944141388,0.8269347965958791,0.7355550466484018,0.8143833738265409
842,0.03584955632686615,0.759152446950988,0.4654177474778428,0.7393216063156761
843,0.1518157422542572,0.6851215719304766,0.7018865207979862,0.6597428769060315
844,0.05441194400191307,0.8214299514062064,0.6726423662119272,0.8718181651732215
845,0.04641509801149368,0.8079077126664806,0.6243812625988335,0.8998884933874427
846,0.3796177804470062,0.4556489612236284,0.5774665298861972,0.40811510066533085
847,0.07030851393938065,0.5520785618264041,0.056782656533061075,0.44579682194122894
849,0.15640278160572052,0.781911244755213,0.6950481725685216,0.7937379500038111
85,0.38243818283081055,0.39749243158228975,0.5109925562700438,0.37840971424898723
850,0.0385778546333313,0.773008904099675,0.3096667412082018,0.7183037354266798
853,0.20902590453624725,0.6205159370646685,0.4512157784817859,0.5473674275529402
854,0.10658634454011917,0.6289099142830109,0.4876626613818286,0.7326693027636338
855,0.052461832761764526,0.48014124973350397,0.03146208014340569,0.5762326885974234
858,0.029982587322592735,0.49074360454271704,0.070391287770293,0.27248407722212564
859,0.19857050478458405,0.6131993742056828,0.6126463767084837,0.5335209613016645
86,0.049408238381147385,0.5266357436333678,0.164710994151142,0.8183281619954748
860,0.12654930353164673,0.8158303917337574,0.7303560539280961,0.7830803440581136
861,0.31968843936920166,0.6136030641289387,0.7412072440049323,0.5428421769767608
867,0.16404980421066284,0.7244052415515431,0.7019874491533433,0.7505967770681983
869,0.05090641230344772,0.8865896107457218,0.842549322252607,0.8792562028528492
870,0.4397695064544678,0.4373267426922795,0.5812011651603884,0.3672692400670541
871,0.15028263628482819,0.6976565756053599,0.6906040540248365,0.6376657578107474
872,0.08522945642471313,0.560070681841564,0.23760051427448592,0.8680364154476223
876,0.1733488142490387,0.6645949593084599,0.5958529289901363,0.6493936780674592
877,0.5766642093658447,0.23141945332203004,0.19976005611814726,0.2637061699967447
878,0.2527434229850769,0.6516633218733128,0.6949466979740905,0.5709518314696214
879,0.2520459294319153,0.6617699312796577,0.7173503615979065,0.5902819281145131
881,0.2970437705516815,0.6660380368707102,0.7737765459202403,0.5849338749560651
884,0.20398953557014465,0.7090699484092025,0.7329739776153747,0.6603140344078134
886,0.15721775591373444,0.5412983245124302,0.43661837864613057,0.4941709794715967
887,0.22649072110652924,0.6384316153624102,0.6077274431857126,0.5749822752262145
888,0.09709492325782776,0.7118141197780793,0.4881360593739372,0.7809844602006664
889,0.05625994876027107,0.7942118925119874,0.5487213646317174,0.8867531063737176
89,0.05746905878186226,0.6457657441917856,0.4623888602842034,0.6426642783813681
890,0.12925224006175995,0.7206901081105239,0.6741877263741246,0.7275362124024427
891,0.3231027126312256,0.4975745398193129,0.5526418120128087,0.45758240460252775
894,0.12211573123931885,0.6078535127387585,0.2960561098745031,0.5568990806136049
896,0.1625683307647705,0.6575962431576043,0.667068943866557,0.6290050034592063
898,0.15942534804344177,0.6497447408027861,0.4409193606340944,0.7063546551978142
90,0.21408730745315552,0.63322773333024,0.5853749012455061,0.5970268573394215
900,0.07668373733758926,0.8110968765671125,0.7161377572171895,0.8621810443082201
901,0.4526638984680176,0.34116449415899747,0.3739276652105545,0.32020318175870494
902,0.28506895899772644,0.4098502185571091,0.2773606134909372,0.5479883706874422
903,0.5055707097053528,0.4317348428248653,0.6631485937932705,0.33007335388804165
905,0.06727160513401031,0.647329438342583,0.3519446694666235,0.7882918756610071
906,0.02679608017206192,0.8773142221236536,0.6784620253334921,0.9302082466138742
907,0.333528071641922,0.6087360631880678,0.7664788422959924,0.5358214925519835
909,0.09710309654474258,0.6886900368989455,0.5337673760475837,0.6234736457778594
91,0.09818057715892792,0.6024597532283082,0.20909306908748193,0.6656160526783172
912,0.09211429953575134,0.6578007413385585,0.41462928828508105,0.8015411925035938
914,0.10492774099111557,0.7170091244582748,0.48755579540689514,0.607868744908074
915,0.04960433021187782,0.6671996280993204,0.19883848693078685,0.6317706001405075
916,0.17573542892932892,0.7296630573560514,0.7180233647119063,0.7439025396628158
919,0.13832171261310577,0.56628701168206,0.48282252995794867,0.45567400374834555
92,0.2277565449476242,0.6430594971712077,0.6448555174023227,0.5934866263526783
920,0.14182880520820618,0.7366892915590667,0.5552147365171436,0.7760248834926204
921,0.03475276380777359,0.8707709641452275,0.657270330015301,0.9151002422522898
922,0.03353496268391609,0.7727058083118334,0.5705150592458665,0.8112718438565054
923,0.04440169036388397,0.7949382249212632,0.44984380089239584,0.8503006465791192
924,0.12193820625543594,0.7418031388129096,0.7644540358359324,0.7145494926171279
926,0.2203889787197113,0.6363869959977969,0.606373475117301,0.6127979173270941
928,0.06779379397630692,0.6772218801005525,0.5132637769456992,0.7264142873194066
930,0.05780772119760513,0.7181607493999129,0.5808739432504308,0.8636447471257852
931,0.07998978346586227,0.732821520214811,0.45862454997485097,0.8517569746706245
932,0.2134677767753601,0.5957378888546876,0.7055536201088244,0.590525311401158
933,0.2083704024553299,0.6759251154674004,0.6521548490996987,0.6349771488033584
934,0.09545144438743591,0.7623426797129043,0.7509968005535569,0.7441099753795846
935,0.05868290737271309,0.8258476422866643,0.5827139935084049,0.8737689767486745
936,0.0810423195362091,0.6410652583360835,0.4099029878878435,0.5858272656718111
937,0.1774946004152298,0.7391507936024141,0.8029273149401479,0.731288074253682
939,0.15648597478866577,0.6282607027265306,0.5630893876437445,0.6209566951332259
94,0.07054870575666428,0.4895786859227454,0.012612022200478164,0.36978281279548186
940,0.04596405848860741,0.8433187181157542,0.7044322827954685,0.8869964357050195
941,0.11367690563201904,0.8228701564892926,0.6390661643924734,0.8328487836003189
950,0.28073838353157043,0.3615432392190208,0.025058602329814595,0.2533030885507559
951,0.11636929214000702,0.5587843546973033,0.37697437308018655,0.424585665853258
954,0.48751071095466614,0.4286738773090154,0.7100897259232414,0.34533834464242225
955,0.16096825897693634,0.6943456270301223,0.724663717770961,0.6473446149469368
956,0.1570567488670349,0.41534950106599483,0.00030234182322287395,0.30380143084465566
959,0.13071204721927643,0.5119670412093105,0.11709676252266532,0.47738079333774003
96,0.06922420859336853,0.8749306804975061,0.7473381618234619,0.8775619050505199
960,0.4128834009170532,0.30039399121227306,0.09766841548124171,0.2665970457862294
961,0.12495666742324829,0.4696095425272636,0.24846392522077207,0.33026090179145207
962,0.08793371915817261,0.6442056136254721,0.48195440988430716,0.5634354003245781
963,0.07135149091482162,0.5094093460088577,0.22970555661481332,0.3416686282705137
964,0.12625457346439362,0.75287436043031,0.7772178344274874,0.7673332494266283
966,0.051400065422058105,0.5578560198236159,0.11957106626088547,0.7663197192071642
967,0.0575091652572155,0.47038544478854094,0.0011486512152874598,0.2981155609917525
968,0.06172884255647659,0.6803539113772185,0.3372985877478295,0.8581081086052589
97,0.1715843379497528,0.5663181016363394,0.3137954778334196,0.5749946700198137
970,0.10405942797660828,0.45428860708666796,0.08772880214117666,0.27018793406449837
975,0.1011933833360672,0.6587769852954276,0.3955015954712985,0.7390229703178637
979,0.1127280741930008,0.4771877387532419,0.08988526626068395,0.42029656428774614
980,0.3274858593940735,0.3461625676117649,0.12867873184486406,0.2742751255733455
987,0.30704623460769653,0.6178596982838543,0.6995711817378208,0.52688594320992
989,0.11985964328050613,0.6495080105030158,0.42228314488585295,0.6550649734274783
99,0.157318115234375,0.5459121785673724,0.20739850619108788,0.7649803069260285
990,0.09922125190496445,0.7750244097470484,0.5147626732092525,0.8632062700576588
992,0.0688595399260521,0.8580128833504299,0.6445509127308686,0.867621192853247
994,0.1610105335712433,0.7308282702119366,0.732083238530698,0.662835537670348
