image,MAE,Sm,wFm,Em
1002,0.10332852602005005,0.6624785973347594,0.30487878575631194,0.7600044812468034
1003,0.14711397886276245,0.43043960419512284,0.054716728355358527,0.259012010769507
1004,0.14391110837459564,0.5271626941683092,0.07992062265228053,0.46248490077361815
1005,0.1916687935590744,0.40561647039306,0.019231503714772304,0.25294190736548583
1006,0.5476638674736023,0.22873264903220164,0.043117912446451245,0.2522810531188252
1007,0.15022139251232147,0.5156272441238265,0.041573200139892,0.3909780819381775
1008,0.09773378074169159,0.650582484113037,0.2241073531159032,0.6688435669883352
1009,0.06400255858898163,0.7118061564691384,0.45454820063386453,0.6423461395515024
101,0.09615862369537354,0.6254775242758361,0.25183492329729745,0.6753189486157134
1010,0.057117294520139694,0.48865169098789085,0.020547036369489898,0.37038496766877893
1011,0.07673729956150055,0.683891245720819,0.2599296476585839,0.7010683898602716
1014,0.2855902314186096,0.569929636826364,0.6515063498263575,0.5125423064859962
1015,0.08745286613702774,0.588171972694471,0.19941420747807298,0.5845666276928052
1016,0.16727198660373688,0.5836133670651084,0.4504681758849919,0.6044734161497222
1017,0.06909715384244919,0.5606125052559465,0.1672101672994333,0.6682641534079976
1018,0.1762436330318451,0.7819515390153113,0.801175399646968,0.7636307977391876
1019,0.03185102716088295,0.7858695860673277,0.3680102645884973,0.6766171384219181
102,0.06344057619571686,0.8605945544496778,0.5701262532668222,0.8574705730080837
1021,0.09974049031734467,0.4524802997290146,0.031788334075412455,0.2537276410977113
1022,0.05103340744972229,0.8319745857176934,0.6999586120040793,0.804314705995743
1023,0.04749023914337158,0.5116717541304958,0.06869617643917286,0.484733650586672
1024,0.0798943042755127,0.7335300489576082,0.3912559402572269,0.7881603589511466
1025,0.34740036725997925,0.4735821267115822,0.49990418121782554,0.3989121256684024
1027,0.18333667516708374,0.7414349584662402,0.7288005935103439,0.6890947653204305
1030,0.31672054529190063,0.3578626750012975,0.14057442082392874,0.28363511745645203
1031,0.07685829699039459,0.784065744637912,0.47682908784089395,0.8274734533213488
1033,0.04468988627195358,0.7039067875606458,0.20997680784115158,0.47262639844831983
1035,0.02424479089677334,0.8684539104783897,0.4169222963418936,0.809530575853664
104,0.06106562539935112,0.7680460900738244,0.4530625331420808,0.8683369763372751
1040,0.05383751541376114,0.8224313729733344,0.6571859679429262,0.859253590339258
1042,0.04339000582695007,0.6148906683727547,0.3207262913223444,0.4464069707866365
1045,0.13845476508140564,0.6164068475224773,0.5649092566645151,0.5887008808151843
1046,0.21006551384925842,0.6462127892716879,0.6229412311086092,0.5844691038496048
1049,0.06609758734703064,0.468335661452036,0.01541840417973839,0.25090946638359823
1050,0.04821883887052536,0.8847610664428804,0.6797491891413844,0.8747940883540257
1051,0.20665007829666138,0.5522014560238748,0.504471947978195,0.5070692836673776
1052,0.05257866159081459,0.5139699780311792,0.12611069354251245,0.46867542165924414
1055,0.06988298147916794,0.4765983110708251,0.03208022546392965,0.373020203151262
1056,0.09348161518573761,0.5459256092587931,0.18420894103722696,0.6942629571294848
1057,0.07944313436746597,0.6645377547899598,0.5302617065878044,0.6379865900822801
1058,0.05088293179869652,0.7637438749193998,0.40750729231140337,0.7503598523210409
1059,0.1934531182050705,0.6330227666479888,0.59769322521178,0.608266592069469
106,0.03795861452817917,0.6494983740493914,0.11545616923221545,0.614557874843827
1063,0.10701978951692581,0.8130533939083506,0.8000152941635846,0.7998653197530359
1064,0.07262685894966125,0.6995764699975008,0.498282115106848,0.5762903153510617
1065,0.03510655090212822,0.804063409935284,0.6046515464020751,0.8958105805552709
1066,0.045120563358068466,0.6715131373757743,0.25986951295063104,0.7326235168949353
1067,0.11145509034395218,0.7218145463452997,0.5949243210087799,0.7205057431010167
1068,0.12953421473503113,0.43910261962191843,0.05320303903708381,0.2587835962871755
107,0.01813252829015255,0.5385492831807943,0.07113191520417866,0.294343248258116
1070,0.19513125717639923,0.5943048378136202,0.515949481711328,0.6482475357106328
1071,0.09642723947763443,0.6829638770914243,0.48420260547309335,0.819656404969684
1072,0.15957380831241608,0.6719524955224047,0.6294034062194928,0.7285228795635075
1073,0.14130276441574097,0.7832438831733158,0.7868198283669664,0.744805318663222
1074,0.17348915338516235,0.41510343274819855,0.02138899707396181,0.2522509658817822
1075,0.035448238253593445,0.9189880686910262,0.6565073762122406,0.8163400725347698
1076,0.1395956426858902,0.7683138126842302,0.6505012733780144,0.8032065911929558
1077,0.06703964620828629,0.8438497372773278,0.6676575458945088,0.8781667948429821
1078,0.046469930559396744,0.7817125013750406,0.40965804583098064,0.7028213132965353
1079,0.018382351845502853,0.6893784431370951,0.30197325844374767,0.7572028200546855
1081,0.11979551613330841,0.418740657826893,0.01131705650857603,0.7516508017197577
1085,0.06461024284362793,0.782633341601518,0.6323808970000586,0.8644020304389923
1086,0.16071633994579315,0.775379521131816,0.8452251942375351,0.7567059037253456
1087,0.0434400849044323,0.7204605464342901,0.46989550321760865,0.9091022089669765
1088,0.04639391601085663,0.46286555659180006,0.00012302804258336963,0.315249883123377
1089,0.014754215255379677,0.9572932732080675,0.7641384553244496,0.9294134340659514
1090,0.15527772903442383,0.42373109286455635,0.01512477716744454,0.2520366115860242
1091,0.10080587863922119,0.7535021160290641,0.5133163998385945,0.8548997567646347
1092,0.32561078667640686,0.4644549449635798,0.41651423143320476,0.48022009506825525
1093,0.18732191622257233,0.4147828055457282,0.01205188654883504,0.32348952586663254
1094,0.08955460786819458,0.804749527148354,0.5843473771966063,0.8387197668055567
1095,0.06072090566158295,0.9187177339402223,0.8838517508329273,0.908158045508876
1096,0.17576445639133453,0.6448269952860676,0.5652971646467186,0.6420589812748748
1097,0.0905059278011322,0.5154239598312156,0.09448901758309697,0.437988731563236
1098,0.030511753633618355,0.8742167564520542,0.5506390890901669,0.8775055389952048
1099,0.16244551539421082,0.423490396711992,0.07447341763330481,0.26370462875862855
11,0.03295695036649704,0.4876447443453842,0.014816037360930335,0.2558266953661982
1101,0.18259765207767487,0.5675609144164041,0.19715860689135062,0.6262441034766151
1102,0.07115818560123444,0.8331149003048273,0.7907750929832391,0.8443599108692739
1103,0.0269806869328022,0.5900234155422435,0.0625291627806459,0.5066636272672799
1104,0.03122316487133503,0.9507330972096107,0.7767110735666217,0.9151527363085865
1105,0.5172318816184998,0.36252974092581625,0.5477495505570554,0.30454563296757703
1106,0.08210580050945282,0.5984782957686452,0.16059087435397545,0.5731764232194752
1107,0.09824579209089279,0.5880844430496945,0.1764226233552593,0.7286391419348732
1108,0.05218423902988434,0.5630013883025358,0.08877803384158234,0.5770579618921429
1109,0.08477798104286194,0.8629951246084212,0.7883304331311229,0.7845686747453373
111,0.03037750907242298,0.6277833393391039,0.18012327440307324,0.692408416762327
1110,0.5449375510215759,0.39087406615737763,0.6258822162496023,0.284857679365183
1111,0.060739666223526,0.7532221816854081,0.5691553734355733,0.847830130093566
1112,0.08256121724843979,0.6682268636319737,0.458831555288747,0.6997542488342265
1113,0.1184685230255127,0.6669265914192908,0.3757100750921143,0.7829019662648626
1114,0.0889596939086914,0.8510579406487868,0.6513575884957243,0.8554208422443662
1115,0.03002292290329933,0.7509801601834217,0.3040040655609668,0.7883101086936065
1116,0.07205994427204132,0.6890233356478613,0.32469623811828924,0.7467627811620366
1117,0.032174352556467056,0.6795326456328428,0.25381228698832753,0.7885636016419045
1118,0.04875551909208298,0.8487476806530005,0.6814031686246049,0.7522196311087275
1119,0.49592822790145874,0.426411500433708,0.6049192330608066,0.3189894474989665
1120,0.07591026276350021,0.68158849553976,0.3522973387307251,0.71154633646339
1121,0.040587861090898514,0.7057116422395913,0.4694880875809186,0.8330785286294672
1122,0.04503283649682999,0.6365061335691209,0.07342254990976751,0.5031497266120428
1123,0.06398475170135498,0.4730394242935254,0.02967917227337054,0.5188285678847282
1124,0.038107942789793015,0.8856794059121009,0.5574237849369035,0.8696734958340027
1126,0.029773153364658356,0.8335641695335245,0.5090983593072895,0.8850716516437874
1127,0.059186071157455444,0.7828372799022909,0.4621958247586632,0.8255973725302092
1128,0.11296313256025314,0.7817166786781893,0.7698534597234254,0.781362821614304
1129,0.04354872554540634,0.7983598793058226,0.5850421184348583,0.8564824204413376
1130,0.18627463281154633,0.4142112277297416,0.09420089890630248,0.2701378445332977
1131,0.11481150984764099,0.635106866308758,0.1184653846527052,0.5013158279045005
1132,0.04330899566411972,0.8197207261114037,0.5692234200422398,0.8941885679436705
1133,0.10985264927148819,0.8133929674770701,0.7686191616144389,0.8144274334098042
1134,0.041314851492643356,0.8087475557021699,0.49209453506888157,0.8711318870761252
1135,0.09178468585014343,0.5350766905897436,0.10092706500418044,0.4785901672177418
1136,0.15370860695838928,0.7405783901192944,0.718255761272554,0.7146105032537251
1137,0.040193118155002594,0.8503965192250685,0.5493103717385776,0.8672358436771175
1139,0.17912708222866058,0.6873974576458974,0.5875189166370948,0.745660940065511
114,0.14186227321624756,0.7003497144635048,0.7753476966780409,0.7076868498152578
1141,0.03802843019366264,0.7569756423352099,0.6262094386559632,0.7769361236945591
1142,0.18931853771209717,0.6995765433514816,0.7617885331586233,0.6947959371438849
1143,0.016130758449435234,0.7140058221714441,0.2675966293236154,0.766553053539565
1144,0.10878244787454605,0.6685351936233981,0.23438948754979086,0.6582152236220513
1145,0.26201024651527405,0.6042882393077027,0.6308815992065073,0.6148684592654374
1146,0.1161867156624794,0.8410561046058888,0.783281041646445,0.7882877211874224
1147,0.048631031066179276,0.9172721055855211,0.8303432483023744,0.9042893859681282
1149,0.037778209894895554,0.8573382167711232,0.7237533772731569,0.8588355906297427
1150,0.05161342769861221,0.731448852966339,0.404709118256952,0.5338923033875673
1151,0.5392764210700989,0.40161746393964415,0.539578650652466,0.2829440657809759
1152,0.03855282440781593,0.6941638748453036,0.2859104604589133,0.7067866592549128
1154,0.13891330361366272,0.44745520687309215,0.027693324893573144,0.4029347368593176
1155,0.37866219878196716,0.5283771928758458,0.6784306563580829,0.4557100426862556
1157,0.03951030597090721,0.47511213135585145,0.0025961389771594237,0.38262444333853096
1158,0.5252867937088013,0.364353616201015,0.6282128018302328,0.31083683226470815
1159,0.23131442070007324,0.6260725256788494,0.7621219691499029,0.6400148192183559
116,0.09580083191394806,0.4558789324210532,0.041857806047575594,0.25987483354949914
1160,0.19958078861236572,0.583080210176983,0.6977505732860206,0.6158490179524554
1161,0.1826450228691101,0.7350930838286218,0.7583046059444223,0.6804565204006607
1162,0.291174978017807,0.623883874391875,0.7367655722622312,0.565748259428531
1164,0.042185358703136444,0.8699033837918281,0.6259609289138057,0.9038567916106071
1165,0.09399250894784927,0.7723440125483848,0.5755625456818365,0.8523131344725162
1166,0.05337078496813774,0.8935700799873258,0.7612852701697592,0.9227416800607475
1167,0.047483764588832855,0.8447476976981183,0.7046698832090849,0.9253422929003214
1168,0.15708720684051514,0.7009315788111318,0.6065438687883693,0.7037188107971241
1169,0.31587424874305725,0.5287453669713668,0.46487322726123703,0.5131459659074626
117,0.042511243373155594,0.6488781811803908,0.21495113237201816,0.6053283468836486
1171,0.08857304602861404,0.8480714601876296,0.6724742880969111,0.8681792186249747
1172,0.10842127352952957,0.837245502815255,0.843094889255601,0.81629659054806
1173,0.21875591576099396,0.5908393250554288,0.6428487232533038,0.5405305446518546
1174,0.10133398324251175,0.504513861357578,0.08026865054681982,0.6151712978509812
1175,0.30622929334640503,0.5241318261013558,0.5280211762137932,0.5079511097103632
1176,0.09901097416877747,0.6628487121704838,0.5861802293300532,0.7774394580726869
1177,0.26540276408195496,0.6815288815146114,0.7252576976571004,0.6437698942372971
1179,0.29197418689727783,0.40264541028142475,0.3947436031272883,0.3642248040163947
1180,0.1531452238559723,0.8031693936671052,0.7920556344606198,0.7958528642421252
1181,0.045023370534181595,0.7886077493725593,0.29829864131557826,0.7430917136171425
1182,0.2672150731086731,0.4023735155865363,0.30238841397512595,0.33744258221902956
1185,0.11885283142328262,0.6631289649387614,0.6665867313657624,0.628436533541739
1186,0.25394418835639954,0.3939245428163492,0.011012875890600246,0.2748739867322483
1187,0.15339863300323486,0.690805553849509,0.7324078204303929,0.6570715721587519
1188,0.07211588323116302,0.7161805796403118,0.30608829359931006,0.7808428046168001
1189,0.3706088662147522,0.6006512302301229,0.6854624009648551,0.48540212041653663
1190,0.12627337872982025,0.8230835269329084,0.7067435853772283,0.8131998366505693
1191,0.11281394213438034,0.5405388607389889,0.23224399024249534,0.5205229411490566
1192,0.3064032196998596,0.355568296035053,0.12072971089992338,0.27468499430836374
1193,0.10754095017910004,0.6348443450547697,0.5878980343878193,0.6677311711995422
1194,0.5388967990875244,0.29845003839311013,0.3585898988718076,0.2725767915320123
1195,0.09026233851909637,0.5646560230747724,0.308563524834469,0.4713760616242534
1196,0.33334726095199585,0.46875085258066895,0.6116521469997541,0.4588401026466892
1197,0.15534746646881104,0.49534403031647467,0.27243170181748944,0.4003338830999268
1199,0.2126285880804062,0.6827642093756935,0.707498376534776,0.6540922053620094
12,0.12237749248743057,0.7417360972617792,0.5462103691001077,0.8001086353566793
1200,0.10695650428533554,0.8714165642599557,0.85352969254734,0.8471086688859815
1201,0.1979939341545105,0.7244501284859595,0.7833019328957329,0.6761999759035446
1202,0.30655714869499207,0.5333664665255451,0.6728020987495015,0.5053480157073834
1204,0.0629618689417839,0.6845991099730937,0.3678721747482452,0.8502707225363306
1206,0.10058758407831192,0.7606122549812524,0.5211509666809424,0.7964574094684336
1207,0.05820019170641899,0.5250154431823967,0.03618219651751533,0.41479415643110856
1208,0.08264430612325668,0.7634449613816586,0.3408431868363254,0.7348201212706769
1209,0.06525851786136627,0.7177512005520674,0.34355781718740386,0.7638395012817982
1210,0.0441470704972744,0.4638336313867048,0.00048514377046212097,0.3473776478433952
1211,0.04859220236539841,0.4659056983097375,0.0032960635038394664,0.3512454623410034
1212,0.10848554223775864,0.7411406082775439,0.4311773464649077,0.7773806757176289
1214,0.06847000867128372,0.535527387631842,0.1457482046882641,0.6617873025576843
1215,0.09160764515399933,0.5193310546233479,0.05578127123982063,0.5755242000456984
1216,0.08496630191802979,0.6080008779382069,0.34136970409007206,0.5979837194596481
1217,0.1912519484758377,0.7203645714512895,0.7300939006344032,0.7059192072982784
1218,0.05914169177412987,0.5852021029119645,0.13169940733404176,0.5492221935768217
1220,0.18126334249973297,0.5086858095130076,0.07739200570489752,0.3843881138602683
1221,0.13277187943458557,0.5445673358454142,0.4368425033728039,0.5128734826485231
1222,0.12609422206878662,0.6992144051554285,0.5852943370726805,0.7161930563796841
1223,0.10580725967884064,0.6007642481232524,0.4552028599507937,0.5126484485689039
1225,0.14470945298671722,0.6594128117987197,0.4795124484296451,0.8064788636566143
1226,0.15253716707229614,0.6315904117971106,0.47779646821898525,0.5776232637878391
1227,0.10919461399316788,0.845788248517745,0.8116700772672112,0.8149398729184495
1228,0.10788610577583313,0.7233146238700989,0.5767107365064769,0.7726714285275051
123,0.03978727012872696,0.6664057546085755,0.4977110272480806,0.6059739410113871
1230,0.1291092336177826,0.7906750257766124,0.725762054892375,0.8031604695127328
1232,0.09354405105113983,0.6826005487911095,0.3381135005068092,0.750819130489089
1233,0.09666644781827927,0.6516187306927081,0.5286024881238304,0.7145406402148993
1235,0.16763150691986084,0.5750252651961034,0.35375606245870916,0.729733637601654
1236,0.2771925628185272,0.587401749714491,0.7361419896396423,0.5689350117454215
1237,0.17406031489372253,0.5540185094656549,0.29990059809377606,0.7671736312880393
1240,0.3698282837867737,0.5263093810094805,0.6757869318007735,0.46803655489401036
1241,0.08511991053819656,0.725406768760045,0.5486368205963528,0.821115510334464
1242,0.08231255412101746,0.726936104330445,0.31502009265091707,0.7110895611919864
1244,0.10098889470100403,0.8161731898021232,0.7420021174433813,0.7420862302283547
1245,0.10753647238016129,0.6473723067617128,0.38632262566833514,0.7940852460572134
1246,0.0691593736410141,0.8555523698905165,0.6281025431518944,0.8048171382354579
1247,0.1472722589969635,0.8048875072476949,0.8390953905763227,0.784725764551909
1248,0.08188974857330322,0.7169614145791658,0.6644167431509989,0.7383648112860894
1249,0.038271743804216385,0.7676835110527536,0.38475261247510767,0.8604529964626624
125,0.15826645493507385,0.5837984422055854,0.4519386272784798,0.4645730933033147
1250,0.08568377792835236,0.8605609991640469,0.8444175078469629,0.8474927229238742
1252,0.34857019782066345,0.36279098889707756,0.24634292898608895,0.3043397808123437
1253,0.06958253681659698,0.8241997220764266,0.6603026888973329,0.8205119304049495
1254,0.2416764795780182,0.7189303495985258,0.8074669144272606,0.6696987781112258
1256,0.1910077929496765,0.4078229343129419,0.04900701626726619,0.2564742791029273
1258,0.03016013279557228,0.8635793378915347,0.5588669484102713,0.8849276676142921
126,0.11285379528999329,0.4546897727613409,0.09780023526963125,0.2820231926983481
1260,0.022239750251173973,0.7690369325130555,0.430183130815484,0.814287166793019
1261,0.03488297387957573,0.9000270393040282,0.7357498011937549,0.9283902033660789
1262,0.09429655969142914,0.857534481626191,0.7985186230936588,0.839480498612653
1264,0.07129823416471481,0.8822196785476233,0.8197257461112084,0.8779760791622001
1265,0.09061837196350098,0.6994674072860967,0.2864170900476179,0.701424855791502
1266,0.04854714870452881,0.6820625950745646,0.2855731373069763,0.7977598363588266
1267,0.0842062309384346,0.5126781322886335,0.14845849179422715,0.6845540975914896
1268,0.4033588171005249,0.4851906636510286,0.6383347427926894,0.4173021872919007
1269,0.07317540794610977,0.570051315478337,0.18369554602749896,0.742521108294899
1270,0.05726245790719986,0.772213234083543,0.5233925705355821,0.871546309113489
1271,0.07091453671455383,0.7082149567530973,0.4137041483442477,0.8451439852223497
1273,0.13367095589637756,0.5786582890451278,0.5205458398707026,0.5144929470091284
1274,0.06623043864965439,0.5959987210828328,0.29348685482135367,0.6269661601732082
1276,0.04320470243692398,0.8566512802234278,0.6672936694713516,0.8942462243867468
1277,0.06745050847530365,0.8280790803444626,0.6606695331799914,0.8221138931460574
1278,0.02963588573038578,0.6617636703705477,0.43520831557047907,0.5377456248335424
1279,0.07378611713647842,0.7271781863243891,0.537298579665434,0.7279926407762727
128,0.05407828837633133,0.725517231806174,0.3607776794483117,0.8369749158084816
1280,0.054217249155044556,0.7856951760546843,0.5313165073863754,0.8654464009046469
1281,0.054654672741889954,0.8863346118344237,0.7353227055472465,0.8450409306010047
1282,0.012144343927502632,0.49719223877557744,0.007928969198736658,0.3004869228292154
1283,0.09591685235500336,0.6113881826162317,0.3092292684494669,0.6461014031582282
1288,0.12730546295642853,0.5615115797503029,0.46870037663897796,0.6082607468252439
1289,0.10008665919303894,0.7864625815301334,0.7189874350777388,0.8192978056304807
1291,0.11683206260204315,0.6231254114738487,0.48688011359907574,0.507384548520564
1295,0.33164653182029724,0.41442090315771374,0.4446478613709893,0.3785682650944002
1298,0.14292125403881073,0.6514029259849947,0.6507375173674708,0.6960697310341162
1299,0.07160548865795135,0.7431350278869828,0.5701537819820309,0.7471414414123346
13,0.11746007204055786,0.5489856778332658,0.25581115449324715,0.5128681376501918
1300,0.22305193543434143,0.3928807924738123,0.013654731501571546,0.41642557022443116
1301,0.13864046335220337,0.6900504389101074,0.4539457968342539,0.7985148046445508
1302,0.08429809659719467,0.8214070903784461,0.5605450277104995,0.8408215065392227
1303,0.10331153869628906,0.7436916200956796,0.5387498899774511,0.6546963892717057
1304,0.3480529487133026,0.354037938823771,0.23465660789947343,0.30314011928360174
1305,0.045505672693252563,0.6423620661060513,0.3056608441674324,0.6250766380890209
1306,0.04636921361088753,0.7004644261409015,0.3564522419138154,0.819642828478195
1307,0.05558627471327782,0.7799423153346248,0.35426423781074456,0.7808574581852679
1308,0.04189338535070419,0.7173180568464043,0.27612777222014023,0.748622312041973
131,0.03233643248677254,0.8703257983632507,0.704434388375965,0.9295829709315683
1310,0.03766215592622757,0.5636117844318322,0.1246201276328494,0.6827536458952432
1311,0.11823541671037674,0.6365739024539581,0.43319858791486104,0.7233399224486514
1313,0.1821194440126419,0.6563542926096595,0.5467693928307114,0.6348201249482046
1314,0.14518357813358307,0.7649766689942337,0.7148859998427477,0.7896835946940857
1315,0.446988046169281,0.27816019032615197,0.03517529826236965,0.2508354867460458
1318,0.12952518463134766,0.7205339924661521,0.5295302046371345,0.7814721248296096
1319,0.081178680062294,0.8684431834938111,0.8366310549526881,0.8348962985073868
1320,0.07963279634714127,0.853957099360467,0.677483659658186,0.8400955576736234
1322,0.3792826235294342,0.45731006692574544,0.5712718519362635,0.4232736311994852
1324,0.16419129073619843,0.6014031041115055,0.37386208520041775,0.7155173634990062
1325,0.07674052566289902,0.7732729688538988,0.8056583890057816,0.8257593812923307
1326,0.06484203040599823,0.7511323019547953,0.540436495388507,0.6764797993967078
1327,0.32461151480674744,0.37073810968097504,0.2852880138760824,0.32083989483968045
1329,0.1993960589170456,0.6347341343244366,0.5538879297807725,0.5871721637749931
133,0.04567962512373924,0.5483827305824537,0.11909197816622386,0.4068985845836875
1330,0.18233563005924225,0.4860336827444756,0.21934371689284587,0.6666518093514513
1331,0.09710424393415451,0.8131257511162713,0.7830466612088841,0.8021207835917289
1332,0.02850528433918953,0.6692909700469427,0.26446145889459144,0.7736487426833187
1333,0.10800391435623169,0.6718005406160614,0.6437476538439127,0.7228124441474109
1334,0.12853606045246124,0.5662409022938554,0.4444514904220895,0.506605155385198
1335,0.1164698451757431,0.6222153564834818,0.49352159328361245,0.7252459100883748
1336,0.20134805142879486,0.5370179930183145,0.4500714495810369,0.5688715163256475
1337,0.13193924725055695,0.46063757999860205,0.10536447927257626,0.6369090862252985
1338,0.16465483605861664,0.5885807441102302,0.515182876683191,0.5490044016793991
1339,0.0757765844464302,0.5738786355170294,0.28739503748775774,0.8518567664159592
1341,0.21204431354999542,0.5605908928890815,0.35125852767615545,0.6601885795647614
1343,0.022038668394088745,0.5709426570505274,0.039179342157586027,0.6056082321759931
1347,0.20181530714035034,0.6973098597583289,0.7709616499803374,0.6597854960042451
1348,0.07085172086954117,0.7369858906637277,0.4669073708632262,0.7606320809606237
1353,0.18625237047672272,0.7062615917500236,0.7705863378049499,0.6860458464548862
1354,0.09419792890548706,0.6753015986447017,0.31560588436784864,0.8192406521264245
1356,0.22385895252227783,0.5157678897193496,0.3429216566051422,0.5435548092152082
1359,0.07851439714431763,0.7151202656359625,0.6880016197188152,0.7143928866557601
1362,0.06543191522359848,0.47009954111341307,0.030456896730746454,0.2536462992392944
1364,0.03061431087553501,0.5743244806467643,0.12635704833844116,0.6321352317683994
1367,0.08734845370054245,0.7852180363952438,0.5493190892948546,0.8267387561555073
1370,0.04980308189988136,0.8072453340319468,0.5255357271850591,0.8550280514197348
1371,0.0809144452214241,0.7088467620009666,0.4526785852174787,0.6769773149744346
1372,0.026755791157484055,0.8551365074392859,0.5651114298157999,0.8527660643642996
1373,0.04734232276678085,0.7958055679123878,0.4911701501487198,0.7946389243272296
1374,0.028971558436751366,0.5549092414467365,0.06726451838712658,0.5238178796588229
1375,0.10443003475666046,0.5500907404167039,0.27562733203458445,0.45297433590885594
1376,0.0624716654419899,0.8066829891477354,0.5183775151875694,0.8673520433542741
1377,0.03737137094140053,0.7018987292964091,0.48455915268747823,0.8092904776772268
1379,0.12347729504108429,0.631893360602241,0.30967413159268603,0.7277838237492755
1380,0.07080057263374329,0.6160241431608136,0.19061897935865313,0.5676810061456704
1381,0.10739199072122574,0.6250941868579943,0.330326256151232,0.7460648879797498
1382,0.11807765811681747,0.6575739070334343,0.31213853517747453,0.7645628411511253
1384,0.045488979667425156,0.7879989365156314,0.5155191277991682,0.8760233459033361
1385,0.08798794448375702,0.767468068804469,0.5067314602239342,0.8377129490294408
1386,0.08411522209644318,0.853275038855329,0.8697812768816663,0.8734338628913382
1388,0.023627275601029396,0.4981483655549529,0.025515702441024926,0.4032361041036639
1389,0.05744948610663414,0.8596008922444367,0.7191061469868255,0.8808328926744791
139,0.05221361666917801,0.7712485373623796,0.45162360348640446,0.8129272777804342
1390,0.09814628213644028,0.6149161663562158,0.3063669413661495,0.7884305903245786
1392,0.20369911193847656,0.7031847288522916,0.7554691351686291,0.6695287197685033
1393,0.050791699439287186,0.5412980738940039,0.08806191368579236,0.5241309982983999
1396,0.037563808262348175,0.4837494977275864,0.016281964672261395,0.25251404296194535
1398,0.033923666924238205,0.4841748374759065,0.007366268462119968,0.2502287119070973
140,0.04747220501303673,0.8635906807424889,0.5997492418332473,0.8739867179174317
1400,0.05107518285512924,0.7397390105122101,0.3944401478658951,0.828338387971372
1401,0.05244218185544014,0.6246688580393245,0.39172166087504595,0.7188353335230885
1402,0.08924371749162674,0.8327061014948445,0.7609220963178616,0.783495680018008
1403,0.048752255737781525,0.875052174948026,0.7885529470568016,0.8971201671138751
1404,0.13789835572242737,0.5074136851204456,0.2593243358879283,0.38449956448505385
1405,0.12793678045272827,0.6145256187741398,0.20787328608925465,0.6742293125794234
1406,0.10407324880361557,0.6426601418880797,0.31207905312162854,0.6435653228212275
1407,0.07246111333370209,0.4741216964850885,0.06241690115994938,0.32019652498973517
1408,0.06154058128595352,0.8247032998222259,0.6461373589963786,0.831658508157364
1409,0.06847811490297318,0.8408375464010793,0.5999612455146763,0.8276506340135057
141,0.05982733145356178,0.6003437980407349,0.36761026442111633,0.8825087998282352
1410,0.13462390005588531,0.5619634129267611,0.21905910661793462,0.6847096705507526
1411,0.19276899099349976,0.6044193875360686,0.4664916097575035,0.7013498064705905
1413,0.23814938962459564,0.5282205559024408,0.426342992034812,0.47208511612853854
1414,0.11824123561382294,0.5270066494817014,0.22043934616398977,0.3780793486793147
1416,0.05210312455892563,0.6710901310339072,0.19889517934829107,0.6211641103099097
1417,0.20257288217544556,0.5889374365590072,0.23578810991027246,0.6568722003583973
1418,0.15122537314891815,0.7657264802099626,0.6946069701910018,0.7808089939555398
1419,0.10730335861444473,0.6793923925510797,0.5808184624680217,0.5773588762452253
1420,0.3263692557811737,0.4020039485482655,0.4131017614118578,0.3695362867109897
1421,0.17522990703582764,0.5060621504093122,0.43226758451666253,0.4207494904720412
1423,0.05758434161543846,0.4741615489400343,0.02407748742406018,0.28193455548540197
1424,0.09026999026536942,0.6692749866263934,0.2716426618906389,0.7496188002374946
1426,0.04663728550076485,0.8536918585026799,0.6617669931664373,0.8852625032106292
1427,0.09790374338626862,0.6641903432892494,0.31198402993063745,0.7265024475487021
1428,0.38070064783096313,0.490920669911477,0.5673601393953195,0.446132239000863
1429,0.07590934634208679,0.7642937620998675,0.6532148593918863,0.772310104822363
1430,0.13557098805904388,0.6259349201203533,0.6299113305898147,0.5843539277320061
1431,0.06899437308311462,0.7106390936101594,0.36203462532005337,0.8005284628776411
1432,0.10501573234796524,0.8231414438659914,0.7258100280513223,0.8396605588200118
1433,0.06775330752134323,0.8728408968508368,0.7881377287044598,0.8703820500551611
1434,0.20333033800125122,0.7258813267347863,0.6671276281668587,0.6914315802697871
1435,0.10810143500566483,0.853291202855649,0.8577224580059166,0.8288353478917152
1437,0.2554408311843872,0.5124020998528592,0.5749519613899733,0.4758628195455954
1438,0.11612410098314285,0.7554849491723409,0.6717340823119483,0.8101587780158979
1439,0.14844824373722076,0.7717727728312505,0.7888605708320444,0.7745104635342687
144,0.27449148893356323,0.6148614066387158,0.6625485366597651,0.5281760096138629
1441,0.11546218395233154,0.8307985243690887,0.7314031532773022,0.8453579232434332
1444,0.03050895780324936,0.886844123134833,0.6553110383767473,0.916180903828931
1445,0.24212275445461273,0.4650939306219828,0.3534824300894399,0.39047499022168664
1446,0.6452906727790833,0.1987708803332041,0.18137092962771895,0.2546717075281142
1447,0.07050620019435883,0.6480255658150493,0.5704838939524668,0.5896754169950778
1449,0.06378302723169327,0.9110426340009603,0.771867072871941,0.8263378925986532
1451,0.08728743344545364,0.7684860887834247,0.5962051667570946,0.8610308285422867
1452,0.3271963596343994,0.4848367768486369,0.5590511618936764,0.46432017430005
1453,0.13917022943496704,0.46665549717660193,0.11848111282745384,0.6636125537977333
1455,0.2599473297595978,0.3878506508522793,0.1908269805461962,0.2977421562138026
1457,0.09666237235069275,0.7042816449896456,0.4452362634377718,0.8394698183399885
1459,0.1668655127286911,0.5242845919854014,0.15452868352754912,0.6769755890911846
1460,0.09383544325828552,0.720765728391621,0.48231187102599377,0.7454154728566768
1462,0.2001686543226242,0.6105836172602972,0.5430020344005909,0.5434657438150614
1463,0.06871867179870605,0.8929388794674595,0.7259257253313606,0.8729072013402819
1465,0.23465456068515778,0.5281922521201279,0.5602496841808224,0.46777398535657677
1471,0.27509015798568726,0.6392184110265491,0.741023955564403,0.5834001367993319
1473,0.11137683689594269,0.8118853338763509,0.5814677450825986,0.8149826864379209
1475,0.05341598019003868,0.496543354446976,0.11960603492609413,0.3115575745704974
1476,0.0886944904923439,0.8823003544107492,0.795314439971031,0.8700996973074567
1477,0.10011158138513565,0.6286702423044075,0.4224472817729841,0.6058863776482564
1478,0.06851192563772202,0.539436765528674,0.12301888430957941,0.7234574407996079
1479,0.03443433716893196,0.8395246509711844,0.5845028034100507,0.9218797567228558
1481,0.0313858762383461,0.6742676432450169,0.23940211239984346,0.77355371010743
1482,0.10432005673646927,0.7951617129413202,0.6910795341261663,0.7146485136431628
1485,0.03173436224460602,0.6794167633874826,0.19361431387703162,0.72439464738141
1486,0.08476833999156952,0.8029996035578246,0.7134454479590657,0.7598131771942573
1487,0.33269375562667847,0.5360066339651137,0.7052512795414021,0.5063777513025354
1488,0.05603500083088875,0.7037339015889794,0.31280980780985,0.7250874297157878
1489,0.033453404903411865,0.6082307841413855,0.21634779129201084,0.5767775573706206
149,0.050475992262363434,0.4862694667735513,0.06759774360584496,0.308774421966033
1490,0.0743415579199791,0.8957750905743649,0.8305593359272022,0.8428164861376704
1491,0.11573030799627304,0.6023011793701482,0.3183112385406248,0.7963664306506277
1493,0.0701863169670105,0.8099122435002817,0.5408388579760675,0.8451595185626303
1495,0.07328508794307709,0.7587759960768764,0.6539594268750045,0.7342745936264355
1496,0.2536233961582184,0.3789353322002012,0.07386953160959392,0.26210209322994527
1497,0.12252463400363922,0.6284308487416398,0.5047015234223916,0.5092538036776426
1498,0.046463493257761,0.6641004841621568,0.281165866759911,0.705464821255568
150,0.0858164057135582,0.878352757438974,0.6974073257384716,0.8701388468146757
1501,0.0455431193113327,0.7328799679971933,0.366955752272185,0.7915141757570564
1503,0.1277131885290146,0.684858243997882,0.5257343423265513,0.6906802371403465
1504,0.26088133454322815,0.5670910817039696,0.5679960492808351,0.4732608277619922
1506,0.0456368550658226,0.8476575484915707,0.6189687092655188,0.8880126830979972
1508,0.05896678939461708,0.72726325842066,0.44737329654783453,0.8795772837086921
1509,0.10799702256917953,0.475931241805433,0.08887959370358467,0.7440746231501232
1510,0.028200501576066017,0.7446338847444249,0.29486947918498274,0.7486551440851761
1512,0.060017965734004974,0.7607624967045032,0.6216995007833082,0.880197886157516
1513,0.05371953547000885,0.6448756753381076,0.2172617538367451,0.6936263909397555
1514,0.5949392914772034,0.30573951519185927,0.49546718542908497,0.24531038305677716
1515,0.19577652215957642,0.6796028899768248,0.6343981886609741,0.6319494305812253
1516,0.05527261644601822,0.8747256011931213,0.6921215559977099,0.7987757603397765
1517,0.031488463282585144,0.6547652270158775,0.20259264712620464,0.7125361272749112
1518,0.1618146300315857,0.44710036730124625,0.2386944564184097,0.32064151124331397
1519,0.027163365855813026,0.7781764535628177,0.40140506147651234,0.8518732293975244
152,0.15538886189460754,0.6117154709560084,0.3633880664952337,0.7709670062403664
1521,0.04298388957977295,0.5827845609836348,0.19906630615136986,0.576366045463684
1522,0.1313345581293106,0.43750004809938564,0.03598455171791364,0.2547580318154339
1523,0.3753851354122162,0.43848606367084764,0.5142302249944568,0.3912547122615289
1524,0.16059386730194092,0.7508841730531393,0.6616276813223383,0.6953342060499903
1525,0.059521544724702835,0.8296360037632788,0.595017458718625,0.8913640445665225
1526,0.10006440430879593,0.8022565924767675,0.6134792007136031,0.810687083431482
1527,0.026554228737950325,0.7624551042060321,0.44005628393710705,0.9077072172863783
1528,0.03615911304950714,0.7455843271896087,0.3553008526555954,0.7775869671046436
1529,0.02769206091761589,0.7739919125245553,0.41614667658632803,0.8339697011118905
1530,0.08129749447107315,0.8317396018972179,0.6051219643462382,0.8325309409183035
1531,0.04050445184111595,0.7587796138165206,0.28866965286098467,0.7255989370374591
1533,0.0906543880701065,0.7456819395762914,0.5056629293008228,0.7318305920688661
1534,0.10512695461511612,0.6982115159565099,0.5325388535145678,0.7943510045013099
1535,0.09014537185430527,0.7335624679043136,0.4038051603774716,0.8083910908735863
1536,0.1305701583623886,0.655139108044629,0.474550494360163,0.7475426389389523
154,0.058126918971538544,0.7627708989952686,0.4565305514978422,0.7937438612450604
1544,0.1802864372730255,0.41205586184722015,0.04158954290530181,0.2553785457145848
1545,0.08337914198637009,0.8005474096386667,0.6296609432116795,0.8832723269624403
1548,0.14080895483493805,0.49049608701119246,0.18133380370020744,0.656798090320869
1550,0.06566736102104187,0.7722357957222762,0.6567715022501421,0.8795135453546687
1552,0.16998136043548584,0.4199239344885598,0.0326258214479793,0.5291908578902798
1555,0.09340254962444305,0.8174295394599667,0.6186172240844922,0.8405197032003398
1559,0.30151045322418213,0.5115994289015686,0.4510775438926901,0.5488887824478033
1560,0.2164546698331833,0.6444238126048221,0.5389326005763755,0.7577055934499406
1561,0.11006451398134232,0.7550834878496409,0.5371080480669914,0.7053178707519205
1562,0.10619022697210312,0.7481912908786206,0.531805707543679,0.8292896641377465
1563,0.030197234824299812,0.7773784692173056,0.37527607628855514,0.7441036455765375
1564,0.12544842064380646,0.4823121261065498,0.08146331153240732,0.6995846077031095
1565,0.09907843172550201,0.8865550602888406,0.8654028633371494,0.8536444283181235
1568,0.12560777366161346,0.7396050806905925,0.6677141136123583,0.719396157757705
1569,0.06584934145212173,0.780824779882141,0.5917862889996801,0.8336912139554213
157,0.06886705011129379,0.686014513229205,0.2858372962626348,0.7630762507288962
1570,0.28876835107803345,0.5675519895022271,0.3789928461111544,0.6625007310065298
1571,0.1254880130290985,0.7356191994751993,0.49449070845867654,0.8123576462349608
1574,0.3808401823043823,0.32324182079170466,0.15477248473649505,0.27643345409352904
1575,0.2067655771970749,0.7169893921009988,0.791138453451203,0.6924125888137682
1576,0.16928395628929138,0.7349555715278571,0.5253018004385626,0.7761473479212764
1579,0.07381191849708557,0.6663561870838313,0.3159639908980989,0.7203453313207839
1580,0.11545830219984055,0.6837319475695098,0.5331755380692702,0.7727842866687595
1581,0.07413354516029358,0.4763425453273828,0.11797572514753694,0.286363661879392
1582,0.11464191228151321,0.7681127712008,0.6044906414009494,0.836384436290895
1583,0.12656797468662262,0.7957457351971566,0.7969966390075309,0.7817681886194581
1584,0.09807384014129639,0.7430713911733255,0.5412790842429,0.6875356310787181
1585,0.635983943939209,0.2907330372413348,0.5373170628463002,0.2016176346348767
1587,0.4547174274921417,0.4744357416414463,0.5857687240469982,0.3627303282689723
159,0.3700963854789734,0.503363139410053,0.6545287196975034,0.4576783887099091
1590,0.36595550179481506,0.4555039447140953,0.49558302857954,0.40225614659427955
1592,0.17821180820465088,0.6242246644937959,0.605847871120021,0.5617605395038863
1595,0.21071885526180267,0.6004419190900712,0.6805061682348612,0.6012944502259436
1597,0.17398607730865479,0.5186848190463025,0.39372567684961773,0.40040845726110613
1599,0.2942892909049988,0.5245282361330152,0.6198025022673784,0.5103994683707624
1600,0.344182550907135,0.44587486353734507,0.5564294730581006,0.4343007752200235
1601,0.29784369468688965,0.46612851031932934,0.3640017772611744,0.5473568312750079
1602,0.18400025367736816,0.4234243023156477,0.1700969872336687,0.3177325647255364
1603,0.39600470662117004,0.35682233268969143,0.34236663672020357,0.33057705188152053
1604,0.06703037768602371,0.7352422334029958,0.5177424657412483,0.8481502566100837
1605,0.506528913974762,0.29624025447107544,0.37993948224917107,0.2941021377819609
1606,0.38108161091804504,0.42960929860203745,0.39163972458954893,0.3430834268585967
1607,0.36708495020866394,0.3173141603774926,0.18190628646238777,0.39953828883099934
161,0.1191280409693718,0.45863976329532463,0.2178374751389511,0.32581365738488355
1610,0.01621135137975216,0.8552275153182017,0.4102187504282788,0.7599153714359512
1612,0.13685342669487,0.5077169115692883,0.2815036378171835,0.4817571942672803
1614,0.06299818307161331,0.48878655085503003,0.2109477041962009,0.32982357761507475
1616,0.0973227471113205,0.7989584513010469,0.7961957039033395,0.7859996060265597
1617,0.14089196920394897,0.6441565659435993,0.6327672659889086,0.6364345670300962
1618,0.3602229654788971,0.30358923678526223,0.0747162545636459,0.30047648638736946
1621,0.10252746194601059,0.6604043567767659,0.5390042274927443,0.6825673336093177
1623,0.1683426797389984,0.39481973407532894,0.027251612202330674,0.6223796687853278
1624,0.14531703293323517,0.6263404371859769,0.4359822613407826,0.760615412658106
1626,0.31380245089530945,0.36094025579555084,0.19981317316586922,0.3041904571123758
1630,0.33855679631233215,0.43859708209251763,0.4315152199125005,0.4928882576774441
1631,0.09450376778841019,0.6227539329262082,0.24322206075287325,0.7706474699101676
1632,0.13676804304122925,0.6987984882547632,0.5787177902935559,0.6643891779543081
1633,0.4521864950656891,0.45369327761131734,0.5738511330754646,0.35047549770647923
1634,0.17351984977722168,0.5141707768971167,0.26572051051533113,0.5759603098658009
1635,0.15104088187217712,0.6577257581202126,0.4607202775678463,0.7666094998234387
1636,0.13386651873588562,0.6438289501045853,0.6014664534211377,0.7048467190864305
1638,0.06661341339349747,0.8061137425590823,0.3735113921774598,0.7603407811153713
164,0.025776615366339684,0.6757128025552199,0.3119512592400419,0.4841861150592653
1642,0.1224050372838974,0.4436598617869661,0.019646187760753758,0.5148659366571373
1643,0.16087302565574646,0.520074714872191,0.034711028265465085,0.3744268501136
1644,0.05612285062670708,0.4870084669537846,0.0618081839526273,0.2645351140318777
1645,0.12185300141572952,0.6165176588589141,0.30914148294593774,0.7928046540701129
1646,0.3261086940765381,0.5301273215324129,0.6478307371735124,0.5290046288093954
1647,0.04536503180861473,0.527765352911564,0.0540791220237497,0.4407135417686916
1648,0.07829737663269043,0.6166324726555441,0.19318816908891256,0.7734353143904764
1651,0.07937035709619522,0.6038249666900903,0.1586025254205329,0.580562877946693
1652,0.05206001549959183,0.8624871159030145,0.6092834346107596,0.8732786009244584
1653,0.05333884060382843,0.7615020021573471,0.5720072399800663,0.861693597266689
1654,0.2672322988510132,0.49865344598517836,0.28163173540543873,0.6399296204499549
1655,0.11105960607528687,0.7260188727164223,0.555213703165128,0.8361690935727893
1656,0.06999575346708298,0.8614388690164037,0.7549718860106953,0.8729765927043213
1657,0.2427886426448822,0.5283833839971386,0.4384284366757025,0.42190648916963636
1658,0.03634520247578621,0.8597508523045022,0.6587268407642001,0.9028406736735376
1659,0.023146063089370728,0.8220001915211357,0.7202949951986732,0.8783072381515553
166,0.04717357084155083,0.7659499388589117,0.4549723833201769,0.6901010861182926
1660,0.12427720427513123,0.44245006602933384,0.04860233282120101,0.2581908394598136
1661,0.1416037231683731,0.4602063553216039,0.2092640538382729,0.35075653630379494
1662,0.04494410753250122,0.9031079109228677,0.6499316188881802,0.8684746683061226
1663,0.04984620213508606,0.8529973187987018,0.7744063247210486,0.8609201570890823
1664,0.1922188401222229,0.4082076781449386,0.050826343250720406,0.2594156800516686
1665,0.08122434467077255,0.8494029950830078,0.7342564332135327,0.8511529654795483
1666,0.036516815423965454,0.8089565206696101,0.513335216545831,0.827461761046924
1667,0.05225527659058571,0.9090293553163311,0.7857082628631862,0.8949769479680982
1668,0.059831734746694565,0.670362383424646,0.23172666860168328,0.6578813135369634
1669,0.0719149261713028,0.8173530805304985,0.5093716741004388,0.8503462468836922
167,0.15097260475158691,0.5093558545643669,0.32430919355252946,0.6002983872812134
1671,0.03722955286502838,0.554096585274765,0.18489433781065148,0.7448569814030593
1672,0.061588529497385025,0.5516183611737351,0.24453618033626193,0.3736462792867792
1673,0.07248972356319427,0.7749317804392264,0.6595284320963727,0.8293690000254806
1674,0.09961728751659393,0.7778614771725938,0.5556486603654012,0.7919090711692407
1676,0.04231652617454529,0.624054660074907,0.3364029949868143,0.8437419940492086
1678,0.05456455796957016,0.7444984623437261,0.3422010309419963,0.7709268849292051
1679,0.034812577068805695,0.7256077186965316,0.27758181168837326,0.710010580711839
168,0.03799162805080414,0.6090470540467994,0.10312771482967978,0.5832844012848379
1680,0.021992966532707214,0.9270231913808158,0.7205823405689029,0.9408801619376165
1682,0.08951757848262787,0.4641908860868326,0.07477821600708552,0.2784095435945485
1683,0.0706290602684021,0.6547235647472046,0.23570507575983776,0.680437665571952
1684,0.1098475232720375,0.774191423098744,0.6000952808162593,0.8410128581523937
1685,0.16476520895957947,0.4379015691800161,0.09763837894700907,0.406320407824272
1686,0.07781174033880234,0.6808602168188669,0.5284038486496095,0.5872499147102423
1687,0.10442624986171722,0.7227952914303102,0.6365023374973049,0.6717097453225828
1688,0.08835133165121078,0.8058046752887023,0.7007806235045344,0.8367820892552613
1689,0.06767667084932327,0.5603393187654857,0.044367052351893484,0.38462999580755397
1690,0.031714048236608505,0.7571470400641888,0.30262350165209634,0.7885031341223167
1691,0.18332305550575256,0.6402117162100831,0.5722418018105154,0.6769895816566043
1692,0.09528832882642746,0.8316629368245663,0.7193020724901329,0.7980251722559637
1694,0.019948476925492287,0.6263697255557343,0.07898283231666468,0.4876211425021558
1695,0.09968948364257812,0.4524764941766882,0.026742556378370985,0.2535318799542264
1697,0.0161652360111475,0.4939016448623347,0.003702311070787201,0.3240259005455802
1698,0.04275842756032944,0.6623058703878568,0.20018931594956896,0.6530481443093195
17,0.03279723972082138,0.8010074722982162,0.4391986008009221,0.8871624538360225
170,0.09209160506725311,0.57492051467955,0.30973142170091117,0.44077796645984674
1700,0.06575565040111542,0.8451866712321783,0.7704031969464262,0.8347284649123072
1701,0.06573330610990524,0.6853382876129671,0.4525593276664194,0.8480429288888505
1703,0.08408758044242859,0.7685050181017148,0.736224195916958,0.7357673238919216
1704,0.08705233782529831,0.7134150865482893,0.6878152383688408,0.6552615907899011
1705,0.06988076120615005,0.6055603920886149,0.1552704676469486,0.5786819676847265
1706,0.06911516934633255,0.7711228043228537,0.3804965242492179,0.8219259354712081
1708,0.08271870762109756,0.49766385233466304,0.17747582366695286,0.33334552501875614
1710,0.06696533411741257,0.7257469180997718,0.39421989878925656,0.7937057792136627
1711,0.19409073889255524,0.7192393172073281,0.7882392500973858,0.6904784004358822
1712,0.07101219147443771,0.8711499916973426,0.7137222233106293,0.8883570623569393
1713,0.10724490135908127,0.5917597588230088,0.16149712383620984,0.6688763174919831
1714,0.02257152646780014,0.5737786354438483,0.07233079812389605,0.628623070858169
1715,0.12212148308753967,0.455737242375851,0.0606129461585311,0.3596179494366687
1716,0.10036375373601913,0.5923900547166938,0.23220100752987174,0.5932619460973898
1718,0.04573395103216171,0.6337473251106456,0.24243274464934794,0.7723696423400865
1719,0.0915159359574318,0.7594831436518037,0.5704840660265048,0.8652577909555978
172,0.06100254878401756,0.4552198720249059,0.0012297613079810467,0.6625638396154161
1720,0.10229858756065369,0.857978649091413,0.8310104709781306,0.847235465816979
1721,0.25461941957473755,0.5237236436056234,0.6179778148099481,0.5053002555162613
1722,0.09886009246110916,0.6971275561995132,0.225260057026555,0.6544408464113272
1723,0.16345320641994476,0.6475670171044589,0.5191331462447802,0.7512344845869094
1724,0.1182524785399437,0.4740217831582742,0.07453949138906078,0.4102727738990336
1726,0.09781669080257416,0.6494466754865587,0.27327814849581566,0.7477729176786232
1727,0.11688937991857529,0.44851344840048163,0.112480632626832,0.28993025875165546
1728,0.08266361057758331,0.7291061486345836,0.41358795822474015,0.8324661659987959
1729,0.0972929298877716,0.7847403948415214,0.44652472112340014,0.7443386342664933
173,0.08023820072412491,0.5838152168413147,0.27662135261269166,0.6354733335052409
1731,0.10382549464702606,0.6814827837752224,0.33656262845522816,0.7731573309112059
1732,0.12563106417655945,0.7157228866736419,0.4899407346849929,0.8067644638739597
1734,0.1418616622686386,0.6824749905237233,0.6538415939944592,0.6792180461947693
1735,0.04576067999005318,0.8342272803714303,0.5755572495669845,0.8860191311435635
1736,0.043077681213617325,0.4915660592559162,0.033257741215400816,0.32913536230351736
1737,0.04398275539278984,0.8568318335739294,0.6050059271260462,0.8881863128953975
1738,0.15651465952396393,0.811232274139027,0.8298851871580989,0.7718793981122292
1739,0.09330835193395615,0.8746385884427276,0.7890251744120484,0.8600691189245577
1741,0.0706903263926506,0.8862529887508588,0.7340343925430635,0.8517452682671048
1742,0.08962222933769226,0.8484305375484924,0.6985594245066971,0.8704650556371586
1743,0.06336228549480438,0.8713178443703767,0.6985135115567763,0.8997993073299418
1744,0.04806680604815483,0.8941721232910578,0.7276398258035432,0.914765410013356
1745,0.08281955122947693,0.7434825001103151,0.4834797126099527,0.8698652219863969
1746,0.04805002361536026,0.875928185782545,0.6123678176667244,0.8830051118253799
1747,0.09287361055612564,0.8063730330280239,0.8064559938874676,0.814287470005268
1748,0.23710010945796967,0.6801840646980866,0.7532981710792157,0.6143571272764363
1750,0.08758425712585449,0.5849502456185544,0.15776609382363851,0.6662869872103128
1751,0.08246219158172607,0.8621746795386497,0.7569977792928512,0.8633004845213421
1752,0.12385079264640808,0.4877563121483842,0.16733528947256543,0.6573397607479798
1754,0.12450667470693588,0.5370053678525105,0.24607404031881358,0.6745502714887557
1755,0.051896832883358,0.8305810600218917,0.41656206733560136,0.7958849188209538
1756,0.16433590650558472,0.7639289532075726,0.603145099180722,0.7111118591831695
1757,0.06614009290933609,0.8851303948139617,0.7978247321395905,0.8990719608680184
1758,0.11522889882326126,0.7355635172584789,0.6136814734246253,0.7892092096693395
1759,0.18981972336769104,0.650448933697389,0.7093213068933762,0.6325261925103848
176,0.09451181441545486,0.5935856330782094,0.33416424443030546,0.6300766946895918
1760,0.08003577589988708,0.7403210073363735,0.5429729334757178,0.7671314325086747
1761,0.018440373241901398,0.6395249085989131,0.1644623829430671,0.610857969190652
1762,0.21535304188728333,0.568661182153965,0.23193505800035247,0.574407855642598
1763,0.12745313346385956,0.4383636978799101,0.015469307304101997,0.31808680722478155
1764,0.04760114476084709,0.7920300602031876,0.5448898295129603,0.9096378326464779
1766,0.11438433825969696,0.8804679056311624,0.8147913130332878,0.8201574113960982
1767,0.10211756080389023,0.8239225168894204,0.7606563201913673,0.8171786467670871
177,0.20351219177246094,0.411611038251251,0.17918370519727447,0.33813381835608236
1770,0.11701080948114395,0.423125879130074,0.01911059338424708,0.45314998597073
1771,0.07533144950866699,0.8873834656253856,0.6959243525610319,0.8804314247756219
1772,0.07639310508966446,0.7254094143958754,0.36897871829807805,0.7976696316155919
1773,0.14987969398498535,0.6714426778035972,0.7440883019044037,0.6809988574300244
1774,0.045844122767448425,0.7733120294931868,0.3771758401745787,0.8207710251808982
1775,0.047429490834474564,0.7867110758605775,0.48068737206271084,0.8490670708723983
1776,0.07830044627189636,0.7069685189156836,0.5807785861573735,0.8060794615767964
1777,0.038982734084129333,0.8275341079535423,0.5059934951036681,0.8657167588572011
1778,0.11368058621883392,0.7380758321341938,0.445979566772621,0.7958557920637312
1779,0.0664372518658638,0.8634203649875057,0.7406273066398245,0.8948805704578644
1780,0.054655708372592926,0.8847414461613264,0.8314988203886817,0.8556713359808759
1781,0.07654058188199997,0.6323158326894478,0.27627003619730883,0.7912016339222664
1783,0.11170724779367447,0.6293271246422104,0.482133011361234,0.8374021359617483
1784,0.07293305546045303,0.4809308969579219,0.05015077352891356,0.7067831511240006
1785,0.10351496189832687,0.7411513591976795,0.5507115685947186,0.831270312179401
1786,0.09397955983877182,0.45950713387771874,0.05250421532406785,0.6936856780190153
1787,0.1593952625989914,0.7634857562893858,0.751990836215503,0.7035514798491658
1788,0.05073155090212822,0.8212294242126992,0.4786407483929975,0.8316899311292192
1789,0.036373917013406754,0.8355964250653942,0.7449099755877149,0.820488857024648
179,0.14370007812976837,0.68483711943086,0.6768929850888158,0.7605176591093095
1790,0.1038530170917511,0.8506565652141955,0.6798648369700219,0.820437339212027
1792,0.07150642573833466,0.8432703188259693,0.75695704939598,0.8834516606726506
1794,0.1273145079612732,0.4124192695177278,0.005507310977926948,0.7030072848772044
1795,0.17597608268260956,0.4549959425214207,0.15435906875229535,0.32358879612391717
1798,0.022112764418125153,0.6985044051258713,0.17866046958707318,0.6002072815649014
1799,0.171896830201149,0.6088355687910525,0.3122229811696388,0.7479461403875318
18,0.19157497584819794,0.42857915813402253,0.04647594468390984,0.3525882981727657
1800,0.32356247305870056,0.3907510050826478,0.32627728097870023,0.32928808539259485
1801,0.12401027977466583,0.7357949291395264,0.616044114669668,0.8050895545619373
1802,0.11496506631374359,0.8787582860425364,0.8733170739354589,0.8226889777046527
1803,0.08673551678657532,0.6491951264041274,0.31775011243998874,0.7525650816546403
1804,0.0926532968878746,0.7577551638416511,0.49195382700875173,0.8397705101651292
1805,0.15009979903697968,0.7355099812768795,0.6245132390343624,0.7805202790656913
1807,0.07861331105232239,0.7060590143614203,0.4852787024884533,0.8647192843179866
1808,0.10028018802404404,0.8073015619925488,0.7168014791703772,0.8241860260838496
1809,0.033011045306921005,0.7852417593762395,0.5724404517953855,0.6540313128418348
181,0.13756759464740753,0.6237630678888182,0.43160615459232987,0.7640375211601289
1810,0.038370463997125626,0.7342257283957254,0.4069463767502698,0.8120744655733385
1811,0.059619683772325516,0.926308075447108,0.9096740090785393,0.8999584729704047
1812,0.11791373789310455,0.7209207003100122,0.7385142049857462,0.7270427945254304
1814,0.10843921452760696,0.8144569739702421,0.8380232895753543,0.7889577639144649
1815,0.05856898054480553,0.8995946301659936,0.7335429023317885,0.8843538209182382
1816,0.046479351818561554,0.8032651785530449,0.4328754848075776,0.8130843608343463
1817,0.12088619917631149,0.7022682567584959,0.40800056395382833,0.7609502518471563
1818,0.11091374605894089,0.6808827653574423,0.40145035671412443,0.7973520385865354
1819,0.06594642996788025,0.9016603857618487,0.8616908848557276,0.8712972743039515
182,0.11850196868181229,0.7481983687359669,0.4922365007619502,0.8332073470122585
1821,0.17826510965824127,0.733076387182106,0.6916042819656308,0.6751239923430696
1822,0.1275547444820404,0.7680541192596289,0.6346139217119977,0.8247972000023582
1823,0.16333802044391632,0.6233008304564184,0.4814700183232282,0.6169097563995405
1824,0.39853984117507935,0.5365777865962817,0.7256066505346199,0.44839093037506284
1825,0.06943336129188538,0.7576959655242901,0.727660995608676,0.7426455588975986
1826,0.1790483593940735,0.7113306322496877,0.7821627972789834,0.7130178766901606
1827,0.11244451254606247,0.7440862633250788,0.6819289729046321,0.8110026740127567
1828,0.23093558847904205,0.48662372342614835,0.23866980103410818,0.7254404847978133
1829,0.027735881507396698,0.5455640495501299,0.06645672133634803,0.4592664500401655
183,0.3347332179546356,0.46907054722482205,0.4475216584734962,0.3874676156002263
1830,0.06962326169013977,0.8840757112082225,0.6923947092079519,0.8671904500853469
1831,0.0627363845705986,0.6411499920827157,0.2450225124131384,0.7908418000363254
1833,0.08065160363912582,0.8087964009196589,0.6174768198392846,0.8625225990810526
1834,0.11206484586000443,0.7558035455156942,0.6010910311787795,0.8433470506746964
1836,0.07062757760286331,0.8729354373447997,0.7823285380878038,0.8757506432422558
1837,0.054386697709560394,0.7652882866796908,0.4366726032394464,0.8518408216651009
1838,0.06657133251428604,0.877478875629323,0.7407313177280236,0.899680621876891
1839,0.1810513734817505,0.6749350624060759,0.714577461527098,0.6395025694246691
184,0.1276545226573944,0.5350318395225433,0.15385438712459473,0.6389209364379762
1841,0.07931405305862427,0.6841537017154278,0.2335136862027077,0.6271751929265607
1842,0.20021025836467743,0.49226742019099523,0.423356507777717,0.44328446948187306
1843,0.11878181993961334,0.6512947916617394,0.29927772285171567,0.672330938508886
1844,0.39247336983680725,0.5047290623600645,0.6318426481335724,0.4237365383825406
1846,0.11842920631170273,0.5792513323194238,0.15554243982493854,0.5086751386231463
1847,0.1085200384259224,0.7153280554944075,0.58749861208323,0.8227061062316816
1848,0.06604045629501343,0.562389062211969,0.2113435546524607,0.7286505842625058
1849,0.06407978385686874,0.7761628952745847,0.7412254253629207,0.7530773120303944
185,0.3154083490371704,0.6263105188791724,0.7172198506975771,0.5605882544520586
1851,0.05515682324767113,0.7078179915500102,0.3060162213888052,0.7582351824304909
1852,0.020287510007619858,0.7446366672171085,0.34407394681887543,0.8365162177620675
1853,0.14840826392173767,0.781930909381825,0.7162002034538368,0.7931665288963929
1855,0.0825701355934143,0.7952904442672912,0.7149005137432315,0.8110360265701736
1856,0.06103980541229248,0.7170761076221391,0.29349660575690717,0.6445506771188771
1858,0.09420587867498398,0.822892835539176,0.7892260247670192,0.861585672578317
1859,0.11450651288032532,0.6730278984538052,0.34171178318783024,0.770366857192176
1860,0.080951988697052,0.7194580232370984,0.6001364971350811,0.7989003270511218
1861,0.0791829526424408,0.8504588374505184,0.7833856510206682,0.8852774960115453
1862,0.10723093152046204,0.8367990392283344,0.7843350584333458,0.8523855264920455
1865,0.261167973279953,0.38311371873361316,0.15430953989461246,0.2855834781001429
1866,0.09448636323213577,0.7976986819968724,0.7257676109223676,0.8285800445235684
1868,0.06545790284872055,0.7240485690691951,0.42518304807608565,0.8309267999253072
1869,0.11307661235332489,0.48244720619390946,0.09662526342924957,0.665012998656112
1870,0.05625799670815468,0.7024076777259013,0.1816330195693117,0.674134553350273
1873,0.3483699560165405,0.35670988968934747,0.24971640926209976,0.3067624021094209
1874,0.04958731681108475,0.9098375614913867,0.7593862430331481,0.9009014295939638
1875,0.037373755127191544,0.8342895323183461,0.7338819002359862,0.8304093640044725
1876,0.11199178546667099,0.6743706255533104,0.2833291227325345,0.6737455325115201
1877,0.0716567188501358,0.6657462136238549,0.2494120623008453,0.6473167855664563
1878,0.08553507179021835,0.7811464277679907,0.5725021891763037,0.8613183797011483
1880,0.025343695655465126,0.48569911052835,0.00374634976800652,0.4157784734995479
1881,0.07099460810422897,0.80228442911526,0.6952493553466972,0.8424640633457245
1883,0.09377937763929367,0.7635773394961692,0.6395918290690823,0.8166390151514495
1884,0.08857686072587967,0.7512321944560959,0.47393199431162997,0.8141415822174869
1885,0.11235178261995316,0.7680393015411603,0.5025214704998824,0.8059305619484511
1886,0.3054021894931793,0.6008187229655533,0.6439162087793188,0.49767120042404495
1887,0.0845308005809784,0.8668607823203426,0.672330918849312,0.8725746387393839
1888,0.0404898039996624,0.8323295725993416,0.4193488257691478,0.7897094189650494
1889,0.07830234616994858,0.6942634959663851,0.4026965634558014,0.8516896243979004
189,0.1012636348605156,0.5210587115221362,0.2530086016874099,0.6500133235320757
1891,0.10255076736211777,0.696302311124928,0.37200385263959007,0.732887722629213
1892,0.05298732593655586,0.7294455696782807,0.35517286684094534,0.7456863447445432
1893,0.06830974668264389,0.4897522837719062,0.042397192994420324,0.3613902326997215
1894,0.06482380628585815,0.7573832931053556,0.42971439986008386,0.7675578305718616
1895,0.08902329951524734,0.8174575809238881,0.7471029929893677,0.8080669302686488
1896,0.077938511967659,0.834727261043244,0.6938390921019771,0.8625582324866781
1897,0.03970107063651085,0.5392932399368852,0.07834950477906216,0.42563873074402436
1898,0.11841876804828644,0.4784194168254092,0.08121060349126871,0.40996939936154764
190,0.1513422429561615,0.5794265280333815,0.4556517675234744,0.5671113342118055
1900,0.10301420092582703,0.4907233954691775,0.21904317600619602,0.36395012280689915
1901,0.05751075595617294,0.7906562378899415,0.46037166616091546,0.8231032495550572
1902,0.047184668481349945,0.8459086784320642,0.5708202540083176,0.8693669396681154
1903,0.061344314366579056,0.9064295548761765,0.8137221243635977,0.9116075068078662
1904,0.04986798018217087,0.8254268889145471,0.5363669800331207,0.8750349537102815
1905,0.07809307426214218,0.7323121657697003,0.3881594435416102,0.7541823820191969
1906,0.10887704789638519,0.710876529897264,0.44092513860517757,0.8004276100868761
1907,0.1068917065858841,0.8197929676609843,0.7631550097435076,0.781815234890089
1908,0.06394331902265549,0.8375376540964781,0.6453975880425622,0.8086816858352744
1909,0.17712944746017456,0.43449570661920905,0.2202392947743219,0.31099704861497246
191,0.07018008828163147,0.4702644725917984,0.043865429100185954,0.4560029886773132
1910,0.21976709365844727,0.5916065650276136,0.5765354047296278,0.5211178434076715
1911,0.14493080973625183,0.6736210547783559,0.5480118766586465,0.7333227978704423
1914,0.07413479685783386,0.8654749780824189,0.7626959025439533,0.8683828285724553
1915,0.0718354806303978,0.8559468862308759,0.7950662042971471,0.8958078344213649
1917,0.051150497049093246,0.6854742041437483,0.374242192576357,0.8483926309882728
1918,0.04195326939225197,0.9034952094804638,0.754442074267879,0.9085502160502528
1919,0.16385571658611298,0.6601751993096294,0.6070940845040501,0.6451254412292023
1920,0.05611519515514374,0.7134660283561479,0.4511080884280664,0.8762935978216793
1921,0.13539913296699524,0.6102472805855795,0.5455351610517339,0.5161191070595903
1922,0.09380266815423965,0.745419323064956,0.6333008129205381,0.7625835915871755
1923,0.06033692508935928,0.8190434403482578,0.5526337754846071,0.8757548414268593
1924,0.0809892788529396,0.78042003334308,0.6494944293236354,0.8275747295041571
1925,0.08743894100189209,0.4393845226875781,0.018643239527333298,0.6141573235687742
1927,0.11334594339132309,0.6867656195505603,0.6945116166155438,0.6790293526111653
1928,0.022028399631381035,0.7533035186775098,0.273069400510876,0.8004413483786079
193,0.04328645393252373,0.9046512651971592,0.8055551502861895,0.907567722570529
1930,0.12997125089168549,0.6994557414184521,0.6304842528924173,0.6911619356301006
1933,0.04470542073249817,0.6547189364398068,0.27337477735678634,0.7694271773359715
1934,0.12962105870246887,0.6404063439012008,0.4201887389327405,0.7905120162520936
1935,0.13652010262012482,0.4768864860377783,0.12323213659100328,0.7692231928828932
1936,0.12365534901618958,0.798348603634154,0.7488097497953002,0.7859635867353605
1937,0.060474321246147156,0.7893751144341978,0.5207332156255678,0.8713403224669165
1938,0.38884246349334717,0.3095687309654733,0.05242381920762169,0.25648754203245294
1939,0.043968282639980316,0.837566782989317,0.575354484242919,0.9048218546236175
194,0.21382424235343933,0.5681719166070698,0.5850946906610881,0.5763045866776417
1940,0.031311266124248505,0.5055666045611905,0.017607133536028503,0.45317534115232994
1942,0.08580713719129562,0.7673201530520555,0.5754817059366796,0.8668612166930607
1943,0.10067030042409897,0.8333632904854389,0.866010145587541,0.8558914356372274
1944,0.04829223081469536,0.6644082774489524,0.35257140191519154,0.7929445194817225
1946,0.12552206218242645,0.789701121326147,0.7047767060699625,0.7340301952245423
1949,0.03653079643845558,0.7977012547429954,0.6038016087405561,0.8910390488308
1951,0.062587670981884,0.7643166503738961,0.585963834052575,0.8490371535506505
1952,0.049934156239032745,0.821654780054604,0.7624442435518466,0.8537314299996749
1953,0.07953660935163498,0.7251529144877575,0.4259848476112534,0.8101844688254989
1954,0.09083128720521927,0.5444670323951987,0.11052252060717838,0.6874163330501429
1955,0.04698042571544647,0.5531279968726444,0.14908430554423036,0.8034422022112522
1956,0.03847536817193031,0.570960533965634,0.23480898215296087,0.8294313243670645
1957,0.1262800544500351,0.7093673347613896,0.6199693165705679,0.7564373298093311
1958,0.07052412629127502,0.8537888209188054,0.7716111087505535,0.8604704821208985
1959,0.06252016872167587,0.6180605064563705,0.21192847126332678,0.6930407726627529
196,0.2050386667251587,0.44310214437890344,0.11242874278188954,0.6609219186601085
1960,0.18467947840690613,0.4185356740443452,0.08761472572996708,0.2755567598689983
1961,0.15523748099803925,0.5726045379879114,0.4283089777336194,0.6597090805041528
1963,0.07270783185958862,0.7913059623353547,0.6468804304174748,0.8180819452801249
1965,0.020368795841932297,0.7203934294329337,0.17659246263679673,0.6062201698518845
1966,0.04631741717457771,0.7464561495060262,0.5183995956661904,0.7862113179067163
1969,0.06555525958538055,0.7469030963828378,0.5747638353186258,0.8961075301539639
197,0.3319774270057678,0.5962835991695317,0.5713266793247256,0.4673474920340759
1971,0.05426235869526863,0.7876502261948377,0.5575125303039582,0.8388778275830976
1972,0.07884111255407333,0.8147543739070311,0.6999749282636027,0.8197800813926901
1974,0.08207439631223679,0.7348677857358388,0.4397546657697539,0.82454065959391
1975,0.03836566582322121,0.49069025520250004,0.017253193278067205,0.5086148351284011
1976,0.10732966661453247,0.599337231311064,0.38709233102738017,0.6823851762183524
1977,0.12492092698812485,0.6267071553677771,0.5586382124936249,0.7057361901032013
1979,0.12591971457004547,0.7016717794434559,0.5905552172241735,0.655654563908646
198,0.0981050506234169,0.5026701938342177,0.26685356987591313,0.4447183705426104
1980,0.03567345440387726,0.8194883877222603,0.5329128279718466,0.8437624248591193
1981,0.1539275050163269,0.7966741457171858,0.7827821690788764,0.7657139934274702
1984,0.021331053227186203,0.590886956914618,0.17537704001494586,0.5970404406187652
1985,0.0614938922226429,0.5830961690437095,0.27624760500759776,0.7071422745384902
1986,0.2038934975862503,0.6625888143934057,0.725581900037061,0.7193444109918096
1987,0.05455196648836136,0.8629005978785095,0.647335904414002,0.9115374261216896
199,0.1486409306526184,0.4071856491309198,0.0316656615864262,0.6923473596975089
1990,0.025653814896941185,0.7109710268949745,0.5154202753152618,0.6088797992585364
1992,0.08226120471954346,0.586764415552944,0.33837463554070585,0.8571980598471244
1993,0.06230532377958298,0.623461782629552,0.27693344374123857,0.7449901718069916
1994,0.07320486754179001,0.7280952792572827,0.6497103449359781,0.8135297290776673
1996,0.0938958004117012,0.6428350324916343,0.4819705026248355,0.8297687142418433
1997,0.03901340439915657,0.9133066049383161,0.766600239939233,0.830206330166118
1998,0.05971056967973709,0.6910692177228501,0.51740866960309,0.7515083506750626
1999,0.1422073394060135,0.6454397467988396,0.5835731119647273,0.7428040686146035
2,0.08319295942783356,0.8783496710673777,0.8235750012901302,0.8734143862232158
2000,0.05274064466357231,0.7207503789902159,0.34631372835127155,0.6636491673742173
2001,0.10705432295799255,0.7654146254656935,0.6653676321888231,0.782015134071648
2002,0.29058393836021423,0.5544917781736463,0.5862753012471357,0.4777129722708885
2003,0.09805279225111008,0.7561834079814831,0.60377254874932,0.8151310870964402
2005,0.09633021801710129,0.7101220789659672,0.579735372896043,0.7688925223173458
2006,0.14636430144309998,0.6559932452453953,0.593972441220875,0.5551590478832739
2007,0.1072099357843399,0.7074231131367502,0.47433456946339847,0.7086383768219842
2008,0.11513574421405792,0.5216783694854701,0.19207875113567863,0.6568671715721971
2009,0.06277859956026077,0.6433506832186555,0.2378790585207656,0.691588425566953
201,0.11835843324661255,0.4820871004362839,0.1565286797889585,0.3529483628306972
2011,0.10794724524021149,0.500969174508418,0.2614287587801792,0.34748380230690795
2012,0.09248462319374084,0.8445272710976293,0.7380641975692297,0.7952754079818005
2013,0.057243216782808304,0.7377715448323106,0.47378478277334835,0.9045367965045223
2014,0.027543090283870697,0.8420479363829443,0.6299527656739351,0.8668390809783385
2015,0.03226390480995178,0.8197003565820221,0.6945953871321189,0.9109980470235561
2017,0.059304121881723404,0.5904174593402021,0.18713312459205303,0.7521738856917376
2018,0.09172511845827103,0.7953183530604186,0.6610024173374021,0.8316501834555663
2019,0.17546215653419495,0.6301913943552098,0.35365051064590003,0.7843934167844656
202,0.1036105826497078,0.47725829978638523,0.07658038535993605,0.7791334453149001
2020,0.025190670043230057,0.76902060224245,0.3511130909624472,0.8635927851782428
2022,0.014908826909959316,0.8321451250930996,0.5540716410223245,0.920491096980538
2023,0.06367100775241852,0.788302985358108,0.6504695346823944,0.7502523340997704
2024,0.05899069085717201,0.827735843355774,0.6772940549703393,0.8955306343866968
2025,0.10362488031387329,0.6493950402229336,0.5979442102446823,0.657028083301915
2026,0.08764432370662689,0.5983988062651202,0.3910010329395529,0.544398979247053
2027,0.22100551426410675,0.6570237741548101,0.5746855065873366,0.5860235175019551
2028,0.10187938809394836,0.5721241711018724,0.34171582158040004,0.657616905022367
2029,0.06340111047029495,0.6116717859171568,0.2498919026531611,0.7299220919346388
2032,0.03964034840464592,0.47851438697942145,0.0028532065896191864,0.3844646333599999
2033,0.1420344114303589,0.45434693518794816,0.2233410262470265,0.3260690345679769
2034,0.06357604265213013,0.7826333763708021,0.546153655631341,0.7645139184187261
2035,0.05386969819664955,0.5553303413855983,0.20618657305466548,0.3606601960118191
2036,0.07320188730955124,0.6778695131011836,0.33683208814600085,0.8439569370408165
2037,0.07175660878419876,0.6703446396557693,0.27161990548741494,0.7009147352286061
2038,0.03696419671177864,0.5820244917462541,0.15761208043773559,0.802127924741864
2039,0.16251184046268463,0.6900893481661581,0.6810608127540184,0.7283858788512907
204,0.03868967667222023,0.5038943610960848,0.0430014684621683,0.4335327429883012
2040,0.09934687614440918,0.6506067532368947,0.3632569782378396,0.8174869011129138
2041,0.10185390710830688,0.5986721683920815,0.46845442913766544,0.5000119306168842
2042,0.06948121637105942,0.7512955297046124,0.5703450012008171,0.8897957844539717
2043,0.0813051387667656,0.848358899855023,0.7649032017591367,0.8303927243969667
2044,0.04663283750414848,0.6623953610944328,0.1960793672033616,0.6364721257231452
2045,0.04134957119822502,0.8778355271648122,0.6492419016577323,0.888138752412958
2046,0.14306512475013733,0.6770232453028697,0.6512521849237819,0.6297453841713945
2047,0.11558983474969864,0.7028432360614605,0.6608901241299694,0.6327051282737781
2048,0.045025285333395004,0.878929666851182,0.7154273410779173,0.9014224968697029
2049,0.048575740307569504,0.7411722808616088,0.4437470667644519,0.7676181064701187
2051,0.06230626255273819,0.8056276150351289,0.5495695781427606,0.8593084123469948
2052,0.0338004007935524,0.6309440259097011,0.20111006050124774,0.6607061143252659
2054,0.20763836801052094,0.5828920683013387,0.391029947748892,0.634796225356167
2055,0.10268177837133408,0.6136621862614822,0.21733670869735022,0.6845903651507009
2056,0.14310257136821747,0.7926631452367934,0.8404986188861383,0.7932904543517121
2057,0.09206099063158035,0.49932380623372613,0.2359228243798423,0.37479338014288255
2058,0.09919551759958267,0.6928353815260202,0.5441802164577747,0.8480098204279253
2059,0.10938621312379837,0.5352132883260644,0.08180047151278264,0.4940465874630169
206,0.05288044363260269,0.9165245679144556,0.8886772957622231,0.9156085125993936
2060,0.06825030595064163,0.5850749103451938,0.3109923390806594,0.6895369297569872
2062,0.061905547976493835,0.8467370537726241,0.6234737322072665,0.8727445374930235
2063,0.15012924373149872,0.7396463200833303,0.6717844457489415,0.682758201886706
2064,0.0678439512848854,0.7142386956064233,0.41340786350017883,0.8057493645662301
2065,0.07757903635501862,0.47795724134771067,0.0365586010743219,0.5647242949001776
2066,0.054849475622177124,0.5631414270710372,0.30788003558671306,0.7031397403376094
2067,0.1951838582754135,0.5775217187396284,0.3417872632226632,0.6197678105320115
2068,0.12134253233671188,0.5608477156072289,0.16720058906348412,0.6272937254697808
2069,0.17446263134479523,0.4169644761542409,0.07744473138969389,0.2613346354190047
207,0.3987206816673279,0.38827242653075894,0.3930830130111216,0.3419164137794092
2070,0.05407007411122322,0.6772194731823098,0.3393789776895841,0.8306722280985948
2071,0.14234456419944763,0.7834705193865055,0.768633392543794,0.7912540220705652
2072,0.0379507914185524,0.6720209254133707,0.35141271837080973,0.8317059131283601
2073,0.11873628944158554,0.7823782884055459,0.7369672985335475,0.8246281077992147
2074,0.06541562080383301,0.7931653011268829,0.7119143864942982,0.7327494359606926
2075,0.04602041840553284,0.83503603716866,0.5078167580430535,0.840326595601139
2076,0.14889580011367798,0.7142287381263179,0.7177193236569391,0.6959695845719964
2077,0.08840419352054596,0.603697646879712,0.18531347806987344,0.7224711813142048
2079,0.12165749818086624,0.7568358219410068,0.6617420675558725,0.8343642083578608
2081,0.1475944221019745,0.4255315507860681,0.025398027061602397,0.2678444955618895
2082,0.0766841396689415,0.4889999098145639,0.043660647508580466,0.43905817907898503
2083,0.026518553495407104,0.5540728862531497,0.19741962383397976,0.8365889228059793
2084,0.08141914755105972,0.8354128590381995,0.7430361493087205,0.874172703270192
2086,0.07449167221784592,0.7837834209620993,0.5267956943251472,0.8698145146172476
2088,0.028825515881180763,0.6239288406921337,0.10961674246121968,0.612891390778991
2089,0.0562313050031662,0.7811543067578043,0.7506104120598565,0.7848127367282868
209,0.0621800571680069,0.7117970224839328,0.3792435485941832,0.8090045859799269
2093,0.07788074761629105,0.6762656758307595,0.46996059323775635,0.6549860939233756
2094,0.11394450068473816,0.7940999517511316,0.5207086872311713,0.8183344555616726
2095,0.05047769844532013,0.5843932929905422,0.16638056767140766,0.6582968045841607
2096,0.11596432328224182,0.7650938896632054,0.7128725475420656,0.7575536489616916
2098,0.15042288601398468,0.5122936902934943,0.4400767455390479,0.43800281630329346
2099,0.168681800365448,0.6674188927612159,0.35038425720042243,0.7371697418392715
21,0.07307679206132889,0.6296790357412744,0.19068422669229507,0.690297723344391
210,0.35437214374542236,0.5421396029387369,0.6144737341794742,0.4783427620088665
2100,0.10886722058057785,0.7812174934013754,0.7884319758679876,0.7858188413964002
2101,0.05586329475045204,0.8032159271707753,0.686443113555532,0.8751600527518346
2102,0.08529318124055862,0.8229436807489829,0.6506093440206706,0.8784113566066085
2103,0.051565781235694885,0.8545154342463867,0.7764406878288115,0.9238580284030024
2104,0.10145671665668488,0.7269108008841367,0.48369558914437544,0.8205709544051115
2105,0.1125946119427681,0.7237183224008239,0.6645700025611331,0.7121864051206432
2109,0.12370233982801437,0.5923820041899895,0.47147215745047477,0.5224217048783001
211,0.11265967786312103,0.693163212058715,0.4658595874045227,0.644429589248046
2110,0.0747050791978836,0.8797088644199011,0.8321496064970474,0.8743156192059583
2111,0.10588052868843079,0.7251430707024922,0.4400450974131701,0.6331418906298627
2112,0.11629606038331985,0.6979369853054043,0.4264823388351853,0.7806544337469705
2113,0.11832111328840256,0.8122743450527548,0.8632827910541052,0.8132032618129397
2114,0.05923052877187729,0.8736345295577301,0.7584776475285239,0.8827186855993894
2115,0.0815378949046135,0.6655076708425827,0.5307005624669496,0.6903855895516937
2116,0.07959668338298798,0.5535214816903464,0.159329620763817,0.4975428455215186
2117,0.04407115653157234,0.8115492295051043,0.5736262758124183,0.8893297051771167
2118,0.14434131979942322,0.48073892303121873,0.20448915560983433,0.3188117292493279
2119,0.23929639160633087,0.3868504284068505,0.09132509868937387,0.26619644692625755
2120,0.10380147397518158,0.6389465311060907,0.14898918949852563,0.661060402137873
2121,0.1056860089302063,0.5785408138478563,0.1942664631580381,0.6371821905449224
2122,0.3250310719013214,0.3846874421183492,0.32842965289986353,0.3373504591677351
2123,0.08545668423175812,0.45704704048134775,0.013703270379352303,0.2808122490499384
2125,0.055946338921785355,0.8467277328020195,0.702205264736797,0.9140574505223192
2126,0.11425196379423141,0.7538960097068124,0.6321222047297591,0.8280552817429001
2127,0.1295739710330963,0.5624480189675626,0.2357446620808827,0.7790406260214499
2128,0.09131640195846558,0.7234297647596659,0.21021058578628646,0.6180485170847194
2129,0.055059317499399185,0.7693712669702222,0.6259672117240501,0.7891762856635005
2130,0.04438139870762825,0.7866425052059524,0.4777374680094413,0.8595696593352543
2132,0.12036539614200592,0.727086514251508,0.5715763128117373,0.8441604202843225
2133,0.08802658319473267,0.45888930828720764,0.04226062428259006,0.7055548717224664
2134,0.12314847856760025,0.46384610651777664,0.09842231912010072,0.2824542839759439
2135,0.05347025394439697,0.850731905707553,0.8009720638838125,0.8834793080172532
2137,0.10706856846809387,0.6767485535044666,0.6976533408972038,0.6871917572780839
2138,0.07093321532011032,0.8934833367370406,0.8110410876215948,0.8913854846211741
214,0.11936179548501968,0.8014702545661663,0.6741761714935833,0.85787871847794
2140,0.16530556976795197,0.5078604247878495,0.3428836729303663,0.5546571543224994
2141,0.05167277529835701,0.8841895223089358,0.8150695888429994,0.9108210036127502
2143,0.1771673709154129,0.6823291718324371,0.642743751777504,0.7404834117552785
2144,0.09524721652269363,0.7554677307017037,0.4600843938089134,0.80033296494993
2146,0.07160745561122894,0.8417441980536777,0.6621884228094467,0.8936795314288718
2147,0.10879351198673248,0.7051370539371163,0.424272961319529,0.7997761872142445
2148,0.31866246461868286,0.49053352170288045,0.6233831101945226,0.4771065717837694
2150,0.07956874370574951,0.8169215314036569,0.692247858178547,0.8842749969549459
2151,0.22022715210914612,0.6019518742734828,0.6992716919188078,0.6036810236281921
2152,0.14551956951618195,0.48288806461110223,0.2454384782508867,0.35081669664005344
2153,0.06640688329935074,0.687311135632683,0.3571192055276597,0.8287082994766086
2154,0.061763372272253036,0.835449719388154,0.7996639851348557,0.8602849165178973
2155,0.03613697364926338,0.9145874319151668,0.8074960006900199,0.9303856088575043
2156,0.0847204253077507,0.7987831873991622,0.5737245188289793,0.8429479648704283
2157,0.062029674649238586,0.6515927409817076,0.4055914093898042,0.7168356407722691
2158,0.054968807846307755,0.5456522992699149,0.08081407899241447,0.4732928294469575
2159,0.06997846812009811,0.8615718411699695,0.770921868731967,0.8793287991325742
216,0.052733831107616425,0.8595982395795794,0.7823024317003392,0.8795067230440666
2161,0.03701886907219887,0.5482199442631336,0.1847210177108982,0.7435847701485596
2162,0.3285719156265259,0.5904559759610211,0.7099139418845143,0.527831234543443
2163,0.1401350051164627,0.6531497934095325,0.43482582567938266,0.8095939926270901
2164,0.06626740097999573,0.7567369385800187,0.41669332398245623,0.775906369524369
2165,0.08291144669055939,0.7399288919710076,0.6726273518272572,0.7440071154050544
2166,0.05881521850824356,0.8454806794152285,0.8364121102607386,0.8558236652123324
2167,0.08706066757440567,0.4833579244139208,0.08698238388161744,0.3548800302503003
2168,0.08005589246749878,0.47047540485424766,0.06297343404823404,0.31518618751477967
2169,0.0741911381483078,0.7056768567137071,0.3590497470807733,0.8052456128870622
217,0.09516451507806778,0.5584203059711796,0.28320819522052926,0.708361822425641
2171,0.0750671997666359,0.8342238730849248,0.775626536344251,0.8635534159495699
2172,0.051987215876579285,0.8251944259102397,0.6475636796846792,0.8941627557035304
2173,0.05528496578335762,0.8849989725002811,0.6488974200571868,0.8932202114867408
2175,0.1257374882698059,0.6873578800192117,0.3746088932810812,0.7844827539344758
2177,0.03394109010696411,0.8585157967168482,0.5795391148516899,0.891973166362072
2178,0.09823648631572723,0.6181039536130642,0.37364087543941005,0.6912124582815153
2179,0.06563594192266464,0.8460627857526833,0.7788442196260219,0.874977268886399
2180,0.24589145183563232,0.38632618751988734,0.09011049773474718,0.27231041860757044
2183,0.05966761335730553,0.7313240596216934,0.41082895939749564,0.8443400615198063
2184,0.13474851846694946,0.768468869834314,0.687555560962515,0.7440183449583081
2185,0.37658360600471497,0.5595846628548525,0.7501710399298235,0.4886626879023003
2186,0.10727600753307343,0.5841045802358766,0.21794937347364063,0.7544832863653611
2187,0.07794766873121262,0.7111474092160022,0.5599516895441266,0.6383594327836487
2188,0.12421996891498566,0.7033298545614959,0.4760539923702168,0.808145136354909
2189,0.06994082778692245,0.7407185555939916,0.48153360070928464,0.8550240248993903
219,0.23248396813869476,0.5605841123129471,0.5054258301653893,0.5748998234392507
2190,0.09482423961162567,0.7181886235104502,0.38742706939836236,0.7797982157259644
2191,0.08209873735904694,0.7657290108174285,0.746356178897391,0.7582593431122089
2192,0.0823463723063469,0.5904867381334868,0.23851256159569792,0.7909798399423327
2194,0.017295140773057938,0.9243158887037917,0.7400529263361262,0.93845890030297
2195,0.07061037421226501,0.5428601263949934,0.09297055145405034,0.532931924575997
2196,0.09367449581623077,0.7382328402815823,0.4627662688850337,0.7932408365274255
2198,0.03625161945819855,0.7867120226389792,0.3733062183709149,0.6891571344161875
2199,0.07914210855960846,0.7560578253143111,0.44599577699981097,0.8336085094908716
220,0.09973455220460892,0.43138618290342795,0.006814066855997133,0.7129817833979023
2200,0.1778591424226761,0.5570596124743137,0.37485090030579504,0.4341330234677331
2201,0.06764154881238937,0.5235343370894424,0.13375848184011793,0.5232073173845994
2202,0.0732102021574974,0.8243502416511946,0.8386403077467307,0.8479356309366648
2204,0.10070911049842834,0.6705292203729643,0.5626217596440044,0.5993232847296113
2205,0.11524587869644165,0.765892773387474,0.731048273568075,0.7341695466169054
2206,0.14922650158405304,0.6663088247080796,0.5179217058094674,0.784376188666292
2207,0.198450967669487,0.4857274864096438,0.2608810935624854,0.5455356404330599
2208,0.04645204544067383,0.7404860534682167,0.5003101604038419,0.9177145941939429
2209,0.09530272334814072,0.6735794715705846,0.36503177894821,0.7207092398847663
221,0.07934144884347916,0.46106596779211917,0.033265423189816706,0.5469815847728967
2211,0.05294574424624443,0.8457607878932492,0.7593203338636961,0.898761479007467
2212,0.0669248178601265,0.7441519882019348,0.4395738179563292,0.857659329485859
2213,0.04016691446304321,0.5288232343159566,0.1169160123388367,0.32510853463986866
2214,0.1864597052335739,0.49514246274163637,0.3729347966995835,0.49156739982721953
2215,0.10257568955421448,0.7745592204956921,0.6131887705623169,0.8665703900723023
2216,0.0391174778342247,0.8736797848105458,0.7470661967654644,0.9344370138395617
2217,0.1359628140926361,0.6429134309489859,0.4649686721175293,0.5802513425662358
2218,0.058965642005205154,0.8757263464993861,0.8064410914063479,0.8915338829548709
2219,0.31520602107048035,0.40951824213109456,0.3411981102230648,0.3643717945800825
222,0.11037413775920868,0.8401577064721208,0.8601529773606899,0.8191457666683435
2220,0.09528888016939163,0.6378405689103632,0.20055465665696667,0.6650754512736905
2221,0.0669509693980217,0.835017713704552,0.6716549621424202,0.8838454787244356
2222,0.1099402979016304,0.7870745519128252,0.6359185133989489,0.8307439741405853
2223,0.04568331688642502,0.7541913025633411,0.40767053212397353,0.7182857561677242
2226,0.03866248577833176,0.8927771823778498,0.7077029666624761,0.8946900685546583
2227,0.025444403290748596,0.8821394743945202,0.6235902595072639,0.9249083354381982
2229,0.05710398405790329,0.8368258803180217,0.6644147361563636,0.8958646735927981
2230,0.10824026167392731,0.7478594881946509,0.5445542998592381,0.7822487626168013
2232,0.07513481378555298,0.828320168291966,0.7406240115541495,0.8832907780964276
2233,0.07757232338190079,0.6479803425829381,0.36322857976531076,0.7908444117553619
2234,0.04491667449474335,0.8549496759344001,0.75779208775299,0.8882822809372848
2235,0.044933997094631195,0.8833853312198074,0.8018804634276094,0.8835612371542588
2236,0.08677437901496887,0.6616205905832351,0.4023424606573828,0.8370324465719633
2237,0.059537939727306366,0.6529851307179486,0.3332813651264997,0.8778310264638522
2238,0.20833446085453033,0.5054367149219259,0.12876327483720765,0.5565965039551681
2239,0.06976290047168732,0.713095542549824,0.40463721388721985,0.8453744281084448
2240,0.14853842556476593,0.5157519427806548,0.17422594750147827,0.5232351763882255
2242,0.10095369815826416,0.7245502240322494,0.5624964347221038,0.8001566299589726
2243,0.021153217181563377,0.7846448598010052,0.4110400329022503,0.8248438596983797
2244,0.15411950647830963,0.4126986204786521,0.00598882910902619,0.45871367680443764
2245,0.24195651710033417,0.5560049041113202,0.5416689508559779,0.5309698779286411
2246,0.042557381093502045,0.9065500360709088,0.7253082780713324,0.9265928251062088
2247,0.0764649510383606,0.7083415575055505,0.558235703390491,0.8329415768450641
2248,0.07329972088336945,0.7463400830421234,0.6253022627596139,0.7751695213616068
2249,0.1738021969795227,0.6590039693609834,0.4707800003817691,0.6866743291157525
2250,0.11185900121927261,0.6707675076519827,0.4637587139554012,0.70037236016666
2252,0.09047698229551315,0.5015571531580221,0.22950139305518463,0.3364630206069427
2253,0.18529602885246277,0.42279745943135905,0.1401756376677848,0.2884882825797682
2254,0.11699667572975159,0.8251908405971713,0.8296712109961172,0.827599779182669
2255,0.13865116238594055,0.51133323898101,0.3261368822692136,0.4077460548410283
2256,0.04890856891870499,0.7815557405664775,0.6904789154940785,0.8859817054134498
2257,0.07658085972070694,0.6373055968134361,0.39286971431633344,0.6600373911733789
2258,0.12025181949138641,0.653364606361114,0.5192748346711732,0.78441601150335
2259,0.06541115790605545,0.692110984290828,0.4546166261469286,0.8869254074676725
226,0.134446382522583,0.5817355112235546,0.42796021293106845,0.5215856535395939
2260,0.07398151606321335,0.8729073376629501,0.8530010102592542,0.8818372131849868
2261,0.13669125735759735,0.6287208558442545,0.26394500538533666,0.7390824494629247
2263,0.10433895885944366,0.6432082135443616,0.4524641959102156,0.6713453438117688
2264,0.11784975230693817,0.6054420870766551,0.31619784522669864,0.6559192635464646
2265,0.21613709628582,0.585485498958034,0.6881907168767566,0.5843070474098071
2266,0.17023523151874542,0.4188396834381033,0.044816429660670606,0.4706904928586255
2267,0.04294009879231453,0.5701495665375482,0.2232081660829537,0.5874856114188426
2268,0.026745840907096863,0.9320364544056917,0.7951726143357717,0.9501137039161855
2269,0.06305120885372162,0.8367490185538393,0.7270337800899872,0.7999647070088414
2270,0.11724121868610382,0.7079521255213874,0.5049981505325263,0.8386633774896868
2271,0.07443730533123016,0.8111140953656589,0.6230527172280151,0.8739815938720714
2272,0.07492385059595108,0.8484222189477412,0.7833360664098303,0.8856053063852822
2273,0.04238702729344368,0.6660783954746965,0.24390905966163268,0.7385010332664738
2274,0.1796114444732666,0.666812271761339,0.5740330506271696,0.6382753785450014
2276,0.07943227142095566,0.787564770815498,0.724001132339557,0.844395407455975
2277,0.2406609058380127,0.6249516224406093,0.6629594998948207,0.5644426263119928
2279,0.05473361536860466,0.852433534328304,0.7375926140848403,0.8072853005459171
228,0.1345883458852768,0.7034030176807895,0.5867225574345912,0.837588760347793
2280,0.09120065718889236,0.6874569935370619,0.4885857240376973,0.6705870959364748
2281,0.14213335514068604,0.6780430424134358,0.5856579705800263,0.6804075064357844
2282,0.16748911142349243,0.43901875298642457,0.13771770139578635,0.7538928577098051
2284,0.10806448012590408,0.5812499686843705,0.4342970642708212,0.6007834861692071
2285,0.33775821328163147,0.5394439543527159,0.6231312854767395,0.47590253549371697
2286,0.14524398744106293,0.6952140163321474,0.6260265293710898,0.6829030840497141
2287,0.12228051573038101,0.4997976041210351,0.25412961048249494,0.3751083860706358
2288,0.03695707768201828,0.7629418759535038,0.3812197066461606,0.8300031006269399
2289,0.15776459872722626,0.6239141432213818,0.5834557376193541,0.5750637323999068
229,0.13367734849452972,0.8187070426663229,0.7658269164211163,0.8305100178579975
2290,0.06068756431341171,0.8302335144488517,0.6045025326762746,0.8802986753480735
2291,0.05378405749797821,0.9056638850791995,0.8285592603607512,0.9226313876065207
2293,0.07682337611913681,0.8311990796944045,0.6426000369105922,0.8887409115344134
2294,0.04530689865350723,0.748834622872989,0.47696027133698227,0.8855509107661528
2295,0.08874800056219101,0.8074086218558634,0.6045312324705449,0.8666364669810036
2296,0.06805801391601562,0.6718328648852234,0.6194719721662643,0.6241995722014632
2297,0.1864275187253952,0.5385888982599013,0.4475208771461098,0.4952858253421575
2298,0.11564167588949203,0.7299899263444563,0.6704988917781092,0.7212415243898096
2299,0.059020835906267166,0.6800608862333429,0.22748558764638024,0.6074478788945525
23,0.0108671048656106,0.49833346243478394,0.004236039135286336,0.2582660316255311
230,0.23673665523529053,0.40289481725729603,0.08642596895466266,0.49724060933253816
2300,0.07555197179317474,0.7966831731557807,0.6411240527157354,0.8898022329738625
2301,0.08997578918933868,0.5527886135369594,0.15370506642541135,0.8038355032510796
2302,0.27173367142677307,0.456061495765101,0.30272070005350254,0.36454712597316913
2303,0.0837273895740509,0.8754870003123767,0.7692053517297659,0.8009376923352075
2305,0.09513234347105026,0.7830727830961234,0.7034217429762798,0.7489771943760213
2306,0.07681166380643845,0.7714936817658302,0.7047095930510713,0.7918319538918916
2307,0.0839766189455986,0.7189734534199893,0.5659610899114248,0.7212114100466149
2310,0.07807714492082596,0.7451523212017075,0.4096926003118509,0.8051883415361705
2311,0.04308903217315674,0.8156160820881722,0.6319410948848632,0.9024398610554144
2312,0.1133383959531784,0.7734119791919883,0.8299053058182041,0.8034665047136038
2313,0.17186221480369568,0.6718697503691043,0.5636630979979081,0.5890129242728428
2314,0.12459377199411392,0.6636171681888492,0.4311515877594316,0.731624248812159
2316,0.15618595480918884,0.693318704063284,0.6170363376319896,0.6498800988417099
2317,0.10120940953493118,0.45526275314615894,0.05227426459046719,0.7026669768599321
2318,0.057451795786619186,0.49843362773444794,0.06642874310195859,0.555288549095204
2319,0.08919413387775421,0.5470386798110348,0.18833913354590956,0.5001193765516143
232,0.13089510798454285,0.5547327450762921,0.5375155053425271,0.5194945799126022
2320,0.035093486309051514,0.6844216328789708,0.5081193474126819,0.8619528986546721
2321,0.0803907960653305,0.7725949221210837,0.513682052233123,0.8633579230233579
2322,0.0870090126991272,0.5241769512537657,0.2273068566109423,0.7527213833437857
2323,0.0384422205388546,0.6111775319481495,0.15354279703156404,0.6777279279014097
2324,0.06647050380706787,0.745213584861051,0.48942219412362015,0.6937746811737899
2325,0.09712164849042892,0.7880657146691721,0.7199598493968009,0.8025128200695264
2326,0.06300913542509079,0.854537757428774,0.7187485196657818,0.9011954269984008
2327,0.14892196655273438,0.7000121861045794,0.707582459870626,0.7275574107164231
2328,0.19601909816265106,0.45895495478141163,0.1551635853833659,0.6866311538079999
2329,0.11104556918144226,0.7346859605781609,0.5283120052556843,0.7848706562590224
233,0.17878475785255432,0.5841169541323731,0.4733135432320798,0.5132613287425228
2330,0.06752491742372513,0.6250880588036574,0.2188273943427693,0.7400337314739758
2331,0.0640600323677063,0.5430597208023099,0.10400642244355388,0.6415717512414951
2332,0.13991589844226837,0.7802488564939685,0.7737754378346514,0.8144743635837508
2333,0.04596620425581932,0.7623100251561761,0.4120844003655041,0.8610866134205967
2334,0.2813563942909241,0.4449999113065919,0.35981236151789064,0.3658849905250878
2335,0.05691351741552353,0.8453040689214495,0.6596690952846066,0.8731745904872028
2336,0.22848942875862122,0.6164777175116194,0.6528798553562104,0.6024628486397179
2337,0.10445209592580795,0.7622644653217372,0.6607813886818449,0.7712015925338984
2338,0.05215565860271454,0.7956662046896633,0.6902210782529381,0.8912891877606139
2339,0.1587618887424469,0.6612955010606766,0.5989718068861642,0.7134219135322106
2340,0.060123223811388016,0.7315173088959485,0.3644234175667166,0.7948727161203397
2341,0.1449573040008545,0.7430947761141723,0.7614908925979332,0.7444759803449332
2342,0.07812521606683731,0.6390157546457012,0.4088778647153612,0.7472256935551249
2343,0.08101058006286621,0.8220981088925706,0.8409238580203702,0.8329547035383074
2344,0.13201949000358582,0.762774830635707,0.7710983171316539,0.769857942525324
2345,0.09192799031734467,0.8742006257008016,0.8439237209430459,0.8805894022598421
2346,0.05701424181461334,0.8388609372933642,0.6359334935880044,0.8852465766389878
2347,0.08167721331119537,0.5052545737103266,0.07880657302482467,0.6772612137918737
2348,0.11312796920537949,0.7843187653329118,0.7621543682915647,0.7675322171130865
2349,0.11954901367425919,0.5892915376238973,0.22346413094795778,0.7939930870030665
235,0.028244979679584503,0.48853259261733606,0.01659181396561007,0.3095093484261287
2350,0.09627480804920197,0.752431240029407,0.6278855454847578,0.8076483295286427
2351,0.10804279893636703,0.7933921116246103,0.6304833815260351,0.8406423643397908
2352,0.11570221930742264,0.6284721244573239,0.3441031721047169,0.7659816451563968
2353,0.053619809448719025,0.8256526366469688,0.6472668244006685,0.9179247824851946
2354,0.08648405224084854,0.6338587479237233,0.3336557409735408,0.7893532380472125
2355,0.07587788999080658,0.6054722729203298,0.1396833678506042,0.7396233806963612
2357,0.11915255337953568,0.554001886179654,0.39864016940130476,0.44370092419934914
2358,0.11335524916648865,0.692820383883505,0.6012260486030517,0.6995679330346496
2359,0.21293070912361145,0.4140147086358973,0.19148329137112793,0.2991203631422419
236,0.03325163945555687,0.6520222993553703,0.4461950186816615,0.48970729481238445
2361,0.1067696139216423,0.5338603276202616,0.21229039721144116,0.8321197870258186
2362,0.06634176522493362,0.687875120232097,0.33233777706454,0.7371948492794688
2363,0.0616624541580677,0.7025877001127783,0.433494531357464,0.8237289334861781
2364,0.12024219334125519,0.6616508093720482,0.23457759014715826,0.6759550253735744
2365,0.05254191905260086,0.7276370744831268,0.3816609194685636,0.7856084638634615
2366,0.06904424726963043,0.7484022215354078,0.4614864982965555,0.8620077261010444
2367,0.06624657660722733,0.8265739249589414,0.6655005801895433,0.8984394840087244
2368,0.14572741091251373,0.58093272668551,0.3792020703130602,0.7446220256717645
2372,0.036285560578107834,0.888592197871225,0.7019355865870277,0.9324740661881354
2373,0.18574166297912598,0.676773875819261,0.7470297709345073,0.6610299722754522
2374,0.09956040978431702,0.6434649813689209,0.39678907465712904,0.7503242224325427
2375,0.3573564291000366,0.5148026071174882,0.6318760922962243,0.4507571765660565
2376,0.1698877066373825,0.5334140958575941,0.1835193912850389,0.6689960119513787
2377,0.04404595121741295,0.8674070057564007,0.6461676678911268,0.9179896081158329
2378,0.09916988760232925,0.5713666554199559,0.25429403217399377,0.7721082947132825
2379,0.20679005980491638,0.5175763123873256,0.2903025943230887,0.6603217432307096
238,0.4712367057800293,0.4494764666477955,0.6447524155158519,0.3521831883493509
2380,0.07466468214988708,0.7322323003674844,0.43436057494988645,0.8202355756359357
2381,0.09961317479610443,0.8072132425403038,0.7597235750641284,0.7696973490213628
2382,0.12716089189052582,0.6601375252997888,0.6080332750829583,0.7041140059818942
2383,0.08294089138507843,0.6847247215682539,0.2849782474069786,0.7251631298321928
2384,0.06307622045278549,0.5961575430291767,0.1770960127375603,0.6801978019084165
2385,0.07166803628206253,0.7923220487697491,0.7035852326349368,0.8508889510990575
2386,0.051068637520074844,0.7915241398039805,0.601922884798612,0.9087658807930643
2387,0.0711781233549118,0.5324623171191081,0.04004680011341445,0.4025686997675361
2388,0.08795519173145294,0.7575445140773998,0.6467765714188882,0.7771586262307939
2391,0.12123312056064606,0.7579059684273992,0.760421791388277,0.7490766445983277
2393,0.1005718782544136,0.6716485021404337,0.43947574719034177,0.7760671380673225
2394,0.05382635071873665,0.8488707684686709,0.8452458821207156,0.8848494965669684
2395,0.09863518178462982,0.8502671838069489,0.7920269004209926,0.8612059591455636
2396,0.048407796770334244,0.6570582112219836,0.2767315337770829,0.8135326199928994
2397,0.1489294469356537,0.626363691873221,0.2859465131002855,0.7173214350683763
2398,0.09516005218029022,0.6348649147590101,0.23300649908069887,0.6518840861526587
2399,0.05390176177024841,0.7413354143123152,0.4381560995030772,0.8936530978497316
24,0.047498658299446106,0.7211558635813471,0.3616502336186355,0.8165794220840678
240,0.12160036712884903,0.7280729244113067,0.6474026896366136,0.7021966458917221
2400,0.04873795807361603,0.8151072093098417,0.6855108508299479,0.9209744692877551
2401,0.05983169004321098,0.7443961826845924,0.40470572327495924,0.802214081674322
2402,0.11726656556129456,0.6218795123510629,0.5653808029549401,0.5913045068818814
2403,0.06667162477970123,0.6855700889295097,0.22629486045967517,0.6220459543076384
2404,0.10559986531734467,0.722231761034569,0.534158110642572,0.7445956346173368
2405,0.19951558113098145,0.4605191200567065,0.3090181749497451,0.3546737351349653
2406,0.024158509448170662,0.5275462129349086,0.0653934743117808,0.5139458632577383
2408,0.1102868914604187,0.46848631926905154,0.20888621510295247,0.33462193981810406
2409,0.07664690166711807,0.87376801305558,0.8159621291803649,0.8656746121983918
241,0.042877569794654846,0.47100907103434103,0.007027588989414323,0.7297805983694032
2410,0.13271866738796234,0.6876120827283477,0.7108081578498062,0.6671568836678424
2411,0.32374289631843567,0.624831070298254,0.5566832297331213,0.5380656516403012
2412,0.0658058375120163,0.8659626668259044,0.7151707388842605,0.8716372695936616
2413,0.07599448412656784,0.6992798434329566,0.29928025831242827,0.7277156453019243
2414,0.1562666893005371,0.7006074644016549,0.6932366953343975,0.8067588066201706
2415,0.12286002933979034,0.7002705612484783,0.6681944428961385,0.7545557718949425
2417,0.15633146464824677,0.6370801367568764,0.46948044110093384,0.626212265855062
2419,0.19304466247558594,0.5793200146478403,0.27987195118630054,0.704835148129562
242,0.13692936301231384,0.7387248642371342,0.7845145167577775,0.7664713245132893
2420,0.08832883089780807,0.8203847857436761,0.7722522957585118,0.8448965357579381
2422,0.04090035706758499,0.7995874277804488,0.4954288540113382,0.8710355230774188
2423,0.22074313461780548,0.5870227414471336,0.5172086986954735,0.4508114924102077
2424,0.0993972197175026,0.6994434629868251,0.6761554177441771,0.6502435674591415
2425,0.366076797246933,0.49144058175593486,0.6574607537708301,0.46319669969784233
2426,0.1547023206949234,0.7713396354381252,0.7361152414275635,0.7475161427658
2428,0.15435908734798431,0.6554798658149984,0.4708622575851644,0.7226752878940064
243,0.2622893452644348,0.5423143387285894,0.6620304912077806,0.5238204872686707
2431,0.061554890125989914,0.8157422847305105,0.5151214629468651,0.8389879740514886
2433,0.07870922237634659,0.5953361464836031,0.45291626719600736,0.5292558853763417
2434,0.0838351771235466,0.5282952359036546,0.2523825233301684,0.3999784890845558
2435,0.33193108439445496,0.3951407802535611,0.3885609914257189,0.35558750393312955
2436,0.0321291945874691,0.8046621201748927,0.4951460311443247,0.8625965303665586
2437,0.22696053981781006,0.3900265897610586,0.06769072023880324,0.2781710236074355
244,0.12145630270242691,0.6798938263663379,0.455799245069402,0.8338852729672779
2441,0.0708782821893692,0.9095952827847662,0.7291080307386305,0.8829680213491479
2442,0.12921985983848572,0.6808692739043545,0.5786139227986313,0.5995242952416133
2445,0.08115126192569733,0.861868674433484,0.7955462349088719,0.82001962974833
2446,0.13897155225276947,0.7678818940433727,0.7640221812129201,0.7472544680427372
2449,0.5152713656425476,0.2454461902376102,0.04558016618464981,0.25251297314239285
245,0.10405097156763077,0.6196620362673959,0.45530041681180183,0.6160420087719314
2450,0.34388163685798645,0.3430018100906366,0.14761666348640087,0.2789731995467225
2451,0.1278727501630783,0.48374038957070115,0.2412020547929045,0.3357431352919532
2452,0.0879070982336998,0.7452112722866222,0.39141890390925177,0.780888081419242
2453,0.35559481382369995,0.4278401463885212,0.43115328177756834,0.36248724210105804
2454,0.14600633084774017,0.7030627934004753,0.552011839318244,0.6449331855341249
2456,0.13540755212306976,0.6034378694344446,0.5068057575046815,0.6279444268770348
2457,0.08868617564439774,0.7831559078611897,0.7281728336996446,0.7550389917604766
2458,0.08787299692630768,0.862718022778389,0.7631265782100688,0.8319991549220049
2459,0.2016269862651825,0.41138672951856753,0.11445739899774642,0.27568126888086475
2460,0.22486788034439087,0.6458981840454602,0.7168327779625988,0.6321814527594096
2462,0.28011223673820496,0.36314368831157845,0.05783555115151123,0.25813107124812984
2464,0.04192512109875679,0.674956913338773,0.22025382214409733,0.6282854097437911
2465,0.24149520695209503,0.6040953637125823,0.6858105119395145,0.5550224002604331
2467,0.17576880753040314,0.6753223451189567,0.6961494628284393,0.6168787923403796
2468,0.1307467669248581,0.6707015497967993,0.521499304051583,0.7410248555334511
2469,0.06762493401765823,0.7668411887325111,0.47789169846938434,0.8564495640658357
2470,0.05192021653056145,0.805310490952755,0.3974715533266426,0.796450562661257
2471,0.365190327167511,0.5909726759497873,0.7370623365523606,0.5065331260068393
2473,0.1414288729429245,0.77175910605273,0.8088290758985229,0.7719489528374261
2474,0.26390865445137024,0.37359344829193963,0.07189435691686333,0.26140876019261006
2475,0.08870364725589752,0.8160556436853806,0.6656784294790282,0.8026659671401868
2476,0.11305224895477295,0.8419821883992744,0.7715178100149355,0.8365366359930687
2477,0.10130926966667175,0.8247311580746084,0.5143684651347329,0.8104056232763679
2478,0.1025366261601448,0.5740794812758749,0.4915381120854512,0.49115495591202696
2479,0.14336749911308289,0.7210289964851035,0.6274996570236475,0.6338870768171765
2480,0.09622557461261749,0.7629997418636076,0.700182464568351,0.7173915014918903
2482,0.18781650066375732,0.4381651498937083,0.2657397287580036,0.32494672375675626
2483,0.07167144119739532,0.8836567689273135,0.6965481913622377,0.8775952090423802
2484,0.041156917810440063,0.880938502165145,0.6256070182866241,0.899923052144503
2486,0.14289502799510956,0.6992508643589855,0.6360141956444397,0.7603318893944948
2487,0.09014976024627686,0.8417887914231414,0.6543287199252115,0.8301594504628194
2488,0.1710822880268097,0.7112599268232322,0.696563960847067,0.6417720860889419
2489,0.22304801642894745,0.5950840327419573,0.5199750664966888,0.5167249581864461
249,0.07071247696876526,0.5225134752603622,0.12406420229935408,0.5629358698620313
2490,0.12293435633182526,0.5393659828064769,0.41222907666409664,0.4179283329863464
2491,0.08764616400003433,0.806736658176495,0.6234794659420962,0.7923545426964516
2492,0.18356437981128693,0.4100885115191868,0.022263238281879483,0.2518248047865681
2495,0.2118872106075287,0.603103998535649,0.5483935451378059,0.604453599407119
2496,0.12680068612098694,0.5098566029369395,0.3093804184566078,0.3720952316462607
2497,0.08231138437986374,0.8551047224549064,0.7794140845939456,0.8526173988270049
2498,0.025681132450699806,0.6016334694984292,0.37882799397081457,0.7805576873302407
25,0.6240567564964294,0.2859308492037821,0.46071885233611837,0.24674579491880969
2500,0.08419188112020493,0.8300305744603524,0.7182935098079257,0.7940468234778748
2502,0.09771671146154404,0.8381921211970296,0.6957314364734584,0.8579234379346665
2503,0.14779451489448547,0.454798437970902,0.18324935838149292,0.3040765370465346
2504,0.10229763388633728,0.6673328051815315,0.6100951138829896,0.6315332317526633
2506,0.09377571195363998,0.777013429888586,0.5417630210123812,0.8289173354400831
251,0.08289790898561478,0.8318752420204255,0.7151233122174884,0.8346576389750706
2515,0.15366289019584656,0.786164050743237,0.7254463582818996,0.7832607235481207
2522,0.10599587857723236,0.5376811335918962,0.12496328029121198,0.6448810648828186
2528,0.0797993540763855,0.8092305074884875,0.4761574388952223,0.8334976144249718
253,0.05596863850951195,0.824670802495158,0.5954184922339691,0.8915102861978088
2530,0.036134157329797745,0.9186803656539092,0.7889095555828751,0.8711438182139317
2531,0.13941238820552826,0.6451474820497033,0.3837578671582821,0.7675940628240345
2532,0.25367316603660583,0.4502255760852574,0.1442657112703946,0.6421271974772078
2533,0.05674031004309654,0.8513877380363746,0.612647688189652,0.8864966158133083
2534,0.16488467156887054,0.6661360514481676,0.5946875436538105,0.6151126694526332
2535,0.20292069017887115,0.6659201928504415,0.5679815535710467,0.704069703644868
2536,0.11416133493185043,0.5250212086286346,0.1410925177829027,0.5400653138662388
2539,0.13919630646705627,0.7647242217879654,0.5736714585761541,0.8126902750839264
254,0.2959743142127991,0.35441385662418917,0.03599651060088575,0.26030030910153634
2540,0.11021647602319717,0.8335491963366224,0.8067435375642644,0.8354915471125257
2541,0.09222833812236786,0.8585023932617233,0.7834916261700084,0.875252611410783
2542,0.21032026410102844,0.7053978911838021,0.8115689875164409,0.6937248906824771
2543,0.13127920031547546,0.6033956225803482,0.4788825181707069,0.5527554103090582
2544,0.07900212705135345,0.6272301351019942,0.39107559172660306,0.44501639138252064
2545,0.0838690847158432,0.7692787610101985,0.5285977377114699,0.8707242664494852
2547,0.06653101742267609,0.8189832445671672,0.5277898381404411,0.8743482832677283
2548,0.27148252725601196,0.5747859450421922,0.7128618043036469,0.5624837439785555
2549,0.06982605159282684,0.5658672858040914,0.12439508350322764,0.7674490996843913
255,0.06404808908700943,0.7893289435115999,0.5155170871759455,0.8427375651358091
2550,0.18491911888122559,0.6725672611198357,0.4100895065187287,0.7462551910662678
2551,0.15780530869960785,0.7785575463235705,0.8047347304837243,0.743729281267779
2552,0.09369304031133652,0.5725373246837523,0.22687046088706636,0.5830494789223271
2553,0.06244126334786415,0.7570216210757854,0.35426291608682475,0.6967016696662889
2554,0.08279483020305634,0.7481110822771574,0.49120229725693004,0.7802514020567023
2555,0.1592378169298172,0.6773817573427676,0.7070748894970631,0.6384888574664135
2557,0.08251592516899109,0.6504770587350037,0.47927673929410713,0.7184783734719575
2558,0.09838064759969711,0.802483252274218,0.6457430747261591,0.8354119501320798
2559,0.07586896419525146,0.7045931549341296,0.3853811996429339,0.8278240093554818
256,0.14242547750473022,0.5642822503332091,0.49951873994613644,0.6294316981694901
2560,0.26896965503692627,0.5703593925570114,0.6821697632484603,0.5377254087598882
2561,0.12883076071739197,0.6299561262974116,0.3329883985701609,0.7914265594976801
2562,0.11639691144227982,0.5681619432492315,0.22986163430819007,0.7131767752551534
2564,0.16749945282936096,0.6976041342130643,0.6536555125751269,0.7022879466364023
2565,0.08854888379573822,0.6503050852186789,0.2319332349396658,0.7289376681125193
2567,0.12116291373968124,0.57198041409085,0.2612181335458564,0.595992785550919
2568,0.05462655425071716,0.7537862134363417,0.39734159722840345,0.8355757886228934
2569,0.13065460324287415,0.8457975478368099,0.7384510562279889,0.8034799590995584
257,0.1729588508605957,0.7239067015043246,0.801890383725787,0.7084111364144321
2570,0.046217285096645355,0.870802094273475,0.5684170025567928,0.8941919307031188
2571,0.0785021111369133,0.889334793238135,0.7610228812102661,0.8918051428245783
2572,0.134410098195076,0.6285472194483037,0.44772690342170607,0.7156073606089511
2573,0.19769664108753204,0.6327698260232995,0.6025323304761384,0.5461808420523108
2574,0.17365559935569763,0.626706633788349,0.5615218688031168,0.6176162502566488
2575,0.0733395665884018,0.8923122157475968,0.6580709585014147,0.8419900263600557
2577,0.0796312540769577,0.7627308935215582,0.4490239909480213,0.7245139855105003
2579,0.07728482782840729,0.7054087057860822,0.38495676545769936,0.6527806855682757
2581,0.22705896198749542,0.6224562182529425,0.7100791663945001,0.6027382248709585
2582,0.06876447051763535,0.6260142269064707,0.3547580148804449,0.5578960269909964
2585,0.1138821393251419,0.5302848325198836,0.1480861293984532,0.6464953360926837
2586,0.11191700398921967,0.7531895867649362,0.7588861110888937,0.7353478075260351
2587,0.07218753546476364,0.7312268819147039,0.45562684551169225,0.6696007434258521
2588,0.07533376663923264,0.4883453832758452,0.1392136344622908,0.3103673942142271
2589,0.2011488825082779,0.4119990850225466,0.17010089819581764,0.2953268910591213
2590,0.15378403663635254,0.7523906042623154,0.537674578314421,0.7687988254539884
2591,0.07227292656898499,0.864585046307258,0.6644031720073221,0.86764966344042
2592,0.09104389697313309,0.5086025966884105,0.09000582071499777,0.6655666751337677
2593,0.04923143610358238,0.8708929412768615,0.7527663635862987,0.9096367295232765
2594,0.136973574757576,0.5284678302088969,0.1810278837453055,0.6747239726272531
2595,0.2250341773033142,0.683832450136181,0.7015927095681652,0.6650265355062366
2596,0.10235949605703354,0.7954358316576338,0.6432197664783557,0.7926304843056853
2597,0.6665766835212708,0.1898377282181913,0.3466561450938162,0.21524114508963405
2598,0.16964496672153473,0.636050840821996,0.6310484241415373,0.5585189566370556
26,0.40189844369888306,0.4451170441974057,0.46251994320902434,0.37344728342311045
260,0.13092371821403503,0.418126139453679,0.004688148024996422,0.5882443074879857
2601,0.06818066537380219,0.512837866631282,0.2728207287143171,0.358075994683151
2602,0.17634205520153046,0.6903025023165548,0.7432125298733252,0.6747816304034762
2605,0.09809169173240662,0.6931266880163027,0.33029027085492996,0.7951249469800032
2608,0.14116980135440826,0.7888827590173657,0.6954948952078438,0.7713991205622903
2609,0.1408098042011261,0.705661296139463,0.4293476840873516,0.7718752908748407
261,0.2251807600259781,0.5349376198812882,0.43998998392705896,0.49097485121592427
2610,0.1763322353363037,0.7314073103188325,0.7849798668376298,0.705447628315145
2611,0.03615258261561394,0.5194858899302957,0.03748090817043503,0.400147826080948
2612,0.14953625202178955,0.695724651719918,0.6900480891566415,0.6765462360602821
2614,0.08422103524208069,0.8126926103946452,0.49726223564148314,0.8329810448953553
2615,0.047677118331193924,0.8119280444606838,0.4611960368804463,0.841565074117844
2616,0.12317577749490738,0.7767242569107607,0.5832633934720232,0.7686529892559566
2617,0.29679903388023376,0.5369299475499871,0.5018742041180531,0.5027186671829014
2619,0.07819753885269165,0.5596155178671586,0.12618437171383115,0.4903452178070051
2621,0.056422293186187744,0.7676859017764638,0.33188737306577065,0.7239411358433899
2622,0.07314078509807587,0.7017184217541487,0.32936304785368486,0.685658216131755
2623,0.20221316814422607,0.757213523557722,0.7877589037733992,0.6997635736285528
2624,0.15351466834545135,0.7628069554793372,0.5960881533191735,0.7972222756148004
2625,0.09513931721448898,0.7828918962389386,0.6895498181324017,0.808297781347545
2626,0.16076599061489105,0.4344602078093265,0.15159253873090497,0.28643616125005067
2628,0.06875836849212646,0.8726349788829662,0.7514934214932087,0.8777064750646071
263,0.14347527921199799,0.46428755186265586,0.20651546939729226,0.48879839962222327
2630,0.13607436418533325,0.6769719628813305,0.34605659854695686,0.6888401514788481
2631,0.1290261149406433,0.7791325658221536,0.6430940134909813,0.829201472223767
2633,0.10532688349485397,0.6656394908019617,0.3225376295694085,0.7907257158010056
2634,0.0925578624010086,0.46906563868723317,0.07120741102254124,0.3094154545262213
2636,0.10012742877006531,0.5192687360371043,0.1422422591957534,0.7457468226731645
2637,0.19437207281589508,0.6296155278837356,0.46904848141494687,0.6967511204892708
2638,0.25003287196159363,0.668700665124299,0.7594838824064533,0.6250296535610029
2639,0.17208853363990784,0.7187382605886607,0.7429775001145007,0.690623349088593
264,0.016726454719901085,0.6516668772406338,0.12318889280795496,0.5988070983186747
2640,0.1165914312005043,0.5131847065578469,0.16849555515015674,0.7215680464244201
2641,0.193522647023201,0.7138662326350536,0.8020180713201515,0.6990504755665852
2643,0.4062580168247223,0.44857178435628065,0.6324472523861212,0.4182485395320086
2645,0.058240875601768494,0.6738720201138573,0.38068295245756884,0.4876147993852985
2646,0.06738967448472977,0.9200358575106393,0.7674834690865869,0.8828428171377998
2647,0.12703417241573334,0.8183652404647023,0.8008890025488409,0.8024218541071909
2648,0.10778405517339706,0.5844222528334951,0.20102356896384208,0.6103073347440999
2649,0.16552360355854034,0.7173722891953154,0.636842442520057,0.6194227193947022
2650,0.17053578794002533,0.4268692397381668,0.07825537506250568,0.46415661217750737
2651,0.04376274719834328,0.7614893526367447,0.4848757721181031,0.6944482567911435
2652,0.22605198621749878,0.3927843338430321,0.09337254271724675,0.26649644135093636
2653,0.11362112313508987,0.6869260786344609,0.4564592375716125,0.6121058347160981
2655,0.1525404155254364,0.45133191899316755,0.16251621739693284,0.4100374624155625
2656,0.08703342825174332,0.827956120951126,0.7078554542487072,0.825355495619601
2657,0.12389055639505386,0.5347098987437765,0.30760117728868913,0.6753457248440249
2658,0.1210687980055809,0.7778674432891997,0.6389901514571148,0.8153592115924666
2659,0.18302516639232635,0.6866658240072301,0.6545529190826492,0.7066681346328363
2660,0.3406863212585449,0.33564948983053333,0.08163900517760637,0.2621458372381968
2661,0.10485190898180008,0.740791320455072,0.37081855466246777,0.7433898452270236
2662,0.217824786901474,0.6253421264675443,0.7171196532384503,0.6004148319710196
2663,0.13604283332824707,0.6461991795353537,0.29868592395744553,0.7093421349762042
2664,0.1580529659986496,0.519280772302601,0.302469333626223,0.5655497403032586
2665,0.26077088713645935,0.532469160202678,0.5283815851941788,0.4897423498765389
2666,0.1519562304019928,0.7449174303376471,0.6521513653363517,0.739815882382706
2667,0.14293667674064636,0.7289302244625679,0.6044045371576857,0.7642771417781684
2668,0.07219693064689636,0.6763793207888764,0.2549541213578167,0.7234696781556296
2669,0.2052268385887146,0.5459463823681027,0.27552572576040785,0.7140442791963392
2670,0.1629970371723175,0.717653953198957,0.7575383249891402,0.7043798234524619
2673,0.1463378220796585,0.5544652193983055,0.23346845748208375,0.5723774683842449
2674,0.12091634422540665,0.6821862601157498,0.2641173119980242,0.6328346896010248
2675,0.0691348984837532,0.6869196940251113,0.4926447802935923,0.8814276606596037
2676,0.14321546256542206,0.44020070432149006,0.1501622131051894,0.2883923541487503
2678,0.6887617707252502,0.28980576461165575,0.5619786539406418,0.1518470535460734
2679,0.2659517526626587,0.561148599086854,0.5916849285793571,0.4800727484618473
2680,0.10478241741657257,0.8039181301080858,0.49223645902099344,0.7852232380677902
2681,0.2563410699367523,0.44468346545752707,0.35845067212794973,0.36043180616548554
2682,0.10264817625284195,0.7892888082473468,0.6631678883735944,0.7742851145004296
2683,0.16374662518501282,0.7275976526048495,0.7468308060829486,0.7539303126726788
2684,0.27624934911727905,0.42477090518077265,0.2410358196845036,0.47940143493601417
2685,0.3126262128353119,0.45350576341515925,0.4917211523840566,0.4066746919256707
2686,0.1504647582769394,0.8187028838869129,0.8287800961303701,0.7476731379022354
2687,0.23898909986019135,0.4003316295808033,0.21455695414374393,0.32332817439360095
2688,0.11720865964889526,0.5893193107627444,0.29612832602302014,0.7687671074207032
2689,0.20288854837417603,0.6914136828921164,0.7791522952691251,0.6776367886963319
2690,0.11302699893712997,0.7421104541531709,0.530803645968242,0.795136010557117
2691,0.05780657380819321,0.4748311170079362,0.032960165802600236,0.25489707075821766
2692,0.059504229575395584,0.9106974454378276,0.8803699696831518,0.9017414905668596
2693,0.06284873932600021,0.8167416803535925,0.4821197715980927,0.7613013910235253
2694,0.12883178889751434,0.674436910822784,0.38679670107154923,0.5662423964310649
2695,0.15558047592639923,0.7515171736259213,0.4361427595590819,0.7265300856285282
2696,0.1446535885334015,0.7490207678085838,0.47160305427337057,0.7487068705714781
2697,0.1999274343252182,0.6625029786832901,0.5905362696101356,0.6508302429782633
2698,0.038550786674022675,0.6622802579444194,0.24962601748169982,0.600372146975322
2699,0.4286421239376068,0.3705688694473471,0.3677033464294612,0.31678077247964265
2700,0.09921329468488693,0.5468346931300175,0.16872342169850968,0.6567291794114796
2701,0.156734436750412,0.7529465564224402,0.7006154368341084,0.6971998333591867
2702,0.08881676942110062,0.6051052861484237,0.23060309115988922,0.6379608675072117
2703,0.06949757039546967,0.8833533749168924,0.7099217465026448,0.8781888890108392
2705,0.0802193209528923,0.8039196128196466,0.7269199519625099,0.833705522658905
2707,0.1253645122051239,0.6882134619979234,0.6059460306096912,0.7195441090048275
2708,0.1751842200756073,0.6842046119496827,0.7411148357217796,0.6438038423793814
2709,0.1071452721953392,0.7142365409212382,0.5655661745580572,0.7524405694801963
2710,0.08808115124702454,0.7062049623050054,0.5718992967830182,0.7783112076785197
2712,0.08761255443096161,0.7250245912324566,0.5081753954917679,0.8347478691327648
2713,0.12576918303966522,0.8137544645749362,0.840692169004939,0.7909471043300538
2715,0.07493647933006287,0.6046599095808398,0.29565933178299814,0.7147280574599508
2716,0.06705649942159653,0.8032154438953084,0.6353586955201507,0.8312579927625542
2719,0.04928705468773842,0.7076243777129912,0.32857176986785197,0.7583893467430284
2720,0.2808608114719391,0.5188409615628831,0.5742811394256535,0.47858651957900616
2721,0.30227866768836975,0.5253336849794145,0.5791206267466349,0.46684773182392514
2722,0.04437369853258133,0.7976686208744562,0.43890423671455947,0.8421627354125587
2724,0.08487030118703842,0.8435247916459728,0.718284681151123,0.8321046366192281
2725,0.05326125770807266,0.6766807205689594,0.35424490216267046,0.767929536431111
2727,0.06992141157388687,0.7705303528287879,0.3674186761992562,0.756345307536658
2728,0.09533072263002396,0.7788913241408686,0.6559469731245652,0.7228776369445632
273,0.1710166484117508,0.6703944288810235,0.7622874347647794,0.6630892532945173
2730,0.04626215994358063,0.7492184903329961,0.38583598964590254,0.8220175684401866
2731,0.14277702569961548,0.5014780920831,0.2563199602814985,0.5915273863769547
2732,0.06383219361305237,0.6786445728434853,0.5278746500443262,0.7758458041609674
2733,0.12248148024082184,0.5721638199530772,0.5139694329914847,0.5498650981675891
2734,0.05489378422498703,0.733445784190322,0.4559317238213866,0.8915651466394704
2735,0.02012602984905243,0.6861136130773686,0.2888625062433365,0.5851373312169975
2736,0.2697449028491974,0.5533309266982626,0.5964484999062282,0.5651601451779914
2737,0.05191517993807793,0.7662309051769585,0.4604605248894784,0.8664812530592345
2738,0.032627932727336884,0.4945290419525635,0.0516658418719763,0.532096406608785
2740,0.11593396961688995,0.5265037688013997,0.37104153278451146,0.473152050331454
2741,0.15045595169067383,0.557733347601467,0.23842862009027174,0.47494875717164076
2742,0.09136427193880081,0.7233713076368531,0.6808061418068598,0.6763745405529908
2744,0.10076764225959778,0.4308796466066775,0.011321557938405249,0.7241560518322537
2745,0.03469407558441162,0.8945934921978407,0.6504833414700012,0.9020752402973069
2746,0.0960071012377739,0.43655407240295974,0.013460587848516373,0.8313038213515068
2748,0.12725220620632172,0.6851408431800745,0.5911546660316757,0.6814877930415884
2749,0.07522495836019516,0.5643313259290205,0.26827458215392136,0.5915541150304666
2750,0.06241489201784134,0.5791025131034993,0.14267754744901828,0.6749844330322501
2752,0.07701890915632248,0.8220457924810589,0.5618724888019822,0.856559795690547
2754,0.072317935526371,0.5277258379799924,0.13749408197548088,0.6493219899306198
2755,0.09137561172246933,0.6874465575562845,0.40942928866669226,0.8419716702200256
2757,0.13742470741271973,0.6700751808458667,0.6618581892945808,0.6738541796651178
2758,0.057288944721221924,0.587096357130839,0.18640971313520616,0.6400111350785763
2761,0.048526350408792496,0.7690729811856134,0.5094613238765026,0.8604589051508149
2763,0.03528916463255882,0.8019731577314175,0.49467595471709475,0.8653504675872813
2764,0.029420234262943268,0.8065610049334958,0.5364525553357916,0.8784263315494976
2765,0.10630213469266891,0.7799790403426704,0.7953414593553062,0.8228275168887301
2766,0.0974007248878479,0.7738787226219895,0.6653117641110355,0.8247987598177668
2767,0.04105108976364136,0.7593372396571347,0.5391434906479657,0.6750183274370802
2770,0.06640130281448364,0.6204578955736599,0.32071140140691895,0.8138498422178648
2771,0.06951261311769485,0.8380344982810743,0.7533274692669654,0.8455409221016352
2772,0.10174628347158432,0.6826866852488371,0.3242608002901185,0.7867664798425172
2774,0.10866115242242813,0.5089788360037812,0.20074145653729022,0.8074965921365744
2777,0.16541700065135956,0.5389537346040173,0.4738339139557235,0.4513128824708558
2778,0.11580616980791092,0.7778516045710598,0.6390575004390063,0.8216746255804667
278,0.027621641755104065,0.7312569602523686,0.24891400515057197,0.6907050124319204
2780,0.03693506866693497,0.873802246803734,0.6095810821005517,0.8983116289670696
2782,0.044450245797634125,0.7072985837458909,0.21310545229266917,0.6267033042015635
2784,0.07524682581424713,0.7999388286101884,0.7121011137906882,0.7682283739681329
2786,0.5834828019142151,0.2181784663229099,0.12081321620915772,0.25850620588778284
2788,0.31856653094291687,0.3827739457955086,0.296008855161431,0.32738902289642496
2789,0.09688835591077805,0.5706931127879181,0.20943893575341943,0.6585004736117641
279,0.2783348262310028,0.4099922419658336,0.3929435207900923,0.36805042015005196
2790,0.08861006796360016,0.8236511113741665,0.8013215579042401,0.8278774256385102
2795,0.09094835072755814,0.7790521952070992,0.7649676294528819,0.7956552075725716
2796,0.08309070020914078,0.8540160885219374,0.7541113569826216,0.8427400817939229
2797,0.02960483729839325,0.8915547716554437,0.6956101817245582,0.8116279846117551
2798,0.09571834653615952,0.7398988063296392,0.6798768868352119,0.7416405799391882
2803,0.091591976583004,0.6797887538952359,0.30639613627423795,0.7197821785015738
2804,0.08045151829719543,0.6926674117700264,0.4730209552454965,0.8400463274137873
2805,0.04814860224723816,0.6982696115371207,0.30031313901743595,0.772235518895493
2806,0.049057669937610626,0.8818095449650718,0.8012704100197634,0.8832009751669587
2807,0.07222584635019302,0.7303490606883898,0.4893759886953,0.8487455946947495
2808,0.21933278441429138,0.4865386047173463,0.4149212249228208,0.41860711183933164
281,0.1307372748851776,0.7603546731203408,0.6997340653975326,0.8176612883343676
2810,0.03834623470902443,0.7483605929221211,0.3775413433165678,0.7593969962217995
2811,0.10582954436540604,0.7648880576122092,0.6713163542864219,0.783591587874577
2812,0.0306728333234787,0.659896949880303,0.23741808337562137,0.8566571638069677
2816,0.10067463666200638,0.7803748917862865,0.7967379795206687,0.7254183242514822
2817,0.14080317318439484,0.7999301801038305,0.8339554801987246,0.7777400395678885
2820,0.13060781359672546,0.6008943202474252,0.4630496403310577,0.5197355866184004
2821,0.134893998503685,0.7904255423633584,0.786491528587446,0.7937074503943546
2822,0.052451055496931076,0.7506157840720504,0.5579265823883632,0.8283231041268436
2823,0.04512910544872284,0.5732185719418027,0.05674157008470671,0.4039556520921834
2825,0.028507640585303307,0.8426179367602524,0.4633315296278157,0.8748196147697165
2826,0.0619037002325058,0.7289646568905532,0.6245599296272524,0.7057442734943511
2828,0.07881692796945572,0.6122627647154333,0.2524686837962995,0.7245103185655539
283,0.08815288543701172,0.6774024807141252,0.6202764997226149,0.5968513373731983
2830,0.043858226388692856,0.8828839404228626,0.7155273734242379,0.916569422562503
2831,0.07172898948192596,0.5237836429900001,0.045758619194243934,0.5455758191597357
2834,0.056430570781230927,0.6630294058736916,0.31476051172752995,0.7909576083520252
2835,0.08936232328414917,0.8246675798453084,0.6406065422726013,0.8730626033665223
2840,0.02724723517894745,0.7131520568528527,0.20161410689886947,0.6505530649094655
2841,0.1854080855846405,0.6316244054105757,0.6815168393010854,0.5919578671404392
2843,0.0616680346429348,0.6681506207144001,0.33278209427857997,0.7878084733411099
2844,0.23942771553993225,0.5490966833423443,0.5273081429207818,0.4963551586231187
2847,0.08446051180362701,0.727874642162684,0.38311771026390024,0.7800686598198059
2849,0.048491355031728745,0.6122218385823324,0.27837372620308,0.7121639910497889
285,0.25136667490005493,0.3763629295422843,0.02434843768237038,0.2526545941900728
2850,0.07476108521223068,0.6184535574840735,0.5865165235915825,0.5880497767884797
2851,0.07508499920368195,0.7419531393527712,0.4845858419123066,0.8727104239519945
2853,0.09482855349779129,0.8235221838207085,0.5679784085715889,0.8286371273304326
2854,0.14712470769882202,0.7307958105705463,0.6417379770875531,0.7462686113090112
2856,0.08437793701887131,0.696286800893974,0.6222193496018971,0.6551789741205271
2857,0.15563984215259552,0.42795148383630616,0.08046623150234829,0.2641753537468361
2858,0.12951789796352386,0.6438093075233993,0.5505116278364346,0.5934671039456226
2859,0.04848805069923401,0.6057301210365291,0.22120972322345042,0.7108972009272044
2860,0.21185195446014404,0.411893530846365,0.21337866244902134,0.30808575440908303
2861,0.06547391414642334,0.9209501383215073,0.8447323294744419,0.8960991840089528
2862,0.09576093405485153,0.7169551314361562,0.4955404619814242,0.8641430669782266
2864,0.045780424028635025,0.7410965984244782,0.5069011194345138,0.8223304180239785
2865,0.07170047610998154,0.7471701425992959,0.6158052636446875,0.7715351946580079
2866,0.06914710253477097,0.8030750465207606,0.5628669363234797,0.8151450544589063
2867,0.11736883223056793,0.6217155443205298,0.39477707471429085,0.7657155426772392
2868,0.09264352917671204,0.812078059932516,0.8325495037845115,0.8118255100423521
2869,0.05909941717982292,0.7264267200150814,0.4315022973187503,0.8616712291406989
2871,0.044371023774147034,0.8199836609109781,0.4554735202231198,0.8244878271193876
2872,0.12404724210500717,0.6213240582191095,0.39720591966816754,0.6908841776936254
2874,0.07908682525157928,0.7853370370963275,0.43573298279257494,0.8028382060894202
2876,0.06494146585464478,0.8706980229264201,0.7182856274494109,0.895289686861413
2879,0.11915596574544907,0.46220455720900355,0.18664286835762048,0.3163420325320956
288,0.0653000995516777,0.8489008482545137,0.7145005092777473,0.8912282058579131
2886,0.11885664612054825,0.607102261063274,0.3045366370639469,0.7390695095614941
2888,0.05287902057170868,0.45257959125416636,0.00906733071033994,0.708451862071223
2889,0.24103540182113647,0.5110182818342344,0.4727144176764793,0.45263958991934594
289,0.21509619057178497,0.39540697810743103,0.04367341609183096,0.2560030050216876
2892,0.1108570545911789,0.5758570332567462,0.2670133133836702,0.7872346990872789
2893,0.06549627333879471,0.7068960293686428,0.2880775150046179,0.6844262559262458
2899,0.026231830939650536,0.5164526866853164,0.10155856894817224,0.445426967090301
29,0.06208828091621399,0.851816584893727,0.6156577822958414,0.8666223218833891
290,0.28152310848236084,0.36484615036738505,0.08464567558466429,0.26517572561828473
2900,0.230721578001976,0.5920658837007464,0.5046345132048278,0.5607277975363936
2902,0.09383416175842285,0.5300936169314294,0.13106049268004552,0.7770381342975945
2903,0.15569835901260376,0.7465934654257489,0.7558729440973385,0.8021451139569553
2906,0.08360957354307175,0.5982248433557106,0.5384073291104706,0.576426443666568
2908,0.06169898808002472,0.8384174054249993,0.5469699046822118,0.8600964627642123
2909,0.07877659797668457,0.7366140139986475,0.37311599707289395,0.7746802934462018
2910,0.13394534587860107,0.7969857020885148,0.7244182326644986,0.8025736928261029
2912,0.23615601658821106,0.5530294869786874,0.6267024031907081,0.5326885093320245
2914,0.14984150230884552,0.5153956482307943,0.31895222526726996,0.5453547813387836
2918,0.11609189957380295,0.7986343729694808,0.7405948342201975,0.7945600144142753
2920,0.07351068407297134,0.4855347446712316,0.188078622857955,0.4303210782496856
2921,0.12386953085660934,0.744677614658824,0.5614249372854297,0.7989969104706247
2924,0.1519283950328827,0.7531543010318089,0.5280197543876816,0.7953597782398587
2926,0.11958681046962738,0.7541113034556943,0.7117000384498952,0.7335724751656333
2930,0.07388929277658463,0.7867225391350418,0.6066314648224029,0.8815604473603469
2932,0.18506599962711334,0.6409792791653819,0.5485470114360168,0.6899102467728911
2934,0.21752764284610748,0.6886219513098483,0.7715940926158383,0.6657243989982363
2938,0.0427313968539238,0.8122312064791022,0.41680321482968696,0.8199131370899572
2939,0.7116895914077759,0.2173347254869863,0.37321642886286666,0.20215803019321893
294,0.2052973210811615,0.5875575985548805,0.49816238342611097,0.5633427494204157
2940,0.056067030876874924,0.7008836435108347,0.30711037944271113,0.7785808215341015
2941,0.10243619978427887,0.6902334947288199,0.3993844140467927,0.8225765316610292
2943,0.2658769190311432,0.3743455496333948,0.10984818695648113,0.2732763110845897
2945,0.2724984884262085,0.5199740360721181,0.5802619783616771,0.47181208581230955
2947,0.20692378282546997,0.401902894496956,0.0835986911357543,0.26492660373580135
2948,0.07398061454296112,0.8438830572750711,0.698495784949982,0.8833014535636197
295,0.2143225371837616,0.39465926020452563,0.021637471228143357,0.2514912613440598
2953,0.14420753717422485,0.5343766466421572,0.20752210166318055,0.7374675795417036
2957,0.07303417474031448,0.7816305974327045,0.5882173393505988,0.8060922264938668
2960,0.06370086967945099,0.8358536124146532,0.6439323503289035,0.911248839990246
2962,0.2330581098794937,0.6184341196362736,0.602510284602533,0.5623124092647116
2964,0.07246539741754532,0.8901489846013457,0.839394794274656,0.8637866205265506
2966,0.11670590937137604,0.7165785890332071,0.66892801370355,0.6676885219602227
2969,0.07772562652826309,0.7032565911866269,0.37742143386614535,0.8837817930091978
297,0.15764275193214417,0.7414882007957546,0.752364559682986,0.7857781218738273
2970,0.06570679694414139,0.4668592122006787,0.035107516277790074,0.8009994899517602
2971,0.15185824036598206,0.6047021066616947,0.43720745590161475,0.5406472899566881
2972,0.15429110825061798,0.7365228229148002,0.7309974501769746,0.7260744542991726
2975,0.15274189412593842,0.6482422318787865,0.6676080236218669,0.6173440173048976
2976,0.17979389429092407,0.4858152388912643,0.3725433524711251,0.38249270797771606
2977,0.10009624809026718,0.5240846489854504,0.19131153290577954,0.7789770756777776
2979,0.2606172561645508,0.40875795446478275,0.10622975750001762,0.70894676851438
2984,0.22376282513141632,0.6321328498454379,0.7160244595832422,0.6331010305197157
2985,0.06565015763044357,0.8118189002959095,0.566652193269118,0.841747886626931
2987,0.04726115241646767,0.4611140071476736,0.0035422877680755054,0.6867862134433901
2989,0.06633193790912628,0.4993721170152087,0.0757695458562207,0.6475701808913865
299,0.06736279278993607,0.8760129220189513,0.6859423741973597,0.8191424564297045
2990,0.166763573884964,0.6222809213216896,0.6509809238335391,0.6545066908709233
2993,0.17163358628749847,0.6418864382253464,0.6204958338300272,0.6918417545041899
2994,0.14288020133972168,0.4348100994340779,0.027959906164529813,0.3199118690047309
2995,0.11101637780666351,0.6925253626995203,0.356180746894519,0.7419867046160663
3,0.13316531479358673,0.6844559089878905,0.6104066667784971,0.6744613339726707
30,0.1340511441230774,0.7826252246307634,0.7823460011745114,0.7501361101518015
300,0.11007660627365112,0.5947476760195691,0.4249848211219525,0.5760668541343741
3001,0.11031229794025421,0.7675579927833719,0.7540520582849818,0.7591309897024952
3003,0.1434541642665863,0.627731331654475,0.5914599460144783,0.53954106414135
3004,0.2015884667634964,0.4696651351081388,0.45017478422847607,0.41241453154865615
3005,0.045530129224061966,0.5617027999772515,0.08881326256475874,0.5252349015174345
3006,0.19063878059387207,0.4070026044425989,0.03149911699333607,0.2538144217135821
3010,0.12007442116737366,0.482449862569898,0.11740464423485046,0.6706843855130649
3012,0.8856745958328247,0.07846107876474714,0.3097061862419944,0.07226740860750273
3016,0.05837884545326233,0.7305865689192079,0.35922237683194985,0.8048572198998316
3019,0.09638246148824692,0.7039865989410115,0.5079302096397854,0.8226786159760675
3020,0.043479789048433304,0.4614150012361348,0.0025017730640239755,0.700573936475597
3022,0.08666979521512985,0.862739281839989,0.7693476553872697,0.8627022748457933
3023,0.08991611748933792,0.8136067617055913,0.6147970349257351,0.7302776972774947
3024,0.1515803337097168,0.4266544280343529,0.033339641948428145,0.2543238986188465
3025,0.0699562281370163,0.9065614234405878,0.84244793266083,0.8578031190127223
3027,0.0694771558046341,0.6984922858001745,0.25120334331069183,0.704202499152598
3030,0.1374223381280899,0.4545336605367952,0.1590567973547793,0.4676999140240301
3034,0.06171202287077904,0.5481871039197436,0.11824588824210695,0.4785623420154419
3035,0.04758618026971817,0.6483444795535258,0.2669448858311847,0.7526436499350927
3040,0.12484148144721985,0.7451767338630946,0.7660125126494085,0.7425997841145671
3041,0.08169103413820267,0.8625061353520631,0.7897174424277231,0.8513571467949389
3042,0.0836445540189743,0.49753072783947483,0.04915960553037871,0.5217727334946035
3044,0.017130177468061447,0.6996569601022201,0.49562410928375106,0.817648929402211
3045,0.0951860174536705,0.5877544938297163,0.2095825923863939,0.7582851700002406
3047,0.37129804491996765,0.5593603587969824,0.7139143639956651,0.4730794544144147
3049,0.025287700816988945,0.7728579048362997,0.41069278157402345,0.6276056785879534
305,0.0616978220641613,0.4753697081242951,0.04659842701536589,0.2638740910452601
3050,0.12927980720996857,0.6907026917824451,0.6864281430697725,0.6390522695973917
3052,0.06399685144424438,0.7585282241776162,0.4799047425170555,0.8615583653047618
3053,0.14003585278987885,0.7490588947673138,0.7166664406589565,0.7293571216038808
3054,0.08091898262500763,0.7893958486417723,0.6142785285255583,0.6981216770944605
3055,0.0815700888633728,0.8546938887645504,0.7518524492359927,0.8662270082566869
306,0.06317754089832306,0.7130287001058753,0.5100800748049307,0.7508811262179858
3061,0.062416259199380875,0.5539774665635853,0.20891320537622426,0.8536190166712005
3062,0.14126335084438324,0.7650311290452584,0.7844771359188502,0.8031061143218161
3063,0.05983411893248558,0.6753189789720706,0.20191784106318936,0.6021486620614631
3066,0.03067428432404995,0.9221669131020239,0.7098486304974873,0.8670485643120389
3070,0.09563107043504715,0.7102825133784886,0.5405592230147672,0.825065411946188
3072,0.10215926915407181,0.5384407876627286,0.34909326846148414,0.39790224450163675
3073,0.12042197585105896,0.567099137779254,0.2535953449785937,0.7433151217050714
3074,0.0342523418366909,0.9024262003977431,0.6261203714707687,0.8942377220436504
3079,0.034637924283742905,0.709391762111897,0.19606273165684385,0.6824932961596829
3080,0.11926668137311935,0.5805720017373046,0.17039179085936937,0.5202825728980413
3081,0.15031002461910248,0.7014276532183583,0.6615370227909088,0.7060691477561901
3084,0.021812042221426964,0.8445578191899479,0.4723264863769164,0.8761640703655861
3085,0.05239616706967354,0.8566756467206341,0.5570158555097144,0.7996424218427209
3086,0.19779372215270996,0.5867888931875774,0.34006786855893684,0.6917626908499834
3089,0.061736080795526505,0.8394760405571189,0.7981581498385886,0.8330736265775871
309,0.22699204087257385,0.7119055150488882,0.8326437032017039,0.6818036096841541
3090,0.4859810471534729,0.42667721319948715,0.5644143936769143,0.34340937869782684
3092,0.09334401041269302,0.6652684807199825,0.3018855833117112,0.8093669102985932
3094,0.3581150472164154,0.3241294035730959,0.0713123982171494,0.26664477450684054
3095,0.19628353416919708,0.4403527416463381,0.23468408599014323,0.42137779671972014
3096,0.08348751813173294,0.8605670133078679,0.8075426360677629,0.8435774434998928
3097,0.26142361760139465,0.6647897069537905,0.7863548280547409,0.6322214300940769
310,0.20999448001384735,0.5695396672457127,0.6351611924805083,0.6017531133640697
3102,0.0815802812576294,0.6826969660599598,0.41787161289760866,0.7416612471774212
3103,0.2782311737537384,0.4933531957351108,0.49969258395289523,0.4522452048423785
3105,0.11000502109527588,0.7368119675439957,0.7305639597060417,0.7556482317020585
3114,0.11887069791555405,0.777264385948369,0.5707687291233154,0.7458477022247946
3115,0.3187747299671173,0.3914151184356525,0.293515788072247,0.3694962320527668
3116,0.15849195420742035,0.5810807040989138,0.21154611804897067,0.6963968348425751
3118,0.05104267597198486,0.8043636970762686,0.5709386347683787,0.8184285022933077
3119,0.15662747621536255,0.6683943113724466,0.4799823034975755,0.7722612679859983
312,0.17568185925483704,0.413994482752006,0.02495403248670438,0.2525363044123331
3120,0.1354639083147049,0.7511475296185499,0.5004625891911849,0.756207071187129
3121,0.05413726717233658,0.8085169246986064,0.4773208501636228,0.8357400925183227
3122,0.2141655832529068,0.6018267954993926,0.5043680210381953,0.6038149664919799
3123,0.036870427429676056,0.5744095751564955,0.2687525973822569,0.41686631346408715
3124,0.04497559741139412,0.804461682108906,0.4531124866864375,0.6940569099730327
3125,0.0429612398147583,0.9235452986526884,0.7529595563484056,0.9193042999502016
3126,0.16537310183048248,0.5249420042262671,0.46093993172775716,0.4682841219777047
3127,0.2563924789428711,0.372683844891768,0.04436167733944004,0.2609478154897925
3128,0.11795978993177414,0.7675407461419819,0.4414894521810501,0.7680639185275883
3129,0.07544779032468796,0.8129271503909928,0.6960612848013283,0.8190771322639265
313,0.03602343425154686,0.7947777747586341,0.5497039284730143,0.8620616512308584
3130,0.05688586086034775,0.48167495783029546,0.03892028392328688,0.46161297612127283
3131,0.11210836470127106,0.7006864003972009,0.35728516663261156,0.7615693003308603
3132,0.14007055759429932,0.5398057662585051,0.140963999994681,0.5185434620886605
3134,0.08548639714717865,0.6441914588287556,0.25281998270438993,0.7378300190775176
3135,0.0979003980755806,0.7433282357767803,0.4900216484722641,0.7316637431311268
3136,0.10971901565790176,0.7324202424633635,0.5401365468761139,0.800582963269814
3137,0.08217672258615494,0.8291245766345823,0.5537018197933808,0.8697865647348204
3138,0.06545725464820862,0.7055282692228068,0.3595106712658929,0.7055261192608097
3139,0.047355279326438904,0.6394673895275812,0.3486224086695857,0.5899143261382088
3140,0.09810087829828262,0.48909903807391636,0.2204124792158031,0.3345288134836577
3142,0.12688270211219788,0.631381162191754,0.2899516704475506,0.7588445115117297
3143,0.14922074973583221,0.6511262858631637,0.69140372065623,0.6300924549106712
3145,0.04348425939679146,0.7998642206315537,0.5288471068998674,0.8329123732723244
3146,0.11385855078697205,0.7860963308784117,0.7132076915307429,0.7927218225111965
3147,0.1842392086982727,0.7258678050962597,0.6710841019420646,0.7113702561142525
3148,0.24358625710010529,0.5087513530299499,0.3996157003362979,0.4961281092253619
315,0.1871732622385025,0.5136788399037123,0.5292479728078415,0.4660269939176401
3150,0.2878836989402771,0.485822189278337,0.42643155200189325,0.49939492107582306
3152,0.049311257898807526,0.8326939549094188,0.5584141415459696,0.874334000901323
3153,0.06553119421005249,0.8060972569660392,0.6905055048493766,0.7729927857844643
3154,0.05271217226982117,0.8524525314447389,0.6146871408418899,0.8406826703143109
3155,0.07917304337024689,0.7888450055371257,0.5399817278555131,0.8645985770933402
3156,0.1465105265378952,0.6383684678428162,0.5226246779549671,0.5731996721396347
3157,0.09327470511198044,0.6562898101786812,0.40046635729246377,0.6262126484061363
3158,0.10058893263339996,0.5491001323498078,0.21262219237212182,0.7681945105037201
3159,0.049064263701438904,0.77836350080813,0.4397057740618332,0.8057161985070136
3160,0.09199874103069305,0.7104804555950259,0.38620340709733825,0.7664965815464357
3161,0.09635339677333832,0.8286234738548094,0.8187751465593804,0.8287460353778575
3162,0.06420295685529709,0.785800226478911,0.4038211753185125,0.8006318968489823
3163,0.039532147347927094,0.9090028055699791,0.7854649852320084,0.9120247058168733
3164,0.23100925981998444,0.5611808607821271,0.5935121117106761,0.5186746180244892
3165,0.1654955893754959,0.4231534407250097,0.07507965888906208,0.27379019981409347
3166,0.05448092147707939,0.8315802754412078,0.507649057114448,0.8557308075631347
3167,0.2841220200061798,0.371382684881712,0.17994827881873893,0.2999602647181182
3168,0.13294266164302826,0.7208624840087521,0.7046562940628005,0.749954859632778
3169,0.09390588849782944,0.792605480728448,0.710330375384042,0.8196984483466179
317,0.13186822831630707,0.7100114826604969,0.5260466229768295,0.7033730790099957
3170,0.11694717407226562,0.4300358109590838,0.016492456509859896,0.7291671437667421
3171,0.18419374525547028,0.45847221464065374,0.19255740015501438,0.5734416602115886
3172,0.1396893560886383,0.4355160441781479,0.06679219367093824,0.2638286932795344
3173,0.17669077217578888,0.7027308429951102,0.7574457889580276,0.694236317713044
3174,0.03753926604986191,0.8899070641374474,0.6959904577163201,0.9162435220168118
3176,0.10436657816171646,0.7329610994018032,0.4919567447282393,0.8463523675409308
3177,0.21219314634799957,0.6264632580990357,0.6289783955104429,0.5955527531991349
3178,0.18036477267742157,0.508333979152877,0.18309918308327566,0.7514268940499773
318,0.06077196076512337,0.5464599140775429,0.16102542497555322,0.8128762458515599
3180,0.07677105814218521,0.8787238932849414,0.7644236400948862,0.8669454224281123
3181,0.10989342629909515,0.44740973698963105,0.02782573980083305,0.25368660845805835
3182,0.12451308220624924,0.724075582169769,0.4277702537863208,0.7979945869026498
3183,0.08499012887477875,0.7467420762971514,0.3448070114532156,0.7970925061986847
3184,0.20483969151973724,0.572841039049658,0.5110767882508325,0.5986276528783816
3185,0.08438003063201904,0.8161866792336465,0.6130521504969136,0.8504645864674711
3186,0.09943673014640808,0.647377614875815,0.3308207348632105,0.7405963407888184
3187,0.12356259673833847,0.5086269949172363,0.19034902878889615,0.36641459719791014
3188,0.05812711641192436,0.8169471343173099,0.6072563857362668,0.8888839157966648
3189,0.33300232887268066,0.4400408545503472,0.5335482015362565,0.4368270705799446
319,0.08484623581171036,0.7223854111357966,0.49693563611467967,0.778346560233017
3190,0.09074617177248001,0.7403131819876247,0.4941828902133199,0.6379968859054224
3192,0.09324786067008972,0.7653363147193732,0.5178234493174652,0.8467585569383864
3193,0.09442087262868881,0.5673999639951286,0.16335302113446734,0.6373029740940728
3194,0.1558462679386139,0.598127016974334,0.6259992896507571,0.5950992401244478
3195,0.17783164978027344,0.7058563072920606,0.7113356516154825,0.6503485620406046
3197,0.18698759377002716,0.5664388728211229,0.5595493121154017,0.4980817260733629
3198,0.15827514231204987,0.4320026285428296,0.10009885719999316,0.2800997494818861
3199,0.050449445843696594,0.7377868421260534,0.3337562583070386,0.7556875590653379
32,0.1546594798564911,0.672448549404724,0.5007450051445911,0.7094554796562368
320,0.07871070504188538,0.8294636189718885,0.7133286799147694,0.8341670335055555
3200,0.21231883764266968,0.4793077915671,0.3991017144030691,0.47341877953751194
3201,0.08588878065347672,0.7665169324763497,0.3973942922461844,0.7423496109171523
3203,0.20059658586978912,0.5211911693808177,0.3286155789547894,0.4360749263137421
3205,0.09397238492965698,0.6516517978705545,0.41730977959112764,0.6799685130441497
3206,0.0680365264415741,0.612336795374627,0.30115335507099444,0.6367484939104043
3207,0.2045239955186844,0.7202574055170767,0.646038252313582,0.714386030222636
3208,0.05283762514591217,0.4629403013924753,0.004310055101052451,0.6094179200732912
3209,0.07092712074518204,0.6519608576904908,0.2699475649464499,0.7775136734629662
321,0.1594095081090927,0.6329845360663238,0.7424792405016895,0.7071726197145163
3210,0.0542999766767025,0.6379262183829646,0.204616548233576,0.5458741693396258
3211,0.05438695102930069,0.7058438638780438,0.3459639315962942,0.8025218322884109
3213,0.22454339265823364,0.5957736716511496,0.6999261518285752,0.5771315981345753
3214,0.20807448029518127,0.5855917694756718,0.6043614136088067,0.6064427711337177
3215,0.04127754271030426,0.5054374590193533,0.027266587416527547,0.4647319194243836
3216,0.11169377714395523,0.6819500839461323,0.4773036979788176,0.7597762485369924
3217,0.11739175021648407,0.7089358910667596,0.6444941742147439,0.6866024367859134
3219,0.07175306975841522,0.7586938651982855,0.4712821254112491,0.8561513210047287
322,0.2288951873779297,0.3891614435780225,0.05937199804691223,0.2586564162747318
3220,0.11367054283618927,0.710619978191944,0.5149012882282972,0.6733787753038395
3221,0.03986154869198799,0.8745565550521704,0.6765064489683776,0.8713145342908194
3222,0.06485889852046967,0.7495405621866733,0.44176235533338754,0.8388727955215105
3224,0.10341526567935944,0.53799891935141,0.12820344295961966,0.5759485864038908
3225,0.20954157412052155,0.6040734446339926,0.6468630148112892,0.5774405588120275
3227,0.1060430258512497,0.7927553037466237,0.6475866898620576,0.8440192660241033
3229,0.06474114209413528,0.6488299216596776,0.18866491501905674,0.6310019403762795
323,0.028752131387591362,0.5162675427955558,0.04706372204368396,0.40912801097002244
3231,0.06264298409223557,0.7629676239227441,0.46627749447910577,0.8332039968232535
3232,0.20316128432750702,0.45342741417892757,0.2801618176790847,0.42942521126553146
3233,0.23238299787044525,0.5494321346582473,0.5150517024001233,0.553843918113816
3234,0.11631756275892258,0.7194954879351951,0.3940426755992131,0.7983093735540303
3235,0.06454773247241974,0.8947443666151207,0.7196570912128405,0.8596115164208837
3236,0.44977784156799316,0.32126279695353954,0.2449344927706988,0.2848214775365084
3239,0.11852381378412247,0.8022500612248924,0.760105459352782,0.7886373068545312
324,0.127477765083313,0.6802472765875417,0.5898054220749137,0.8256742245602287
3240,0.21312452852725983,0.43501878306871744,0.2904880879406653,0.3374773875952536
3241,0.06892982870340347,0.660434596260766,0.4807159404532948,0.7851472959112591
3242,0.06622790545225143,0.8472450199847168,0.642805608012926,0.8950135006340919
3243,0.40444570779800415,0.3554768999807009,0.30394643223816675,0.3190892307250598
3244,0.10436199605464935,0.5217611353014845,0.3326562617601019,0.3881329101953266
3245,0.027207061648368835,0.5403076984676444,0.07708204329586248,0.576772308305868
3246,0.07304523885250092,0.875142846832071,0.6952338691993806,0.8593574904179804
3247,0.23560504615306854,0.5857450125640176,0.5673431850432892,0.49425768009495613
3248,0.06624235957860947,0.6995119754195178,0.3675611115634703,0.8453383661001495
3249,0.09859322756528854,0.6416387058700943,0.3560194191138323,0.8466056481528832
3250,0.05909302458167076,0.8640451741218853,0.6543813212753183,0.892460328668831
3251,0.05249805375933647,0.878440499812551,0.6561597387790338,0.8676161040300906
3252,0.21544912457466125,0.4466244877608121,0.3620241583223009,0.4447091775909371
3253,0.26092493534088135,0.4575044694200296,0.3955542857988622,0.4607037917444208
3254,0.2033478170633316,0.7165520861689367,0.7610985344940584,0.6904632682395373
3255,0.16115815937519073,0.7414068006382823,0.6609352092589567,0.7423356188648689
3257,0.046679891645908356,0.8562981670839304,0.6156731360104325,0.900769429312549
3258,0.15412011742591858,0.510612671466537,0.29581487754379,0.3761249532427706
3259,0.06958334892988205,0.5948190300210059,0.1993087672723105,0.5681487549250656
326,0.2151745706796646,0.5135499137809733,0.40006696613466286,0.4037274960749091
3261,0.069412000477314,0.9032400313677974,0.829060935402087,0.9004868556242069
3262,0.07610319554805756,0.7558960446899472,0.5834715226114661,0.7983500772333478
3263,0.16895340383052826,0.56335452355027,0.5144130913338587,0.5452579321367187
3264,0.10448044538497925,0.7745429646625022,0.47979788929992784,0.8161379395262028
3265,0.4261315166950226,0.2926785591696903,0.09445017582739404,0.2599439832550956
3266,0.24763935804367065,0.5974264161475686,0.6370428690325213,0.6247052230792806
3267,0.07598432153463364,0.5289489494974895,0.059045989065770535,0.3985285497843873
3269,0.06538695842027664,0.6694812620864696,0.4066625049525459,0.7575994027374149
327,0.09931440651416779,0.6685844940095935,0.5722019035139514,0.5632355619163482
3271,0.06891267001628876,0.8016569854753328,0.6511980708849435,0.8766730338354604
3272,0.06569647789001465,0.7269478338972941,0.5216851395821966,0.7314335393904763
3273,0.0814552828669548,0.8510672455354329,0.6463442330225689,0.8769269763706597
3274,0.18106609582901,0.5336623913270171,0.1761414809589622,0.5663450626676988
3276,0.11440353095531464,0.558414389634182,0.32098393688807203,0.6860206777519136
3277,0.1956452578306198,0.5646218643108458,0.5379604209297127,0.5643785163913629
3278,0.04604998975992203,0.6013776589911192,0.3417822638222117,0.48514480762747847
3279,0.02908419631421566,0.6636852069203993,0.10120384152253147,0.4919489291125388
3280,0.19691120088100433,0.6050977786297029,0.606921527826189,0.612068076867512
3281,0.08088690042495728,0.6478628121756294,0.27183058418484307,0.7367492594675791
3282,0.10566169023513794,0.7534544065267756,0.4778198878565813,0.8469538057581569
3283,0.13155898451805115,0.6915529224160528,0.5932643876444462,0.6495954090383268
3284,0.33504873514175415,0.527252026345548,0.5544646259575792,0.5009246615660445
3285,0.41850680112838745,0.4058463275999384,0.4722423825124475,0.3589978291630558
3286,0.09584856778383255,0.4538601652212883,0.019602504274262605,0.2515629978573703
3287,0.19669830799102783,0.5498304012536528,0.2893046584467448,0.6767023135829436
3289,0.10525645315647125,0.6349821133798167,0.26456313340795307,0.6685125342234356
329,0.07223964482545853,0.9022770663192221,0.8324125006405683,0.8717691475167706
3290,0.037140924483537674,0.8511224538446408,0.7357360346327833,0.8915322210573631
3291,0.23476117849349976,0.5531588893145751,0.4558654383394397,0.5097325748870161
3292,0.11384520679712296,0.4825572146905134,0.2558927922480207,0.35772410525329446
3293,0.08533642441034317,0.4570515205363567,0.002067490027979962,0.4409207670848453
3294,0.06924362480640411,0.7008114816878727,0.2935530791221655,0.7774535464647422
3295,0.1441367119550705,0.46000836592297495,0.06752288476884523,0.39589777439562146
3296,0.13850006461143494,0.75449527613655,0.7467352409871245,0.7572251490709968
3297,0.028322769328951836,0.5054748845679461,0.0545019187893395,0.31753287456954726
3299,0.2276902049779892,0.4797875703167766,0.4084662947601022,0.4561968775998186
330,0.17889563739299774,0.7511152742547065,0.7605477436437096,0.7311873038474737
3300,0.037094928324222565,0.8416092100423658,0.5733312477337436,0.8704986367055101
3301,0.04426705092191696,0.6990108235305825,0.23717020314543638,0.7395124580840186
3302,0.03008096106350422,0.8457119849515324,0.5024786427530324,0.878264309594374
3303,0.06838108599185944,0.6936494697514277,0.2639901089183173,0.711040320035545
3304,0.12679143249988556,0.718799596784776,0.6704483700931098,0.7149278194409789
3305,0.05921266973018646,0.5909428150576626,0.3472421767250579,0.4545958612348129
3306,0.2694114148616791,0.5075940390166402,0.5035000937196156,0.46411402172615235
3307,0.3665904402732849,0.38409568941261973,0.24790243722024638,0.31707395358208224
3308,0.05207779258489609,0.6671237761587941,0.24382659363059464,0.6272234541435733
3309,0.04583936184644699,0.8600403747789398,0.632963128746978,0.8962166539512701
3310,0.09295866638422012,0.7794697355074278,0.727304530270504,0.880385077525937
3311,0.1210976094007492,0.7089241202221175,0.530253543163544,0.6812429561231282
3312,0.0670919343829155,0.6708713372548412,0.5628484590514676,0.7690608170876967
3313,0.046176135540008545,0.49414974585403093,0.11107978299833521,0.29585622821987256
3314,0.08124621212482452,0.8930432532697266,0.6987073252734742,0.845135767502338
3315,0.1365126073360443,0.7481920669841742,0.7228825306580404,0.7501368748726682
3316,0.06938057392835617,0.7249693404524495,0.34583755400324984,0.7972237216271778
3318,0.3450163006782532,0.3887312924545063,0.3541865717087965,0.3445278611826802
3319,0.31294649839401245,0.3557690166117566,0.1438629051647132,0.2798366455586765
332,0.20060569047927856,0.7821360743213872,0.8555076083079284,0.7282148041603016
3320,0.08714769035577774,0.7340904419529672,0.39411658232896996,0.775602021669898
3321,0.03198234736919403,0.8673650113403155,0.611397299753739,0.9113036240657758
3322,0.06143078953027725,0.7941859259088297,0.625652361351603,0.8689908832548229
3325,0.10353410989046097,0.6041512568965782,0.1806245356417042,0.6023928712010043
3326,0.0655522271990776,0.7885960702463577,0.7677076152807353,0.808979544910931
3327,0.07381870597600937,0.8128092174672272,0.735437188085139,0.7891532845041469
3328,0.03054211288690567,0.6880014447832772,0.35328984071104985,0.8098476715830202
3329,0.07692725956439972,0.8783558156097635,0.7700239924692568,0.814661281330457
3330,0.30957022309303284,0.5410499233809776,0.6085406461055849,0.4781556008431421
3331,0.09187887609004974,0.7201792088033059,0.3338581327661317,0.7745740945630624
3332,0.07540424168109894,0.8011593798533807,0.48689113168774545,0.7920580325156182
3333,0.11735760420560837,0.6743089398059265,0.2772406229603119,0.7193236673968977
3334,0.03336220234632492,0.8370614052131713,0.516926701100329,0.7813374891414125
3335,0.11507702618837357,0.8135807868093354,0.5296397565566057,0.809963311456662
3336,0.0665895938873291,0.8346326309636642,0.5612559314297159,0.8810684618983282
3337,0.09108544886112213,0.6151593029192737,0.2092015942499298,0.6258919020247544
3338,0.039966732263565063,0.52182342141679,0.04460971890659358,0.33265814965797535
334,0.07404179126024246,0.8556880748285298,0.7747918071989731,0.8301406478969635
3340,0.15520724654197693,0.5179309001744706,0.29437556780149915,0.44570676648360963
3341,0.05672368034720421,0.6782977931862663,0.33632810192239554,0.7066455313613463
3342,0.09912700951099396,0.7572081938228001,0.47352824844699337,0.800935006151658
3343,0.07929222285747528,0.7761410768132553,0.662130225254903,0.7945344664890581
3344,0.023836415261030197,0.740486346652691,0.4106925618127989,0.7489955345387487
3345,0.05918681621551514,0.8162309338009318,0.6663249947412209,0.8385539219952913
3346,0.13325119018554688,0.6032497976096161,0.6139426228114755,0.6286671902976853
3347,0.04599124193191528,0.8596541953125947,0.5443415478856223,0.8557337375166467
3348,0.0406661294400692,0.8080827716714878,0.4606929210174022,0.8717561994672237
3349,0.09826334565877914,0.7708570125674781,0.6027236844334114,0.8236212137648902
3350,0.10494364798069,0.6941458393986806,0.3255654851552273,0.755936472317583
3351,0.041750773787498474,0.8029024620638663,0.481542102164827,0.8712937147872153
3352,0.026042427867650986,0.6271443572808352,0.25930619858054943,0.9130923739551764
3353,0.42697805166244507,0.49528507587119625,0.5354998077395993,0.38618126232695743
3354,0.033642932772636414,0.6552655787484234,0.16287842713137382,0.6586145577337347
3355,0.017268052324652672,0.6827727294185579,0.2755668120914737,0.8618722065978182
3356,0.43755194544792175,0.36380320312776426,0.44605094092060515,0.3732239400192222
3357,0.06153310462832451,0.7008994122300893,0.2758172176822102,0.72917580686374
3358,0.03458324819803238,0.525360526584443,0.07319753320978296,0.3807699838175791
3359,0.0704609602689743,0.7936599098453153,0.5147500945418443,0.8598342524330661
3360,0.0640447735786438,0.768841062063316,0.5956527340784011,0.8557062443508501
3361,0.027849020436406136,0.6276237687486192,0.15868186377304092,0.690097289618955
3362,0.07516814768314362,0.5592887975761516,0.15783244951189482,0.6326502465451072
3363,0.09558718651533127,0.752624599463315,0.7569777152647057,0.7507875905304389
3364,0.09750516712665558,0.7306365959657649,0.7396604361319062,0.7427695829514895
3365,0.07532892376184464,0.8098373116742177,0.7050719262163164,0.8787439636153016
3366,0.1547209769487381,0.7048372498716462,0.619804744233592,0.7300015381064093
3367,0.066054567694664,0.6547050665952641,0.15469780556725934,0.5539051217522838
3368,0.0743294209241867,0.8067217922286243,0.7139825301413836,0.8496805214156631
3369,0.08486653864383698,0.629641302976951,0.18334012626737053,0.6276695722403629
3371,0.11544041335582733,0.4322792140143278,0.0049676495855042885,0.34276523712856066
3372,0.15075749158859253,0.6764363639784795,0.6901407241125124,0.6519708830852443
3374,0.043157756328582764,0.8536466633122085,0.7272245069466291,0.8963076422814864
3376,0.22587856650352478,0.4392613840516975,0.38789981892622083,0.37301546668572494
3379,0.09903351217508316,0.8215213818818579,0.6727149076495469,0.7917846933323677
338,0.0513702817261219,0.76256241448401,0.37656978694066123,0.7739492234472373
3382,0.0926186740398407,0.7179495209979566,0.5658900090285974,0.7287437208629816
3384,0.055642031133174896,0.8946160646007845,0.751426077241283,0.8933979815245492
3386,0.03457854688167572,0.7302175704954407,0.31596245712538873,0.8268786428038325
3387,0.1948413997888565,0.6187651285927012,0.460089418854368,0.7050677971117293
3390,0.08843328803777695,0.4542003187478139,0.02779794925479672,0.4022139123280284
3391,0.1219213455915451,0.8328890200885359,0.713954897021783,0.8383757862313738
3392,0.08507153391838074,0.7203887738087504,0.5039256238267166,0.8050361658756603
3393,0.1686025708913803,0.645605169198546,0.5631229230635814,0.6675909684547414
3395,0.04547649249434471,0.7939393821355023,0.5103252774327837,0.8574593885269689
3396,0.06265277415513992,0.6717142442895706,0.38247297627230514,0.7562477044931462
3397,0.1287221610546112,0.7152243728041381,0.6867775194237727,0.7530543381248249
3398,0.06682481616735458,0.7405385632251545,0.6018606918276408,0.6697856285681993
3399,0.15145336091518402,0.6550728244230652,0.2579327034836749,0.6526527253851957
34,0.15921008586883545,0.5290941458738811,0.3237623223739676,0.42818694202279484
340,0.17075707018375397,0.7673141495460785,0.8214832799545188,0.7313659021428197
3400,0.016126766800880432,0.6764998833418573,0.2239818781029315,0.5929100417873842
3401,0.0770769864320755,0.6982250141477635,0.2926440410677266,0.7398132296813291
3402,0.3197841942310333,0.45439840463667114,0.4486863863786727,0.41694519775397015
3403,0.06712626665830612,0.6976382657949461,0.33571389665330326,0.794656732487889
3405,0.05820533260703087,0.7926740011865727,0.6261850969781072,0.8656057610875283
3406,0.09976173937320709,0.8060484503801161,0.7543540935691978,0.8552930875046719
3408,0.03427323326468468,0.8892610314938668,0.6182266948056891,0.91681354909964
3409,0.12891386449337006,0.5920787350824996,0.21092180937014743,0.6995874684071881
3410,0.10002835839986801,0.7669014735727719,0.6123439283640317,0.8011608954807308
3411,0.17946888506412506,0.6557041362526784,0.6690039445735462,0.7170395691361519
3412,0.16314741969108582,0.4990999084356507,0.3307115564645535,0.4871418439705927
3413,0.08531548827886581,0.721435375330024,0.3479253384695142,0.7127892160433892
3414,0.0671951100230217,0.7200924588974522,0.6633042685139099,0.7515905342289508
3415,0.03716526925563812,0.8833006631461607,0.5929582657095609,0.8960444411134425
3416,0.09373897314071655,0.7800742861600529,0.6179843907562309,0.8621759618446486
3418,0.2322254478931427,0.3857420696459214,0.02227793866514066,0.2522702267594724
3420,0.04289635643362999,0.6819534765241134,0.21380620424776559,0.6499419181221314
3421,0.0871850922703743,0.8146812880206484,0.698696981255423,0.8176617185378597
3422,0.09816836565732956,0.49189489796447966,0.09438371338205263,0.43545311166605905
3423,0.1024765893816948,0.7152503095904017,0.5866553076909914,0.8027060084597636
3424,0.10271070152521133,0.7126189362922624,0.6460675243192145,0.7343815588377178
3425,0.17540395259857178,0.5602110047918999,0.21856640808888597,0.6322952823409154
3426,0.06899140775203705,0.541609067540731,0.041298568626070425,0.5664166288316187
3427,0.10122616589069366,0.4712271907412521,0.020929975355680027,0.40358365309375555
3428,0.14029882848262787,0.6303317472273542,0.4479460271468635,0.5427820221459521
3430,0.23273006081581116,0.38973670818263983,0.09619809074435837,0.26850714688298066
3431,0.14810234308242798,0.6357116203652212,0.44174462350636157,0.7680142335975667
3432,0.16961340606212616,0.5099475335709075,0.22000120710529739,0.7581306052355323
3433,0.02754858322441578,0.8337646821852014,0.48677173070205904,0.8784008651432748
3434,0.027223793789744377,0.8733131102000558,0.5985769113638042,0.9209549964843013
3435,0.06367489695549011,0.6253973591563579,0.14182473926894212,0.5427447565078353
3436,0.1681888997554779,0.7525439028970036,0.7467260113390877,0.7099819524190356
3437,0.27238258719444275,0.5784201997367963,0.6447693329424469,0.5269891135044665
3438,0.07446449249982834,0.8105693846691711,0.604788616519696,0.7539887702625556
3439,0.04749441146850586,0.8133261338685184,0.5770128245345041,0.8543529795518807
344,0.07390094548463821,0.5997392120049725,0.09263461900218276,0.47717404127965135
3440,0.13221950829029083,0.5559355937076116,0.37370460304098696,0.5162095004367179
3441,0.07676644623279572,0.8997265090189241,0.8179604455388639,0.8691411965288878
3442,0.04326228052377701,0.836259610072614,0.7695939309177118,0.8750211627596794
3444,0.05779421702027321,0.5616806329954908,0.1089057760333503,0.6604928903244294
3445,0.09397518634796143,0.7137411219740124,0.6328483693488898,0.7410251034230857
3446,0.2502773404121399,0.4219423767710777,0.23075646218918763,0.4031459955667639
3447,0.047266505658626556,0.5203761943616958,0.03914349992581626,0.5997590834675336
3449,0.11396367847919464,0.5379825487019397,0.10427121640611205,0.48012833686769063
3450,0.0721573606133461,0.5101943803551013,0.0806445616857307,0.42377243692491307
3451,0.074417345225811,0.6725368687430119,0.46457085020990213,0.7126738212309454
3453,0.07027027755975723,0.5504559918300489,0.09148330898310617,0.45787087138724697
3454,0.18304111063480377,0.5888516932408188,0.30847705387217605,0.6420232909931778
3456,0.13080669939517975,0.6732888328474077,0.4833653870780877,0.6989230089069481
3457,0.04143136739730835,0.6378718924446265,0.2162973857304459,0.6836474187698623
3458,0.16594862937927246,0.7488910426279081,0.6148617760111594,0.7533788542607428
346,0.10582036525011063,0.5170418456717171,0.18577265759094266,0.6112237419004662
3460,0.09737427532672882,0.8827555698897481,0.8810228539018939,0.868499274434908
3461,0.1358969360589981,0.7722451424991263,0.7300809416878375,0.8150110846916128
3462,0.17820331454277039,0.46679847914806183,0.25410082315554156,0.47760389148888055
3463,0.02802768535912037,0.4782136919081422,0.002585186435448533,0.4356834884129657
3464,0.5022525191307068,0.3297695909969012,0.4730713268203034,0.3157157287199649
3466,0.1389336884021759,0.6453963758699935,0.496536565719374,0.719410286242962
3469,0.06453338265419006,0.7089961131902958,0.5711425190902293,0.7063195967912818
347,0.06284060329198837,0.7346611460290624,0.6053758759109333,0.72161896272225
3470,0.19823697209358215,0.6626675559781774,0.6443797871393159,0.6635154596804222
3471,0.18763987720012665,0.6185654839223276,0.44654038445135713,0.7484681270795508
3472,0.1993057280778885,0.5551941125692557,0.5699214685352919,0.507893953065691
3476,0.10525114834308624,0.6877324216888777,0.6449373175303535,0.7140969350245179
3478,0.065068319439888,0.5267320084647141,0.07657972408869947,0.6436509284319849
3479,0.0347747839987278,0.7530444280959658,0.45611382446350135,0.8898221545808371
3482,0.06816402077674866,0.7219113165177313,0.5478821277132502,0.7672335147846547
3483,0.14178597927093506,0.4270257024319953,0.015871456234615354,0.5025461262181707
3484,0.07148738950490952,0.7128255123861993,0.28328318411284936,0.6541903636374164
3485,0.06808439642190933,0.551159619944488,0.10970755942693432,0.5816252101913051
3486,0.03523177281022072,0.7430444321800604,0.38121887939221427,0.6772637279409156
3487,0.12023837864398956,0.6509077330928938,0.6482374894579426,0.6063119722029422
3488,0.05766545608639717,0.8485723056685538,0.7393936247618528,0.7513602110038019
3489,0.14546920359134674,0.7535732218289107,0.8021099833372414,0.7773194867790447
349,0.10447869449853897,0.7728004510221507,0.5537927816037742,0.7918721028422633
3490,0.10601606220006943,0.6758170751406529,0.45410667949294636,0.7651720910060601
3491,0.09707608819007874,0.7187811713746719,0.4693758261998349,0.7358451411131195
3492,0.1374753713607788,0.628650363692314,0.5646090027796576,0.6567842447702916
3493,0.0802563801407814,0.7478593705640171,0.4254668435154952,0.8071457079698053
3494,0.12563654780387878,0.7602957098416856,0.690164365872181,0.7215842427643444
3495,0.10960634052753448,0.6502952337477634,0.5112505094432637,0.5568367612349788
35,0.3173971474170685,0.4226285072896998,0.4115388770166141,0.3660033953993482
3500,0.06631151586771011,0.584490992934019,0.1752009672381454,0.5572494995184565
3504,0.18691758811473846,0.739820059944042,0.7031555120820235,0.7578302740010086
3505,0.03527545928955078,0.7760018346061253,0.5957530853465396,0.7561080956977744
3506,0.09780567139387131,0.7693689670542876,0.6445194858764214,0.8646582638644936
3509,0.10848469287157059,0.595356369277954,0.21209654432239058,0.6662777117126794
3510,0.10014582425355911,0.7487168848861603,0.6033503672591674,0.7362565058036181
3511,0.040938422083854675,0.7829217389355307,0.5113702106577992,0.8757071407623296
3512,0.16358582675457,0.5934830138368526,0.6045294160553065,0.6405222957870091
3513,0.08717944473028183,0.6019580195617403,0.4705643465115787,0.5416189706792292
3515,0.03474064916372299,0.6820960219173389,0.092320993927254,0.5537997118323895
3518,0.09729872643947601,0.7483088129500571,0.544463084543901,0.8370654545334738
3519,0.07998312264680862,0.5792645743693653,0.22760485523929552,0.6929743166977451
352,0.31090691685676575,0.36025102437479883,0.15279252996884557,0.28543811837959665
3520,0.05971647799015045,0.6219105183939398,0.20216469434512147,0.6680408492213494
3522,0.06264222413301468,0.8606363686489854,0.6166039521064869,0.8877656867704311
3523,0.03932682424783707,0.6451567806180036,0.3311848470317628,0.5350050631902975
3525,0.10091078281402588,0.8034479197857254,0.7580586812358756,0.8248430042888828
3527,0.06453610211610794,0.7387802237693107,0.6367021784383008,0.7459713415573075
3529,0.03343421220779419,0.4959339520906595,0.03800010239797098,0.2709968752494645
353,0.10083075612783432,0.675827239026882,0.5283514009214375,0.5959029560061107
3531,0.05677564814686775,0.84053769184991,0.5685621072313344,0.8657802799565184
3532,0.08606884628534317,0.7216265495026082,0.43309411496057415,0.8630366183461025
3533,0.12452492117881775,0.7880864141863564,0.6879343835821262,0.7489920582388829
3534,0.07400304079055786,0.5726029518700871,0.10577314929085273,0.47163817210268744
3535,0.03539671748876572,0.5865677258378605,0.09555918464262479,0.5975428647829677
3536,0.20366285741329193,0.4145158057099036,0.02531372904143712,0.30473209495435255
3537,0.0649639144539833,0.5536252741836597,0.10343077196077383,0.5646117781857282
3540,0.024059496819972992,0.7921376406404501,0.40760520979614084,0.7388397983593487
3543,0.03061271645128727,0.6853613931927522,0.20375349360818082,0.692698827809931
3544,0.10067085921764374,0.6607727507435588,0.5635858134427015,0.6768458808426875
3545,0.020237134769558907,0.7852717610869979,0.4481636192953528,0.7439998294321661
3546,0.10178353637456894,0.5134395333654472,0.3278474559152376,0.3845814960754691
3547,0.07143152505159378,0.5517506000719384,0.11160152782140688,0.6576368452434548
3548,0.058121323585510254,0.521549852039987,0.10542643770496365,0.35258385961262484
3549,0.03559934347867966,0.47373406422232145,0.017174989522187666,0.5454274875354946
3550,0.03126851096749306,0.4869879772808859,0.008684560570577968,0.5994044014587501
3551,0.1486416757106781,0.6230754023986467,0.2637163127363479,0.7094756810305329
3552,0.0739346370100975,0.7838915840874386,0.7330062982565552,0.8177694012958355
3553,0.01758810691535473,0.8672669199534186,0.6059934494701923,0.9022896824615817
3554,0.12499476224184036,0.5141412547841548,0.06775080686418658,0.4666244925408253
3557,0.03335807844996452,0.8709109748448083,0.6087154208894923,0.8990615564200939
3559,0.01191385556012392,0.506160972884219,0.006632161743753629,0.2867775172142659
3560,0.09932751208543777,0.836811763397433,0.8291445542759531,0.8143101701434641
3561,0.037520021200180054,0.8830851865317701,0.5826459321470205,0.879362799503324
3562,0.05437804013490677,0.515979023571793,0.07926589424162027,0.29533887224851907
3563,0.05932947248220444,0.8351016561921094,0.6212216405325969,0.8636224931838399
3564,0.10570766031742096,0.5284476661602242,0.08223054868981228,0.6382793468218105
3565,0.030077198520302773,0.8729348856552102,0.6043590766608171,0.8874671116951098
3567,0.050761494785547256,0.7800091432666871,0.4260102503176612,0.8200298225330335
3568,0.04845789074897766,0.5699302829077196,0.12234926063801851,0.5144605366853765
3569,0.042833440005779266,0.7534970570586916,0.5198799975266943,0.8650994761762971
3570,0.044157665222883224,0.5016065377359233,0.016486779681709737,0.4363982583424108
3572,0.05656185373663902,0.8547172849240281,0.6120890984878884,0.7740994581986176
3573,0.04012444242835045,0.8081333694395312,0.6097870472729309,0.8080094195507596
3575,0.011459260247647762,0.5102632914184713,0.010982031093324565,0.2749615432001995
3576,0.012652991339564323,0.500463426964855,0.010569718932989967,0.2530662740353131
3579,0.1225171759724617,0.6764378610882266,0.5518985188674541,0.7549149633184644
3581,0.06641341745853424,0.4845895085155383,0.03178027675995753,0.3481119022231923
3582,0.09306121617555618,0.7753184500525533,0.5339189488360407,0.8329120698331341
3583,0.12715278565883636,0.5316041659492964,0.14063773563550855,0.7501171233485737
3585,0.09177865087985992,0.6784055014637027,0.5323747183496642,0.7549400569139462
3586,0.05890766158699989,0.8040449151648771,0.587253030973054,0.8470544039003038
3587,0.19452664256095886,0.40761182155169756,0.07436451348233306,0.26362664365485144
3588,0.07875033468008041,0.7723379313785521,0.5140806451954176,0.8161762353595641
3589,0.0798351839184761,0.5311257306806642,0.033608169189263,0.3478340773188747
3590,0.02669522725045681,0.8983472326962998,0.5542043839758531,0.8811952233700571
3591,0.049488622695207596,0.654735761059459,0.30397356283146243,0.6084956977914284
3592,0.026951387524604797,0.5695363608446731,0.11984578561155661,0.5614287971537282
3593,0.058612629771232605,0.7876374869432905,0.5444960142715016,0.7626692950577418
3594,0.08977147936820984,0.5423986402951855,0.14970471234264635,0.7299422076446133
3595,0.007463258225470781,0.4983549756137547,0.0013299175436991145,0.252804453604646
3596,0.06373322010040283,0.7335653401624428,0.7195052777655194,0.765546921844942
3597,0.08146634697914124,0.8398707596423635,0.5939747592206956,0.8641312913288741
3598,0.040369633585214615,0.5932857870939707,0.15670863660507323,0.40746793217588584
3599,0.04255758598446846,0.6023875066499844,0.11041934615377895,0.5050395849645465
3600,0.018173296004533768,0.8444828561165879,0.4585431710428012,0.7982533968452685
3601,0.05799575522542,0.7160275290154836,0.5997923869239299,0.7465523944525861
3602,0.15508456528186798,0.5634177795624681,0.5334703714634691,0.4815087787083885
3603,0.09115127474069595,0.6536062011771291,0.6151042357499069,0.698193951958034
3605,0.11533710360527039,0.684486888532264,0.29797178212478653,0.6766548673597399
3606,0.11349428445100784,0.5905941591795025,0.5764098882891692,0.6972212948303108
3607,0.07743114978075027,0.5285678562270524,0.2625024179271075,0.39522680283661416
3608,0.08327185362577438,0.8146887989210907,0.6488066660635864,0.8673519488098854
3609,0.1396772712469101,0.44105758301560893,0.014102061789925359,0.2916467120844598
3610,0.056799955666065216,0.7257070445541842,0.46335511385293543,0.8461114198281618
3611,0.11858862638473511,0.7669659305708064,0.5879574902988938,0.6972110613747726
3613,0.02792883664369583,0.7260218258465302,0.2878447680018223,0.7832265619114704
3614,0.1042320653796196,0.7005663452001161,0.5896850701760533,0.7622687685817118
3617,0.0310081597417593,0.6772908977048253,0.33579376433614894,0.8147565144220961
3619,0.03525694087147713,0.8992320924605488,0.8000538731727851,0.922526793063027
3620,0.03145463392138481,0.6885356483617899,0.21268499551116446,0.7792934868458602
3622,0.09603539109230042,0.4982923816159762,0.08119214467956706,0.568597091017199
3625,0.12538239359855652,0.7309625652800218,0.5844141291017877,0.7737469848433649
3626,0.03765612840652466,0.8152696745677954,0.47719476905056135,0.8012442461239784
3627,0.15087728202342987,0.7040914526763968,0.6578689902900823,0.7097545054121195
3628,0.4658403992652893,0.3610784962423525,0.4569838836762429,0.3232605433726032
363,0.04980012774467468,0.8090831502411492,0.4270836299233738,0.8228203621762352
3630,0.046344269067049026,0.7421126032461707,0.39920351548645333,0.8685527699073537
3631,0.07012324780225754,0.6727184118228625,0.3125704743848161,0.7813471339831581
3632,0.01996169053018093,0.7980749335458339,0.471979423796131,0.8915459092271507
3633,0.07357773184776306,0.5355520845981405,0.09934441843572803,0.4716121194875762
3634,0.05599622800946236,0.6393364726158738,0.28656305626128575,0.8372489955983313
3635,0.06964196264743805,0.7930163173251453,0.5252376192046876,0.8506704144879584
3636,0.03973893076181412,0.8318548422940875,0.5293328195908568,0.8826563369457011
3637,0.04594619199633598,0.6814384896142155,0.41874309794719966,0.7868930070585796
3638,0.07787385582923889,0.8010070414005586,0.576118846309473,0.8841750969489696
3639,0.01260795071721077,0.49957231833572874,0.007305263042952878,0.25897961460510843
364,0.07061183452606201,0.46680215014284965,0.02510263113592533,0.2531155106899942
3640,0.08157967031002045,0.806434145154711,0.5528791086596194,0.8519107078266488
3642,0.05207682400941849,0.8365907604154276,0.5657511719466797,0.8728186619025946
3643,0.07092450559139252,0.7953669390700691,0.6040881879619375,0.8734775153400067
3644,0.12009941786527634,0.5387898334799925,0.15066984375600342,0.5181040366852777
3645,0.07658639550209045,0.4713206751822379,0.05860912943742141,0.2614404961012746
3646,0.13107123970985413,0.426954000916002,0.0008850198599242629,0.4451288168335569
3647,0.011706516146659851,0.5729907369256274,0.0749899920700846,0.6224512252799999
3648,0.09053835272789001,0.8165134035932315,0.5963214458223189,0.8307978055135932
3649,0.017613228410482407,0.7946176043627162,0.3420536358115135,0.7402831359645041
365,0.09060277044773102,0.8470687727379431,0.5891022884695386,0.8440195947018765
3650,0.1522766798734665,0.49837887565056077,0.11432525876790309,0.49673665750827445
3652,0.06748838722705841,0.5683053567611539,0.14048866627188755,0.5086829283841068
3653,0.08209880441427231,0.5915493859127179,0.23078430639911499,0.7566312162321227
3656,0.0505828931927681,0.5843457726481136,0.12726355797812586,0.6192380064428565
3659,0.0380559116601944,0.8535904285839426,0.5525862438910668,0.8330613375493517
366,0.06879179179668427,0.7329297465154015,0.40250799152103,0.8164817116006866
3660,0.04737037047743797,0.7846315346187718,0.30509344024944307,0.7648946267136169
3662,0.07455653697252274,0.6105180263871309,0.45271094926573,0.6209791077312843
3663,0.06602830439805984,0.8180306689455119,0.5370384680893171,0.8010153129453146
3666,0.0685218796133995,0.8021572072991006,0.69926716032561,0.7696823277315563
3668,0.21804961562156677,0.4121882374278098,0.19224851383398278,0.30175621490193855
3669,0.07208562642335892,0.8091237961708564,0.5557102629733068,0.8656306424797859
367,0.06118125095963478,0.8432980223526024,0.7179599491213465,0.8467251586791278
3671,0.100515216588974,0.45305319026029817,0.04106335117711057,0.2578566734619313
3674,0.06230282038450241,0.6638060756011928,0.36854961685008186,0.8407342010169176
3675,0.04726719483733177,0.8083337245476969,0.48144077648651584,0.8845168526057188
3676,0.07863284647464752,0.7603151457206863,0.40518263570986124,0.7655072116555991
3677,0.037507057189941406,0.7422080192277286,0.33361928499949406,0.8549209898996433
3678,0.040782518684864044,0.4869435877755673,0.03691885806652161,0.2974667156391676
3679,0.05753059312701225,0.8161532741944013,0.5291432909009727,0.7329009098355245
3680,0.02742152288556099,0.6220508668628097,0.16095376977822495,0.558345749083058
3682,0.18064841628074646,0.41883918564467526,0.10001636024239252,0.27211879263379635
3684,0.05228567495942116,0.8440037521910819,0.6711594695153896,0.9032288757419726
3686,0.0799836739897728,0.6704591029044291,0.3646720688304597,0.7280884356483416
3687,0.031800735741853714,0.758587121800687,0.43328477171417323,0.8230966147831371
3688,0.06815087795257568,0.8414581169523988,0.7302846985727297,0.8345023518282714
369,0.3063376843929291,0.38288272545532154,0.22776361605900058,0.31034795958074823
3690,0.05262022465467453,0.819472325714036,0.6773328197056457,0.80407196905922
3692,0.2900131344795227,0.3574248834044827,0.025475137192203744,0.25222223421051737
3693,0.1459653228521347,0.6758428823295658,0.6125380309934296,0.6669933242731767
3694,0.16238750517368317,0.6957383218132348,0.6358489552088763,0.6390382473599323
3695,0.08901127427816391,0.7502016265563667,0.6442734544615922,0.8178361599125817
3696,0.11159515380859375,0.7307482626365888,0.6286974898183146,0.8138546106878671
3698,0.06874433159828186,0.75519130468786,0.44810651841183524,0.8168287544406658
3699,0.01045083999633789,0.591777700611283,0.07347621975350076,0.5254363397581879
3701,0.015850763767957687,0.9093983555377576,0.6562185977038949,0.9206526406260428
3702,0.01921181008219719,0.7366083503370352,0.42509749927558804,0.6717651692194693
3703,0.04989839345216751,0.8611933954073909,0.5604881882204218,0.853117252925113
3704,0.16954141855239868,0.6414795196641929,0.6133980469398517,0.5595910019641663
3706,0.09363021701574326,0.7688608372491179,0.547920091307798,0.8461324118938783
3707,0.08909843116998672,0.7198048692339976,0.3465628516470671,0.7783946531774071
3708,0.09490494430065155,0.8700046355249365,0.7436735268118319,0.8517982035881786
3709,0.09752750396728516,0.4533236797745048,0.021584101185647426,0.2526600268529324
371,0.08269193768501282,0.6579352186784958,0.33579898082552434,0.7441958738919673
3710,0.23080800473690033,0.38936853421528095,0.06358438888007151,0.2604750730825174
3711,0.036116309463977814,0.8419607548099561,0.6240748336955835,0.914918684882306
3712,0.045680735260248184,0.8591393071468356,0.5450497731771249,0.8592762094656554
3713,0.06784617155790329,0.7837065213845213,0.6466248450773228,0.810806259870076
3714,0.04426101595163345,0.7390307373164864,0.543654064664998,0.8984073452284354
3715,0.09378020465373993,0.7961968094444278,0.5997719507060485,0.7885499214774243
3716,0.06697982549667358,0.6475303518682218,0.35142377293084565,0.7240915245200843
3717,0.09581433981657028,0.7312157139754556,0.5626624837749826,0.6501308325859106
3719,0.12503960728645325,0.631700082113374,0.35106547202655575,0.7673312358033562
3720,0.11809254437685013,0.7386809702807278,0.5958768409301723,0.7045467409434867
3721,0.060658592730760574,0.8013250399218583,0.5058959693451441,0.8657901535774695
3722,0.07830329984426498,0.6888194518436331,0.4423526275974907,0.8471205937184232
3723,0.021880272775888443,0.6633505060971179,0.09322132034060904,0.5527635733237997
3724,0.11038090288639069,0.5923352319317516,0.34355144514118663,0.7429007698347277
3726,0.0763702467083931,0.6415153772663107,0.24565987416406074,0.682100976057108
3727,0.01477667037397623,0.7782795151878619,0.4232005241214817,0.627608075765133
3728,0.19285337626934052,0.4902313039954951,0.3442217703441707,0.36886595144338674
3730,0.210042804479599,0.39748249216081283,0.02931571336604853,0.25433002742935573
3731,0.3143771290779114,0.3500100242095648,0.10448388069608537,0.26842611317671783
3732,0.23032410442829132,0.41995595214781906,0.28196262000242417,0.338721441542361
3733,0.27917441725730896,0.4604286203087545,0.3483962118978463,0.36814699418812635
3734,0.2716778814792633,0.3684638977065275,0.07721216188286922,0.26489011052672595
3735,0.058439817279577255,0.7426447580443565,0.30486907468234536,0.7674848664028395
3738,0.08874083310365677,0.6038369673617812,0.20529539150356224,0.6958517675019484
3739,0.1572457253932953,0.601501063994679,0.5943649369857873,0.5393383733592636
3740,0.045507486909627914,0.8909172681177029,0.7202813895123702,0.9272950435974598
3741,0.08692564815282822,0.7134650008398731,0.46134453506196466,0.8497694789376269
3744,0.05448310077190399,0.7512835903248153,0.41598666465702516,0.8255812224168639
3745,0.15823836624622345,0.4590141454077161,0.015771600189271047,0.498702702140249
3748,0.09908884763717651,0.5773697975499241,0.2893345285261982,0.591312309266348
3749,0.052057895809412,0.811377806476075,0.5784448906557673,0.8705249867829324
3750,0.10084318369626999,0.709560050789162,0.50997572538303,0.6568430966238633
3754,0.044231116771698,0.6327002533849875,0.2825747906894692,0.8749120468785392
3755,0.058201249688863754,0.7826472592175326,0.598147718933737,0.9052162069771912
3756,0.08892016857862473,0.7094302548247196,0.4269991626741721,0.814485444936353
3757,0.1072150245308876,0.6103143959559452,0.27923345101694974,0.7634909722802075
3758,0.09675486385822296,0.728627621871383,0.5855470186721302,0.8440814098887155
3759,0.06583581119775772,0.6045857319728343,0.18920251003145036,0.7667327307211297
376,0.03222093731164932,0.787013564480781,0.49255942165282157,0.8118763621746605
3760,0.17060451209545135,0.7400448754307825,0.667890126040172,0.7627787193669235
3763,0.1280871033668518,0.6359308367700969,0.4024264679833053,0.711694833099304
3764,0.06513958424329758,0.872316653694751,0.7840226490436679,0.9157449231039051
3765,0.20829829573631287,0.516325346085073,0.49439565426517273,0.4961042962202682
3767,0.11630753427743912,0.7301348492482633,0.607387717443558,0.6307892030494104
3768,0.1439400613307953,0.573336996525279,0.2642158605438069,0.7446149712916101
3770,0.08074536174535751,0.6715037278555915,0.4995373719656444,0.8347491397736309
3771,0.0738929882645607,0.6121042136567361,0.26116303397195495,0.8087405773704693
3773,0.21912305057048798,0.670697806736937,0.5821044298293685,0.6841568153446147
3774,0.1160401776432991,0.7287311145286134,0.7758652441486041,0.7435881356942026
3775,0.06870044022798538,0.538760568734856,0.06106078737241259,0.5959178405634958
3777,0.057570818811655045,0.7004965578319076,0.2865076726888015,0.7327659075517767
3778,0.07339316606521606,0.8495539257815734,0.7536260206326301,0.8918576971429499
3779,0.08294840157032013,0.6814584149597817,0.36410737478427546,0.8433114091792241
3780,0.07147606462240219,0.7206124742617477,0.3898882327586622,0.79989024855242
3781,0.08914356678724289,0.8169410790990084,0.6733714405681208,0.865150007846853
3782,0.12474405765533447,0.6386849131730834,0.2615711018359998,0.6614645016606648
3783,0.07618479430675507,0.7418392369133319,0.4504114478199593,0.7309826324080819
3784,0.14285381138324738,0.5875614713825601,0.26065449889512265,0.6940864584560675
3785,0.047374360263347626,0.8547656887819564,0.7079449244893734,0.921917687911238
3786,0.20200377702713013,0.625932769666034,0.5514739302385298,0.7515983813954075
3787,0.050113189965486526,0.7970885368778879,0.5324712455084029,0.8864541350326769
3788,0.2748776972293854,0.4940511596388783,0.48693821370317686,0.4261626131925249
3789,0.06947148591279984,0.7703365980881975,0.5534306600584651,0.8529446044404103
379,0.12708209455013275,0.7688618419038069,0.777432807755434,0.7305877963325863
3790,0.06602367013692856,0.5052170019046718,0.05313717766560917,0.49937549631889055
3791,0.11467957496643066,0.6377260521949277,0.2804131252899913,0.798831394136607
3792,0.1012236699461937,0.6644081789941527,0.28334338002690945,0.7055974563435096
3793,0.06537419557571411,0.8100175539425356,0.5442342337718704,0.8784208216756823
3794,0.10239548981189728,0.6950468781816029,0.46167325998128367,0.8136958138582071
3797,0.09253132343292236,0.7362439624386561,0.46691470858741324,0.7998786391166619
3798,0.042433787137269974,0.7203697294451703,0.37886570348302606,0.8794186643285641
38,0.1051919162273407,0.8427546051531285,0.6759219072998163,0.7885687138435771
3800,0.11681398749351501,0.6984211088297515,0.35717268165858646,0.745285248390319
3801,0.04384515434503555,0.9126180851257141,0.7169555640249327,0.8770332131318364
3802,0.10741297900676727,0.7627816604634899,0.5338321776208873,0.848697695549887
3804,0.06319168955087662,0.747260688020142,0.3878839258155495,0.7952486205110058
3805,0.13498654961585999,0.7312373003525112,0.6978366070373154,0.7431709137693814
3807,0.03242123872041702,0.7120540763698995,0.35579582871957866,0.872228904511631
3808,0.05933460220694542,0.6260498444763031,0.40370208920845757,0.6993768809953869
3812,0.08122794330120087,0.7514615714931353,0.44075882082747275,0.8614106005252499
3813,0.05801274999976158,0.8444191241476318,0.6512067130082896,0.893906291467508
3814,0.07167895883321762,0.8392668338016565,0.5708769082393884,0.8132680945628998
3815,0.07171680778265,0.7282571182384643,0.4814730359565751,0.8442113126566708
3816,0.16394011676311493,0.7918959837886037,0.832431900243101,0.7756643764938576
3817,0.07407217472791672,0.7230926420072115,0.463599072073558,0.7997987046218733
3818,0.04980750009417534,0.6612826928121245,0.34938683289601624,0.8573448247519686
3819,0.15944916009902954,0.6778302502388002,0.43134461302475513,0.6788804011603686
382,0.11223037540912628,0.7708040747551139,0.7215107737356536,0.7449079134175387
3820,0.046616874635219574,0.8965722956668598,0.74421928160199,0.8935649690491154
3821,0.056450922042131424,0.736314095137001,0.4429411280367763,0.9066401602198186
3822,0.20196223258972168,0.4470877045031487,0.3485793867356166,0.3685047242110131
3823,0.08376452326774597,0.8436454908782188,0.79364473675437,0.8745570665396963
3825,0.07671276479959488,0.6931169457686909,0.5379050210298709,0.7836240013616933
3827,0.09194101393222809,0.6694666486305536,0.2802116491227761,0.6614166287212393
3828,0.05338256061077118,0.5817634196457275,0.2036043642308829,0.6062099409645647
383,0.10436060279607773,0.7769001383854689,0.471568655116656,0.8014498644761453
3830,0.09915131330490112,0.8103410320548777,0.7238178231252888,0.8314533379776761
3833,0.0771208107471466,0.7951160925629221,0.5881727486272198,0.8706496993167913
3834,0.07573207467794418,0.6182469415135166,0.29331945621677286,0.8393925354381591
3836,0.04054646193981171,0.8359455133464009,0.7303789453961258,0.9007562733723877
3837,0.05253076180815697,0.5743791791612813,0.08969605891702524,0.6547003975522536
3839,0.1449027955532074,0.7327257638259808,0.4881899495356916,0.6715345227643441
3840,0.10896892845630646,0.45317749957307946,0.09135718292852728,0.27448427063789516
3841,0.2742522656917572,0.4874523031554183,0.44407319125810324,0.5914881075623952
3842,0.0796770453453064,0.8598432188105989,0.7775057625692104,0.8672575698101763
3843,0.1812935322523117,0.7362841198089576,0.7042162920295553,0.724955144567611
3844,0.12260717898607254,0.5871588662984649,0.26256813742829854,0.7829982201786616
3845,0.08476105332374573,0.7203603427064453,0.49786321763201025,0.8913002408349184
3846,0.07209364324808121,0.7293917198285629,0.3974899468703829,0.7839086850218656
3847,0.03355379402637482,0.7337070404981989,0.502950779470546,0.8003668051190994
3852,0.10508370399475098,0.8210730930130018,0.7569896936848091,0.8643319433864127
3855,0.09411944448947906,0.6216752848829643,0.4749930256256048,0.511199952840689
3856,0.134403258562088,0.5604294005647127,0.17304568594206898,0.6481120063930167
3857,0.10844555497169495,0.626753707191641,0.4285107736441104,0.7944926909442698
3858,0.05695357173681259,0.7481354239748526,0.343864022565826,0.7910688466137223
3861,0.13626088201999664,0.6080988542386544,0.3824916957419869,0.7669782883962886
3863,0.07718922942876816,0.6642202839835969,0.5138900435497739,0.6585631666535355
3866,0.10207139700651169,0.6187183305136452,0.3553997980356727,0.8521418929966598
3867,0.07847893983125687,0.8804671369413148,0.8255862324812226,0.8266471216476388
3868,0.047036703675985336,0.8982987143598016,0.7959556539318071,0.8950886356590749
3869,0.22727715969085693,0.6290605013360354,0.6133257245771877,0.626104206318705
387,0.11825494468212128,0.760148063315385,0.7281388334782255,0.7112611085439651
3870,0.119534932076931,0.7813426985955542,0.6722959412330174,0.8217386181804336
3871,0.08853399008512497,0.8375730754246297,0.7625200537819008,0.8263120256254197
3872,0.05215800181031227,0.7149743858273325,0.34346524529898903,0.8099983229268973
3874,0.039089661091566086,0.499404722254734,0.05770217494215825,0.7192354512252827
3875,0.05177083984017372,0.7628887342312549,0.5914375179065242,0.8539349343575466
3876,0.03870759531855583,0.7172575744577723,0.35695350522344654,0.7938801563862723
3877,0.10251931101083755,0.6731903559919633,0.44487878748695553,0.8216771074344232
3878,0.04405967891216278,0.7004358393820299,0.31981776541015106,0.6670732065765383
3879,0.07082609087228775,0.7531640951647427,0.6055086900277697,0.8447667497544782
388,0.2129060924053192,0.5146624435417764,0.5281541152981397,0.45685942057761286
3880,0.047668300569057465,0.7985013483607781,0.6170357982900602,0.8970163212976578
3881,0.02353043667972088,0.6699561771077176,0.18414398470330878,0.6430150443724141
3882,0.09428480267524719,0.6520777523214423,0.11448684150319115,0.4776649523302545
3883,0.06280449032783508,0.8200013253145408,0.7114372795704181,0.9044074336661956
3886,0.06336124986410141,0.6130751929438837,0.10625430966374355,0.4865505082465274
3887,0.09995792806148529,0.47057366661606176,0.006075947708556172,0.3174318330965781
3888,0.09071460366249084,0.752951947045416,0.5506633546248512,0.8679761818950591
3889,0.06702785938978195,0.8796132060640844,0.6527196425285158,0.8769480459911209
389,0.21432146430015564,0.4076051819276391,0.1203669679122002,0.27726103242419514
3892,0.3095845580101013,0.3589716400725843,0.17808689137028674,0.28536201004709305
3893,0.08989717811346054,0.6985698794815529,0.5154788535680469,0.8762412283336142
3894,0.23914945125579834,0.5371052404257035,0.30243008816021955,0.5161265578224433
3895,0.06310531497001648,0.7394106383762178,0.5901062873369207,0.8502434751528574
3897,0.1095341220498085,0.581692063577438,0.1821683067038501,0.5435681760059836
390,0.04404696822166443,0.9305735264685829,0.8483780137842273,0.9186390262944925
3901,0.17839248478412628,0.633390125069984,0.4761043748814303,0.5449954518057714
3903,0.11623004823923111,0.7880724613943232,0.6353888186709715,0.8033801657825026
3905,0.08533138781785965,0.7853666570294948,0.6638183345893042,0.8391377532796218
3906,0.21493200957775116,0.43655133887595304,0.33461511350775297,0.3496987706620785
3907,0.10397480428218842,0.7088059816804511,0.46839667354305314,0.8268891305376598
3908,0.08821531385183334,0.5750409305354464,0.3641859817424501,0.5349142287434973
3909,0.23250870406627655,0.5713160280207328,0.47818433763171836,0.4963779467219148
391,0.11580031365156174,0.8476201689619463,0.8272241530869833,0.817847463168085
3910,0.041373360902071,0.7062000505251096,0.361486747747769,0.8113808154962866
3911,0.05790747329592705,0.6917540200407415,0.5444573708928784,0.6691342457226312
3912,0.08346840739250183,0.820048180224479,0.5277593299684624,0.8038488268112916
3915,0.05039132758975029,0.7139770937631005,0.3952400748754245,0.8588881132308334
3916,0.15674257278442383,0.7085681869102742,0.6131051284057917,0.784560657940726
3917,0.23918567597866058,0.6249733586454113,0.7144063899099545,0.6533284318260657
3918,0.09941412508487701,0.7487443544954351,0.6580196087281989,0.8714695817279283
3919,0.08887854963541031,0.7357220981368667,0.3137586829610758,0.7535518457385237
3920,0.15949083864688873,0.6324246399950629,0.49821195177951716,0.8066039805026409
3921,0.16747452318668365,0.46113766891202146,0.15907178339153025,0.34225249681028413
3923,0.2702571749687195,0.3749106933633723,0.14466699791608298,0.28006602882261566
3924,0.08336685597896576,0.7373457334076394,0.47632630154138084,0.8533482599447313
3925,0.04366685077548027,0.8977197054035736,0.7384621145221731,0.9034417953698033
3926,0.05967708304524422,0.6726776488634685,0.34087101115985885,0.8381633672355098
3927,0.06767642498016357,0.7828935430589852,0.45461638871793414,0.8361059422080465
3928,0.04873992130160332,0.6745807954069385,0.29673428019170783,0.7633280270417573
3929,0.1585831493139267,0.723149565470508,0.6717368026621094,0.7068347287166168
393,0.046075522899627686,0.785819890040238,0.39191550395304475,0.8241055164484384
3931,0.03547709062695503,0.8023805844999119,0.5456150203632648,0.8275736536273381
3933,0.0999198704957962,0.6933072787952003,0.39986376080841385,0.7682304224179872
3934,0.06983538717031479,0.8031730197903182,0.6202185848334042,0.841250507180669
3935,0.2885333001613617,0.5962866371209756,0.6233928347592529,0.6286469073504433
3936,0.08765886723995209,0.7539618834824362,0.5459789454395818,0.8630120674168141
3937,0.2176789790391922,0.7162656262585372,0.7762163896973636,0.6826526553302941
394,0.047297876328229904,0.699268604169923,0.3416388987613086,0.828079553967088
3941,0.06389643996953964,0.7182601059411735,0.5506924054299737,0.833206989682424
3942,0.08412915468215942,0.8057582999339282,0.6833820482573754,0.87192496487921
3943,0.07421470433473587,0.7603163848201483,0.4328875515507977,0.8676418194797125
3944,0.017247021198272705,0.8266225996144452,0.37917132085125954,0.8253458182481221
3949,0.08085793256759644,0.6431612701044116,0.3196086748318084,0.8239901516230456
395,0.2351328581571579,0.5183134723555303,0.38372756250071366,0.39679667992151835
3951,0.11085179448127747,0.7807707459455762,0.7594654869062745,0.8193500615996959
3952,0.06730455160140991,0.807252034820543,0.7496750365503251,0.8397168550205091
3954,0.0793936550617218,0.5320669571269755,0.10419783519476573,0.4761846866808992
3955,0.12257828563451767,0.7508092076326125,0.7126639070006018,0.7270264565546226
3956,0.06550025194883347,0.8249251973120074,0.6064396952397751,0.8834298068605406
3957,0.15350955724716187,0.6540706286955641,0.5943286922966757,0.5875549585203934
3958,0.204751655459404,0.5918350509900205,0.4524600604676811,0.7471537225797684
3959,0.028369300067424774,0.7591992564804374,0.37620024320244105,0.8373439848045703
396,0.0952320396900177,0.8434888320269331,0.6994835346064588,0.8520871817276189
3960,0.10169821232557297,0.5872575793736321,0.20608452581242592,0.6488775294739924
3961,0.13823749125003815,0.5035756301717402,0.19345366303026804,0.7264608146753904
3962,0.04850258678197861,0.6060967047450565,0.1639303482367011,0.6208895145905129
3963,0.14069481194019318,0.8024407214682239,0.816925805462992,0.8039735108720611
3964,0.047816645354032516,0.6719927268989281,0.2724574466576502,0.7183758459469703
3967,0.07985047250986099,0.6239143551160402,0.27147696865808607,0.6631342724163484
3968,0.0392901711165905,0.5993046542638845,0.1594091912323468,0.42766068890950004
3970,0.04754050076007843,0.892937077417697,0.7598271073759651,0.9325102556232572
3972,0.1380557119846344,0.577120019741286,0.2770705048749098,0.536492239537663
3975,0.030122796073555946,0.7902872848324365,0.5412538707841802,0.8242492161553305
3976,0.14085343480110168,0.646739201785558,0.6387800493534561,0.6587352168420004
3977,0.04203213006258011,0.7594583096247416,0.49137502297307906,0.8290396903285808
3978,0.1634141504764557,0.5645370770934277,0.22811905491222348,0.752943065014125
3979,0.054076600819826126,0.7767280795444235,0.4776255204637616,0.891870931807262
398,0.10367220640182495,0.7299571845749249,0.43830374301773967,0.8028140115855376
3980,0.039881445467472076,0.6389345523312262,0.24422892966363627,0.7453052220971703
3981,0.13242535293102264,0.6826954330508732,0.4224665295873356,0.8017238183871914
3983,0.058551061898469925,0.6581394431442092,0.3081160538116459,0.778463968112105
3984,0.06683984398841858,0.8294408965217897,0.7074088378938348,0.9047725916095672
3986,0.03758838027715683,0.7466859210792419,0.40410694498095145,0.870038177246605
3987,0.07909619808197021,0.6605988274662484,0.5169403012453588,0.6323289836708018
3988,0.03602510318160057,0.678597630939354,0.2964636278674068,0.8087389707262236
3989,0.1560368537902832,0.5974122609193855,0.4276533141801628,0.6320727192889971
399,0.05850384384393692,0.843860303891634,0.5401187330480293,0.7821316875972135
3990,0.037248171865940094,0.5625227065245202,0.0825670838651984,0.5346835372539331
3991,0.10044501721858978,0.5653229123979933,0.17479884022081285,0.5747870495435707
3992,0.041691944003105164,0.6826406163798476,0.2743110688272209,0.7287569669750613
3994,0.07111227512359619,0.776783585369966,0.49283798530542566,0.8539090089525543
3995,0.0683826133608818,0.5764891485074906,0.14903292877905552,0.765513548316996
3996,0.15934447944164276,0.5428100991477598,0.34764047738373194,0.3833202479670178
3997,0.049982212483882904,0.5673527516213177,0.1306120310161021,0.5582709343056094
400,0.3342021405696869,0.545620058811721,0.6431775270113373,0.4688052146987815
4000,0.07127220183610916,0.6887327671054317,0.3759110449889847,0.8334157407047451
4001,0.18773099780082703,0.7161469265823737,0.658375363516683,0.72005901580685
4002,0.17889191210269928,0.46029826149766867,0.2944765330619709,0.36097739685465824
4003,0.07732158899307251,0.8911658212843003,0.7534938886626186,0.8894486923320145
4004,0.1746622622013092,0.4267653173199558,0.11083047706943702,0.7066243378030436
4006,0.08541405200958252,0.8463179572603048,0.6782542557905838,0.8598391179271029
4008,0.12345780432224274,0.5474673593082648,0.09491624788600457,0.5708637473412043
4009,0.23794272541999817,0.6717060063839619,0.7607465379928172,0.6247311160597235
401,0.07788999378681183,0.6981799309327379,0.35455325148626204,0.7526915158703484
4010,0.34847500920295715,0.35669456379040404,0.1847402318355148,0.29184668569399663
4011,0.10020554810762405,0.8120825564593357,0.6181005911258555,0.8448690916253064
4013,0.33779942989349365,0.5071079079348702,0.5416042734155688,0.5221117039843639
4014,0.2384428083896637,0.663788138685145,0.738940157905247,0.6244109654827876
4015,0.19239893555641174,0.658581561940471,0.6219826028548247,0.6024153851742999
4016,0.17070451378822327,0.7453772923502553,0.764717541201958,0.7329004045063962
4018,0.4042344391345978,0.46639636434154763,0.526116737709087,0.38921281584401707
402,0.23245610296726227,0.6175808549866607,0.6078958324562618,0.5023179414438887
4020,0.07617036253213882,0.8856378545749604,0.7961690391974504,0.8829566398434887
4021,0.19209903478622437,0.42231475718293643,0.198446137691314,0.30175690005280703
4025,0.10044794529676437,0.8050861905684736,0.7223669068368351,0.7999897043863049
4026,0.14329688251018524,0.5943242085087826,0.5829090975396239,0.5472583218182369
4027,0.1553909033536911,0.8074060281763643,0.7873722622821077,0.7567617813224027
4028,0.5357069373130798,0.28982266610082585,0.31840462456498947,0.2791177229376462
4029,0.1032208800315857,0.662108135944864,0.4830910123769146,0.8515641328573327
4030,0.43824291229248047,0.3792960769373021,0.522420812074379,0.3589144776591603
4031,0.1282465010881424,0.7957205200536421,0.6130548670784679,0.8195416374545669
4032,0.1769809126853943,0.41444470169845377,0.034483970620739,0.2532697525293561
4033,0.18972963094711304,0.49723199418374664,0.3203810778427271,0.6885222721558885
4034,0.09376133233308792,0.6478625278578612,0.2887650855325766,0.6811834478379308
4036,0.09352123737335205,0.7008756736703599,0.5019394162509789,0.8496518804349553
4038,0.11293423920869827,0.8311841443238208,0.8102543068219425,0.7628739979016432
404,0.18990936875343323,0.5493147622831893,0.2511762393437553,0.69076193923473
4040,0.16282162070274353,0.7753944390165729,0.8442926932598666,0.759053008430596
4041,0.2223152071237564,0.41282503975333285,0.2665461407785513,0.3639493839854918
4042,0.4928545653820038,0.40401880011258917,0.5701414545014837,0.3357552951739607
4043,0.16432778537273407,0.4223953989363432,0.0426044314720208,0.2559588684249947
4044,0.16746775805950165,0.6953386601102345,0.4395811322669272,0.7630408034087461
4045,0.2186901569366455,0.40520506903446707,0.12988639420930664,0.2825217211584029
4046,0.297078400850296,0.6664223391649056,0.8407413741747681,0.6025027943972148
405,0.314247190952301,0.42560481675367606,0.47875516467435225,0.3969583946033966
4050,0.13451939821243286,0.8006150974467243,0.6627168922818918,0.8193792505835304
4051,0.36562201380729675,0.5462813947606046,0.657470536971437,0.45583837438652913
4052,0.20593364536762238,0.4953000778894594,0.35228529843925505,0.6308910993232668
4054,0.4802491068840027,0.4818842995348893,0.6628034042614402,0.3588925750375553
4055,0.22422927618026733,0.6510462103572394,0.6717137806971667,0.6567419913786976
4056,0.2957070767879486,0.5873027525912935,0.6397137990549885,0.5570506949916332
4057,0.3053610324859619,0.36150364691690956,0.15882294381578274,0.28349213493265357
4058,0.2491408884525299,0.620423635057534,0.6796969869157597,0.5507017697060346
4059,0.15077939629554749,0.638795874392426,0.31613334450930497,0.7553156562498533
406,0.053627099841833115,0.8505351940451973,0.6285723990042507,0.894365118177786
4061,0.12233642488718033,0.8402719289886518,0.8625066853498822,0.8075223703377354
4062,0.12580963969230652,0.6455165007522107,0.5440810085072596,0.5437044616758513
4063,0.10872432589530945,0.860192114713665,0.7757638152966224,0.80080895803724
4064,0.10870549827814102,0.8112566120589161,0.585339682489667,0.8173610463574479
4065,0.13353727757930756,0.7195371267428905,0.47597859356311156,0.7332653524296616
4067,0.4349282383918762,0.3044382426363206,0.18666893706991172,0.27954021190826894
4068,0.0362430103123188,0.9238048039204982,0.798210741734153,0.941811318822661
4069,0.06649410724639893,0.8661898143863213,0.7424200366811189,0.8621306028788258
4070,0.1116710975766182,0.6688753622826634,0.5018943410822632,0.6690527021579071
4071,0.3630153238773346,0.4163286977853672,0.46274373747050923,0.37591192021456626
4072,0.08256790041923523,0.7907953642863905,0.5233269048637765,0.8612218907683609
4073,0.3891391456127167,0.43093466408660697,0.4020476664342884,0.38726377676960066
4074,0.08002108335494995,0.7797124034109228,0.6535561854747638,0.8374668668704075
4075,0.010680481791496277,0.499556797735688,0.005835855833991993,0.2537033202838005
4076,0.13887812197208405,0.7676973139181092,0.7419763053639526,0.711795564920865
4079,0.1340244859457016,0.6805439402012063,0.6795275016425126,0.6453284548269993
408,0.08566181361675262,0.8243717576213262,0.6594180276732399,0.8663287172710786
4080,0.15661688148975372,0.6106866214294653,0.5205627713592282,0.597561458797018
4081,0.17170797288417816,0.7223321406139156,0.7521081460123732,0.6886504077856878
4082,0.08110717684030533,0.5656532928636626,0.11712224420976461,0.4943616894123573
4083,0.17876359820365906,0.7344696613876143,0.7817784964791347,0.7176565204042745
4084,0.10644792765378952,0.8347326225906992,0.7774279584804521,0.854070155398219
4085,0.33438870310783386,0.33904968032863086,0.10804449669856878,0.2770669926598555
4086,0.20175231993198395,0.40063013932077773,0.014609006954698774,0.2514471889007156
4087,0.0990872010588646,0.7835449353035326,0.5135309432260452,0.812487230011327
409,0.05442819744348526,0.8970475809734424,0.8606445219456651,0.8792213165993243
4090,0.09080422669649124,0.8193505385224777,0.6648430960576297,0.8545918631315431
4091,0.10946141183376312,0.7193513833939469,0.40605569039981276,0.7563401831402716
4092,0.17204920947551727,0.4132675925311128,0.042757052261608954,0.6766087942767349
4094,0.21481987833976746,0.6782910831173423,0.7540455092936365,0.6451827225191871
4095,0.10997814685106277,0.7766018894792899,0.5236613786596489,0.8298019537243404
4096,0.41830456256866455,0.499665953489546,0.6960158946409553,0.4329870645951384
4097,0.12066483497619629,0.7576166767951505,0.68464187639987,0.7446929974347912
4098,0.07957916706800461,0.8075991275934478,0.7138623001374313,0.8313874297802322
4099,0.31874746084213257,0.4901860500606997,0.4422847625180139,0.3853678241041531
410,0.12273421883583069,0.8707641905125655,0.8717264663094259,0.814310286716708
4100,0.21186481416225433,0.5680374509305798,0.41921858818508045,0.5834799149479639
4101,0.1520780622959137,0.7175611631318521,0.7581491518325141,0.71717430800725
4103,0.32713499665260315,0.5874784657216812,0.7551329367941116,0.555921578173759
4104,0.08777321130037308,0.7586558554475746,0.5789821683314316,0.8803824182449931
4105,0.12632375955581665,0.47800610953294337,0.024143776868511647,0.33198753672481923
4106,0.2941782474517822,0.392088753852306,0.29547825165754216,0.3325996444247525
4107,0.06774117052555084,0.6037994761248558,0.08128794739651982,0.5194909162630422
4108,0.5463281869888306,0.3489724347888603,0.5294371739493722,0.27329294653847624
4109,0.14079953730106354,0.5896112402059202,0.1752535953877224,0.6238843009487187
4110,0.07427437603473663,0.796806488556493,0.5935710184259002,0.8652205022590185
4111,0.2811192572116852,0.6082666046005349,0.6580405794066057,0.5625723330332406
4113,0.09937945753335953,0.7078949354242372,0.39863568602394217,0.7921996055067413
4114,0.2915704548358917,0.36212450515950334,0.09989749508182746,0.2683746379097389
4115,0.08042508363723755,0.5935450831936235,0.09756374979081517,0.5807383655895095
4116,0.14253392815589905,0.5738681803275005,0.17946028409228565,0.6218902017042902
4117,0.07934625446796417,0.6592896794221489,0.2964691212882147,0.7472994582598661
4118,0.5524600744247437,0.26297855289559996,0.31084007847878903,0.281477264381147
4119,0.17253585159778595,0.7903262222146581,0.8307403909960718,0.752092388722337
412,0.10201916843652725,0.6591453504720575,0.34105726111002,0.7677692560779916
4120,0.14580458402633667,0.5808512575732117,0.2547186809831034,0.7270401606334641
4122,0.11425784230232239,0.8212822222571878,0.6878728673336415,0.8473746176955216
4123,0.3227560222148895,0.5442285720271284,0.647146022051395,0.4902853588404501
4124,0.08073213696479797,0.7159697171028618,0.4410425287316993,0.8310070211444796
4125,0.10139898955821991,0.859603472913244,0.7672217677316595,0.8407387715801091
4126,0.15338902175426483,0.6427552109998586,0.3345070678723151,0.7549913680600544
4127,0.06869754940271378,0.8333099232999364,0.5701989502285133,0.8648561182144433
4128,0.12204881012439728,0.7612162276917553,0.5385010824918005,0.8351734444557597
4129,0.1630413681268692,0.5162123978155579,0.1820875039566673,0.700806163864701
413,0.08896677196025848,0.8186488012302386,0.8042704803668337,0.8336092723245633
4130,0.3010319769382477,0.3804551536794865,0.2482851292445013,0.3120562337796172
4132,0.14404134452342987,0.6571881152229281,0.6224337723303908,0.5686163890005318
4133,0.3817841708660126,0.33740310320693806,0.2569621720750935,0.30807596762796785
4135,0.19546838104724884,0.7375209961575167,0.7969183256815632,0.7128663199244604
4137,0.4641306400299072,0.47554704160241645,0.7409453189342379,0.37080065578682264
4138,0.16442669928073883,0.5918310964142596,0.5411383054115473,0.619827917614659
4139,0.2663203179836273,0.5628985136260596,0.41207956751835356,0.5572670587230941
414,0.14547009766101837,0.7984703137357197,0.7821321221462784,0.7561383200489006
4140,0.10489078611135483,0.4561296301150083,0.06432460038500942,0.7688889047766087
4141,0.29713931679725647,0.47404129182544485,0.519176994370747,0.42200249578475796
4144,0.23838333785533905,0.4305151874480818,0.3686419822599852,0.3667481268946705
4146,0.07760162651538849,0.7825277280652979,0.6462138800740709,0.739532442619116
4147,0.11816094815731049,0.6428655725798261,0.4964986625978953,0.5115126955134819
4148,0.1331709623336792,0.559594386272864,0.43099767377838366,0.6939847994219195
4151,0.06528393924236298,0.8547681204532753,0.6055227089493564,0.8854624998743306
4152,0.07025212794542313,0.7305490633597048,0.46409887148910595,0.8872542971609685
4153,0.18272259831428528,0.6923899529908826,0.5913301919827721,0.5971535110247922
4155,0.2764699459075928,0.6110310164987963,0.715536198827766,0.5628308994047083
4156,0.243440181016922,0.4629908200666222,0.23513320492091586,0.3698110102581469
4157,0.11711946874856949,0.7483006147120707,0.625138513906416,0.7873979393955444
4159,0.11425511538982391,0.7146912260397709,0.7635481160012106,0.7749787312992114
4160,0.08698108792304993,0.8418355355772211,0.7123634864474875,0.8246387506432309
4163,0.1001734808087349,0.6500008971038822,0.3802618219605407,0.6542414207795435
4164,0.11126929521560669,0.7130156868970561,0.4735088641660606,0.6138151162210281
4165,0.10392288863658905,0.6972824410636682,0.6183695110589456,0.6906211492775814
4166,0.06787332147359848,0.8518857414509928,0.6917505734878912,0.900684610065338
4168,0.07996489852666855,0.8301943003517831,0.7267522020279387,0.8658066579806448
417,0.19954150915145874,0.651105195777279,0.5556034270195885,0.650819919866219
4170,0.09561434388160706,0.8316981521199704,0.8061474825842121,0.8076747643041127
4175,0.05652123689651489,0.8159797851337702,0.6499930282163832,0.8708689775002938
4178,0.09866800904273987,0.7476953720701033,0.6080720064151247,0.7937945836090072
4179,0.08895318955183029,0.7740317195036677,0.7864648447103731,0.7994815539899469
418,0.07464539259672165,0.7350529956183791,0.2530116347000403,0.7508234593377499
4180,0.1310686469078064,0.5144129968755369,0.3100691179596527,0.39091230914588104
4181,0.13472071290016174,0.7315529221999353,0.5951401121316555,0.7519935583622488
4187,0.11902640759944916,0.6356921789085733,0.3158211173700002,0.7934726713510831
4189,0.15431950986385345,0.6453801154617254,0.467965566206622,0.6091896823685772
419,0.04754165932536125,0.8300082157577033,0.618677519996534,0.909749510591704
4190,0.2519557774066925,0.6382479689186504,0.6792136647830873,0.5709021311723923
4191,0.09958413988351822,0.5090359406803492,0.20086327338091797,0.34234575936387196
4192,0.139105886220932,0.6785629086792311,0.528514333002782,0.7315621227750995
4194,0.07256098091602325,0.7623240478333552,0.6690948315671715,0.8991624887836505
4196,0.0727163627743721,0.8127066641285025,0.5270065444972233,0.853494792940344
4198,0.05460711196064949,0.7960912237388379,0.5664638120911887,0.8855136977612783
4199,0.10878580808639526,0.8276795807157418,0.8083916560626563,0.8466791401912972
42,0.08056504279375076,0.7386624161112519,0.40314877519523973,0.7392613034437995
420,0.09151818603277206,0.775932863184334,0.6115670661742427,0.8581273292831585
4200,0.034070443361997604,0.8683604974873609,0.6954464153880919,0.9358154109797159
4201,0.1048164889216423,0.7266788453080739,0.6229992258684899,0.6557139900375638
4203,0.08174440264701843,0.8209529559190645,0.817448338938986,0.8462211692465629
4210,0.11028192192316055,0.6697070326053365,0.5657035885326713,0.6144015028003136
4212,0.1373053789138794,0.63236108151806,0.3261521729742854,0.7494367016767951
4213,0.10551099479198456,0.8537670315727173,0.8306266619586629,0.8378303395052901
4214,0.06604078412055969,0.9085726622866439,0.74687120094438,0.8816655428887985
4215,0.1428806483745575,0.6783908623463857,0.5401319710116509,0.7872999191155257
4216,0.07216646522283554,0.6091329146457822,0.1431680680163376,0.554826181289381
4219,0.10594290494918823,0.6065235525870037,0.5030351435029622,0.6853557650301599
422,0.07918240129947662,0.5544042565905744,0.015819772339808278,0.36488053185697766
4223,0.07268495857715607,0.6303263373715892,0.25695107846596504,0.7974778500444926
4225,0.1928577423095703,0.41367670340235657,0.12795895986860484,0.27916567287393573
423,0.0663352683186531,0.7671061416975709,0.7678919719169345,0.7737611220996536
4231,0.1564219444990158,0.6920619886634277,0.5353437256286492,0.7149426378430304
4232,0.07195981591939926,0.6794796199124584,0.2506292050343374,0.7154011614392264
4234,0.0896749272942543,0.8420885923797728,0.7649104792267676,0.8130694124681696
4237,0.07186510413885117,0.8526713141407352,0.6836026378628187,0.9016709383435991
4239,0.1116880252957344,0.6353107202938559,0.5638261733515461,0.6561807243539591
424,0.2093627005815506,0.6053693636297781,0.5755059231305597,0.5280667190702755
4242,0.18638505041599274,0.6443290035874808,0.6552412212477765,0.5932028769015067
4243,0.14883336424827576,0.5056050968748298,0.26790588573243507,0.7375833816744409
4245,0.14969226717948914,0.6593529328080718,0.5870103201124824,0.7398844139143582
4246,0.056287750601768494,0.7307884625985731,0.4024581597129163,0.8310901570542708
4249,0.1260988861322403,0.6654071445770646,0.5652456668428643,0.6091066313035572
4250,0.11696353554725647,0.5450811109620068,0.37281703262570115,0.3970903360581045
4252,0.04948800429701805,0.8661546164524592,0.7512916368083787,0.9164913447424128
4253,0.06490767747163773,0.8584426506503974,0.7316381372592696,0.9132884527777232
4254,0.08138121664524078,0.8490573842008675,0.7550366060401167,0.7952826850467383
4255,0.13068749010562897,0.752796179091887,0.7111431565472203,0.7685801853120595
4256,0.0739988461136818,0.6215100286715646,0.44736201646626067,0.558271736514276
4257,0.1766303926706314,0.5470277498478444,0.3167844850968534,0.6760205586359936
4258,0.12185624241828918,0.7821561441235252,0.7092287383715318,0.7854802360343616
426,0.14191803336143494,0.4309004586046343,0.023231375928712973,0.2547001639659815
4261,0.31327664852142334,0.5723810760160469,0.6607667068635352,0.548438119345851
4262,0.10818911343812943,0.7868086047781385,0.6499942887933386,0.6840847513494084
4263,0.2027207911014557,0.6094651973640601,0.6792203613713972,0.6032344829804903
4264,0.33999842405319214,0.5375780890229583,0.6866108875958197,0.5115542269899004
4265,0.18914759159088135,0.40876226879516825,0.046307979723246094,0.2576895219382538
4266,0.08979576081037521,0.6835137180258039,0.3115545179116441,0.7324100721535246
4267,0.1437027007341385,0.7094733327668457,0.5100257551135298,0.7801363040819141
427,0.17824016511440277,0.5864320219432224,0.3883517550941123,0.7888701443235038
4270,0.18614868819713593,0.6275663464333242,0.5002729005729587,0.6431050336677502
4271,0.044448647648096085,0.8981355821504698,0.7272290288163508,0.8674491552649636
4272,0.06045302748680115,0.8889739100103644,0.7783799615594521,0.9101596738021835
4273,0.04341021925210953,0.4772526015370532,0.030046247051912656,0.7110618402701192
4275,0.10712116211652756,0.7779177164888702,0.7443625433529423,0.843488329776102
4277,0.2767445147037506,0.3736144538353333,0.1652862149128694,0.28688964913187487
4278,0.06974296271800995,0.6430228691131268,0.29266670928527705,0.7543306738727209
428,0.048243824392557144,0.8988731547257993,0.7262739881923594,0.9025746791873341
4280,0.0632866844534874,0.7575766895446354,0.45959352006636156,0.8560966566761975
4282,0.12208791822195053,0.4729005432581118,0.18858592457150342,0.3097373532490949
4283,0.11014089733362198,0.7747611427272977,0.6912917609420932,0.7501511318395553
4288,0.07947831600904465,0.8554834959685678,0.7476290270450562,0.8616645601250021
4289,0.06510616838932037,0.8423095454903717,0.6975726576680364,0.8337232197711888
429,0.46339619159698486,0.31335860543787636,0.3020146153166248,0.3927917814198024
4290,0.08216290175914764,0.7593491837517353,0.5461203210661795,0.8583234523635666
4291,0.11061331629753113,0.6991632948190354,0.5838062039211286,0.6951993723905325
4293,0.18406960368156433,0.7643626589626573,0.7786121705218039,0.7173450792375352
4294,0.0813618153333664,0.7260280152895378,0.45456695875525965,0.8873488441625343
4296,0.13266421854496002,0.7653546039950643,0.7865569344845762,0.7604158900826175
4298,0.11169774830341339,0.7951225790412177,0.7100661558337571,0.8339954083934319
4299,0.1286114752292633,0.43979716468128033,0.04838929083984292,0.2650412237878634
43,0.047019995748996735,0.8813333770303144,0.588387989156425,0.8508744640928622
430,0.040744345635175705,0.8821311260869367,0.6176144207821069,0.8984735842895746
4300,0.1328240931034088,0.7692940632379313,0.6783906095969806,0.7185764987533384
4303,0.18951411545276642,0.6518937922346533,0.610143330743286,0.657762102971112
4304,0.142117440700531,0.7819486958916415,0.701064983643699,0.7523141587439583
4305,0.15914899110794067,0.7069565108058279,0.7132157950343254,0.6868164373921146
4307,0.06488672643899918,0.8086275602791029,0.6061545713095433,0.8702899704206142
4308,0.08294664323329926,0.8127126309309902,0.5585378701687127,0.858220388623472
431,0.10768773406744003,0.5582446696081141,0.1514528738671241,0.735849987267664
4311,0.11034899204969406,0.6929818270661943,0.6011660782698861,0.750796018552365
4312,0.4336690306663513,0.35255844295205296,0.3804046859060277,0.3275051913298441
4313,0.04450749233365059,0.7236730029309674,0.46279038235004005,0.8835210955033035
4315,0.09963271766901016,0.7324759988711637,0.39351632189503366,0.7670501580946161
4316,0.12495051324367523,0.58280461748337,0.5611137009628454,0.550496255539322
4317,0.06865635514259338,0.8402897894133139,0.6574438375152789,0.8265725409322913
4319,0.14843441545963287,0.5094257823404064,0.16145475883037236,0.6447879098128393
4320,0.03782935068011284,0.7661892693637122,0.4880143574866181,0.8515052535100143
4321,0.08477392047643661,0.6884308165750304,0.4654445238700285,0.6613572954491727
4322,0.13329870998859406,0.7219467979360173,0.6626215321021379,0.7274758171495881
4323,0.12910880148410797,0.44517385995032255,0.0899759886133383,0.2722614492423481
4325,0.15651294589042664,0.6351918549746628,0.38219623761556654,0.78746787636276
4328,0.1386922299861908,0.7001823087161932,0.6652548222654421,0.6231675410429884
4329,0.12063820660114288,0.726063462463244,0.7464373190696942,0.6480141821624626
4333,0.08880005031824112,0.581971305385155,0.1723838700395593,0.7042679757526977
4334,0.0747758075594902,0.7547664322434111,0.43882043972736673,0.8030023370632918
4335,0.0333070270717144,0.8277443246660587,0.6475018574088983,0.8639078485917027
4336,0.031563155353069305,0.49152779263471136,0.029001871595018686,0.3376146100003601
4337,0.06357117742300034,0.7300010959417544,0.2225312121540231,0.6502676532345328
4338,0.42409947514533997,0.33435647862922896,0.28590582248829904,0.3054581623433601
4339,0.03197699412703514,0.6672913030829535,0.29675148520312394,0.786174148058564
4340,0.10287175327539444,0.7513708260895289,0.5647847871876079,0.8493641783087221
4343,0.059970270842313766,0.7121662550030943,0.24371848287708275,0.7431823188187219
4345,0.05810968950390816,0.7827819900713082,0.4343895272399292,0.8434721447731964
4346,0.07454752177000046,0.7413561335385734,0.6232391678435741,0.7478689354391508
4349,0.06824836134910583,0.5482427838183594,0.14988839377600233,0.5503306647271475
4350,0.18470360338687897,0.5239355726219305,0.39651830825329054,0.5404703243173826
4351,0.2060544639825821,0.5624645020370316,0.21726679983203995,0.5797308359946811
4352,0.27136582136154175,0.3664831573603741,0.040005945718811366,0.25273062910916755
4353,0.1775943785905838,0.6129780454821658,0.6161160037138388,0.5886296658413136
4354,0.09867359697818756,0.6131820775502355,0.29934133770685095,0.7468939540105766
4355,0.056181758642196655,0.8554335370179389,0.7284961390942856,0.8226643945372121
4356,0.04931146278977394,0.7112177068173333,0.28844176744583117,0.8012938733043162
4359,0.647454559803009,0.19333680676906953,0.17627991136803836,0.2351257406672372
4361,0.041394975036382675,0.8337355948444314,0.611916750193483,0.9194489292529743
4362,0.027843691408634186,0.6517175195109364,0.1828773195213079,0.5832395503183783
4363,0.11382754147052765,0.600962274325123,0.35069885269733303,0.7068755098188232
4364,0.3069416880607605,0.3483469037933434,0.022083613581443694,0.25214436967085063
4365,0.051354192197322845,0.7301096883092126,0.4970253854294986,0.8487861906410689
4366,0.08133318275213242,0.513988655389328,0.1297521577895529,0.6092568081200556
4367,0.20294658839702606,0.42898985613657303,0.23652669431841652,0.3198361468539208
4368,0.07152149826288223,0.6629750585872167,0.24012028154908976,0.6693637112818859
4369,0.08062532544136047,0.7867405042189551,0.6357205893603102,0.8483223045460406
437,0.06706277281045914,0.7527236351072156,0.6521170582668993,0.7300604266225437
4370,0.04883410781621933,0.8230903007631831,0.3765735255528934,0.7856923692458644
4371,0.22451400756835938,0.5573119447953386,0.5147463223579133,0.45827029691600163
4372,0.10795196145772934,0.781342383380702,0.7405734227858976,0.8151948452122897
4373,0.05426860973238945,0.7557298770690503,0.3383145531822243,0.7717944474731948
4374,0.06828970462083817,0.5778950885027735,0.1857550921799446,0.6158383801860806
4375,0.036480773240327835,0.7249626021164739,0.3412387182740515,0.798977350257946
4376,0.05140063166618347,0.6040189193069427,0.14219701744690172,0.5484489115188194
4377,0.04871584102511406,0.8969221259693153,0.7035945438902308,0.9085608714422746
4378,0.08035548776388168,0.7148026418257776,0.37918990445928125,0.7499635948103223
4380,0.1165429949760437,0.7598505275052035,0.5579846559794753,0.7504820920823955
4381,0.07153380662202835,0.47365373894324386,0.049490732257135274,0.3451551930627858
4382,0.03915704786777496,0.9071446111891318,0.8413018006241832,0.8762068163489602
4383,0.12392453104257584,0.7493331778063395,0.7808372612122414,0.7948056861475032
4384,0.08982887119054794,0.7075721793327933,0.19299852548121038,0.6038078225642308
4385,0.12462081760168076,0.6911491648812468,0.43753215210475827,0.739776556181982
4387,0.06487191468477249,0.6651459166253904,0.33476873086187664,0.6634308656089556
4388,0.10623098164796829,0.7234995329394482,0.5329148711138869,0.8356649626719921
4389,0.060450103133916855,0.8042340120658341,0.7384056953420225,0.7795816914348539
4390,0.10527388751506805,0.7622195526447268,0.4864490737735596,0.8191549596363842
4391,0.1526077836751938,0.4626822674801232,0.3174618663383299,0.36489683815807405
4392,0.14081503450870514,0.562235006618538,0.5735447420595323,0.5082581067391184
4393,0.08726178109645844,0.8019787056669994,0.6518173116824527,0.7852705273790256
4394,0.1287297010421753,0.4289693498200686,0.05811643390780132,0.7311142811904913
4395,0.06112679839134216,0.8298027339654641,0.6581253768510901,0.7119538824536258
4396,0.09865418821573257,0.5843977867358537,0.2009576626285056,0.6459749384892755
4397,0.02920558676123619,0.8136995578643805,0.5826534005321834,0.852207078090301
4398,0.08863282948732376,0.48534418896299564,0.09766782900327176,0.30805346609732115
4399,0.17286640405654907,0.7547766013563557,0.8486958025495612,0.7461285427657682
44,0.1238613948225975,0.7048092620267432,0.7361356817401332,0.7446265886756118
440,0.11092160642147064,0.7181898502150794,0.44202756586590153,0.7035770256834837
4400,0.4363557696342468,0.28456402325917457,0.03250634885975693,0.2522553502822801
4401,0.04503786936402321,0.7410329559607531,0.6647623840578852,0.8665011322592093
4402,0.02404065616428852,0.8964952725518409,0.5844412497178378,0.9004184398927593
4403,0.08382775634527206,0.5823907137030742,0.22638113774657304,0.6698705348722711
4404,0.06013283133506775,0.7176738890929641,0.2629949473604719,0.6707786383658796
4405,0.08823717385530472,0.5425259172587484,0.3641759890928552,0.6983303209480931
4406,0.10553690046072006,0.5895820902352947,0.19822030295305743,0.6166323889683035
4407,0.05399903282523155,0.9075835851404249,0.830343893730927,0.8969921349965433
4408,0.23780424892902374,0.38712793689801045,0.07656031419509254,0.2624424964437241
4409,0.11005930602550507,0.6680521426975081,0.3256205005735305,0.7472431218423649
4411,0.05948886275291443,0.668912335034291,0.16686373794845522,0.6649871741349513
4413,0.03943965211510658,0.6211847717586417,0.16007814881237628,0.5835113365030034
4414,0.09169522672891617,0.71471760353042,0.4842710788321099,0.6761403974483928
4415,0.05182074382901192,0.6738328228336408,0.37076667612388975,0.7670902581145445
4416,0.1749236136674881,0.6171274537717125,0.637251877550114,0.5659656086506512
4417,0.08052543550729752,0.757999254047849,0.6827921568619111,0.7825341354085078
4418,0.1441388875246048,0.43029329924119253,0.031849653729795896,0.2542776949459806
4419,0.05179203674197197,0.6874782004721333,0.2983380403994664,0.7018739029621609
442,0.0880630761384964,0.6831575372306957,0.3454125031779987,0.7307703775436336
4420,0.21889913082122803,0.40869561037592705,0.14384929656922088,0.2971899027887911
4421,0.058452676981687546,0.7662481703666049,0.49783277264818215,0.8185571774570064
4422,0.08525107800960541,0.7079309197951711,0.3132441532544187,0.7764427398488092
4423,0.10896161943674088,0.7119608773301946,0.4948718055537758,0.8357597038741496
4424,0.2725399434566498,0.3684798836532635,0.06488843172595571,0.25913781311037865
4425,0.12520171701908112,0.5150887461184762,0.30958498238954957,0.3658846302835318
4426,0.44657373428344727,0.4033948338894486,0.5524856605866585,0.36239736588933824
4427,0.12376827001571655,0.553083470629609,0.2112510194745934,0.6956447791776971
4429,0.0949612632393837,0.667179831288026,0.5090039813594988,0.5556632848265528
443,0.10497258603572845,0.844247489265038,0.7458779262499874,0.8473911884247037
4430,0.04020083323121071,0.8624703057488385,0.6515066934911701,0.8756809161895314
4431,0.09595513343811035,0.7313532533795002,0.6590644959510924,0.773680492270004
4432,0.04297104477882385,0.7836274950597621,0.5783194867243746,0.7291313358918674
4433,0.06965796649456024,0.7608037818598681,0.6219022339836033,0.6852031267584879
4434,0.046895574778318405,0.8244199810506803,0.5401207854937914,0.8621019538492886
4436,0.11823013424873352,0.6965887487756992,0.6450876799152103,0.7460464354739103
4437,0.08809345215559006,0.44468526340001496,0.0002501446683099511,0.5161440375880166
4438,0.11429309099912643,0.7484124090112324,0.6788140476663055,0.7676564787544955
4439,0.08110912889242172,0.8540920645521055,0.7501711704058412,0.8857906037726058
4440,0.1313287615776062,0.8035930888796619,0.7031114198515973,0.7811569814407704
4441,0.16636939346790314,0.5730718154583835,0.6125556932140915,0.5298900640193138
4442,0.20324589312076569,0.6496054982539348,0.6408099820590127,0.655839874942652
4443,0.061007335782051086,0.7509555775737231,0.47335292822129654,0.8403511798780445
4444,0.021027162671089172,0.6522028730154252,0.227371530322578,0.7363448421778145
4445,0.2559249699115753,0.40710760621332576,0.2804448218438251,0.330231318313322
4446,0.02669588290154934,0.5767447915812927,0.167014852029269,0.8212786530794034
4448,0.12785017490386963,0.749008763514688,0.659583081870753,0.7512747546668554
4449,0.23623211681842804,0.4568898206425842,0.40349902794055786,0.3907037549754519
4451,0.02977062575519085,0.8686679961619056,0.5345705065292204,0.8237130797981308
4452,0.06408318132162094,0.866554604948643,0.6272005666812573,0.8465417065719918
4453,0.02790839597582817,0.87048878486648,0.7338306867076795,0.9194439110741979
4454,0.12008271366357803,0.5002263626837988,0.3212404221497211,0.36839956634730575
4455,0.06645055115222931,0.611338722030544,0.22819451817398737,0.7060419458513779
4456,0.07733703404664993,0.448290893805486,0.02391980566238348,0.7157028170773295
4457,0.11444491893053055,0.7378790855748352,0.2518179056520382,0.6520319996232941
4458,0.18061843514442444,0.5146297905307825,0.31425037343267787,0.39157807825828367
4459,0.04568718373775482,0.6290786834701158,0.14929885441020865,0.5530757241340298
446,0.06587108969688416,0.8346112249513342,0.6269543394941771,0.8920668470167563
4461,0.07380373775959015,0.6692197228136266,0.34820216291190126,0.767842281541963
4463,0.09484979510307312,0.8321649287568723,0.7338015375317534,0.8630361562335922
4464,0.058351702988147736,0.4726135463425526,0.06802959931432875,0.3540989940389504
4465,0.05320150777697563,0.6932277911213324,0.33368916137047133,0.7828963951620226
4466,0.26645368337631226,0.4046277201099728,0.14727790877899968,0.28424512223920184
4467,0.08139791339635849,0.6939145827681741,0.4325647729684573,0.8285534120093451
4469,0.09613718837499619,0.8527155437694044,0.7921634969179198,0.7993764171140507
4470,0.5252448320388794,0.2701402756815889,0.2727917434982172,0.29094166944962613
4471,0.05298241227865219,0.8871802419674278,0.629398119107502,0.8841339874761573
4472,0.23334158957004547,0.5536527874589636,0.6558017218328065,0.5356737139744913
4475,0.04249444603919983,0.8452741937481243,0.6718016858524373,0.8779017743037782
4476,0.021407799795269966,0.7892451070567187,0.492925583022096,0.9108723720898052
4477,0.048102084547281265,0.8134856795131737,0.6795175522084634,0.8506132230923388
4478,0.04601425305008888,0.8126365734200635,0.6022866325514876,0.8833979145409354
4479,0.1369888186454773,0.7360849550230019,0.6266494179685547,0.7139966027271948
448,0.15028035640716553,0.5986558512051067,0.6216313212212579,0.5541643537869806
4480,0.12493053823709488,0.7907514763164968,0.8246814431541091,0.7554213407976244
4481,0.06169991195201874,0.5747869195202584,0.21153205442030842,0.5711944937666094
4482,0.03548275679349899,0.5596697821125635,0.12351606454786487,0.555468205251476
4483,0.08877552300691605,0.7760911106996863,0.6271075212842885,0.7853857565277358
4484,0.0750437006354332,0.8235852690030836,0.6371501670738019,0.854004682589664
4485,0.1079404428601265,0.4978747695952827,0.07574276057191111,0.5952891460061177
4487,0.1924399584531784,0.548488796394476,0.5110332835475211,0.5198883381912696
4488,0.16854646801948547,0.5084689752372297,0.42128234030649336,0.4263302207729781
4489,0.07078442722558975,0.808452710558406,0.5607571963282664,0.7974881207068845
449,0.35292309522628784,0.4986954041575056,0.6268444163419769,0.4470129555755146
4490,0.2740894854068756,0.4714516569237521,0.47702792235887825,0.44282108174721563
4491,0.25099459290504456,0.46928556182025977,0.461114046920434,0.41181484626087406
4493,0.05298527330160141,0.5339584786780461,0.0941495361339655,0.3384245250538057
4494,0.17754778265953064,0.41981668176820613,0.10349654925526965,0.2731183000049574
4495,0.19388659298419952,0.4187785110086901,0.14816732438420274,0.2887821307949828
4496,0.07190908491611481,0.7105274769784898,0.3714831466889952,0.794507089475383
4497,0.06124856323003769,0.7846386835156298,0.6609744072171818,0.8121836382203372
4498,0.10467662662267685,0.4987449375633282,0.19473373679612538,0.31487310144131897
4499,0.28956374526023865,0.35699512666705174,0.01927199217712157,0.25183918100220837
45,0.21863321959972382,0.5525800533087841,0.3527669073676325,0.5814405999916692
4500,0.07542461156845093,0.8480971471908311,0.7821262098107079,0.8153716137979794
4501,0.10171536356210709,0.5951589383338078,0.1856823888085423,0.5668632762960022
4502,0.14834222197532654,0.6479978805511215,0.4966662609500149,0.7055649616704432
4503,0.20803451538085938,0.45355301951366334,0.3500251126688169,0.40109552139028526
4505,0.2555801570415497,0.5284756135075958,0.6072686668138413,0.4930900178349472
4506,0.0461459644138813,0.6636373260735984,0.34402193546884124,0.7657816546334507
4507,0.1459541916847229,0.6278715299774885,0.5136476760137295,0.49300006130745916
4508,0.018735863268375397,0.8668790623133258,0.6194823960291622,0.8917017398581205
4509,0.21561020612716675,0.5421690255498648,0.3796711587908158,0.5046398713766098
4510,0.0724702998995781,0.74058599550208,0.6580565195771745,0.6980529282114982
4511,0.08455417305231094,0.7241967695320691,0.4023272210377559,0.8199279143662317
4512,0.02024144120514393,0.941931996503723,0.7499091517013559,0.9272711224393126
4513,0.14610430598258972,0.44786128988161444,0.16602478071112992,0.294927167231683
4515,0.3195195496082306,0.46982695494523097,0.5464436720687632,0.43113308237633907
4516,0.09666501730680466,0.5607985505488411,0.19638468489826377,0.5746035031486538
4517,0.12458731234073639,0.7552442638998873,0.7040090197436871,0.7482836953741461
4518,0.08796455711126328,0.46018241171667185,0.043743965735550935,0.35683190630385264
4519,0.2600761651992798,0.41170586284192967,0.3557476422500174,0.3541618896996357
4520,0.06571859121322632,0.739501073924233,0.5355447370872358,0.826335448873578
4521,0.05472458899021149,0.6830592977378497,0.3444447285521805,0.8478832440632036
4522,0.0441259928047657,0.7447256439448362,0.4059586612898559,0.7978520528570807
4523,0.15578722953796387,0.6761261329853511,0.6454972371923192,0.6235246694205913
4524,0.07200552523136139,0.7845997204202085,0.6503268075015765,0.7882686714362184
4525,0.0929369404911995,0.6485350506370338,0.3309324403238969,0.7471146734706391
4526,0.17554005980491638,0.5397804298023876,0.563090607378208,0.49587691920792343
4527,0.015755094587802887,0.8282315659523583,0.40133207334921855,0.8414564186810204
4529,0.0341312400996685,0.8044414738383108,0.57147970160651,0.7947576190850707
453,0.34374845027923584,0.42760499059723356,0.34295310834604753,0.35209953739490796
4530,0.11128714680671692,0.6630981842724935,0.6984193843918931,0.657922542859772
4531,0.04869648814201355,0.8304015759523296,0.6522735422436249,0.8909554961984039
4532,0.038572147488594055,0.8293173556523747,0.5761050688622124,0.8912419338087592
4533,0.07752224802970886,0.5833505478468932,0.1765078461978109,0.6738676617458654
4534,0.0577777698636055,0.8888353847973399,0.7071901572598835,0.801932348065072
4535,0.08704891800880432,0.4734256490049411,0.166203977804589,0.29930733421116273
4536,0.03472412750124931,0.8290876131161296,0.7423907814720445,0.8606322308177894
4538,0.22720584273338318,0.630785281008531,0.5784174466533509,0.6411440231093859
454,0.07305948436260223,0.65979527837504,0.40908182567763013,0.8528929140494603
4542,0.10085377842187881,0.6265800417203089,0.4654496562054819,0.5310663830133657
4543,0.11596709489822388,0.8080507818738754,0.8056927138380705,0.8053637427825313
455,0.20681717991828918,0.39850541926282657,0.037389091487319955,0.2517714987343842
4559,0.19373470544815063,0.493750961579025,0.2972048802786309,0.4364855398602028
4560,0.08688420057296753,0.7622210090425683,0.6991864559545007,0.7509490971481163
4562,0.049237433820962906,0.5184337864599591,0.14895542550977986,0.5441323428234759
4563,0.04166384041309357,0.4894363752148112,0.04157703673174655,0.5958660094972321
4566,0.0891404077410698,0.7630215945030108,0.6303064705012669,0.8525916266727728
4568,0.2646320164203644,0.6348531138622555,0.7405625066272381,0.5828749957204702
457,0.13991108536720276,0.7017821149868254,0.5814466489367222,0.6627720367812775
4571,0.19961516559123993,0.5993933236078164,0.6348436749423001,0.5365226836637729
4572,0.08164381235837936,0.6320441055478158,0.322763230243875,0.733639261166101
4576,0.03962612524628639,0.6894217380467809,0.28650935629090646,0.8177600166910048
4579,0.051154397428035736,0.908682896414784,0.7888615847699975,0.8982978615608322
4580,0.02603723481297493,0.5810744549261886,0.21373971236152584,0.5180893162092439
4581,0.09505727887153625,0.724557603384186,0.5260948318371849,0.7787350865506699
4582,0.20131374895572662,0.569649903692363,0.3521869471627666,0.5867721535682872
4583,0.17534907162189484,0.5374346762138598,0.5249246300821403,0.5708835211486083
4586,0.055778276175260544,0.6053646241250252,0.33693706342000096,0.551390559740357
4587,0.0538216233253479,0.6354471079536782,0.5063597634438808,0.7838162112210717
4589,0.24664317071437836,0.6118099178111703,0.5542881473088658,0.6762979845575979
4591,0.21805524826049805,0.43760775828164944,0.3452169190111435,0.46130154092542464
4592,0.09805625677108765,0.623935084572805,0.4281414278119044,0.8310001133200479
4593,0.048360683023929596,0.7459817177876342,0.3960415047963969,0.7302934116605918
4597,0.625384509563446,0.23412563920761711,0.3092705964312105,0.22168663850943293
4598,0.06876441091299057,0.6461359305130503,0.3695261712737821,0.7973980027546863
46,0.08521211892366409,0.5543020559092449,0.12510139215335972,0.4680476002560829
4600,0.16924874484539032,0.6953652965670791,0.4899631640222317,0.6864268089603521
4601,0.06464070826768875,0.6821254703064761,0.6527092333542859,0.7016483214703622
4602,0.1053660660982132,0.8042673766399243,0.6804762469444787,0.8625426505607997
4604,0.4925449788570404,0.3979231563217122,0.5165477455422449,0.31620978312766634
4606,0.14242911338806152,0.4883155132309961,0.2169054160915694,0.544014897750484
4608,0.17942991852760315,0.41982112567349983,0.16419876380067627,0.2986613022955156
461,0.10438664257526398,0.8274690478386003,0.7521889782720922,0.8182486177381545
4610,0.11213470250368118,0.4771942070786087,0.19384640744091802,0.3179714804438944
4612,0.09107272326946259,0.8414197037921023,0.8114980060630285,0.8152254365680718
4613,0.045950748026371,0.7084258057691951,0.5365732488028007,0.5927472651316599
4615,0.13399925827980042,0.7213514420691427,0.621860841763334,0.7026991140117116
4619,0.132935032248497,0.4296153691530763,0.0674986319334193,0.41314230885717446
4623,0.03469453379511833,0.8226332012743575,0.6084738471990357,0.9027487952623479
4625,0.23563054203987122,0.49092313536961774,0.3789532131599375,0.44002799379665347
4626,0.2062995582818985,0.4049138122895133,0.12118532951270117,0.2959812213882765
4627,0.05893081799149513,0.6257132216297868,0.4704763656745309,0.4807531161645635
4628,0.03833279013633728,0.7791983642176423,0.42744481383972244,0.8408079944100166
4631,0.09791083633899689,0.5678954542664518,0.2874460161869025,0.4405099102878333
4634,0.04420404136180878,0.7322586486141944,0.5620144864921487,0.613720815568539
4638,0.03054617904126644,0.8711688745584569,0.6149896155992324,0.8621847286000158
464,0.031239021569490433,0.7474186657814148,0.38809519839256973,0.8171639214080919
4640,0.028712721541523933,0.5548375394366752,0.12773039413491777,0.33374566488332513
4642,0.25224196910858154,0.5463703790797043,0.3189497051515896,0.4670496100288317
4645,0.27967968583106995,0.34055481901798873,0.04037034687051758,0.32642047686691233
4647,0.07423204928636551,0.6837832086773146,0.3471734560520251,0.8443371457239808
4648,0.21072344481945038,0.508887287124674,0.4261615541165745,0.5236760679104983
465,0.13394001126289368,0.5797697603907269,0.5370320868648016,0.5016925058312429
4650,0.13394400477409363,0.5968404949723941,0.5444968042689862,0.5479458989597911
4651,0.05067532882094383,0.8835497419414073,0.6908766850305221,0.8722748525275996
4652,0.234761044383049,0.4625391710232282,0.35452279776347223,0.3655563755648288
4653,0.060586173087358475,0.7785586581706148,0.4430383404358861,0.7602963923828587
4657,0.07742705941200256,0.7054351612350324,0.49824123325842584,0.660270662687851
4658,0.081590436398983,0.790276809086329,0.5651615472996669,0.8527705515208208
4659,0.12489423900842667,0.6045739671924766,0.5633429720425089,0.5498751637704324
466,0.040164023637771606,0.8918046319864352,0.6903411161840496,0.8917316248205565
4660,0.06882113963365555,0.6147365876417742,0.356059572619393,0.5277231129721489
4661,0.1452431082725525,0.5433417666261624,0.4132722337778253,0.5438219565017823
4667,0.10107863694429398,0.4536168238885499,0.05858496176297357,0.2603580000900974
4668,0.04984002560377121,0.5808812989024599,0.11649005998753538,0.5509411195560618
4670,0.049431297928094864,0.8915636875428248,0.6901305047020625,0.9017698582328215
4671,0.08698733896017075,0.6056616095129315,0.2356339882853555,0.7707949706970241
4673,0.02346603013575077,0.5022761863597328,0.014026883335330108,0.6705317316451087
4678,0.1616433560848236,0.44435466136305773,0.25540868344098683,0.3507580076224712
4679,0.3005538284778595,0.4139212596141531,0.41518128567248075,0.375827157670773
468,0.21298502385616302,0.6687865731472787,0.7571025030829684,0.672940551346432
4680,0.023652201518416405,0.5544226239546433,0.1493222227819294,0.3371712954157091
4681,0.05087168142199516,0.48766713233238795,0.03872418677658833,0.4641804425992663
4682,0.11444956064224243,0.48712125882104007,0.11099528390558136,0.7386599582176868
4685,0.06214055046439171,0.6731072256907222,0.28272241116758057,0.7046710380032364
4686,0.4204745292663574,0.5167116715213288,0.602366437451226,0.4137332306320427
4688,0.12407923489809036,0.6887402057223673,0.49294978363271674,0.8038419300462615
4691,0.13557168841362,0.6390295286594085,0.45779974426767217,0.6229917456805655
4692,0.14168742299079895,0.7897232136185843,0.7418870472267689,0.7765084224985275
4693,0.6276145577430725,0.2611189653575039,0.3816075333394167,0.208800097449307
4696,0.09462588280439377,0.6872624247253949,0.3895119316927164,0.848087717819711
4697,0.13462963700294495,0.6594282589752738,0.4179408697161917,0.8017140735409336
4699,0.05750709027051926,0.45675846723657787,0.010914412063398344,0.5275596438185131
47,0.1022547110915184,0.7150593913799423,0.5967576092591798,0.6457029292822337
470,0.09907322376966476,0.7871067636528167,0.612304442839501,0.8569189341867613
4700,0.35649195313453674,0.45092640845538756,0.3493691556557777,0.5826214433704664
4701,0.02651909366250038,0.4942241277447434,0.016860597563594686,0.3527038928234637
4703,0.2202742099761963,0.516223447452764,0.44563728568995337,0.6129508506394499
4704,0.30739226937294006,0.5474531468050128,0.605684894075213,0.4667162477662322
4705,0.0672382265329361,0.7332072653183079,0.4721727674409713,0.8758942990697915
4707,0.27501821517944336,0.4997158428407732,0.48276958118199725,0.43030101715816726
4708,0.10409282147884369,0.8402472280799171,0.8344808994223955,0.8338703306663948
4709,0.0812869593501091,0.4773720933427391,0.06708306619399487,0.6561339205904269
471,0.050239045172929764,0.6543562382184032,0.337660038116305,0.7791316128689632
4710,0.3055592179298401,0.5225575226529069,0.5994711690471404,0.5148509410943067
4711,0.6104664206504822,0.26186485458246433,0.41540196599533036,0.26061206749327137
4713,0.029657773673534393,0.6058650845709552,0.19546330035368936,0.45185862868989657
4714,0.14575518667697906,0.7700787856746792,0.7594220969191605,0.8134459181723143
4715,0.110346719622612,0.7931739166688945,0.5822511392853509,0.8507370422882228
4716,0.2797366678714752,0.5433110335020683,0.4726353826877903,0.44425306085826416
4717,0.4664880335330963,0.3208625441350152,0.3631947771371146,0.33032453413859864
4718,0.03374312072992325,0.6283237417210241,0.27240872574459907,0.8327192929340017
4719,0.09733535349369049,0.8411269018406576,0.7014585805620261,0.8767912374288975
4720,0.14756081998348236,0.607166366747125,0.3209636900482885,0.7889178883709946
4721,0.1425478756427765,0.7050962733589121,0.7260970079343081,0.6498526931035824
4723,0.035075195133686066,0.7624687205974241,0.34181811526457895,0.7951291658203682
4724,0.07674511522054672,0.8491028880351608,0.7139549771603554,0.8608331162450131
4725,0.1272955685853958,0.7651149122664133,0.5427406469438193,0.8265518497628155
4727,0.08486518263816833,0.7322931826643175,0.47468756471139417,0.8326168651470073
4728,0.19694116711616516,0.5747119604665201,0.5183429109164527,0.4911492474804783
4729,0.8406658172607422,0.11635445115251816,0.3571572751461844,0.06634835955476821
4730,0.04600780829787254,0.8329667740141953,0.517431893315235,0.7899753095642573
4731,0.2678869068622589,0.6073991971504503,0.6085452643189607,0.5119713444451235
4732,0.30253973603248596,0.5951528687660894,0.6961708623940327,0.5507623007643535
4734,0.05404920503497124,0.8590254447591582,0.830474975994563,0.863004357312877
4737,0.47246262431144714,0.36651657182761843,0.4421431725710639,0.31556974709002084
4738,0.07427337020635605,0.5513789473767995,0.1322395587143332,0.5050826944667932
4739,0.12753310799598694,0.5243907828437625,0.17172426253698797,0.7714701892412881
4740,0.059356387704610825,0.9155461546151107,0.8992176440188482,0.9129202928138067
4742,0.146732360124588,0.5990548005756862,0.5135588828176327,0.6112571223361031
4743,0.068715900182724,0.6825922518580239,0.3904809128271424,0.8043884597244257
4744,0.13311715424060822,0.43759976520833327,0.05796697523135057,0.6392447157756836
4745,0.11169274896383286,0.4895634679887212,0.0903617605451638,0.5440403855337586
4746,0.1543302983045578,0.4588666037985307,0.14352465621594906,0.7253094897839425
4747,0.38494834303855896,0.47199733051939546,0.585141329846069,0.4446128740468651
4748,0.07226219028234482,0.6764548545183237,0.26923883994563613,0.7925925542907648
4749,0.10716114193201065,0.8078423151360242,0.6731872138625952,0.8435524211091663
475,0.04953617975115776,0.8958340610780184,0.6579631866048953,0.8245842545311403
4750,0.04869670420885086,0.5953364303315285,0.3218718527496833,0.8328509358404697
4751,0.07565812766551971,0.6534077330379108,0.3463300975779154,0.5041692320689495
4753,0.05525336414575577,0.5576891614883426,0.12398480677321036,0.5263267236197698
4754,0.13576503098011017,0.6670484287246592,0.5971361894685548,0.8026018857981743
4755,0.1863221675157547,0.6237468668889379,0.4838246963119238,0.6655960572344796
4756,0.08369679003953934,0.6345032385276519,0.3344446900213028,0.8090463297359587
4757,0.06754669547080994,0.7580031728378471,0.40268986777954496,0.8316519679736833
4758,0.6223416328430176,0.20431895007903897,0.14921008910088343,0.2557508946363557
4759,0.09612377732992172,0.760086043625548,0.5130409038753763,0.8368977543510957
476,0.07154570519924164,0.5046459445972215,0.06225728310659647,0.4127789796490021
4760,0.10072594881057739,0.6956179543920973,0.4502058955794223,0.8573838176375161
4761,0.04420122504234314,0.5249261928612431,0.03635509196333117,0.4495647869867166
4762,0.0889110118150711,0.6103204569231878,0.30316694163348124,0.8263105864648623
4763,0.033238913863897324,0.5357967435484385,0.06674168179162658,0.47796783307560103
4764,0.024597255513072014,0.48928334920329786,0.0037515712833356557,0.4452765543822086
4765,0.11782754957675934,0.6026862589840567,0.20190174762514282,0.6734321572965412
4766,0.023730069398880005,0.51363105134083,0.05077493112403991,0.3804888045310545
4767,0.023650454357266426,0.4774898399296803,0.0005315338587405821,0.4921893561885856
477,0.06087993085384369,0.649192374577696,0.4281396337770388,0.7548981743123606
4771,0.21616706252098083,0.5777505964958753,0.6444583139801341,0.6024341283670843
4772,0.1459396779537201,0.7123784821316845,0.7398963964531274,0.7173166689346163
4773,0.24785679578781128,0.44707676018344944,0.392175040511865,0.40546583117759283
4774,0.08371800184249878,0.5662298748062397,0.20492383263525274,0.6885308553500102
4775,0.18213598430156708,0.5573732827877074,0.41846643374644726,0.6375478848995587
4776,0.07223695516586304,0.6813914365854947,0.4303174576524026,0.8489230021992763
4777,0.10857872664928436,0.7127551935581459,0.47850473156789,0.7013375908782885
4778,0.16811120510101318,0.5194349088467642,0.49174609336476827,0.4932133732064798
4779,0.16985298693180084,0.5649913092479811,0.25792761468040776,0.7623563336478658
4780,0.14306987822055817,0.44527455062296273,0.04995026122849145,0.45256217668579773
4782,0.09346557408571243,0.6659603824507334,0.38457503784148334,0.8501978765617773
4783,0.31752052903175354,0.49479737476984537,0.42888924264066114,0.49751950819805324
4784,0.04458928853273392,0.5138762359297822,0.033941493694632265,0.5029937021044273
4785,0.06845230609178543,0.4605157614900763,0.041052817904288996,0.6142448459310197
4786,0.2160951793193817,0.5776093277382299,0.592460871781609,0.6124385933201346
4788,0.16223721206188202,0.725337719208329,0.7164431671950804,0.7351426355382902
4789,0.08811001479625702,0.8888851931386076,0.8816242918983207,0.8852839854263563
4790,0.1656549870967865,0.7047329352649272,0.5576593555366613,0.7140231463407536
4791,0.19872425496578217,0.7094858183805064,0.8089605113614323,0.70042011181329
4792,0.006999620236456394,0.5023079818124722,0.0017619091846200073,0.2553966365109154
4793,0.03953884541988373,0.5294995319049515,0.08260084969717665,0.6524732432774446
4794,0.15901730954647064,0.6646059234393008,0.6664852630874172,0.597483252136533
4795,0.15736979246139526,0.6712610140577435,0.5468979904007135,0.7982716380813488
4796,0.09711410105228424,0.7616345974607206,0.5183078823037089,0.8491063613622382
4797,0.011914025992155075,0.4976777516856492,0.005665563684387148,0.25029109362684565
4799,0.09627377986907959,0.6922973879232552,0.49077156946000017,0.7400285750278318
48,0.16410169005393982,0.511057263866569,0.12002484752802162,0.6215000886757758
480,0.10656753182411194,0.7582446977044354,0.6012441691949536,0.8251559556368759
4800,0.1636102795600891,0.4546119392884947,0.29282322933469634,0.342721793451955
4801,0.15591351687908173,0.6102203282022337,0.5747938011733139,0.567752731159497
4802,0.07948876172304153,0.5851811933564759,0.21433524340388327,0.6273498705869277
4803,0.05473340302705765,0.9236451755951438,0.8310336284781065,0.9224909766558491
4804,0.2987610995769501,0.5495830941231143,0.47135590370720404,0.5353718919205486
4805,0.1345631629228592,0.7943705442393865,0.6814854027984057,0.7679525666622914
4806,0.08535159379243851,0.7903993034949747,0.4879772772349228,0.8424200142318988
4807,0.048323553055524826,0.7431445259188232,0.31528838822825794,0.5996820472040638
4808,0.18543000519275665,0.5789551684550875,0.34287668918013925,0.6413078879324108
4809,0.11075359582901001,0.8726464264587271,0.9019903415688673,0.8528882796655575
481,0.30858147144317627,0.4411527818683115,0.47192085055566946,0.3994376447153434
4810,0.2277098447084427,0.5495908067331193,0.4530662553519532,0.507483903178543
4811,0.13605216145515442,0.7295298658786569,0.6577424495493917,0.8133061349222108
4812,0.0814535915851593,0.7824612968064861,0.6419831258067353,0.8302439678866623
4813,0.058375608175992966,0.4877647405074733,0.04766678094370759,0.37545696574128956
4814,0.09571138769388199,0.575424422374971,0.2700590266051831,0.7622755301360136
4815,0.056602269411087036,0.49884234363854496,0.08128006548526612,0.8080139319237876
4818,0.094695545732975,0.8502841548466837,0.6876242833196833,0.8708037138741906
482,0.13749875128269196,0.7287576962787561,0.8023668918424585,0.7369134699471467
4821,0.27397584915161133,0.6491888367216796,0.8074965972005942,0.624316021756399
4822,0.09622625261545181,0.8595822492626466,0.830790906914344,0.8615421574065115
4823,0.07353921234607697,0.6935957004394155,0.4929813164179817,0.5620161440356297
4824,0.05852136015892029,0.7178262671510597,0.3867362413820398,0.8666483982671327
4825,0.07806530594825745,0.5818625389143801,0.27097953776110895,0.7164029749875546
4827,0.08026250451803207,0.8071380702935567,0.6126833057678229,0.878857955505294
4828,0.18020467460155487,0.6056653620293205,0.338507184750163,0.7099706702988353
4829,0.02834770828485489,0.9498310668201675,0.8842452874455857,0.9384120817710844
483,0.13309501111507416,0.47638071334295135,0.3390662779020186,0.38972604874073213
4832,0.052695270627737045,0.9360328710757045,0.8990115113751,0.9260874417004463
4835,0.024655211716890335,0.9052815124525485,0.8039459000242115,0.914530678392012
4836,0.17627054452896118,0.5566879615751761,0.5971412903692869,0.5221916721396362
4838,0.07878772914409637,0.7835535917326371,0.7147038035170391,0.7574535658816232
4839,0.1598660945892334,0.7679623412171268,0.7294557066329185,0.7777760743680882
4840,0.03120202198624611,0.9324331976064547,0.7865326788671285,0.9395686280150004
4841,0.15479472279548645,0.48165727282879717,0.28402564611842296,0.4033004033603622
4842,0.06097813695669174,0.6018624210470286,0.19597486072214634,0.5909859754059378
4843,0.10749083012342453,0.7697294294000137,0.6437776467932412,0.7497617083341122
4844,0.3615249693393707,0.48221740146324793,0.5580515071145352,0.41367144098342634
4845,0.15771271288394928,0.5336600118249881,0.44657540884788033,0.4311473132908098
4846,0.0540885403752327,0.7891684200697117,0.5275439078039075,0.8788953625042787
4848,0.05340706929564476,0.6278517974474302,0.33767802593767754,0.5049531467802509
4849,0.045588474720716476,0.8263666603162894,0.46379957308855246,0.8374493152516294
4850,0.07128346711397171,0.8924760919986765,0.874251416628897,0.8881926044953353
4852,0.0336780771613121,0.8820583838170577,0.5826854102013366,0.8417093860652576
4854,0.02332604117691517,0.6975942532318219,0.18452777423708508,0.6677575699614885
4855,0.18220841884613037,0.6390806937889231,0.5599523037291332,0.626081188025128
4856,0.0420919731259346,0.8442916146795849,0.61718694569885,0.9150950135683702
4857,0.1769588440656662,0.5897478321135383,0.49965306731881903,0.4969476170487955
4858,0.24252928793430328,0.6002621514127184,0.6367331036645142,0.6165513038640275
4859,0.04435338079929352,0.8789562023774828,0.657623621918453,0.854013668289191
486,0.3573595881462097,0.37635165492226536,0.33561079866105964,0.3305331885283571
4860,0.05062546581029892,0.7606842401375811,0.4508276599118502,0.8363566911725793
4861,0.04144718497991562,0.8299499618301531,0.5312669500747198,0.8895359981018289
4862,0.062033653259277344,0.919281154411367,0.8549440077455955,0.884972128479443
4864,0.05647144094109535,0.8218137600490193,0.693749624228255,0.79809556311212
4865,0.03040144592523575,0.922155499784695,0.674487108292338,0.852712391100082
4867,0.1755165457725525,0.6283327422080429,0.5963645881184162,0.529159235649254
4868,0.0853596031665802,0.8292578469421497,0.6873063547657604,0.7304828745511962
4869,0.1561550498008728,0.5961434196562263,0.40393811265249063,0.5703529126921707
4870,0.11055584251880646,0.541364212929418,0.14772376418846975,0.5269720167590319
4871,0.311148077249527,0.3802604133156523,0.306546727809475,0.32657915716009683
4872,0.06708412617444992,0.7007529364559507,0.31289154625973875,0.706284155260073
4873,0.04169927164912224,0.8609495823247271,0.47693128280884145,0.8142485516415308
4874,0.09450240433216095,0.7942448573446328,0.5219618623930827,0.8450663965108733
4876,0.06174134090542793,0.8285514251162338,0.607822062414506,0.7225655085723508
4878,0.07580811530351639,0.4646811598056335,0.024004907130444852,0.2536190723134965
4879,0.05866717919707298,0.9109376351210694,0.8492778866666555,0.9063536662063899
488,0.10548210889101028,0.738202510510085,0.6286374968594292,0.7186645641472738
4881,0.07005306333303452,0.8407030126225339,0.7403128235085029,0.7967445029383728
4884,0.06388374418020248,0.7237787571228623,0.31877752969921985,0.7028649254883528
4885,0.32028910517692566,0.34200879241772714,0.11546470720234236,0.2821337480754095
4886,0.25394514203071594,0.4534037828858016,0.2619876116104562,0.3383675145861234
4887,0.1291784793138504,0.5108741444020335,0.05111048278712423,0.4471932001275274
4888,0.029292231425642967,0.8733674096409086,0.5646359012002543,0.7503735538838002
489,0.11480026692152023,0.8615661223060669,0.8648108411923545,0.8303337280878361
4890,0.20529498159885406,0.6035344557759468,0.6368275882815605,0.5475944147313863
4891,0.1936824768781662,0.5983604962458479,0.5601927235990602,0.5010494941171451
4892,0.11251745373010635,0.8276358321856818,0.7932778893679435,0.8191211630500246
4896,0.13044604659080505,0.7073667903166285,0.4032533350139061,0.6841461383835651
4897,0.15333159267902374,0.586127358180011,0.3235498530407565,0.7751703138302816
4898,0.10983570665121078,0.6595900222780964,0.3275798125756406,0.7436631425762574
49,0.2659228444099426,0.40827853472836106,0.15009052788599292,0.675980969577808
490,0.019872993230819702,0.6963429644408554,0.36542986958458334,0.8391859012669378
4900,0.1962207406759262,0.4381227222553835,0.2983768141677141,0.3346484074205033
4901,0.0424841083586216,0.8917004915047533,0.654853495667074,0.903115103835755
4902,0.12461868673563004,0.720294761667665,0.7297745968656086,0.6620394390891691
4903,0.10398107767105103,0.5586001672177425,0.39631805800443487,0.48878755738007107
4904,0.1810320019721985,0.41263794872375353,0.04071840760574424,0.25646795247137344
4905,0.06873848289251328,0.8538886422501113,0.7197439595269041,0.8268987943239026
4907,0.04854730889201164,0.7130878063323693,0.1733102891610661,0.5961972083146201
4908,0.027042672038078308,0.6077098895337749,0.22801912722199055,0.39383995721606124
4910,0.0708848312497139,0.5932848825565284,0.17225949433733742,0.5450781525732452
4911,0.03692907094955444,0.9101789700483167,0.8039356581072715,0.9005855076807069
4912,0.16670569777488708,0.4359272421529634,0.18850058332704428,0.3001438896017541
4913,0.28326764702796936,0.4601381206786279,0.4725787810165821,0.40358275234880536
4914,0.08622358739376068,0.7542708211822127,0.6717957458394845,0.6540738634150529
4915,0.11494527012109756,0.8155691455736787,0.8384890573851693,0.797773038161105
4916,0.12165820598602295,0.7765376169691119,0.5171537045790536,0.8007094079716802
4917,0.17111532390117645,0.6138624055887367,0.6737868581166377,0.58627630045288
4918,0.13672803342342377,0.712314515668091,0.3798755486291396,0.7724299754111661
4919,0.13301096856594086,0.8119311600828865,0.7333191945893551,0.8028960632402555
492,0.0878121629357338,0.7737588054129405,0.4857117257514607,0.8548209819324115
4920,0.14244072139263153,0.6455007615827234,0.6187544613965618,0.5963039512029373
4921,0.07420868426561356,0.5832884207181149,0.20714174115848813,0.723701172547297
4922,0.06654436886310577,0.8832332114380103,0.7239223723471994,0.8899122163904306
4923,0.07484350353479385,0.7500683246398728,0.6001734272171728,0.8094040113548512
4924,0.08818016201257706,0.609255456522976,0.17555854948721097,0.5750845952466116
4925,0.07361504435539246,0.8800687697447234,0.8541252120634403,0.8821807033509234
4926,0.04854742810130119,0.9217789100745164,0.8182995741422505,0.9161914385330754
4927,0.09044152498245239,0.4702993825458918,0.1227923103542013,0.2859585355696159
4930,0.05996956303715706,0.7911522928250235,0.7239680996357278,0.7213516259720927
4931,0.01345884520560503,0.8504444982763308,0.5101839791261223,0.799483536438863
4933,0.06927022337913513,0.8902773124928903,0.742573321245667,0.854354054476621
4934,0.06526647508144379,0.6499376364797349,0.32583946496098143,0.7917901312564957
4935,0.0984978973865509,0.4566732969304646,0.09320279999405262,0.6493279493960329
4937,0.04329490289092064,0.6625160487276458,0.28839874728654125,0.7455537596169846
4938,0.12726762890815735,0.6757822265962328,0.3216260721148992,0.6632044295292683
4939,0.14664152264595032,0.5170301886877604,0.3802367088968257,0.4003749752573877
4940,0.033766619861125946,0.9019256198793806,0.6718981908780558,0.8623055755869478
4943,0.08655987679958344,0.8455914305184742,0.7906426168389041,0.8648798858737894
4945,0.12011255323886871,0.769407515423626,0.6201136252272772,0.8258028801591011
4946,0.08099723607301712,0.8914126745531117,0.7130010529453225,0.8413212494519462
4947,0.2297339290380478,0.5188256910974287,0.5277595813150043,0.45468700763549885
4948,0.1177368015050888,0.8339611852187709,0.8625296253723121,0.8138269489732022
4949,0.03708450868725777,0.891189097217655,0.6895120866808154,0.9215583434185308
495,0.10850659012794495,0.7119907175946578,0.6748160803723195,0.7154870288646338
4956,0.02375245839357376,0.5646815665881152,0.045190970035286625,0.4384936839267107
4959,0.050858817994594574,0.46585650796553446,0.0006167930668743006,0.304838491496843
4961,0.020825419574975967,0.5059329716592575,0.01907655624543358,0.36714326021495103
4965,0.045868758112192154,0.7548979705182447,0.32978296433230686,0.8084671312060614
4966,0.018434792757034302,0.7988588725651145,0.4335527730875957,0.8807382810431852
4968,0.06941509246826172,0.5719712160723803,0.21383169906862703,0.5100514795182987
4971,0.03336420655250549,0.48648594902567216,0.02398858342287467,0.2624449289119517
4977,0.18371643126010895,0.41050971498636785,0.07383177485460585,0.34378690513739185
4978,0.11251317709684372,0.6708059559716744,0.5059914085975087,0.8306154838011586
4979,0.2248471975326538,0.4739616346236044,0.15447517926776977,0.7069148973733342
4980,0.06318333745002747,0.5716665683625066,0.06972669405116787,0.45164671767337183
4983,0.0591721385717392,0.6351381916856185,0.24654346243210568,0.5342377700225442
4984,0.0573967806994915,0.7724582643743811,0.5484513289687238,0.8561670028802627
4986,0.03345450386404991,0.4784318915877236,0.01330929287345314,0.35510871536805855
4987,0.16097749769687653,0.6876976703093465,0.7052634977955946,0.7029805779706406
4990,0.11512307077646255,0.8253248953331591,0.6267797747886741,0.8242623269168197
4993,0.10214373469352722,0.5979751674915238,0.2985846054490283,0.7975509509158255
4995,0.029663776978850365,0.48304371379235705,0.008171023846045556,0.4207664337654585
4996,0.21689476072788239,0.5107230954368268,0.4387476981930879,0.46133662413259763
4997,0.08638036251068115,0.6679177624898638,0.3451632021326912,0.7388794289275304
4999,0.050540562719106674,0.48118155827691506,0.02736603153803266,0.4366602018291874
5,0.11669600754976273,0.5965062466689787,0.44909892172766536,0.5528723439784777
50,0.06039166823029518,0.6935497996426874,0.3537520397851082,0.7968206549296644
500,0.0930660292506218,0.7564058340050912,0.6169419209356787,0.784343965585931
5001,0.08246608078479767,0.49368369711912924,0.10337965865378941,0.7156577518307641
5002,0.043851640075445175,0.8803641961120915,0.49610192824596877,0.8600034572822904
5003,0.031168369576334953,0.47331359084541963,0.0008013256258637624,0.42702838969609075
5004,0.10674712061882019,0.5305091167321399,0.11616780590479418,0.44835744507868486
5005,0.058901235461235046,0.5616210822028013,0.31069520469196965,0.5711139258328821
5006,0.07879766076803207,0.6662721714589425,0.3655096321718583,0.8308622613381299
5008,0.03818483278155327,0.7294137809158867,0.363395598967083,0.8116547311328405
5009,0.08340127021074295,0.694465391654053,0.35233228851238624,0.8059729320125225
501,0.10883113741874695,0.8804961122569979,0.6768401227400349,0.818146093002678
5012,0.04173344746232033,0.49948590922223446,0.016535069075472864,0.30629663350104624
5014,0.02212749421596527,0.5879995025756776,0.23946870534707773,0.5904697539229071
5018,0.0957987830042839,0.738332899190556,0.45864243438375535,0.8331502654026413
502,0.276924192905426,0.5183127760790769,0.5980281019366647,0.48593023301768534
5022,0.12934528291225433,0.408856376081573,0.007177246880530405,0.6390519806714622
5023,0.03783832862973213,0.6420388069821563,0.21807217603654222,0.7503977216968196
5024,0.02316804975271225,0.486608757854545,0.04480031037599458,0.4719050381803713
5025,0.05636055767536163,0.5938324435247893,0.2753772872328693,0.6818014072388374
5027,0.28808867931365967,0.5241871070946321,0.3295808996743499,0.3795354129341493
5028,0.14063425362110138,0.4406730249119028,0.147837529682631,0.29607249769357347
503,0.09738096594810486,0.8365635854847259,0.7935404547274184,0.8227104263183123
5030,0.11378971487283707,0.44482770133039035,0.018299323362336684,0.25380804009152597
5033,0.16998623311519623,0.686921880717316,0.6762187779398493,0.618719493740256
5035,0.06639248132705688,0.7671659144481926,0.6541305901252968,0.8181125835946564
5036,0.03133087232708931,0.7686545229258219,0.38567851181569685,0.7874112062853713
5037,0.058994460850954056,0.46734986324209377,0.004426908852061954,0.3640706053761389
5038,0.031015383079648018,0.5008165987159742,0.03534914094542192,0.27415328221075896
5039,0.09854023158550262,0.7057953886470619,0.4158003467080381,0.8037304178065021
504,0.11795917898416519,0.7081671120329598,0.6144842023555855,0.6700375976178679
5042,0.086320661008358,0.6332278241183107,0.30335026922602537,0.7745037876699012
5045,0.0677691325545311,0.4446222114298754,0.007282876430099268,0.5416280335041059
5046,0.05904363468289375,0.6473204853825782,0.2596363416533385,0.763501091628285
505,0.17050236463546753,0.6068503933127478,0.5647126056172305,0.5205604572970258
5050,0.0564538910984993,0.6919253179219145,0.4481833703768102,0.8286220937836665
5054,0.04486209526658058,0.603821260696039,0.15680121683466702,0.6121527200054644
5057,0.06609968841075897,0.49602829448552666,0.2000728179943966,0.33377756657312585
5061,0.04830437898635864,0.7763393712079134,0.48637029783796004,0.8299957285075217
5062,0.07593996822834015,0.6980952702771501,0.5978806377733636,0.6227317558149448
5063,0.08137017488479614,0.7651624396540682,0.6740812667539161,0.7456540418365865
5065,0.16216632723808289,0.7174889809114642,0.763409444506042,0.673541016381036
5066,0.06046280264854431,0.5714926671137742,0.2503383484144672,0.8550960813120989
5067,0.282045841217041,0.5566181571861304,0.5791469118295802,0.4709973287291002
5070,0.047536421567201614,0.4680714285516673,0.00033932726033908894,0.35423673957758905
5071,0.07144926488399506,0.44803011819760885,0.00019149867435221834,0.3457735506601089
5072,0.06585351377725601,0.750274297985968,0.4940312210037097,0.8388651728727152
508,0.019792797043919563,0.8016084193854844,0.4411618556906005,0.8340077295667958
5089,0.028706049546599388,0.48172356737695415,0.0202943036992806,0.3213053546297401
509,0.07206178456544876,0.8390777273555425,0.6699445785399806,0.8452211519105719
51,0.13379821181297302,0.6818384332298726,0.664225135141622,0.6260005612366757
5105,0.07126879692077637,0.449256139613338,0.0011039356559596973,0.5473935407873698
5108,0.1308506429195404,0.7245567671213323,0.6747193643171264,0.7135662830589827
5109,0.07859176397323608,0.723385557676794,0.3758544650476323,0.7894740252405854
5110,0.08346690982580185,0.7920230802530435,0.4565016017657922,0.7964687826262355
5114,0.06375677138566971,0.7542793239095889,0.5837498290185046,0.7766918163633556
5117,0.02920720912516117,0.8748999509626123,0.5638188481386089,0.8026528155949259
5119,0.10523907840251923,0.6721166693728047,0.6425753864338407,0.6390885116902523
512,0.3888016939163208,0.5038299181093527,0.6042551131578802,0.47939149835326045
5120,0.07241198420524597,0.6144568014951761,0.2432145576094345,0.653664432787996
5121,0.06291380524635315,0.6349595948622833,0.35797121866251036,0.5938865008950189
5123,0.09944090992212296,0.6712091035194501,0.24052523169083206,0.650731583289091
5125,0.03436087816953659,0.760897996244754,0.30580383107219483,0.7335394129006563
5126,0.058579590171575546,0.8833984704557714,0.7593547122426063,0.9120561518892966
5128,0.09718791395425797,0.7277564644974434,0.3936961939382501,0.7940701186673883
513,0.11221028864383698,0.803732816994289,0.75137612870404,0.7715909866019546
5131,0.17469051480293274,0.6317733905127922,0.4988876573961716,0.6489486616146666
5134,0.07588271796703339,0.5547416269312141,0.24614692518686188,0.7740192154750362
5136,0.07538045942783356,0.7594033744020665,0.4167763127803382,0.8089739578218103
5139,0.4085082411766052,0.30831744009189377,0.12208116942354603,0.265662369521634
514,0.12772008776664734,0.5811645787403018,0.21000026722303092,0.7021291314727965
5141,0.07200665026903152,0.6172456047983224,0.40270984253871095,0.7251231298592142
5147,0.09261198341846466,0.8452581468347189,0.698847486492248,0.8373982633258437
5149,0.2530059516429901,0.5819860298373029,0.6641418740535745,0.5336297686605453
515,0.33195966482162476,0.5361483452390228,0.551256153610064,0.4804958948755085
5151,0.20304973423480988,0.4061756147373722,0.10842817010649566,0.27581399231239856
5156,0.03191235661506653,0.6241172418871885,0.1437593394657841,0.6342267914112657
5159,0.11541187018156052,0.5195534707244769,0.30518133858226093,0.6557829709315837
516,0.05702837184071541,0.6860082239760977,0.3744873135251538,0.7816331145075899
5162,0.023594945669174194,0.7333765699491281,0.3567575487767169,0.7773862709502111
5164,0.11513469368219376,0.4640655793844045,0.11962683443737554,0.3087662867776997
5165,0.06754270941019058,0.7162899878548386,0.4056430952542599,0.8159397199055143
5168,0.23016294836997986,0.572080720753366,0.6250593269746312,0.5208395145736707
5169,0.16029444336891174,0.7106985756948612,0.7822924896301566,0.7134678710464356
517,0.12049400806427002,0.7281315231306624,0.5656423463001475,0.8152847913905461
5170,0.061618201434612274,0.549689594170382,0.14022614429325142,0.7800082566349
5175,0.08638286590576172,0.6600095653988582,0.22877129199714297,0.6727765099516358
5176,0.08125248551368713,0.7490279100165012,0.5892380954090289,0.8730540741473434
5178,0.07048349827528,0.760059171741396,0.3860882123376639,0.7741818418988959
5179,0.1787816286087036,0.4150427207488798,0.06663868483938805,0.2619928659068307
518,0.06565164774656296,0.7907264378168095,0.5364240906270966,0.8741366462441009
5180,0.46911290287971497,0.3635192739105866,0.310844689132093,0.2936804579218024
5181,0.1651986688375473,0.4314321674325777,0.11540969486900002,0.3439056000519647
5183,0.047657351940870285,0.5826809630004184,0.07883194681675783,0.6024949522511986
5185,0.24120472371578217,0.3805565997790816,0.01330017204308014,0.2516694254567641
5187,0.1609794944524765,0.699123106306385,0.7450904061632013,0.6669971456717976
5189,0.12239764630794525,0.4463082944702135,0.06662735764255119,0.26613643611751636
519,0.11279131472110748,0.6999201744216086,0.4527155982500795,0.6069717750673415
5191,0.17928080260753632,0.6313412430796821,0.6181814506889101,0.5915887555424334
5192,0.03290162608027458,0.6190874991223518,0.14865511660451777,0.648782741280892
5194,0.08033481240272522,0.7703318870314455,0.7473801656075688,0.8104757682353948
5195,0.07405583560466766,0.7572374465448806,0.6001587659546503,0.8351097941429058
5196,0.10090319812297821,0.6463341831780625,0.5182943162789188,0.6966927071334366
5197,0.1609930545091629,0.5618838764637709,0.43815010430483764,0.4740795954346158
5198,0.14944273233413696,0.7305595270730453,0.712844459518828,0.6664128596230313
52,0.06723149120807648,0.45565826526186476,0.010944145608052222,0.40216750786487543
520,0.37945082783699036,0.37040498432327046,0.374537010889843,0.34386697372393166
5200,0.050877220928668976,0.8746824544206198,0.7909928255447506,0.8502425893400034
5201,0.07669541239738464,0.7911306976952787,0.7667945119518097,0.7845633635416146
5205,0.05367128551006317,0.4673076553104451,0.0013887010617283236,0.3420546804555228
5206,0.1811789721250534,0.41118626434498673,0.023826785033750672,0.25212576162411326
5207,0.4709955155849457,0.3265472788712918,0.3888863189229444,0.3097104995927825
5209,0.05849333852529526,0.776703140068145,0.6579176501942018,0.8357897382534925
521,0.04216659069061279,0.46436740119255676,0.001056586379448514,0.4838827390403698
5210,0.342528760433197,0.3301332806879257,0.011537800207731734,0.25098976613434243
5211,0.2362353801727295,0.6603214988480364,0.7269643336881098,0.5963360136815133
5212,0.2423471212387085,0.49131479354718494,0.345988874982974,0.5481688620185248
5213,0.05811766907572746,0.4702142296800026,0.029670474076951087,0.5243443547118868
5214,0.10891778767108917,0.7273719615475287,0.5222503855124268,0.7173272836030492
5216,0.3028605580329895,0.6115236908181314,0.757730469956029,0.5561250284478573
5217,0.14579038321971893,0.560491609186637,0.3544637405247958,0.6454528094506773
5218,0.03165649250149727,0.6805116836512878,0.36793070875094175,0.8741467227436099
5219,0.10354737192392349,0.7912209152769581,0.7204502524138231,0.7880868353540018
522,0.2290128767490387,0.5759569154292616,0.6428768301814927,0.5281693930974102
5222,0.019879993051290512,0.7941636344052487,0.38183015894019645,0.8268885277493486
5223,0.09581495076417923,0.611936352935046,0.6191195465849865,0.5805776058278039
5233,0.10234232991933823,0.7385782743683404,0.476259232533698,0.840076788379899
5234,0.09457775950431824,0.5866615186306396,0.20695619604746213,0.6123231101499205
5235,0.1028946116566658,0.46126631205058294,0.09097942050437535,0.6886404934443051
5236,0.6233092546463013,0.2790192473051383,0.5179368137886953,0.21530539455713224
5237,0.08172020316123962,0.7676764165292602,0.5786863175160776,0.8380775244985024
5238,0.1962481439113617,0.44768632909821854,0.2795102433002963,0.338396550157274
5239,0.06910499185323715,0.7053760196113642,0.5357717567777932,0.663469951439239
524,0.6343448162078857,0.25241986245447035,0.382250783611721,0.25371360303412105
5241,0.1826321929693222,0.6562994188041995,0.3789737111317484,0.718196290967746
5242,0.07028988748788834,0.7080803214840192,0.53532731309578,0.8273037267288872
5243,0.1053779199719429,0.7639171388341517,0.5025124663792737,0.8420975027465399
5244,0.2041502743959427,0.6319288415762625,0.6408128065941305,0.6630641671953332
5245,0.056488461792469025,0.8363523170076396,0.6476583491901864,0.7603065683368391
5246,0.20775629580020905,0.5579293762914301,0.23827380758259364,0.6096945145168733
5247,0.19065438210964203,0.49534383274762633,0.3401945331727992,0.3961924753867727
5248,0.09826983511447906,0.5746384625135252,0.25508208933130533,0.7027067283015901
5249,0.11108043789863586,0.7817144166447918,0.5897242584822812,0.8148278901700271
525,0.24431182444095612,0.5486187280349457,0.5704230639026658,0.4775077843646516
5250,0.05006122216582298,0.8497648156316693,0.5381372213374336,0.8258044663869037
5253,0.07408063858747482,0.6451613149391578,0.14972867196579606,0.6361229933035869
5256,0.13048936426639557,0.6061315401071263,0.5110469475291134,0.5615620921295954
5257,0.07020651549100876,0.7203227824014817,0.5812424113523624,0.8337172531179906
5258,0.10299184173345566,0.4827636380349336,0.22272977091733037,0.47957316951309675
5259,0.12943069636821747,0.7595828506530428,0.6959604571654123,0.7859517526229722
526,0.10015064477920532,0.8673778456843634,0.7946390226042509,0.8561818974262144
5263,0.10491303354501724,0.5224245922938231,0.15685497041556312,0.6527996819953492
5265,0.09446535259485245,0.8270797437318149,0.6538055914536564,0.8665228885305756
5266,0.07541310042142868,0.7219301624888013,0.3763718773477595,0.8022822822007623
5267,0.10519425570964813,0.5040562043972037,0.14942488392326078,0.6400152101551901
5269,0.09584381431341171,0.6910562521118658,0.4418252276951841,0.6599017171621634
5270,0.08538419008255005,0.7032913385230658,0.3400553056865098,0.732910309095208
5271,0.07707195729017258,0.6480170350697382,0.27743014557804835,0.7349863407743022
5272,0.11040700227022171,0.7544963247205387,0.39548010841186937,0.7270529427166217
5273,0.051574598997831345,0.7360407099464079,0.5444092861993614,0.7847610208035558
5274,0.10631106793880463,0.7428693289422017,0.5233991216242314,0.8257537175929935
5275,0.07047828286886215,0.6161554835418144,0.22763839249255885,0.677860064099596
5276,0.11112915724515915,0.7382538686412727,0.4317700283292794,0.7631076005133607
5277,0.08024360239505768,0.8286137409929659,0.6291960120275707,0.8739338215377357
5278,0.0744398981332779,0.5174890245662386,0.10502598916669631,0.5323669200092427
5279,0.12729427218437195,0.5768111020894454,0.24776794662137075,0.7366272132031186
528,0.07460131496191025,0.4430499571752104,0.0022690175167808923,0.7052814121435038
5283,0.15462526679039001,0.624325764323187,0.49732348009662586,0.6511322716918425
5284,0.14194190502166748,0.682385465670674,0.47338331751785834,0.6051752931644049
5285,0.0962536558508873,0.7521026701655591,0.427622396662919,0.817097815394459
5286,0.22324922680854797,0.44807061729153785,0.03286016578870531,0.32593559767695546
5287,0.1278580129146576,0.5984154917774386,0.18968403949680027,0.5842187892096101
5288,0.11419550329446793,0.7922284795829057,0.6466580017657785,0.8138513573029246
5289,0.056019414216279984,0.49558123984807306,0.0820640165305185,0.592176443867408
529,0.031167710199952126,0.51530429632762,0.015568837907500377,0.42189463871795974
5290,0.12186166644096375,0.7769560267131558,0.4864883806154586,0.737477874089182
5291,0.11132605373859406,0.5178498462659706,0.10224661303099097,0.5601953001838695
5293,0.1056467816233635,0.5899401223632319,0.0932199662279833,0.48103970770541127
5294,0.0856274962425232,0.7767449560600916,0.5122208597532496,0.8359162424383486
5295,0.06694454699754715,0.8557030955554435,0.7816170040894015,0.8502643912863896
5298,0.05535123497247696,0.7952290230944055,0.5182311561204288,0.8100547474286637
5299,0.0716233104467392,0.5961465482576495,0.16628877333215916,0.5809431740756678
53,0.07775863260030746,0.6880304182864245,0.514027241780098,0.6329701055339518
530,0.025276968255639076,0.8598409590220835,0.4733389307765508,0.864120876879557
5300,0.0772586315870285,0.5602285897724347,0.11648102777896618,0.6344156430167711
5301,0.0718725174665451,0.8731473642986994,0.786919393326576,0.8692692646055922
5304,0.1181110069155693,0.6438823441579054,0.3343253524646198,0.780184025304288
5305,0.2098722904920578,0.7443552814027021,0.7439460334623301,0.6341067842716457
5307,0.07007339596748352,0.46988744511837993,0.03584676548607218,0.29502010871819506
5308,0.0697324350476265,0.5791928160194437,0.17258223707796355,0.7883740895545135
5309,0.1872209757566452,0.5440865487144413,0.1821917839108842,0.5772330139155157
531,0.10650207847356796,0.7122041636788707,0.6278800792330701,0.6183806001141138
5310,0.10765096545219421,0.7456752176128721,0.4890335769623567,0.8232036860441247
5311,0.09726619720458984,0.6241872581560659,0.1756473538878665,0.6870611561676505
5312,0.0767136812210083,0.7446945807911938,0.5202388992710528,0.6975623199409096
5313,0.2966269552707672,0.42807477850750364,0.37471780644974845,0.3679394823987923
5314,0.05870760977268219,0.8142962246514713,0.6658214644146466,0.8108471002491661
5315,0.06775405257940292,0.5757393246334181,0.2319771238011968,0.7021658368996753
5316,0.1739051789045334,0.6730407326997843,0.6198377151192295,0.6799205324313633
5319,0.12428250163793564,0.49617895623033637,0.16597420743964908,0.6507046131531488
532,0.08264349400997162,0.8511595406540473,0.6284741270759215,0.8403771899385035
5320,0.11722016334533691,0.621378821570608,0.2795587622558079,0.7252167487762271
5321,0.06228232756257057,0.8355798430128403,0.5979835908431573,0.7689310495005028
5323,0.08876576274633408,0.7735888758846141,0.7151117595509868,0.7331003268756083
5325,0.22381003201007843,0.5219667029046213,0.21268084413906724,0.6775620308261175
5327,0.08297819644212723,0.5759083975353145,0.20657202272891104,0.7769355850323427
533,0.1300717294216156,0.653504254145614,0.4684158445204593,0.6441807134852113
5331,0.11047516763210297,0.6251034756971989,0.26715497113263736,0.8102375088291804
5333,0.06014188006520271,0.8255928183367534,0.5753360354871427,0.8301071536512004
5334,0.16764035820960999,0.6377946093557758,0.5120018535158898,0.687147136216171
5335,0.1331818848848343,0.49060048849091525,0.05295383748721826,0.388653184817671
5336,0.18634088337421417,0.4777079414651681,0.09461110539509401,0.5380578633050821
5337,0.045825157314538956,0.6408273494502437,0.19786095300317816,0.737207367971561
5338,0.13249872624874115,0.770772545591972,0.6137757955910856,0.8332248765357193
5339,0.16070954501628876,0.7066249444709338,0.5878036182214825,0.7583433040936928
534,0.3007809519767761,0.3586024321434462,0.10009314916528475,0.26903956092913595
5340,0.06859976053237915,0.46727056668513556,0.01643833350250957,0.2509232878969947
5342,0.0551399365067482,0.671378580287246,0.33938008355466226,0.7523606549523335
5344,0.17054255306720734,0.5750030308374396,0.17206154369893048,0.5269003064993218
5348,0.1608738899230957,0.6877071256629581,0.4342847991081416,0.7336010084397722
5349,0.042097583413124084,0.7259248599199256,0.3919659713457873,0.8837431329744053
535,0.10534773766994476,0.5980357705231614,0.3241626009296865,0.5161259390915941
5351,0.09713749587535858,0.4768374035040992,0.028788578002169243,0.46113040086127416
5352,0.06633666157722473,0.568168349347162,0.16786035499389498,0.6186935580400962
5355,0.15577280521392822,0.5361969279968662,0.24964032209436443,0.6433530573687376
5356,0.14463916420936584,0.4984154030342459,0.17329637455705713,0.7594722939658256
5357,0.12725983560085297,0.7230967355203227,0.630237706059113,0.6751607896804013
5358,0.09772060811519623,0.6004982987609475,0.21751176705923364,0.6390789344297407
536,0.08893091976642609,0.8390611744815437,0.4896833963169265,0.7961323875084168
5362,0.10261313617229462,0.5390973999488129,0.1306390590012674,0.5715463932506895
5364,0.1899634301662445,0.4332285968071994,0.17452205791490313,0.29809826306090004
5365,0.07343986630439758,0.7782787494275077,0.5422201365041707,0.8825431563722597
5366,0.05863155052065849,0.7386742228445158,0.6283669999715072,0.8812363928481469
5367,0.1496533900499344,0.5320376484601725,0.08722242561673295,0.6709738574419158
5368,0.09463311731815338,0.7453231155495736,0.4365191095461286,0.7811314989965583
5369,0.04271164536476135,0.770103221187173,0.42274729547671197,0.8920371586650173
5371,0.18276898562908173,0.515766588188225,0.37578183849378627,0.5541724775563021
5372,0.08124490827322006,0.6340197230796811,0.3166982223375319,0.7596975639194182
5373,0.07326193153858185,0.6431575815653408,0.3180564799344823,0.5701899787052336
5374,0.1256251335144043,0.6463517261953198,0.3053283638121767,0.743512950288795
5375,0.03848711773753166,0.6752682590855745,0.24266928732416587,0.6946252788026055
5377,0.057258568704128265,0.8004023573201534,0.48810154910304676,0.8588666501238054
5378,0.13067485392093658,0.6798050621143569,0.4930481697178768,0.8225575657270983
538,0.20096881687641144,0.6954534934478998,0.5467798441302222,0.7380051513320732
5380,0.05539485812187195,0.7812842998070368,0.5132928760981752,0.8219029571687104
5381,0.04915350303053856,0.8004251022877675,0.5196054588165842,0.7725295976485345
5382,0.1016165018081665,0.8141323248893706,0.8051050655045187,0.7943445039058298
5383,0.11836691945791245,0.695593845297676,0.5372560948186679,0.7423807587763545
5384,0.10921814292669296,0.7171763161447274,0.6220437595328754,0.7641155880679076
5385,0.10769511759281158,0.7725576013200306,0.6565484671797447,0.7049883344277905
5387,0.07660281658172607,0.8558647594760239,0.695171608648143,0.8543057450754391
5388,0.09149128198623657,0.5977769163952398,0.37121611224751805,0.5399425188851686
539,0.05791027471423149,0.5386405346590062,0.3450850713210388,0.58660971539842
5390,0.24965624511241913,0.49874028397889414,0.21003715355565422,0.6259553972449159
5391,0.11950749903917313,0.8379831733656273,0.8147576262412559,0.8296852293617232
5392,0.06822960078716278,0.6162053807918757,0.30735353952706723,0.5025111900341723
5394,0.11841834336519241,0.6905890056714923,0.3316271231985409,0.7412127959018262
5397,0.20870022475719452,0.5116504695234306,0.5021743423831917,0.44642258161553716
5398,0.054144419729709625,0.8401047508925441,0.601780763962149,0.8951133870468171
5399,0.35554826259613037,0.557647600330762,0.6974581569884722,0.4804837052400509
54,0.08247788995504379,0.7180215345464793,0.6284975822955969,0.7995287037564083
5400,0.30029892921447754,0.5784082305668597,0.5942685907564048,0.6243936870178992
5401,0.11218252032995224,0.6806642474514553,0.4641593790112673,0.8449847718677872
5402,0.15345317125320435,0.5430494469357473,0.1514927612089789,0.6172646904505452
5403,0.364117830991745,0.4024660410776038,0.3920049738746402,0.34362581880107823
5404,0.23453909158706665,0.39735842821800177,0.13353420328615517,0.28231506700125863
5405,0.07714531570672989,0.7710550552190387,0.6510417222645556,0.8222102917812864
5406,0.13040956854820251,0.5527195118004958,0.5711580168569619,0.5271129279605656
5408,0.1526332050561905,0.6574286599632048,0.37154529944509246,0.7796546744839836
5410,0.05953993275761604,0.7235028945606666,0.2950113922431759,0.7831453131983397
5411,0.0633709654211998,0.6920414137643269,0.44608702340175116,0.8506322468468939
5412,0.041719455271959305,0.8001050108732671,0.46525566037531174,0.8525133047536881
5413,0.1698375940322876,0.4888720724811659,0.19587526747238362,0.7658143251184141
5414,0.18542557954788208,0.6166517430765472,0.48102064938194694,0.7283306028819141
5415,0.05719345808029175,0.565060099064379,0.1600546129425998,0.6971249312751755
5416,0.09470247477293015,0.6726146514998688,0.43303622690239907,0.7298483311181996
5417,0.20513522624969482,0.5651451212157222,0.5143036263639306,0.61767972645459
5418,0.09135696291923523,0.7245539438489055,0.5535527200556313,0.6276069770485488
5419,0.1417018324136734,0.6943422115081106,0.5846761459522014,0.7443972199755586
5421,0.1259755641222,0.6306317244271158,0.4581975887354163,0.6496244171464728
5422,0.08552314341068268,0.5500065509723362,0.14892102629647144,0.6455904407907922
5425,0.23465080559253693,0.4905912817674922,0.13267346450030748,0.46263731709552114
5426,0.09305474162101746,0.5725220920637113,0.17827317444516047,0.6499784562001476
5428,0.21503500640392303,0.5074783525092479,0.5092028419476586,0.5015769359312622
543,0.088279128074646,0.8234328956236647,0.5282559791517975,0.8150440152911095
5433,0.14956028759479523,0.7050916391315587,0.5978357099886593,0.7249190403871275
5434,0.12157026678323746,0.5639247061610717,0.1766787456685456,0.68546944224223
5435,0.06281697005033493,0.7331320389569236,0.45153617666948787,0.6937105057057446
5438,0.12694495916366577,0.7294644084658366,0.3798747676228637,0.7754094091098025
5439,0.12736953794956207,0.7493247459586281,0.6360032680094182,0.6871317804811935
544,0.48817959427833557,0.3275842649465083,0.31146654933586576,0.2917098898952435
5442,0.15281879901885986,0.6965993868105398,0.7616593586459809,0.7231477556965784
5443,0.1400984823703766,0.6861967768894348,0.5727728513161616,0.7786722678042954
5444,0.13195179402828217,0.6826199641501344,0.7404196355090609,0.6814941487786174
5445,0.10967540740966797,0.7073721592362489,0.624979645302544,0.7639792810093834
5446,0.10389771312475204,0.6827773423750154,0.3551380196134493,0.7884186572841729
5447,0.10039931535720825,0.7912435684722448,0.601990611036402,0.8661906717330323
5449,0.12428823858499527,0.7377231623634732,0.5731406886540281,0.7862426625195715
5450,0.18775349855422974,0.7348343365947093,0.7795106829735158,0.7244288690237379
5452,0.21184776723384857,0.6363271658478964,0.6285240563149496,0.5990818446689892
5453,0.14686334133148193,0.4617545773939425,0.2549965605414649,0.3749237826070807
5455,0.1567886918783188,0.7831076983689287,0.7769753339657073,0.7832168932577596
5456,0.0765097439289093,0.47321988214552685,0.11513951073825951,0.28355066596164713
5457,0.16686011850833893,0.705814512441777,0.7668009789650113,0.6850621242745972
546,0.042039114981889725,0.8110053634113032,0.6440423449208594,0.7370194383779944
5460,0.10742806643247604,0.6361731764851709,0.3099947605856954,0.8161706697536988
5461,0.0875139981508255,0.6867895721066711,0.30188526080370026,0.7717382482580695
5462,0.042685508728027344,0.8940918267279905,0.7328419005681096,0.9093130153371916
5463,0.06681978702545166,0.5371916458934767,0.14093758431519895,0.39991848515329975
5464,0.12688538432121277,0.6993499745712071,0.5984258441658391,0.7284191983481259
5465,0.12992791831493378,0.5657055304064216,0.18256434669232466,0.6494270949535496
5466,0.06373453140258789,0.6450855483711263,0.2962873418908391,0.7347448790351009
5467,0.1295885294675827,0.7235434087622861,0.5460201379007641,0.793701418521586
5469,0.12949423491954803,0.44891772814436176,0.1591647501806196,0.40291237961361404
547,0.14800181984901428,0.68634427582909,0.6831834808911326,0.6097015196983007
5470,0.15791290998458862,0.5766305642997342,0.26510309777788,0.7431536764843273
5471,0.046703971922397614,0.5862706883157868,0.24344268355068963,0.7673547593704817
5474,0.17113648355007172,0.6457087846077548,0.49692766936118515,0.74606868568816
5476,0.12843815982341766,0.44364586772905973,0.10015622491035694,0.2739170201968465
5478,0.26170873641967773,0.4578931479055777,0.2787500799750295,0.3598107735073449
5480,0.03490611910820007,0.8392625219523187,0.5166927562051552,0.8323519130074493
5482,0.0632612556219101,0.794806628933096,0.33329740030376737,0.7519769367122888
5483,0.03197026252746582,0.8462921054848858,0.5579856600152623,0.8927878676252095
5484,0.06219082698225975,0.7708162109988663,0.4777944694628295,0.8644475099215485
5485,0.28625234961509705,0.3649830315492997,0.1117706436713327,0.27113516193402354
5486,0.2041480541229248,0.4060002652262695,0.08463686121222078,0.2672808456682934
5487,0.15077367424964905,0.6156243166265927,0.20089912444149935,0.6700697031021478
5488,0.08194217830896378,0.48745504512670346,0.18113580554160846,0.3141253552142574
5489,0.08543138951063156,0.6999161429859901,0.7039125670509115,0.7546830431836764
549,0.028957141563296318,0.8789115407101087,0.5769187208445519,0.8967568821871983
5490,0.033437300473451614,0.8819196082573957,0.6832305293173072,0.8044392443674915
5491,0.03742649778723717,0.6046466258674041,0.15893109349431084,0.5619553114573503
5492,0.21479499340057373,0.5395893005510736,0.45172445726788035,0.6145975086979834
5494,0.08865419775247574,0.45789317834197296,0.034146258868342244,0.252888991229844
5495,0.11400306224822998,0.44699628849588624,0.042085315486997725,0.25934676633706344
5496,0.19461652636528015,0.40454255636517106,0.02217296973636626,0.2518467381654782
5498,0.18169939517974854,0.6132816283613306,0.5738203599937378,0.5250241087602109
5499,0.07753423601388931,0.5574978142467947,0.08628292423311265,0.45814553013477866
55,0.06743336468935013,0.6418322840602989,0.2517736451320988,0.7595910775912416
550,0.05862952023744583,0.45708573325771473,0.0003353070872811048,0.3953235685895543
5500,0.09791874885559082,0.5700704301640364,0.24246291397933212,0.3598502633877393
5501,0.047336459159851074,0.7284054863507872,0.3452597766058335,0.7773968545482552
5502,0.08131358027458191,0.46505827908724323,0.06217929611469042,0.2632328529922645
5503,0.09194798022508621,0.7687077335051837,0.42442140196705913,0.837099450318309
5504,0.09468624740839005,0.6605342480275433,0.3769761938464758,0.754908320589434
5505,0.044112514704465866,0.4761160718639157,0.011462607908887722,0.29094878873955954
5506,0.18133416771888733,0.6138772838552093,0.4884863589973747,0.5963916486631352
5507,0.03143984079360962,0.6047346850814049,0.224355890305732,0.6518768027440263
5508,0.08989270776510239,0.6884737061644353,0.42253087551401863,0.8762724523910379
5509,0.26872581243515015,0.41284575865052964,0.24367122372732947,0.3225954593169985
551,0.026908162981271744,0.8414286564019879,0.7518482027460149,0.8394502216443411
5510,0.08742766082286835,0.5258250051319451,0.3050664581961112,0.38546296872850305
5511,0.20306138694286346,0.5571230731811743,0.3213334926088017,0.4526330967934358
5512,0.3130648136138916,0.3449446994847778,0.0156751831005244,0.2515489741839822
5514,0.041646163910627365,0.4892234291144869,0.05148247672456164,0.27687538758417607
5515,0.02631978876888752,0.6813368439614377,0.2951740008602393,0.7863865226270765
5516,0.04733245074748993,0.5883242551527328,0.10436885248264065,0.49207751202086414
5517,0.061706479638814926,0.5630852141969416,0.1784404812724303,0.6232932887211966
5518,0.2524047791957855,0.37953633874224046,0.07089046906844904,0.26046924239251334
5519,0.16522462666034698,0.42621448906393833,0.1137144225416591,0.2748743531274014
552,0.09486479312181473,0.4419677202232751,0.00035315054666375364,0.37635166613706816
5520,0.3270750343799591,0.35144348511666207,0.13540541329759803,0.27517472112587005
5521,0.06319910287857056,0.46890654943671184,0.02647080483808176,0.6097985729369356
5522,0.11200698465108871,0.6333212712361821,0.18842433955237373,0.6736606081704309
5523,0.07032694667577744,0.49036287101808035,0.10278788007398032,0.29323336449654913
5524,0.06984511762857437,0.6220262870076064,0.386963905541635,0.47910754461898514
5525,0.2980795204639435,0.35480048813216325,0.06041928578064099,0.2565205885920123
5527,0.13186436891555786,0.5562114482642392,0.12168552656825343,0.47357109208393144
553,0.06966087967157364,0.7287276878542394,0.34405080598422527,0.7482343103014149
5530,0.05373629927635193,0.47065781959922004,0.017194831366583556,0.5719305568948704
5531,0.17413733899593353,0.56882528446207,0.22601245198943926,0.685758503630416
5532,0.0940132662653923,0.5584567259475848,0.14174614338970867,0.5709440960706039
5533,0.1782812476158142,0.4991206212964845,0.3939194903597503,0.39944566533030385
5534,0.05728020519018173,0.842918481948727,0.5830863259394333,0.7532338495502564
5535,0.10695496201515198,0.49723040417163955,0.24590410105842775,0.3524760923171107
5536,0.15759937465190887,0.422869173945057,0.018450841137681452,0.25123917241572585
5537,0.15715599060058594,0.5024440432377065,0.3294176459717245,0.40179151053280193
5538,0.034504227340221405,0.8748716607115057,0.6864617342720613,0.8757840951793638
5539,0.016064969822764397,0.5419160172046952,0.017111315677956845,0.43213840359821204
5540,0.11646957695484161,0.6203037370504183,0.12150570339866462,0.525209972969072
5541,0.0517599880695343,0.7779821162739424,0.4053177124316267,0.8171251553472084
5543,0.04044507071375847,0.6378506914032466,0.09978331132156786,0.5117331254978528
5544,0.0702173188328743,0.6577369257581729,0.2958485195832459,0.5040012481792662
5545,0.09961153566837311,0.5317620881186527,0.31549310115286244,0.38522842464104823
5546,0.1348731815814972,0.4374322978299274,0.07429973421148763,0.2651211351218693
5547,0.07680673152208328,0.46882602146035623,0.05336995525637395,0.2594776824296848
5549,0.30698132514953613,0.3480524430401127,0.018490055268781426,0.2519876265576515
5550,0.029926016926765442,0.904086297454506,0.5526872141534696,0.8301133987269913
5551,0.11933322995901108,0.8160852657785563,0.781363987943814,0.8117922543100478
5552,0.16055701673030853,0.4247602739958943,0.08708316779834009,0.2913101210746944
5553,0.06317047774791718,0.5753304299243494,0.2733925764754611,0.4667930090385502
5554,0.15195351839065552,0.42740089354320077,0.037824707356022474,0.2552424699961542
5555,0.07480379939079285,0.6937964614208345,0.29543248481646206,0.8010518849215806
5556,0.05867431312799454,0.8160641061905424,0.579034356786549,0.8623686733915323
5557,0.1886630654335022,0.5832550673390124,0.4612473173036146,0.501456882775713
5558,0.071869395673275,0.684588066713847,0.286335281567849,0.7077199378436853
5559,0.07040601968765259,0.705334390571502,0.4326018898372692,0.7103748947771023
556,0.5004564523696899,0.25444870833176647,0.05827888441841335,0.25647815687158737
5560,0.15886831283569336,0.727278438436601,0.5996275290449921,0.6972596540769928
5561,0.20680412650108337,0.4326726182411903,0.2544165349964908,0.3316667990931119
5562,0.04379826411604881,0.8306967466622929,0.3844365572134649,0.7907751616369201
5563,0.060334354639053345,0.5926224240123329,0.17216021011593158,0.5829598795332543
5564,0.2236780822277069,0.47513880865855407,0.38744656198959165,0.38752421133477366
5565,0.03733456879854202,0.8094163412234463,0.44931268740053015,0.8346069709693343
5566,0.034117117524147034,0.709332880138679,0.4072893465820727,0.8079584755645798
5567,0.05607588589191437,0.8305843433952804,0.48675698470326567,0.7300219575099373
5568,0.07821843028068542,0.6608374705155394,0.4846452937378237,0.6400013010181498
5569,0.09764857590198517,0.6645931776564721,0.43315585877860946,0.5854703842021833
5571,0.08310887217521667,0.7305751598018806,0.5101281010720191,0.6689410857755039
5572,0.11362382769584656,0.4751474029747691,0.2658888378522685,0.3376515131444551
5574,0.07966568320989609,0.7549321956157289,0.5834057030376049,0.621797155396275
5575,0.20381595194339752,0.4661555399369432,0.27458366473791873,0.3876966507286652
5576,0.21770748496055603,0.4789334308913776,0.3609401040388762,0.43847640251593134
5577,0.3021348714828491,0.39504829383172907,0.33607947123883214,0.36584736526868966
5578,0.17496514320373535,0.42033572769187627,0.10593934956287428,0.2712638023113787
5579,0.11535856127738953,0.4674117792361194,0.21820091152154183,0.32751589865231145
558,0.2693738043308258,0.4105394953279168,0.28591734719175815,0.32945031151970683
5581,0.19266913831233978,0.4980004737707795,0.14914315448927706,0.6906160614290932
5582,0.016815263777971268,0.7932766107752953,0.39061699292658686,0.8569761352022287
5583,0.19929377734661102,0.5451687243547848,0.5312873738275127,0.4882140905983556
5584,0.03559079393744469,0.6698601407071745,0.2886590481803879,0.7469467942701373
5585,0.04362441971898079,0.8710966632518506,0.6292125926967347,0.7716194961347718
5586,0.03511866182088852,0.6361201488151226,0.2911213908626602,0.4920353074780768
5587,0.04045303538441658,0.5084103421586802,0.1677930283379181,0.36831776517129483
5589,0.11958524584770203,0.6643082845580538,0.6567246515811104,0.6055080287884824
5590,0.11718794703483582,0.44543902909907424,0.050302002031861776,0.2568251709900582
5591,0.13531170785427094,0.4348051480444202,0.03233347162389165,0.25572814521012166
5593,0.13010838627815247,0.7107984328081147,0.4155735967672641,0.7985524953081721
5594,0.07055056095123291,0.7151366441842958,0.5289317307506007,0.8276646209189814
5595,0.23700837790966034,0.6394753584361443,0.7821951035375019,0.6346793227234525
5596,0.23676535487174988,0.6032326427209215,0.6696603433747886,0.578282740491653
5597,0.0797518864274025,0.7038444306895321,0.5812116888096172,0.6909942199123724
5598,0.05493127927184105,0.8631231150211409,0.7874190265474169,0.9047838599248541
5599,0.04400737211108208,0.8440666297014079,0.6308276174846529,0.9242457109884883
56,0.08984854072332382,0.552568455405231,0.2235178289863605,0.833444090010384
560,0.09600771218538284,0.8942273806008811,0.8019712083077055,0.8451449704958511
5600,0.11488480865955353,0.8089146698147698,0.7131103317162529,0.7593029197063923
5601,0.02152770198881626,0.6656700456577895,0.2009805656316744,0.7428991924844198
5602,0.03997112810611725,0.6657886194194669,0.30626745911243153,0.8216953236187332
5603,0.08157575130462646,0.763660963337834,0.7505717756687352,0.7587420201914716
5604,0.023095302283763885,0.756934732485947,0.30874533108977537,0.7651642605180611
5605,0.07746446132659912,0.7287563412401299,0.4705879585950003,0.7755814951057722
5606,0.13117405772209167,0.5863813337018314,0.2650780947809619,0.7627958756979655
5607,0.03934156149625778,0.807329726645929,0.44292926685046996,0.8592285913133266
5608,0.16848179697990417,0.7352244257928611,0.6382064072315446,0.6975306815414506
5610,0.05208661034703255,0.721201317857225,0.588255113364473,0.8424171739254728
5611,0.06838390976190567,0.8049402119244481,0.654328722139475,0.8503496305004962
5614,0.04889621585607529,0.8199110274489043,0.5613376669322054,0.8897525256975937
5615,0.08545853942632675,0.5865885544196816,0.21246947727817747,0.630168955394765
5616,0.13285879790782928,0.7712976770240314,0.6838817557744217,0.7534240931143672
5617,0.022004252299666405,0.6117448280629327,0.21108922148131595,0.6035568450395309
5619,0.09967294335365295,0.8377515934699624,0.8163826072182357,0.8117304990107992
562,0.1761951893568039,0.6392959947571529,0.6475022791599865,0.593091205553804
5620,0.12913142144680023,0.710751778365901,0.6737634365452797,0.7204777778424947
5621,0.05358264222741127,0.7801998872792235,0.5055840321138105,0.7418472632057811
5622,0.1263820379972458,0.7093936360607146,0.4379465020837629,0.7109279690901247
5623,0.0763007253408432,0.6338324729594389,0.12833378895434655,0.5979503412056446
5624,0.060349758714437485,0.5535457730317337,0.21218493299304547,0.3562369342243569
5625,0.055799439549446106,0.7388497161480267,0.3729560162919086,0.8088573613752452
5626,0.17017081379890442,0.5015979784630156,0.05039626593510189,0.43111371265941745
5627,0.09452495723962784,0.7152859211849641,0.45162862190354247,0.8234288220293396
5628,0.08624260127544403,0.6932564334015914,0.21067119563277123,0.6415123876154005
5629,0.04455660283565521,0.8394310960773753,0.768647009951369,0.842004874665699
5630,0.24329014122486115,0.5242064830465671,0.5319947828347391,0.5044558112701688
5631,0.019753675907850266,0.8919195688626098,0.6348103968692241,0.9357349745285327
5632,0.0633360892534256,0.6940105854066106,0.2527255768749213,0.731259152955221
5633,0.03868507221341133,0.5873478377232763,0.14367393523104113,0.6178676067937531
5634,0.029800331220030785,0.7352804010721976,0.36910511116085915,0.7957651173536036
5636,0.11705871671438217,0.6246963438391577,0.19302006508549852,0.6188487660855035
5637,0.04402652382850647,0.7090901120999182,0.2650589877988712,0.6261015111540743
5638,0.077301524579525,0.6637499385007747,0.3867723086652029,0.8434691915208503
5639,0.16427181661128998,0.4458348906022935,0.20753460204782356,0.31820425122694207
5640,0.06589418649673462,0.7172563852671251,0.6312994317484659,0.6855274839548111
5641,0.11850253492593765,0.7934494489713075,0.5019433691748363,0.763063022098128
5642,0.0642453208565712,0.5939561509237589,0.21079522666525996,0.7987971248557444
5643,0.20376022160053253,0.6017678913443194,0.6947567926493895,0.6100088448785702
5644,0.04093603044748306,0.7521505509586239,0.35102806732227526,0.8030337811930319
5645,0.10359571874141693,0.6958834095349687,0.6409964189480645,0.7144365829757129
5646,0.059598658233881,0.6674261602641454,0.2777372655810284,0.6916555395654258
5647,0.0487610325217247,0.6128309786041055,0.21875281967953464,0.6075739986442408
5648,0.05008647218346596,0.8635085735021695,0.6840056875198643,0.9253986269839609
5649,0.3261522352695465,0.4740026262095891,0.5687032440104086,0.43709796702149645
565,0.03092840313911438,0.7699578214478373,0.4192486414457236,0.6994879055908098
5650,0.04044164717197418,0.8454850006320174,0.5640875003641861,0.9012362551993933
5651,0.03522169589996338,0.9104087148686921,0.6909783812559106,0.9104908205781548
5652,0.07828164100646973,0.7765057700709119,0.6792680766280487,0.8618397349514408
5653,0.02877018228173256,0.7319478052333694,0.38225782153172594,0.8463087065012348
5655,0.05594395473599434,0.7790953615071121,0.45104887354209566,0.8391067276832498
5656,0.1254497766494751,0.5356401889728167,0.11744064519586558,0.5638105644086236
5657,0.20972271263599396,0.6711323814344619,0.6657274123267639,0.6659674873023964
5658,0.1694815456867218,0.7261306040775661,0.779197511161525,0.699396719469619
5659,0.08948396146297455,0.7523193287456951,0.5616440151922878,0.863511207782997
5660,0.05489449203014374,0.7455990223797486,0.44161658351762345,0.84352193044354
5661,0.1758131980895996,0.6035312811755239,0.4842369263090013,0.7381708647332473
5662,0.08363154530525208,0.7799010475847848,0.7568566854300439,0.8365615873694557
5663,0.08352643251419067,0.598257265447969,0.4399834992284779,0.5087231612623195
5664,0.05920349434018135,0.8317372104409999,0.7269751056616668,0.8557830929282217
5667,0.07858312129974365,0.8506984639010922,0.8234612455508524,0.8269277176179294
5668,0.06575766205787659,0.8161712323376944,0.7129463187196928,0.8267156334307757
5669,0.23854902386665344,0.5634950169858743,0.6589648999117637,0.5546334561610494
5670,0.06747059524059296,0.7620057380838428,0.6500368623450898,0.7013855906920229
5671,0.14681239426136017,0.4294338869447728,0.05876038400783717,0.3233093035032589
5672,0.012703768908977509,0.7652670399864023,0.4140197224839424,0.8218448531009732
5673,0.03187068924307823,0.8532863386725056,0.5068583927936591,0.872510455819549
5674,0.07812134176492691,0.694358893787451,0.6454119081612022,0.6967661251863144
5675,0.14522536098957062,0.620501723752575,0.3747122667008343,0.7483448520785495
5677,0.273411363363266,0.5652792819096857,0.6338154064812501,0.5145395765575798
5678,0.15500153601169586,0.5015299925612714,0.4542082626121111,0.4399497122702005
5679,0.0913919135928154,0.6690013256256746,0.5998263952635322,0.7473785789735212
568,0.2954428493976593,0.35480067053103126,0.027251733830451458,0.25188021980191644
5681,0.034560855478048325,0.7635756444317991,0.5445483039107336,0.8370701797504041
5682,0.06357970833778381,0.7591487884881745,0.3899765550052672,0.7969693042640354
5683,0.06011368706822395,0.7937714464651038,0.5514005255621317,0.8905318873381166
5684,0.056583207100629807,0.7076563901786567,0.30402934486130084,0.7324578769069134
5685,0.1222623959183693,0.7168313960144377,0.4485050975324075,0.8153643141801861
5686,0.2508905529975891,0.4022973770389849,0.26163777254901166,0.3209058959481947
5687,0.07529595494270325,0.8374987212288372,0.8082158642430809,0.8766906507450316
5688,0.22003766894340515,0.6233651431399205,0.7046410959914611,0.599111395912044
5689,0.13167661428451538,0.5735317934060129,0.3375346657771399,0.6978220920237062
569,0.3668557107448578,0.32110339144786143,0.05898830468080376,0.2581180185908458
5690,0.023654023185372353,0.8889434135562733,0.6620520879700469,0.9060902054926276
5692,0.12692570686340332,0.7098983877513889,0.6841144702885291,0.7294103308419222
5693,0.06992490589618683,0.8555964942740146,0.7677561837254818,0.8661273661053981
5694,0.10506949573755264,0.5155939203761504,0.3690710710862813,0.39585858078781294
5695,0.07772374898195267,0.5271335555369914,0.09389507572325645,0.6971411659923683
5698,0.08348312228918076,0.827136202527764,0.7242684689143674,0.8427762495977817
5699,0.08448544144630432,0.7594667214466432,0.4963063612025823,0.8568561235049164
57,0.031814709305763245,0.49280599483095544,0.027235232232878916,0.2582604613522602
570,0.1519952118396759,0.6754874056170483,0.5292482621237605,0.7989728686517459
5700,0.03751010820269585,0.8292940533638339,0.512221536713601,0.8638807901381338
5702,0.09397074580192566,0.6902884434983154,0.6426644964415201,0.6871982393959807
5703,0.13337300717830658,0.774310323250176,0.7138870165570538,0.7381230811921394
5705,0.01311266329139471,0.7356069311523025,0.42885432048584937,0.6898358069841865
5706,0.1607324630022049,0.7585845754516962,0.8142736398689594,0.7485742355965983
5707,0.06531309336423874,0.5381696664380371,0.16285295133716202,0.774390491936646
5708,0.06559965014457703,0.8150846137151271,0.7380646272561384,0.8156046900862768
5710,0.0648709088563919,0.6777349731874087,0.2883436872402654,0.7320740132175798
5712,0.04471493139863014,0.8239265970106411,0.5672147826585603,0.7056826112345319
5713,0.15699425339698792,0.6341649800255117,0.5492284643607792,0.5482720812978255
5714,0.08020378649234772,0.6787812774990141,0.5841845495819189,0.7095237926255599
5715,0.2186470925807953,0.6105796387255609,0.7099310680679499,0.6049381101254412
5716,0.10615566372871399,0.81072249503044,0.8033657603845331,0.7900154534081143
5717,0.05950586125254631,0.6891576947468634,0.2792176399640823,0.7322096975033838
5718,0.024937540292739868,0.8754797396695884,0.6024590673171131,0.9192494372080144
572,0.23655256628990173,0.6122762678933964,0.6629975713072238,0.5951105924742736
5720,0.014764909632503986,0.7939676000242462,0.379983698912963,0.7311861327986531
5721,0.020503852516412735,0.8915576802495909,0.6619740577108612,0.9134558440431751
5722,0.15879973769187927,0.5155013706764925,0.39841278565752636,0.42061047302961196
5723,0.12905308604240417,0.6948383182487632,0.7084625591770286,0.7490624878406109
5724,0.07655679434537888,0.5734963434134788,0.15036552536879966,0.7297997482279319
5725,0.05075377970933914,0.8949332575358501,0.7122161875009484,0.9041548124532586
5726,0.022944532334804535,0.8419129416705873,0.5822593267339384,0.7903642359662877
5727,0.10257390886545181,0.5911674029795582,0.15844016308126388,0.6686625628596166
5728,0.08770131319761276,0.4593539745495801,0.045721501006626725,0.25821733815282233
573,0.06579434871673584,0.8419130845423628,0.5687317746920888,0.8708682730213486
5731,0.04893484339118004,0.7790945595796106,0.4401046928030369,0.8467652726632835
5732,0.3470301330089569,0.49291076039578574,0.4600628317831831,0.3871881829260808
5733,0.07051002234220505,0.6844393375740464,0.33842511863432295,0.6995312271326375
5734,0.06651248037815094,0.9041491489728859,0.7071506717409666,0.8852238336732751
5735,0.06844890862703323,0.7232583911312493,0.4058592058979754,0.8365688230325464
5736,0.07435967773199081,0.6948931258986419,0.4352438861850319,0.7661212816515319
5737,0.09125853329896927,0.8324382634892435,0.618274895628895,0.8432016685157491
5738,0.042668379843235016,0.7826185148305616,0.492615366335685,0.7887415257176223
5739,0.03870413824915886,0.8111303482287141,0.5010211619774868,0.8918887984113951
574,0.07254932075738907,0.5277126069665543,0.04958972750686642,0.41370842937261176
5740,0.13943825662136078,0.7079702824452563,0.6174158234602586,0.690696373638199
5741,0.03171446919441223,0.8436049665290143,0.6123489947136204,0.8352726549962597
5743,0.05417029932141304,0.4618453167157445,0.0075195676782476425,0.6954533073383082
5744,0.040877800434827805,0.8445916613291284,0.5439211064294585,0.8992121990602072
5745,0.19157299399375916,0.40651989237019165,0.031213927374257874,0.25317085104211823
5746,0.035177312791347504,0.7682604882109374,0.39438057472547755,0.8526132177580279
5747,0.08300216495990753,0.7683348616955782,0.4550600666437086,0.7939700023376411
5748,0.12976893782615662,0.6642683592401795,0.22307744809780433,0.6094684231903966
5749,0.02721225470304489,0.6054716160075826,0.2767261591220257,0.4077497534936792
575,0.11916419863700867,0.7542980347298226,0.7379299600739818,0.7827632260122899
5750,0.16943545639514923,0.6636243674524447,0.6495563671851554,0.5966274245466829
5751,0.18306808173656464,0.6909150075452686,0.6336311584453647,0.660602464559553
5752,0.04409307613968849,0.7127603520846727,0.20826554126738722,0.7043895109757526
5753,0.052231281995773315,0.7836870149779644,0.35728857052187873,0.7679687241974238
5754,0.1726754605770111,0.5280424979170751,0.14322750445565138,0.7368051894840779
5756,0.23248758912086487,0.5874062923235794,0.5600414940386306,0.5846015669323485
5757,0.17371316254138947,0.658966782986643,0.7019364974410454,0.6237600689690672
5758,0.18497560918331146,0.49133507833782475,0.32317753690358547,0.3832708835469874
5759,0.0444660410284996,0.7276152004663817,0.23607399665076767,0.7299366200360234
576,0.14370524883270264,0.6502116182948955,0.5370451060460325,0.5491553647513645
5761,0.019688807427883148,0.8512496307069188,0.5172791564465571,0.8276318970345518
5762,0.18490740656852722,0.6729942626459666,0.6152941225985993,0.7423318138221113
5763,0.0372670479118824,0.8784247398245246,0.7391534047045332,0.9206213523716604
5764,0.2846042513847351,0.5004962721680157,0.4422903518167775,0.410007248614032
5765,0.042768195271492004,0.8121882804049179,0.5500024756577999,0.906639108473603
5766,0.0576571561396122,0.8498473070701218,0.6785219151547274,0.8567824423140877
5767,0.13003496825695038,0.5400024569490923,0.4895102610357987,0.4715323246840414
5768,0.06893114000558853,0.8228970321162876,0.6809768564763763,0.8654753573500154
5769,0.07555843889713287,0.8890577780438642,0.8217364572887856,0.8873205232663679
577,0.2125561386346817,0.4158081130668201,0.22545284240371882,0.32092838367461674
5770,0.10333387553691864,0.8784184145332825,0.8281952843280335,0.8093850438165843
5771,0.03629142418503761,0.8716030585885627,0.5229595948458683,0.8484736812836235
5773,0.05434222146868706,0.7581075330347453,0.5036557388904912,0.8847702175202692
5774,0.5550569295883179,0.39712426178461524,0.6272085548614211,0.2877049494574878
578,0.08708953112363815,0.6344959482117094,0.290700382062451,0.7816727031322899
5781,0.06939008086919785,0.7471189089631958,0.44314126762536,0.8292720856214422
5783,0.16885702311992645,0.4183120806013741,0.039752508017833296,0.2645617536757263
5785,0.052603427320718765,0.8380922707200541,0.5674768097803157,0.8737010285156696
5786,0.07046736031770706,0.7502944502623927,0.38861039645809586,0.819561212416128
5789,0.049032650887966156,0.46695886715149315,0.0023836190908514423,0.46501612915890606
579,0.05882648378610611,0.6408542830324535,0.2469175945684066,0.7867761838573352
5794,0.19311068952083588,0.6148656273224173,0.2869646259207613,0.6375150917028517
5795,0.07833491265773773,0.6560199992603314,0.36847775403522837,0.7798940881372234
5798,0.20571990311145782,0.6191918869812901,0.5377966696735882,0.5404290785701441
5799,0.04901474341750145,0.7704436983821212,0.3619573552808726,0.8288358464986332
58,0.22346876561641693,0.5782484452299645,0.6464533045702543,0.6066104213366774
580,0.11024079471826553,0.8428277588535944,0.6307840781910267,0.812794988981481
5802,0.059498660266399384,0.4555018543307743,0.001327931791376102,0.4879056041965822
5805,0.09813761711120605,0.6354597493946916,0.5414944668030208,0.6274187175043164
5807,0.1430608630180359,0.7811406800911117,0.7604503191661818,0.7610365095802254
5816,0.23581932485103607,0.3847244205871895,0.0499756978959898,0.27742054221012913
5817,0.10645008087158203,0.7129470863163865,0.544678609838045,0.7778383530602153
5821,0.08638563007116318,0.7999780214570262,0.7717477227597141,0.8769736008221836
5822,0.0856039971113205,0.8565086008403873,0.7819214237905533,0.8314599341770345
5825,0.3223520815372467,0.38374818068389605,0.37260890249220807,0.34953652600038543
5826,0.16564510762691498,0.595469279442775,0.5483263590581912,0.6170788061337505
583,0.10884911566972733,0.5757612147577276,0.3624444178994861,0.6083089149262034
5832,0.09820373356342316,0.7144195109392198,0.5688366853039935,0.8013925860782118
5835,0.1923222541809082,0.6708609459121613,0.7278498786789452,0.6453960359731666
5837,0.10247424989938736,0.7506992701379434,0.5151205736711646,0.8562699101143059
5838,0.037119410932064056,0.5354570537487285,0.21222351960066094,0.42639951725228453
5839,0.13157567381858826,0.7012993244652229,0.6871473731063485,0.6355117350407724
584,0.11508464813232422,0.47256868034491134,0.11738939452905267,0.680563275857081
5840,0.08809828013181686,0.7589679272578371,0.6968751622965067,0.8309755050594037
5842,0.18590418994426727,0.6167265024361959,0.4546112952342011,0.6904485474083767
5843,0.0702587366104126,0.7646149823707691,0.5410158363064926,0.8920345279819917
5848,0.10773616284132004,0.642127005588842,0.38396863930793373,0.7883680219210483
585,0.05455918237566948,0.6289950586213966,0.13131510196446405,0.5709692905983718
5850,0.1886250376701355,0.5335517315101483,0.4720441656720935,0.4329637674372041
5852,0.0623968169093132,0.8307890665810527,0.612731653447785,0.8981906146306886
5853,0.08025146275758743,0.7049344384985359,0.4532842990732516,0.8044523759531852
5863,0.13148283958435059,0.7374415091626413,0.785074886881314,0.7171633034573024
5864,0.1577870100736618,0.6597910845717387,0.667770674099417,0.6971287646998655
5867,0.08678074181079865,0.5602514539822081,0.10973922181369783,0.5915769869387603
5868,0.0972333550453186,0.6592379984280903,0.40949917318470275,0.5027903829656644
587,0.07227633148431778,0.6209084865761514,0.2018305322757789,0.6510024862074372
5871,0.10920049250125885,0.7769446410296343,0.7377166316384027,0.7839141149846808
5873,0.21623294055461884,0.39966968414048465,0.10834786446691799,0.27285910991421347
5874,0.08603491634130478,0.7483822535040688,0.5914757659884075,0.843519724589374
5875,0.19692102074623108,0.7173328986345725,0.6346847506610801,0.695340250041989
5878,0.10247012227773666,0.6245518954167346,0.3671557189894644,0.8042988488605336
588,0.26844847202301025,0.37217622778064524,0.08747434137446629,0.2650327770015114
5880,0.055562663823366165,0.849700090937172,0.7406538992454522,0.9043064209504503
5882,0.09265874326229095,0.7363821880082269,0.5022907602399037,0.7826275409001293
5883,0.13474012911319733,0.5021685734517118,0.21394972385471497,0.6792799760508601
5886,0.13176967203617096,0.7674239084455976,0.8115172336915297,0.7813885113108963
5887,0.1807919293642044,0.6508231599074421,0.6793966995275166,0.6677226047189837
5891,0.14315272867679596,0.814601993796874,0.8460793768762295,0.7923054898214049
5893,0.10939051955938339,0.7031312790661205,0.7517145474950825,0.7422568900725199
5895,0.06339947134256363,0.5789215639965639,0.082899471860167,0.5394457576846249
5896,0.09622588753700256,0.7168037558876348,0.4153137432565583,0.8604512627757921
59,0.033998072147369385,0.6698983267133929,0.16945198030959757,0.6541353510322309
590,0.18922626972198486,0.5686592497501345,0.46626150059387134,0.6166951246834054
5903,0.021917195990681648,0.5154614598695609,0.030106076998211103,0.30410937387117787
5904,0.09097395092248917,0.4572912107174992,0.020773695816307385,0.30534957431589993
5906,0.1630772054195404,0.655228798787757,0.6154100307679605,0.698289421538928
5907,0.21847718954086304,0.6472911260103096,0.7564120257821425,0.6493731728266754
5909,0.09483597427606583,0.7374870292868501,0.7723129061787584,0.7384710050166096
591,0.02495853416621685,0.7849454310109072,0.5197116256427686,0.892277129091869
5916,0.125655397772789,0.8496132810733896,0.7437701224572254,0.8322726825892395
5917,0.2709547281265259,0.3927806859526722,0.288275907712156,0.3234339498688798
5918,0.11057814210653305,0.8340133488045832,0.8076753264651875,0.8160077381039019
592,0.3022378087043762,0.45773330604792695,0.48072115579234953,0.43474853466934105
5922,0.06802063435316086,0.5914567280698817,0.19230744205821873,0.6514355241676743
5926,0.042304348200559616,0.6988256567395112,0.29152749759402274,0.7638798667875171
5929,0.15679048001766205,0.6338376392478138,0.689058864138443,0.6354400945495042
5931,0.15668125450611115,0.7213236913049784,0.6664386917107507,0.6434186065696879
5932,0.06457032263278961,0.8455777187672813,0.6745922971039634,0.8687414813653596
5933,0.12239880114793777,0.7363623953437333,0.6577265694488621,0.6987483020257605
5935,0.041068367660045624,0.7625364157325507,0.3820269411477155,0.8319428418058726
5937,0.042852986603975296,0.7116211728520432,0.3858052735363289,0.7893502010226585
5940,0.08787542581558228,0.6571760151918995,0.4164697135723883,0.8597302674953106
5941,0.02408635802567005,0.5458246769756668,0.05667837606596461,0.3285162295015177
5945,0.27086275815963745,0.7133126036758937,0.7846630896476329,0.6250482855168809
5946,0.06630037724971771,0.7782988937235147,0.4763514857180378,0.8014501886810694
5947,0.02468963712453842,0.7208676259461344,0.19210572162310918,0.6782137288698754
5948,0.04347212612628937,0.868956580223132,0.6673903814627424,0.9224351574853438
595,0.19356754422187805,0.6169530735762534,0.6543667233805464,0.6048336129596845
5953,0.13264334201812744,0.7297646138727566,0.7337902046658106,0.7749938084751615
5954,0.07107361406087875,0.8407091202247247,0.7709976653843673,0.8558598193249901
5956,0.11824438720941544,0.7828765331887708,0.8381993096969583,0.7903131100046796
5958,0.051377229392528534,0.9134888648678208,0.801692190308331,0.8992453161156442
5960,0.13476262986660004,0.518424603671116,0.10059959527294747,0.46366624148411806
5963,0.08389342576265335,0.7841437119410473,0.5699674771064576,0.845225682715841
5964,0.13109256327152252,0.6453751778722543,0.4224947191846628,0.7506026079759467
5966,0.1598457247018814,0.4886978724910176,0.18823857477579306,0.4376901369088776
597,0.11507086455821991,0.5749363433407921,0.413075659267207,0.681707395811769
5970,0.11639589816331863,0.6958834962605172,0.6656724262139098,0.7305793024278114
5973,0.11722458153963089,0.6818032487771754,0.5582983086483132,0.594263594425517
5974,0.3850741386413574,0.5639200443153354,0.6816428269096938,0.47661416339972335
5975,0.21338047087192535,0.6388278309970097,0.7113056874657704,0.5958848579008958
5976,0.15007123351097107,0.7353439485076427,0.6097879200996431,0.7176806681943296
5978,0.1626025289297104,0.6823069428351487,0.6541049496999584,0.6217692747711037
599,0.07079234719276428,0.6504029658530713,0.47546912282958165,0.705534639588536
601,0.08023388683795929,0.7432474073353884,0.7133935762195176,0.7702461276510122
602,0.11920901387929916,0.6852885198811058,0.520693869841009,0.763305284449204
604,0.09635951370000839,0.8066225703023016,0.7010213831845469,0.8111913179254342
606,0.08082384616136551,0.7614810015254099,0.5609336828798065,0.8072333635157444
608,0.02947075292468071,0.8025113392535816,0.4946700631718929,0.8920620829145682
61,0.09236843883991241,0.7359045456131834,0.4333817735927684,0.8161278998233119
610,0.09691116213798523,0.7291556604918923,0.5576473739236224,0.7414069706562514
614,0.08099289238452911,0.6981791313385275,0.48012545729575,0.83899661369329
615,0.12060724943876266,0.554194811077591,0.39601429601822263,0.4105819503114979
616,0.27679765224456787,0.4273626078854493,0.4206330818328235,0.4175894238327246
617,0.05905833840370178,0.4964523178221926,0.0633014220584465,0.4475870901438433
619,0.16069184243679047,0.6419303431965618,0.6387434982647465,0.6557607591697983
62,0.12153750658035278,0.7099435274711843,0.6506026612247324,0.7449725307961919
621,0.04306882619857788,0.7861507870388218,0.48653831009397663,0.7893026734940254
622,0.028345925733447075,0.8823237156602799,0.6258055160709044,0.8578822347549075
623,0.07295288890600204,0.7204798120539126,0.40624184064042657,0.8510779875714731
624,0.13080689311027527,0.45165459525017926,0.1395194210916833,0.48107710936946485
625,0.14178137481212616,0.6831844216076914,0.5532001774511328,0.6970123454428803
628,0.34857529401779175,0.3855896157275707,0.36271186432378044,0.366438138221678
63,0.08350351452827454,0.8168636917701206,0.7760574585989383,0.7957668456738876
630,0.03502969443798065,0.8638581982933828,0.5992085204026811,0.9149923779786163
631,0.3518872559070587,0.49928666714786424,0.615053374719613,0.4510273095526732
632,0.2106611728668213,0.5211269240500129,0.49853617792113647,0.5271633851236359
636,0.06017180159687996,0.6713123562233019,0.4659573583102626,0.8323626493485294
637,0.14912384748458862,0.5415211833367604,0.46513597607760976,0.5781462422320072
638,0.059716660529375076,0.7801642130449399,0.484876518032978,0.8593684081384374
64,0.12482760846614838,0.4948237544005962,0.31078959664542904,0.4511441249903725
640,0.0547766275703907,0.9205239532987087,0.7963694478141345,0.9114409215375976
641,0.047618087381124496,0.8866894817445301,0.7288526497003945,0.9094321126524478
642,0.06557311862707138,0.8266290855930623,0.5745781840930564,0.768614731762179
647,0.13513967394828796,0.4298984547857815,0.06271921336290878,0.5866889096042363
648,0.3259909152984619,0.3421477196314557,0.1013937231141646,0.26852530376571326
649,0.1099657416343689,0.6762790391481328,0.5402657945672964,0.7340849930013065
65,0.11351493000984192,0.7398035957828623,0.6491795655306594,0.7943087966532894
650,0.08627957105636597,0.7663172841228076,0.6107254035155628,0.8509056777063341
652,0.030355479568243027,0.7841807571782239,0.3771334492490443,0.7679378073883756
653,0.054901622235774994,0.7872194714209418,0.5704150394704582,0.8740383493567615
654,0.027400309219956398,0.8957398608177176,0.7075337705744258,0.8947970395003461
655,0.04872668534517288,0.527725256979539,0.06397019890590448,0.6060184796880073
656,0.10380229353904724,0.6892895119686612,0.6163180042457316,0.6928731543283801
658,0.0818566083908081,0.6450121564819284,0.2205816015665362,0.6440920598866271
659,0.39281657338142395,0.37835696504823546,0.40292914572145555,0.346529034012303
66,0.08062185347080231,0.6011199031180998,0.21661440184435143,0.7240430385610027
660,0.053495071828365326,0.712732563647594,0.45130163897334896,0.6914016196217001
662,0.10286738723516464,0.8031999646859906,0.8033772424918083,0.761025695616882
664,0.03054491989314556,0.7426473760129957,0.5470064495629848,0.7335866572043381
666,0.0635601133108139,0.8494956560716371,0.625992127558238,0.8032099113325253
669,0.5022701621055603,0.2742822045848842,0.23778485464569943,0.2856354307424857
67,0.21037065982818604,0.6772955670718936,0.7170440278695712,0.6149586770268776
670,0.39846834540367126,0.5235694222317187,0.6054828723307387,0.41195842801858035
671,0.11600074172019958,0.7478337493103466,0.6226183161772396,0.7403767162125294
672,0.16592955589294434,0.6997528023934716,0.6212535519259836,0.7776173403129063
675,0.15726503729820251,0.5523466618496377,0.28488189978388606,0.6341440839595567
676,0.07830970734357834,0.7509105522942753,0.5128738334156532,0.7991125650706608
678,0.10905090719461441,0.7938211877340595,0.750597306826136,0.8075940800039954
680,0.10579676926136017,0.5897891464727452,0.22874330796523307,0.8176772664878557
681,0.33308470249176025,0.5591042283678183,0.7175330494432868,0.5111799029286754
682,0.10455609858036041,0.8046769614858108,0.7867324391655816,0.7964464477550113
683,0.16891835629940033,0.48204080223372314,0.3676425397198271,0.38191306336092906
684,0.09099940955638885,0.44488046296244127,0.007311932136645849,0.562661446459374
685,0.0998363122344017,0.7083982062378924,0.4712801758038939,0.8519071108421887
686,0.02938464842736721,0.47004084506657406,0.0003498267278973564,0.5363999788269519
687,0.23652537167072296,0.5789169336202687,0.5778790941217992,0.4924507621606231
688,0.12067745625972748,0.4692443021811664,0.09926119869837031,0.7579366390509925
689,0.10787346214056015,0.8201859606589905,0.7505125469317476,0.8272755249498117
69,0.06306333094835281,0.6842069343134319,0.5154761790505437,0.7139890180399846
690,0.16016098856925964,0.6934670319173459,0.4314401636230056,0.7080270504418993
692,0.15589158236980438,0.4827025370901014,0.11735641315512711,0.5988464175388128
693,0.19684626162052155,0.40395162208520835,0.0327575533584484,0.25400745113541257
696,0.07081639766693115,0.729966267066261,0.38382280434155036,0.8495812552918875
697,0.12252301722764969,0.7424377531952083,0.6475015385872861,0.7467933604922095
70,0.06801936775445938,0.5608788801527723,0.12396767300522288,0.7613618690799397
700,0.03873632848262787,0.9201292272715023,0.75270563251778,0.8798604745346844
701,0.1325351744890213,0.43680313946773486,0.03928058823735491,0.25571432811643935
702,0.029912877827882767,0.5271310041319391,0.09458175878421671,0.4504463417470935
703,0.2585570514202118,0.4278786836393439,0.30317399263181,0.36694862782996557
704,0.31644362211227417,0.3469220492571541,0.06442175249549327,0.2589675201091748
706,0.1100640669465065,0.7442312880595113,0.7428207757462926,0.7559819117672917
707,0.06288772076368332,0.7897338966331782,0.465791148075122,0.8608080481327072
709,0.14411254227161407,0.7149152573970885,0.7330428298906776,0.7479126667177616
71,0.11201774328947067,0.6903551111165157,0.434964247366788,0.6095512291541141
710,0.3241786062717438,0.34169080038934413,0.046965428198057206,0.2578431071002847
713,0.15040645003318787,0.7925529153638868,0.7948018079218651,0.7681167156079234
715,0.046811606734991074,0.7437033396282862,0.3680553915065825,0.7812988377756986
716,0.20920267701148987,0.4069762572646518,0.14262114132353365,0.28291573621251065
717,0.02422032319009304,0.9037098143122325,0.6330845383588409,0.9252239176379955
718,0.06684120744466782,0.7752277624636956,0.5964099367654351,0.8096114942396484
72,0.0957968682050705,0.7056638409171889,0.5478102002171121,0.6896727118859958
721,0.055348172783851624,0.7285254497308131,0.46805944997880033,0.6015020866438143
722,0.07739974558353424,0.7878374801093997,0.613546692259701,0.8580577910648508
726,0.08225344866514206,0.802059356575888,0.6111671921640401,0.8662160086079538
729,0.10572992265224457,0.4766415213826518,0.17947651027369135,0.3170806828221463
73,0.04614312946796417,0.6425177672680966,0.18724245227577543,0.6948635011473844
730,0.02934974990785122,0.7968706576887256,0.47740097895141875,0.9093464073057408
731,0.07449033856391907,0.7099035084380141,0.5764847692180148,0.7554781703254381
734,0.20403212308883667,0.5568147363582517,0.44586676309375,0.6296984824341408
735,0.053491536527872086,0.6988008356063997,0.3069876815593104,0.8163453686638288
738,0.11929836869239807,0.8061234018596035,0.7092320690292807,0.8251030056057396
739,0.05674304813146591,0.6399109991463663,0.27299589917771155,0.8135616285627871
74,0.29882946610450745,0.506229676709104,0.5945183770037831,0.4706294415216918
740,0.08045777678489685,0.8688972118787462,0.7964470111596024,0.8431663546953913
743,0.1774468570947647,0.5459936310068668,0.2739522626602212,0.7120816035621449
744,0.18640285730361938,0.4105154965026761,0.05391813350119698,0.25845251709184125
748,0.064564049243927,0.45887016652891777,0.020754532535313848,0.31315282697789226
75,0.1453518569469452,0.4653547276150647,0.15621948060135152,0.5086457553849689
750,0.07823389768600464,0.7886439084346748,0.4381318373918511,0.7926533483486815
754,0.0862646996974945,0.8174113663638449,0.7115743060225309,0.8645341214208633
755,0.028973646461963654,0.47835962252327263,0.0025896573918249496,0.5563723263907592
758,0.10721147805452347,0.6923504855438759,0.6049834937926009,0.7088527123582729
759,0.10349942743778229,0.7868158232982623,0.6439877607811046,0.8211310061262507
76,0.10932797938585281,0.4735136925951536,0.06350816077358439,0.44649317659784904
761,0.06199367344379425,0.691692071143223,0.4302328323099187,0.861036093364769
762,0.051359597593545914,0.6341026767900177,0.22251950711575505,0.6016447010669299
764,0.09824946522712708,0.6338183164338156,0.3033157614672278,0.7012941274243665
766,0.053253524005413055,0.6937879876534989,0.25014002469626134,0.737146212968209
768,0.20811554789543152,0.3999902195904772,0.06610998442251269,0.2612520750363537
769,0.046675749123096466,0.8718028418620851,0.5795603515377908,0.8887858465275723
770,0.2004002183675766,0.651712165007167,0.6605292704019169,0.6269726576109296
771,0.0930676981806755,0.5784266742984401,0.1800242691019409,0.6863108094830495
772,0.055756907910108566,0.4854114877143058,0.06843208069365958,0.7268094689816588
773,0.15994633734226227,0.773307933782113,0.823538701688721,0.7415192465335412
775,0.1571212261915207,0.7156444657746998,0.7505536344917032,0.6981645947120148
776,0.07558826357126236,0.7265454991765776,0.400406560198919,0.783053536396351
777,0.12674888968467712,0.4353226690211532,0.04408650481824856,0.7468944993386044
778,0.07980238646268845,0.5533564733532306,0.30534366168303195,0.5528793701228574
779,0.05493730306625366,0.9184326129624173,0.89131047587259,0.9158325597759432
78,0.06475403904914856,0.7405196091268303,0.37469490453086823,0.8136285596370922
780,0.09643986076116562,0.4645286321441344,0.09506899913833874,0.27966481437777335
781,0.034218680113554,0.8096552711306199,0.4249133260639202,0.8408863371690761
782,0.09512777626514435,0.6009516861553846,0.21910425771172726,0.6107758702704192
784,0.1683363914489746,0.6319667735321413,0.638842940922707,0.5676169854206756
786,0.08266382664442062,0.44357508398362516,0.006557023882735027,0.6954154022366702
788,0.022676341235637665,0.7677209991184837,0.24447671938163107,0.7154733158106112
789,0.03007625788450241,0.8668489340733121,0.5148197462627047,0.8518917830668569
79,0.0636158138513565,0.8407432151246229,0.5918595091497076,0.825588509747922
791,0.05309410020709038,0.8074136608186546,0.7053866089633613,0.8897271662504198
795,0.1111317127943039,0.6643191521828866,0.39892781841715413,0.8188088360373029
796,0.10207287222146988,0.5771609065552188,0.2317047123606274,0.857199816145219
798,0.15291279554367065,0.5434569758135495,0.4909758673153962,0.48171158313861767
8,0.37856021523475647,0.4791221118728016,0.5937988142552499,0.42241177608088304
80,0.09744959324598312,0.7001584846388533,0.5279317777251539,0.6213672869920425
800,0.19634763896465302,0.6603218453103366,0.6055366401716057,0.6849768042402613
802,0.10691675543785095,0.6945919731422097,0.45683250358488475,0.8638969583859217
803,0.07417798042297363,0.8014585359064135,0.6476786890812183,0.8113304489988549
806,0.1269475817680359,0.5978266411533596,0.19088837118669957,0.6094152634973107
807,0.03539440408349037,0.8549074136569015,0.6345984721344179,0.8345440605697467
808,0.04342837631702423,0.6778202688581985,0.25175305182160884,0.843247299226118
809,0.035572633147239685,0.8683969952090707,0.5614304814437744,0.8617999886397333
81,0.08694114536046982,0.7308271364595669,0.3942359724746957,0.6891174528920183
810,0.02384570986032486,0.5527463656952931,0.07477566783038471,0.5688718851640004
812,0.08587794750928879,0.5378888928218006,0.11290384841959256,0.6111230565463752
813,0.13238286972045898,0.4546478455991063,0.15894759298600944,0.3018379516872924
814,0.041651565581560135,0.8573592686125929,0.7755752205054035,0.9121973472091194
817,0.05760861560702324,0.8225978048745441,0.5412693807158236,0.8743047863037106
819,0.09055368602275848,0.8291219148715224,0.6769908222274282,0.8671273281562629
82,0.03396980091929436,0.7236320358893018,0.2931414398378062,0.7223050791932258
821,0.04390779882669449,0.8438443495460078,0.6810876742040719,0.8707605873544757
822,0.09116876125335693,0.7895140062380321,0.6654986719179533,0.7768204415903623
825,0.05305589735507965,0.7488310339292619,0.42019471212166654,0.8493994434967052
826,0.09877466410398483,0.6910187381961725,0.4314482060605643,0.8526751415812299
827,0.08696899563074112,0.7143356696845999,0.3393869274541233,0.7459404788283188
83,0.035884980112314224,0.6989931248558513,0.3118910857519998,0.7402450378973384
830,0.07371299713850021,0.8745535782102705,0.8030020969709153,0.8775266469539336
831,0.17919129133224487,0.4432690428009946,0.2052125724868296,0.30915919834073335
832,0.09078523516654968,0.5302485210797753,0.193037048219276,0.7506500524267665
834,0.1645325869321823,0.7721619029165722,0.8256804187620852,0.7363891469397211
835,0.17117659747600555,0.5576522126462189,0.49333405752675924,0.4706930888766453
837,0.05024505406618118,0.8206216330054382,0.6153034517774734,0.903948059476579
838,0.06988997757434845,0.7253552511706391,0.4289527358749223,0.8085638101764407
839,0.0822916254401207,0.7321004616021446,0.7023568016493353,0.8373451867393981
84,0.15625090897083282,0.5822679150809076,0.42938760458462455,0.5470891347379195
840,0.04244692251086235,0.8888932318798974,0.7522883402756321,0.8823068994378013
841,0.10700159519910812,0.7964140499225314,0.6127102468280361,0.8339922783764514
842,0.037162896245718,0.7847411965158197,0.4522591569397612,0.8278639637805052
843,0.10362035036087036,0.8288595300848997,0.796335443574748,0.8222241728290296
844,0.0642242580652237,0.7451227910798623,0.6287664568203635,0.7341504797966341
845,0.04323187842965126,0.830022392522298,0.6538814190185099,0.872679127150582
846,0.3497345447540283,0.5238930847420271,0.6477550017618107,0.46356507651614753
847,0.04066437855362892,0.5684658755338052,0.03710547986741753,0.4994379506037863
849,0.15332430601119995,0.7876297489251977,0.7242865555528933,0.7845061942648692
85,0.33201634883880615,0.5016951201036359,0.6467452327840859,0.4748942893143354
850,0.04033910855650902,0.7596314848519174,0.31364823448968765,0.7377847357259302
853,0.18152914941310883,0.6626469840217317,0.5497515560105424,0.6654520644218935
854,0.09587748348712921,0.6801941005184958,0.5525481006017725,0.7584089333137651
855,0.018294211477041245,0.5229963936311067,0.04117798112412602,0.2859536309150337
858,0.08386895060539246,0.5974834939562962,0.14550278948268847,0.5842971354171357
859,0.1638430505990982,0.7906855096335335,0.6934357382411146,0.7012945213796076
86,0.0730559378862381,0.5318278033914283,0.12760141203410444,0.6483945888439615
860,0.17267343401908875,0.6652889537236644,0.5797396115835375,0.6242424437065595
861,0.3665321171283722,0.5400373434489424,0.6720048629023143,0.4549079938381372
867,0.22134703397750854,0.6065437955247868,0.5518896961428571,0.6070725129170328
869,0.05528458580374718,0.8521007792904993,0.8322647663792253,0.882650167309083
870,0.4438939094543457,0.4355532437215888,0.571306170435687,0.36113092919672063
871,0.15369480848312378,0.6949233674472302,0.6517722136402931,0.6804318412500353
872,0.08881738781929016,0.682403941671158,0.3128753799316961,0.7955446507275143
876,0.18470588326454163,0.7122665895994762,0.5229326233168121,0.711442973634391
877,0.4368540048599243,0.46659748569187603,0.6274823479825405,0.3931519965709859
878,0.26956743001937866,0.6028763696655819,0.6543475917107093,0.5302175033778833
879,0.27947115898132324,0.6185904471798271,0.6628609039319525,0.5267790801885329
881,0.2663312554359436,0.6928742445802598,0.8008446079061092,0.6397380196217493
884,0.21091589331626892,0.702418101013775,0.723844364996112,0.6412641009986728
886,0.14356473088264465,0.5993290330671988,0.5340753482032876,0.6049861890079382
887,0.2090611606836319,0.7184063764198162,0.6278900877377556,0.6703179722313874
888,0.10564260184764862,0.6743665778098126,0.4092887200037995,0.6676668306124625
889,0.043987538665533066,0.8445604995307281,0.6536754206433446,0.8941208747182279
89,0.055488064885139465,0.7362315421662008,0.5067508997600952,0.8716909359707674
890,0.1691027283668518,0.5990654477184573,0.5185310828664014,0.5518741297773833
891,0.3451555669307709,0.4435154018236427,0.47992121311436625,0.40764692338504743
894,0.12624548375606537,0.4507779413549946,0.08859993709122176,0.2993874085490361
896,0.13858984410762787,0.7475273232719112,0.7189451358827749,0.7309137216730084
898,0.1517302542924881,0.6622139695477431,0.4721414331670268,0.7336238125284502
90,0.17495165765285492,0.6987066455150668,0.713829345702118,0.670992290242016
900,0.08170750737190247,0.8110548100761572,0.6978620234888967,0.8184648038226408
901,0.4433912932872772,0.37603920754810444,0.41113779095071623,0.3276726708074951
902,0.2482081949710846,0.48610917797336983,0.41158514170260196,0.6767175887702093
903,0.4791290760040283,0.4525898229260618,0.6970793077601422,0.3623700386607053
905,0.06709510087966919,0.6744412853272492,0.3713744893722498,0.8374732027057333
906,0.030065543949604034,0.8654036640091237,0.6407116707622624,0.90964588515356
907,0.40013396739959717,0.5165913380110412,0.673602250283295,0.43033153875042157
909,0.07750705629587173,0.8263445130664914,0.606350598462993,0.8516861837341337
91,0.1451987475156784,0.5690217771162804,0.15458830799904416,0.5390157471855195
912,0.11077415198087692,0.5711646748902679,0.28787512093906037,0.7409025493459838
914,0.09903259575366974,0.7602544669742168,0.5189541732987712,0.705437886370393
915,0.03719084709882736,0.6877084191244928,0.2459559088759921,0.7267650739943932
916,0.181115984916687,0.7232059276027295,0.7163046178308743,0.7166510967151477
919,0.15156635642051697,0.5107237128893535,0.34273063127329123,0.36385341355689493
92,0.23434016108512878,0.6324179511355215,0.6196097726107918,0.5763735750434391
920,0.15496189892292023,0.7192152781659429,0.49250277877792675,0.7984290165683163
921,0.03639043867588043,0.8728502750102929,0.624256364794906,0.9051710764680498
922,0.04885285347700119,0.5327202330040162,0.23370747416077217,0.3628269634037842
923,0.042951907962560654,0.650972951372998,0.4338361595081481,0.5478987985615977
924,0.13712672889232635,0.7054051807518893,0.7094392645429874,0.6658447940165226
926,0.2112290859222412,0.6616207400827383,0.6545412490847002,0.5940068289780753
928,0.1000070720911026,0.6717786123137264,0.38541828364854724,0.7545503223773893
930,0.04921408370137215,0.7594899220183242,0.6274645667636357,0.897319441067751
931,0.09529458731412888,0.715524867777066,0.38332473029287284,0.772848307380818
932,0.20935413241386414,0.6133101259831619,0.7129861655473068,0.6019531549084407
933,0.18388731777668,0.6942525240452542,0.7294762850497476,0.6763110736499294
934,0.08597559481859207,0.8241332659738995,0.7306887131784601,0.8410822480220429
935,0.04392203316092491,0.8808869932274861,0.7081354378877397,0.9266046076511029
936,0.07995384931564331,0.6448895361232894,0.4362955449111514,0.6740295618377183
937,0.16096091270446777,0.7692762453889869,0.823603883415457,0.764206271292621
939,0.14896254241466522,0.6601424203861679,0.5980619240910422,0.6175186561180876
94,0.0550139918923378,0.5511854706371252,0.025205618987498003,0.3952717485567567
940,0.05122414976358414,0.7952796394564156,0.7006378947620285,0.8093538651276997
941,0.12177451699972153,0.7700353277526994,0.6427863443627113,0.8370573752237913
950,0.28039494156837463,0.3622541868626531,0.03308049810673161,0.25426570351908817
951,0.12099825590848923,0.48980117470026385,0.2820380957631725,0.3460998751591815
954,0.4807993173599243,0.4413279190451937,0.7184595223262731,0.3525737083353021
955,0.1378338783979416,0.7900844142626607,0.7521118066667276,0.7401613649180973
956,0.0737263560295105,0.4566449229236446,0.002176045557171135,0.40194622828980386
959,0.09918656200170517,0.5769028460720189,0.162057982520901,0.5690918395357898
96,0.11221809685230255,0.6964241392827948,0.6227964300845693,0.6046735381647252
960,0.38839107751846313,0.3321489863411259,0.2765159877044426,0.3053634857921279
961,0.09890762716531754,0.6451637133077468,0.5472487761687571,0.5924592634671867
962,0.07874160259962082,0.7441362340321025,0.5383651535667435,0.854391861702114
963,0.10526205599308014,0.5018872902889759,0.1089604884082253,0.6225737917687555
964,0.10835307836532593,0.8403990513655044,0.7560123052266359,0.8384360795781729
966,0.0616801492869854,0.6531702029690001,0.17358363641553223,0.6749483247475125
967,0.032943591475486755,0.4909669900058524,0.0029814755808909026,0.3540599351004825
968,0.06365853548049927,0.6342504437667513,0.2871696422871803,0.8235477650765403
97,0.14157313108444214,0.6703501090767059,0.4750743905573374,0.6781555471578062
970,0.0686456635594368,0.7609668577217432,0.6096251695297693,0.7744978802041029
975,0.10540404915809631,0.5943990560461813,0.3591106396757164,0.7811538870030377
979,0.1419987827539444,0.45830172341806075,0.09829561223947925,0.6502685513733323
980,0.3269486725330353,0.34652987731415524,0.1326397241118099,0.27248174257384017
987,0.335197389125824,0.5571811815837384,0.6490803458079152,0.4641880545711526
989,0.14816267788410187,0.6035036924792031,0.3388531421135925,0.8063217397810706
99,0.14520324766635895,0.48587493082490396,0.17174079027675151,0.7716096545167066
990,0.08096496760845184,0.794638425322363,0.6169152412225372,0.87097827008575
992,0.09224756807088852,0.7801769646729835,0.5375064993919472,0.8287818048968421
994,0.11587687581777573,0.822421398643024,0.8062070484525103,0.8049709915814318
