image,MAE,Sm,wFm,Em
COD10K-CAM-1-Aquatic-1-BatFish-2,0.11098600178956985,0.8094281915024841,0.7194271440726788,0.7965992607295206
COD10K-CAM-1-Aquatic-1-BatFish-4,0.22452421486377716,0.5622978539329567,0.6216200658433407,0.5331689167302125
COD10K-CAM-1-Aquatic-1-BatFish-5,0.11009807884693146,0.7558340972358764,0.7074254627860133,0.8104617973199473
COD10K-CAM-1-Aquatic-1-BatFish-6,0.038823530077934265,0.7826688283043447,0.4040241906599303,0.8130419426765352
COD10K-CAM-1-Aquatic-10-LeafySeaDragon-416,0.0682421550154686,0.6967148668497792,0.455628134589595,0.8646685137804794
COD10K-CAM-1-Aquatic-10-LeafySeaDragon-419,0.21441246569156647,0.44851186691604616,0.14026539061593754,0.6917232463041139
COD10K-CAM-1-Aquatic-10-LeafySeaDragon-422,0.19509822130203247,0.6221740013733746,0.5623074494847029,0.6740890990174966
COD10K-CAM-1-Aquatic-10-LeafySeaDragon-423,0.24745021760463715,0.5346321660837463,0.5099924257078008,0.5467394750677042
COD10K-CAM-1-Aquatic-10-LeafySeaDragon-429,0.3802510201931,0.3623230427349902,0.2861099794690947,0.3283705100812141
COD10K-CAM-1-Aquatic-11-Octopus-430,0.11261870712041855,0.7709813256554445,0.6294910009592143,0.8514247499935692
COD10K-CAM-1-Aquatic-11-Octopus-436,0.2633833587169647,0.5539361108982214,0.5886465953440023,0.506850382970555
COD10K-CAM-1-Aquatic-11-Octopus-437,0.16933736205101013,0.8055314111030542,0.8042084523248968,0.7569815440992469
COD10K-CAM-1-Aquatic-11-Octopus-441,0.13389469683170319,0.8093656015364623,0.7057145492918074,0.7946645078770058
COD10K-CAM-1-Aquatic-11-Octopus-444,0.1477590799331665,0.7598325259452345,0.6933643019445339,0.729515927011363
COD10K-CAM-1-Aquatic-11-Octopus-445,0.0949975848197937,0.6908174781485266,0.46603606594934793,0.8377186913346428
COD10K-CAM-1-Aquatic-11-Octopus-447,0.12920351326465607,0.6071171735339047,0.19152998112404945,0.5794911029146124
COD10K-CAM-1-Aquatic-11-Octopus-451,0.10594596713781357,0.6943187753861252,0.25191628661697457,0.705927276892304
COD10K-CAM-1-Aquatic-11-Octopus-452,0.07675343006849289,0.7183790347741079,0.45385253738293335,0.6143719181981256
COD10K-CAM-1-Aquatic-11-Octopus-453,0.13197089731693268,0.7672589804863118,0.5727135800983973,0.758671161883815
COD10K-CAM-1-Aquatic-11-Octopus-454,0.17998099327087402,0.41036622222917385,0.0048858999977114586,0.33556815324793005
COD10K-CAM-1-Aquatic-11-Octopus-458,0.2627764940261841,0.5478129480993812,0.6092229253084175,0.4972466995187758
COD10K-CAM-1-Aquatic-11-Octopus-462,0.1843034327030182,0.7588921754667022,0.699632726816412,0.7680482855190544
COD10K-CAM-1-Aquatic-11-Octopus-463,0.23715655505657196,0.5939058667301805,0.6559350498388283,0.5736582466910879
COD10K-CAM-1-Aquatic-11-Octopus-464,0.09399343281984329,0.816727007003879,0.7084573346084021,0.7390156839477594
COD10K-CAM-1-Aquatic-11-Octopus-465,0.20393486320972443,0.5305861782079453,0.30443417590805316,0.7137386234866396
COD10K-CAM-1-Aquatic-11-Octopus-466,0.07764554023742676,0.5538882554779085,0.13930159605543166,0.5329810479084829
COD10K-CAM-1-Aquatic-11-Octopus-468,0.09473594278097153,0.778368263428838,0.7106341357550077,0.7891497547818094
COD10K-CAM-1-Aquatic-11-Octopus-471,0.09435321390628815,0.6918385199426103,0.2536111532587487,0.6725202704326221
COD10K-CAM-1-Aquatic-11-Octopus-472,0.18807348608970642,0.7603478181438599,0.7695623031210481,0.6803820748789638
COD10K-CAM-1-Aquatic-11-Octopus-473,0.26529955863952637,0.598013042046753,0.7165321582648685,0.5818155328108183
COD10K-CAM-1-Aquatic-12-Pagurian-474,0.1805901825428009,0.5502833847583855,0.1545462856500205,0.5036151969872531
COD10K-CAM-1-Aquatic-12-Pagurian-481,0.1280246078968048,0.45494025356354206,0.01823466458159803,0.3729544219325833
COD10K-CAM-1-Aquatic-12-Pagurian-482,0.11973521113395691,0.6459918644379441,0.2688524235786247,0.6484484710990843
COD10K-CAM-1-Aquatic-12-Pagurian-483,0.0956466943025589,0.7546681328972102,0.4732880849090565,0.7455523780182775
COD10K-CAM-1-Aquatic-12-Pagurian-484,0.19743826985359192,0.69475349734027,0.6685057663174322,0.6830717251515852
COD10K-CAM-1-Aquatic-12-Pagurian-486,0.027471888810396194,0.5883394551857548,0.10975377606277088,0.7226090294331246
COD10K-CAM-1-Aquatic-13-Pipefish-488,0.09393414855003357,0.7247183135020488,0.39691309273876957,0.7090938938169961
COD10K-CAM-1-Aquatic-13-Pipefish-490,0.0933791920542717,0.45765332666490044,0.05279659785863092,0.6735351141094221
COD10K-CAM-1-Aquatic-13-Pipefish-492,0.023332608863711357,0.47963063204026923,0.0024797754709093623,0.6820396417626977
COD10K-CAM-1-Aquatic-13-Pipefish-496,0.12394662946462631,0.6155618848645159,0.20618776937551242,0.683207545524184
COD10K-CAM-1-Aquatic-13-Pipefish-497,0.07632926851511002,0.6945535501822668,0.4411823698901239,0.85432826341856
COD10K-CAM-1-Aquatic-13-Pipefish-500,0.10891161113977432,0.4511772365076806,0.03886248884403026,0.53505288981047
COD10K-CAM-1-Aquatic-13-Pipefish-501,0.09079420566558838,0.5861588829054296,0.13753495059435603,0.6174071308949484
COD10K-CAM-1-Aquatic-13-Pipefish-502,0.15391208231449127,0.42734875737505645,0.026809522137130077,0.4361215324503218
COD10K-CAM-1-Aquatic-13-Pipefish-503,0.12026350945234299,0.5006734388355896,0.1104921164203336,0.5391981656613978
COD10K-CAM-1-Aquatic-13-Pipefish-508,0.18817462027072906,0.5423052281962192,0.17289932053061968,0.6439146060475303
COD10K-CAM-1-Aquatic-13-Pipefish-510,0.07076054066419601,0.7259448729470372,0.5716364215460215,0.8698735151916033
COD10K-CAM-1-Aquatic-13-Pipefish-515,0.16536575555801392,0.577823073027423,0.28184855498740813,0.7189168845435138
COD10K-CAM-1-Aquatic-13-Pipefish-517,0.14568902552127838,0.4666980096133729,0.06158968476422971,0.3936232809740021
COD10K-CAM-1-Aquatic-13-Pipefish-518,0.05990644171833992,0.6942381219899743,0.40052523877377977,0.8614835938571679
COD10K-CAM-1-Aquatic-13-Pipefish-520,0.11028320342302322,0.44528052002169516,0.032844009236500694,0.6848565861103255
COD10K-CAM-1-Aquatic-13-Pipefish-521,0.12001116573810577,0.44451960824946385,0.029100781052620345,0.3929950690394438
COD10K-CAM-1-Aquatic-13-Pipefish-522,0.12765230238437653,0.4386084357870464,0.05719102995273354,0.4417369950866247
COD10K-CAM-1-Aquatic-13-Pipefish-527,0.12232962250709534,0.5467391006034892,0.14085720265062765,0.6040108403984293
COD10K-CAM-1-Aquatic-13-Pipefish-528,0.12296652048826218,0.48628581174502095,0.05264301926274822,0.6465732685308785
COD10K-CAM-1-Aquatic-13-Pipefish-529,0.06449079513549805,0.49611209177666954,0.06870484670043235,0.7139386073958998
COD10K-CAM-1-Aquatic-13-Pipefish-531,0.07768692821264267,0.4854050648876389,0.039653134151331766,0.4422921083774257
COD10K-CAM-1-Aquatic-13-Pipefish-532,0.08143801242113113,0.602357730858446,0.20002237509673038,0.5987063432143239
COD10K-CAM-1-Aquatic-13-Pipefish-534,0.13600337505340576,0.4876427056899099,0.10430589729316057,0.6534646222225078
COD10K-CAM-1-Aquatic-13-Pipefish-535,0.16461434960365295,0.44545316545737157,0.04220743546782755,0.49391539111365756
COD10K-CAM-1-Aquatic-13-Pipefish-536,0.10858380049467087,0.6461530086121486,0.38838152746094146,0.8350684236296613
COD10K-CAM-1-Aquatic-13-Pipefish-537,0.03868066892027855,0.7354941682323678,0.43605067679236487,0.8908716934559427
COD10K-CAM-1-Aquatic-13-Pipefish-539,0.07660797983407974,0.4758885624454641,0.0668679955277816,0.43176016356403857
COD10K-CAM-1-Aquatic-13-Pipefish-542,0.132694810628891,0.46398852856586337,0.06737652952549772,0.4608324070566221
COD10K-CAM-1-Aquatic-13-Pipefish-544,0.09112367033958435,0.6760474321360505,0.38902772863004703,0.8360763320870714
COD10K-CAM-1-Aquatic-13-Pipefish-546,0.20447827875614166,0.5008561189716895,0.14380513555229027,0.5808194662296411
COD10K-CAM-1-Aquatic-13-Pipefish-547,0.11207114905118942,0.6592214060471503,0.40490903861666944,0.8502189114948113
COD10K-CAM-1-Aquatic-13-Pipefish-549,0.18231987953186035,0.5052974967961665,0.16114775808337284,0.6332036078181498
COD10K-CAM-1-Aquatic-13-Pipefish-554,0.051595043390989304,0.6276199187759957,0.20868807976711207,0.7721089550757048
COD10K-CAM-1-Aquatic-13-Pipefish-556,0.1916670799255371,0.4413632517863978,0.04559182224737497,0.38016020955451313
COD10K-CAM-1-Aquatic-13-Pipefish-557,0.0735606700181961,0.567592553144977,0.15111925868481918,0.6644648275005889
COD10K-CAM-1-Aquatic-13-Pipefish-559,0.1633928120136261,0.4467547304770242,0.08228245021534225,0.5744173001072571
COD10K-CAM-1-Aquatic-13-Pipefish-560,0.16149300336837769,0.5676676419757072,0.21880165085597367,0.6945992596285779
COD10K-CAM-1-Aquatic-13-Pipefish-563,0.17214716970920563,0.49901682186118157,0.3682353544913219,0.4227298963840722
COD10K-CAM-1-Aquatic-13-Pipefish-566,0.11228626221418381,0.6259326437588113,0.5617315841167758,0.6522246619886178
COD10K-CAM-1-Aquatic-13-Pipefish-567,0.09317905455827713,0.681578603517249,0.24064888207002896,0.580929658981734
COD10K-CAM-1-Aquatic-13-Pipefish-568,0.04621250554919243,0.4812103960284091,0.027974986501688174,0.7922820683801588
COD10K-CAM-1-Aquatic-13-Pipefish-570,0.055285923182964325,0.6893847071315176,0.31593424249264696,0.8297249967020492
COD10K-CAM-1-Aquatic-13-Pipefish-571,0.09635960310697556,0.4679528971776408,0.05360977451593558,0.5534410992587881
COD10K-CAM-1-Aquatic-13-Pipefish-573,0.11065183579921722,0.6793726757092503,0.41406914906520975,0.70529476847722
COD10K-CAM-1-Aquatic-13-Pipefish-576,0.1630839854478836,0.5920247226804903,0.31679197704075285,0.7350858152251023
COD10K-CAM-1-Aquatic-13-Pipefish-577,0.15632641315460205,0.6993844900805697,0.49261463021340646,0.7365865290186688
COD10K-CAM-1-Aquatic-13-Pipefish-579,0.1366051733493805,0.6084011936300175,0.3465716761369581,0.7472343938413426
COD10K-CAM-1-Aquatic-13-Pipefish-580,0.18820735812187195,0.5569410737533114,0.20573493678976906,0.7028947907880949
COD10K-CAM-1-Aquatic-13-Pipefish-582,0.07981216162443161,0.5288829883208743,0.1601804297329848,0.7955687508272287
COD10K-CAM-1-Aquatic-13-Pipefish-583,0.15304672718048096,0.5872502528191276,0.29891596992925107,0.7521720795268103
COD10K-CAM-1-Aquatic-13-Pipefish-585,0.0877387747168541,0.5995692844438076,0.24738837694774915,0.7349980216170462
COD10K-CAM-1-Aquatic-13-Pipefish-588,0.06809327751398087,0.5242351024856433,0.07936737059785107,0.4833831756859202
COD10K-CAM-1-Aquatic-13-Pipefish-590,0.042612336575984955,0.4807460126759693,0.030263052478390326,0.27531488957907635
COD10K-CAM-1-Aquatic-13-Pipefish-591,0.05490249767899513,0.587432768926839,0.2016281788672334,0.7522904135389447
COD10K-CAM-1-Aquatic-13-Pipefish-597,0.10471548140048981,0.48639612155212975,0.11666069498090936,0.5921152891433515
COD10K-CAM-1-Aquatic-13-Pipefish-599,0.04232769086956978,0.5243261353871098,0.07221598653725547,0.5871607306444069
COD10K-CAM-1-Aquatic-13-Pipefish-600,0.03785194084048271,0.7462027332413437,0.45872984440696557,0.8801287238671593
COD10K-CAM-1-Aquatic-13-Pipefish-602,0.14392156898975372,0.4683042604748019,0.12483694581595636,0.4161228512849252
COD10K-CAM-1-Aquatic-13-Pipefish-608,0.15972210466861725,0.5193204106594578,0.10682762739607914,0.6937276643181839
COD10K-CAM-1-Aquatic-13-Pipefish-609,0.06245528906583786,0.6325857486088883,0.24606130598947432,0.7905342624709508
COD10K-CAM-1-Aquatic-13-Pipefish-614,0.17186489701271057,0.4201060637022178,0.00945820191840355,0.28189617981967086
COD10K-CAM-1-Aquatic-13-Pipefish-616,0.11695779860019684,0.440742483802959,0.011695671900044715,0.3272349007409998
COD10K-CAM-1-Aquatic-13-Pipefish-620,0.233801931142807,0.5507626667624745,0.4920811769471191,0.4683308660652342
COD10K-CAM-1-Aquatic-13-Pipefish-621,0.0924588292837143,0.5717284193145475,0.23508454328123066,0.7618756817701974
COD10K-CAM-1-Aquatic-13-Pipefish-622,0.16312812268733978,0.47324213762648665,0.11713347162828179,0.7248460704425014
COD10K-CAM-1-Aquatic-13-Pipefish-623,0.1977371871471405,0.5653447908958698,0.30416538223680223,0.6839165239204852
COD10K-CAM-1-Aquatic-13-Pipefish-625,0.05871342122554779,0.6417187558293775,0.2139543465533101,0.7085888099197403
COD10K-CAM-1-Aquatic-13-Pipefish-629,0.08332139998674393,0.6222367874912923,0.31888023142942473,0.8439195870530583
COD10K-CAM-1-Aquatic-13-Pipefish-630,0.09547687321901321,0.7077313489618008,0.550278960433391,0.8135650657198054
COD10K-CAM-1-Aquatic-13-Pipefish-631,0.16076387465000153,0.6947550299338805,0.5952014844049521,0.7104695692393306
COD10K-CAM-1-Aquatic-13-Pipefish-635,0.09239039570093155,0.6063188456126223,0.2553570324776291,0.7665434722646594
COD10K-CAM-1-Aquatic-13-Pipefish-636,0.17175567150115967,0.6509181812712415,0.5925450644300625,0.5656579861457767
COD10K-CAM-1-Aquatic-13-Pipefish-637,0.04982540011405945,0.7755443174393888,0.49772467845255514,0.8733744399568836
COD10K-CAM-1-Aquatic-13-Pipefish-639,0.09021731466054916,0.7888252728154344,0.5344451130743216,0.7986634484480528
COD10K-CAM-1-Aquatic-13-Pipefish-640,0.11970017850399017,0.6107724876279275,0.2212368798486781,0.6960306938935026
COD10K-CAM-1-Aquatic-13-Pipefish-642,0.13854746520519257,0.477277404820385,0.07341793022146699,0.5506443162870964
COD10K-CAM-1-Aquatic-13-Pipefish-644,0.12208390235900879,0.5305266690376795,0.147320990417154,0.6104752097934426
COD10K-CAM-1-Aquatic-13-Pipefish-649,0.04526180028915405,0.5202153961936511,0.08778541682686963,0.5771337629817932
COD10K-CAM-1-Aquatic-13-Pipefish-652,0.06094784662127495,0.5085397686394899,0.11281017599560507,0.5911329304413874
COD10K-CAM-1-Aquatic-13-Pipefish-655,0.12031476944684982,0.5841910824795065,0.20268790568755762,0.7523949583054856
COD10K-CAM-1-Aquatic-13-Pipefish-661,0.10372625291347504,0.49506494364811127,0.049094927819600384,0.40063298773331596
COD10K-CAM-1-Aquatic-13-Pipefish-662,0.10723813623189926,0.730781253488547,0.6651853919902052,0.6982039131524174
COD10K-CAM-1-Aquatic-13-Pipefish-664,0.10128231346607208,0.6456208348889267,0.30995451984696853,0.7639982896434143
COD10K-CAM-1-Aquatic-13-Pipefish-667,0.04313124343752861,0.5581889754180048,0.06791259356591399,0.5456341950226589
COD10K-CAM-1-Aquatic-13-Pipefish-668,0.1580067276954651,0.48276079270751543,0.14631173556628407,0.6952334006083482
COD10K-CAM-1-Aquatic-13-Pipefish-669,0.08366349339485168,0.8113999889225443,0.727079243788197,0.8450905214431916
COD10K-CAM-1-Aquatic-13-Pipefish-676,0.043038513511419296,0.7657484556730216,0.48328528656888614,0.9012785764053899
COD10K-CAM-1-Aquatic-13-Pipefish-679,0.13418550789356232,0.48035715268360524,0.049279148643490034,0.4037921390756207
COD10K-CAM-1-Aquatic-13-Pipefish-681,0.08280815929174423,0.45436991411859895,0.022195371067796205,0.5869672533758812
COD10K-CAM-1-Aquatic-13-Pipefish-683,0.08679015934467316,0.5981471993256657,0.2554417510970987,0.7857628079228123
COD10K-CAM-1-Aquatic-13-Pipefish-684,0.12366475909948349,0.6319791884333198,0.3865884891576065,0.6983527499465967
COD10K-CAM-1-Aquatic-13-Pipefish-685,0.0963289812207222,0.4956942289312802,0.0907966189528256,0.5093487220776953
COD10K-CAM-1-Aquatic-13-Pipefish-686,0.07180435210466385,0.561418030069621,0.1458277229173888,0.7668350324394557
COD10K-CAM-1-Aquatic-13-Pipefish-688,0.14592406153678894,0.5825311909339901,0.2527158651997751,0.743571611651967
COD10K-CAM-1-Aquatic-13-Pipefish-689,0.09631423652172089,0.5154506969426486,0.10099185261773425,0.5621596177561154
COD10K-CAM-1-Aquatic-13-Pipefish-691,0.036703646183013916,0.48376373783928683,0.03129768390299946,0.27616501913445135
COD10K-CAM-1-Aquatic-13-Pipefish-693,0.061065930873155594,0.7728179191396497,0.4944973563685608,0.874256267805714
COD10K-CAM-1-Aquatic-13-Pipefish-696,0.09750612080097198,0.4895846009615607,0.05389972081263127,0.46576867592716326
COD10K-CAM-1-Aquatic-13-Pipefish-705,0.12866079807281494,0.5964377254240345,0.3196162102378822,0.7882432330937943
COD10K-CAM-1-Aquatic-13-Pipefish-707,0.11301042884588242,0.6225511768841263,0.08349361801618621,0.466284725610035
COD10K-CAM-1-Aquatic-13-Pipefish-709,0.12225297838449478,0.5574419660249932,0.1577838186285678,0.7234475275639909
COD10K-CAM-1-Aquatic-13-Pipefish-713,0.04003917798399925,0.5542517087730595,0.06490526351625749,0.5898397750382889
COD10K-CAM-1-Aquatic-13-Pipefish-717,0.0546601302921772,0.5293727432902413,0.09644251539144998,0.6805352441783087
COD10K-CAM-1-Aquatic-13-Pipefish-721,0.107692189514637,0.45799278333084764,0.022193188262903833,0.3323910453072325
COD10K-CAM-1-Aquatic-13-Pipefish-726,0.05986422672867775,0.5408941293235991,0.07452334912239737,0.5598243079506213
COD10K-CAM-1-Aquatic-13-Pipefish-728,0.12277565896511078,0.5943256795393796,0.18266019719670412,0.594211451156196
COD10K-CAM-1-Aquatic-13-Pipefish-729,0.19320297241210938,0.5337699278043492,0.16349441980885016,0.6415194276285054
COD10K-CAM-1-Aquatic-13-Pipefish-730,0.07096917927265167,0.6480975366634029,0.32910475785941085,0.8089884512748992
COD10K-CAM-1-Aquatic-13-Pipefish-732,0.08073229342699051,0.6321285357183268,0.17312993404562005,0.6190939385811307
COD10K-CAM-1-Aquatic-13-Pipefish-736,0.18931706249713898,0.5207161689716675,0.12882829937856008,0.611919413154377
COD10K-CAM-1-Aquatic-13-Pipefish-748,0.1778186857700348,0.4828639247489571,0.10989248810212704,0.4505071582723907
COD10K-CAM-1-Aquatic-13-Pipefish-749,0.1534954458475113,0.4768243574149396,0.054473852864556326,0.467597584665722
COD10K-CAM-1-Aquatic-13-Pipefish-750,0.1515568047761917,0.6738656798664555,0.6458803631969583,0.6525643829340386
COD10K-CAM-1-Aquatic-13-Pipefish-752,0.1679191291332245,0.6996729782754039,0.45105703410381204,0.64949752009458
COD10K-CAM-1-Aquatic-13-Pipefish-759,0.10885486751794815,0.5700934168646817,0.1848824245168542,0.6146819765774454
COD10K-CAM-1-Aquatic-13-Pipefish-769,0.17533394694328308,0.5205139003641321,0.31399201499211665,0.7328210794458745
COD10K-CAM-1-Aquatic-13-Pipefish-772,0.10502354800701141,0.536955394800961,0.08934399643652724,0.6509385971863781
COD10K-CAM-1-Aquatic-13-Pipefish-774,0.17234943807125092,0.4270347518295895,0.03725745197823072,0.6145276503526504
COD10K-CAM-1-Aquatic-13-Pipefish-776,0.06382574141025543,0.5631267308986458,0.134089361251509,0.607525502009999
COD10K-CAM-1-Aquatic-13-Pipefish-777,0.09806745499372482,0.4659918576030764,0.047436768081336116,0.3739248897429613
COD10K-CAM-1-Aquatic-13-Pipefish-781,0.12180184572935104,0.5247234640916137,0.06201650140510682,0.49406497284517303
COD10K-CAM-1-Aquatic-13-Pipefish-788,0.151636004447937,0.5112460349700603,0.3155076560758342,0.5373793207223965
COD10K-CAM-1-Aquatic-13-Pipefish-789,0.05443091690540314,0.6286978141445272,0.17198686109689348,0.7031100609401482
COD10K-CAM-1-Aquatic-13-Pipefish-795,0.12598817050457,0.5331844650481576,0.16226267388414206,0.7185523184802345
COD10K-CAM-1-Aquatic-13-Pipefish-800,0.062199246138334274,0.7811264354420762,0.5155452480700159,0.8463036215506667
COD10K-CAM-1-Aquatic-13-Pipefish-804,0.04808024317026138,0.6187634022327311,0.2550000975380528,0.7598113570154883
COD10K-CAM-1-Aquatic-13-Pipefish-807,0.14978614449501038,0.5325143092146635,0.14693709307639957,0.6250366638853682
COD10K-CAM-1-Aquatic-13-Pipefish-810,0.22533534467220306,0.44366340338043675,0.13318164962409323,0.6774508293144919
COD10K-CAM-1-Aquatic-13-Pipefish-813,0.06482881307601929,0.4594523467319699,0.028451426101647654,0.4532910235072548
COD10K-CAM-1-Aquatic-13-Pipefish-818,0.08297530561685562,0.4868489861409728,0.08130263234464506,0.7084792088251206
COD10K-CAM-1-Aquatic-13-Pipefish-826,0.06769312173128128,0.6987239537538248,0.40317770990837154,0.8269578563845156
COD10K-CAM-1-Aquatic-13-Pipefish-830,0.02580351196229458,0.48846897643821824,0.005069947174142894,0.43790026306101304
COD10K-CAM-1-Aquatic-13-Pipefish-832,0.1100691631436348,0.5601804511941806,0.16768408555743358,0.5955837127721422
COD10K-CAM-1-Aquatic-13-Pipefish-833,0.17587372660636902,0.48105914152912277,0.11792205384589226,0.7087305854128115
COD10K-CAM-1-Aquatic-13-Pipefish-835,0.09254631400108337,0.5242403862445044,0.12304804900776198,0.6750725153936432
COD10K-CAM-1-Aquatic-13-Pipefish-836,0.12403877824544907,0.4802298538297591,0.26705158424916076,0.5493711107504224
COD10K-CAM-1-Aquatic-13-Pipefish-837,0.1577337086200714,0.51352173935997,0.1399214147518715,0.6436991127961083
COD10K-CAM-1-Aquatic-13-Pipefish-841,0.24840094149112701,0.40024887996252856,0.025062182348133778,0.2984283020849216
COD10K-CAM-1-Aquatic-13-Pipefish-842,0.04035425931215286,0.6491598799363554,0.24414205637601555,0.7937956322354294
COD10K-CAM-1-Aquatic-13-Pipefish-843,0.027082448825240135,0.5752658627645971,0.12690917463039783,0.6556950839703053
COD10K-CAM-1-Aquatic-13-Pipefish-844,0.051638878881931305,0.5675925950496854,0.10084082854202862,0.5641562137033382
COD10K-CAM-1-Aquatic-14-ScorpionFish-845,0.5248686075210571,0.42085724779494893,0.5728524806394454,0.30075704541013665
COD10K-CAM-1-Aquatic-14-ScorpionFish-848,0.19336524605751038,0.4296185880951346,0.0448732755493299,0.5783042104758378
COD10K-CAM-1-Aquatic-14-ScorpionFish-850,0.05418786406517029,0.9208395747781658,0.7625599291039281,0.907921313177362
COD10K-CAM-1-Aquatic-14-ScorpionFish-853,0.21281561255455017,0.6869941595999653,0.5969422298958059,0.715510812468414
COD10K-CAM-1-Aquatic-14-ScorpionFish-854,0.18649865686893463,0.4496595739141636,0.1670577180001236,0.712978781475569
COD10K-CAM-1-Aquatic-14-ScorpionFish-855,0.24938227236270905,0.5973488964253066,0.6981766897449302,0.5720311823028701
COD10K-CAM-1-Aquatic-14-ScorpionFish-858,0.16910795867443085,0.5330821413119936,0.07860330019962074,0.4252194728655344
COD10K-CAM-1-Aquatic-14-ScorpionFish-862,0.1149754673242569,0.8328704375181037,0.7502541141464012,0.7920635086433792
COD10K-CAM-1-Aquatic-14-ScorpionFish-863,0.3756914436817169,0.5560692441611446,0.6877564420911482,0.48299912813085166
COD10K-CAM-1-Aquatic-14-ScorpionFish-865,0.0210268497467041,0.8851752700693234,0.5653932095096033,0.9327275447925072
COD10K-CAM-1-Aquatic-14-ScorpionFish-867,0.36805984377861023,0.47124762078768495,0.6123159058836518,0.43570124121345677
COD10K-CAM-1-Aquatic-14-ScorpionFish-868,0.2634616792201996,0.6378728431634344,0.7736159173315994,0.607422392139647
COD10K-CAM-1-Aquatic-14-ScorpionFish-869,0.3663305342197418,0.4504821149460696,0.5539274148465664,0.411375173737914
COD10K-CAM-1-Aquatic-14-ScorpionFish-872,0.05589946731925011,0.8360690814843004,0.6904840017705554,0.8197166595964911
COD10K-CAM-1-Aquatic-14-ScorpionFish-873,0.29453688859939575,0.6247537569132524,0.7530414561073918,0.5746984641752068
COD10K-CAM-1-Aquatic-14-ScorpionFish-874,0.08072877675294876,0.7595502573807438,0.37047876397570434,0.7759165769038918
COD10K-CAM-1-Aquatic-14-ScorpionFish-879,0.09918691217899323,0.8416345622125965,0.8096457967407439,0.8558351694718807
COD10K-CAM-1-Aquatic-14-ScorpionFish-881,0.10067452490329742,0.8093788453285986,0.6334654406509199,0.8596363305353549
COD10K-CAM-1-Aquatic-14-ScorpionFish-883,0.061515871435403824,0.6671814146941072,0.2475718239334448,0.6626945486121256
COD10K-CAM-1-Aquatic-14-ScorpionFish-884,0.3084634840488434,0.6071944480780181,0.6691077261669849,0.5131130749688466
COD10K-CAM-1-Aquatic-14-ScorpionFish-889,0.17123764753341675,0.7006834091470682,0.6231332280296606,0.6429622542019074
COD10K-CAM-1-Aquatic-14-ScorpionFish-891,0.09822538495063782,0.5877361768540446,0.2628689359634005,0.7720890860436412
COD10K-CAM-1-Aquatic-14-ScorpionFish-892,0.18583348393440247,0.44517041535231966,0.0230316351617056,0.43909068228377457
COD10K-CAM-1-Aquatic-14-ScorpionFish-896,0.24966709315776825,0.5937730646480907,0.6003115186139643,0.5366542049592762
COD10K-CAM-1-Aquatic-14-ScorpionFish-897,0.08476363122463226,0.8266069536902887,0.6871899211884354,0.845422072284854
COD10K-CAM-1-Aquatic-14-ScorpionFish-898,0.1534470170736313,0.7765118760321357,0.725161629619485,0.7847627965450924
COD10K-CAM-1-Aquatic-14-ScorpionFish-899,0.11454367637634277,0.7329916988236436,0.6857465044046226,0.7091042004766805
COD10K-CAM-1-Aquatic-14-ScorpionFish-900,0.09017334878444672,0.8312410312261574,0.6993943076693179,0.8023242699197122
COD10K-CAM-1-Aquatic-14-ScorpionFish-901,0.15013167262077332,0.6727683079522184,0.49763387225516487,0.6706036232928587
COD10K-CAM-1-Aquatic-14-ScorpionFish-906,0.08762415498495102,0.8053924978864202,0.7040647100767597,0.878083459760783
COD10K-CAM-1-Aquatic-14-ScorpionFish-907,0.07566266506910324,0.6766298559436331,0.3315989533023014,0.8262024487785857
COD10K-CAM-1-Aquatic-14-ScorpionFish-911,0.12368272989988327,0.7492857993346719,0.5507633203707353,0.8293903982961826
COD10K-CAM-1-Aquatic-14-ScorpionFish-915,0.20606838166713715,0.6934476762162043,0.6553247414510769,0.6356681378688557
COD10K-CAM-1-Aquatic-14-ScorpionFish-918,0.09404823929071426,0.7556435902772248,0.6059993084799946,0.7471314801607746
COD10K-CAM-1-Aquatic-14-ScorpionFish-919,0.16218507289886475,0.5186931882143051,0.3511061011063607,0.4001483457265411
COD10K-CAM-1-Aquatic-14-ScorpionFish-926,0.27190327644348145,0.5729383273654501,0.5680588821939646,0.4975086890814798
COD10K-CAM-1-Aquatic-14-ScorpionFish-928,0.21024350821971893,0.6013075594438267,0.32348684241142944,0.712122862045565
COD10K-CAM-1-Aquatic-14-ScorpionFish-930,0.20905861258506775,0.7059209717025053,0.681480380416219,0.630220234550123
COD10K-CAM-1-Aquatic-14-ScorpionFish-934,0.09428922086954117,0.710639559546449,0.3576846295367771,0.8131587802140063
COD10K-CAM-1-Aquatic-14-ScorpionFish-935,0.08768199384212494,0.7399384635649957,0.29570805405631756,0.7439127963749602
COD10K-CAM-1-Aquatic-14-ScorpionFish-936,0.23412670195102692,0.7030929993558923,0.7667774256103275,0.6556822420404442
COD10K-CAM-1-Aquatic-14-ScorpionFish-939,0.1257629096508026,0.682435086193091,0.5146541849921298,0.6095838346959195
COD10K-CAM-1-Aquatic-14-ScorpionFish-940,0.24749857187271118,0.6982498102565584,0.8489046811224906,0.6670437395792704
COD10K-CAM-1-Aquatic-14-ScorpionFish-943,0.13143086433410645,0.6631423521831804,0.5968432790753064,0.697133417956991
COD10K-CAM-1-Aquatic-14-ScorpionFish-945,0.14052143692970276,0.7320069899249828,0.7138992310664732,0.6815739051625194
COD10K-CAM-1-Aquatic-14-ScorpionFish-950,0.12095502763986588,0.744736666762885,0.5148872990653259,0.8102642071191564
COD10K-CAM-1-Aquatic-14-ScorpionFish-954,0.360193133354187,0.4723086313445876,0.6423514621650125,0.44508751453352424
COD10K-CAM-1-Aquatic-15-SeaHorse-1002,0.19257159531116486,0.5859586188127243,0.4258098010505211,0.7027241572405749
COD10K-CAM-1-Aquatic-15-SeaHorse-1003,0.07755566388368607,0.7569388711082966,0.5601390389790369,0.8543009294489825
COD10K-CAM-1-Aquatic-15-SeaHorse-1004,0.07359562814235687,0.4997316760833216,0.08534887620866227,0.4428763155577883
COD10K-CAM-1-Aquatic-15-SeaHorse-1006,0.1095350906252861,0.5631622901951708,0.09412906211975272,0.6307130555366706
COD10K-CAM-1-Aquatic-15-SeaHorse-1010,0.12056528776884079,0.6256428987112364,0.33958972908279783,0.7952671940428717
COD10K-CAM-1-Aquatic-15-SeaHorse-1012,0.0499715693295002,0.744831918314669,0.22113524157539077,0.6972827253969245
COD10K-CAM-1-Aquatic-15-SeaHorse-1013,0.1208881065249443,0.5100335745932537,0.17840270697700347,0.7173652418673953
COD10K-CAM-1-Aquatic-15-SeaHorse-1014,0.10693458467721939,0.6792775488576245,0.5110805390178329,0.7867340250948385
COD10K-CAM-1-Aquatic-15-SeaHorse-1015,0.0444876030087471,0.576216255534251,0.12735210835492,0.712444399290489
COD10K-CAM-1-Aquatic-15-SeaHorse-1022,0.055384036153554916,0.8527080177391233,0.517420785796212,0.8417460199374234
COD10K-CAM-1-Aquatic-15-SeaHorse-1023,0.10571907460689545,0.8255316948462739,0.6741891802694329,0.8179134720998484
COD10K-CAM-1-Aquatic-15-SeaHorse-1032,0.10882687568664551,0.5407243607900764,0.1449322445151709,0.622752268741729
COD10K-CAM-1-Aquatic-15-SeaHorse-1035,0.10643135756254196,0.7649503851956054,0.646517457447576,0.8340959436199147
COD10K-CAM-1-Aquatic-15-SeaHorse-1043,0.0601344108581543,0.738284276207167,0.3232420869640268,0.7061687972795301
COD10K-CAM-1-Aquatic-15-SeaHorse-1044,0.14665989577770233,0.42127499388613404,0.0020124698732840256,0.47291676944363437
COD10K-CAM-1-Aquatic-15-SeaHorse-1047,0.15210525691509247,0.6517379982617373,0.3451720475804161,0.6986430397098067
COD10K-CAM-1-Aquatic-15-SeaHorse-1048,0.045211970806121826,0.4919558873758586,0.011163897550390234,0.6197738129554681
COD10K-CAM-1-Aquatic-15-SeaHorse-1052,0.048123158514499664,0.5457398288405066,0.10800891691907476,0.6945866791957752
COD10K-CAM-1-Aquatic-15-SeaHorse-1057,0.08079587668180466,0.7302984137760367,0.39090910507579135,0.8467386572787687
COD10K-CAM-1-Aquatic-15-SeaHorse-1063,0.12133190035820007,0.6550638664597588,0.35943290043446713,0.7220186084413912
COD10K-CAM-1-Aquatic-15-SeaHorse-1066,0.11905542016029358,0.7360250120008437,0.46670699470114796,0.8204194673926887
COD10K-CAM-1-Aquatic-15-SeaHorse-1067,0.03794144466519356,0.5841602135411528,0.1545015328159393,0.3853901191900234
COD10K-CAM-1-Aquatic-15-SeaHorse-1069,0.09696117043495178,0.5610419175252356,0.08112584242973718,0.5385545750956505
COD10K-CAM-1-Aquatic-15-SeaHorse-1070,0.04546462371945381,0.8764455531744622,0.6975544357056482,0.8703443964835132
COD10K-CAM-1-Aquatic-15-SeaHorse-1071,0.07935211807489395,0.8834830150445818,0.7453475713133085,0.8571818848075539
COD10K-CAM-1-Aquatic-15-SeaHorse-1074,0.10005980730056763,0.6622996738156263,0.22248790177270372,0.7024841586034059
COD10K-CAM-1-Aquatic-15-SeaHorse-1076,0.1573089361190796,0.5526345061236982,0.4932698897508587,0.48637620634213136
COD10K-CAM-1-Aquatic-15-SeaHorse-1078,0.07876100391149521,0.5160448372986401,0.10368031813491255,0.7312334544059893
COD10K-CAM-1-Aquatic-15-SeaHorse-1083,0.09122927486896515,0.8139582038364103,0.7766873687121744,0.8105534914356214
COD10K-CAM-1-Aquatic-15-SeaHorse-1085,0.15105730295181274,0.646472272949901,0.4710879172441166,0.6790105109639941
COD10K-CAM-1-Aquatic-15-SeaHorse-1086,0.11904140561819077,0.7686826545605892,0.5966870546694654,0.7521132365075776
COD10K-CAM-1-Aquatic-15-SeaHorse-1088,0.053609367460012436,0.48654557541912935,0.034223156548824636,0.7377000076455997
COD10K-CAM-1-Aquatic-15-SeaHorse-1092,0.09355401247739792,0.6277162608934336,0.29014485266200507,0.7219464113705594
COD10K-CAM-1-Aquatic-15-SeaHorse-1096,0.06743822991847992,0.5978816557017737,0.3139015127653179,0.5071125101460441
COD10K-CAM-1-Aquatic-15-SeaHorse-1099,0.08165735751390457,0.827639873513973,0.5507989753108106,0.8503578542606531
COD10K-CAM-1-Aquatic-15-SeaHorse-1105,0.1794784516096115,0.4960131074391025,0.3293267139529144,0.5348068914663788
COD10K-CAM-1-Aquatic-15-SeaHorse-1109,0.11125059425830841,0.8105310585271674,0.661157290868358,0.792123970346239
COD10K-CAM-1-Aquatic-15-SeaHorse-1110,0.21906991302967072,0.48342413327193756,0.37454716946333994,0.43146540793376376
COD10K-CAM-1-Aquatic-15-SeaHorse-962,0.13920991122722626,0.6529219879617385,0.39012646465294615,0.7802642611082912
COD10K-CAM-1-Aquatic-15-SeaHorse-963,0.16074427962303162,0.4267767151800482,0.05027020983533079,0.7366255991170583
COD10K-CAM-1-Aquatic-15-SeaHorse-966,0.15865656733512878,0.6762735223582359,0.5572856200856159,0.7003561509839122
COD10K-CAM-1-Aquatic-15-SeaHorse-972,0.21597136557102203,0.6135933219434222,0.6516512513328163,0.6037794929832454
COD10K-CAM-1-Aquatic-15-SeaHorse-977,0.24711096286773682,0.42883109077046894,0.01269199235249647,0.28789135948345157
COD10K-CAM-1-Aquatic-15-SeaHorse-978,0.05699552223086357,0.7043826550024028,0.4247790828544132,0.7957093803315674
COD10K-CAM-1-Aquatic-15-SeaHorse-980,0.09614347666501999,0.7558811200730557,0.5136024283991999,0.7962053112866078
COD10K-CAM-1-Aquatic-15-SeaHorse-981,0.05956901237368584,0.591276862285051,0.13158308320953474,0.6171570720762674
COD10K-CAM-1-Aquatic-15-SeaHorse-983,0.08745681494474411,0.7847976017564318,0.5957096556855191,0.8297059910754968
COD10K-CAM-1-Aquatic-15-SeaHorse-984,0.07518330216407776,0.8349935892996431,0.6351945565035685,0.8885743820151654
COD10K-CAM-1-Aquatic-15-SeaHorse-986,0.09964042901992798,0.857829639198048,0.7691593698285174,0.8444090367940018
COD10K-CAM-1-Aquatic-15-SeaHorse-989,0.06879688799381256,0.5598356954965619,0.09501825548207375,0.4850692661689012
COD10K-CAM-1-Aquatic-15-SeaHorse-990,0.047175779938697815,0.5725209059047993,0.1430196056640017,0.5332735438156772
COD10K-CAM-1-Aquatic-15-SeaHorse-992,0.17630213499069214,0.4604294199312262,0.08490033260984134,0.6681270335070311
COD10K-CAM-1-Aquatic-15-SeaHorse-996,0.09703107178211212,0.6000628168154433,0.305419708860605,0.7707307134376683
COD10K-CAM-1-Aquatic-15-SeaHorse-997,0.08904775977134705,0.7873933870307461,0.5272087312925858,0.8538620045482704
COD10K-CAM-1-Aquatic-15-SeaHorse-999,0.14648675918579102,0.7961214945321963,0.8308650983940244,0.7821081014692466
COD10K-CAM-1-Aquatic-16-Shrimp-1115,0.14024510979652405,0.5420100745291957,0.1631012889022514,0.7251309174387175
COD10K-CAM-1-Aquatic-16-Shrimp-1116,0.03176046162843704,0.8042238536560246,0.4345961183539624,0.8719171182260128
COD10K-CAM-1-Aquatic-16-Shrimp-1117,0.036930084228515625,0.7782524159223709,0.3968421641828391,0.8215819901369528
COD10K-CAM-1-Aquatic-16-Shrimp-1119,0.13200998306274414,0.4928632191514344,0.09720034448830592,0.4324578118811738
COD10K-CAM-1-Aquatic-16-Shrimp-1120,0.13896915316581726,0.5054015398864605,0.09651408920878672,0.453992877344173
COD10K-CAM-1-Aquatic-16-Shrimp-1121,0.09167392551898956,0.5419934007063045,0.1294033253872067,0.6507914456522396
COD10K-CAM-1-Aquatic-16-Shrimp-1123,0.0967116579413414,0.5633477279294892,0.06323125904299563,0.4660386102961473
COD10K-CAM-1-Aquatic-16-Shrimp-1128,0.2716197669506073,0.4316361078808289,0.10225711313813109,0.4213147599109809
COD10K-CAM-1-Aquatic-16-Shrimp-1130,0.07393782585859299,0.7929782673801831,0.4966939259241421,0.8475517182992582
COD10K-CAM-1-Aquatic-16-Shrimp-1140,0.09295365959405899,0.5435774875248357,0.08640576366979491,0.43445995750564975
COD10K-CAM-1-Aquatic-16-Shrimp-1142,0.11411783844232559,0.4607368412084304,0.007898382051407615,0.35945784061178804
COD10K-CAM-1-Aquatic-16-Shrimp-1145,0.06440559774637222,0.7341257342641746,0.32343731088128064,0.7308903760636326
COD10K-CAM-1-Aquatic-17-Slug-1149,0.16910789906978607,0.47490904253980154,0.2836564710485994,0.4564122969299137
COD10K-CAM-1-Aquatic-17-Slug-1151,0.12128070741891861,0.5444388997358773,0.1468641779487177,0.6096360708147743
COD10K-CAM-1-Aquatic-18-StarFish-1161,0.0863746851682663,0.7872294006204459,0.5237819877613256,0.787587764824692
COD10K-CAM-1-Aquatic-18-StarFish-1162,0.10610444098711014,0.7439858773908978,0.48977655490169636,0.8250446785412486
COD10K-CAM-1-Aquatic-18-StarFish-1164,0.09025538712739944,0.6616185056992396,0.2772219866653146,0.6954701116204111
COD10K-CAM-1-Aquatic-18-StarFish-1171,0.033808041363954544,0.7914188670663268,0.3566268617020451,0.8061954861615488
COD10K-CAM-1-Aquatic-18-StarFish-1173,0.1382051557302475,0.4889507936501577,0.12116992781799557,0.7320151892873494
COD10K-CAM-1-Aquatic-18-StarFish-1177,0.10789882391691208,0.6669380789946691,0.2532996249005096,0.6286468277892816
COD10K-CAM-1-Aquatic-18-StarFish-1178,0.1693497896194458,0.607434087996916,0.29916335034655767,0.7080401396934577
COD10K-CAM-1-Aquatic-18-StarFish-1181,0.066086545586586,0.7559183063844999,0.4479153519511558,0.7346715905915944
COD10K-CAM-1-Aquatic-18-StarFish-1183,0.15471148490905762,0.6661745619358055,0.32624847774840277,0.6845800651887226
COD10K-CAM-1-Aquatic-19-Stingaree-1186,0.08312822878360748,0.7983653792293613,0.7509235016935581,0.765109260309545
COD10K-CAM-1-Aquatic-19-Stingaree-1190,0.33293062448501587,0.3754708282531368,0.3057611964196825,0.3241530134808816
COD10K-CAM-1-Aquatic-19-Stingaree-1191,0.10576070100069046,0.6763596874827887,0.44097530224407566,0.713097868728028
COD10K-CAM-1-Aquatic-19-Stingaree-1192,0.0770706832408905,0.8471339431964711,0.5832446041014384,0.8434368605697908
COD10K-CAM-1-Aquatic-19-Stingaree-1197,0.04393128305673599,0.870883542841697,0.580244310012441,0.8294036617250855
COD10K-CAM-1-Aquatic-19-Stingaree-1198,0.5898417830467224,0.3077901164508251,0.456305919961077,0.2503551101945357
COD10K-CAM-1-Aquatic-19-Stingaree-1203,0.1524769365787506,0.7361074289437929,0.5904210079604115,0.6884865003616527
COD10K-CAM-1-Aquatic-19-Stingaree-1204,0.3036768138408661,0.38807462283147554,0.26208157920061387,0.3186723962392351
COD10K-CAM-1-Aquatic-19-Stingaree-1207,0.11692812293767929,0.5948409603533581,0.37378738882241586,0.5506495357223042
COD10K-CAM-1-Aquatic-2-ClownFish-10,0.03960174322128296,0.6763238995459591,0.28434620971208496,0.5444320018571884
COD10K-CAM-1-Aquatic-2-ClownFish-11,0.03605271503329277,0.4830299932239759,0.00791012083581377,0.25258916304363255
COD10K-CAM-1-Aquatic-2-ClownFish-13,0.03738003596663475,0.5315901570871429,0.08988832296482693,0.4765691906752002
COD10K-CAM-1-Aquatic-2-ClownFish-15,0.038468822836875916,0.7407900930738347,0.3121396673182973,0.7385231728415997
COD10K-CAM-1-Aquatic-2-ClownFish-18,0.12151151150465012,0.4478652411216071,0.03750992600105912,0.3487609999508653
COD10K-CAM-1-Aquatic-20-Turtle-1221,0.030917955562472343,0.9475124852812763,0.8458817743719066,0.9320796998428731
COD10K-CAM-1-Aquatic-20-Turtle-1224,0.5883235931396484,0.3089604500270866,0.5912269697607132,0.23179158501455902
COD10K-CAM-1-Aquatic-20-Turtle-1225,0.02360318973660469,0.8537538246337566,0.5642257809187572,0.8883358853148078
COD10K-CAM-1-Aquatic-20-Turtle-1231,0.04387112334370613,0.8628495133913378,0.7489948061392606,0.8987839879310129
COD10K-CAM-1-Aquatic-3-Crab-23,0.08572360873222351,0.8362290117288943,0.6997780585603672,0.8706708205165506
COD10K-CAM-1-Aquatic-3-Crab-24,0.11719931662082672,0.697197101631586,0.6844285638902035,0.6661981226292604
COD10K-CAM-1-Aquatic-3-Crab-30,0.05848163366317749,0.7419503452065066,0.4040717509692855,0.8111693872709886
COD10K-CAM-1-Aquatic-3-Crab-31,0.06568866223096848,0.7612224452070722,0.4426603824487488,0.7927876169157351
COD10K-CAM-1-Aquatic-3-Crab-32,0.025956952944397926,0.7705996333658851,0.38210341822651217,0.840910998260907
COD10K-CAM-1-Aquatic-3-Crab-33,0.10819549113512039,0.7117520250569008,0.5615310697964041,0.7303400154132247
COD10K-CAM-1-Aquatic-3-Crab-34,0.04955285042524338,0.5454869282477403,0.03166632179970726,0.3842639123880089
COD10K-CAM-1-Aquatic-3-Crab-35,0.20203128457069397,0.539680765112408,0.4766018439978747,0.4586992835288417
COD10K-CAM-1-Aquatic-3-Crab-37,0.1283545345067978,0.48893482466844335,0.08824555312393031,0.4882056334462088
COD10K-CAM-1-Aquatic-3-Crab-38,0.018300412222743034,0.5295307088163218,0.026814938134688413,0.3051319740983953
COD10K-CAM-1-Aquatic-3-Crab-40,0.04118495061993599,0.7501207539670713,0.4106841508546867,0.8888764781103385
COD10K-CAM-1-Aquatic-3-Crab-43,0.055784814059734344,0.5272813668548062,0.09265566841941765,0.5022176514437786
COD10K-CAM-1-Aquatic-3-Crab-45,0.05568159744143486,0.4894980264799758,0.06590625683419836,0.40624101514474725
COD10K-CAM-1-Aquatic-3-Crab-46,0.05557156354188919,0.7492905719922343,0.56479826194749,0.8606507275196646
COD10K-CAM-1-Aquatic-3-Crab-50,0.07003921270370483,0.7648366514458982,0.362067932738503,0.7555581090093408
COD10K-CAM-1-Aquatic-3-Crab-54,0.12432863563299179,0.5445403603428909,0.1494947342758279,0.5320694555741221
COD10K-CAM-1-Aquatic-3-Crab-58,0.0954514741897583,0.6200028974770482,0.19956367110983428,0.649423750022118
COD10K-CAM-1-Aquatic-3-Crab-62,0.14895054697990417,0.5755231720606285,0.2504711591226372,0.7743823279590997
COD10K-CAM-1-Aquatic-3-Crab-65,0.038413144648075104,0.7425224029770808,0.45952565417376273,0.8790071773506004
COD10K-CAM-1-Aquatic-3-Crab-67,0.041972044855356216,0.7123053842897347,0.3912223835081672,0.704766215541156
COD10K-CAM-1-Aquatic-3-Crab-71,0.0665753036737442,0.7019732645640355,0.41196651260974687,0.8369653770447296
COD10K-CAM-1-Aquatic-3-Crab-73,0.09068314731121063,0.6981977658488774,0.39274688549152004,0.8185924680481347
COD10K-CAM-1-Aquatic-3-Crab-86,0.07906093448400497,0.7305994386668999,0.47322355571762953,0.8633554784624281
COD10K-CAM-1-Aquatic-3-Crab-87,0.11922071129083633,0.5052110593411429,0.2070847940865379,0.39593633546748774
COD10K-CAM-1-Aquatic-3-Crab-88,0.04622727259993553,0.5549681981053239,0.16419752988409628,0.8361286156483094
COD10K-CAM-1-Aquatic-3-Crab-89,0.04191609099507332,0.470826078971152,0.0015446423069618801,0.4143729991278441
COD10K-CAM-1-Aquatic-3-Crab-93,0.05495264008641243,0.7003465870005153,0.3358464602547181,0.7698924831375524
COD10K-CAM-1-Aquatic-3-Crab-96,0.1549169272184372,0.6348417539023135,0.5770576011370727,0.6746156921359003
COD10K-CAM-1-Aquatic-3-Crab-99,0.07077649235725403,0.8253591597992062,0.6110889783621642,0.798040737950019
COD10K-CAM-1-Aquatic-4-Crocodile-105,0.08396473526954651,0.8456455546695203,0.7848245658030123,0.8437226502796137
COD10K-CAM-1-Aquatic-4-Crocodile-110,0.05598289147019386,0.7565559460558297,0.5350465124065489,0.7559413113135509
COD10K-CAM-1-Aquatic-4-Crocodile-114,0.11354266852140427,0.7331572722564539,0.7693343863144972,0.7649584519128354
COD10K-CAM-1-Aquatic-4-Crocodile-115,0.04091035947203636,0.7511056484501775,0.4261943381579222,0.7145850760498829
COD10K-CAM-1-Aquatic-4-Crocodile-118,0.04178289696574211,0.7356002159659913,0.35725642528787327,0.82579044258651
COD10K-CAM-1-Aquatic-4-Crocodile-119,0.04641173779964447,0.47351240882041307,0.014265514533473366,0.48701439374531175
COD10K-CAM-1-Aquatic-4-Crocodile-123,0.06696034222841263,0.4861080163007594,0.11905502186837605,0.44428703149799686
COD10K-CAM-1-Aquatic-5-CrocodileFish-125,0.1819639503955841,0.5425094697486674,0.3153804219371151,0.6100180177939419
COD10K-CAM-1-Aquatic-5-CrocodileFish-126,0.5726906061172485,0.3333029468482733,0.44341510050879607,0.2509248233992417
COD10K-CAM-1-Aquatic-5-CrocodileFish-131,0.11912170797586441,0.6600106722959878,0.44412149749497354,0.7878509068188053
COD10K-CAM-1-Aquatic-6-Fish-134,0.3536252975463867,0.4460277779883928,0.3475358503473788,0.3635573469397892
COD10K-CAM-1-Aquatic-6-Fish-135,0.034529294818639755,0.5163234984855023,0.05903230957356799,0.34430612109603465
COD10K-CAM-1-Aquatic-6-Fish-136,0.11330797523260117,0.43220136952482535,0.004469448296761929,0.4840010952685495
COD10K-CAM-1-Aquatic-6-Fish-138,0.07246340066194534,0.6875308359880121,0.5447130493457062,0.6608983138546041
COD10K-CAM-1-Aquatic-6-Fish-139,0.0801936686038971,0.8252727770211445,0.7892928447140105,0.8481453596994513
COD10K-CAM-1-Aquatic-6-Fish-143,0.11095774918794632,0.6659880264639154,0.3663386908298896,0.7372819980566098
COD10K-CAM-1-Aquatic-6-Fish-149,0.06878594309091568,0.7412624777478016,0.28971026980242454,0.6873057582010809
COD10K-CAM-1-Aquatic-6-Fish-150,0.0781475156545639,0.48101083061581856,0.049843097962894774,0.41807289057451225
COD10K-CAM-1-Aquatic-6-Fish-155,0.05881345644593239,0.7228758872848366,0.5174945191883703,0.7322895805467087
COD10K-CAM-1-Aquatic-6-Fish-157,0.02487099915742874,0.6706489863646933,0.3220499048291666,0.5641157520697693
COD10K-CAM-1-Aquatic-6-Fish-159,0.07270704954862595,0.5269290334532429,0.08840763924559789,0.7381282556163518
COD10K-CAM-1-Aquatic-6-Fish-160,0.044866014271974564,0.6924463389568914,0.21842723759097443,0.6709930359440515
COD10K-CAM-1-Aquatic-6-Fish-162,0.13557462394237518,0.8460848587164304,0.8173564658816997,0.8181082142254666
COD10K-CAM-1-Aquatic-6-Fish-163,0.033249933272600174,0.7842148720175789,0.3992582577669661,0.8518911172602721
COD10K-CAM-1-Aquatic-6-Fish-168,0.12221327424049377,0.6884601088123702,0.543522763891577,0.6676218933540327
COD10K-CAM-1-Aquatic-6-Fish-171,0.10801923274993896,0.6215462649439114,0.36920254117398693,0.5574850944636751
COD10K-CAM-1-Aquatic-6-Fish-174,0.13093788921833038,0.5991491729025757,0.26206667544379153,0.7416639431775214
COD10K-CAM-1-Aquatic-6-Fish-183,0.1628257781267166,0.5052371365683821,0.19281924638770087,0.5662824357171026
COD10K-CAM-1-Aquatic-6-Fish-186,0.09667424857616425,0.7126587538055428,0.3357692084203332,0.6839896980254349
COD10K-CAM-1-Aquatic-6-Fish-189,0.2363770753145218,0.4427820781019667,0.33886818127125007,0.4424558302260828
COD10K-CAM-1-Aquatic-6-Fish-190,0.47816944122314453,0.2647574957514392,0.054578448654657656,0.2531289357243053
COD10K-CAM-1-Aquatic-6-Fish-191,0.16281726956367493,0.7344954146014038,0.6705651875995333,0.6949643492413653
COD10K-CAM-1-Aquatic-6-Fish-193,0.05424344167113304,0.7863629754923604,0.4586216101448954,0.8474851566245691
COD10K-CAM-1-Aquatic-6-Fish-196,0.08203013986349106,0.7482830635878098,0.45337050816478325,0.8187772807955327
COD10K-CAM-1-Aquatic-6-Fish-197,0.05971596762537956,0.7464943544371465,0.42634374437353134,0.8573777659527027
COD10K-CAM-1-Aquatic-6-Fish-203,0.08673328161239624,0.5724222192133068,0.1429296988435084,0.5038629809527609
COD10K-CAM-1-Aquatic-6-Fish-204,0.09602509438991547,0.8016718708173711,0.5429221978499595,0.8173388633011434
COD10K-CAM-1-Aquatic-6-Fish-207,0.27693358063697815,0.5597249146804477,0.5464322804245555,0.47364309759437195
COD10K-CAM-1-Aquatic-6-Fish-215,0.03998875245451927,0.8543556047446802,0.4555685388067774,0.8519166893532123
COD10K-CAM-1-Aquatic-6-Fish-218,0.07298275083303452,0.6280564458193363,0.19336663062911613,0.6390124127107858
COD10K-CAM-1-Aquatic-6-Fish-219,0.16658809781074524,0.7629583885395914,0.74275542795469,0.6919119645843044
COD10K-CAM-1-Aquatic-6-Fish-220,0.11834660917520523,0.47584331693703474,0.10399394602522236,0.7253841774854137
COD10K-CAM-1-Aquatic-6-Fish-221,0.19781610369682312,0.5972173444755611,0.20547213033171546,0.5996564748077309
COD10K-CAM-1-Aquatic-6-Fish-222,0.08129876852035522,0.6488412905524586,0.3460220318260273,0.7855006616399347
COD10K-CAM-1-Aquatic-6-Fish-224,0.09556200355291367,0.787793448087365,0.6508914550835041,0.8413477107778417
COD10K-CAM-1-Aquatic-6-Fish-225,0.2591147720813751,0.6052417658014605,0.6186973370269325,0.6157112870803243
COD10K-CAM-1-Aquatic-6-Fish-227,0.07393865287303925,0.7095735947800117,0.31521703463965756,0.7327756381810284
COD10K-CAM-1-Aquatic-6-Fish-228,0.2519548535346985,0.6608510086310355,0.7748669918995874,0.6342508367981765
COD10K-CAM-1-Aquatic-6-Fish-230,0.14592060446739197,0.7355055001332076,0.7016186096490001,0.7236913145214986
COD10K-CAM-1-Aquatic-6-Fish-231,0.13304370641708374,0.6480303492445584,0.42818991645197035,0.7904732906119029
COD10K-CAM-1-Aquatic-6-Fish-235,0.08713982999324799,0.6849612794283564,0.3015045124913866,0.7254121908377297
COD10K-CAM-1-Aquatic-6-Fish-242,0.060564763844013214,0.7583651847405906,0.35360642871824616,0.7740034212511275
COD10K-CAM-1-Aquatic-6-Fish-243,0.0610799603164196,0.8244366387624549,0.5957892501622695,0.8831712323198639
COD10K-CAM-1-Aquatic-7-Flounder-245,0.44501084089279175,0.3949146854976733,0.5300698446407026,0.34424872620654645
COD10K-CAM-1-Aquatic-7-Flounder-246,0.10556796193122864,0.731915079402927,0.6884838243292979,0.7341946940171201
COD10K-CAM-1-Aquatic-7-Flounder-247,0.27911561727523804,0.5673880761027938,0.6500413274439522,0.5242088752709195
COD10K-CAM-1-Aquatic-7-Flounder-248,0.15187110006809235,0.6978898446588622,0.7223366726588212,0.6828336318969239
COD10K-CAM-1-Aquatic-7-Flounder-249,0.12705914676189423,0.7948891519098713,0.7862304925676956,0.8015910673093639
COD10K-CAM-1-Aquatic-7-Flounder-250,0.2557874917984009,0.5710403964004044,0.6682150623186233,0.5579747446840342
COD10K-CAM-1-Aquatic-7-Flounder-253,0.10096266120672226,0.8883318933515445,0.7503706666329423,0.827489775540058
COD10K-CAM-1-Aquatic-7-Flounder-254,0.4544796049594879,0.3551834084034413,0.4902236754186034,0.33748290173265816
COD10K-CAM-1-Aquatic-7-Flounder-258,0.0902370885014534,0.809857089629497,0.5372607033509658,0.7915729229639012
COD10K-CAM-1-Aquatic-7-Flounder-259,0.2137579619884491,0.428402912575855,0.2834839977734098,0.3374158184289887
COD10K-CAM-1-Aquatic-7-Flounder-262,0.07367067784070969,0.8976068512134123,0.8111398498544481,0.881706564216947
COD10K-CAM-1-Aquatic-7-Flounder-264,0.3007027506828308,0.5995827800438847,0.6208721974792802,0.4871832008867158
COD10K-CAM-1-Aquatic-7-Flounder-266,0.19776690006256104,0.39409432744060535,0.06594444053999665,0.5549679154332701
COD10K-CAM-1-Aquatic-7-Flounder-270,0.6085195541381836,0.341704139639141,0.5930778945889266,0.2335757626533839
COD10K-CAM-1-Aquatic-7-Flounder-272,0.09404833614826202,0.6924090542871499,0.6349120789085799,0.7991571506296282
COD10K-CAM-1-Aquatic-7-Flounder-277,0.17802315950393677,0.6962971078180711,0.7082628673157317,0.6515460808906656
COD10K-CAM-1-Aquatic-7-Flounder-283,0.030496636405587196,0.6878834963683595,0.31522553521654045,0.7809311919876616
COD10K-CAM-1-Aquatic-7-Flounder-284,0.3268933594226837,0.4400637618584465,0.43140025935130416,0.3766681920315673
COD10K-CAM-1-Aquatic-7-Flounder-286,0.11926031857728958,0.8410087270696694,0.7562694956159172,0.8204265751043172
COD10K-CAM-1-Aquatic-7-Flounder-287,0.089510977268219,0.7861780705652901,0.5439650814256515,0.7533463299409934
COD10K-CAM-1-Aquatic-7-Flounder-289,0.19634173810482025,0.6251519430598118,0.6544109854798357,0.6051411483537958
COD10K-CAM-1-Aquatic-7-Flounder-290,0.27136164903640747,0.37765859830144666,0.1657488534098874,0.29946088952686967
COD10K-CAM-1-Aquatic-7-Flounder-291,0.11145949363708496,0.6559086041885337,0.5670509620814491,0.7442982188022567
COD10K-CAM-1-Aquatic-7-Flounder-292,0.33346259593963623,0.4786149322690433,0.4744784759257712,0.38214134078713263
COD10K-CAM-1-Aquatic-8-FrogFish-295,0.12232393026351929,0.569874281570065,0.43570935273334477,0.45286973138878217
COD10K-CAM-1-Aquatic-8-FrogFish-296,0.06004992872476578,0.527288487211537,0.21259799687801623,0.36296653292655795
COD10K-CAM-1-Aquatic-8-FrogFish-297,0.3595961034297943,0.3937638845613353,0.41779087973049844,0.36533453078765155
COD10K-CAM-1-Aquatic-8-FrogFish-299,0.20411163568496704,0.5243764864765649,0.1768299918132843,0.6519106911090233
COD10K-CAM-1-Aquatic-8-FrogFish-303,0.15445835888385773,0.6909952788999354,0.518015379820024,0.583100452145215
COD10K-CAM-1-Aquatic-8-FrogFish-305,0.16424663364887238,0.7945159068660452,0.7609358124160537,0.7555003434620277
COD10K-CAM-1-Aquatic-8-FrogFish-306,0.1246979832649231,0.8599617437790054,0.8313813542492227,0.7890967116818496
COD10K-CAM-1-Aquatic-9-GhostPipefish-307,0.051389820873737335,0.6872744548841838,0.3718834690091672,0.8502807202116109
COD10K-CAM-1-Aquatic-9-GhostPipefish-309,0.14114676415920258,0.6083952401395613,0.3997907168420517,0.7716804800596477
COD10K-CAM-1-Aquatic-9-GhostPipefish-312,0.10613017529249191,0.6969262325117215,0.38920547362574587,0.733220349927788
COD10K-CAM-1-Aquatic-9-GhostPipefish-315,0.09640184044837952,0.7214615505079076,0.37213177064890945,0.78493062872851
COD10K-CAM-1-Aquatic-9-GhostPipefish-318,0.21742911636829376,0.622519517506821,0.5736674716789809,0.674890618455481
COD10K-CAM-1-Aquatic-9-GhostPipefish-322,0.13030335307121277,0.5707688083688562,0.37282015842202043,0.6058763015162616
COD10K-CAM-1-Aquatic-9-GhostPipefish-323,0.05177599564194679,0.6715101551820073,0.30949685930547466,0.8046544039853645
COD10K-CAM-1-Aquatic-9-GhostPipefish-326,0.17781727015972137,0.5509984336630293,0.16925799200113067,0.597019253570615
COD10K-CAM-1-Aquatic-9-GhostPipefish-327,0.16048625111579895,0.5833942153311639,0.25482423073471666,0.7314482226465451
COD10K-CAM-1-Aquatic-9-GhostPipefish-333,0.04194134473800659,0.742566758133979,0.32631947608266565,0.6409241252256824
COD10K-CAM-1-Aquatic-9-GhostPipefish-334,0.11705361306667328,0.618438152005681,0.2700386623078658,0.6726701235780347
COD10K-CAM-1-Aquatic-9-GhostPipefish-339,0.07425975054502487,0.6682568444058584,0.4480644175152086,0.6915428612195131
COD10K-CAM-1-Aquatic-9-GhostPipefish-346,0.0700245127081871,0.8214255487626525,0.6220070965742079,0.8513976945231708
COD10K-CAM-1-Aquatic-9-GhostPipefish-347,0.3429616391658783,0.33609096032487834,0.08874100362001927,0.26526168134446426
COD10K-CAM-1-Aquatic-9-GhostPipefish-348,0.1199425458908081,0.710359613926901,0.5121223410346083,0.6712868405018804
COD10K-CAM-1-Aquatic-9-GhostPipefish-349,0.14782953262329102,0.6396501377590751,0.5739641010744989,0.6417825834001551
COD10K-CAM-1-Aquatic-9-GhostPipefish-350,0.08881358802318573,0.8150942429678978,0.671983021870928,0.8022018579244052
COD10K-CAM-1-Aquatic-9-GhostPipefish-353,0.14467306435108185,0.5122931213382275,0.10218395715601639,0.6465627059742614
COD10K-CAM-1-Aquatic-9-GhostPipefish-359,0.07086482644081116,0.705377717480768,0.4519765161831792,0.7908638552308253
COD10K-CAM-1-Aquatic-9-GhostPipefish-369,0.06599132716655731,0.5437089799205446,0.13051108123685295,0.6979070642991538
COD10K-CAM-1-Aquatic-9-GhostPipefish-370,0.06462962925434113,0.853414062977399,0.6958524299694319,0.8795283425670521
COD10K-CAM-1-Aquatic-9-GhostPipefish-372,0.05202793702483177,0.7029049363014912,0.30743912236839466,0.7719611143688956
COD10K-CAM-1-Aquatic-9-GhostPipefish-377,0.14819207787513733,0.621429030284532,0.629239781546194,0.5932919545681583
COD10K-CAM-1-Aquatic-9-GhostPipefish-379,0.13569200038909912,0.5237028497457322,0.21717579934261533,0.7263846880037217
COD10K-CAM-1-Aquatic-9-GhostPipefish-380,0.10268345475196838,0.7699243842170393,0.6446564779000098,0.8016050344052343
COD10K-CAM-1-Aquatic-9-GhostPipefish-381,0.11843720823526382,0.6442810504376161,0.21600643342766598,0.5847206806725385
COD10K-CAM-1-Aquatic-9-GhostPipefish-382,0.060780178755521774,0.7942789242521353,0.5973556257917332,0.9070048673295878
COD10K-CAM-1-Aquatic-9-GhostPipefish-383,0.18381880223751068,0.5456085033538832,0.43402874494850624,0.4726086273884137
COD10K-CAM-1-Aquatic-9-GhostPipefish-384,0.13424645364284515,0.6385441698975944,0.4983459864902983,0.6892365393150448
COD10K-CAM-1-Aquatic-9-GhostPipefish-385,0.09359864890575409,0.7619854548113465,0.5945540038559217,0.8359039000516088
COD10K-CAM-1-Aquatic-9-GhostPipefish-390,0.1489991992712021,0.6644675931555185,0.5817224619811303,0.6247958159628424
COD10K-CAM-1-Aquatic-9-GhostPipefish-391,0.2035374641418457,0.5234036218883266,0.3549626783768156,0.3906272050400461
COD10K-CAM-1-Aquatic-9-GhostPipefish-395,0.16066411137580872,0.6278146596259125,0.3440714859653656,0.5643155081137236
COD10K-CAM-1-Aquatic-9-GhostPipefish-397,0.1388523131608963,0.5790483568718345,0.17522215409595607,0.6550686983264191
COD10K-CAM-1-Aquatic-9-GhostPipefish-399,0.11407753825187683,0.638055481862816,0.5320455245527853,0.6479814428129833
COD10K-CAM-1-Aquatic-9-GhostPipefish-402,0.06317593157291412,0.7160365186269017,0.3911980794628305,0.839058873796827
COD10K-CAM-1-Aquatic-9-GhostPipefish-403,0.06646990776062012,0.5510892382776287,0.1274068294896466,0.8004919754678032
COD10K-CAM-1-Aquatic-9-GhostPipefish-406,0.0657786950469017,0.8049302472879133,0.4578587241596509,0.821503853939052
COD10K-CAM-1-Aquatic-9-GhostPipefish-407,0.17196962237358093,0.5554350832351425,0.44086909229850646,0.5288247263957775
COD10K-CAM-1-Aquatic-9-GhostPipefish-409,0.08523625135421753,0.6813770342338751,0.2928918167014632,0.6954235975420746
COD10K-CAM-1-Aquatic-9-GhostPipefish-411,0.10168340057134628,0.6547284413648361,0.43377542713337597,0.6145593224363199
COD10K-CAM-2-Terrestrial-21-Ant-1233,0.14256083965301514,0.4307525489822091,0.004279938548770275,0.26593813187755155
COD10K-CAM-2-Terrestrial-21-Ant-1238,0.012424263171851635,0.5042388800543204,0.005793546877371272,0.26513930131433594
COD10K-CAM-2-Terrestrial-21-Ant-1240,0.06754694133996964,0.643545553473507,0.082720159426318,0.46127540590595734
COD10K-CAM-2-Terrestrial-21-Ant-1241,0.09822843968868256,0.5165557904566354,0.09574507466363708,0.443641170084365
COD10K-CAM-2-Terrestrial-21-Ant-1243,0.013603080995380878,0.4973216897077446,0.0005103538507146937,0.25799242161478186
COD10K-CAM-2-Terrestrial-21-Ant-1246,0.06250713020563126,0.46979193011161513,0.009992606314946249,0.31436297708779093
COD10K-CAM-2-Terrestrial-21-Ant-1247,0.03566398844122887,0.7421205927465251,0.2904861143529887,0.8003762103739516
COD10K-CAM-2-Terrestrial-21-Ant-1249,0.06476609408855438,0.4527615917575653,0.0012565624393866266,0.5539640594580826
COD10K-CAM-2-Terrestrial-21-Ant-1251,0.13093982636928558,0.6019932958078382,0.2539142152822207,0.7830096914813245
COD10K-CAM-2-Terrestrial-21-Ant-1257,0.018862711265683174,0.6176620489661553,0.11721799292862885,0.6505452933478622
COD10K-CAM-2-Terrestrial-22-Bug-1260,0.05931318551301956,0.6884526809033558,0.43077352312827133,0.8282390920361494
COD10K-CAM-2-Terrestrial-22-Bug-1262,0.10783348977565765,0.5361382331611428,0.10540830594116431,0.4532163169658695
COD10K-CAM-2-Terrestrial-22-Bug-1263,0.04413029924035072,0.8515560274468443,0.7034421936220955,0.9110713976205449
COD10K-CAM-2-Terrestrial-22-Bug-1267,0.1727548986673355,0.4575932820646216,0.05863020121155434,0.3684099489423637
COD10K-CAM-2-Terrestrial-22-Bug-1268,0.08510197699069977,0.7264730384876471,0.4213950193394831,0.7914211157465574
COD10K-CAM-2-Terrestrial-22-Bug-1270,0.06125704199075699,0.7868397105046381,0.501314544258924,0.861279151291786
COD10K-CAM-2-Terrestrial-22-Bug-1271,0.05835356190800667,0.8588666588287598,0.7316052120261087,0.89981344018327
COD10K-CAM-2-Terrestrial-22-Bug-1272,0.07191171497106552,0.5897549533116341,0.12784154276285467,0.6027805232738176
COD10K-CAM-2-Terrestrial-22-Bug-1273,0.020866984501481056,0.8434865269203526,0.35158537647290267,0.8255945893461193
COD10K-CAM-2-Terrestrial-22-Bug-1274,0.05209421366453171,0.9187132275968963,0.82068490789648,0.9120519768097264
COD10K-CAM-2-Terrestrial-22-Bug-1276,0.06450839340686798,0.854923161610085,0.6753985309726075,0.9036281755340891
COD10K-CAM-2-Terrestrial-22-Bug-1277,0.09110142290592194,0.5539867104194154,0.09283587290765008,0.45671756017469056
COD10K-CAM-2-Terrestrial-22-Bug-1278,0.0458713099360466,0.7945678478353875,0.46357334880632267,0.8568224164426743
COD10K-CAM-2-Terrestrial-22-Bug-1281,0.05464210361242294,0.8614077658383312,0.6993740266957691,0.9071362542674859
COD10K-CAM-2-Terrestrial-22-Bug-1282,0.054951012134552,0.6306214406472676,0.24487671685274592,0.7597512175353676
COD10K-CAM-2-Terrestrial-22-Bug-1283,0.11275868117809296,0.5161504249986169,0.23058487161868677,0.5586500737285767
COD10K-CAM-2-Terrestrial-22-Bug-1284,0.022730262950062752,0.8570059226515336,0.4943910449635574,0.8264449474157309
COD10K-CAM-2-Terrestrial-22-Bug-1285,0.09603772312402725,0.6096199773267269,0.08828541691237977,0.42010991834402134
COD10K-CAM-2-Terrestrial-22-Bug-1286,0.05290770158171654,0.6996432333191768,0.49352656945966644,0.6016292129619951
COD10K-CAM-2-Terrestrial-22-Bug-1289,0.057581983506679535,0.505233465052356,0.06704840153803034,0.4718512007713711
COD10K-CAM-2-Terrestrial-22-Bug-1291,0.0463590994477272,0.572772746727609,0.1078341030469537,0.6246542690944645
COD10K-CAM-2-Terrestrial-22-Bug-1293,0.08096746355295181,0.8091291662613791,0.49484999451137546,0.8159624974877415
COD10K-CAM-2-Terrestrial-23-Cat-1299,0.05672571808099747,0.6963821234342523,0.26135712788958165,0.7145042541736824
COD10K-CAM-2-Terrestrial-23-Cat-1300,0.16668806970119476,0.6032796745762676,0.518279389026021,0.6135323888914183
COD10K-CAM-2-Terrestrial-23-Cat-1301,0.07673642039299011,0.7059657882809486,0.4734403453778919,0.6515560784314434
COD10K-CAM-2-Terrestrial-23-Cat-1304,0.050394099205732346,0.8297313190962555,0.5969254031924995,0.8000515530435388
COD10K-CAM-2-Terrestrial-23-Cat-1310,0.03199533745646477,0.6361253853064891,0.20839013272678616,0.6442153865618653
COD10K-CAM-2-Terrestrial-23-Cat-1320,0.0863143652677536,0.6347357831115858,0.24298267342158536,0.6946288887760452
COD10K-CAM-2-Terrestrial-23-Cat-1325,0.03604071959853172,0.8682460980713984,0.583335310018949,0.8835776743299342
COD10K-CAM-2-Terrestrial-23-Cat-1327,0.05212026834487915,0.5033498121812436,0.017690963810710426,0.5621660756047147
COD10K-CAM-2-Terrestrial-23-Cat-1328,0.13345439732074738,0.7010942207998359,0.6916264661215148,0.7035593501678394
COD10K-CAM-2-Terrestrial-23-Cat-1329,0.042384665459394455,0.7184520739665992,0.29019225943661386,0.7832486123685299
COD10K-CAM-2-Terrestrial-23-Cat-1330,0.06788671761751175,0.6507688665357112,0.21731908286035398,0.6954024533062755
COD10K-CAM-2-Terrestrial-23-Cat-1331,0.2420482337474823,0.57084842169791,0.6576785254210179,0.5398695693420421
COD10K-CAM-2-Terrestrial-23-Cat-1333,0.07041754573583603,0.4820556691747664,0.08436225047359738,0.27562448497333447
COD10K-CAM-2-Terrestrial-23-Cat-1337,0.05115286260843277,0.8048860289654408,0.611321210027695,0.8443708497093247
COD10K-CAM-2-Terrestrial-23-Cat-1339,0.2570524513721466,0.4679635936550803,0.411478661777454,0.3922945776636334
COD10K-CAM-2-Terrestrial-23-Cat-1344,0.02027272805571556,0.6989470900177936,0.23730474277910224,0.7997882607106626
COD10K-CAM-2-Terrestrial-23-Cat-1350,0.055785171687603,0.7529815059115894,0.4454729571965185,0.8677931241734764
COD10K-CAM-2-Terrestrial-23-Cat-1352,0.046850018203258514,0.5327889997722924,0.029880144649666436,0.662558043772838
COD10K-CAM-2-Terrestrial-23-Cat-1358,0.09925707429647446,0.5078220768013586,0.15230038995039644,0.6248077275358377
COD10K-CAM-2-Terrestrial-23-Cat-1359,0.126006618142128,0.6347186728993381,0.6025174655352207,0.6604352421452382
COD10K-CAM-2-Terrestrial-23-Cat-1360,0.159467875957489,0.5566288186410091,0.12921076344112892,0.6176870568064885
COD10K-CAM-2-Terrestrial-23-Cat-1363,0.03451092913746834,0.7111641249917824,0.16097415843872454,0.5824910730037252
COD10K-CAM-2-Terrestrial-23-Cat-1364,0.14419998228549957,0.6128318674326234,0.0700905963561213,0.41911033520863494
COD10K-CAM-2-Terrestrial-23-Cat-1365,0.11937360465526581,0.5482598638838296,0.22837127293779466,0.6987593554728951
COD10K-CAM-2-Terrestrial-23-Cat-1367,0.03510178253054619,0.47905688862449197,0.0051482848573685775,0.39800440224585376
COD10K-CAM-2-Terrestrial-23-Cat-1368,0.06503754109144211,0.5768415967591211,0.2656288562181162,0.846467853711199
COD10K-CAM-2-Terrestrial-23-Cat-1369,0.04020389914512634,0.5022769164875177,0.02226510998672384,0.3805472862757787
COD10K-CAM-2-Terrestrial-23-Cat-1371,0.06072209030389786,0.4688669673448125,0.01118704620269169,0.6250460276972404
COD10K-CAM-2-Terrestrial-23-Cat-1372,0.05309481918811798,0.5898169611769396,0.12934753348014286,0.6507808570215103
COD10K-CAM-2-Terrestrial-23-Cat-1377,0.01462513953447342,0.5002484811487411,0.008344578966771973,0.2926870170746232
COD10K-CAM-2-Terrestrial-23-Cat-1378,0.11152385920286179,0.6268058476433631,0.5045309725689637,0.7142957100438182
COD10K-CAM-2-Terrestrial-23-Cat-1380,0.12770329415798187,0.7361271369132217,0.48180244599451216,0.6984298629518619
COD10K-CAM-2-Terrestrial-23-Cat-1381,0.09474429488182068,0.43910938827974666,0.04224828491303214,0.5881342497946638
COD10K-CAM-2-Terrestrial-23-Cat-1383,0.06703253090381622,0.6305481158705799,0.20471634327201288,0.6495736414294904
COD10K-CAM-2-Terrestrial-23-Cat-1386,0.285361647605896,0.3633014565341918,0.12187756541003505,0.3337731088755164
COD10K-CAM-2-Terrestrial-23-Cat-1387,0.08644964545965195,0.46782288474309525,0.1277711826163238,0.4296899468185171
COD10K-CAM-2-Terrestrial-23-Cat-1388,0.0646175891160965,0.5987501135975559,0.3095476964372014,0.5710461167815157
COD10K-CAM-2-Terrestrial-23-Cat-1390,0.008113309741020203,0.502682521040074,0.010024676328493146,0.260254494822138
COD10K-CAM-2-Terrestrial-23-Cat-1391,0.02810162864625454,0.5723524635107649,0.06832579969229781,0.6712684957342334
COD10K-CAM-2-Terrestrial-23-Cat-1392,0.026259545236825943,0.47875090156294575,0.02639566369812701,0.6638806741090423
COD10K-CAM-2-Terrestrial-23-Cat-1394,0.04154777154326439,0.5963683017154635,0.23273324023578654,0.8405535169740297
COD10K-CAM-2-Terrestrial-23-Cat-1400,0.07280094921588898,0.45978608143614624,0.007635182085882224,0.5614658592529183
COD10K-CAM-2-Terrestrial-23-Cat-1405,0.12493407726287842,0.4361256092844429,0.03237410757927812,0.29868140052390946
COD10K-CAM-2-Terrestrial-23-Cat-1411,0.06508840620517731,0.534241852307185,0.14052399999311038,0.5196505290982844
COD10K-CAM-2-Terrestrial-23-Cat-1412,0.16141460835933685,0.4436056860473241,0.03743620748406499,0.5058347601118307
COD10K-CAM-2-Terrestrial-23-Cat-1413,0.07022055983543396,0.5577982608492574,0.1515102891345304,0.6475864516191817
COD10K-CAM-2-Terrestrial-23-Cat-1415,0.10604607313871384,0.4431355808399526,0.05204088421526361,0.7400146669394659
COD10K-CAM-2-Terrestrial-23-Cat-1419,0.15839149057865143,0.5670023311243549,0.44451972815808555,0.5186690260957372
COD10K-CAM-2-Terrestrial-23-Cat-1420,0.03762095794081688,0.524863862553006,0.15885216263899665,0.3228222861053355
COD10K-CAM-2-Terrestrial-23-Cat-1421,0.09500933438539505,0.6571405694522789,0.34271211575367705,0.8148492467743481
COD10K-CAM-2-Terrestrial-23-Cat-1423,0.057922594249248505,0.583513774158828,0.28537109690666096,0.5955172752490583
COD10K-CAM-2-Terrestrial-23-Cat-1424,0.0668930783867836,0.48855807752857394,0.09452718758113864,0.3458822333661081
COD10K-CAM-2-Terrestrial-23-Cat-1428,0.03452269360423088,0.4873465631333822,0.027414554235782797,0.2603206618030626
COD10K-CAM-2-Terrestrial-23-Cat-1429,0.02220316044986248,0.7513176679234588,0.4260729177855287,0.8369851305132034
COD10K-CAM-2-Terrestrial-23-Cat-1431,0.05667553097009659,0.4725295824710574,0.017764811229464408,0.32842419575506054
COD10K-CAM-2-Terrestrial-23-Cat-1432,0.13491663336753845,0.4251499948845711,0.0009999357135405474,0.5753367746302065
COD10K-CAM-2-Terrestrial-23-Cat-1433,0.03982158750295639,0.47509132882510857,0.01981278037390387,0.7068222363642276
COD10K-CAM-2-Terrestrial-23-Cat-1434,0.11143310368061066,0.7871856378942861,0.5572194711503236,0.8155495739096192
COD10K-CAM-2-Terrestrial-23-Cat-1438,0.00815332867205143,0.4958849298280521,0.0007871920086158676,0.2644046142886888
COD10K-CAM-2-Terrestrial-23-Cat-1442,0.10117710381746292,0.5518427354906924,0.19815400994924579,0.7363470148439055
COD10K-CAM-2-Terrestrial-23-Cat-1443,0.0842125341296196,0.516988079425907,0.09001549189364962,0.5402048064853406
COD10K-CAM-2-Terrestrial-23-Cat-1446,0.10934366285800934,0.4593975619109936,0.08502810159001367,0.5264624975986233
COD10K-CAM-2-Terrestrial-23-Cat-1449,0.06083230674266815,0.5373246791454791,0.11652245803343185,0.8237287084247749
COD10K-CAM-2-Terrestrial-23-Cat-1451,0.08806681632995605,0.5752536228775404,0.29218920510166385,0.7107791741388092
COD10K-CAM-2-Terrestrial-23-Cat-1453,0.02313246950507164,0.4797479202020057,0.0006306128171908335,0.3559400408481909
COD10K-CAM-2-Terrestrial-23-Cat-1458,0.04968241974711418,0.5546135207810785,0.1611691854407212,0.3564930466866322
COD10K-CAM-2-Terrestrial-23-Cat-1459,0.3389320373535156,0.45314575852596695,0.44871039550582364,0.3826415841846207
COD10K-CAM-2-Terrestrial-23-Cat-1461,0.02626660279929638,0.5099809497599559,0.018327810954315144,0.3847504488334256
COD10K-CAM-2-Terrestrial-23-Cat-1462,0.06422776728868484,0.4699978746422672,0.03689388181670082,0.6422228162415659
COD10K-CAM-2-Terrestrial-23-Cat-1465,0.026261981576681137,0.6295847214704452,0.1547775162493585,0.6198086675420276
COD10K-CAM-2-Terrestrial-23-Cat-1466,0.020364325493574142,0.5171972421037068,0.04025042197802979,0.3755347598716995
COD10K-CAM-2-Terrestrial-23-Cat-1471,0.029193459078669548,0.791075354176545,0.6442784981570011,0.805765127214171
COD10K-CAM-2-Terrestrial-23-Cat-1472,0.08042531460523605,0.638536051451201,0.4417218795191034,0.5126716838811342
COD10K-CAM-2-Terrestrial-23-Cat-1474,0.07477699965238571,0.4883362397455272,0.128354210232314,0.7053656071433315
COD10K-CAM-2-Terrestrial-23-Cat-1475,0.021034186705946922,0.6830330574623744,0.12935166195838177,0.5435493841004482
COD10K-CAM-2-Terrestrial-23-Cat-1476,0.04127679020166397,0.6751488603425276,0.25375329381713985,0.7660259387504307
COD10K-CAM-2-Terrestrial-23-Cat-1479,0.04564977437257767,0.526941558525173,0.09650491773328206,0.8128067355209503
COD10K-CAM-2-Terrestrial-23-Cat-1481,0.2177768349647522,0.5838833930972165,0.3939202851839274,0.6978632300056178
COD10K-CAM-2-Terrestrial-23-Cat-1483,0.05666179955005646,0.46327185116622,0.014255875878465902,0.5717308121220688
COD10K-CAM-2-Terrestrial-23-Cat-1485,0.15303577482700348,0.5306475736663983,0.29172697151290194,0.567419224994617
COD10K-CAM-2-Terrestrial-23-Cat-1488,0.11697597801685333,0.4426021613747611,0.028158115493860908,0.2675781185641093
COD10K-CAM-2-Terrestrial-23-Cat-1490,0.029188672080636024,0.532073589402341,0.13086552447465216,0.3364334562370962
COD10K-CAM-2-Terrestrial-23-Cat-1491,0.050722766667604446,0.782935500070618,0.5135761984931929,0.8352398686698977
COD10K-CAM-2-Terrestrial-23-Cat-1492,0.0554351881146431,0.6312207937407412,0.2726040880871034,0.7271550477289406
COD10K-CAM-2-Terrestrial-23-Cat-1494,0.019580917432904243,0.48564168845815353,0.004369906531010695,0.4960023337365438
COD10K-CAM-2-Terrestrial-23-Cat-1496,0.05414000153541565,0.633944459024141,0.30878965888452903,0.8547421923568601
COD10K-CAM-2-Terrestrial-23-Cat-1498,0.07508738338947296,0.44908913638392683,0.018426712140149612,0.8097081399093697
COD10K-CAM-2-Terrestrial-23-Cat-1500,0.03285381197929382,0.7152592933973333,0.3091382014789001,0.7537787295673141
COD10K-CAM-2-Terrestrial-23-Cat-1505,0.01954239420592785,0.48753437317543424,0.0009380768292711759,0.2642578483996987
COD10K-CAM-2-Terrestrial-23-Cat-1506,0.01934245228767395,0.8984898798805152,0.5704692186656756,0.8823874358821309
COD10K-CAM-2-Terrestrial-23-Cat-1508,0.18357892334461212,0.3984276815970098,0.015683502613169458,0.44275456330789076
COD10K-CAM-2-Terrestrial-23-Cat-1510,0.010887617245316505,0.5540611017701129,0.029208766050615037,0.47803775848123714
COD10K-CAM-2-Terrestrial-23-Cat-1512,0.02169768698513508,0.4988154018661329,0.06455348221931509,0.47166159769971183
COD10K-CAM-2-Terrestrial-23-Cat-1514,0.038517192006111145,0.5758452217719799,0.2109324875310896,0.6291426034050603
COD10K-CAM-2-Terrestrial-23-Cat-1515,0.09708087891340256,0.6081881597879113,0.22358642990300753,0.6825453103456705
COD10K-CAM-2-Terrestrial-23-Cat-1516,0.18937301635742188,0.6386601643064027,0.4598323216503063,0.5985773868258436
COD10K-CAM-2-Terrestrial-23-Cat-1520,0.08399230986833572,0.6326849209697852,0.546897700854603,0.6584476571923761
COD10K-CAM-2-Terrestrial-23-Cat-1522,0.06828483939170837,0.4820595763788861,0.12334748894740913,0.49442957797975884
COD10K-CAM-2-Terrestrial-23-Cat-1523,0.02438167668879032,0.5981555803106079,0.21453891171924974,0.6369913032948036
COD10K-CAM-2-Terrestrial-23-Cat-1524,0.08033125847578049,0.54151914666701,0.3897503061588776,0.553132436889312
COD10K-CAM-2-Terrestrial-23-Cat-1526,0.12770606577396393,0.4091248177402538,0.019462726272644035,0.5686736368657652
COD10K-CAM-2-Terrestrial-23-Cat-1527,0.3852209150791168,0.4573445811600793,0.5201724173621097,0.40275936307952276
COD10K-CAM-2-Terrestrial-23-Cat-1530,0.04152742028236389,0.7753041227247341,0.4146983477256313,0.824875286930309
COD10K-CAM-2-Terrestrial-23-Cat-1531,0.18523631989955902,0.4096487967879323,0.028652658973913052,0.25322320055438835
COD10K-CAM-2-Terrestrial-23-Cat-1532,0.20261433720588684,0.4577136205556034,0.34436589988322536,0.42442652439131556
COD10K-CAM-2-Terrestrial-23-Cat-1534,0.010893390513956547,0.8354935580264584,0.5424073344127615,0.8934197128969255
COD10K-CAM-2-Terrestrial-23-Cat-1537,0.23619838058948517,0.3865061583356773,0.08010859338666261,0.28064672885906267
COD10K-CAM-2-Terrestrial-24-Caterpillar-1541,0.11577711999416351,0.7357077645556171,0.5312167543509642,0.8256507657237246
COD10K-CAM-2-Terrestrial-24-Caterpillar-1543,0.3402796685695648,0.5121243555790693,0.6754218673463347,0.4812071739443705
COD10K-CAM-2-Terrestrial-24-Caterpillar-1545,0.03264141455292702,0.586203697197601,0.09513940357061104,0.6502786316868164
COD10K-CAM-2-Terrestrial-24-Caterpillar-1546,0.032173823565244675,0.5450094574437305,0.11710077131758444,0.5842587858433218
COD10K-CAM-2-Terrestrial-24-Caterpillar-1548,0.03534910827875137,0.6455194919825992,0.3363002547303058,0.7558164371514022
COD10K-CAM-2-Terrestrial-24-Caterpillar-1552,0.10800416022539139,0.5255933474266716,0.28629171333738723,0.4228943488839902
COD10K-CAM-2-Terrestrial-24-Caterpillar-1557,0.06085078790783882,0.7900621647701462,0.4776093520163692,0.8608492536673865
COD10K-CAM-2-Terrestrial-24-Caterpillar-1560,0.15328234434127808,0.7282786225287514,0.6211556350659045,0.8060096211255605
COD10K-CAM-2-Terrestrial-24-Caterpillar-1564,0.15742681920528412,0.7353940766925587,0.5463967088393293,0.7909883969381066
COD10K-CAM-2-Terrestrial-24-Caterpillar-1565,0.3092367947101593,0.5394289408730892,0.4900787969933449,0.5800124660239179
COD10K-CAM-2-Terrestrial-24-Caterpillar-1567,0.164089635014534,0.7283807107686344,0.6253728855742098,0.78587441224815
COD10K-CAM-2-Terrestrial-24-Caterpillar-1568,0.1380888670682907,0.6832567133568774,0.41409369725611084,0.7297338519259712
COD10K-CAM-2-Terrestrial-24-Caterpillar-1570,0.13589425384998322,0.6762576323861456,0.34340019722243076,0.628037747721623
COD10K-CAM-2-Terrestrial-24-Caterpillar-1572,0.13706406950950623,0.6452846573140377,0.4497478664906748,0.6596304936744846
COD10K-CAM-2-Terrestrial-24-Caterpillar-1574,0.02662939578294754,0.5799910127420979,0.09820897003845018,0.6075052370323565
COD10K-CAM-2-Terrestrial-24-Caterpillar-1581,0.10974778980016708,0.6785517625542518,0.30910480455006467,0.7417848629005601
COD10K-CAM-2-Terrestrial-24-Caterpillar-1582,0.03778129443526268,0.5183337900400359,0.06911041329876781,0.6813768514213117
COD10K-CAM-2-Terrestrial-24-Caterpillar-1587,0.13580940663814545,0.6578326244193154,0.5615375498711135,0.6974483006990528
COD10K-CAM-2-Terrestrial-24-Caterpillar-1591,0.07278817892074585,0.6086972905940476,0.3212653983239716,0.8817325886114625
COD10K-CAM-2-Terrestrial-24-Caterpillar-1594,0.0779198482632637,0.671117954447658,0.31535416223973367,0.7746779149694243
COD10K-CAM-2-Terrestrial-24-Caterpillar-1596,0.02812359295785427,0.9250585859648648,0.747783164118697,0.9332242585991855
COD10K-CAM-2-Terrestrial-24-Caterpillar-1597,0.042417850345373154,0.6213767457262742,0.2815607331350592,0.703421576887868
COD10K-CAM-2-Terrestrial-24-Caterpillar-1602,0.09620755910873413,0.7985886408334851,0.49909432271522064,0.8115741784172129
COD10K-CAM-2-Terrestrial-24-Caterpillar-1607,0.14319775998592377,0.5346589973922884,0.2158500386485272,0.7217597684730822
COD10K-CAM-2-Terrestrial-24-Caterpillar-1608,0.05905330553650856,0.6195720910601812,0.30040343527864344,0.8405477031197488
COD10K-CAM-2-Terrestrial-24-Caterpillar-1616,0.06904000043869019,0.6790220617354086,0.27174800750539196,0.8507978812685695
COD10K-CAM-2-Terrestrial-24-Caterpillar-1621,0.04408739507198334,0.739622176324668,0.4565419410801675,0.8892262033418429
COD10K-CAM-2-Terrestrial-24-Caterpillar-1622,0.18666400015354156,0.5016545495604868,0.17177367853862976,0.5871716396729866
COD10K-CAM-2-Terrestrial-24-Caterpillar-1623,0.1824946403503418,0.6061313132782638,0.43683049922342,0.5762636029046665
COD10K-CAM-2-Terrestrial-24-Caterpillar-1626,0.13790513575077057,0.7209616039566319,0.4738491327516037,0.7388584464066255
COD10K-CAM-2-Terrestrial-24-Caterpillar-1633,0.10183919966220856,0.4869242541844446,0.03382605490300823,0.438937986536315
COD10K-CAM-2-Terrestrial-24-Caterpillar-1641,0.08949028700590134,0.6982002942739186,0.48414238667508463,0.8347192329992041
COD10K-CAM-2-Terrestrial-24-Caterpillar-1643,0.0984882116317749,0.6439814648086843,0.3960728488114621,0.7772197935095919
COD10K-CAM-2-Terrestrial-24-Caterpillar-1644,0.09566070139408112,0.684011723574073,0.430497126877784,0.8668732092221183
COD10K-CAM-2-Terrestrial-24-Caterpillar-1645,0.014664405025541782,0.6476982683620371,0.16660685610060696,0.5220294865120665
COD10K-CAM-2-Terrestrial-24-Caterpillar-1650,0.03411455079913139,0.792239039879493,0.41158996058828506,0.8079310185066734
COD10K-CAM-2-Terrestrial-24-Caterpillar-1652,0.033350151032209396,0.6693484918689747,0.24353313594751194,0.7274860831398189
COD10K-CAM-2-Terrestrial-24-Caterpillar-1653,0.06270617991685867,0.765571929309393,0.44247653667712555,0.8536937608833217
COD10K-CAM-2-Terrestrial-24-Caterpillar-1655,0.05690285563468933,0.7420633963591466,0.4000921086421088,0.8154411430059831
COD10K-CAM-2-Terrestrial-25-Centipede-1658,0.17766572535037994,0.5162124446172189,0.2590322570981018,0.7047335223009034
COD10K-CAM-2-Terrestrial-25-Centipede-1659,0.14116068184375763,0.46184052293972855,0.053172707622982374,0.5442776086787096
COD10K-CAM-2-Terrestrial-25-Centipede-1663,0.06835246831178665,0.7940218528707501,0.6297023474725937,0.7925990950922461
COD10K-CAM-2-Terrestrial-26-Chameleon-1667,0.15805572271347046,0.6249626716099357,0.3764881916604722,0.6437845844047332
COD10K-CAM-2-Terrestrial-26-Chameleon-1670,0.03175588324666023,0.8277643698226063,0.5411237070429259,0.8949984007138125
COD10K-CAM-2-Terrestrial-26-Chameleon-1671,0.11579252779483795,0.6690387214858494,0.594204628153815,0.5837189301362014
COD10K-CAM-2-Terrestrial-26-Chameleon-1676,0.03356602042913437,0.6729023995823334,0.26165731951501003,0.7093810303928869
COD10K-CAM-2-Terrestrial-26-Chameleon-1681,0.1504221111536026,0.7859238767356409,0.7005170840378917,0.7154943174051579
COD10K-CAM-2-Terrestrial-26-Chameleon-1688,0.1576686054468155,0.6436933327484361,0.31774255527726536,0.7350203019437428
COD10K-CAM-2-Terrestrial-26-Chameleon-1689,0.037523213773965836,0.8685271661616394,0.745337419917176,0.9238975278079621
COD10K-CAM-2-Terrestrial-26-Chameleon-1692,0.15307959914207458,0.7746985632832704,0.6751262165964125,0.716687700802386
COD10K-CAM-2-Terrestrial-26-Chameleon-1693,0.038757506757974625,0.6710758987996137,0.12288127882086547,0.6245534525248193
COD10K-CAM-2-Terrestrial-26-Chameleon-1696,0.0208092350512743,0.5832312191032698,0.10579945542970624,0.590689496176062
COD10K-CAM-2-Terrestrial-26-Chameleon-1697,0.06554677337408066,0.6721204891262844,0.4967550452837619,0.7775356043729501
COD10K-CAM-2-Terrestrial-26-Chameleon-1698,0.10885411500930786,0.7439525438561775,0.43315645406417974,0.8365596346595053
COD10K-CAM-2-Terrestrial-26-Chameleon-1699,0.10455935448408127,0.6135026371789595,0.4875168880641841,0.8392026652094924
COD10K-CAM-2-Terrestrial-26-Chameleon-1701,0.07116656005382538,0.6438008394375173,0.35324075197566684,0.8584377127842715
COD10K-CAM-2-Terrestrial-26-Chameleon-1703,0.08799811452627182,0.7275120168204308,0.5480982982795334,0.7816150300785446
COD10K-CAM-2-Terrestrial-26-Chameleon-1705,0.06396771222352982,0.4525344468585708,0.003882111653977966,0.6883477283318105
COD10K-CAM-2-Terrestrial-26-Chameleon-1706,0.201445072889328,0.4713095952412955,0.07093776456895227,0.6356860050528801
COD10K-CAM-2-Terrestrial-26-Chameleon-1707,0.059566572308540344,0.6449891663804932,0.27163303045377885,0.7802950671023996
COD10K-CAM-2-Terrestrial-26-Chameleon-1709,0.10802208632230759,0.46812696009210214,0.029319632864331063,0.7589366017492439
COD10K-CAM-2-Terrestrial-26-Chameleon-1711,0.034168973565101624,0.48323598642811744,0.09970324493218395,0.5744112721575817
COD10K-CAM-2-Terrestrial-26-Chameleon-1713,0.04310661181807518,0.8038521520201833,0.511506671275589,0.8274732007930381
COD10K-CAM-2-Terrestrial-26-Chameleon-1716,0.049443747848272324,0.6604312388992374,0.5427089708215267,0.9073187399957505
COD10K-CAM-2-Terrestrial-26-Chameleon-1719,0.12936069071292877,0.5754384903325108,0.4731769408100771,0.5726755010121279
COD10K-CAM-2-Terrestrial-26-Chameleon-1722,0.03999048471450806,0.573994521693446,0.09335720361785288,0.6664947654000866
COD10K-CAM-2-Terrestrial-26-Chameleon-1723,0.04870426282286644,0.7870850457027089,0.498545136211152,0.877884436921436
COD10K-CAM-2-Terrestrial-26-Chameleon-1727,0.04790334030985832,0.5157662695437459,0.03294694554194991,0.39631412523583376
COD10K-CAM-2-Terrestrial-26-Chameleon-1730,0.10182695090770721,0.45209539809589716,0.08430822572337413,0.6527494901207131
COD10K-CAM-2-Terrestrial-26-Chameleon-1737,0.13698577880859375,0.6485169216534362,0.4872438544948156,0.5886330323759503
COD10K-CAM-2-Terrestrial-27-Cheetah-1739,0.11575738340616226,0.6451015114543717,0.2992625652780208,0.762583132221473
COD10K-CAM-2-Terrestrial-27-Cheetah-1742,0.04641326144337654,0.4999971892408006,0.06505227914963543,0.2979075211461818
COD10K-CAM-2-Terrestrial-27-Cheetah-1743,0.13922764360904694,0.6497449813307031,0.5187410165300101,0.7668014903099067
COD10K-CAM-2-Terrestrial-27-Cheetah-1745,0.09707314521074295,0.4494009988025816,0.02433319754355598,0.48229360413825295
COD10K-CAM-2-Terrestrial-27-Cheetah-1747,0.060725487768650055,0.4798711616586804,0.039233586768922066,0.40867938482703703
COD10K-CAM-2-Terrestrial-27-Cheetah-1750,0.030937435105443,0.6578108574785471,0.365957569574914,0.758091871926452
COD10K-CAM-2-Terrestrial-27-Cheetah-1751,0.050996411591768265,0.7576345558458488,0.4886036189013471,0.7645718140299738
COD10K-CAM-2-Terrestrial-27-Cheetah-1753,0.07306168973445892,0.6571276560169238,0.35285882935462287,0.8196210748992652
COD10K-CAM-2-Terrestrial-27-Cheetah-1755,0.31600046157836914,0.5594462790411202,0.5918397152176961,0.4619783067187956
COD10K-CAM-2-Terrestrial-27-Cheetah-1756,0.12538771331310272,0.6053748093321518,0.42608975681106426,0.5419473525848988
COD10K-CAM-2-Terrestrial-28-Deer-1758,0.16702227294445038,0.5357418735898788,0.1909471922664111,0.645479036079632
COD10K-CAM-2-Terrestrial-28-Deer-1760,0.12804675102233887,0.5017308267134417,0.39265643599216254,0.42559819267963706
COD10K-CAM-2-Terrestrial-28-Deer-1761,0.01626298762857914,0.6396700799275181,0.20321437064459247,0.6268627154324964
COD10K-CAM-2-Terrestrial-28-Deer-1762,0.06820076704025269,0.7720750091629824,0.6332238561193478,0.8455127378126681
COD10K-CAM-2-Terrestrial-28-Deer-1764,0.13086920976638794,0.47200262622907024,0.11140833137303069,0.6870756658220867
COD10K-CAM-2-Terrestrial-28-Deer-1766,0.07421855628490448,0.4923972603475241,0.09120598410118128,0.4112490605426804
COD10K-CAM-2-Terrestrial-28-Deer-1767,0.0919584184885025,0.5037389812084364,0.13072766110175782,0.6177414425049943
COD10K-CAM-2-Terrestrial-28-Deer-1768,0.1221269965171814,0.752477760482201,0.6253904576011161,0.724471135691412
COD10K-CAM-2-Terrestrial-28-Deer-1769,0.08013947308063507,0.5185139358934464,0.17234281302435348,0.43350604376684093
COD10K-CAM-2-Terrestrial-28-Deer-1772,0.043659791350364685,0.584740722848708,0.1065282924500043,0.5287236797343474
COD10K-CAM-2-Terrestrial-28-Deer-1773,0.040206428617239,0.7642605924338739,0.3244506120785831,0.8044844813049858
COD10K-CAM-2-Terrestrial-28-Deer-1775,0.09860198199748993,0.49877787100794896,0.07413246970780657,0.5279353361355756
COD10K-CAM-2-Terrestrial-28-Deer-1779,0.13883963227272034,0.6706910381735789,0.5471186812524046,0.7301095924561289
COD10K-CAM-2-Terrestrial-28-Deer-1784,0.008469820953905582,0.5030744780352674,0.019411596756707856,0.49938479050080337
COD10K-CAM-2-Terrestrial-28-Deer-1785,0.1395997554063797,0.5069885743073164,0.23770045656971878,0.5081645795349738
COD10K-CAM-2-Terrestrial-28-Deer-1788,0.08174397796392441,0.4435041671322304,0.00042425098942846926,0.4558551408002917
COD10K-CAM-2-Terrestrial-28-Deer-1790,0.025082293897867203,0.5087080325662877,0.009758782546529527,0.43231236159418657
COD10K-CAM-2-Terrestrial-28-Deer-1791,0.06738293170928955,0.47901079299811733,0.06791559466904654,0.7847906109194578
COD10K-CAM-2-Terrestrial-28-Deer-1792,0.04887894168496132,0.7876044294124328,0.4139895051291478,0.8483907974559063
COD10K-CAM-2-Terrestrial-28-Deer-1794,0.08293385058641434,0.46571974722341264,0.10491584240042504,0.7777821699101095
COD10K-CAM-2-Terrestrial-28-Deer-1795,0.008279506117105484,0.7201263630869308,0.19341271486580416,0.6847762539772253
COD10K-CAM-2-Terrestrial-28-Deer-1801,0.052940115332603455,0.4987392375063201,0.020407453784578197,0.34893477700982467
COD10K-CAM-2-Terrestrial-29-Dog-1804,0.19401732087135315,0.6168388538578339,0.5711181917438012,0.555901326298264
COD10K-CAM-2-Terrestrial-29-Dog-1805,0.06149580702185631,0.8598801511162664,0.7574331069079409,0.8522064421588269
COD10K-CAM-2-Terrestrial-29-Dog-1814,0.016152188181877136,0.7638941506977182,0.3021364160217053,0.640750656225638
COD10K-CAM-2-Terrestrial-29-Dog-1815,0.09091956913471222,0.6521768483461747,0.2760452872440777,0.7186455819805078
COD10K-CAM-2-Terrestrial-29-Dog-1816,0.04414220526814461,0.49488609242093107,0.06382082613589014,0.6841658440317853
COD10K-CAM-2-Terrestrial-29-Dog-1817,0.003385723102837801,0.49983840252085693,0.0009757566791955369,0.2535731851678653
COD10K-CAM-2-Terrestrial-29-Dog-1820,0.007553450297564268,0.5029702632829987,0.004429748214277325,0.2529226829317802
COD10K-CAM-2-Terrestrial-29-Dog-1825,0.018983131274580956,0.6335203219964944,0.47496146579020615,0.8359871101939333
COD10K-CAM-2-Terrestrial-29-Dog-1827,0.005836017429828644,0.529447935055086,0.021281905931088255,0.5312774113176841
COD10K-CAM-2-Terrestrial-29-Dog-1829,0.039771102368831635,0.8002454941313486,0.411289398204678,0.6557797025354102
COD10K-CAM-2-Terrestrial-29-Dog-1830,0.08486023545265198,0.6246217729879326,0.24497782122238745,0.7650250253699419
COD10K-CAM-2-Terrestrial-29-Dog-1831,0.017485998570919037,0.4851971732613374,0.021607959964870346,0.3035271649170521
COD10K-CAM-2-Terrestrial-29-Dog-1832,0.14122751355171204,0.5970877432271466,0.3036292595268034,0.5332464364007201
COD10K-CAM-2-Terrestrial-29-Dog-1834,0.08478746563196182,0.5917330639255944,0.2206364494924941,0.7590590030622316
COD10K-CAM-2-Terrestrial-29-Dog-1835,0.003118067979812622,0.4997622136596919,0.0002088804273294765,0.25032002534171993
COD10K-CAM-2-Terrestrial-29-Dog-1836,0.015455416403710842,0.6928319717185256,0.15066882404399576,0.66678429211802
COD10K-CAM-2-Terrestrial-29-Dog-1837,0.05222011357545853,0.6946905432359212,0.23993444239501818,0.714707237164002
COD10K-CAM-2-Terrestrial-29-Dog-1838,0.12703515589237213,0.4249288195834563,0.017671165259637998,0.7058329676880762
COD10K-CAM-2-Terrestrial-29-Dog-1840,0.08144697546958923,0.44314161794366913,0.004379196046201484,0.5639522951594091
COD10K-CAM-2-Terrestrial-29-Dog-1851,0.05360427871346474,0.4775861306643005,0.018142759249218817,0.41332541901083664
COD10K-CAM-2-Terrestrial-29-Dog-1853,0.10110540688037872,0.44286076375743394,0.003433043725888196,0.4294271716628948
COD10K-CAM-2-Terrestrial-29-Dog-1854,0.11082149296998978,0.4468541351032134,0.031697937873383084,0.2562055030480007
COD10K-CAM-2-Terrestrial-29-Dog-1856,0.017275817692279816,0.5041436483023496,0.006928676620945477,0.37412620497742544
COD10K-CAM-2-Terrestrial-30-Duck-1862,0.01951305754482746,0.4779582458785543,0.0024523187109850276,0.8291112094216059
COD10K-CAM-2-Terrestrial-30-Duck-1866,0.01612560637295246,0.49136930688570074,0.005255947004187917,0.5461304050916795
COD10K-CAM-2-Terrestrial-30-Duck-1868,0.05262980982661247,0.47453010113500677,0.033436762148165086,0.45588225128325505
COD10K-CAM-2-Terrestrial-30-Duck-1870,0.01375905517488718,0.6299172015486584,0.28988989084332195,0.6678068263241075
COD10K-CAM-2-Terrestrial-30-Duck-1871,0.018894102424383163,0.7864105134920458,0.27441683074124856,0.7504411026117026
COD10K-CAM-2-Terrestrial-30-Duck-1873,0.09742805361747742,0.4933997318562162,0.21324540315498486,0.43521253347182975
COD10K-CAM-2-Terrestrial-30-Duck-1876,0.05428735539317131,0.5177813413227871,0.1247946901239372,0.6731374585485568
COD10K-CAM-2-Terrestrial-31-Gecko-1880,0.09716825187206268,0.7214424027178146,0.2972496151907836,0.729774945517427
COD10K-CAM-2-Terrestrial-31-Gecko-1882,0.04407922178506851,0.8418783010457535,0.5720104925304104,0.9046447345961366
COD10K-CAM-2-Terrestrial-31-Gecko-1888,0.1349891722202301,0.6289045685166561,0.3657827936639444,0.7429623502657672
COD10K-CAM-2-Terrestrial-31-Gecko-1889,0.27754950523376465,0.6223833483594701,0.7103611628215478,0.5634643762887459
COD10K-CAM-2-Terrestrial-31-Gecko-1890,0.07332104444503784,0.7717503280150797,0.4587120786812513,0.8234627818836835
COD10K-CAM-2-Terrestrial-31-Gecko-1892,0.07940295338630676,0.5938451082448635,0.2500254412666872,0.6785198986372224
COD10K-CAM-2-Terrestrial-31-Gecko-1893,0.13687218725681305,0.5199811910466947,0.14704351301013005,0.7231459120216758
COD10K-CAM-2-Terrestrial-31-Gecko-1895,0.0801163762807846,0.706728863787998,0.32515227716187034,0.7184448101166097
COD10K-CAM-2-Terrestrial-31-Gecko-1901,0.08606793731451035,0.8042870763678691,0.7038936419864533,0.813321865894964
COD10K-CAM-2-Terrestrial-31-Gecko-1903,0.05373118445277214,0.7017660019898526,0.3533204845051846,0.7899808742149635
COD10K-CAM-2-Terrestrial-31-Gecko-1907,0.07719801366329193,0.6505233427789942,0.19960456824958195,0.803008476254456
COD10K-CAM-2-Terrestrial-31-Gecko-1908,0.03700070083141327,0.7299332734406353,0.3018683868602121,0.8112579378774543
COD10K-CAM-2-Terrestrial-31-Gecko-1913,0.04028300195932388,0.7202781496653017,0.3213911271891484,0.7860068069783273
COD10K-CAM-2-Terrestrial-31-Gecko-1917,0.14273184537887573,0.6844958803794424,0.3254245355520818,0.7377140708744364
COD10K-CAM-2-Terrestrial-31-Gecko-1920,0.1940045803785324,0.6971993677577002,0.5699411285895322,0.7077638688267309
COD10K-CAM-2-Terrestrial-31-Gecko-1922,0.11468996107578278,0.48974550831442293,0.19845352202040287,0.6272653267076997
COD10K-CAM-2-Terrestrial-31-Gecko-1923,0.12907202541828156,0.6260082308807271,0.3850430765675599,0.7269230720270162
COD10K-CAM-2-Terrestrial-31-Gecko-1927,0.05846504122018814,0.8145845027692071,0.5345584054037784,0.8725014106376594
COD10K-CAM-2-Terrestrial-31-Gecko-1929,0.09986621886491776,0.7882984181050174,0.6466945107109402,0.8381872186359389
COD10K-CAM-2-Terrestrial-32-Giraffe-1932,0.08055403083562851,0.44175304581630853,0.0029977978015098363,0.6702588059484766
COD10K-CAM-2-Terrestrial-32-Giraffe-1934,0.08154875040054321,0.7448535252337982,0.4906206345265076,0.7298610920662516
COD10K-CAM-2-Terrestrial-32-Giraffe-1935,0.15082907676696777,0.6204841989139169,0.47462114930185373,0.5072470743580415
COD10K-CAM-2-Terrestrial-32-Giraffe-1937,0.05396541953086853,0.653657087842615,0.24206756199580506,0.4659194331309115
COD10K-CAM-2-Terrestrial-32-Giraffe-1940,0.1425890326499939,0.5119793637990935,0.1575523024639461,0.6418232297909526
COD10K-CAM-2-Terrestrial-32-Giraffe-1941,0.09885184466838837,0.6351286373147944,0.3849286199910137,0.6614281844015184
COD10K-CAM-2-Terrestrial-32-Giraffe-1942,0.037384744733572006,0.6984203332588131,0.3721063763858816,0.8266534371243229
COD10K-CAM-2-Terrestrial-32-Giraffe-1947,0.037976156920194626,0.694409359560075,0.4194502934456839,0.6918135997595292
COD10K-CAM-2-Terrestrial-32-Giraffe-1950,0.03380640223622322,0.4874427414810011,0.029081064969916234,0.2591122566867573
COD10K-CAM-2-Terrestrial-33-Grouse-1952,0.04338378459215164,0.761074338759905,0.4371172916531159,0.8105535247421171
COD10K-CAM-2-Terrestrial-33-Grouse-1954,0.0279691219329834,0.8403551748403504,0.46136331982243334,0.8316018854102709
COD10K-CAM-2-Terrestrial-33-Grouse-1958,0.04791887477040291,0.67654708284419,0.20871700025288825,0.7281666324468214
COD10K-CAM-2-Terrestrial-33-Grouse-1959,0.10914614051580429,0.7140813893707622,0.3868646869104646,0.774900096482239
COD10K-CAM-2-Terrestrial-33-Grouse-1961,0.031726494431495667,0.8574622409925821,0.6291070926588397,0.8842054305010534
COD10K-CAM-2-Terrestrial-33-Grouse-1962,0.05321728438138962,0.5000479417767445,0.03308549066587013,0.4512150396172165
COD10K-CAM-2-Terrestrial-33-Grouse-1966,0.05500379949808121,0.8722267701531068,0.6703534341284759,0.8940704186646589
COD10K-CAM-2-Terrestrial-34-Human-1970,0.23284006118774414,0.4907863905111171,0.5202665365775644,0.44373429003948056
COD10K-CAM-2-Terrestrial-34-Human-1973,0.09756194800138474,0.5974841554823,0.35161970337680726,0.6611539947365231
COD10K-CAM-2-Terrestrial-34-Human-1975,0.0240799468010664,0.6300071660018077,0.3918216231768567,0.49528961373233515
COD10K-CAM-2-Terrestrial-34-Human-1978,0.050477102398872375,0.5220711071918412,0.19655245223935755,0.7774765454728582
COD10K-CAM-2-Terrestrial-34-Human-1980,0.04650163650512695,0.46493881521601615,0.004661867886816674,0.7683825886419893
COD10K-CAM-2-Terrestrial-34-Human-1983,0.05304159224033356,0.5466713892197685,0.06625160154001272,0.6637785588021303
COD10K-CAM-2-Terrestrial-34-Human-1985,0.018499692901968956,0.48030801942049534,0.0020586030125217215,0.7097774809191802
COD10K-CAM-2-Terrestrial-34-Human-1987,0.08543956279754639,0.6665496584230598,0.30059369378683765,0.6831709855337511
COD10K-CAM-2-Terrestrial-34-Human-1990,0.06541718542575836,0.4598148339198092,0.012864833672719383,0.7820807991519088
COD10K-CAM-2-Terrestrial-34-Human-1991,0.08378908038139343,0.4481602009131276,0.022930802248293317,0.305098027254029
COD10K-CAM-2-Terrestrial-34-Human-1992,0.04742024838924408,0.5762811437529151,0.16526324652783145,0.6939953140903816
COD10K-CAM-2-Terrestrial-34-Human-1993,0.01961996778845787,0.7797361817869259,0.41860411775058143,0.8510238909693371
COD10K-CAM-2-Terrestrial-34-Human-1996,0.09816792607307434,0.5547223362480673,0.2712279804881973,0.5560846918797098
COD10K-CAM-2-Terrestrial-34-Human-1997,0.11205431818962097,0.6975597516787042,0.6997055618144304,0.6768909607500928
COD10K-CAM-2-Terrestrial-34-Human-1998,0.010167812928557396,0.639970143930917,0.14955691491032197,0.7085662746265177
COD10K-CAM-2-Terrestrial-34-Human-2000,0.15858659148216248,0.4453912103126393,0.09641841472397884,0.4178619878527177
COD10K-CAM-2-Terrestrial-34-Human-2007,0.035608094185590744,0.7186529531182322,0.40313994684655846,0.8697680827687074
COD10K-CAM-2-Terrestrial-34-Human-2010,0.006126060150563717,0.4991868579414385,0.004057494975136708,0.2851711504991751
COD10K-CAM-2-Terrestrial-34-Human-2012,0.26228082180023193,0.522232730514424,0.5429247009292836,0.44362867129028444
COD10K-CAM-2-Terrestrial-34-Human-2013,0.09008225798606873,0.6311139285616238,0.32884445140642377,0.5986839624245788
COD10K-CAM-2-Terrestrial-34-Human-2014,0.45540815591812134,0.3187119659952945,0.24831670694693225,0.3029126236869151
COD10K-CAM-2-Terrestrial-34-Human-2017,0.053607478737831116,0.8250855402936694,0.5301351320986015,0.7343205315430616
COD10K-CAM-2-Terrestrial-34-Human-2018,0.20588788390159607,0.4118406936223103,0.18358943224981292,0.2971453803385841
COD10K-CAM-2-Terrestrial-34-Human-2028,0.1583212912082672,0.6036204638401248,0.2967736939542359,0.7455746528525382
COD10K-CAM-2-Terrestrial-34-Human-2031,0.04454195871949196,0.6615243694863822,0.33288607955404476,0.8014156563442559
COD10K-CAM-2-Terrestrial-34-Human-2034,0.20657286047935486,0.5023214811321522,0.3148959411316123,0.6735722429460204
COD10K-CAM-2-Terrestrial-34-Human-2035,0.1361900269985199,0.743703206606785,0.6262701598782267,0.7657289954771187
COD10K-CAM-2-Terrestrial-34-Human-2037,0.25735700130462646,0.37925296532035285,0.12056448680936162,0.28701590677640065
COD10K-CAM-2-Terrestrial-34-Human-2039,0.11153733730316162,0.6063693504832174,0.50568061682041,0.5648098844641292
COD10K-CAM-2-Terrestrial-34-Human-2045,0.030920937657356262,0.81642041119401,0.4767805849242209,0.8723162024220934
COD10K-CAM-2-Terrestrial-35-Kangaroo-2049,0.06926064938306808,0.6360404697795222,0.24805441806379125,0.7800860366376698
COD10K-CAM-2-Terrestrial-35-Kangaroo-2050,0.02004721574485302,0.511846816387094,0.021477412440922192,0.47441627954105514
COD10K-CAM-2-Terrestrial-35-Kangaroo-2053,0.09952056407928467,0.5718800034664476,0.18724807664234502,0.7738615196966121
COD10K-CAM-2-Terrestrial-36-Leopard-2059,0.16761024296283722,0.6736036332414295,0.6476400827938236,0.7489171823395171
COD10K-CAM-2-Terrestrial-36-Leopard-2061,0.05389393866062164,0.45746815867725976,0.0009018715299519847,0.511686515322902
COD10K-CAM-2-Terrestrial-36-Leopard-2063,0.09801456332206726,0.658253181407709,0.29915896948225984,0.7081453560939397
COD10K-CAM-2-Terrestrial-36-Leopard-2064,0.051162540912628174,0.6663017237497921,0.2426853989848572,0.6779946947104929
COD10K-CAM-2-Terrestrial-36-Leopard-2066,0.046594951301813126,0.7475945804302739,0.407957272446498,0.8001510906829545
COD10K-CAM-2-Terrestrial-36-Leopard-2067,0.037072326987981796,0.6342505734082658,0.26540198231073914,0.7849311760891322
COD10K-CAM-2-Terrestrial-36-Leopard-2068,0.03404458239674568,0.7539534175761375,0.3194852685057675,0.7907799502475898
COD10K-CAM-2-Terrestrial-36-Leopard-2070,0.10543660819530487,0.5480922841010397,0.12006478580412139,0.46816930747373264
COD10K-CAM-2-Terrestrial-36-Leopard-2071,0.0174859631806612,0.48708647634434343,0.0021613353371324347,0.5905107761922189
COD10K-CAM-2-Terrestrial-36-Leopard-2072,0.030021587386727333,0.5335583075053539,0.28635110353833454,0.4366857161154883
COD10K-CAM-2-Terrestrial-36-Leopard-2073,0.0687299445271492,0.5020091519678014,0.1471631078617366,0.8278509808882215
COD10K-CAM-2-Terrestrial-36-Leopard-2076,0.16891367733478546,0.5582104457421572,0.1889401815637334,0.5567824936425786
COD10K-CAM-2-Terrestrial-36-Leopard-2077,0.040588971227407455,0.7370729223739435,0.46580637975355343,0.8777412467184622
COD10K-CAM-2-Terrestrial-36-Leopard-2079,0.07268118858337402,0.7486973458795105,0.4993655039988066,0.8509421915236293
COD10K-CAM-2-Terrestrial-36-Leopard-2082,0.10804920643568039,0.6398285462259091,0.3969454571989088,0.7524828794718383
COD10K-CAM-2-Terrestrial-36-Leopard-2088,0.13273392617702484,0.5641058892324048,0.20837218248048286,0.7676661335039114
COD10K-CAM-2-Terrestrial-36-Leopard-2089,0.06713348627090454,0.762552059077536,0.4410126645480481,0.8053183179231276
COD10K-CAM-2-Terrestrial-36-Leopard-2090,0.04884473979473114,0.608948592980466,0.18245785916944163,0.7834050302854281
COD10K-CAM-2-Terrestrial-36-Leopard-2092,0.11536166071891785,0.7012427684799998,0.6148132534938845,0.7318747046088829
COD10K-CAM-2-Terrestrial-36-Leopard-2101,0.06721314042806625,0.7833823628813328,0.4902365268557611,0.8432745218898321
COD10K-CAM-2-Terrestrial-36-Leopard-2103,0.05861327797174454,0.835478870070272,0.6846082477197044,0.8690233686288322
COD10K-CAM-2-Terrestrial-36-Leopard-2104,0.03944233059883118,0.7201299059784674,0.40252588040463494,0.773180211417676
COD10K-CAM-2-Terrestrial-37-Lion-2105,0.07719310373067856,0.4969414897269826,0.08849253317992829,0.5631730692085157
COD10K-CAM-2-Terrestrial-37-Lion-2107,0.10107750445604324,0.5896894386881266,0.2870570552735157,0.8056802682485177
COD10K-CAM-2-Terrestrial-37-Lion-2109,0.0704464316368103,0.7879496400776835,0.5467506629806884,0.8628915823062852
COD10K-CAM-2-Terrestrial-37-Lion-2112,0.005498921032994986,0.5081716728441668,0.004923590638611566,0.2542982259056522
COD10K-CAM-2-Terrestrial-37-Lion-2113,0.021368352696299553,0.836419876824624,0.47973137967530083,0.88433619325746
COD10K-CAM-2-Terrestrial-38-Lizard-2119,0.07336018979549408,0.6705473000942928,0.21738046923591375,0.680424586688835
COD10K-CAM-2-Terrestrial-38-Lizard-2125,0.04835601896047592,0.559239999211555,0.34947351385295605,0.4620860476767906
COD10K-CAM-2-Terrestrial-38-Lizard-2126,0.05588748678565025,0.6960854452995812,0.4561131429147382,0.8976179136506119
COD10K-CAM-2-Terrestrial-38-Lizard-2132,0.05430500581860542,0.6944681576751726,0.4129524832041885,0.7561894773968492
COD10K-CAM-2-Terrestrial-38-Lizard-2135,0.04071425274014473,0.7331615539866356,0.36684679315969565,0.8180803853214811
COD10K-CAM-2-Terrestrial-38-Lizard-2138,0.0447058230638504,0.619422516217798,0.2673047468458231,0.8366219462958276
COD10K-CAM-2-Terrestrial-38-Lizard-2141,0.06199295446276665,0.7398832324478537,0.5308911853031382,0.8699260779269845
COD10K-CAM-2-Terrestrial-38-Lizard-2142,0.1604575514793396,0.662863536517808,0.2206338029762381,0.6340645775364864
COD10K-CAM-2-Terrestrial-38-Lizard-2149,0.05120868235826492,0.5695435689503187,0.06665872918986249,0.6629427617618457
COD10K-CAM-2-Terrestrial-38-Lizard-2150,0.0303909070789814,0.6889552382389756,0.2196171266974042,0.7800843188615082
COD10K-CAM-2-Terrestrial-38-Lizard-2151,0.15763741731643677,0.6166079274660679,0.40207102712249937,0.7712213431557735
COD10K-CAM-2-Terrestrial-38-Lizard-2153,0.06948846578598022,0.6547119907071235,0.45968465899552424,0.6834204095316128
COD10K-CAM-2-Terrestrial-38-Lizard-2155,0.07920441776514053,0.5957099827290716,0.18420802241403048,0.7084437510698898
COD10K-CAM-2-Terrestrial-38-Lizard-2161,0.07452566921710968,0.6789407552758151,0.3977823094995502,0.8685698494803074
COD10K-CAM-2-Terrestrial-38-Lizard-2165,0.07469295710325241,0.5557911132239547,0.17135354322060456,0.6350138594481274
COD10K-CAM-2-Terrestrial-38-Lizard-2166,0.20215283334255219,0.6653516807936826,0.7340179158394031,0.6989935370753183
COD10K-CAM-2-Terrestrial-38-Lizard-2167,0.1531621813774109,0.6866813738696433,0.6632142871366046,0.7618823351322852
COD10K-CAM-2-Terrestrial-38-Lizard-2172,0.07367734611034393,0.5807605735095085,0.3413867916316306,0.5971903620051687
COD10K-CAM-2-Terrestrial-38-Lizard-2173,0.12531793117523193,0.6434103951041971,0.4988316853127605,0.7247968225232745
COD10K-CAM-2-Terrestrial-38-Lizard-2176,0.07404087483882904,0.4918999830459287,0.06190918966317244,0.5398063432598835
COD10K-CAM-2-Terrestrial-38-Lizard-2178,0.03606494516134262,0.876053574568004,0.6538632024788356,0.9289918690688563
COD10K-CAM-2-Terrestrial-38-Lizard-2179,0.07669607549905777,0.8038410729004932,0.5562869149722592,0.8752545056414277
COD10K-CAM-2-Terrestrial-38-Lizard-2180,0.04846987873315811,0.47813469882614174,0.0313244750183208,0.2608600841151999
COD10K-CAM-2-Terrestrial-38-Lizard-2183,0.03219752386212349,0.9086881937059106,0.7869641128731286,0.9402877142755195
COD10K-CAM-2-Terrestrial-38-Lizard-2185,0.07394112646579742,0.6451105014393266,0.4622681986956699,0.7736078952660461
COD10K-CAM-2-Terrestrial-38-Lizard-2190,0.05181175097823143,0.47524425044244917,0.01569783518689083,0.3499620956816154
COD10K-CAM-2-Terrestrial-38-Lizard-2194,0.06747672706842422,0.7739036784101605,0.41685214262120135,0.8063005306998164
COD10K-CAM-2-Terrestrial-38-Lizard-2195,0.13437828421592712,0.5436199927526494,0.12061074859338516,0.5518907173201105
COD10K-CAM-2-Terrestrial-38-Lizard-2197,0.04660418629646301,0.5669343367418929,0.15196768665047194,0.682722965733014
COD10K-CAM-2-Terrestrial-38-Lizard-2201,0.05380183085799217,0.5650627407644981,0.18644833302014566,0.5951989624672755
COD10K-CAM-2-Terrestrial-38-Lizard-2202,0.07364644855260849,0.6316986734868781,0.33088065005418105,0.8270458808692974
COD10K-CAM-2-Terrestrial-38-Lizard-2204,0.02020099386572838,0.6652676542003183,0.2672386062721486,0.8154366836746876
COD10K-CAM-2-Terrestrial-38-Lizard-2205,0.10707451403141022,0.5590005817307605,0.11748885226320024,0.4603121521591332
COD10K-CAM-2-Terrestrial-38-Lizard-2212,0.04861854761838913,0.6796771306643025,0.38588773859595926,0.8510272217866233
COD10K-CAM-2-Terrestrial-38-Lizard-2213,0.04020903632044792,0.6351763226005571,0.2277187867113305,0.7740204092217287
COD10K-CAM-2-Terrestrial-38-Lizard-2216,0.06047635152935982,0.46252634404481296,0.004201528955040686,0.43039399081158286
COD10K-CAM-2-Terrestrial-38-Lizard-2217,0.015232241712510586,0.5808569445004468,0.06590727149309679,0.40326998593403507
COD10K-CAM-2-Terrestrial-38-Lizard-2218,0.10800129175186157,0.7265964506418224,0.4458473203804714,0.8118103874523785
COD10K-CAM-2-Terrestrial-38-Lizard-2220,0.1273920089006424,0.672466173331377,0.39539718849610384,0.7751481369033911
COD10K-CAM-2-Terrestrial-38-Lizard-2224,0.13395346701145172,0.5261168421693594,0.07316449419070939,0.46104298850072495
COD10K-CAM-2-Terrestrial-38-Lizard-2225,0.07918489724397659,0.7397291427791735,0.47347556208600805,0.8229600743839252
COD10K-CAM-2-Terrestrial-38-Lizard-2229,0.1885560154914856,0.5758023727513946,0.22503504400009447,0.6820593789192964
COD10K-CAM-2-Terrestrial-38-Lizard-2231,0.06766478717327118,0.6815033141109034,0.32093495212644113,0.831192975369126
COD10K-CAM-2-Terrestrial-38-Lizard-2232,0.11354517191648483,0.5440388242735157,0.14758407815629207,0.7656279724283275
COD10K-CAM-2-Terrestrial-38-Lizard-2233,0.01564711704850197,0.5024164160483192,0.013721106726901881,0.6274493844060538
COD10K-CAM-2-Terrestrial-38-Lizard-2235,0.13806985318660736,0.8014732696036748,0.8218189027732155,0.7723490648849296
COD10K-CAM-2-Terrestrial-38-Lizard-2240,0.021142981946468353,0.8450796207437152,0.5640028063146726,0.9218636513338916
COD10K-CAM-2-Terrestrial-38-Lizard-2241,0.13931672275066376,0.547202313099441,0.25598438240177834,0.7825972367874183
COD10K-CAM-2-Terrestrial-38-Lizard-2243,0.06698072701692581,0.5628055460612368,0.20181879586207588,0.35670182488529534
COD10K-CAM-2-Terrestrial-38-Lizard-2244,0.06364727765321732,0.6295671225770152,0.2329109217677237,0.6876885240844868
COD10K-CAM-2-Terrestrial-38-Lizard-2245,0.027843650430440903,0.5087422660754969,0.047193284189489836,0.4090551669182027
COD10K-CAM-2-Terrestrial-38-Lizard-2248,0.12006000429391861,0.7060714962818224,0.6480174187951185,0.7336131369023468
COD10K-CAM-2-Terrestrial-38-Lizard-2251,0.0642203837633133,0.8117812589692481,0.6805044241958788,0.8686162173860941
COD10K-CAM-2-Terrestrial-38-Lizard-2256,0.08347564190626144,0.5395966837714319,0.16617060211245374,0.5730706000260388
COD10K-CAM-2-Terrestrial-38-Lizard-2261,0.04421362653374672,0.6111652178062196,0.11838762317711578,0.5489577247078563
COD10K-CAM-2-Terrestrial-38-Lizard-2264,0.13980014622211456,0.6391904216335399,0.5510081644276005,0.6403695150250176
COD10K-CAM-2-Terrestrial-38-Lizard-2266,0.049340687692165375,0.6775041154539514,0.2557523937303931,0.7508141507055378
COD10K-CAM-2-Terrestrial-38-Lizard-2273,0.04947725683450699,0.5549080844433012,0.026254980594856484,0.3157435414805758
COD10K-CAM-2-Terrestrial-38-Lizard-2276,0.06828327476978302,0.6454010616844247,0.22120662620659745,0.6281357551285275
COD10K-CAM-2-Terrestrial-38-Lizard-2278,0.08102312684059143,0.6736863553879515,0.33180486160730444,0.8033674668161788
COD10K-CAM-2-Terrestrial-38-Lizard-2279,0.045427240431308746,0.6045005869507476,0.2183524834604719,0.6715400867765944
COD10K-CAM-2-Terrestrial-38-Lizard-2282,0.04313679412007332,0.7169795665051276,0.32868970779781215,0.819312239990409
COD10K-CAM-2-Terrestrial-38-Lizard-2285,0.008822808042168617,0.5838065485180637,0.07648515994377242,0.6135586638255572
COD10K-CAM-2-Terrestrial-38-Lizard-2286,0.02657885104417801,0.5349849636757952,0.07919156930540536,0.4931089055517688
COD10K-CAM-2-Terrestrial-38-Lizard-2288,0.028296368196606636,0.538192175758429,0.06406433183222582,0.46419577374444865
COD10K-CAM-2-Terrestrial-38-Lizard-2291,0.016935385763645172,0.7028231248663006,0.2324411986846229,0.7400552589863317
COD10K-CAM-2-Terrestrial-38-Lizard-2294,0.05613761022686958,0.5950060768754643,0.23090106305250124,0.7401037289488892
COD10K-CAM-2-Terrestrial-38-Lizard-2295,0.0666467472910881,0.5117258991309241,0.0993223119294981,0.6741345209334915
COD10K-CAM-2-Terrestrial-38-Lizard-2304,0.05060426890850067,0.7708531948613895,0.5180285811059929,0.8289204636562522
COD10K-CAM-2-Terrestrial-38-Lizard-2307,0.05591258779168129,0.6523275927519737,0.46485171411409437,0.8324766518551471
COD10K-CAM-2-Terrestrial-38-Lizard-2308,0.0335991345345974,0.6759596207066719,0.2968944179626713,0.7927292276623263
COD10K-CAM-2-Terrestrial-38-Lizard-2309,0.03658916801214218,0.6224095952200641,0.22599221635608488,0.7091817554874741
COD10K-CAM-2-Terrestrial-38-Lizard-2315,0.10659530758857727,0.7678122783091668,0.47737841954532395,0.8209656804663777
COD10K-CAM-2-Terrestrial-38-Lizard-2316,0.18579284846782684,0.612187710987498,0.5616469382970759,0.55060728515881
COD10K-CAM-2-Terrestrial-38-Lizard-2319,0.05925958976149559,0.7104978026799482,0.4783935776265124,0.6781323743435921
COD10K-CAM-2-Terrestrial-38-Lizard-2324,0.06378038227558136,0.8344610553489387,0.6745646647410186,0.906565636875269
COD10K-CAM-2-Terrestrial-38-Lizard-2326,0.20044289529323578,0.5072721064340415,0.47003957159483883,0.44288769952653684
COD10K-CAM-2-Terrestrial-39-Monkey-2333,0.10740427672863007,0.7338978382378014,0.5912044582811234,0.6755624444337903
COD10K-CAM-2-Terrestrial-39-Monkey-2338,0.0768619179725647,0.5009681106325085,0.09848178790451743,0.7346052224234206
COD10K-CAM-2-Terrestrial-40-Rabbit-2339,0.07171019911766052,0.5941510582666971,0.19275921878090368,0.7831629099657531
COD10K-CAM-2-Terrestrial-40-Rabbit-2340,0.04411504790186882,0.4790796951835706,0.028727727302438614,0.687469055935044
COD10K-CAM-2-Terrestrial-40-Rabbit-2341,0.027491850778460503,0.6647491885337176,0.3416598702091044,0.846415538517622
COD10K-CAM-2-Terrestrial-40-Rabbit-2344,0.04312065616250038,0.8639639030330404,0.8088277640251397,0.8653945234798504
COD10K-CAM-2-Terrestrial-40-Rabbit-2346,0.019685210660099983,0.5910469438181836,0.17009458501603952,0.7049029865736528
COD10K-CAM-2-Terrestrial-40-Rabbit-2347,0.023488691076636314,0.7997159896282708,0.4867032490066421,0.9048543431633135
COD10K-CAM-2-Terrestrial-40-Rabbit-2348,0.01487908884882927,0.54572127599529,0.07192005293284022,0.31382954662366513
COD10K-CAM-2-Terrestrial-40-Rabbit-2351,0.11144211888313293,0.6077447881676272,0.38932847354220224,0.522943594363494
COD10K-CAM-2-Terrestrial-40-Rabbit-2352,0.09169405698776245,0.490831192201634,0.07196197112311772,0.4353726180373905
COD10K-CAM-2-Terrestrial-40-Rabbit-2356,0.16084016859531403,0.49955569702509117,0.24884705816789515,0.6752931689784816
COD10K-CAM-2-Terrestrial-40-Rabbit-2358,0.03600317984819412,0.6572026628128212,0.2571071450890481,0.6794387232953615
COD10K-CAM-2-Terrestrial-40-Rabbit-2360,0.010803879238665104,0.7923944032859305,0.37969394181885757,0.8398277748015975
COD10K-CAM-2-Terrestrial-40-Rabbit-2366,0.3840227425098419,0.3508808680919394,0.3145116014940909,0.3147322923845167
COD10K-CAM-2-Terrestrial-40-Rabbit-2368,0.029033714905381203,0.5795216187531704,0.17373915598548,0.6731335412292563
COD10K-CAM-2-Terrestrial-40-Rabbit-2369,0.05363434553146362,0.8775756364595635,0.7828184431403182,0.911662929681696
COD10K-CAM-2-Terrestrial-40-Rabbit-2371,0.04362605884671211,0.6610358829673137,0.3819039507623642,0.8902224310649336
COD10K-CAM-2-Terrestrial-40-Rabbit-2373,0.05827288702130318,0.5740491575098443,0.23100085497965317,0.6996876490257777
COD10K-CAM-2-Terrestrial-41-Reccoon-2374,0.035184990614652634,0.4697319388134627,0.0032090959037741483,0.6671834092400581
COD10K-CAM-2-Terrestrial-41-Reccoon-2375,0.032203588634729385,0.5433154429361045,0.16804204215199026,0.8083662388966409
COD10K-CAM-2-Terrestrial-42-Sciuridae-2379,0.06972301006317139,0.45745399259573816,0.0035538969077793378,0.5232850987255817
COD10K-CAM-2-Terrestrial-42-Sciuridae-2380,0.10938386619091034,0.4402364797098083,0.008580030666351008,0.4262642409393106
COD10K-CAM-2-Terrestrial-42-Sciuridae-2382,0.0602877102792263,0.7418911552182247,0.37722759077406165,0.8195179664330974
COD10K-CAM-2-Terrestrial-42-Sciuridae-2383,0.10715530067682266,0.7773935136261954,0.5428926973251402,0.8453324808810188
COD10K-CAM-2-Terrestrial-42-Sciuridae-2384,0.021803483366966248,0.7011772949268534,0.35996017311549444,0.6900852448897271
COD10K-CAM-2-Terrestrial-42-Sciuridae-2386,0.09222086519002914,0.7484974965632105,0.6465580825131627,0.715310896945295
COD10K-CAM-2-Terrestrial-42-Sciuridae-2395,0.03342824429273605,0.5341233695573189,0.07474468568246774,0.41204832092749805
COD10K-CAM-2-Terrestrial-42-Sciuridae-2397,0.0634644404053688,0.820399560645753,0.5734890198293252,0.8934584749297391
COD10K-CAM-2-Terrestrial-42-Sciuridae-2400,0.07980258762836456,0.6987405487148758,0.2743531763474533,0.6997885498098466
COD10K-CAM-2-Terrestrial-42-Sciuridae-2401,0.09469782561063766,0.5073758424485286,0.09213166812212731,0.7111229347692025
COD10K-CAM-2-Terrestrial-42-Sciuridae-2402,0.08730887621641159,0.4824609805710375,0.21494250519684863,0.323202880853788
COD10K-CAM-2-Terrestrial-42-Sciuridae-2407,0.13133414089679718,0.47728350754811494,0.14034162747679546,0.45209624799740966
COD10K-CAM-2-Terrestrial-42-Sciuridae-2408,0.030052274465560913,0.7723468933561319,0.44840827427986524,0.8711834675683361
COD10K-CAM-2-Terrestrial-42-Sciuridae-2410,0.061415307223796844,0.4992482496215782,0.07152904473514354,0.6122719558334693
COD10K-CAM-2-Terrestrial-42-Sciuridae-2413,0.0926436334848404,0.4916605363067586,0.04912985906183226,0.3805654948345712
COD10K-CAM-2-Terrestrial-42-Sciuridae-2418,0.08191268891096115,0.6520784529597636,0.2626553364088061,0.7037986296911212
COD10K-CAM-2-Terrestrial-43-Sheep-2422,0.00895766168832779,0.4975300372340381,0.0016320300908064188,0.31688283842712694
COD10K-CAM-2-Terrestrial-44-Snake-2424,0.030391372740268707,0.4745146238800565,0.00030280352494630033,0.3413801910853754
COD10K-CAM-2-Terrestrial-44-Snake-2434,0.17917418479919434,0.6126568601915583,0.5214023416315148,0.7171625013972311
COD10K-CAM-2-Terrestrial-44-Snake-2437,0.09238980710506439,0.5312779111617606,0.17221900831428053,0.6559955050487102
COD10K-CAM-2-Terrestrial-44-Snake-2440,0.038159873336553574,0.5029721015167291,0.1499451678609744,0.3572625935493159
COD10K-CAM-2-Terrestrial-44-Snake-2444,0.06884952634572983,0.5235013772213861,0.09185344504653126,0.5991229147037117
COD10K-CAM-2-Terrestrial-44-Snake-2448,0.05279773473739624,0.481759914484807,0.04823417411681983,0.3391171062636431
COD10K-CAM-2-Terrestrial-44-Snake-2449,0.04977633059024811,0.7723848591182302,0.5444825125213931,0.720456971071927
COD10K-CAM-2-Terrestrial-44-Snake-2451,0.04054700583219528,0.5741508685560028,0.17473053685870674,0.75557907741058
COD10K-CAM-2-Terrestrial-44-Snake-2452,0.13429780304431915,0.6082020648270938,0.43661692714731154,0.8261147302445451
COD10K-CAM-2-Terrestrial-44-Snake-2453,0.1771353781223297,0.6273878177777769,0.708955818295103,0.6191232217017952
COD10K-CAM-2-Terrestrial-44-Snake-2454,0.07029557973146439,0.45400589984867834,0.01958107619589961,0.7282022899174577
COD10K-CAM-2-Terrestrial-44-Snake-2456,0.035109762102365494,0.5134926149162329,0.08142457701409106,0.7581344331257588
COD10K-CAM-2-Terrestrial-44-Snake-2458,0.0999230369925499,0.5777137831149658,0.19642926799579574,0.6590316034960602
COD10K-CAM-2-Terrestrial-44-Snake-2461,0.23902519047260284,0.4648279332831271,0.4858872954659273,0.4542105229542151
COD10K-CAM-2-Terrestrial-44-Snake-2465,0.09853892773389816,0.6025563688122371,0.2762594447359814,0.8374818868348701
COD10K-CAM-2-Terrestrial-44-Snake-2466,0.062176596373319626,0.8893141649775909,0.7362716348282433,0.8799080121182312
COD10K-CAM-2-Terrestrial-44-Snake-2467,0.2050051987171173,0.598339145664786,0.4817270326881283,0.4977211609448594
COD10K-CAM-2-Terrestrial-44-Snake-2471,0.18131010234355927,0.4760620458249045,0.2105150766453087,0.721045055990145
COD10K-CAM-2-Terrestrial-44-Snake-2472,0.055776312947273254,0.6520714601537668,0.3595325192485029,0.8004190211193447
COD10K-CAM-2-Terrestrial-44-Snake-2474,0.1065157800912857,0.5504473733757338,0.3301059473814544,0.5011911191635579
COD10K-CAM-2-Terrestrial-44-Snake-2476,0.1925593614578247,0.5627472646880618,0.3087860273017971,0.6905066304074208
COD10K-CAM-2-Terrestrial-44-Snake-2479,0.0553765669465065,0.8252689581002899,0.6948836783135816,0.8837232580925456
COD10K-CAM-2-Terrestrial-44-Snake-2481,0.10184435546398163,0.5207599527255009,0.040054900615829094,0.46892545237209105
COD10K-CAM-2-Terrestrial-44-Snake-2482,0.1919889599084854,0.5908912697929424,0.4356121133561694,0.6431326462385148
COD10K-CAM-2-Terrestrial-44-Snake-2484,0.13281911611557007,0.6460389711983089,0.5030439546512698,0.8085810428155418
COD10K-CAM-2-Terrestrial-44-Snake-2485,0.09137193858623505,0.6606561970720416,0.26513394620622915,0.812818718011437
COD10K-CAM-2-Terrestrial-44-Snake-2491,0.03880377858877182,0.7222070160697689,0.26034593573287235,0.7396043703713406
COD10K-CAM-2-Terrestrial-44-Snake-2492,0.11179789155721664,0.6480452487624057,0.28603070364349414,0.6950352317198499
COD10K-CAM-2-Terrestrial-45-Spider-2494,0.07969535142183304,0.6944006492261554,0.3497283382841134,0.8313030237719555
COD10K-CAM-2-Terrestrial-45-Spider-2498,0.09099268913269043,0.5544140387324182,0.18930048975854957,0.45209612100990104
COD10K-CAM-2-Terrestrial-45-Spider-2501,0.16264237463474274,0.48340731560091454,0.13813479641027263,0.6391692907039728
COD10K-CAM-2-Terrestrial-45-Spider-2506,0.07181098312139511,0.7634120649473712,0.28559812178707394,0.7542629964520836
COD10K-CAM-2-Terrestrial-45-Spider-2508,0.04789097607135773,0.9055317628017363,0.696617277264219,0.9158357470403822
COD10K-CAM-2-Terrestrial-45-Spider-2510,0.10475455969572067,0.592429305908872,0.20110152571238352,0.6863939700459077
COD10K-CAM-2-Terrestrial-45-Spider-2511,0.07544219493865967,0.8079393527667744,0.6150189949095023,0.8317787914881072
COD10K-CAM-2-Terrestrial-45-Spider-2514,0.08167430013418198,0.7339662850842051,0.4413139395509354,0.8446185397758841
COD10K-CAM-2-Terrestrial-45-Spider-2519,0.07454445213079453,0.6811279084274734,0.35017821387558434,0.8339886726965069
COD10K-CAM-2-Terrestrial-45-Spider-2520,0.07119738310575485,0.45905739228879117,0.026395332483293437,0.7167418348112575
COD10K-CAM-2-Terrestrial-45-Spider-2524,0.0710073933005333,0.6547384350617229,0.286480426300322,0.8570771554744199
COD10K-CAM-2-Terrestrial-45-Spider-2526,0.0661272332072258,0.7664977498890395,0.717080585937264,0.811896020110286
COD10K-CAM-2-Terrestrial-45-Spider-2527,0.07045560330152512,0.8016440241944192,0.5898831507616062,0.8316804953271371
COD10K-CAM-2-Terrestrial-45-Spider-2529,0.16663652658462524,0.598908490702468,0.4746217354873735,0.6681474004132392
COD10K-CAM-2-Terrestrial-45-Spider-2531,0.08528536558151245,0.6455738541922318,0.08491438870381089,0.45470865120197335
COD10K-CAM-2-Terrestrial-45-Spider-2532,0.09902249276638031,0.6022051319298962,0.13788359397452216,0.5237681035572622
COD10K-CAM-2-Terrestrial-45-Spider-2534,0.05591147020459175,0.5230282907353807,0.035712433064969414,0.4320001716955233
COD10K-CAM-2-Terrestrial-45-Spider-2535,0.022241124883294106,0.49227557886819967,0.009356159633731228,0.2568752513341862
COD10K-CAM-2-Terrestrial-45-Spider-2538,0.07635527849197388,0.5987525215612838,0.17711701039792216,0.6450644037533577
COD10K-CAM-2-Terrestrial-45-Spider-2540,0.10473814606666565,0.4301501240202913,0.019765683971247908,0.6817068539291704
COD10K-CAM-2-Terrestrial-45-Spider-2544,0.07036539912223816,0.7007985607904518,0.3615714407623339,0.694378158026463
COD10K-CAM-2-Terrestrial-45-Spider-2551,0.14629493653774261,0.6063818177722295,0.3427480329151994,0.7798903666234147
COD10K-CAM-2-Terrestrial-45-Spider-2552,0.03145253658294678,0.7233288720182407,0.37564220891244376,0.8757320369370978
COD10K-CAM-2-Terrestrial-45-Spider-2553,0.08424314111471176,0.7205205035194582,0.39329030416058697,0.8095895905677083
COD10K-CAM-2-Terrestrial-45-Spider-2554,0.11551561206579208,0.6282418625214152,0.49543058357366804,0.7009885670109368
COD10K-CAM-2-Terrestrial-45-Spider-2566,0.09790677577257156,0.6898191612219022,0.43405303683656205,0.7852778558688449
COD10K-CAM-2-Terrestrial-45-Spider-2567,0.15092676877975464,0.6689358758522997,0.7228422587214537,0.6854884178125329
COD10K-CAM-2-Terrestrial-45-Spider-2575,0.07005877792835236,0.7762650220257086,0.4962435563494231,0.8274284124026844
COD10K-CAM-2-Terrestrial-45-Spider-2576,0.08882658183574677,0.6446280866514456,0.2553813775731484,0.7379442550414841
COD10K-CAM-2-Terrestrial-45-Spider-2579,0.05541304126381874,0.5899203608979152,0.11267121372923171,0.5023571321742538
COD10K-CAM-2-Terrestrial-45-Spider-2580,0.06674081832170486,0.49893615828068344,0.0696931958248781,0.804655462282378
COD10K-CAM-2-Terrestrial-45-Spider-2581,0.06048789620399475,0.4538863336271333,0.01147631935492169,0.27523955268517075
COD10K-CAM-2-Terrestrial-45-Spider-2586,0.11327449977397919,0.6426482875531818,0.1952149179766438,0.6689449184063262
COD10K-CAM-2-Terrestrial-45-Spider-2587,0.09258238226175308,0.5221068983902136,0.09288945588477339,0.5478128098389148
COD10K-CAM-2-Terrestrial-45-Spider-2588,0.07742824405431747,0.6117446392573396,0.15555930203199558,0.6094197367175982
COD10K-CAM-2-Terrestrial-45-Spider-2592,0.12649615108966827,0.6227259623581408,0.3386413934335912,0.8354474651232713
COD10K-CAM-2-Terrestrial-45-Spider-2593,0.038267429918050766,0.5951933938657985,0.14968192388540064,0.6690112208289194
COD10K-CAM-2-Terrestrial-45-Spider-2595,0.04531572759151459,0.661970583437016,0.19913837320305958,0.6998927699995008
COD10K-CAM-2-Terrestrial-45-Spider-2601,0.03620276227593422,0.8423628288149676,0.552168556244197,0.9173874770443264
COD10K-CAM-2-Terrestrial-45-Spider-2602,0.07900956273078918,0.5286076949891185,0.05532987873373468,0.3751506720164486
COD10K-CAM-2-Terrestrial-45-Spider-2603,0.030365025624632835,0.8718657385497852,0.576950252913202,0.8988155387712127
COD10K-CAM-2-Terrestrial-45-Spider-2605,0.03346138820052147,0.7399420464168323,0.414070686774835,0.7660995393967114
COD10K-CAM-2-Terrestrial-45-Spider-2606,0.1236681193113327,0.524976200828377,0.09980807708455211,0.5630750407672
COD10K-CAM-2-Terrestrial-45-Spider-2609,0.12182126194238663,0.5442591349895518,0.12404911986498127,0.5558537257963877
COD10K-CAM-2-Terrestrial-45-Spider-2614,0.0960376113653183,0.4864764249792226,0.09441105360106396,0.4238962870550302
COD10K-CAM-2-Terrestrial-45-Spider-2616,0.10746806859970093,0.7156988803490469,0.5013128330881441,0.8218388996127856
COD10K-CAM-2-Terrestrial-45-Spider-2617,0.10224870592355728,0.7693668039841633,0.45536057453184053,0.7937509898035058
COD10K-CAM-2-Terrestrial-45-Spider-2620,0.10944216698408127,0.6876845001327785,0.48942791405943675,0.757080796169374
COD10K-CAM-2-Terrestrial-45-Spider-2621,0.08215781301259995,0.7047055098968729,0.36729313117159446,0.7641498045423786
COD10K-CAM-2-Terrestrial-45-Spider-2626,0.09165410697460175,0.7427868574612501,0.6704493305472468,0.8208906471750067
COD10K-CAM-2-Terrestrial-45-Spider-2627,0.03679266944527626,0.6605344681090131,0.24743603155759122,0.774292128106069
COD10K-CAM-2-Terrestrial-45-Spider-2630,0.04070456698536873,0.7915398201473931,0.4709347370038612,0.8563466908302676
COD10K-CAM-2-Terrestrial-45-Spider-2631,0.06450867652893066,0.47680249418956816,0.04849303044589844,0.5170349502389158
COD10K-CAM-2-Terrestrial-45-Spider-2632,0.07602523267269135,0.8575638680153113,0.6638426765638944,0.8855720680648408
COD10K-CAM-2-Terrestrial-45-Spider-2637,0.07509336620569229,0.4816813003249056,0.005991470824154761,0.39292787072038876
COD10K-CAM-2-Terrestrial-45-Spider-2640,0.09267254173755646,0.45144522277979404,0.007410124453992006,0.4702439297964516
COD10K-CAM-2-Terrestrial-45-Spider-2641,0.04585031792521477,0.5911766518501217,0.41245565810968504,0.5784047620668438
COD10K-CAM-2-Terrestrial-45-Spider-2645,0.10000043362379074,0.5983222791319568,0.18715189832443666,0.6773311431799798
COD10K-CAM-2-Terrestrial-45-Spider-2646,0.059598084539175034,0.8114442912708866,0.45645413361721826,0.8249840718780282
COD10K-CAM-2-Terrestrial-45-Spider-2649,0.18837974965572357,0.5515561512470181,0.5882954473651517,0.575690378616735
COD10K-CAM-2-Terrestrial-45-Spider-2650,0.09731478989124298,0.5826785165430828,0.12490807320122135,0.560488379782023
COD10K-CAM-2-Terrestrial-45-Spider-2652,0.06271222233772278,0.7572822352118969,0.39250425756017604,0.7930262616560207
COD10K-CAM-2-Terrestrial-45-Spider-2653,0.05167364701628685,0.5640851247156333,0.08625364808121498,0.6457722046232618
COD10K-CAM-2-Terrestrial-45-Spider-2656,0.06888160854578018,0.6417145888006287,0.21512231764318845,0.6883286259122803
COD10K-CAM-2-Terrestrial-45-Spider-2658,0.10045259445905685,0.4692930501856987,0.024210609378115564,0.37813123668177373
COD10K-CAM-2-Terrestrial-45-Spider-2659,0.09768303483724594,0.6994584790405848,0.4463348645862948,0.829300593291403
COD10K-CAM-2-Terrestrial-45-Spider-2665,0.09093504399061203,0.5546546155818987,0.15062069145178578,0.5403795869096982
COD10K-CAM-2-Terrestrial-45-Spider-2667,0.062473881989717484,0.7259415919573312,0.3620314862719129,0.850791977908782
COD10K-CAM-2-Terrestrial-45-Spider-2670,0.12053024023771286,0.527970168578346,0.1279420306257423,0.5245232041337393
COD10K-CAM-2-Terrestrial-45-Spider-2671,0.11656545847654343,0.6202178967814573,0.332115137795114,0.8325346065717381
COD10K-CAM-2-Terrestrial-45-Spider-2673,0.08271562308073044,0.7472559754599977,0.5510858276979703,0.8561090632506503
COD10K-CAM-2-Terrestrial-45-Spider-2677,0.1808437705039978,0.6252300328246108,0.6131384801209244,0.6737268433358614
COD10K-CAM-2-Terrestrial-45-Spider-2683,0.059676919132471085,0.5521753450139303,0.14106060334922657,0.525466694592593
COD10K-CAM-2-Terrestrial-45-Spider-2690,0.05996832624077797,0.7117769193498098,0.31966222237382486,0.7868957699202069
COD10K-CAM-2-Terrestrial-45-Spider-2693,0.05960551276803017,0.7376984103085764,0.493353907670629,0.8607440243906042
COD10K-CAM-2-Terrestrial-45-Spider-2694,0.07741516083478928,0.6464319937619412,0.26745936759872235,0.8076653269797089
COD10K-CAM-2-Terrestrial-45-Spider-2697,0.050010379403829575,0.8262194270069365,0.5439408225674756,0.8677151388459241
COD10K-CAM-2-Terrestrial-45-Spider-2701,0.11482908576726913,0.47025488592207065,0.13025864462639675,0.7807884827529739
COD10K-CAM-2-Terrestrial-45-Spider-2702,0.1629578322172165,0.42067378459613725,0.019050059739995275,0.2873049544465052
COD10K-CAM-2-Terrestrial-45-Spider-2703,0.07696347683668137,0.48400908927537006,0.03207415125204591,0.4021820993957512
COD10K-CAM-2-Terrestrial-45-Spider-2704,0.06848816573619843,0.5429979351906462,0.09300841195955946,0.5354248021772006
COD10K-CAM-2-Terrestrial-45-Spider-2707,0.022969042882323265,0.6047871698247479,0.08764842311066665,0.5863241424399904
COD10K-CAM-2-Terrestrial-45-Spider-2709,0.13184340298175812,0.5410857961380346,0.16495062577047723,0.5155702920054406
COD10K-CAM-2-Terrestrial-45-Spider-2715,0.04091480374336243,0.5716196679616832,0.12743202914214474,0.655352013084957
COD10K-CAM-2-Terrestrial-45-Spider-2717,0.04613583907485008,0.7618864216023382,0.48536247203300925,0.8959978196392024
COD10K-CAM-2-Terrestrial-45-Spider-2718,0.052825070917606354,0.5183538951873519,0.059154428602380967,0.4890579575565761
COD10K-CAM-2-Terrestrial-45-Spider-2719,0.16977638006210327,0.5688020252133976,0.23381794937625822,0.6819124117956414
COD10K-CAM-2-Terrestrial-45-Spider-2720,0.07462532818317413,0.45834992688036336,0.029922741555652374,0.6878620366265991
COD10K-CAM-2-Terrestrial-45-Spider-2721,0.11489009112119675,0.49221852205128114,0.13635636273412635,0.7574744234775227
COD10K-CAM-2-Terrestrial-45-Spider-2723,0.14092423021793365,0.43115629332583266,0.018034616393748346,0.28946311885117737
COD10K-CAM-2-Terrestrial-45-Spider-2727,0.09239624440670013,0.6975706646869113,0.41027569141704806,0.8263687074278843
COD10K-CAM-2-Terrestrial-45-Spider-2728,0.10057823359966278,0.5630579948256081,0.05613016186834058,0.39266981537258444
COD10K-CAM-2-Terrestrial-45-Spider-2730,0.05197283625602722,0.6558411341300727,0.2100334305202118,0.6233313498187736
COD10K-CAM-2-Terrestrial-45-Spider-2731,0.0897783637046814,0.5064143137948903,0.08993065121736941,0.4823181176902327
COD10K-CAM-2-Terrestrial-45-Spider-2732,0.10663998872041702,0.5826533692035734,0.19463399653957694,0.7165363389676297
COD10K-CAM-2-Terrestrial-45-Spider-2735,0.06110598146915436,0.7130011143970119,0.322524556013531,0.5510071206907449
COD10K-CAM-2-Terrestrial-45-Spider-2736,0.07241678982973099,0.5434023310545212,0.06812921949506287,0.3860748705093464
COD10K-CAM-2-Terrestrial-45-Spider-2737,0.0298784002661705,0.7201264122097257,0.21781628574229162,0.7914857687294099
COD10K-CAM-2-Terrestrial-45-Spider-2741,0.05047304555773735,0.8295342963127463,0.6034188233839294,0.8256776835425632
COD10K-CAM-2-Terrestrial-45-Spider-2745,0.030127661302685738,0.5494559817256397,0.1112483600107415,0.5519519552855605
COD10K-CAM-2-Terrestrial-45-Spider-2754,0.057821422815322876,0.6816794065029883,0.2609012157201551,0.7571218041056869
COD10K-CAM-2-Terrestrial-45-Spider-2756,0.060604244470596313,0.6678007013439065,0.31470938071994414,0.7186506275212201
COD10K-CAM-2-Terrestrial-45-Spider-2759,0.1582176685333252,0.4674401136808324,0.045990012945197896,0.3536641233600015
COD10K-CAM-2-Terrestrial-45-Spider-2760,0.12330925464630127,0.540350723991648,0.19163402222869694,0.6411118857694844
COD10K-CAM-2-Terrestrial-45-Spider-2762,0.08395364880561829,0.6429893575141199,0.44831334059385114,0.7452186976289334
COD10K-CAM-2-Terrestrial-45-Spider-2763,0.033145129680633545,0.647420481317811,0.2315708073924276,0.7983377772038529
COD10K-CAM-2-Terrestrial-45-Spider-2769,0.12703503668308258,0.7098881459443899,0.5409273520382897,0.741569813394924
COD10K-CAM-2-Terrestrial-45-Spider-2770,0.053503770381212234,0.661863282361772,0.16821613627795032,0.7185189065185688
COD10K-CAM-2-Terrestrial-45-Spider-2771,0.04887847602367401,0.6834749790989203,0.4409013681114443,0.6716141196058762
COD10K-CAM-2-Terrestrial-45-Spider-2772,0.05235869064927101,0.5675248565706447,0.14263652397207502,0.6271036777742731
COD10K-CAM-2-Terrestrial-45-Spider-2773,0.042570728808641434,0.5205065315804641,0.05587057633058635,0.30390661426933685
COD10K-CAM-2-Terrestrial-45-Spider-2779,0.09369581192731857,0.4460562481365259,0.0028737970628052016,0.3743120599282246
COD10K-CAM-2-Terrestrial-45-Spider-2782,0.03537173569202423,0.6807764499165145,0.39786332752106296,0.6767079464333116
COD10K-CAM-2-Terrestrial-45-Spider-2783,0.023970481008291245,0.6218770552897791,0.11124916182399822,0.540534129657628
COD10K-CAM-2-Terrestrial-45-Spider-2789,0.0849197655916214,0.7269583980222754,0.33940493329883764,0.742718673761281
COD10K-CAM-2-Terrestrial-45-Spider-2791,0.10605274885892868,0.5612225830313131,0.16011845396709623,0.6068752446165753
COD10K-CAM-2-Terrestrial-45-Spider-2792,0.19057874381542206,0.6870427177207983,0.5411824441377813,0.7287513188707456
COD10K-CAM-2-Terrestrial-45-Spider-2794,0.04871590435504913,0.7216611132690122,0.42317124404399814,0.8963502024744493
COD10K-CAM-2-Terrestrial-45-Spider-2796,0.08673027902841568,0.7846319656692633,0.5887858522009032,0.825080267287856
COD10K-CAM-2-Terrestrial-45-Spider-2798,0.07424414902925491,0.7126020240044453,0.4514448461104221,0.8474577685182891
COD10K-CAM-2-Terrestrial-46-StickInsect-2804,0.04235738888382912,0.6203242852121319,0.13353628265617515,0.6880334508380395
COD10K-CAM-2-Terrestrial-46-StickInsect-2805,0.05617246404290199,0.5210898471248328,0.11011367353496138,0.5236324327268347
COD10K-CAM-2-Terrestrial-46-StickInsect-2806,0.20273706316947937,0.46596927253776266,0.13788471573204347,0.7028836484932857
COD10K-CAM-2-Terrestrial-46-StickInsect-2807,0.04112756624817848,0.5806209492266093,0.16143527834277346,0.7429396932415477
COD10K-CAM-2-Terrestrial-46-StickInsect-2808,0.06690289080142975,0.5750807148949237,0.19515793552804395,0.5699665098374814
COD10K-CAM-2-Terrestrial-46-StickInsect-2809,0.052870359271764755,0.5396487355701055,0.10774410325938219,0.6339836112844957
COD10K-CAM-2-Terrestrial-46-StickInsect-2810,0.08517547696828842,0.6248729049033982,0.2584260206799077,0.7744089805608717
COD10K-CAM-2-Terrestrial-46-StickInsect-2811,0.10514798015356064,0.5930216459407525,0.0932478359863333,0.6063246030123715
COD10K-CAM-2-Terrestrial-46-StickInsect-2813,0.07202655076980591,0.4743907181711047,0.07249184926603812,0.4945571517940588
COD10K-CAM-2-Terrestrial-46-StickInsect-2815,0.047819558531045914,0.5983452354372063,0.204818308010189,0.5408820767524729
COD10K-CAM-2-Terrestrial-46-StickInsect-2816,0.045790452510118484,0.6711345609420072,0.4883168132383099,0.7884905942659466
COD10K-CAM-2-Terrestrial-46-StickInsect-2817,0.06541945785284042,0.5767543460668247,0.11252092123195304,0.6980183072788124
COD10K-CAM-2-Terrestrial-46-StickInsect-2818,0.046018026769161224,0.5958083704237874,0.33931003416623573,0.7394612896340487
COD10K-CAM-2-Terrestrial-46-StickInsect-2819,0.07523667067289352,0.5212569696563436,0.18318511055975498,0.4307697797983622
COD10K-CAM-2-Terrestrial-46-StickInsect-2820,0.11366961151361465,0.4989130101015502,0.18466723761604636,0.6644723629457043
COD10K-CAM-2-Terrestrial-46-StickInsect-2825,0.0889909490942955,0.6608311520226151,0.3793522907008944,0.8731682738778849
COD10K-CAM-2-Terrestrial-46-StickInsect-2827,0.06653755158185959,0.7424852123867167,0.5297601932411959,0.8012121173722195
COD10K-CAM-2-Terrestrial-46-StickInsect-2829,0.12532790005207062,0.5436143628111744,0.17774882933352876,0.6862915184758822
COD10K-CAM-2-Terrestrial-46-StickInsect-2831,0.0488731674849987,0.5658420764350932,0.14352188910516403,0.6553831800713876
COD10K-CAM-2-Terrestrial-46-StickInsect-2832,0.1259816735982895,0.45143333756117643,0.021077085551429106,0.3918760247435446
COD10K-CAM-2-Terrestrial-46-StickInsect-2833,0.042399659752845764,0.6689592699027389,0.2901626087687713,0.7345449623065369
COD10K-CAM-2-Terrestrial-46-StickInsect-2836,0.020635442808270454,0.47982766914768027,0.003249991602149499,0.7519165144224647
COD10K-CAM-2-Terrestrial-46-StickInsect-2839,0.1290799230337143,0.4355287583489967,0.005375601601253432,0.30578012159858525
COD10K-CAM-2-Terrestrial-46-StickInsect-2841,0.047239478677511215,0.613642988929818,0.2246897219022517,0.4232731521378319
COD10K-CAM-2-Terrestrial-46-StickInsect-2842,0.05122838541865349,0.5155247441545125,0.09605880321019444,0.7196977107107081
COD10K-CAM-2-Terrestrial-46-StickInsect-2843,0.03994724899530411,0.5598016274087643,0.11262022414550633,0.6589647926060425
COD10K-CAM-2-Terrestrial-46-StickInsect-2844,0.014742265455424786,0.5161221486425899,0.04531578431495415,0.6422038204166653
COD10K-CAM-2-Terrestrial-46-StickInsect-2850,0.039919983595609665,0.6453618870702362,0.21388440312512522,0.787462448413955
COD10K-CAM-2-Terrestrial-46-StickInsect-2856,0.06940136104822159,0.5142889361722273,0.10171635789000796,0.7306627016790791
COD10K-CAM-2-Terrestrial-46-StickInsect-2858,0.05545240640640259,0.4866171112147284,0.04995450536295202,0.7031818189609181
COD10K-CAM-2-Terrestrial-46-StickInsect-2859,0.07081436365842819,0.5295135468538801,0.12847341264532505,0.7466074384721904
COD10K-CAM-2-Terrestrial-46-StickInsect-2864,0.06220996007323265,0.5481021523912697,0.12339081806942083,0.5799958934257294
COD10K-CAM-2-Terrestrial-46-StickInsect-2865,0.16751717031002045,0.472300476923353,0.0841367049782046,0.5194222836675636
COD10K-CAM-2-Terrestrial-46-StickInsect-2867,0.04601661115884781,0.6861814745677695,0.2833380613713264,0.762015731389502
COD10K-CAM-2-Terrestrial-46-StickInsect-2869,0.07252934575080872,0.4814036596200873,0.04153736180956782,0.402199217051477
COD10K-CAM-2-Terrestrial-46-StickInsect-2870,0.0889560878276825,0.5169778939358934,0.08587089864375133,0.498611230836453
COD10K-CAM-2-Terrestrial-46-StickInsect-2873,0.07607083767652512,0.4744751089592763,0.07814637942566952,0.6506469255849316
COD10K-CAM-2-Terrestrial-47-Tiger-2876,0.10885210335254669,0.4702846582698428,0.07010068550435265,0.43325927212007254
COD10K-CAM-2-Terrestrial-47-Tiger-2877,0.05000823363661766,0.4561995024643521,0.0009016101688085821,0.5751862437973997
COD10K-CAM-2-Terrestrial-47-Tiger-2883,0.047435566782951355,0.6882883383818202,0.36684713922552825,0.8236439289802509
COD10K-CAM-2-Terrestrial-47-Tiger-2884,0.10964491963386536,0.6151876472231417,0.3766140867487105,0.7962105702190954
COD10K-CAM-2-Terrestrial-47-Tiger-2886,0.09462123364210129,0.612229231525391,0.2460277569209066,0.5111327714079069
COD10K-CAM-2-Terrestrial-47-Tiger-2887,0.03121604397892952,0.5528717242604695,0.1958706180286565,0.7701344011377751
COD10K-CAM-2-Terrestrial-47-Tiger-2889,0.18663927912712097,0.47452707639954794,0.2229967809192544,0.4839566634100009
COD10K-CAM-2-Terrestrial-47-Tiger-2890,0.2747567296028137,0.37474787533412807,0.2118618489918835,0.3219819332582835
COD10K-CAM-2-Terrestrial-47-Tiger-2893,0.2343626171350479,0.4670599085358771,0.3790951749332098,0.4810675847451722
COD10K-CAM-2-Terrestrial-47-Tiger-2899,0.3968244194984436,0.38124596610677614,0.4556663772998252,0.3691675057729169
COD10K-CAM-2-Terrestrial-47-Tiger-2901,0.02060886286199093,0.6691033865812255,0.2596964412222116,0.7372997228075673
COD10K-CAM-2-Terrestrial-47-Tiger-2902,0.042693451046943665,0.5175381994650943,0.07874072092390691,0.4445276271563443
COD10K-CAM-2-Terrestrial-47-Tiger-2903,0.030751634389162064,0.7178324565549472,0.28267198899927054,0.7408786062862114
COD10K-CAM-2-Terrestrial-47-Tiger-2906,0.034301839768886566,0.5579680701694874,0.16357850253173334,0.6698272651397528
COD10K-CAM-2-Terrestrial-47-Tiger-2907,0.12411805987358093,0.6996398633532835,0.6291054162432819,0.7576407416588684
COD10K-CAM-2-Terrestrial-47-Tiger-2910,0.0465780645608902,0.7549288788669457,0.3001782102042131,0.7601499108457357
COD10K-CAM-2-Terrestrial-48-Wolf-2914,0.0705132856965065,0.49340319417865297,0.017895533377630682,0.3628691232897016
COD10K-CAM-2-Terrestrial-48-Wolf-2916,0.04029766097664833,0.6362378204662186,0.29848937737644865,0.8502466963124808
COD10K-CAM-2-Terrestrial-48-Wolf-2917,0.3823867738246918,0.34498563255950343,0.3175562173231368,0.3224336919289966
COD10K-CAM-2-Terrestrial-48-Wolf-2918,0.04517842084169388,0.5426164785735659,0.0711909826834417,0.42618710538962146
COD10K-CAM-2-Terrestrial-48-Wolf-2921,0.06297851353883743,0.49131307486836157,0.05733830565746496,0.41902033997118215
COD10K-CAM-2-Terrestrial-48-Wolf-2922,0.09222068637609482,0.5527083332037138,0.1591806850262644,0.758975352236885
COD10K-CAM-2-Terrestrial-49-Worm-2929,0.1910030096769333,0.6382249410982067,0.3799878209868938,0.6878625195985696
COD10K-CAM-2-Terrestrial-49-Worm-2930,0.12068821489810944,0.5094799774242016,0.07621319919297842,0.44175497312973155
COD10K-CAM-2-Terrestrial-49-Worm-2934,0.06960497051477432,0.7161700805746203,0.32219703851148324,0.7313672131950696
COD10K-CAM-2-Terrestrial-49-Worm-2939,0.11320208013057709,0.6113175547200399,0.2871376138571726,0.7286694573206873
COD10K-CAM-2-Terrestrial-49-Worm-2941,0.0936708077788353,0.65057147818369,0.40808401457490495,0.7833078403673244
COD10K-CAM-2-Terrestrial-49-Worm-2944,0.0568099170923233,0.5148528873206436,0.11467824798358994,0.7763524817661087
COD10K-CAM-2-Terrestrial-49-Worm-2948,0.03086777776479721,0.8515620854028436,0.7038561755486676,0.9086594394887068
COD10K-CAM-2-Terrestrial-49-Worm-2949,0.09706534445285797,0.6593974019181239,0.5483342987057611,0.7696519620702051
COD10K-CAM-2-Terrestrial-49-Worm-2950,0.10256198793649673,0.556647402991714,0.33394805103898,0.5885344128561745
COD10K-CAM-2-Terrestrial-49-Worm-2952,0.07624238729476929,0.6094505576810254,0.3464035760003799,0.8341440448965869
COD10K-CAM-2-Terrestrial-49-Worm-2953,0.09590888023376465,0.6564238701271662,0.3352529488762143,0.7899186657536386
COD10K-CAM-3-Flying-50-Bat-2954,0.06250838935375214,0.5158096725677083,0.09706368763760376,0.683432170559725
COD10K-CAM-3-Flying-50-Bat-2955,0.08721457421779633,0.45793904437149663,0.059860853975465256,0.45133622907779325
COD10K-CAM-3-Flying-50-Bat-2956,0.041014112532138824,0.8519662832043895,0.6266112072208632,0.9021247298172218
COD10K-CAM-3-Flying-50-Bat-2959,0.14885276556015015,0.47446938930298604,0.06929086849727804,0.637132897747259
COD10K-CAM-3-Flying-50-Bat-2960,0.09042765200138092,0.6740235371926393,0.30220948019358,0.7629657492560122
COD10K-CAM-3-Flying-50-Bat-2962,0.0958428680896759,0.7369887861235771,0.49115891347616053,0.830666900852986
COD10K-CAM-3-Flying-50-Bat-2963,0.056712690740823746,0.8059509994812277,0.46206922235843845,0.8291518616803729
COD10K-CAM-3-Flying-50-Bat-2967,0.0677441731095314,0.8304989100917026,0.6323329153664811,0.8850794804649502
COD10K-CAM-3-Flying-50-Bat-2968,0.12106916308403015,0.5948811044301638,0.2797309916911607,0.8008954011099058
COD10K-CAM-3-Flying-50-Bat-2970,0.15464790165424347,0.41403592747458146,0.010985731553383138,0.5527230643779626
COD10K-CAM-3-Flying-50-Bat-2972,0.05179416015744209,0.852764946149813,0.6468577066766474,0.9013843152644148
COD10K-CAM-3-Flying-50-Bat-2975,0.19338901340961456,0.6258723599621788,0.6780115220761249,0.5926178370829138
COD10K-CAM-3-Flying-50-Bat-2976,0.0728735700249672,0.6754206070919284,0.2557717202565562,0.7630371116513694
COD10K-CAM-3-Flying-51-Bee-2977,0.062267154455184937,0.5949979070119146,0.11762600826924091,0.5074119892060219
COD10K-CAM-3-Flying-51-Bee-2981,0.06382138282060623,0.7161829627019614,0.38489075647409726,0.829234896652469
COD10K-CAM-3-Flying-51-Bee-2982,0.05568016320466995,0.5448507270284626,0.08997436858498208,0.43527292780471816
COD10K-CAM-3-Flying-51-Bee-2983,0.038537394255399704,0.6012782696256759,0.2083529326218165,0.5950685178068054
COD10K-CAM-3-Flying-51-Bee-2985,0.12908023595809937,0.7092128250587131,0.581241089950987,0.7711625520846586
COD10K-CAM-3-Flying-51-Bee-2986,0.11370622366666794,0.6023928999035357,0.33911731307257115,0.7825068629121616
COD10K-CAM-3-Flying-51-Bee-2993,0.07705727219581604,0.44795613521366645,0.006690404412729646,0.26825958456075305
COD10K-CAM-3-Flying-51-Bee-2995,0.0755106583237648,0.5146498135788755,0.05083022461565633,0.35920508834739334
COD10K-CAM-3-Flying-51-Bee-2997,0.056484200060367584,0.5464818491472367,0.09324844817260322,0.4468688692195367
COD10K-CAM-3-Flying-51-Bee-2999,0.040816932916641235,0.7655934808745049,0.33269124888943824,0.7714918668939594
COD10K-CAM-3-Flying-51-Bee-3002,0.1640111654996872,0.5626937704471452,0.2244666223750897,0.6779552801508795
COD10K-CAM-3-Flying-52-Beetle-3007,0.03067917190492153,0.9074091654755184,0.7872833831095785,0.9370112829535524
COD10K-CAM-3-Flying-52-Beetle-3009,0.06635646522045135,0.7770436210305456,0.5351457108696419,0.8603519704101481
COD10K-CAM-3-Flying-52-Beetle-3011,0.0924568921327591,0.7371011068604711,0.5819174445528716,0.7689229820454482
COD10K-CAM-3-Flying-53-Bird-3015,0.06864652037620544,0.8104372316153374,0.6640786820138941,0.8788575781728627
COD10K-CAM-3-Flying-53-Bird-3021,0.01849968731403351,0.7972901733593394,0.4590053504726553,0.8862405576006094
COD10K-CAM-3-Flying-53-Bird-3022,0.04400154948234558,0.5061892415684651,0.04215456220297817,0.5114796403525764
COD10K-CAM-3-Flying-53-Bird-3023,0.020027145743370056,0.8419506233133873,0.5759204287892064,0.9262791912819245
COD10K-CAM-3-Flying-53-Bird-3024,0.061956778168678284,0.6022400347121185,0.30337379921371826,0.7964151285536584
COD10K-CAM-3-Flying-53-Bird-3026,0.047745686024427414,0.8808382126705753,0.8230309919237745,0.9356307683502292
COD10K-CAM-3-Flying-53-Bird-3028,0.0691322311758995,0.45258609275144696,0.006642217550481749,0.27182648197642645
COD10K-CAM-3-Flying-53-Bird-3030,0.04252234846353531,0.527788073544111,0.0794638391283659,0.7739238466911234
COD10K-CAM-3-Flying-53-Bird-3031,0.09061051160097122,0.6206114126517349,0.29234705591001614,0.6833417553938719
COD10K-CAM-3-Flying-53-Bird-3032,0.07009366899728775,0.6649400857997054,0.35795783915654045,0.8261573218059568
COD10K-CAM-3-Flying-53-Bird-3036,0.07523234188556671,0.6430805796236434,0.1723967757963411,0.6583581371570565
COD10K-CAM-3-Flying-53-Bird-3037,0.05013560503721237,0.46414219984189503,0.0030917978043814407,0.5558999307001762
COD10K-CAM-3-Flying-53-Bird-3038,0.037712980061769485,0.4700401969344151,0.014777646810822448,0.3047618882459572
COD10K-CAM-3-Flying-53-Bird-3040,0.09175775945186615,0.650486067572533,0.27381170412429473,0.6691503488951729
COD10K-CAM-3-Flying-53-Bird-3041,0.027149230241775513,0.6159532005511429,0.23988273538240795,0.7568955546628744
COD10K-CAM-3-Flying-53-Bird-3046,0.03112470544874668,0.7239627326043536,0.46052079973954074,0.9183875943318374
COD10K-CAM-3-Flying-53-Bird-3049,0.10505940020084381,0.4769580928838829,0.06334152207976039,0.5036704673311945
COD10K-CAM-3-Flying-53-Bird-3051,0.02776777185499668,0.8779967997685197,0.5273291266617591,0.8748381866325975
COD10K-CAM-3-Flying-53-Bird-3052,0.02497261017560959,0.8837583198394252,0.5646238261000098,0.8975352311723426
COD10K-CAM-3-Flying-53-Bird-3053,0.12892311811447144,0.4243066463684628,0.00946494974249971,0.6658634736682187
COD10K-CAM-3-Flying-53-Bird-3054,0.044172920286655426,0.7096396380172316,0.5445395493124596,0.8929063427081915
COD10K-CAM-3-Flying-53-Bird-3056,0.08085264265537262,0.7430100578495205,0.4481108083380799,0.8490746301109843
COD10K-CAM-3-Flying-53-Bird-3057,0.03310634568333626,0.6846344885293989,0.19447707577510273,0.6489494263346467
COD10K-CAM-3-Flying-53-Bird-3059,0.0504692941904068,0.7697777725725505,0.3165882862604124,0.7486580646437296
COD10K-CAM-3-Flying-53-Bird-3062,0.021009158343076706,0.6609689436500239,0.20664953074671086,0.663411095103535
COD10K-CAM-3-Flying-53-Bird-3064,0.02535739727318287,0.7024777739669492,0.2732020736713567,0.7474572794205693
COD10K-CAM-3-Flying-53-Bird-3068,0.04102737084031105,0.774980135792544,0.5290845217533594,0.8807876024253559
COD10K-CAM-3-Flying-53-Bird-3069,0.02170897088944912,0.7048550725033804,0.27663854036831415,0.7482024793426622
COD10K-CAM-3-Flying-53-Bird-3075,0.07284105569124222,0.6401158676985744,0.28254973039329934,0.8144882682318096
COD10K-CAM-3-Flying-53-Bird-3077,0.03513987362384796,0.4847497397777497,0.01473484892956088,0.6802371612493646
COD10K-CAM-3-Flying-53-Bird-3078,0.04845361039042473,0.6199803373316175,0.1663382161998508,0.7875457911111681
COD10K-CAM-3-Flying-53-Bird-3080,0.06959517300128937,0.45705837065709276,0.03218006884464446,0.6874875006466576
COD10K-CAM-3-Flying-53-Bird-3082,0.06130819022655487,0.5569446490015744,0.2131218025536871,0.7026009494113574
COD10K-CAM-3-Flying-53-Bird-3083,0.09060324728488922,0.7763501741888916,0.5720916795158781,0.8643237930177032
COD10K-CAM-3-Flying-53-Bird-3084,0.07134462147951126,0.8190100880969253,0.6958068787238922,0.8016189971259122
COD10K-CAM-3-Flying-53-Bird-3087,0.04630991816520691,0.8789860915499652,0.6398211321088053,0.9015813108622833
COD10K-CAM-3-Flying-53-Bird-3089,0.06582950800657272,0.5418593592862763,0.08663181428094872,0.6900831431278306
COD10K-CAM-3-Flying-53-Bird-3093,0.08664465695619583,0.6596111838158997,0.5445720713492759,0.8604082969967992
COD10K-CAM-3-Flying-53-Bird-3096,0.07310493290424347,0.7962418291015424,0.564577282391797,0.8540706453984501
COD10K-CAM-3-Flying-53-Bird-3104,0.033750541508197784,0.5603659342013246,0.11194297382452352,0.5162772466121561
COD10K-CAM-3-Flying-53-Bird-3105,0.050022535026073456,0.8315521531536004,0.5361541726108203,0.8327403123595304
COD10K-CAM-3-Flying-53-Bird-3112,0.052918411791324615,0.6638773896509913,0.4263619197811304,0.6451285424230342
COD10K-CAM-3-Flying-53-Bird-3119,0.040572427213191986,0.5094011028914188,0.01687699604907527,0.5026369597549022
COD10K-CAM-3-Flying-53-Bird-3121,0.06681107729673386,0.7559256620015766,0.565710843348008,0.8824423202742229
COD10K-CAM-3-Flying-53-Bird-3123,0.07585880160331726,0.4605779541760497,0.0175498227951711,0.30030950799534467
COD10K-CAM-3-Flying-53-Bird-3125,0.042762286961078644,0.8836648665237518,0.6588388276582346,0.9109973743625924
COD10K-CAM-3-Flying-53-Bird-3128,0.04216631129384041,0.7490397580502399,0.41565395929117027,0.8597791826415253
COD10K-CAM-3-Flying-53-Bird-3132,0.048134803771972656,0.7714634708173708,0.4831202892648249,0.894021211407326
COD10K-CAM-3-Flying-53-Bird-3133,0.0523679219186306,0.6551935390231616,0.2816533444350065,0.7357386360081566
COD10K-CAM-3-Flying-53-Bird-3141,0.06402043253183365,0.539635448389011,0.26034980784460054,0.8467577209241456
COD10K-CAM-3-Flying-53-Bird-3142,0.08159620314836502,0.8353834048633489,0.6788736364351997,0.7884736807217438
COD10K-CAM-3-Flying-53-Bird-3145,0.03741536661982536,0.7565194280727379,0.29156537724929926,0.7209597264824286
COD10K-CAM-3-Flying-53-Bird-3150,0.1205805093050003,0.43637423615328574,0.017953222167780086,0.3942120075786196
COD10K-CAM-3-Flying-53-Bird-3151,0.04788319766521454,0.6616160671350089,0.25423840207748816,0.6690805817327569
COD10K-CAM-3-Flying-53-Bird-3155,0.059299174696207047,0.6101403261631826,0.10565438250313008,0.566130047483416
COD10K-CAM-3-Flying-53-Bird-3157,0.040601056069135666,0.4844325892520906,0.03706874327486978,0.39860413577377873
COD10K-CAM-3-Flying-53-Bird-3158,0.07797759026288986,0.8456709845215643,0.6476616776128739,0.8729822155080306
COD10K-CAM-3-Flying-53-Bird-3159,0.022302234545350075,0.7246606732771681,0.313447582271619,0.814632922594009
COD10K-CAM-3-Flying-53-Bird-3162,0.03033730573952198,0.7775666466023163,0.409188128813482,0.8347961449220814
COD10K-CAM-3-Flying-53-Bird-3167,0.0451219268143177,0.7771912106919268,0.5027335142344819,0.8774345879994652
COD10K-CAM-3-Flying-53-Bird-3170,0.0075278207659721375,0.5494220622353448,0.025114224891201603,0.3746749417510641
COD10K-CAM-3-Flying-53-Bird-3171,0.0937993973493576,0.6822188853003812,0.44226758815449674,0.6149256061072994
COD10K-CAM-3-Flying-53-Bird-3175,0.08308755606412888,0.4645771920390049,0.07540859046083527,0.6889296424689559
COD10K-CAM-3-Flying-53-Bird-3176,0.0799168273806572,0.6687668464538674,0.4717553886110576,0.5521778308446259
COD10K-CAM-3-Flying-53-Bird-3180,0.0366315096616745,0.6331663118207691,0.24994000172277966,0.6572972723948449
COD10K-CAM-3-Flying-53-Bird-3184,0.05170827731490135,0.7567760703985881,0.4281015350666181,0.8769079399665655
COD10K-CAM-3-Flying-53-Bird-3185,0.05237437039613724,0.7948745394072667,0.45752201371589085,0.8315126139387198
COD10K-CAM-3-Flying-53-Bird-3189,0.0061521767638623714,0.49807569111420685,0.00036898860124959536,0.28581524476781284
COD10K-CAM-3-Flying-53-Bird-3196,0.1037103682756424,0.6325347686816026,0.16415269857949671,0.6505596242780076
COD10K-CAM-3-Flying-53-Bird-3197,0.08130133897066116,0.5919874219944156,0.14096377495056212,0.5502863007873675
COD10K-CAM-3-Flying-53-Bird-3198,0.05105815827846527,0.7687759378912464,0.6947587889687876,0.7977588467957194
COD10K-CAM-3-Flying-53-Bird-3200,0.06587857753038406,0.49095328680078054,0.0386976168948681,0.48733775750003155
COD10K-CAM-3-Flying-53-Bird-3201,0.05274726450443268,0.6682408476097892,0.24757891833924436,0.7233627234003323
COD10K-CAM-3-Flying-53-Bird-3203,0.03788262605667114,0.6456393837601939,0.2580653803198357,0.7122822572012981
COD10K-CAM-3-Flying-53-Bird-3207,0.01627284102141857,0.8004354584885057,0.4702880608614096,0.9101756719624151
COD10K-CAM-3-Flying-53-Bird-3211,0.06354304403066635,0.8655396777046884,0.6398450982055098,0.8262147993716966
COD10K-CAM-3-Flying-53-Bird-3213,0.05864965543150902,0.8101115980225335,0.5160627412505003,0.8386004769359332
COD10K-CAM-3-Flying-53-Bird-3214,0.06202935054898262,0.4831413351949805,0.04026456876378721,0.45848721477966614
COD10K-CAM-3-Flying-53-Bird-3215,0.08517789095640182,0.507885539673008,0.1733055939494755,0.32725697645909146
COD10K-CAM-3-Flying-53-Bird-3218,0.12116166949272156,0.6397047679728988,0.539057086571332,0.6428570190722909
COD10K-CAM-3-Flying-53-Bird-3221,0.014697638340294361,0.4961322318095988,0.008687837123854063,0.328152216436558
COD10K-CAM-3-Flying-53-Bird-3223,0.03943433612585068,0.4967175113069536,0.1436722242996273,0.3438310065740361
COD10K-CAM-3-Flying-53-Bird-3226,0.037493228912353516,0.9117364938970427,0.6944889357402242,0.9113730947238027
COD10K-CAM-3-Flying-53-Bird-3227,0.030915845185518265,0.6443030280519475,0.22039382141486888,0.7192523112907035
COD10K-CAM-3-Flying-53-Bird-3231,0.026425562798976898,0.763661945431009,0.40200642335211917,0.8606321954940299
COD10K-CAM-3-Flying-53-Bird-3232,0.08112748712301254,0.7191252839042752,0.4451369787989634,0.8516638952320411
COD10K-CAM-3-Flying-53-Bird-3234,0.14963483810424805,0.6139582484070546,0.2546829308473602,0.6329424925923617
COD10K-CAM-3-Flying-53-Bird-3235,0.04724716767668724,0.6195120168069566,0.09760557802491754,0.5620479912726745
COD10K-CAM-3-Flying-53-Bird-3236,0.06095019355416298,0.4603529466031565,0.0041833881425089705,0.4087334318338337
COD10K-CAM-3-Flying-53-Bird-3237,0.06376633048057556,0.73072784866158,0.6467495487694055,0.8114853977899521
COD10K-CAM-3-Flying-53-Bird-3239,0.052363354712724686,0.5459209769748098,0.07349318598605209,0.5207445313245651
COD10K-CAM-3-Flying-53-Bird-3240,0.02774997614324093,0.8012417624173125,0.47166981357987875,0.8476343395967032
COD10K-CAM-3-Flying-53-Bird-3241,0.05602484568953514,0.7565771461057141,0.4469541506360651,0.7890003528055705
COD10K-CAM-3-Flying-53-Bird-3245,0.06838131695985794,0.7730701245970424,0.6057468503133602,0.8405992922709163
COD10K-CAM-3-Flying-53-Bird-3246,0.014900721609592438,0.6447751787077658,0.155608432491371,0.5617144808076862
COD10K-CAM-3-Flying-54-Bittern-3252,0.052153751254081726,0.7051138957318912,0.36208525053547924,0.8651717860088601
COD10K-CAM-3-Flying-54-Bittern-3254,0.07103008776903152,0.5851498466454967,0.27259984220181593,0.7927179361559039
COD10K-CAM-3-Flying-54-Bittern-3255,0.04795921593904495,0.77986474484588,0.4638297820859431,0.8678471918882558
COD10K-CAM-3-Flying-54-Bittern-3260,0.09917385131120682,0.5910910576913997,0.11548281315554586,0.5416634660011053
COD10K-CAM-3-Flying-54-Bittern-3266,0.07035063207149506,0.5613776341216419,0.17742296557144463,0.6304380876662931
COD10K-CAM-3-Flying-54-Bittern-3268,0.05492713302373886,0.6819398338934963,0.3294873045467118,0.7426484853131874
COD10K-CAM-3-Flying-54-Bittern-3271,0.05093258246779442,0.4768275324236238,0.010847836272386125,0.5024665569188784
COD10K-CAM-3-Flying-54-Bittern-3277,0.01334105059504509,0.5158076925776199,0.030946716118324762,0.3260861287071358
COD10K-CAM-3-Flying-54-Bittern-3283,0.042175378650426865,0.8601298690727208,0.5924655094380106,0.8829607970845104
COD10K-CAM-3-Flying-54-Bittern-3284,0.04093467444181442,0.8298019473072937,0.5449824358681219,0.8918236191168021
COD10K-CAM-3-Flying-54-Bittern-3288,0.02794582024216652,0.54551533155575,0.13389452618976735,0.7860674701851518
COD10K-CAM-3-Flying-54-Bittern-3289,0.10516847670078278,0.6290158345796988,0.3486408720154553,0.7839936266526055
COD10K-CAM-3-Flying-55-Butterfly-3295,0.07390417903661728,0.555621731835668,0.2329171118065029,0.4049271525179359
COD10K-CAM-3-Flying-55-Butterfly-3303,0.13764919340610504,0.6830394474584919,0.6810952156067889,0.6636753206871187
COD10K-CAM-3-Flying-55-Butterfly-3304,0.0996834933757782,0.6381138543229041,0.24129195390767436,0.6485835341603928
COD10K-CAM-3-Flying-55-Butterfly-3306,0.02412453293800354,0.7568069030774922,0.2933524761320069,0.7378332039763884
COD10K-CAM-3-Flying-55-Butterfly-3312,0.12182512879371643,0.4383321549035615,0.016060303400309648,0.32073871737488147
COD10K-CAM-3-Flying-55-Butterfly-3315,0.0983630046248436,0.8247086451245351,0.8077666511913564,0.836280699118706
COD10K-CAM-3-Flying-55-Butterfly-3318,0.12966232001781464,0.743369693531396,0.6635282994477145,0.7138630323907709
COD10K-CAM-3-Flying-55-Butterfly-3319,0.0532599613070488,0.46594775768396823,0.04610892950788531,0.34978971686096694
COD10K-CAM-3-Flying-55-Butterfly-3320,0.044162996113300323,0.5664016508429591,0.0958477065286621,0.4588543096497921
COD10K-CAM-3-Flying-55-Butterfly-3322,0.05804448574781418,0.5165775237060539,0.20407132628515517,0.3437263691388128
COD10K-CAM-3-Flying-55-Butterfly-3324,0.0764581710100174,0.5238860971278441,0.08990834113980505,0.4540963956251535
COD10K-CAM-3-Flying-55-Butterfly-3325,0.0623522512614727,0.6277805050358068,0.2203053360057326,0.7868517117778568
COD10K-CAM-3-Flying-55-Butterfly-3328,0.050659243017435074,0.7822073696482394,0.4320120829266786,0.8236971920694734
COD10K-CAM-3-Flying-55-Butterfly-3335,0.08541688323020935,0.7186774321896438,0.3341972630627295,0.7479514156198421
COD10K-CAM-3-Flying-55-Butterfly-3339,0.032264288514852524,0.6472276743801213,0.18334666800934624,0.5634211869191563
COD10K-CAM-3-Flying-55-Butterfly-3341,0.04947822913527489,0.4558801242055336,0.0014692828345509383,0.6705326960795535
COD10K-CAM-3-Flying-55-Butterfly-3342,0.02876218594610691,0.6059741217729208,0.2288393126931558,0.8300563933310823
COD10K-CAM-3-Flying-55-Butterfly-3350,0.0427149161696434,0.9003470571209562,0.6468786546077403,0.8829397865004998
COD10K-CAM-3-Flying-55-Butterfly-3351,0.0560474656522274,0.7107147728769636,0.23523038452168965,0.6297207458515001
COD10K-CAM-3-Flying-55-Butterfly-3354,0.042214639484882355,0.8977993707234317,0.7044550795038093,0.8278319029056149
COD10K-CAM-3-Flying-55-Butterfly-3356,0.04785490408539772,0.6011621198079546,0.14434115432011713,0.5024525100601311
COD10K-CAM-3-Flying-55-Butterfly-3359,0.02935701236128807,0.495562583123817,0.029078116801109916,0.6526737150253241
COD10K-CAM-3-Flying-55-Butterfly-3360,0.14638303220272064,0.6689552632919288,0.6383502728974015,0.7899799394742595
COD10K-CAM-3-Flying-55-Butterfly-3361,0.04319611191749573,0.6916397848559298,0.24494240271016984,0.6788033218293539
COD10K-CAM-3-Flying-55-Butterfly-3369,0.1097973957657814,0.47793749892727644,0.16693032302642738,0.3110601629355741
COD10K-CAM-3-Flying-55-Butterfly-3370,0.07114482671022415,0.4463390442476259,0.0004241295160440219,0.35229018528967104
COD10K-CAM-3-Flying-55-Butterfly-3374,0.04795857518911362,0.5925737457310778,0.2165414321787652,0.6055338717065932
COD10K-CAM-3-Flying-55-Butterfly-3375,0.11575037240982056,0.8019935534913059,0.8200689077434639,0.7939621475134402
COD10K-CAM-3-Flying-55-Butterfly-3376,0.05192146077752113,0.6525446762749751,0.22341591974726258,0.6483408013358571
COD10K-CAM-3-Flying-55-Butterfly-3377,0.03150734305381775,0.8313030947704461,0.5538886713652497,0.9125406403839577
COD10K-CAM-3-Flying-55-Butterfly-3378,0.03134314715862274,0.9219263951681637,0.6920365763310918,0.9182720247349455
COD10K-CAM-3-Flying-55-Butterfly-3379,0.04292929917573929,0.8737288929512155,0.7153307309525672,0.9163816629617126
COD10K-CAM-3-Flying-55-Butterfly-3382,0.04363740608096123,0.8895920799782697,0.6466115672560985,0.9076646985698009
COD10K-CAM-3-Flying-55-Butterfly-3383,0.06637628376483917,0.8844121749731148,0.7685860982437405,0.8664324397780098
COD10K-CAM-3-Flying-55-Butterfly-3386,0.05808021500706673,0.8474909039893833,0.6027953721652186,0.8778372473949103
COD10K-CAM-3-Flying-55-Butterfly-3389,0.17059306800365448,0.47575787482967863,0.24131826630267322,0.6406675865928314
COD10K-CAM-3-Flying-55-Butterfly-3390,0.03625373914837837,0.8622590251316106,0.7197648850349165,0.9216149833905107
COD10K-CAM-3-Flying-55-Butterfly-3393,0.054289720952510834,0.7801667389809688,0.4618285534975928,0.8303593822536874
COD10K-CAM-3-Flying-55-Butterfly-3398,0.03418538719415665,0.8954501141652877,0.6016369651338002,0.8743761337285665
COD10K-CAM-3-Flying-55-Butterfly-3401,0.14576776325702667,0.7471294479015992,0.7310517578233888,0.6907286580362797
COD10K-CAM-3-Flying-55-Butterfly-3403,0.026795076206326485,0.8103719959535326,0.3921200262468189,0.8369522130935736
COD10K-CAM-3-Flying-55-Butterfly-3406,0.09613960981369019,0.8216110151070911,0.7732997941793183,0.838304623444408
COD10K-CAM-3-Flying-55-Butterfly-3408,0.06604055315256119,0.565956437998342,0.17739609789114483,0.79631558962108
COD10K-CAM-3-Flying-55-Butterfly-3409,0.07910104840993881,0.8807146339263656,0.7410696229209632,0.894017139252971
COD10K-CAM-3-Flying-55-Butterfly-3412,0.09432417154312134,0.8101235150034969,0.6668848108623027,0.8097734800434432
COD10K-CAM-3-Flying-55-Butterfly-3418,0.04792278632521629,0.858936471253916,0.6740970690766238,0.9189567601019486
COD10K-CAM-3-Flying-55-Butterfly-3423,0.10364672541618347,0.7566446991245777,0.7109570123362311,0.7105694148498205
COD10K-CAM-3-Flying-55-Butterfly-3426,0.0793498083949089,0.8235446640230148,0.7843217840816726,0.8346091849964201
COD10K-CAM-3-Flying-55-Butterfly-3428,0.05367733910679817,0.48938640203715394,0.02373276457748022,0.37342907171167034
COD10K-CAM-3-Flying-55-Butterfly-3429,0.07633619010448456,0.4677883133932658,0.05484387592383941,0.28754654748874275
COD10K-CAM-3-Flying-55-Butterfly-3434,0.08228662610054016,0.672687697644011,0.48312190147212614,0.6130677376549911
COD10K-CAM-3-Flying-55-Butterfly-3435,0.15187352895736694,0.7116243050622212,0.6451192078220278,0.6703019330119592
COD10K-CAM-3-Flying-55-Butterfly-3436,0.04632672667503357,0.6549109587508866,0.11758842819199285,0.5775428407528499
COD10K-CAM-3-Flying-56-Cicada-3439,0.16033543646335602,0.40373981687945554,0.049070498701774726,0.6605615870523931
COD10K-CAM-3-Flying-56-Cicada-3440,0.0669221356511116,0.7987126188785258,0.44752006382756543,0.8180413187088813
COD10K-CAM-3-Flying-56-Cicada-3441,0.03970114514231682,0.7699755414094595,0.4787259855592806,0.8934988424993822
COD10K-CAM-3-Flying-56-Cicada-3443,0.08413397520780563,0.6904538825354636,0.6286663418615623,0.704435209889547
COD10K-CAM-3-Flying-56-Cicada-3444,0.1056784838438034,0.795610047285221,0.6548502007949213,0.8510596806709168
COD10K-CAM-3-Flying-56-Cicada-3447,0.05387157201766968,0.4901370953531323,0.05554201675697596,0.6643910995758028
COD10K-CAM-3-Flying-56-Cicada-3453,0.042695995420217514,0.7760274486120148,0.5400459091174401,0.8970416308626921
COD10K-CAM-3-Flying-56-Cicada-3460,0.1402384340763092,0.699487439118463,0.6878923797147273,0.675532249809842
COD10K-CAM-3-Flying-56-Cicada-3462,0.06340896338224411,0.652200723259738,0.1459149214411828,0.5222294691092924
COD10K-CAM-3-Flying-56-Cicada-3463,0.05227784067392349,0.8485214362658027,0.6661279434318809,0.8862252666050696
COD10K-CAM-3-Flying-56-Cicada-3470,0.13110071420669556,0.5646643249954576,0.26765304446279375,0.766977388050438
COD10K-CAM-3-Flying-56-Cicada-3472,0.04866546392440796,0.9043335638801464,0.7797860522990918,0.9180815323135431
COD10K-CAM-3-Flying-56-Cicada-3478,0.043706897646188736,0.7308522340737269,0.4041706969158521,0.9120911393703206
COD10K-CAM-3-Flying-56-Cicada-3480,0.05065121501684189,0.6904924391828492,0.2570499933203706,0.6911876299483671
COD10K-CAM-3-Flying-56-Cicada-3482,0.07639844715595245,0.6961678753395381,0.34232882675516574,0.7768657418620013
COD10K-CAM-3-Flying-56-Cicada-3483,0.03792279586195946,0.852655952763496,0.6392798153744261,0.893949025243139
COD10K-CAM-3-Flying-56-Cicada-3486,0.050745654851198196,0.8665586469964501,0.7649014676152561,0.910503030157173
COD10K-CAM-3-Flying-56-Cicada-3490,0.028290828689932823,0.8132044484148111,0.5100198530937244,0.8824038996913445
COD10K-CAM-3-Flying-56-Cicada-3491,0.10055243223905563,0.5375060230467669,0.05368154508259666,0.3500495949669964
COD10K-CAM-3-Flying-56-Cicada-3494,0.07777231931686401,0.5511619377270935,0.1411795669984783,0.40599567807025966
COD10K-CAM-3-Flying-56-Cicada-3496,0.07819061726331711,0.580775475389238,0.06956601234561477,0.3992568681582389
COD10K-CAM-3-Flying-56-Cicada-3498,0.029656855389475822,0.9301690706183896,0.8235235062127448,0.9271648766871502
COD10K-CAM-3-Flying-56-Cicada-3501,0.08606750518083572,0.6987278799300365,0.4004165451463584,0.8065262019699785
COD10K-CAM-3-Flying-56-Cicada-3504,0.13467784225940704,0.6113438202649379,0.6052265225945648,0.5655633367554788
COD10K-CAM-3-Flying-56-Cicada-3505,0.03790394589304924,0.5889937948161242,0.08942442102121062,0.47573287882603266
COD10K-CAM-3-Flying-56-Cicada-3508,0.09656863659620285,0.7592722365154914,0.4012930082858597,0.7784616441755225
COD10K-CAM-3-Flying-56-Cicada-3509,0.06959681957960129,0.5363810718048275,0.12637577158261373,0.6723323406694164
COD10K-CAM-3-Flying-56-Cicada-3510,0.030273089185357094,0.6607100884958383,0.14356955361130627,0.6168439020647842
COD10K-CAM-3-Flying-56-Cicada-3513,0.010981555096805096,0.7153715751708798,0.29490475807265987,0.7458416963348664
COD10K-CAM-3-Flying-56-Cicada-3515,0.08291268348693848,0.5513444518229458,0.10824877039194676,0.7556591338956455
COD10K-CAM-3-Flying-56-Cicada-3521,0.060111239552497864,0.7072857984928259,0.2629196308239772,0.7039548534734716
COD10K-CAM-3-Flying-56-Cicada-3522,0.07539691030979156,0.5693592894935589,0.4084778714441099,0.45179946665853327
COD10K-CAM-3-Flying-56-Cicada-3525,0.1130530908703804,0.7336180218900287,0.5128979101519625,0.8046247303254559
COD10K-CAM-3-Flying-56-Cicada-3527,0.03638209402561188,0.6191969120634386,0.13039243025524558,0.6018708654882335
COD10K-CAM-3-Flying-56-Cicada-3530,0.03910232335329056,0.6371678227260407,0.19669283190352044,0.602584850980097
COD10K-CAM-3-Flying-56-Cicada-3533,0.0813482478260994,0.8142074303370435,0.6566892314046386,0.8644947792914619
COD10K-CAM-3-Flying-56-Cicada-3535,0.16392621397972107,0.7137012608428462,0.7826464470000162,0.6975065726754215
COD10K-CAM-3-Flying-56-Cicada-3536,0.11680682748556137,0.5173202648784082,0.15829801893479872,0.7643652379224346
COD10K-CAM-3-Flying-56-Cicada-3537,0.09166670590639114,0.7669057061582507,0.5958931144828274,0.6581155623762586
COD10K-CAM-3-Flying-56-Cicada-3539,0.0381338968873024,0.5847396930966874,0.15725380634021438,0.5793195119161263
COD10K-CAM-3-Flying-56-Cicada-3542,0.0873170867562294,0.4630216309590242,0.043281133417820965,0.3511983730099452
COD10K-CAM-3-Flying-56-Cicada-3543,0.09413252025842667,0.7294320001030283,0.6449104346496635,0.795565521547057
COD10K-CAM-3-Flying-56-Cicada-3547,0.07242903113365173,0.7940707391130744,0.5957263187512887,0.878881911992291
COD10K-CAM-3-Flying-56-Cicada-3549,0.09974611550569534,0.6158800596572908,0.32514199858934995,0.7461328752325991
COD10K-CAM-3-Flying-56-Cicada-3551,0.11264482140541077,0.6750934711772668,0.6334251585594705,0.7047333174071293
COD10K-CAM-3-Flying-57-Dragonfly-3553,0.03685538470745087,0.5525077706539501,0.2821924076185968,0.6718098219358671
COD10K-CAM-3-Flying-57-Dragonfly-3559,0.03387260064482689,0.7103132810582597,0.5053770077079216,0.9055597628141117
COD10K-CAM-3-Flying-57-Dragonfly-3566,0.037549640983343124,0.7568960457165916,0.45503675129925325,0.8715798692116659
COD10K-CAM-3-Flying-57-Dragonfly-3569,0.04648270830512047,0.4617223140673662,0.0010824260561010629,0.4567203904501149
COD10K-CAM-3-Flying-57-Dragonfly-3571,0.17123907804489136,0.6033203185144594,0.451645121579372,0.4994232790513745
COD10K-CAM-3-Flying-57-Dragonfly-3575,0.037833284586668015,0.8123529445406383,0.583801326129223,0.9139789385804329
COD10K-CAM-3-Flying-57-Dragonfly-3576,0.32476624846458435,0.4640029847214896,0.548042889343462,0.43095158087343727
COD10K-CAM-3-Flying-57-Dragonfly-3580,0.10241783410310745,0.6571443653023037,0.5431853068008292,0.7906056942028048
COD10K-CAM-3-Flying-57-Dragonfly-3581,0.07083473354578018,0.7397476525628104,0.6344215254975083,0.8117793437038396
COD10K-CAM-3-Flying-57-Dragonfly-3582,0.05736050754785538,0.5980293395008885,0.22872142717499036,0.845113218512978
COD10K-CAM-3-Flying-57-Dragonfly-3585,0.06779778003692627,0.8428379280861712,0.7119102670327663,0.8220781014274781
COD10K-CAM-3-Flying-57-Dragonfly-3586,0.07286669313907623,0.7456080308359047,0.4677861334455757,0.8329857220675319
COD10K-CAM-3-Flying-57-Dragonfly-3588,0.06790068745613098,0.8156982094497123,0.4727997224108407,0.8593073927226652
COD10K-CAM-3-Flying-57-Dragonfly-3590,0.17882612347602844,0.7206117093133815,0.6757628866491342,0.6405647665403662
COD10K-CAM-3-Flying-57-Dragonfly-3593,0.08123577386140823,0.7675260426466304,0.6867208698817315,0.8218472825083813
COD10K-CAM-3-Flying-58-Frogmouth-3596,0.057035259902477264,0.8490714188225599,0.5817966533342795,0.8844134720573278
COD10K-CAM-3-Flying-58-Frogmouth-3598,0.06305450946092606,0.8536980768580261,0.7522169688258151,0.8664159246863363
COD10K-CAM-3-Flying-58-Frogmouth-3599,0.26507824659347534,0.5600306835506494,0.69950220253047,0.5606797552679604
COD10K-CAM-3-Flying-58-Frogmouth-3602,0.10258908569812775,0.7632000080315935,0.6599336042949472,0.8152325613427313
COD10K-CAM-3-Flying-58-Frogmouth-3604,0.04140123352408409,0.8718641011101949,0.735427258394644,0.8934216677345499
COD10K-CAM-3-Flying-58-Frogmouth-3610,0.057532619684934616,0.7672361989693475,0.4552399618045526,0.8252000589479718
COD10K-CAM-3-Flying-58-Frogmouth-3611,0.03974459320306778,0.8794464538239528,0.6482151477128734,0.868884473009615
COD10K-CAM-3-Flying-59-Grasshopper-3615,0.0723365768790245,0.8049668481468257,0.5598056341467087,0.8548987843020125
COD10K-CAM-3-Flying-59-Grasshopper-3618,0.09375075995922089,0.47172918765906713,0.08606336523942579,0.8248262769240688
COD10K-CAM-3-Flying-59-Grasshopper-3619,0.09967496991157532,0.7507303448111474,0.6778553522067442,0.697338085590561
COD10K-CAM-3-Flying-59-Grasshopper-3621,0.028652792796492577,0.8546978289911845,0.6784896755301181,0.91025588433979
COD10K-CAM-3-Flying-59-Grasshopper-3622,0.0989610105752945,0.7036989949353774,0.5116030320576125,0.7743782184537784
COD10K-CAM-3-Flying-59-Grasshopper-3625,0.09451749175786972,0.8011611350311458,0.7597844591741476,0.7993273929237772
COD10K-CAM-3-Flying-59-Grasshopper-3627,0.05951867625117302,0.5747709094723306,0.12460604017257676,0.4784924587498006
COD10K-CAM-3-Flying-59-Grasshopper-3629,0.05817308649420738,0.7596234090719964,0.44477663034123965,0.8660599899875697
COD10K-CAM-3-Flying-59-Grasshopper-3630,0.21060027182102203,0.44545171751681484,0.24060632883352875,0.39990998317538473
COD10K-CAM-3-Flying-59-Grasshopper-3632,0.03785020485520363,0.796728477214154,0.4686071836115171,0.8661548694304327
COD10K-CAM-3-Flying-59-Grasshopper-3634,0.022564662620425224,0.6806922666234062,0.23226768258006678,0.7919837810101586
COD10K-CAM-3-Flying-59-Grasshopper-3636,0.038032177835702896,0.8560527384450123,0.5575841210969777,0.8170877051635479
COD10K-CAM-3-Flying-59-Grasshopper-3637,0.061972007155418396,0.5942366831917693,0.20159554591870985,0.6210199072816781
COD10K-CAM-3-Flying-59-Grasshopper-3640,0.07357196509838104,0.44350536612666325,0.008052915869983246,0.7082308562786991
COD10K-CAM-3-Flying-59-Grasshopper-3641,0.019662104547023773,0.7877710767468764,0.4147989663853669,0.8245342193843154
COD10K-CAM-3-Flying-59-Grasshopper-3644,0.07471667230129242,0.6002458035425596,0.39102009318225656,0.5325807346346624
COD10K-CAM-3-Flying-59-Grasshopper-3645,0.03527398034930229,0.8845513368705957,0.6358542168038811,0.9108857101478117
COD10K-CAM-3-Flying-59-Grasshopper-3648,0.0706009790301323,0.6974575112955179,0.39876815509673635,0.8264494951587333
COD10K-CAM-3-Flying-59-Grasshopper-3650,0.0796869695186615,0.621654075193731,0.40557368675392563,0.5875092714432184
COD10K-CAM-3-Flying-59-Grasshopper-3652,0.04352539777755737,0.8922631885470711,0.7534005232679067,0.9284572125615114
COD10K-CAM-3-Flying-59-Grasshopper-3653,0.04486650601029396,0.8081978271632025,0.5605425892480196,0.8739585276379109
COD10K-CAM-3-Flying-59-Grasshopper-3655,0.04272019863128662,0.7183642430425426,0.3672658096150802,0.7748462409890107
COD10K-CAM-3-Flying-59-Grasshopper-3657,0.036111898720264435,0.5497375427571535,0.0687495448129345,0.4538133273531433
COD10K-CAM-3-Flying-59-Grasshopper-3658,0.11766935139894485,0.5366260358914563,0.36836864573622974,0.4545288971415809
COD10K-CAM-3-Flying-59-Grasshopper-3659,0.04457588493824005,0.668499228217468,0.2410539405297633,0.7142112774657672
COD10K-CAM-3-Flying-59-Grasshopper-3661,0.014125111512839794,0.5022079949939077,0.01579934276751233,0.519213195638981
COD10K-CAM-3-Flying-59-Grasshopper-3672,0.13644006848335266,0.6834869495085432,0.6870995437813211,0.6821336549234944
COD10K-CAM-3-Flying-59-Grasshopper-3673,0.051725711673498154,0.7612856646128439,0.6310545095426365,0.8595384961595586
COD10K-CAM-3-Flying-59-Grasshopper-3676,0.05054503679275513,0.6582290125719723,0.1858689682991778,0.6522747176091273
COD10K-CAM-3-Flying-59-Grasshopper-3678,0.019254859536886215,0.7876386154457251,0.35726274643635975,0.8509299378643445
COD10K-CAM-3-Flying-59-Grasshopper-3680,0.08619499206542969,0.5548984391085734,0.3300765614744986,0.5946781154075691
COD10K-CAM-3-Flying-59-Grasshopper-3681,0.07781505584716797,0.8262483848102797,0.7612799013544151,0.8350769218830663
COD10K-CAM-3-Flying-59-Grasshopper-3683,0.04793858900666237,0.8452694256245323,0.5943407980325609,0.8879593300945673
COD10K-CAM-3-Flying-59-Grasshopper-3686,0.18429291248321533,0.5399911502272856,0.3648319981777788,0.5941516779887313
COD10K-CAM-3-Flying-59-Grasshopper-3688,0.05856432020664215,0.7196744959941638,0.3631477199122217,0.7726866697966094
COD10K-CAM-3-Flying-59-Grasshopper-3689,0.05209961161017418,0.6729923632594483,0.25822049932645313,0.8098670523579484
COD10K-CAM-3-Flying-59-Grasshopper-3692,0.08665678650140762,0.5309953350100839,0.28589254815824744,0.6387392459184222
COD10K-CAM-3-Flying-59-Grasshopper-3694,0.04374388977885246,0.6299379717903476,0.3182520136838265,0.5167436105323969
COD10K-CAM-3-Flying-59-Grasshopper-3695,0.02606513537466526,0.6857383479485171,0.22874039875174684,0.7069047849980897
COD10K-CAM-3-Flying-59-Grasshopper-3697,0.042278364300727844,0.762597819274542,0.45042269521633843,0.8539088699501712
COD10K-CAM-3-Flying-59-Grasshopper-3699,0.05316797271370888,0.751337270281429,0.49907383937693645,0.877897022396963
COD10K-CAM-3-Flying-59-Grasshopper-3701,0.04046395421028137,0.852021028407591,0.5767746001295188,0.8888548851221805
COD10K-CAM-3-Flying-59-Grasshopper-3702,0.03819926083087921,0.6575144290628678,0.24558876036473654,0.870050500723978
COD10K-CAM-3-Flying-59-Grasshopper-3706,0.02921157330274582,0.4802765795302646,0.015339335868759841,0.4144290688438178
COD10K-CAM-3-Flying-59-Grasshopper-3707,0.03433931991457939,0.7000992307433298,0.41435906762388497,0.6639558551629912
COD10K-CAM-3-Flying-59-Grasshopper-3708,0.03964333236217499,0.664965470915782,0.3267776894171782,0.8136802058013003
COD10K-CAM-3-Flying-59-Grasshopper-3710,0.06765469163656235,0.6456007668277163,0.30822804198664006,0.47090710317479006
COD10K-CAM-3-Flying-59-Grasshopper-3711,0.07106281816959381,0.5050675252154951,0.07240377332134654,0.6392555667173367
COD10K-CAM-3-Flying-59-Grasshopper-3712,0.045139916241168976,0.7408928059050588,0.3955669535283547,0.8554555618833493
COD10K-CAM-3-Flying-59-Grasshopper-3714,0.02287989668548107,0.4902617510264535,0.014624107069697601,0.2819712243815201
COD10K-CAM-3-Flying-59-Grasshopper-3719,0.02030026726424694,0.5683230604921026,0.12678465809602665,0.5072927649623481
COD10K-CAM-3-Flying-59-Grasshopper-3720,0.056196339428424835,0.8426979280451645,0.624586104110188,0.9026038251175207
COD10K-CAM-3-Flying-59-Grasshopper-3726,0.06586829572916031,0.813975136871058,0.7047931688892013,0.8583358366376878
COD10K-CAM-3-Flying-59-Grasshopper-3727,0.055792875587940216,0.6716022199792419,0.25928445069205674,0.7796018037524547
COD10K-CAM-3-Flying-59-Grasshopper-3729,0.09940729290246964,0.5635640747815582,0.2735912931104108,0.6692678041431243
COD10K-CAM-3-Flying-59-Grasshopper-3732,0.019464261829853058,0.6615509147217047,0.22800660244714988,0.6860082791219446
COD10K-CAM-3-Flying-59-Grasshopper-3733,0.08667568117380142,0.5238385547950863,0.045304087835568184,0.48975192198472395
COD10K-CAM-3-Flying-59-Grasshopper-3734,0.07269299775362015,0.7416201109972367,0.47620035026974256,0.8423216915667451
COD10K-CAM-3-Flying-59-Grasshopper-3736,0.0510694719851017,0.8821094195468482,0.7217542249120754,0.9220835733346927
COD10K-CAM-3-Flying-59-Grasshopper-3737,0.032482441514730453,0.7544552690149989,0.41913231735965056,0.8852968380646966
COD10K-CAM-3-Flying-59-Grasshopper-3740,0.07469542324542999,0.8022972114197895,0.5831124875991511,0.8590538052540674
COD10K-CAM-3-Flying-59-Grasshopper-3741,0.07955848425626755,0.7577403825447786,0.5348667095386701,0.83879851315506
COD10K-CAM-3-Flying-59-Grasshopper-3744,0.059698931872844696,0.46362858652672445,0.012996055931529834,0.6398589624117024
COD10K-CAM-3-Flying-59-Grasshopper-3745,0.10238171368837357,0.8180593023075742,0.7621810934031565,0.8218948233120295
COD10K-CAM-3-Flying-59-Grasshopper-3747,0.044882338494062424,0.4733563408873242,0.0010841735661186055,0.3604262099787404
COD10K-CAM-3-Flying-59-Grasshopper-3756,0.0634889230132103,0.4975370419055773,0.08070581898138156,0.417445864296972
COD10K-CAM-3-Flying-59-Grasshopper-3758,0.10273495316505432,0.6936748019517344,0.37161236339003695,0.7021210120252237
COD10K-CAM-3-Flying-59-Grasshopper-3759,0.031375035643577576,0.5571655253495638,0.0816546629158038,0.5381715028644812
COD10K-CAM-3-Flying-59-Grasshopper-3760,0.05495307222008705,0.8250407550553217,0.6719748214182432,0.7793332917948002
COD10K-CAM-3-Flying-59-Grasshopper-3761,0.055172454565763474,0.5920541435560136,0.14133608426689617,0.6569934014369851
COD10K-CAM-3-Flying-59-Grasshopper-3762,0.07911818474531174,0.7991162240416998,0.7209409002258127,0.7810835587601896
COD10K-CAM-3-Flying-59-Grasshopper-3764,0.1696803867816925,0.5973830087664542,0.3283122239993607,0.7875493886244243
COD10K-CAM-3-Flying-59-Grasshopper-3768,0.08112742006778717,0.7636703689246682,0.4604789887055959,0.8290777872776307
COD10K-CAM-3-Flying-59-Grasshopper-3769,0.024366388097405434,0.6260289499807908,0.10651077526677079,0.6622293382344986
COD10K-CAM-3-Flying-59-Grasshopper-3771,0.08669397979974747,0.4469790049289589,0.022402464261597307,0.7444566049641483
COD10K-CAM-3-Flying-59-Grasshopper-3772,0.046237532049417496,0.6223629800173474,0.18963199155267638,0.6737155868944393
COD10K-CAM-3-Flying-59-Grasshopper-3773,0.04376201704144478,0.7126112517796094,0.35383628445110044,0.7900202464595291
COD10K-CAM-3-Flying-59-Grasshopper-3775,0.02037743292748928,0.5630665690101122,0.13042513031775527,0.7591061615832801
COD10K-CAM-3-Flying-59-Grasshopper-3776,0.0517943799495697,0.6713574414299106,0.4657281858437578,0.7104082256850672
COD10K-CAM-3-Flying-59-Grasshopper-3777,0.0640602633357048,0.5579508985107049,0.05577260794322807,0.39076709959280653
COD10K-CAM-3-Flying-59-Grasshopper-3778,0.13808093965053558,0.55865740340611,0.10304029069260898,0.4564661230898279
COD10K-CAM-3-Flying-59-Grasshopper-3780,0.1421600580215454,0.4709630754628943,0.2752326062596628,0.46557147046373165
COD10K-CAM-3-Flying-59-Grasshopper-3784,0.0313558392226696,0.5192202322676954,0.051250347390041,0.3161192395887849
COD10K-CAM-3-Flying-59-Grasshopper-3786,0.04847148060798645,0.7764192740474312,0.7048913875786283,0.9251036046274421
COD10K-CAM-3-Flying-59-Grasshopper-3788,0.01768277958035469,0.6973018784825356,0.1896430690943529,0.7413927190714391
COD10K-CAM-3-Flying-59-Grasshopper-3790,0.11574326455593109,0.6742313879258068,0.329879450643343,0.719358073255419
COD10K-CAM-3-Flying-59-Grasshopper-3792,0.09238110482692719,0.4656867406329493,0.03544300470507964,0.3345967978996126
COD10K-CAM-3-Flying-59-Grasshopper-3795,0.05179009214043617,0.6630572842088702,0.2913351266150089,0.800714661437663
COD10K-CAM-3-Flying-59-Grasshopper-3796,0.031643327325582504,0.6264015022450633,0.18948312750604684,0.7234981154709521
COD10K-CAM-3-Flying-59-Grasshopper-3799,0.06166378781199455,0.7236400324630499,0.4829130989892378,0.812079841617434
COD10K-CAM-3-Flying-59-Grasshopper-3802,0.018537182360887527,0.6418684496735829,0.20000024741046515,0.6416194723361943
COD10K-CAM-3-Flying-59-Grasshopper-3804,0.0720270648598671,0.8058725665917226,0.6600260543100402,0.8916802976921852
COD10K-CAM-3-Flying-59-Grasshopper-3808,0.042350415140390396,0.9072922773098686,0.7945666932366897,0.9281053184045898
COD10K-CAM-3-Flying-59-Grasshopper-3810,0.08704999089241028,0.7674743924058632,0.5857161543951677,0.8139929268600214
COD10K-CAM-3-Flying-59-Grasshopper-3811,0.08186202496290207,0.6849489760822957,0.4789854249092308,0.7688040061845507
COD10K-CAM-3-Flying-59-Grasshopper-3813,0.06689630448818207,0.8778020368178829,0.6568635952499139,0.8477254815762078
COD10K-CAM-3-Flying-59-Grasshopper-3814,0.07751739770174026,0.7920138511329431,0.7658482958149468,0.8063650292244288
COD10K-CAM-3-Flying-59-Grasshopper-3815,0.09307725727558136,0.6108013011664317,0.14248910360953734,0.5306534340793656
COD10K-CAM-3-Flying-59-Grasshopper-3818,0.05377185717225075,0.8839404307838814,0.724488763313958,0.9064784640675868
COD10K-CAM-3-Flying-59-Grasshopper-3820,0.013555477373301983,0.7677423742049012,0.44245660880933263,0.9084963590061329
COD10K-CAM-3-Flying-59-Grasshopper-3824,0.07293771952390671,0.819741621615899,0.7915930626823205,0.8527627342015005
COD10K-CAM-3-Flying-59-Grasshopper-3825,0.06958795338869095,0.6220831334176401,0.19167983039271413,0.6787382748960527
COD10K-CAM-3-Flying-59-Grasshopper-3828,0.09485405683517456,0.7034302136511902,0.4665971416084793,0.607164430447863
COD10K-CAM-3-Flying-59-Grasshopper-3831,0.044896967709064484,0.7757123619254574,0.5251170645971063,0.8339463851289328
COD10K-CAM-3-Flying-59-Grasshopper-3834,0.031164944171905518,0.8682215320919444,0.6140040690092032,0.9250659705230935
COD10K-CAM-3-Flying-59-Grasshopper-3840,0.09224028885364532,0.7945502871195264,0.5450965211151428,0.862460220960861
COD10K-CAM-3-Flying-59-Grasshopper-3845,0.0786835178732872,0.5417729837600161,0.18541514350595095,0.7718241018581689
COD10K-CAM-3-Flying-59-Grasshopper-3847,0.16674493253231049,0.5106704945775675,0.42721453388035924,0.6521736640239275
COD10K-CAM-3-Flying-59-Grasshopper-3849,0.05900049954652786,0.6953268113412654,0.38705931712373354,0.8781669328089874
COD10K-CAM-3-Flying-59-Grasshopper-3850,0.060672324150800705,0.7093209993450893,0.3687337949970026,0.8413896043337012
COD10K-CAM-3-Flying-59-Grasshopper-3853,0.08474981039762497,0.4634240837122217,0.062336015730636705,0.7474507166099735
COD10K-CAM-3-Flying-59-Grasshopper-3856,0.09197413176298141,0.726518554468152,0.742795683195818,0.7461223732730051
COD10K-CAM-3-Flying-59-Grasshopper-3857,0.04899144917726517,0.7924299396381536,0.5521684199109185,0.9091608960110544
COD10K-CAM-3-Flying-59-Grasshopper-3859,0.03168515861034393,0.9166598591436137,0.6538631380628857,0.9219565354658185
COD10K-CAM-3-Flying-59-Grasshopper-3863,0.04538433626294136,0.7430479129438725,0.2886079995289359,0.7615825245872296
COD10K-CAM-3-Flying-59-Grasshopper-3866,0.055018432438373566,0.8535030027019439,0.6741178245971418,0.9080885523286846
COD10K-CAM-3-Flying-59-Grasshopper-3870,0.0424487479031086,0.8874143712435023,0.6649664951938095,0.9023494548060322
COD10K-CAM-3-Flying-59-Grasshopper-3872,0.06093355268239975,0.6996527582316256,0.3840917679271952,0.8184351749611862
COD10K-CAM-3-Flying-59-Grasshopper-3873,0.08620034158229828,0.7615149580770892,0.4848983132574204,0.8232371641462469
COD10K-CAM-3-Flying-59-Grasshopper-3874,0.0692223608493805,0.8356644874983516,0.6836984091329431,0.8044072229624348
COD10K-CAM-3-Flying-59-Grasshopper-3875,0.044039998203516006,0.8992252746930354,0.70910419125422,0.9088872735817027
COD10K-CAM-3-Flying-59-Grasshopper-3876,0.044538408517837524,0.79120071227641,0.41622145064235655,0.8048361543554946
COD10K-CAM-3-Flying-59-Grasshopper-3877,0.074787937104702,0.6545994815142239,0.4102122559666726,0.7418906133551426
COD10K-CAM-3-Flying-59-Grasshopper-3880,0.04599841684103012,0.5735744437238727,0.10663687155450943,0.6191129088675275
COD10K-CAM-3-Flying-60-Heron-3881,0.015695204958319664,0.49005925086157015,0.006620180875007195,0.3901988060735855
COD10K-CAM-3-Flying-60-Heron-3884,0.017607470974326134,0.6862581721739469,0.34725779751775737,0.8185720218234578
COD10K-CAM-3-Flying-60-Heron-3885,0.06547970324754715,0.47649179621394794,0.03620397114172472,0.666605578828888
COD10K-CAM-3-Flying-60-Heron-3886,0.018564287573099136,0.5111727169360327,0.014407345193236594,0.5148815940313499
COD10K-CAM-3-Flying-60-Heron-3888,0.024755943566560745,0.5466150394248322,0.11372403339728501,0.3708070358791219
COD10K-CAM-3-Flying-60-Heron-3889,0.05477112904191017,0.476196566967512,0.0700693041094838,0.5531515287831422
COD10K-CAM-3-Flying-60-Heron-3891,0.05676981061697006,0.5091137306054175,0.031890151703964545,0.4444258701514227
COD10K-CAM-3-Flying-60-Heron-3892,0.011971155181527138,0.5672545206628312,0.15209454996671856,0.7078155341985806
COD10K-CAM-3-Flying-60-Heron-3893,0.019394902512431145,0.508854168432937,0.02855290212772246,0.3278855993774288
COD10K-CAM-3-Flying-60-Heron-3895,0.07662712782621384,0.6373691904871296,0.22298910551201637,0.6847214382064902
COD10K-CAM-3-Flying-60-Heron-3898,0.05864754319190979,0.6733205579358176,0.3453518813692528,0.8625066913673703
COD10K-CAM-3-Flying-60-Heron-3900,0.09632672369480133,0.4568875111321221,0.05112590073346945,0.7150075818507334
COD10K-CAM-3-Flying-60-Heron-3901,0.04285283386707306,0.6650318543418217,0.28583045363535076,0.7786315185369035
COD10K-CAM-3-Flying-60-Heron-3906,0.061390139162540436,0.82043771774573,0.5171012746824499,0.7485710412205886
COD10K-CAM-3-Flying-60-Heron-3909,0.07135370373725891,0.5143450902956128,0.0898823100803705,0.6987366202062322
COD10K-CAM-3-Flying-60-Heron-3911,0.021019382402300835,0.541158242049956,0.10908150420049334,0.6130768559430864
COD10K-CAM-3-Flying-60-Heron-3912,0.003592952387407422,0.5002929850282082,0.0008431653316390828,0.25481737871077786
COD10K-CAM-3-Flying-60-Heron-3918,0.032460376620292664,0.6139819979830435,0.1471552877044913,0.7140246738747006
COD10K-CAM-3-Flying-60-Heron-3921,0.027839120477437973,0.555281244027284,0.039991041318801275,0.5599604940334955
COD10K-CAM-3-Flying-60-Heron-3922,0.04365787282586098,0.5615356886655778,0.12325963630198959,0.503208431712282
COD10K-CAM-3-Flying-60-Heron-3925,0.05453575775027275,0.6159328007955578,0.15538164253312448,0.6092125867298219
COD10K-CAM-3-Flying-60-Heron-3927,0.02748633734881878,0.8077743629151719,0.34478609493044077,0.8091116441846301
COD10K-CAM-3-Flying-60-Heron-3928,0.07865505665540695,0.7490865464985377,0.3392093347404246,0.7492120424692585
COD10K-CAM-3-Flying-61-Katydid-3939,0.09448588639497757,0.714884400102545,0.4245681775843462,0.7838958053040921
COD10K-CAM-3-Flying-61-Katydid-3942,0.06291161477565765,0.7860334922993769,0.6477002542728313,0.8638523723273519
COD10K-CAM-3-Flying-61-Katydid-3949,0.11844806373119354,0.43901117968065667,0.019061080259471348,0.5846055099050274
COD10K-CAM-3-Flying-61-Katydid-3950,0.05134723335504532,0.9069766786482978,0.8105061644200546,0.8899940958156873
COD10K-CAM-3-Flying-61-Katydid-3951,0.05199269577860832,0.8052217064012108,0.6130167759596098,0.9077709826151468
COD10K-CAM-3-Flying-61-Katydid-3952,0.1580207645893097,0.5731419137569351,0.29070455201578876,0.7594402526818325
COD10K-CAM-3-Flying-61-Katydid-3956,0.07363874465227127,0.7757116182729694,0.7285770884483067,0.8323133204168063
COD10K-CAM-3-Flying-61-Katydid-3958,0.05842405557632446,0.5227452766889404,0.11595906060446812,0.5892347537964493
COD10K-CAM-3-Flying-61-Katydid-3962,0.1560671180486679,0.6576111471697736,0.5803964424228553,0.6023537955694959
COD10K-CAM-3-Flying-61-Katydid-3964,0.11418747156858444,0.5818103505437783,0.3394426915883725,0.6546244328969981
COD10K-CAM-3-Flying-61-Katydid-3965,0.1560058295726776,0.6489997184500406,0.44423267343481215,0.7586512808682073
COD10K-CAM-3-Flying-61-Katydid-3968,0.09889040887355804,0.6399451865018186,0.28052547859537474,0.7739131565038818
COD10K-CAM-3-Flying-61-Katydid-3971,0.17940321564674377,0.6541332450698545,0.7170844981191542,0.6728890154179502
COD10K-CAM-3-Flying-61-Katydid-3976,0.10374786704778671,0.6497378282540965,0.27519817201718433,0.7653788432690446
COD10K-CAM-3-Flying-61-Katydid-3979,0.11344881355762482,0.7797698677237841,0.7437399934314438,0.7540423118598174
COD10K-CAM-3-Flying-61-Katydid-3980,0.16217274963855743,0.5682512501776791,0.37628970264145095,0.7558227161769464
COD10K-CAM-3-Flying-61-Katydid-3982,0.05408153682947159,0.6917567035046507,0.39038929372289766,0.8451198844308997
COD10K-CAM-3-Flying-61-Katydid-3983,0.06047890707850456,0.7316024382129167,0.49990765773296564,0.8240692861025731
COD10K-CAM-3-Flying-61-Katydid-3987,0.09994208067655563,0.7272920265564222,0.5851828057626114,0.7717093085994562
COD10K-CAM-3-Flying-61-Katydid-3988,0.05828440561890602,0.4678830027267302,0.021558267784796158,0.7365202317653017
COD10K-CAM-3-Flying-61-Katydid-3990,0.10178416967391968,0.4239864112924537,0.009259090246262628,0.6052156575100405
COD10K-CAM-3-Flying-61-Katydid-3993,0.025185532867908478,0.9155754020612477,0.7705910830311254,0.9563620424936246
COD10K-CAM-3-Flying-61-Katydid-3994,0.09867246448993683,0.6350904006949863,0.2596109081861054,0.6658873344412228
COD10K-CAM-3-Flying-61-Katydid-4003,0.10462048649787903,0.682429265238825,0.3833945461968551,0.7803326257322365
COD10K-CAM-3-Flying-61-Katydid-4004,0.10261084139347076,0.45320420401832806,0.007034257387863584,0.4691812721544288
COD10K-CAM-3-Flying-61-Katydid-4006,0.05643071234226227,0.5204296467979324,0.18381024636637244,0.6682955258682435
COD10K-CAM-3-Flying-61-Katydid-4008,0.12223180383443832,0.6545403636315572,0.46157949817901844,0.7125669039358504
COD10K-CAM-3-Flying-61-Katydid-4014,0.06967532634735107,0.45072719358840496,0.02651939001966692,0.32888786251212154
COD10K-CAM-3-Flying-61-Katydid-4016,0.13277272880077362,0.6449104930133897,0.459768956718543,0.741726683843447
COD10K-CAM-3-Flying-61-Katydid-4020,0.05864547938108444,0.8874722994215809,0.7413584834963834,0.9043648398287674
COD10K-CAM-3-Flying-61-Katydid-4021,0.11583533138036728,0.4900125163335356,0.16117441699503515,0.7962156854817628
COD10K-CAM-3-Flying-61-Katydid-4022,0.0702236145734787,0.7665136519581012,0.49002923476967175,0.8676882612484489
COD10K-CAM-3-Flying-61-Katydid-4023,0.10867144167423248,0.7039611034007256,0.4567644852276782,0.8311541554991712
COD10K-CAM-3-Flying-61-Katydid-4025,0.07214707881212234,0.85856165716069,0.7173174280212637,0.8882041019192107
COD10K-CAM-3-Flying-61-Katydid-4027,0.036330342292785645,0.8993994028808611,0.6863074657158705,0.9152668541737358
COD10K-CAM-3-Flying-61-Katydid-4035,0.08892179280519485,0.6967381180356502,0.3563185819033431,0.7931850851277014
COD10K-CAM-3-Flying-61-Katydid-4037,0.05098247900605202,0.7503991846634687,0.3917635943958826,0.8419027839152913
COD10K-CAM-3-Flying-61-Katydid-4042,0.0460430309176445,0.6014515389688185,0.19503780961685727,0.7290168663587092
COD10K-CAM-3-Flying-61-Katydid-4045,0.06694677472114563,0.7646123624810093,0.5718721224615912,0.8706346455452388
COD10K-CAM-3-Flying-61-Katydid-4047,0.042582668364048004,0.6418768007550658,0.29780019110750744,0.8359086606428165
COD10K-CAM-3-Flying-61-Katydid-4051,0.06031583249568939,0.747760733740813,0.4845951761787697,0.8288120505920795
COD10K-CAM-3-Flying-61-Katydid-4054,0.17585837841033936,0.6033029406378307,0.566970842669437,0.5972115998864858
COD10K-CAM-3-Flying-61-Katydid-4059,0.0826525092124939,0.46469264494607776,0.044466077015607966,0.7096419080823302
COD10K-CAM-3-Flying-61-Katydid-4060,0.06574803590774536,0.8593256585632398,0.7635062631017638,0.8744542130762383
COD10K-CAM-3-Flying-61-Katydid-4062,0.11151061207056046,0.6540765950529024,0.36197980325512125,0.7397808047959744
COD10K-CAM-3-Flying-61-Katydid-4063,0.06513725966215134,0.5678963865654794,0.23308094881936497,0.8290802609119143
COD10K-CAM-3-Flying-61-Katydid-4064,0.05018681660294533,0.763862106786535,0.4769611859556004,0.9058759607267671
COD10K-CAM-3-Flying-61-Katydid-4068,0.06037568300962448,0.7927725925755171,0.5826593090096676,0.840958437103751
COD10K-CAM-3-Flying-61-Katydid-4073,0.03272957727313042,0.4674282416150524,4.760340739023298e-05,0.2633550950457684
COD10K-CAM-3-Flying-61-Katydid-4074,0.11120173335075378,0.6149122557245092,0.18065693311754158,0.5710934865265749
COD10K-CAM-3-Flying-61-Katydid-4075,0.06897079199552536,0.5461935940953977,0.09676106011496749,0.4842725087151708
COD10K-CAM-3-Flying-61-Katydid-4077,0.0273003987967968,0.5926453770235882,0.0874592294822069,0.47449341547316815
COD10K-CAM-3-Flying-61-Katydid-4080,0.14612561464309692,0.4375278508351682,0.006993029323307709,0.29168943084843096
COD10K-CAM-3-Flying-61-Katydid-4082,0.0841672345995903,0.8115920817394678,0.5616380151506354,0.8596002731195103
COD10K-CAM-3-Flying-61-Katydid-4085,0.09618715941905975,0.7155057407009011,0.4846474832436838,0.8511982935885234
COD10K-CAM-3-Flying-61-Katydid-4086,0.06812071055173874,0.8500298371725604,0.7100117721885374,0.906511349849281
COD10K-CAM-3-Flying-61-Katydid-4087,0.055476199835538864,0.8363031708583428,0.7415303662052909,0.9075086343225283
COD10K-CAM-3-Flying-61-Katydid-4091,0.029568703845143318,0.6526352950689385,0.16410154722571457,0.5491870179437043
COD10K-CAM-3-Flying-61-Katydid-4093,0.06737472116947174,0.8296598016549666,0.6447521371705754,0.8806402190158908
COD10K-CAM-3-Flying-61-Katydid-4094,0.09397978335618973,0.6767686648567639,0.3559906859856555,0.8301135070509525
COD10K-CAM-3-Flying-61-Katydid-4101,0.04874057695269585,0.8223513503795001,0.6440240919086143,0.9092472465046332
COD10K-CAM-3-Flying-61-Katydid-4102,0.040313053876161575,0.4816464523382476,0.01345782729055606,0.5718918652132352
COD10K-CAM-3-Flying-61-Katydid-4107,0.04285711422562599,0.6737821865960056,0.2968110896690319,0.8330141792425351
COD10K-CAM-3-Flying-61-Katydid-4108,0.08742354810237885,0.6935561701458735,0.3328577795007942,0.7504660655805553
COD10K-CAM-3-Flying-61-Katydid-4110,0.13243085145950317,0.578273802607975,0.4128998751382361,0.5277170034630758
COD10K-CAM-3-Flying-61-Katydid-4111,0.1452459990978241,0.4723339737475104,0.08905327934262293,0.4174348841753025
COD10K-CAM-3-Flying-61-Katydid-4112,0.04775474593043327,0.7371656648584184,0.4010349364098321,0.8638065899845588
COD10K-CAM-3-Flying-61-Katydid-4115,0.19201983511447906,0.6643005984492967,0.5891236397168751,0.5909612214041228
COD10K-CAM-3-Flying-61-Katydid-4117,0.06747778505086899,0.5234748755561327,0.12702320499581965,0.7500137678532606
COD10K-CAM-3-Flying-61-Katydid-4118,0.15445242822170258,0.6700852496463827,0.6239155376066985,0.6436703301530222
COD10K-CAM-3-Flying-61-Katydid-4121,0.09416091442108154,0.4481871508288902,0.012824888466070227,0.6417420352605887
COD10K-CAM-3-Flying-61-Katydid-4122,0.07825687527656555,0.5326096223054128,0.08553749485317934,0.45430966278777735
COD10K-CAM-3-Flying-61-Katydid-4125,0.041863832622766495,0.6646120066270437,0.3911436549829854,0.8975884956684382
COD10K-CAM-3-Flying-61-Katydid-4126,0.09010794013738632,0.442307086368349,0.0002531572044528472,0.4103613454286281
COD10K-CAM-3-Flying-61-Katydid-4130,0.09352078288793564,0.6988030713708164,0.5992306108010739,0.7405310591284118
COD10K-CAM-3-Flying-61-Katydid-4131,0.073540598154068,0.8457078439863347,0.7706311400865412,0.8402293380950454
COD10K-CAM-3-Flying-61-Katydid-4133,0.0763111487030983,0.8009019172164709,0.7359188176561117,0.8214359781313723
COD10K-CAM-3-Flying-61-Katydid-4141,0.13002032041549683,0.6561133759584037,0.354617104040014,0.795478553000712
COD10K-CAM-3-Flying-61-Katydid-4142,0.04336991161108017,0.7609275930104691,0.4811996924734388,0.8671749646554433
COD10K-CAM-3-Flying-61-Katydid-4144,0.1192200779914856,0.6430980405191613,0.419428322035339,0.8073573221364346
COD10K-CAM-3-Flying-61-Katydid-4145,0.07202925533056259,0.7223374918008296,0.43578615270092497,0.8476672103381606
COD10K-CAM-3-Flying-61-Katydid-4147,0.10376511514186859,0.7039372183984847,0.4493958416475496,0.7351535556420195
COD10K-CAM-3-Flying-61-Katydid-4153,0.0477428138256073,0.5856709739628755,0.15828678600859203,0.7203697875156088
COD10K-CAM-3-Flying-61-Katydid-4154,0.11161414533853531,0.7697598785956763,0.827577194949959,0.7774952636694106
COD10K-CAM-3-Flying-61-Katydid-4155,0.06932052969932556,0.7915530116776025,0.707746163946556,0.8382501887818999
COD10K-CAM-3-Flying-61-Katydid-4156,0.07904115319252014,0.6074003816065879,0.3322578025665648,0.6094282830571506
COD10K-CAM-3-Flying-61-Katydid-4159,0.06859921663999557,0.618445445554485,0.376285460029932,0.6967865788085964
COD10K-CAM-3-Flying-61-Katydid-4160,0.05953092873096466,0.8604293841995749,0.6749060838833109,0.9094155199195824
COD10K-CAM-3-Flying-61-Katydid-4161,0.09361156821250916,0.7263879991144748,0.40291562930088226,0.8156203842580336
COD10K-CAM-3-Flying-61-Katydid-4162,0.12818647921085358,0.49683465586926673,0.16078511139013268,0.7783962127937747
COD10K-CAM-3-Flying-61-Katydid-4166,0.07471839338541031,0.744747667791202,0.4724932315158333,0.8392834124827879
COD10K-CAM-3-Flying-61-Katydid-4167,0.07184473425149918,0.8006887667462607,0.6684194152768155,0.8374651988422237
COD10K-CAM-3-Flying-61-Katydid-4173,0.04805485159158707,0.7667778509600516,0.4644068983047487,0.8401435769362119
COD10K-CAM-3-Flying-61-Katydid-4174,0.03478269279003143,0.4829816436499185,0.004025174095636635,0.44607015721784893
COD10K-CAM-3-Flying-61-Katydid-4176,0.049459945410490036,0.7536301046468991,0.555660417076297,0.8480039906549929
COD10K-CAM-3-Flying-61-Katydid-4177,0.10160459578037262,0.4328995542546964,0.02509991715144886,0.8021034842930233
COD10K-CAM-3-Flying-61-Katydid-4180,0.10941999405622482,0.4494291305037759,0.04077075982579401,0.7480639231327242
COD10K-CAM-3-Flying-61-Katydid-4189,0.10371959954500198,0.6654354168270227,0.2786790400212318,0.7158053532717745
COD10K-CAM-3-Flying-61-Katydid-4191,0.1274581402540207,0.7105899410622916,0.6107239836527956,0.7030785325928561
COD10K-CAM-3-Flying-61-Katydid-4193,0.12971092760562897,0.7885987392023179,0.6557327155556519,0.7933998703099123
COD10K-CAM-3-Flying-61-Katydid-4196,0.13207483291625977,0.5062232834368964,0.21662830678769254,0.48114385208578203
COD10K-CAM-3-Flying-61-Katydid-4198,0.15699872374534607,0.6336122669909039,0.4426627765181588,0.7525270036549362
COD10K-CAM-3-Flying-61-Katydid-4201,0.04738660156726837,0.7879321374605781,0.5202556580763724,0.8147459221372378
COD10K-CAM-3-Flying-61-Katydid-4203,0.0845981165766716,0.5932690648234352,0.15479449332826373,0.7142532964339086
COD10K-CAM-3-Flying-61-Katydid-4204,0.05818016827106476,0.7039026178703305,0.35586510510980224,0.8433208390469102
COD10K-CAM-3-Flying-61-Katydid-4205,0.07055296748876572,0.47542596034490436,0.06306200863164964,0.6945976564856853
COD10K-CAM-3-Flying-61-Katydid-4206,0.05946805328130722,0.4568942619195717,0.013695957255396808,0.2914357892424587
COD10K-CAM-3-Flying-61-Katydid-4209,0.05254751443862915,0.7226309066325731,0.35121186579122315,0.8248908760534862
COD10K-CAM-3-Flying-61-Katydid-4215,0.06525339186191559,0.676031753480659,0.5245753177579493,0.7062968247648809
COD10K-CAM-3-Flying-61-Katydid-4216,0.09836791455745697,0.44625987927942057,0.012256504645453265,0.30886626221867725
COD10K-CAM-3-Flying-61-Katydid-4218,0.024944854900240898,0.7385586826460258,0.4666582623367985,0.6359570639355124
COD10K-CAM-3-Flying-61-Katydid-4219,0.09161187708377838,0.803987349379072,0.6094144061014134,0.8438619423210336
COD10K-CAM-3-Flying-61-Katydid-4220,0.04224071651697159,0.6093336860805412,0.17181001078384275,0.589417848527492
COD10K-CAM-3-Flying-61-Katydid-4221,0.031129131093621254,0.5211731213562536,0.06341644105946102,0.32002190213553516
COD10K-CAM-3-Flying-61-Katydid-4222,0.035299673676490784,0.492542841877541,0.032201281996975674,0.5160879799493914
COD10K-CAM-3-Flying-61-Katydid-4224,0.25289386510849,0.47115412424003184,0.05193402905068764,0.3807246149785044
COD10K-CAM-3-Flying-61-Katydid-4225,0.08356583118438721,0.6408663403356697,0.30471373448810746,0.8324250160412041
COD10K-CAM-3-Flying-61-Katydid-4228,0.0532478429377079,0.9275116733403777,0.8066052930381794,0.9042840960123655
COD10K-CAM-3-Flying-61-Katydid-4229,0.13444191217422485,0.6818385909461879,0.3378753239843566,0.7083094764273936
COD10K-CAM-3-Flying-61-Katydid-4230,0.09328506886959076,0.762308412739451,0.46277812051468054,0.8350862832083155
COD10K-CAM-3-Flying-61-Katydid-4231,0.06735384464263916,0.7665856090708196,0.4284322485205909,0.8383908994641195
COD10K-CAM-3-Flying-61-Katydid-4232,0.09317076206207275,0.7391656341729904,0.5695496759878634,0.8151905111880449
COD10K-CAM-3-Flying-61-Katydid-4234,0.07915022224187851,0.7233834106957258,0.4305451622796337,0.8121057291050081
COD10K-CAM-3-Flying-61-Katydid-4237,0.06920003145933151,0.6827084051934736,0.5034791281905335,0.7542854775902459
COD10K-CAM-3-Flying-61-Katydid-4238,0.14744868874549866,0.4798125695365716,0.12756687916868792,0.6526479768238912
COD10K-CAM-3-Flying-61-Katydid-4240,0.11513025313615799,0.5382388874997716,0.17355143572632709,0.5634983864783832
COD10K-CAM-3-Flying-61-Katydid-4241,0.07927468419075012,0.8325335860055258,0.8079647126121413,0.840204033895314
COD10K-CAM-3-Flying-61-Katydid-4242,0.04710489511489868,0.7336208061589595,0.5199513079398911,0.8810129556779575
COD10K-CAM-3-Flying-61-Katydid-4244,0.07841839641332626,0.7527014990518262,0.5703056993736759,0.82172437453276
COD10K-CAM-3-Flying-62-Mantis-4245,0.08691947907209396,0.5389095604527359,0.1405804900261054,0.5015200040594344
COD10K-CAM-3-Flying-62-Mantis-4247,0.06581385433673859,0.6333265188316656,0.16409317255064682,0.6271588619990036
COD10K-CAM-3-Flying-62-Mantis-4248,0.07602246850728989,0.5920337425718996,0.1878180753260469,0.6923030781307332
COD10K-CAM-3-Flying-62-Mantis-4253,0.10203284025192261,0.4994380776403773,0.10023133412963584,0.7779566331706869
COD10K-CAM-3-Flying-62-Mantis-4255,0.12216958403587341,0.4533712701395285,0.06930399839989276,0.49621820502293407
COD10K-CAM-3-Flying-62-Mantis-4256,0.042145028710365295,0.7254993094973223,0.4789177242978595,0.829614388932082
COD10K-CAM-3-Flying-62-Mantis-4258,0.09675616770982742,0.6822939710573621,0.5544722809076639,0.6487616081718289
COD10K-CAM-3-Flying-62-Mantis-4262,0.035199034959077835,0.7017593161443733,0.19277414175339164,0.6834039778105947
COD10K-CAM-3-Flying-62-Mantis-4265,0.05517956614494324,0.5061729157293149,0.07365021100102564,0.4963318868019676
COD10K-CAM-3-Flying-62-Mantis-4268,0.09425001591444016,0.5066902962681634,0.05387584960974124,0.47545231657531767
COD10K-CAM-3-Flying-62-Mantis-4270,0.19799308478832245,0.38073278222234175,0.05324283875305769,0.6538802397376771
COD10K-CAM-3-Flying-62-Mantis-4272,0.1105940043926239,0.6661268842620803,0.4951100242064959,0.7368097349224099
COD10K-CAM-3-Flying-62-Mantis-4274,0.056501295417547226,0.7943701650215216,0.5031298706256745,0.8492724135673612
COD10K-CAM-3-Flying-62-Mantis-4276,0.04424095153808594,0.6513553601401658,0.3161659599932044,0.7902602158059623
COD10K-CAM-3-Flying-62-Mantis-4278,0.07181786000728607,0.6552649135603041,0.3079643581627038,0.8658425798884639
COD10K-CAM-3-Flying-62-Mantis-4279,0.08279742300510406,0.631990092891092,0.37334954816967547,0.8666154696708301
COD10K-CAM-3-Flying-62-Mantis-4281,0.20303025841712952,0.568808240405771,0.5394915050019089,0.5488365802174175
COD10K-CAM-3-Flying-62-Mantis-4283,0.1407451331615448,0.6803611984266564,0.6426676289860023,0.6793770904429364
COD10K-CAM-3-Flying-62-Mantis-4285,0.037613965570926666,0.6579038211980908,0.20777285465032694,0.7716510840555418
COD10K-CAM-3-Flying-62-Mantis-4287,0.0671323761343956,0.7332737539167523,0.2825137734572268,0.7050338085667278
COD10K-CAM-3-Flying-62-Mantis-4288,0.042694833129644394,0.7887367456617566,0.46575456739270266,0.8715852949582815
COD10K-CAM-3-Flying-62-Mantis-4296,0.029820209369063377,0.6650970638215001,0.21590514834245916,0.7572941351679592
COD10K-CAM-3-Flying-62-Mantis-4297,0.06382621079683304,0.5865434698680991,0.3016469620026621,0.8162096248992126
COD10K-CAM-3-Flying-62-Mantis-4301,0.06530563533306122,0.7449026131650078,0.41173788108840587,0.6884525350752106
COD10K-CAM-3-Flying-62-Mantis-4302,0.08107862621545792,0.7043181619115102,0.34364093095543735,0.7886693164750123
COD10K-CAM-3-Flying-62-Mantis-4307,0.1246316134929657,0.6558679444589062,0.5118362037839448,0.6324380730026772
COD10K-CAM-3-Flying-62-Mantis-4308,0.036409661173820496,0.5080689153211009,0.04979536218391221,0.43570761643138745
COD10K-CAM-3-Flying-62-Mantis-4310,0.030886953696608543,0.48910233085881816,0.026624796499616472,0.42476936341406313
COD10K-CAM-3-Flying-62-Mantis-4313,0.06641566753387451,0.6870136575627038,0.28076131503033314,0.7591414222247694
COD10K-CAM-3-Flying-62-Mantis-4314,0.0553632490336895,0.5915565695404016,0.2717816279354817,0.8229012473919847
COD10K-CAM-3-Flying-62-Mantis-4315,0.0527060441672802,0.7198690890335462,0.4551715741033007,0.8433834253576415
COD10K-CAM-3-Flying-62-Mantis-4316,0.12130142003297806,0.641557447109021,0.4979454249078271,0.7091970660435991
COD10K-CAM-3-Flying-62-Mantis-4319,0.07722792774438858,0.7499767339860479,0.5212696338341585,0.7710518194781117
COD10K-CAM-3-Flying-62-Mantis-4321,0.046617649495601654,0.6834542594683991,0.2626647987010466,0.7380283212425622
COD10K-CAM-3-Flying-62-Mantis-4325,0.06512759625911713,0.6760867820176194,0.3130310142450147,0.8284507664404378
COD10K-CAM-3-Flying-62-Mantis-4328,0.12483351677656174,0.5963124565391489,0.20068719274091681,0.6230371099422232
COD10K-CAM-3-Flying-62-Mantis-4330,0.05891062319278717,0.7722558695991608,0.4915740718085682,0.8457990052212956
COD10K-CAM-3-Flying-62-Mantis-4339,0.08822699636220932,0.6918398675269772,0.5078255997501572,0.739185796993904
COD10K-CAM-3-Flying-62-Mantis-4341,0.06301025301218033,0.5071665380938373,0.042779799206145594,0.4019818037168426
COD10K-CAM-3-Flying-62-Mantis-4342,0.13610129058361053,0.5703430811095259,0.3108035670485154,0.5558686812096237
COD10K-CAM-3-Flying-62-Mantis-4344,0.07724406570196152,0.5934693186034736,0.34106974754315156,0.7563661606510609
COD10K-CAM-3-Flying-62-Mantis-4346,0.09135688096284866,0.5694100347814272,0.40375741178265345,0.4598791233949532
COD10K-CAM-3-Flying-62-Mantis-4347,0.06427006423473358,0.7569011470959357,0.40740664560836765,0.8254119777536333
COD10K-CAM-3-Flying-62-Mantis-4349,0.06655701249837875,0.6663920568791095,0.37064217792864673,0.6564175833410593
COD10K-CAM-3-Flying-62-Mantis-4350,0.18988220393657684,0.39941776080938707,0.004127928353050438,0.4070917133979488
COD10K-CAM-3-Flying-62-Mantis-4355,0.08533685654401779,0.5897066207756806,0.3315691192140969,0.7851514223514555
COD10K-CAM-3-Flying-62-Mantis-4358,0.07538005709648132,0.691960200035187,0.41260192865114287,0.8552614734152922
COD10K-CAM-3-Flying-62-Mantis-4359,0.044379670172929764,0.5858490627718276,0.03652952165298695,0.4454535536282785
COD10K-CAM-3-Flying-62-Mantis-4360,0.05198442190885544,0.9092017505424563,0.8518979659944265,0.9047064055791729
COD10K-CAM-3-Flying-62-Mantis-4361,0.04518458619713783,0.7863766192663779,0.4048097016636516,0.810014666831763
COD10K-CAM-3-Flying-62-Mantis-4362,0.0647689551115036,0.8578799695327615,0.8211755520796475,0.8793147501199634
COD10K-CAM-3-Flying-62-Mantis-4363,0.040948688983917236,0.7901310895579274,0.4324744822520217,0.8794781080771676
COD10K-CAM-3-Flying-62-Mantis-4364,0.12626489996910095,0.6052598389465038,0.5071452696235466,0.6228929681217901
COD10K-CAM-3-Flying-62-Mantis-4372,0.18097007274627686,0.5916435106793398,0.5362258035343126,0.5841491320435401
COD10K-CAM-3-Flying-62-Mantis-4373,0.0815034806728363,0.4675746182847213,0.06265119972976554,0.831039785663219
COD10K-CAM-3-Flying-62-Mantis-4375,0.08844015747308731,0.4790694776204014,0.10591234320750181,0.8359334208948266
COD10K-CAM-3-Flying-62-Mantis-4376,0.05022630840539932,0.8647860068934432,0.6460011419176535,0.9090211071148053
COD10K-CAM-3-Flying-62-Mantis-4378,0.13354340195655823,0.6787728835802795,0.39208191933501624,0.7665725663909558
COD10K-CAM-3-Flying-62-Mantis-4380,0.04840630665421486,0.6213149167026132,0.26575978149220586,0.841415739404904
COD10K-CAM-3-Flying-62-Mantis-4382,0.08557242900133133,0.4487076425806975,0.027940571905799898,0.6278022624723889
COD10K-CAM-3-Flying-62-Mantis-4384,0.060414910316467285,0.7080471946243888,0.26344630862846513,0.6749811427916403
COD10K-CAM-3-Flying-62-Mantis-4386,0.061509549617767334,0.7133980022472007,0.45332102314331774,0.6528893790009489
COD10K-CAM-3-Flying-63-Mockingbird-4387,0.05156259983778,0.7734719578770426,0.3732808506066534,0.6795157404339764
COD10K-CAM-3-Flying-63-Mockingbird-4389,0.048764679580926895,0.5068691351211729,0.0809679109677167,0.44204487712144647
COD10K-CAM-3-Flying-63-Mockingbird-4392,0.06268874555826187,0.4564239941559251,0.0019258076580222115,0.2978255581253827
COD10K-CAM-3-Flying-63-Mockingbird-4403,0.06256721913814545,0.6691591947854229,0.1732853939307919,0.6360134987606528
COD10K-CAM-3-Flying-63-Mockingbird-4405,0.117027148604393,0.5717873893815313,0.16894579758173126,0.5564982904259723
COD10K-CAM-3-Flying-63-Mockingbird-4406,0.023951653391122818,0.7264553797613259,0.19024527016406811,0.6484772281899065
COD10K-CAM-3-Flying-63-Mockingbird-4407,0.0581778846681118,0.5903332192835823,0.17600194552839965,0.6566261439553955
COD10K-CAM-3-Flying-63-Mockingbird-4408,0.07751648128032684,0.555371178599774,0.16101394454774504,0.5997378679793582
COD10K-CAM-3-Flying-63-Mockingbird-4409,0.050426334142684937,0.8839925706188383,0.7646864613605072,0.9037017214722627
COD10K-CAM-3-Flying-63-Mockingbird-4410,0.043552495539188385,0.48206563677866676,0.024787771124866857,0.4078901835781803
COD10K-CAM-3-Flying-63-Mockingbird-4414,0.053501058369874954,0.5421030437797191,0.07074456579885428,0.4693781824071452
COD10K-CAM-3-Flying-63-Mockingbird-4417,0.04175695776939392,0.4915573978724891,0.03029980246394986,0.5219866427510556
COD10K-CAM-3-Flying-63-Mockingbird-4426,0.017480242997407913,0.7600569424232002,0.23888273978615884,0.7757432743154806
COD10K-CAM-3-Flying-63-Mockingbird-4427,0.0406537801027298,0.6731450710280615,0.12104249564952094,0.5224067536667711
COD10K-CAM-3-Flying-64-Moth-4430,0.07085069268941879,0.7805867245291618,0.6733545852775803,0.7939125266677972
COD10K-CAM-3-Flying-64-Moth-4431,0.07162221521139145,0.791999892128499,0.5386001007346168,0.8514128798601441
COD10K-CAM-3-Flying-64-Moth-4432,0.08470085263252258,0.729291919563011,0.4339836191123018,0.8357650339655739
COD10K-CAM-3-Flying-64-Moth-4433,0.06077669933438301,0.8703210372797248,0.6148941350321415,0.8749549139982735
COD10K-CAM-3-Flying-64-Moth-4443,0.07314135879278183,0.6756486695453147,0.33018788792924403,0.5849962183028177
COD10K-CAM-3-Flying-64-Moth-4444,0.06412465125322342,0.8553840988447619,0.6081979236885532,0.8784670346501933
COD10K-CAM-3-Flying-64-Moth-4446,0.18844865262508392,0.4150370361033248,0.06744003579484141,0.7163370657026964
COD10K-CAM-3-Flying-64-Moth-4447,0.041263435035943985,0.8889029298268831,0.7433416492272037,0.9179208629581667
COD10K-CAM-3-Flying-64-Moth-4448,0.18592724204063416,0.6378302433605132,0.5068209276907635,0.6971836021444751
COD10K-CAM-3-Flying-64-Moth-4450,0.12140437960624695,0.7106613653881513,0.47916825113294287,0.7689491801772808
COD10K-CAM-3-Flying-64-Moth-4452,0.1067577674984932,0.8360547881606955,0.7930127615032571,0.806003427034309
COD10K-CAM-3-Flying-64-Moth-4453,0.30552244186401367,0.40242478563654815,0.330957890233972,0.34085050897284563
COD10K-CAM-3-Flying-64-Moth-4454,0.055821746587753296,0.8111198098117556,0.43119554281117395,0.8324005295734501
COD10K-CAM-3-Flying-64-Moth-4455,0.05464915931224823,0.8413833483972344,0.7653159785885424,0.9223738324913101
COD10K-CAM-3-Flying-64-Moth-4457,0.11030690371990204,0.8227710862746529,0.8316060669863101,0.8045504450542722
COD10K-CAM-3-Flying-64-Moth-4460,0.041196562349796295,0.7738866484737158,0.31223246547469474,0.6967055759049032
COD10K-CAM-3-Flying-64-Moth-4461,0.06687263399362564,0.6251000143648722,0.45569830702102554,0.5288781204089487
COD10K-CAM-3-Flying-64-Moth-4467,0.09369422495365143,0.5235107731789366,0.22937045315893276,0.6087743980216758
COD10K-CAM-3-Flying-64-Moth-4469,0.11415955424308777,0.8393123040303423,0.8488227100543417,0.8105878805581611
COD10K-CAM-3-Flying-64-Moth-4471,0.1761438399553299,0.4933011532569321,0.1391655117797199,0.7495801303755596
COD10K-CAM-3-Flying-64-Moth-4473,0.12239114195108414,0.7445809424000776,0.6420648074739509,0.7859059571369338
COD10K-CAM-3-Flying-64-Moth-4476,0.15520532429218292,0.538628827692287,0.31692645170191197,0.6363241128139355
COD10K-CAM-3-Flying-64-Moth-4479,0.06836240738630295,0.7045422259960483,0.22674690473509282,0.6661374192681813
COD10K-CAM-3-Flying-64-Moth-4480,0.11766858398914337,0.5594479912827395,0.1450687985284335,0.6319144724675813
COD10K-CAM-3-Flying-64-Moth-4481,0.04334946349263191,0.7377113389664411,0.3199017691975407,0.7195121129524916
COD10K-CAM-3-Flying-64-Moth-4482,0.06102713569998741,0.7793666135436963,0.4363188595446537,0.8457674371000232
COD10K-CAM-3-Flying-64-Moth-4483,0.03567171096801758,0.784805730566073,0.5304019323126741,0.8639355511899187
COD10K-CAM-3-Flying-64-Moth-4489,0.11038611084222794,0.6134814494033204,0.11082154378447888,0.5523529527148907
COD10K-CAM-3-Flying-64-Moth-4491,0.1671033799648285,0.4363348636456983,0.17484087659299774,0.2964959719456298
COD10K-CAM-3-Flying-64-Moth-4499,0.09556601196527481,0.8100019081370484,0.6895944540431971,0.7871192876998077
COD10K-CAM-3-Flying-64-Moth-4503,0.056769825518131256,0.8356897808601811,0.5442416811675218,0.8710146351447845
COD10K-CAM-3-Flying-65-Owl-4510,0.07459978014230728,0.8590082454511407,0.6570952401402766,0.8891764642731527
COD10K-CAM-3-Flying-65-Owl-4511,0.04505325108766556,0.7668339383045341,0.4370403510223068,0.7479816667985384
COD10K-CAM-3-Flying-65-Owl-4514,0.13341960310935974,0.7572508766967008,0.5953538097638627,0.8121127126058457
COD10K-CAM-3-Flying-65-Owl-4515,0.12183959782123566,0.817136618416043,0.809400191957513,0.7801702561585409
COD10K-CAM-3-Flying-65-Owl-4517,0.06128626689314842,0.853550337327065,0.8633441652840259,0.9032855743326793
COD10K-CAM-3-Flying-65-Owl-4519,0.039722807705402374,0.5974552656789028,0.06673761934729812,0.5190353526049318
COD10K-CAM-3-Flying-65-Owl-4520,0.08366712182760239,0.48778522315822564,0.11510156568951307,0.7527745550628128
COD10K-CAM-3-Flying-65-Owl-4522,0.046315714716911316,0.8066787527695629,0.36550310619592336,0.7569382134712248
COD10K-CAM-3-Flying-65-Owl-4527,0.1666819453239441,0.6223967795860772,0.32429830948526217,0.7652039768310002
COD10K-CAM-3-Flying-65-Owl-4528,0.05973129719495773,0.4717081799007853,0.025438078334555424,0.5675433247411901
COD10K-CAM-3-Flying-65-Owl-4529,0.0474897138774395,0.7041779667713404,0.32440566494352197,0.6223917365984131
COD10K-CAM-3-Flying-65-Owl-4530,0.08487177640199661,0.43318886162317644,0.007359484736049107,0.6475221204193529
COD10K-CAM-3-Flying-65-Owl-4531,0.08831580728292465,0.7749251382863765,0.6137980686023814,0.8679880180629935
COD10K-CAM-3-Flying-65-Owl-4533,0.03209603205323219,0.5161421362528237,0.06445662405047053,0.42112899984450525
COD10K-CAM-3-Flying-65-Owl-4534,0.05562256649136543,0.7688771273171598,0.4208508384575918,0.7994990065095411
COD10K-CAM-3-Flying-65-Owl-4535,0.05848253518342972,0.5927812602163582,0.2881456866151543,0.7733329627260461
COD10K-CAM-3-Flying-65-Owl-4536,0.09148145467042923,0.7298143111488901,0.5808256362815277,0.7773134859819156
COD10K-CAM-3-Flying-65-Owl-4537,0.07509230822324753,0.6288513643164586,0.21186120039787593,0.7454546641375357
COD10K-CAM-3-Flying-65-Owl-4540,0.08333584666252136,0.7259961736846706,0.4238891459311637,0.7650323318871541
COD10K-CAM-3-Flying-65-Owl-4543,0.08690550923347473,0.7676313064897138,0.5275441868386579,0.7968063085434032
COD10K-CAM-3-Flying-65-Owl-4550,0.10204000771045685,0.754384887033274,0.5672192835831833,0.7549181455361965
COD10K-CAM-3-Flying-65-Owl-4553,0.05144333466887474,0.8323476913938579,0.6407298703948318,0.8825567266693279
COD10K-CAM-3-Flying-65-Owl-4555,0.11700699478387833,0.4582670988423525,0.08077574568935506,0.6717621186496554
COD10K-CAM-3-Flying-65-Owl-4556,0.07540588080883026,0.4452844503191999,0.0032559490511480903,0.6177184022243373
COD10K-CAM-3-Flying-65-Owl-4558,0.09484592825174332,0.5222845436925148,0.11932918094749521,0.476752883661265
COD10K-CAM-3-Flying-65-Owl-4561,0.05198315158486366,0.6182413862465278,0.24615860402327397,0.6437004132879405
COD10K-CAM-3-Flying-65-Owl-4563,0.08278447389602661,0.8202554246999574,0.711061524342384,0.8690140535136202
COD10K-CAM-3-Flying-65-Owl-4564,0.03139517828822136,0.5873250888575442,0.07542797210266541,0.4953796916656199
COD10K-CAM-3-Flying-65-Owl-4565,0.08698748797178268,0.5142152531858424,0.03880313634783666,0.5167181406362017
COD10K-CAM-3-Flying-65-Owl-4569,0.04621412232518196,0.6171232712491079,0.1471328578105452,0.5470663945993927
COD10K-CAM-3-Flying-65-Owl-4573,0.03545656055212021,0.648836284074727,0.24828570465844282,0.7924853101273335
COD10K-CAM-3-Flying-65-Owl-4574,0.025822380557656288,0.8064554620815023,0.288549856745406,0.6813811643221199
COD10K-CAM-3-Flying-65-Owl-4575,0.018805019557476044,0.6157892964558774,0.27877253223386517,0.43153783040951665
COD10K-CAM-3-Flying-65-Owl-4577,0.0525226816534996,0.4846842217628145,0.037684813135902155,0.43038157612724715
COD10K-CAM-3-Flying-65-Owl-4578,0.04517323896288872,0.636914011790842,0.11189134482578915,0.6246041163500227
COD10K-CAM-3-Flying-65-Owl-4580,0.08391934633255005,0.6208172429836812,0.21621365738374496,0.7003484301563868
COD10K-CAM-3-Flying-65-Owl-4584,0.0935702919960022,0.8117895583159488,0.6616962129901821,0.86351852754275
COD10K-CAM-3-Flying-65-Owl-4586,0.12013337761163712,0.7608570920258998,0.5225830630022302,0.8151865240294593
COD10K-CAM-3-Flying-65-Owl-4587,0.045801419764757156,0.47479530322012725,0.0047532171276893674,0.32810338464564914
COD10K-CAM-3-Flying-65-Owl-4588,0.0594484843313694,0.7459398706556803,0.47161386271477446,0.7746065723147784
COD10K-CAM-3-Flying-65-Owl-4591,0.11192840337753296,0.6235615933403413,0.39701955628322505,0.7703306973841446
COD10K-CAM-3-Flying-65-Owl-4593,0.03362860530614853,0.7522399755912386,0.3975689720050657,0.8356435523350579
COD10K-CAM-3-Flying-65-Owl-4597,0.1371697634458542,0.6655220531554945,0.29888329852682505,0.6934593738440186
COD10K-CAM-3-Flying-65-Owl-4599,0.04485509544610977,0.9055709681917301,0.7855924253731738,0.933079780438668
COD10K-CAM-3-Flying-65-Owl-4604,0.07652216404676437,0.5793178855435657,0.15905773428503822,0.5446826828891117
COD10K-CAM-3-Flying-65-Owl-4608,0.031574130058288574,0.9430255366576927,0.8000986178336911,0.9344490946191208
COD10K-CAM-3-Flying-65-Owl-4609,0.06941014528274536,0.6289786834367902,0.16818908005713376,0.5475067766369954
COD10K-CAM-3-Flying-65-Owl-4611,0.15339572727680206,0.8093480272516547,0.7567383248271504,0.7607869188349969
COD10K-CAM-3-Flying-65-Owl-4613,0.034866951406002045,0.7669716253717205,0.3648415339614486,0.8105186992852327
COD10K-CAM-3-Flying-65-Owl-4615,0.0702730119228363,0.7272729256191055,0.3575651067016122,0.7729206229449017
COD10K-CAM-3-Flying-65-Owl-4618,0.26879972219467163,0.41190914021244196,0.28795128328760633,0.33329522734817724
COD10K-CAM-3-Flying-65-Owl-4620,0.08047826588153839,0.6763627810689513,0.33163698963151944,0.8230863707514398
COD10K-CAM-3-Flying-65-Owl-4626,0.07049120217561722,0.5956060882714809,0.16019503558151826,0.6484976970138581
COD10K-CAM-3-Flying-65-Owl-4627,0.037841930985450745,0.7232875537527879,0.3400452116740931,0.7411537775348513
COD10K-CAM-3-Flying-65-Owl-4632,0.1448914110660553,0.7707187875707046,0.8296786311348269,0.7449677861410346
COD10K-CAM-3-Flying-65-Owl-4633,0.0660184994339943,0.6606898910682136,0.2559203929134479,0.6923624038809644
COD10K-CAM-3-Flying-65-Owl-4635,0.06729533523321152,0.6620897138234201,0.43237664930957803,0.8161298864314258
COD10K-CAM-3-Flying-65-Owl-4638,0.1536404937505722,0.7847805303703552,0.7933882450066067,0.7571194298741317
COD10K-CAM-3-Flying-65-Owl-4640,0.06298284232616425,0.6279464254013156,0.399419865205367,0.7225859654671241
COD10K-CAM-3-Flying-65-Owl-4641,0.11192725598812103,0.4373126304100258,0.023138812174926558,0.6816776466371715
COD10K-CAM-3-Flying-65-Owl-4644,0.047818753868341446,0.7755334734628192,0.4329505120984799,0.8360783941410544
COD10K-CAM-3-Flying-65-Owl-4645,0.12131238728761673,0.8259845680126556,0.7249739525831705,0.8041343603731357
COD10K-CAM-3-Flying-65-Owl-4646,0.029695706441998482,0.8282206220594589,0.4812814910908804,0.8600285679145923
COD10K-CAM-3-Flying-65-Owl-4647,0.10113988816738129,0.7661061184098286,0.5522396615858042,0.8476456935057597
COD10K-CAM-3-Flying-65-Owl-4648,0.12002343684434891,0.7230845488659036,0.6033240479638022,0.772153132881908
COD10K-CAM-3-Flying-65-Owl-4650,0.06040026620030403,0.7582190028479621,0.4573547990604393,0.8596460307202776
COD10K-CAM-3-Flying-65-Owl-4654,0.0503106527030468,0.666711153461357,0.26530970952059574,0.7182405486868231
COD10K-CAM-3-Flying-65-Owl-4656,0.10509069263935089,0.5519105900320616,0.034990766248291026,0.3711429852268012
COD10K-CAM-3-Flying-65-Owl-4659,0.08860959857702255,0.9043462533114932,0.7537584834433418,0.8126717150825242
COD10K-CAM-3-Flying-65-Owl-4660,0.06780718266963959,0.5185256951136389,0.09054244937697152,0.6599451680628103
COD10K-CAM-3-Flying-65-Owl-4662,0.05091290548443794,0.7311943008300026,0.31838503820398234,0.7443154544337113
COD10K-CAM-3-Flying-66-Owlfly-4666,0.17804710566997528,0.4864972430330653,0.27015760752996737,0.3914363823366024
COD10K-CAM-3-Flying-66-Owlfly-4668,0.04748887941241264,0.9048194251771122,0.8139685748289965,0.9156902950757851
COD10K-CAM-3-Flying-66-Owlfly-4669,0.23199333250522614,0.47386674284176955,0.27128502943325467,0.5641498446978008
COD10K-CAM-3-Flying-66-Owlfly-4674,0.05345417931675911,0.9089373946964818,0.8040982810602633,0.9237178635741259
COD10K-CAM-3-Flying-66-Owlfly-4676,0.11896879971027374,0.6702084113681162,0.5414869610475639,0.8000257439971609
COD10K-CAM-3-Flying-66-Owlfly-4677,0.26705825328826904,0.5807601926927193,0.6449522698080346,0.556603323924696
COD10K-CAM-4-Amphibian-67-Frog-4679,0.1194375529885292,0.6386402249160331,0.2899786729810447,0.7662450615170191
COD10K-CAM-4-Amphibian-67-Frog-4694,0.04944450035691261,0.869770010963751,0.6752191947894263,0.9082205636382445
COD10K-CAM-4-Amphibian-67-Frog-4701,0.0938032791018486,0.766631179824586,0.4787867033295079,0.8266705389745732
COD10K-CAM-4-Amphibian-67-Frog-4702,0.08090273290872574,0.6718305136177192,0.3150859856614778,0.7967443664848765
COD10K-CAM-4-Amphibian-67-Frog-4706,0.09833744168281555,0.5046681231406921,0.22049590501398564,0.35265888293041026
COD10K-CAM-4-Amphibian-67-Frog-4707,0.07542169839143753,0.4500171403487186,0.0034149733093420177,0.4846515281370087
COD10K-CAM-4-Amphibian-67-Frog-4711,0.11341388523578644,0.5852121633519188,0.11538451139408841,0.5172515931416466
COD10K-CAM-4-Amphibian-67-Frog-4714,0.03454474359750748,0.8218934571405506,0.5098573498192011,0.877217463172381
COD10K-CAM-4-Amphibian-67-Frog-4718,0.061288271099328995,0.7299238775975849,0.3763452778032352,0.7624515931625773
COD10K-CAM-4-Amphibian-67-Frog-4719,0.07326283305883408,0.52375449401386,0.1423089523581584,0.4970683246995038
COD10K-CAM-4-Amphibian-67-Frog-4721,0.024759409949183464,0.8592797905698775,0.5989222160713559,0.9007315509910359
COD10K-CAM-4-Amphibian-67-Frog-4728,0.04071614146232605,0.7015994603765815,0.29576175393417803,0.7366887013443922
COD10K-CAM-4-Amphibian-67-Frog-4729,0.11492453515529633,0.7713329057460365,0.6522819312722998,0.7900757293285312
COD10K-CAM-4-Amphibian-67-Frog-4732,0.04629025608301163,0.6386456447113559,0.20754010520752034,0.6210785234825773
COD10K-CAM-4-Amphibian-67-Frog-4733,0.05986914411187172,0.7186984560448575,0.3023211855103648,0.7963276080920448
COD10K-CAM-4-Amphibian-67-Frog-4738,0.053633712232112885,0.7302025304721605,0.5325468723009819,0.868194674638272
COD10K-CAM-4-Amphibian-67-Frog-4739,0.049290500581264496,0.6126573710671903,0.16368207513331443,0.6848683342115542
COD10K-CAM-4-Amphibian-67-Frog-4740,0.0569070540368557,0.7471989035365685,0.3908276632081909,0.8545460391724684
COD10K-CAM-4-Amphibian-67-Frog-4742,0.08139551430940628,0.45489166530846986,0.0344102956606972,0.7765298932461653
COD10K-CAM-4-Amphibian-67-Frog-4748,0.04644281789660454,0.9051604432350349,0.7198850685764833,0.910302515640516
COD10K-CAM-4-Amphibian-67-Frog-4751,0.0625813901424408,0.8543224538387004,0.7793953237545198,0.8804837615701321
COD10K-CAM-4-Amphibian-67-Frog-4752,0.09451878815889359,0.767997143459215,0.563032024312406,0.8003315808252336
COD10K-CAM-4-Amphibian-67-Frog-4754,0.14798463881015778,0.6255661644967718,0.5422707585828382,0.6219425455675716
COD10K-CAM-4-Amphibian-67-Frog-4755,0.07595603168010712,0.4740126228043263,0.008712498988824455,0.48560518805072245
COD10K-CAM-4-Amphibian-67-Frog-4756,0.053813714534044266,0.5733696500558484,0.15218590830335674,0.584864133713897
COD10K-CAM-4-Amphibian-67-Frog-4759,0.0765368789434433,0.5028727788044973,0.02315611158978812,0.399883526141838
COD10K-CAM-4-Amphibian-67-Frog-4763,0.04669204726815224,0.7265260228865922,0.25450931479496425,0.7400466817233242
COD10K-CAM-4-Amphibian-67-Frog-4764,0.057046934962272644,0.7785252699638299,0.4105125401962948,0.8101336157874652
COD10K-CAM-4-Amphibian-67-Frog-4768,0.058357540518045425,0.6750508747098054,0.30811682085197234,0.713458103439557
COD10K-CAM-4-Amphibian-67-Frog-4773,0.15330542623996735,0.39706444948766056,0.01710329713774636,0.6914512324413862
COD10K-CAM-4-Amphibian-67-Frog-4774,0.07443343847990036,0.7215029119522968,0.5324651943310309,0.8816708868834436
COD10K-CAM-4-Amphibian-67-Frog-4775,0.1573820263147354,0.5799135794780265,0.29052143251097423,0.7249042171327946
COD10K-CAM-4-Amphibian-67-Frog-4776,0.061042945832014084,0.7982479687099122,0.5269826842793104,0.8612558815170912
COD10K-CAM-4-Amphibian-67-Frog-4777,0.04998375102877617,0.6213785633871625,0.15385811030639668,0.5977197142247681
COD10K-CAM-4-Amphibian-67-Frog-4781,0.054872918874025345,0.5403119158254296,0.18780381627209586,0.701173299134737
COD10K-CAM-4-Amphibian-67-Frog-4782,0.09188646823167801,0.7369814259411802,0.588796374305879,0.7527504411923989
COD10K-CAM-4-Amphibian-67-Frog-4783,0.04786783084273338,0.7828522809450595,0.6995606018653373,0.8170290095299412
COD10K-CAM-4-Amphibian-67-Frog-4784,0.06328483670949936,0.5960332350386992,0.15644696740059846,0.7549112484198601
COD10K-CAM-4-Amphibian-67-Frog-4787,0.0453098863363266,0.9263566616615602,0.7463384161047215,0.8947029714296804
COD10K-CAM-4-Amphibian-67-Frog-4793,0.11473067104816437,0.7689838246953582,0.7956538601038168,0.7803985641778672
COD10K-CAM-4-Amphibian-67-Frog-4795,0.026114584878087044,0.8428442259594441,0.5464723476707634,0.9173387187267348
COD10K-CAM-4-Amphibian-67-Frog-4796,0.06756071001291275,0.47105839692859375,0.005459474908881491,0.4094640239033074
COD10K-CAM-4-Amphibian-67-Frog-4800,0.05757197365164757,0.46413507667237,0.021216712974835118,0.8100766255140017
COD10K-CAM-4-Amphibian-67-Frog-4803,0.1255188286304474,0.5957052779987779,0.22601783092117878,0.7735357982934803
COD10K-CAM-4-Amphibian-68-Toad-4808,0.08202586323022842,0.45225356395816907,0.027167965668150964,0.7243282129658108
COD10K-CAM-4-Amphibian-68-Toad-4809,0.24793057143688202,0.6440909221697009,0.736114651565569,0.6136637328351694
COD10K-CAM-4-Amphibian-68-Toad-4813,0.10083609819412231,0.4569572882873394,0.025064844255244693,0.6393469948355436
COD10K-CAM-4-Amphibian-68-Toad-4818,0.18742036819458008,0.5797481849951869,0.3811199389986127,0.7441299202654648
COD10K-CAM-4-Amphibian-68-Toad-4821,0.051148030906915665,0.8668156536402826,0.7326876705774984,0.9037088267338982
COD10K-CAM-4-Amphibian-68-Toad-4826,0.0913577526807785,0.5066908405975113,0.05189218111469242,0.44472938240434795
COD10K-CAM-4-Amphibian-68-Toad-4828,0.0747331827878952,0.714349245623271,0.4802024201418385,0.8746797856295995
COD10K-CAM-4-Amphibian-68-Toad-4831,0.06278156489133835,0.7281648281013424,0.42738064374470747,0.6836359848322272
COD10K-CAM-4-Amphibian-68-Toad-4836,0.05164263769984245,0.8587203417475688,0.5531767139542861,0.8648403361738162
COD10K-CAM-4-Amphibian-68-Toad-4838,0.20072412490844727,0.4248914753037979,0.17789673407630593,0.3006446250067343
COD10K-CAM-4-Amphibian-68-Toad-4839,0.08693023771047592,0.702494351289676,0.2567539534814461,0.720125331966039
COD10K-CAM-4-Amphibian-68-Toad-4841,0.04594200477004051,0.5978081027727042,0.12648972733448685,0.4977234090543737
COD10K-CAM-4-Amphibian-68-Toad-4842,0.062142934650182724,0.569288207403788,0.13974282932557425,0.5324707414281431
COD10K-CAM-4-Amphibian-68-Toad-4850,0.08815424144268036,0.551336700484135,0.16815668256024957,0.7572461050309207
COD10K-CAM-4-Amphibian-68-Toad-4853,0.39062997698783875,0.4794125849670236,0.5612717345008227,0.4326599670442056
COD10K-CAM-4-Amphibian-68-Toad-4856,0.03907933086156845,0.8559064774918674,0.6250775462113448,0.9239527067793057
COD10K-CAM-4-Amphibian-68-Toad-4861,0.05156109482049942,0.8363681859783842,0.577673531592669,0.8530637486702588
COD10K-CAM-4-Amphibian-68-Toad-4863,0.05705517902970314,0.6269711206629036,0.2283467104544336,0.6387614220664845
COD10K-CAM-4-Amphibian-68-Toad-4867,0.06403402984142303,0.8519412414164684,0.5985613622835043,0.8763201486473696
COD10K-CAM-4-Amphibian-68-Toad-4872,0.08509847521781921,0.6421230334531282,0.1558152797816965,0.5402752344476915
COD10K-CAM-4-Amphibian-68-Toad-4873,0.11228453367948532,0.8181706143082496,0.8213264011129264,0.804579172295987
COD10K-CAM-4-Amphibian-68-Toad-4876,0.08950280398130417,0.671816478012277,0.3330475746469139,0.5832551324559825
COD10K-CAM-4-Amphibian-68-Toad-4877,0.059448931366205215,0.7095197650183835,0.3559108079775087,0.7586600876908998
COD10K-CAM-4-Amphibian-68-Toad-4881,0.07770032435655594,0.8079701067253742,0.8327251706063866,0.8305412631539502
COD10K-CAM-4-Amphibian-68-Toad-4883,0.045126963406801224,0.5645519778024887,0.21583647980895762,0.8111466417113412
COD10K-CAM-4-Amphibian-68-Toad-4886,0.10368417203426361,0.5155181365636323,0.03207218995872188,0.3893152485496458
COD10K-CAM-4-Amphibian-68-Toad-4887,0.17657992243766785,0.7050224511943997,0.7870026649220417,0.6864026222615618
COD10K-CAM-4-Amphibian-68-Toad-4891,0.01572016440331936,0.5766612644254722,0.03759493768189939,0.3979106324693825
COD10K-CAM-4-Amphibian-68-Toad-4896,0.08252864331007004,0.8466791957981097,0.5913771611540977,0.8573670403207143
COD10K-CAM-4-Amphibian-68-Toad-4899,0.11377871781587601,0.6006411182530251,0.2378256507437343,0.8083477705208522
COD10K-CAM-4-Amphibian-68-Toad-4900,0.053132690489292145,0.8259968562514927,0.5847100868425585,0.8893214942037055
COD10K-CAM-4-Amphibian-68-Toad-4903,0.23066525161266327,0.5888646096996012,0.6607031200136702,0.5512286064562222
COD10K-CAM-4-Amphibian-68-Toad-4904,0.03868141397833824,0.9167955501747193,0.8050360968200937,0.8984286120018475
COD10K-CAM-4-Amphibian-68-Toad-4905,0.060270313173532486,0.5897490090986327,0.1214911259054969,0.532515224195211
COD10K-CAM-4-Amphibian-68-Toad-4908,0.058503929525613785,0.5578422637879814,0.21652125573970443,0.6531190567355025
COD10K-CAM-4-Amphibian-68-Toad-4909,0.06996225565671921,0.7861525852406235,0.686224132672207,0.866319651366271
COD10K-CAM-4-Amphibian-68-Toad-4910,0.08560331165790558,0.7469555793030882,0.6246780486897048,0.6744754681740036
COD10K-CAM-4-Amphibian-68-Toad-4912,0.18992607295513153,0.7424835115383057,0.8117956464172922,0.7292095003072772
COD10K-CAM-4-Amphibian-68-Toad-4913,0.057177379727363586,0.7235094883007195,0.5301828831090565,0.8818883639258359
COD10K-CAM-4-Amphibian-68-Toad-4914,0.06931395083665848,0.8428776713746335,0.570903035215455,0.8702140407754388
COD10K-CAM-4-Amphibian-68-Toad-4917,0.033463574945926666,0.7657400834165797,0.40085132237615445,0.8079732235460912
COD10K-CAM-4-Amphibian-68-Toad-4921,0.155432790517807,0.6741950143728792,0.6749318601968524,0.6483073528119467
COD10K-CAM-4-Amphibian-68-Toad-4923,0.02069162018597126,0.7811480510759226,0.5443104230343789,0.8721624997134831
COD10K-CAM-4-Amphibian-68-Toad-4926,0.0992848351597786,0.5184417444474414,0.12384625208692931,0.5673730438770213
COD10K-CAM-4-Amphibian-68-Toad-4929,0.0683964341878891,0.860761123974205,0.681685231490003,0.8891808858780998
COD10K-CAM-4-Amphibian-68-Toad-4936,0.08344404399394989,0.6221449869921387,0.24419223590182776,0.6894430418869398
COD10K-CAM-4-Amphibian-68-Toad-4937,0.04483899101614952,0.8401783211728464,0.5477307627251289,0.8880856012250279
COD10K-CAM-4-Amphibian-68-Toad-4938,0.04131859913468361,0.8730234887751802,0.6128882743743467,0.9019527410704821
COD10K-CAM-4-Amphibian-68-Toad-4941,0.060219522565603256,0.5557595617238449,0.133796557952842,0.5378537283774694
COD10K-CAM-4-Amphibian-68-Toad-4945,0.05007772892713547,0.685775003007151,0.2621450921393635,0.7023810809304208
COD10K-CAM-4-Amphibian-68-Toad-4949,0.09894926100969315,0.4410954216334411,0.0017138442215728637,0.42447466192776295
COD10K-CAM-4-Amphibian-68-Toad-4950,0.16230382025241852,0.6923685130906868,0.6812369387603919,0.6595198001195868
COD10K-CAM-4-Amphibian-68-Toad-4951,0.061356816440820694,0.5207304926586153,0.06307767793777212,0.45182725056865497
COD10K-CAM-4-Amphibian-68-Toad-4955,0.05069255828857422,0.8439611125961639,0.5463723436744132,0.8747989471125726
COD10K-CAM-4-Amphibian-68-Toad-4960,0.06309916079044342,0.8699416972007596,0.7002538790300726,0.9047899375495888
COD10K-CAM-4-Amphibian-68-Toad-4962,0.09231032431125641,0.7451136100475001,0.5504825038085365,0.8384777319806394
COD10K-CAM-4-Amphibian-68-Toad-4963,0.063413105905056,0.8795392461103243,0.8130253289929945,0.9049569747330639
COD10K-CAM-4-Amphibian-68-Toad-4964,0.1600036919116974,0.7008360192859163,0.4018948608160137,0.7588917982371377
COD10K-CAM-4-Amphibian-68-Toad-4965,0.06260978430509567,0.7843966677811562,0.5006322240131715,0.8541306734586537
COD10K-CAM-4-Amphibian-68-Toad-4968,0.16132861375808716,0.4489390117156785,0.32102389135779036,0.35227821131569703
COD10K-CAM-4-Amphibian-68-Toad-4976,0.10814640671014786,0.5931768603572196,0.2754573587912536,0.7994698537030376
COD10K-CAM-4-Amphibian-68-Toad-4977,0.0634865015745163,0.5823899451408949,0.22348132607441576,0.8367010611492873
COD10K-CAM-4-Amphibian-68-Toad-4978,0.11859870702028275,0.7302502897983789,0.4952842607773036,0.8166196681820842
COD10K-CAM-4-Amphibian-68-Toad-4990,0.11102456599473953,0.8330624064674346,0.6767762287621908,0.8276572783748815
COD10K-CAM-4-Amphibian-68-Toad-4991,0.0491005964577198,0.8439557559667811,0.6304884374253149,0.8206851345882258
COD10K-CAM-4-Amphibian-68-Toad-4995,0.09324456751346588,0.8033666840425253,0.5051684816286431,0.804084992465042
COD10K-CAM-4-Amphibian-68-Toad-4997,0.23639199137687683,0.4006279247594276,0.1878885893187233,0.2930733944853947
COD10K-CAM-4-Amphibian-68-Toad-4998,0.032560884952545166,0.795276384489395,0.5371345033066801,0.8717148906181649
COD10K-CAM-4-Amphibian-68-Toad-4999,0.1323007494211197,0.844018199400961,0.8642979465927527,0.8091269408160926
COD10K-CAM-4-Amphibian-68-Toad-5002,0.042532432824373245,0.5928334235519708,0.22055682023808257,0.7921989376694003
COD10K-CAM-4-Amphibian-68-Toad-5004,0.06028556823730469,0.7794812434843691,0.44170394012292175,0.8621271043910022
COD10K-CAM-4-Amphibian-68-Toad-5005,0.061103761196136475,0.9158233202069909,0.7872075518854409,0.9031318719447017
COD10K-CAM-4-Amphibian-68-Toad-5006,0.07574835419654846,0.791461218294486,0.48775024252185495,0.8523480671432937
COD10K-CAM-4-Amphibian-68-Toad-5008,0.11101937294006348,0.8093294914999611,0.6974230388239084,0.7945689263062289
COD10K-CAM-4-Amphibian-68-Toad-5010,0.09934632480144501,0.8508559556435633,0.7683441870469749,0.8305718022515756
COD10K-CAM-4-Amphibian-68-Toad-5011,0.06495524942874908,0.8793495348408367,0.7169999426317754,0.9115581078880712
COD10K-CAM-4-Amphibian-68-Toad-5014,0.01975529082119465,0.5319764526958244,0.018634079251785465,0.4755261338652199
COD10K-CAM-4-Amphibian-68-Toad-5020,0.0734892413020134,0.6606860664100953,0.26355257825050715,0.7111653843297054
COD10K-CAM-4-Amphibian-68-Toad-5021,0.0439879484474659,0.8414833989474252,0.5038469051154171,0.8750969096731769
COD10K-CAM-4-Amphibian-68-Toad-5022,0.1070777103304863,0.8508223698531385,0.7506620584890986,0.82664819086322
COD10K-CAM-5-Other-69-Other-5023,0.044124145060777664,0.9209410962462821,0.7466833642688074,0.9032206120310532
COD10K-CAM-5-Other-69-Other-5027,0.10181856900453568,0.4619552728936064,0.02919746125883682,0.32372923710582624
COD10K-CAM-5-Other-69-Other-5028,0.10216957330703735,0.4533170313222899,0.0040105543708876265,0.3677192742149674
COD10K-CAM-5-Other-69-Other-5029,0.06326145678758621,0.45854890803450027,0.03542652870065861,0.32462905638118145
COD10K-CAM-5-Other-69-Other-5037,0.08651421964168549,0.709328080352497,0.2803574368167803,0.6681683751472696
COD10K-CAM-5-Other-69-Other-5040,0.0991549864411354,0.45779649401358263,0.07751534314642687,0.2668212118960565
COD10K-CAM-5-Other-69-Other-5043,0.10292718559503555,0.5709654514376974,0.09660473928962447,0.43955804638646884
COD10K-CAM-5-Other-69-Other-5046,0.05825449526309967,0.8329783984453508,0.6895951339677278,0.8439729541414789
COD10K-CAM-5-Other-69-Other-5048,0.058259017765522,0.5912725809555697,0.18144119874100675,0.7618196519433666
COD10K-CAM-5-Other-69-Other-5049,0.025324003770947456,0.6228323617591055,0.16065406149441977,0.6555790768822833
COD10K-CAM-5-Other-69-Other-5051,0.4453294277191162,0.4038984208288018,0.442528676925472,0.3706588036225946
COD10K-CAM-5-Other-69-Other-5059,0.05267034471035004,0.617420155442855,0.20489627379594472,0.6710032329818835
COD10K-CAM-5-Other-69-Other-5060,0.04292329028248787,0.46610553415285993,0.0002961453426829478,0.3026369830456793
COD10K-CAM-5-Other-69-Other-5062,0.07467597723007202,0.6618148650350939,0.5246274141697637,0.6645853236563585
COD10K-CAM-5-Other-69-Other-5063,0.05966911092400551,0.8955727019914856,0.8693851082897386,0.9033586671321848
COD10K-NonCAM-1-Amphibian-10,0.003925420809537172,0.9960745573043823,0.0,0.9943870532795819
COD10K-NonCAM-1-Amphibian-101,0.003185997949913144,0.9968140125274658,0.0,0.9955334578763229
COD10K-NonCAM-1-Amphibian-102,0.016178524121642113,0.983821451663971,0.0,0.9819313987050355
COD10K-NonCAM-1-Amphibian-103,0.005146416835486889,0.9948535561561584,0.0,0.9928133360875042
COD10K-NonCAM-1-Amphibian-107,0.006373761687427759,0.9936262369155884,0.0,0.9916710614855979
COD10K-NonCAM-1-Amphibian-108,0.018829183652997017,0.9811708331108093,0.0,0.9792743617991495
COD10K-NonCAM-1-Amphibian-11,0.005595868453383446,0.994404137134552,0.0,0.9923332478329826
COD10K-NonCAM-1-Amphibian-111,0.0145344203338027,0.9854655861854553,0.0,0.9836293310089347
COD10K-NonCAM-1-Amphibian-112,0.006399838253855705,0.9936001896858215,0.0,0.991426540570043
COD10K-NonCAM-1-Amphibian-114,0.03078751638531685,0.9692124724388123,0.0,0.9674769212105437
COD10K-NonCAM-1-Amphibian-119,0.005293846596032381,0.9947061538696289,0.0,0.9925183724869457
COD10K-NonCAM-1-Amphibian-12,0.18698275089263916,0.8130172491073608,0.0,0.8118004230123564
COD10K-NonCAM-1-Amphibian-125,0.0038101505488157272,0.9961898326873779,0.0,0.9947444081761543
COD10K-NonCAM-1-Amphibian-126,0.00897407066076994,0.9910259246826172,0.0,0.9891589842457409
COD10K-NonCAM-1-Amphibian-127,0.0829300805926323,0.9170699119567871,0.0,0.91552086107681
COD10K-NonCAM-1-Amphibian-129,0.019246738404035568,0.9807532429695129,0.0,0.9788123383311947
COD10K-NonCAM-1-Amphibian-13,0.006315326783806086,0.9936846494674683,0.0,0.9917728611292708
COD10K-NonCAM-1-Amphibian-131,0.02814122475683689,0.97185879945755,0.0,0.9700210610820563
COD10K-NonCAM-1-Amphibian-132,0.005932639352977276,0.994067370891571,0.0,0.9919561572359026
COD10K-NonCAM-1-Amphibian-134,0.00380681362003088,0.9961931705474854,0.0,0.9943934847219198
COD10K-NonCAM-1-Amphibian-137,0.13565658032894135,0.8643434047698975,0.0,0.8630636528675658
COD10K-NonCAM-1-Amphibian-139,0.03120027296245098,0.9687997102737427,0.0,0.9669925138011187
COD10K-NonCAM-1-Amphibian-14,0.012759250588715076,0.987240731716156,0.0,0.985495584247355
COD10K-NonCAM-1-Amphibian-143,0.1745270937681198,0.825472891330719,0.0,0.8242363734130731
COD10K-NonCAM-1-Amphibian-144,0.0061490037478506565,0.9938510060310364,0.0,0.9920282587487796
COD10K-NonCAM-1-Amphibian-147,0.009672255255281925,0.9903277158737183,0.0,0.9883850988777515
COD10K-NonCAM-1-Amphibian-150,0.004122628830373287,0.9958773851394653,0.0,0.9943963851763076
COD10K-NonCAM-1-Amphibian-154,0.005893046036362648,0.9941069483757019,0.0,0.9919996955783963
COD10K-NonCAM-1-Amphibian-157,0.017891837283968925,0.9821081757545471,0.0,0.9802026333099282
COD10K-NonCAM-1-Amphibian-159,0.0063646938651800156,0.9936352968215942,0.0,0.9916267665028291
COD10K-NonCAM-1-Amphibian-162,0.0790536031126976,0.9209464192390442,0.0,0.9194260076430756
COD10K-NonCAM-1-Amphibian-163,0.014584601856768131,0.9854153990745544,0.0,0.9835317244134527
COD10K-NonCAM-1-Amphibian-164,0.00661972351372242,0.9933802485466003,0.0,0.9914220637817489
COD10K-NonCAM-1-Amphibian-176,0.033813539892435074,0.9661864638328552,0.0,0.9643750744029606
COD10K-NonCAM-1-Amphibian-177,0.007496984209865332,0.9925029873847961,0.0,0.9907200907665678
COD10K-NonCAM-1-Amphibian-178,0.07755684852600098,0.922443151473999,0.0,0.9208099342328273
COD10K-NonCAM-1-Amphibian-179,0.13406184315681458,0.8659381866455078,0.0,0.8645594045846348
COD10K-NonCAM-1-Amphibian-182,0.006236572749912739,0.9937634468078613,0.0,0.9916664585905913
COD10K-NonCAM-1-Amphibian-185,0.0071015735156834126,0.9928984045982361,0.0,0.9907644803293709
COD10K-NonCAM-1-Amphibian-187,0.010622364468872547,0.9893776178359985,0.0,0.9874248277886737
COD10K-NonCAM-1-Amphibian-188,0.3620414435863495,0.6379585266113281,0.0,0.6374919102543926
COD10K-NonCAM-1-Amphibian-193,0.10006165504455566,0.8999383449554443,0.0,0.8984012443201537
COD10K-NonCAM-1-Amphibian-198,0.00729823112487793,0.9927017688751221,0.0,0.9907344354051156
COD10K-NonCAM-1-Amphibian-200,0.05424588918685913,0.9457541108131409,0.0,0.9440796807785123
COD10K-NonCAM-1-Amphibian-204,0.006868187338113785,0.9931318163871765,0.0,0.9910690595667582
COD10K-NonCAM-1-Amphibian-205,0.023756882175803185,0.9762431383132935,0.0,0.974344030713542
COD10K-NonCAM-1-Amphibian-209,0.06831393390893936,0.9316860437393188,0.0,0.9300121617313544
COD10K-NonCAM-1-Amphibian-210,0.2880907952785492,0.7119091749191284,0.0,0.7111023845266055
COD10K-NonCAM-1-Amphibian-22,0.008563671261072159,0.9914363026618958,0.0,0.9894791691888012
COD10K-NonCAM-1-Amphibian-27,0.007707931101322174,0.992292046546936,0.0,0.9902627017202976
COD10K-NonCAM-1-Amphibian-29,0.006068641319870949,0.9939313530921936,0.0,0.9918553664459298
COD10K-NonCAM-1-Amphibian-3,0.004695712588727474,0.99530428647995,0.0,0.9931833016553274
COD10K-NonCAM-1-Amphibian-30,0.010033397935330868,0.989966630935669,0.0,0.9880168357505471
COD10K-NonCAM-1-Amphibian-31,0.008171720430254936,0.9918282628059387,0.0,0.9899113053658913
COD10K-NonCAM-1-Amphibian-33,0.1956782191991806,0.8043217658996582,0.0,0.8032036968939413
COD10K-NonCAM-1-Amphibian-34,0.005458252504467964,0.9945417642593384,0.0,0.992336589660864
COD10K-NonCAM-1-Amphibian-38,0.00973844900727272,0.9902615547180176,0.0,0.9883315035249352
COD10K-NonCAM-1-Amphibian-4,0.004563962575048208,0.9954360127449036,0.0,0.9932013664418944
COD10K-NonCAM-1-Amphibian-43,0.008108916692435741,0.991891086101532,0.0,0.9897958546705894
COD10K-NonCAM-1-Amphibian-44,0.005997215863317251,0.9940027594566345,0.0,0.9918857581636444
COD10K-NonCAM-1-Amphibian-49,0.007095830049365759,0.9929041862487793,0.0,0.9909021258060744
COD10K-NonCAM-1-Amphibian-50,0.07678914070129395,0.923210859298706,0.0,0.9216074646094122
COD10K-NonCAM-1-Amphibian-52,0.17818671464920044,0.8218132853507996,0.0,0.8206185294645811
COD10K-NonCAM-1-Amphibian-53,0.12127722799777985,0.8787227869033813,0.0,0.8771560149370878
COD10K-NonCAM-1-Amphibian-55,0.004264031536877155,0.9957359433174133,0.0,0.9937937211972272
COD10K-NonCAM-1-Amphibian-56,0.0028257679659873247,0.9971742033958435,0.0,0.9958974649019801
COD10K-NonCAM-1-Amphibian-60,0.005411328747868538,0.9945886731147766,0.0,0.9924679298019421
COD10K-NonCAM-1-Amphibian-62,0.003876582719385624,0.9961234331130981,0.0,0.9945984396564251
COD10K-NonCAM-1-Amphibian-63,0.006200562696903944,0.9937994480133057,0.0,0.991830649530278
COD10K-NonCAM-1-Amphibian-66,0.03705030679702759,0.9629496932029724,0.0,0.9611509356109215
COD10K-NonCAM-1-Amphibian-7,0.04120487719774246,0.9587951302528381,0.0,0.9570227693235838
COD10K-NonCAM-1-Amphibian-74,0.14945155382156372,0.8505484461784363,0.0,0.849241947329766
COD10K-NonCAM-1-Amphibian-77,0.004350360948592424,0.9956496357917786,0.0,0.99377162099586
COD10K-NonCAM-1-Amphibian-8,0.024228965863585472,0.9757710099220276,0.0,0.9738712251216679
COD10K-NonCAM-1-Amphibian-80,0.004666355438530445,0.9953336715698242,0.0,0.9928937291167287
COD10K-NonCAM-1-Amphibian-81,0.02492968924343586,0.9750702977180481,0.0,0.9731967433698137
COD10K-NonCAM-1-Amphibian-82,0.002968007931485772,0.9970319867134094,0.0,0.9955551167041963
COD10K-NonCAM-1-Amphibian-83,0.021078720688819885,0.9789212942123413,0.0,0.9770989579550133
COD10K-NonCAM-1-Amphibian-86,0.06024905666708946,0.9397509694099426,0.0,0.938056477395624
COD10K-NonCAM-1-Amphibian-87,0.009658809751272202,0.9903411865234375,0.0,0.9884626545059444
COD10K-NonCAM-1-Amphibian-90,0.003797624260187149,0.9962023496627808,0.0,0.9944991936736806
COD10K-NonCAM-1-Amphibian-92,0.0061530424281954765,0.9938469529151917,0.0,0.9919050840173365
COD10K-NonCAM-1-Amphibian-93,0.0032818703912198544,0.9967181086540222,0.0,0.9953801751672682
COD10K-NonCAM-1-Amphibian-96,0.25894415378570557,0.7410558462142944,0.0,0.7401312985258629
COD10K-NonCAM-2-Aquatic-215,0.004137334413826466,0.9958626627922058,0.0,0.9941803328511016
COD10K-NonCAM-2-Aquatic-218,0.00813731923699379,0.9918626546859741,0.0,0.9900257472074933
COD10K-NonCAM-2-Aquatic-219,0.048987239599227905,0.9510127305984497,0.0,0.949266071543869
COD10K-NonCAM-2-Aquatic-220,0.0041569010354578495,0.9958431124687195,0.0,0.9943213832090428
COD10K-NonCAM-2-Aquatic-221,0.1276194006204605,0.8723806142807007,0.0,0.8709501144544523
COD10K-NonCAM-2-Aquatic-222,0.08768246322870255,0.9123175144195557,0.0,0.910757810545346
COD10K-NonCAM-2-Aquatic-224,0.04669738560914993,0.9533026218414307,0.0,0.9515618757717732
COD10K-NonCAM-2-Aquatic-225,0.045230939984321594,0.9547690749168396,0.0,0.9531269861807221
COD10K-NonCAM-2-Aquatic-227,0.0884428471326828,0.911557137966156,0.0,0.9100268960396438
COD10K-NonCAM-2-Aquatic-228,0.008192252367734909,0.991807758808136,0.0,0.9898298719562888
COD10K-NonCAM-2-Aquatic-230,0.06641465425491333,0.9335853457450867,0.0,0.93190896432088
COD10K-NonCAM-2-Aquatic-231,0.010296313092112541,0.9897037148475647,0.0,0.9878073725010696
COD10K-NonCAM-2-Aquatic-235,0.036454323679208755,0.9635456800460815,0.0,0.9617893823696763
COD10K-NonCAM-2-Aquatic-242,0.007821086794137955,0.9921789169311523,0.0,0.9902661696548916
COD10K-NonCAM-2-Aquatic-243,0.055045679211616516,0.9449543356895447,0.0,0.9432477863227686
COD10K-NonCAM-2-Aquatic-245,0.10116016864776611,0.8988398313522339,0.0,0.8973781720882466
COD10K-NonCAM-2-Aquatic-246,0.02229287102818489,0.9777071475982666,0.0,0.9759183153858262
COD10K-NonCAM-2-Aquatic-247,0.0023759594187140465,0.9976240396499634,0.0,0.9959099494665185
COD10K-NonCAM-2-Aquatic-249,0.0018525754567235708,0.9981474280357361,0.0,0.9960249587883266
COD10K-NonCAM-2-Aquatic-250,0.014510629698634148,0.9854893684387207,0.0,0.9835383765425374
COD10K-NonCAM-2-Aquatic-253,0.05039495602250099,0.9496050477027893,0.0,0.9478784563327767
COD10K-NonCAM-2-Aquatic-254,0.007159017026424408,0.9928410053253174,0.0,0.9910354206011964
COD10K-NonCAM-2-Aquatic-258,0.00428351853042841,0.9957164525985718,0.0,0.9940158581713118
COD10K-NonCAM-2-Aquatic-262,0.005887441337108612,0.9941125512123108,0.0,0.9919090879054586
COD10K-NonCAM-2-Aquatic-264,0.002136612543836236,0.9978634119033813,0.0,0.9960466176162001
COD10K-NonCAM-2-Aquatic-270,0.0028023719787597656,0.9971976280212402,0.0,0.9955924758177771
COD10K-NonCAM-2-Aquatic-272,0.07582935690879822,0.9241706132888794,0.0,0.9225587821219019
COD10K-NonCAM-2-Aquatic-277,0.001435707090422511,0.9985643029212952,0.0,0.9960986681617882
COD10K-NonCAM-2-Aquatic-283,0.004000423010438681,0.9959995746612549,0.0,0.9942786330335023
COD10K-NonCAM-2-Aquatic-284,0.08560945838689804,0.9143905639648438,0.0,0.9128027569953916
COD10K-NonCAM-2-Aquatic-286,0.0065709613263607025,0.9934290647506714,0.0,0.9914660750244146
COD10K-NonCAM-2-Aquatic-287,0.004927169065922499,0.9950728416442871,0.0,0.9931146680770444
COD10K-NonCAM-2-Aquatic-289,0.005317972041666508,0.9946820139884949,0.0,0.992389838220221
COD10K-NonCAM-2-Aquatic-290,0.002634522970765829,0.9973654747009277,0.0,0.9959086883993934
COD10K-NonCAM-2-Aquatic-291,0.007460993714630604,0.9925389885902405,0.0,0.9905780630816045
COD10K-NonCAM-2-Aquatic-292,0.14165398478507996,0.8583459854125977,0.0,0.8569369474003858
COD10K-NonCAM-2-Aquatic-295,0.014044642448425293,0.9859553575515747,0.0,0.9841289973305734
COD10K-NonCAM-2-Aquatic-296,0.0048217312432825565,0.9951782822608948,0.0,0.9928108770066103
COD10K-NonCAM-2-Aquatic-297,0.004578701686114073,0.995421290397644,0.0,0.9935204794778983
COD10K-NonCAM-2-Aquatic-299,0.007168682292103767,0.992831289768219,0.0,0.9908303395599787
COD10K-NonCAM-2-Aquatic-300,0.02837931551039219,0.9716206789016724,0.0,0.9697567414126375
COD10K-NonCAM-2-Aquatic-303,0.012293004430830479,0.9877070188522339,0.0,0.9857993437911111
COD10K-NonCAM-2-Aquatic-305,0.004235323518514633,0.9957646727561951,0.0,0.9941481756394117
COD10K-NonCAM-2-Aquatic-306,0.008001879788935184,0.9919981360435486,0.0,0.9900897778907697
COD10K-NonCAM-2-Aquatic-307,0.00869547575712204,0.9913045167922974,0.0,0.9894024017275613
COD10K-NonCAM-2-Aquatic-309,0.21369536221027374,0.7863046526908875,0.0,0.7851872722512773
COD10K-NonCAM-2-Aquatic-312,0.056872207671403885,0.9431278109550476,0.0,0.9414639122942947
COD10K-NonCAM-2-Aquatic-315,0.0025206394493579865,0.9974793791770935,0.0,0.9959911621893742
COD10K-NonCAM-2-Aquatic-317,0.01173407956957817,0.9882659316062927,0.0,0.9863812001626274
COD10K-NonCAM-2-Aquatic-318,0.004220211412757635,0.995779812335968,0.0,0.9936824950767942
COD10K-NonCAM-2-Aquatic-322,0.06899766623973846,0.9310023188591003,0.0,0.9293342750982623
COD10K-NonCAM-2-Aquatic-323,0.031348392367362976,0.9686515927314758,0.0,0.9668628130473033
COD10K-NonCAM-2-Aquatic-326,0.004127665888518095,0.9958723187446594,0.0,0.9938680926309293
COD10K-NonCAM-2-Aquatic-327,0.0061528030782938,0.9938471913337708,0.0,0.9917213150105327
COD10K-NonCAM-2-Aquatic-333,0.07331812381744385,0.9266818761825562,0.0,0.9250437148918913
COD10K-NonCAM-2-Aquatic-334,0.001488547888584435,0.9985114336013794,0.0,0.9960815176488869
COD10K-NonCAM-2-Aquatic-339,0.004996015690267086,0.9950039982795715,0.0,0.9932205661888739
COD10K-NonCAM-2-Aquatic-346,0.005741355009377003,0.9942586421966553,0.0,0.9924104881943943
COD10K-NonCAM-2-Aquatic-347,0.1268935203552246,0.8731064796447754,0.0,0.8716843077346795
COD10K-NonCAM-2-Aquatic-348,0.004422978963702917,0.9955770373344421,0.0,0.993831836951083
COD10K-NonCAM-2-Aquatic-349,0.011087925173342228,0.988912045955658,0.0,0.9870499755857407
COD10K-NonCAM-2-Aquatic-350,0.003915184643119574,0.9960848093032837,0.0,0.9943094345980326
COD10K-NonCAM-2-Aquatic-353,0.09004784375429153,0.9099521636962891,0.0,0.9084102079852788
COD10K-NonCAM-2-Aquatic-369,0.004953628871589899,0.9950463771820068,0.0,0.9929598720874397
COD10K-NonCAM-2-Aquatic-370,0.01203554030507803,0.9879644513130188,0.0,0.98605726354487
COD10K-NonCAM-2-Aquatic-377,0.006260619964450598,0.9937393665313721,0.0,0.99178802546145
COD10K-NonCAM-2-Aquatic-379,0.005433849059045315,0.9945661425590515,0.0,0.9923038649689679
COD10K-NonCAM-2-Aquatic-380,0.02076955884695053,0.9792304635047913,0.0,0.977370181966942
COD10K-NonCAM-2-Aquatic-381,0.006489436607807875,0.9935105443000793,0.0,0.9915684421482938
COD10K-NonCAM-2-Aquatic-382,0.004534874111413956,0.995465099811554,0.0,0.9932786068033062
COD10K-NonCAM-2-Aquatic-383,0.0030608742963522673,0.9969391226768494,0.0,0.9956939917213468
COD10K-NonCAM-2-Aquatic-384,0.016091372817754745,0.9839086532592773,0.0,0.9820691387617735
COD10K-NonCAM-2-Aquatic-385,0.004511499777436256,0.9954885244369507,0.0,0.9934520665863622
COD10K-NonCAM-2-Aquatic-387,0.04069065302610397,0.9593093395233154,0.0,0.9573590959258452
COD10K-NonCAM-2-Aquatic-389,0.00732456985861063,0.9926754236221313,0.0,0.9907504509576042
COD10K-NonCAM-2-Aquatic-390,0.004497956018894911,0.9955020546913147,0.0,0.9935854559615186
COD10K-NonCAM-2-Aquatic-391,0.006170665379613638,0.9938293099403381,0.0,0.9918928831929013
COD10K-NonCAM-2-Aquatic-395,0.008977087214589119,0.9910228848457336,0.0,0.9892003157207657
COD10K-NonCAM-2-Aquatic-397,0.006837659515440464,0.9931623339653015,0.0,0.9912193787680689
COD10K-NonCAM-2-Aquatic-399,0.004951918497681618,0.9950481057167053,0.0,0.9930267086450695
COD10K-NonCAM-2-Aquatic-400,0.024039002135396004,0.9759609699249268,0.0,0.9741369319649242
COD10K-NonCAM-2-Aquatic-403,0.032522834837436676,0.9674771428108215,0.0,0.9658217075555071
COD10K-NonCAM-2-Aquatic-406,0.11769956350326538,0.8823004364967346,0.0,0.8808469061988007
COD10K-NonCAM-2-Aquatic-407,0.04774687439203262,0.9522531032562256,0.0,0.9505062680080387
COD10K-NonCAM-2-Aquatic-409,0.005954543128609657,0.9940454363822937,0.0,0.9922032002857075
COD10K-NonCAM-2-Aquatic-410,0.002458873437717557,0.9975411295890808,0.0,0.9959168222823502
COD10K-NonCAM-2-Aquatic-411,0.005871647037565708,0.9941283464431763,0.0,0.9918632165887835
COD10K-NonCAM-2-Aquatic-416,0.029852796345949173,0.9701471924781799,0.0,0.9684032380672785
COD10K-NonCAM-2-Aquatic-419,0.0034089230466634035,0.9965910911560059,0.0,0.9949357751123866
COD10K-NonCAM-2-Aquatic-422,0.006132995244115591,0.9938669800758362,0.0,0.9919155193477966
COD10K-NonCAM-2-Aquatic-423,0.03351625055074692,0.9664837718009949,0.0,0.9647111803184749
COD10K-NonCAM-2-Aquatic-427,0.009186915121972561,0.9908130764961243,0.0,0.9889322443766497
COD10K-NonCAM-2-Aquatic-430,0.0031906748190522194,0.9968093037605286,0.0,0.9952876128402867
COD10K-NonCAM-2-Aquatic-437,0.003920139744877815,0.9960798621177673,0.0,0.9940165832849086
COD10K-NonCAM-2-Aquatic-441,0.002081474056467414,0.9979185461997986,0.0,0.9960691591910611
COD10K-NonCAM-2-Aquatic-444,0.0031187073327600956,0.9968813061714172,0.0,0.9954878387730728
COD10K-NonCAM-2-Aquatic-445,0.004608544055372477,0.9953914284706116,0.0,0.9932643252181145
COD10K-NonCAM-2-Aquatic-447,0.006778345443308353,0.993221640586853,0.0,0.9911119989023675
COD10K-NonCAM-2-Aquatic-452,0.002664383267983794,0.9973356127738953,0.0,0.9959353914957672
COD10K-NonCAM-2-Aquatic-453,0.01831781305372715,0.9816821813583374,0.0,0.9798092749469345
COD10K-NonCAM-2-Aquatic-454,0.004418523982167244,0.9955814480781555,0.0,0.9933881620097983
COD10K-NonCAM-2-Aquatic-458,0.017010513693094254,0.982989490032196,0.0,0.9810831419033439
COD10K-NonCAM-2-Aquatic-462,0.05579338222742081,0.9442065954208374,0.0,0.942488245593327
COD10K-NonCAM-2-Aquatic-463,0.003586959093809128,0.9964130520820618,0.0,0.9953168380709105
COD10K-NonCAM-2-Aquatic-464,0.14160190522670746,0.8583980798721313,0.0,0.8570535015294223
COD10K-NonCAM-2-Aquatic-466,0.0037202974781394005,0.9962797164916992,0.0,0.9949729765925768
COD10K-NonCAM-2-Aquatic-468,0.06040819361805916,0.9395918250083923,0.0,0.9379070094146227
COD10K-NonCAM-2-Aquatic-471,0.02631428651511669,0.9736857414245605,0.0,0.9718881024874297
COD10K-NonCAM-2-Aquatic-473,0.0067077684216201305,0.9932922124862671,0.0,0.9913070544599407
COD10K-NonCAM-2-Aquatic-474,0.0034420606680214405,0.9965579509735107,0.0,0.9951584165133212
COD10K-NonCAM-2-Aquatic-481,0.0060222093015909195,0.9939777851104736,0.0,0.9919463839656831
COD10K-NonCAM-2-Aquatic-482,0.004180533345788717,0.9958194494247437,0.0,0.9939521742814947
COD10K-NonCAM-2-Aquatic-483,0.003721303306519985,0.996278703212738,0.0,0.9946661589610424
COD10K-NonCAM-2-Aquatic-484,0.009945300407707691,0.990054726600647,0.0,0.9881236481360421
COD10K-NonCAM-2-Aquatic-486,0.0032310797832906246,0.9967688918113708,0.0,0.995454924921108
COD10K-NonCAM-2-Aquatic-488,0.005561914294958115,0.994438111782074,0.0,0.9921283874785117
COD10K-NonCAM-2-Aquatic-490,0.032559167593717575,0.9674408435821533,0.0,0.9656932678688167
COD10K-NonCAM-2-Aquatic-492,0.003167850198224187,0.9968321323394775,0.0,0.9955128709555059
COD10K-NonCAM-2-Aquatic-496,0.004559383727610111,0.9954406023025513,0.0,0.9935783624589399
COD10K-NonCAM-2-Aquatic-497,0.007623620331287384,0.9923763871192932,0.0,0.9905140954516842
COD10K-NonCAM-2-Aquatic-500,0.06360051035881042,0.9363994598388672,0.0,0.9346572709599444
COD10K-NonCAM-2-Aquatic-501,0.004188137128949165,0.9958118796348572,0.0,0.994305556816623
COD10K-NonCAM-2-Aquatic-502,0.015314135700464249,0.9846858382225037,0.0,0.9827873480161904
COD10K-NonCAM-2-Aquatic-503,0.008692418225109577,0.9913075566291809,0.0,0.989307884746536
COD10K-NonCAM-2-Aquatic-508,0.009070663712918758,0.990929365158081,0.0,0.9889668921959116
COD10K-NonCAM-2-Aquatic-510,0.004503046628087759,0.995496928691864,0.0,0.9936903452196479
COD10K-NonCAM-2-Aquatic-515,0.0036446568556129932,0.9963553547859192,0.0,0.9950261620985774
COD10K-NonCAM-2-Aquatic-517,0.00585798779502511,0.9941419959068298,0.0,0.9920258311945638
COD10K-NonCAM-2-Aquatic-518,0.00917527824640274,0.9908246994018555,0.0,0.9889287449153775
COD10K-NonCAM-2-Aquatic-521,0.028230153024196625,0.9717698693275452,0.0,0.96994423056746
COD10K-NonCAM-2-Aquatic-522,0.010257232934236526,0.9897427558898926,0.0,0.9878410745199877
COD10K-NonCAM-2-Aquatic-527,0.03806374594569206,0.9619362354278564,0.0,0.9602155705975643
COD10K-NonCAM-2-Aquatic-528,0.011566411703824997,0.9884335994720459,0.0,0.9865343882916479
COD10K-NonCAM-2-Aquatic-529,0.0024068704806268215,0.997593104839325,0.0,0.9958742927935565
COD10K-NonCAM-2-Aquatic-531,0.0020055093336850405,0.9979944825172424,0.0,0.9960261568020955
COD10K-NonCAM-2-Aquatic-532,0.002371604321524501,0.997628390789032,0.0,0.9957164071894953
COD10K-NonCAM-2-Aquatic-534,0.015735965222120285,0.9842640161514282,0.0,0.9826722441143476
COD10K-NonCAM-2-Aquatic-535,0.0026410548016428947,0.9973589181900024,0.0,0.9956783544889958
COD10K-NonCAM-2-Aquatic-536,0.0038977486547082663,0.9961022734642029,0.0,0.9944365186375635
COD10K-NonCAM-2-Aquatic-537,0.08644391596317291,0.9135560989379883,0.0,0.9120413246652623
COD10K-NonCAM-2-Aquatic-539,0.03637513890862465,0.9636248350143433,0.0,0.9618050511287056
COD10K-NonCAM-2-Aquatic-542,0.008781693875789642,0.9912183284759521,0.0,0.9889848939291223
COD10K-NonCAM-2-Aquatic-544,0.008856695145368576,0.9911432862281799,0.0,0.9897901798685264
COD10K-NonCAM-2-Aquatic-546,0.004207738675177097,0.9957922697067261,0.0,0.9943091823846076
COD10K-NonCAM-2-Aquatic-547,0.0026076450012624264,0.9973923563957214,0.0,0.9958186166799838
COD10K-NonCAM-2-Aquatic-549,0.006852945312857628,0.993147075176239,0.0,0.9912264722706475
COD10K-NonCAM-2-Aquatic-554,0.0019498331239446998,0.9980501532554626,0.0,0.9960223736007202
COD10K-NonCAM-2-Aquatic-556,0.09132514148950577,0.9086748361587524,0.0,0.9070740127862118
COD10K-NonCAM-2-Aquatic-557,0.07057640701532364,0.9294235706329346,0.0,0.9277504063158277
COD10K-NonCAM-2-Aquatic-559,0.021247994154691696,0.9787520170211792,0.0,0.9769109643733406
COD10K-NonCAM-2-Aquatic-560,0.005889653228223324,0.9941103458404541,0.0,0.9919760505698009
COD10K-NonCAM-2-Aquatic-563,0.003637426532804966,0.996362566947937,0.0,0.9947411924549853
COD10K-NonCAM-2-Aquatic-566,0.002856238977983594,0.9971437454223633,0.0,0.9958457296231733
COD10K-NonCAM-2-Aquatic-567,0.07080619782209396,0.9291937947273254,0.0,0.9275722490577306
COD10K-NonCAM-2-Aquatic-568,0.04107499495148659,0.9589250087738037,0.0,0.9570671273597089
COD10K-NonCAM-2-Aquatic-570,0.03671722859144211,0.9632827639579773,0.0,0.9614901311408925
COD10K-NonCAM-2-Aquatic-571,0.07495024055242538,0.9250497817993164,0.0,0.9233748186585474
COD10K-NonCAM-2-Aquatic-573,0.0404251329600811,0.9595748782157898,0.0,0.9579409207706835
COD10K-NonCAM-2-Aquatic-576,0.0038980685640126467,0.9961019158363342,0.0,0.9947427687888917
COD10K-NonCAM-2-Aquatic-577,0.002947909524664283,0.9970520734786987,0.0,0.9957013689640286
COD10K-NonCAM-2-Aquatic-579,0.004255915060639381,0.9957441091537476,0.0,0.9939086044123229
COD10K-NonCAM-2-Aquatic-580,0.003130071796476841,0.9968699216842651,0.0,0.9955409296990391
COD10K-NonCAM-2-Aquatic-582,0.003594068344682455,0.9964059591293335,0.0,0.994678202152087
COD10K-NonCAM-2-Aquatic-583,0.10414300858974457,0.8958569765090942,0.0,0.8943514218279622
COD10K-NonCAM-2-Aquatic-585,0.0020075577776879072,0.9979924559593201,0.0,0.9960532066919286
COD10K-NonCAM-2-Aquatic-588,0.003177554113790393,0.9968224167823792,0.0,0.9955787301861136
COD10K-NonCAM-2-Aquatic-590,0.02645941637456417,0.9735406041145325,0.0,0.9715406154411113
COD10K-NonCAM-2-Aquatic-591,0.004269132856279612,0.9957308769226074,0.0,0.9938333502316331
COD10K-NonCAM-2-Aquatic-597,0.05149666219949722,0.948503315448761,0.0,0.9468030813418561
COD10K-NonCAM-2-Aquatic-599,0.1105128601193428,0.8894871473312378,0.0,0.8879910721491813
COD10K-NonCAM-2-Aquatic-600,0.03957124054431915,0.960428774356842,0.0,0.9584911874107165
COD10K-NonCAM-2-Aquatic-602,0.006838412955403328,0.9931615591049194,0.0,0.9910324886201305
COD10K-NonCAM-2-Aquatic-608,0.06435209512710571,0.9356479048728943,0.0,0.934037487994641
COD10K-NonCAM-2-Aquatic-609,0.023617686703801155,0.976382315158844,0.0,0.9745098925671696
COD10K-NonCAM-2-Aquatic-614,0.007497907616198063,0.9925020933151245,0.0,0.99067510219688
COD10K-NonCAM-2-Aquatic-616,0.006284358911216259,0.9937156438827515,0.0,0.9915924654770267
COD10K-NonCAM-2-Aquatic-617,0.09169799089431763,0.9083020091056824,0.0,0.9067457254868727
COD10K-NonCAM-2-Aquatic-620,0.0011153710074722767,0.9988846182823181,0.0,0.9961014425094633
COD10K-NonCAM-2-Aquatic-621,0.05335946008563042,0.9466405510902405,0.0,0.9449568160173685
COD10K-NonCAM-2-Aquatic-622,0.0661267638206482,0.9338732361793518,0.0,0.9322344457458657
COD10K-NonCAM-2-Aquatic-623,0.040786195546388626,0.9592137932777405,0.0,0.957559195751919
COD10K-NonCAM-2-Aquatic-625,0.0019110820721834898,0.9980888962745667,0.0,0.9960662902633515
COD10K-NonCAM-2-Aquatic-629,0.06958290189504623,0.9304171204566956,0.0,0.9288023885115776
COD10K-NonCAM-2-Aquatic-630,0.06258529424667358,0.9374147057533264,0.0,0.9358064814310388
COD10K-NonCAM-2-Aquatic-631,0.013987209647893906,0.9860128164291382,0.0,0.9841021050741308
COD10K-NonCAM-2-Aquatic-635,0.034873779863119125,0.9651262164115906,0.0,0.9633466111090934
COD10K-NonCAM-2-Aquatic-636,0.007319192867726088,0.9926807880401611,0.0,0.990765489183071
COD10K-NonCAM-2-Aquatic-637,0.004377991892397404,0.9956219792366028,0.0,0.9937146522884841
COD10K-NonCAM-2-Aquatic-639,0.05833882465958595,0.9416611790657043,0.0,0.9399472268629493
COD10K-NonCAM-2-Aquatic-640,0.030933212488889694,0.9690667986869812,0.0,0.9672989215858375
COD10K-NonCAM-2-Aquatic-642,0.0062691583298146725,0.9937308430671692,0.0,0.9917258548521831
COD10K-NonCAM-2-Aquatic-644,0.08030156046152115,0.9196984171867371,0.0,0.918128022777899
COD10K-NonCAM-2-Aquatic-649,0.022260114550590515,0.9777398705482483,0.0,0.9759439781018218
COD10K-NonCAM-2-Aquatic-652,0.00658960547298193,0.9934104084968567,0.0,0.9916660802704538
COD10K-NonCAM-2-Aquatic-655,0.004221014678478241,0.9957789778709412,0.0,0.9940003470456731
COD10K-NonCAM-2-Aquatic-661,0.04051067307591438,0.9594893455505371,0.0,0.9577446041459852
COD10K-NonCAM-2-Aquatic-662,0.016248568892478943,0.9837514162063599,0.0,0.982013777914982
COD10K-NonCAM-2-Aquatic-664,0.003780376398935914,0.9962196350097656,0.0,0.9946079922398976
COD10K-NonCAM-2-Aquatic-667,0.14612938463687897,0.8538706302642822,0.0,0.8526345331630388
COD10K-NonCAM-2-Aquatic-668,0.006925023160874844,0.9930749535560608,0.0,0.991154244651058
COD10K-NonCAM-2-Aquatic-669,0.004129004664719105,0.9958710074424744,0.0,0.99441284210229
COD10K-NonCAM-2-Aquatic-676,0.011604906991124153,0.988395094871521,0.0,0.9864927415498417
COD10K-NonCAM-2-Aquatic-679,0.008632156066596508,0.9913678169250488,0.0,0.9895017422903403
COD10K-NonCAM-2-Aquatic-681,0.0887075886130333,0.9112924337387085,0.0,0.909738773728239
COD10K-NonCAM-2-Aquatic-683,0.015478645451366901,0.9845213294029236,0.0,0.9823238112676853
COD10K-NonCAM-2-Aquatic-684,0.014298861846327782,0.9857011437416077,0.0,0.9838025070518877
COD10K-NonCAM-2-Aquatic-685,0.003342734882608056,0.9966572523117065,0.0,0.9950673674668897
COD10K-NonCAM-2-Aquatic-686,0.004589317366480827,0.995410680770874,0.0,0.9932825161113938
COD10K-NonCAM-2-Aquatic-688,0.005166800692677498,0.9948331713676453,0.0,0.9925311407915873
COD10K-NonCAM-2-Aquatic-689,0.11979731917381287,0.8802026510238647,0.0,0.8787506027900858
COD10K-NonCAM-2-Aquatic-691,0.021396661177277565,0.9786033630371094,0.0,0.9767853936143598
COD10K-NonCAM-2-Aquatic-693,0.0021833849605172873,0.9978166222572327,0.0,0.9959574601704562
COD10K-NonCAM-2-Aquatic-696,0.006919257342815399,0.993080735206604,0.0,0.9913684684289326
COD10K-NonCAM-2-Aquatic-704,0.0020004662219434977,0.9979995489120483,0.0,0.9960739197194582
COD10K-NonCAM-2-Aquatic-705,0.008536252193152905,0.9914637207984924,0.0,0.9896807507687466
COD10K-NonCAM-2-Aquatic-707,0.00662542600184679,0.9933745861053467,0.0,0.9914615667094424
COD10K-NonCAM-2-Aquatic-709,0.006201233249157667,0.9937987923622131,0.0,0.9917556475630134
COD10K-NonCAM-2-Aquatic-713,0.0062512741424143314,0.9937487244606018,0.0,0.9914376064340655
COD10K-NonCAM-2-Aquatic-717,0.004544889088720083,0.9954550862312317,0.0,0.9937249615122317
COD10K-NonCAM-2-Aquatic-721,0.006475483067333698,0.9935244917869568,0.0,0.9914928096474664
COD10K-NonCAM-2-Aquatic-728,0.004327164031565189,0.9956728219985962,0.0,0.9935245464193767
COD10K-NonCAM-2-Aquatic-729,0.08405032008886337,0.9159497022628784,0.0,0.9143698851117407
COD10K-NonCAM-2-Aquatic-730,0.007461106404662132,0.9925388693809509,0.0,0.990548711744268
COD10K-NonCAM-2-Aquatic-732,0.002700669690966606,0.997299313545227,0.0,0.99586076784864
COD10K-NonCAM-2-Aquatic-736,0.005120147485285997,0.9948798418045044,0.0,0.9931349712577584
COD10K-NonCAM-2-Aquatic-744,0.002174117835238576,0.9978258609771729,0.0,0.9960017236265468
COD10K-NonCAM-2-Aquatic-749,0.00594112416729331,0.9940588474273682,0.0,0.9920678247298294
COD10K-NonCAM-2-Aquatic-750,0.003254482289776206,0.9967455267906189,0.0,0.9955180098040406
COD10K-NonCAM-2-Aquatic-752,0.0034642929676920176,0.9965357184410095,0.0,0.9948577781106999
COD10K-NonCAM-2-Aquatic-759,0.01844503916800022,0.9815549850463867,0.0,0.9797372995407699
COD10K-NonCAM-2-Aquatic-769,0.005484515335410833,0.9945154786109924,0.0,0.9922874080429855
COD10K-NonCAM-2-Aquatic-772,0.0049269418232142925,0.9950730800628662,0.0,0.9927779946813236
COD10K-NonCAM-2-Aquatic-774,0.0043646409176290035,0.9956353306770325,0.0,0.9936618451026209
COD10K-NonCAM-2-Aquatic-776,0.02456587925553322,0.9754341244697571,0.0,0.9736011675968299
COD10K-NonCAM-2-Aquatic-777,0.036974068731069565,0.9630259275436401,0.0,0.9612394940497809
COD10K-NonCAM-2-Aquatic-781,0.006446647923439741,0.9935533404350281,0.0,0.9915699554288437
COD10K-NonCAM-2-Aquatic-788,0.005083458032459021,0.994916558265686,0.0,0.9928885587415159
COD10K-NonCAM-2-Aquatic-789,0.0084577901288867,0.9915422201156616,0.0,0.9897380977962603
COD10K-NonCAM-2-Aquatic-795,0.0718439444899559,0.9281560778617859,0.0,0.9264799442406559
COD10K-NonCAM-2-Aquatic-800,0.020382873713970184,0.9796171188354492,0.0,0.977718551760248
COD10K-NonCAM-2-Aquatic-804,0.005504343658685684,0.9944956302642822,0.0,0.9924796261995273
COD10K-NonCAM-2-Aquatic-807,0.006033291108906269,0.9939666986465454,0.0,0.9923379768347016
COD10K-NonCAM-2-Aquatic-810,0.005142220761626959,0.9948577880859375,0.0,0.9932260203041899
COD10K-NonCAM-2-Aquatic-813,0.002724926918745041,0.9972750544548035,0.0,0.9957518116490323
COD10K-NonCAM-2-Aquatic-818,0.031134292483329773,0.968865692615509,0.0,0.9669928921212562
COD10K-NonCAM-2-Aquatic-826,0.0017952299676835537,0.99820476770401,0.0,0.9960859629105029
COD10K-NonCAM-2-Aquatic-830,0.002759117865934968,0.9972409009933472,0.0,0.9958107034837739
COD10K-NonCAM-2-Aquatic-832,0.0041228183545172215,0.995877206325531,0.0,0.9940702101644031
COD10K-NonCAM-2-Aquatic-833,0.24642841517925262,0.7535715699195862,0.0,0.752653789658039
COD10K-NonCAM-2-Aquatic-835,0.03522573038935661,0.9647742509841919,0.0,0.9630399511109498
COD10K-NonCAM-2-Aquatic-836,0.0031961973290890455,0.9968038201332092,0.0,0.9953859445493656
COD10K-NonCAM-2-Aquatic-837,0.004594129975885153,0.9954058527946472,0.0,0.9935614326327856
COD10K-NonCAM-2-Aquatic-841,0.003398624714463949,0.996601402759552,0.0,0.9951603081140088
COD10K-NonCAM-2-Aquatic-842,0.019364139065146446,0.9806358814239502,0.0,0.9788071679559819
COD10K-NonCAM-2-Aquatic-843,0.004008864983916283,0.9959911108016968,0.0,0.9942644775550232
COD10K-NonCAM-2-Aquatic-844,0.06841616332530975,0.931583821773529,0.0,0.9299398080050524
COD10K-NonCAM-2-Aquatic-845,0.0025699061807245016,0.9974300861358643,0.0,0.9959175789226252
COD10K-NonCAM-2-Aquatic-848,0.054423220455646515,0.9455767869949341,0.0,0.9438584896047715
COD10K-NonCAM-2-Aquatic-850,0.00502632325515151,0.9949736595153809,0.0,0.9930277805521257
COD10K-NonCAM-2-Aquatic-853,0.0049204775132238865,0.995079517364502,0.0,0.9929914618189233
COD10K-NonCAM-2-Aquatic-855,0.0031479080207645893,0.9968520998954773,0.0,0.9955880620828392
COD10K-NonCAM-2-Aquatic-858,0.009120645932853222,0.9908793568611145,0.0,0.9889220612596146
COD10K-NonCAM-2-Aquatic-862,0.006001955829560757,0.9939980506896973,0.0,0.9918160526783051
COD10K-NonCAM-2-Aquatic-863,0.00945877842605114,0.9905412197113037,0.0,0.9886362088690349
COD10K-NonCAM-2-Aquatic-865,0.04054052010178566,0.9594594836235046,0.0,0.9576594505883635
COD10K-NonCAM-2-Aquatic-867,0.009297980926930904,0.9907020330429077,0.0,0.988719470825969
COD10K-NonCAM-2-Aquatic-868,0.003637004643678665,0.9963629841804504,0.0,0.9946730317768742
COD10K-NonCAM-2-Aquatic-869,0.00967810396105051,0.9903218746185303,0.0,0.9883627779896373
COD10K-NonCAM-2-Aquatic-872,0.08082973212003708,0.9191702604293823,0.0,0.9176057518280429
COD10K-NonCAM-2-Aquatic-873,0.01025551650673151,0.9897444844245911,0.0,0.98784069619985
COD10K-NonCAM-2-Aquatic-874,0.007516035344451666,0.9924839735031128,0.0,0.9904835145739008
COD10K-NonCAM-2-Aquatic-879,0.004707481246441603,0.9952925443649292,0.0,0.9932696847533962
COD10K-NonCAM-2-Aquatic-880,0.010441964492201805,0.9895580410957336,0.0,0.9876837248694545
COD10K-NonCAM-2-Aquatic-881,0.001743912696838379,0.9982560873031616,0.0,0.9959703545818102
COD10K-NonCAM-2-Aquatic-883,0.0020256072748452425,0.9979743957519531,0.0,0.9959458583529054
COD10K-NonCAM-2-Aquatic-884,0.07560677826404572,0.9243932366371155,0.0,0.9228531151888978
COD10K-NonCAM-2-Aquatic-889,0.002481047995388508,0.9975189566612244,0.0,0.9958947851343393
COD10K-NonCAM-2-Aquatic-892,0.008074688725173473,0.9919252991676331,0.0,0.9899984766309131
COD10K-NonCAM-2-Aquatic-896,0.00358615443110466,0.9964138269424438,0.0,0.9948931195168804
COD10K-NonCAM-2-Aquatic-897,0.008883575908839703,0.9911164045333862,0.0,0.9891182833042786
COD10K-NonCAM-2-Aquatic-898,0.013676758855581284,0.9863232374191284,0.0,0.9845826977555024
COD10K-NonCAM-2-Aquatic-899,0.04720001295208931,0.9527999758720398,0.0,0.9510555888477278
COD10K-NonCAM-2-Aquatic-900,0.013917204923927784,0.9860827922821045,0.0,0.9842617561721673
COD10K-NonCAM-2-Aquatic-901,0.018520735204219818,0.981479287147522,0.0,0.9796036579521885
COD10K-NonCAM-2-Aquatic-906,0.020912904292345047,0.9790871143341064,0.0,0.9772280912286226
COD10K-NonCAM-2-Aquatic-907,0.006664474960416555,0.9933355450630188,0.0,0.9913884563428652
COD10K-NonCAM-2-Aquatic-911,0.007467275485396385,0.9925327301025391,0.0,0.9906067838853785
COD10K-NonCAM-2-Aquatic-915,0.03474333509802818,0.9652566909790039,0.0,0.9635189989850931
COD10K-NonCAM-2-Aquatic-918,0.00593813881278038,0.9940618872642517,0.0,0.9919691777539692
COD10K-NonCAM-2-Aquatic-919,0.004673950374126434,0.995326042175293,0.0,0.9937061716120679
COD10K-NonCAM-2-Aquatic-926,0.004900235682725906,0.9950997829437256,0.0,0.9928273969859489
COD10K-NonCAM-2-Aquatic-928,0.05514281243085861,0.9448571801185608,0.0,0.9431495807204022
COD10K-NonCAM-2-Aquatic-930,0.0054599326103925705,0.9945400953292847,0.0,0.9922583404457522
COD10K-NonCAM-2-Aquatic-934,0.005321286153048277,0.9946787357330322,0.0,0.9925964010153107
COD10K-NonCAM-2-Aquatic-935,0.012269693426787853,0.9877303242683411,0.0,0.9857637501715052
COD10K-NonCAM-2-Aquatic-936,0.016841907054185867,0.9831581115722656,0.0,0.981297744001356
COD10K-NonCAM-2-Aquatic-939,0.011097307316958904,0.9889026880264282,0.0,0.987041873229462
COD10K-NonCAM-2-Aquatic-940,0.009596878662705421,0.9904031157493591,0.0,0.9884490980343498
COD10K-NonCAM-2-Aquatic-943,0.0019356381380930543,0.9980643391609192,0.0,0.9960478786833251
COD10K-NonCAM-2-Aquatic-945,0.009239423088729382,0.9907605648040771,0.0,0.9889234484334524
COD10K-NonCAM-3-Flying-1004,0.005365618038922548,0.9946343898773193,0.0,0.9926181859498966
COD10K-NonCAM-3-Flying-1006,0.005497895646840334,0.9945021271705627,0.0,0.9923464259844397
COD10K-NonCAM-3-Flying-1008,0.026646185666322708,0.9733538031578064,0.0,0.9716871199143686
COD10K-NonCAM-3-Flying-1013,0.004534913692623377,0.995465099811554,0.0,0.9931858237895776
COD10K-NonCAM-3-Flying-1014,0.008407429791986942,0.9915925860404968,0.0,0.9895488746741405
COD10K-NonCAM-3-Flying-1016,0.06406987458467484,0.9359301328659058,0.0,0.9342875891322244
COD10K-NonCAM-3-Flying-1017,0.001726749585941434,0.9982732534408569,0.0,0.9960824319225526
COD10K-NonCAM-3-Flying-1020,0.001892452477477491,0.9981075525283813,0.0,0.9960570214199821
COD10K-NonCAM-3-Flying-1026,0.005226174369454384,0.994773805141449,0.0,0.9928699264747427
COD10K-NonCAM-3-Flying-1031,0.005268275272101164,0.9947317242622375,0.0,0.9926560494903274
COD10K-NonCAM-3-Flying-1032,0.0037778206169605255,0.996222198009491,0.0,0.9947657202105682
COD10K-NonCAM-3-Flying-1034,0.004261082969605923,0.9957389235496521,0.0,0.993884108183418
COD10K-NonCAM-3-Flying-1035,0.006714607588946819,0.9932854175567627,0.0,0.9913898119900248
COD10K-NonCAM-3-Flying-1037,0.005458715371787548,0.9945412874221802,0.0,0.9927398474007897
COD10K-NonCAM-3-Flying-1038,0.023014679551124573,0.9769853353500366,0.0,0.9750296413827753
COD10K-NonCAM-3-Flying-1040,0.0034513992723077536,0.996548593044281,0.0,0.9950164518817142
COD10K-NonCAM-3-Flying-1043,0.0049643670208752155,0.9950356483459473,0.0,0.9931689254901015
COD10K-NonCAM-3-Flying-1044,0.0023299180902540684,0.99767005443573,0.0,0.9960519456248036
COD10K-NonCAM-3-Flying-1046,0.007125275209546089,0.9928747415542603,0.0,0.9911075221140734
COD10K-NonCAM-3-Flying-1050,0.1629510521888733,0.8370489478111267,0.0,0.8358459150000404
COD10K-NonCAM-3-Flying-1051,0.009035619907081127,0.9909643530845642,0.0,0.9888882331339841
COD10K-NonCAM-3-Flying-1053,0.002339048543944955,0.9976609349250793,0.0,0.9959022254303773
COD10K-NonCAM-3-Flying-1056,0.08115849643945694,0.9188414812088013,0.0,0.9168632039781119
COD10K-NonCAM-3-Flying-1057,0.009733916260302067,0.9902660846710205,0.0,0.9883233065886221
COD10K-NonCAM-3-Flying-1058,0.003707664320245385,0.9962923526763916,0.0,0.9948776083912418
COD10K-NonCAM-3-Flying-1060,0.008364892564713955,0.9916350841522217,0.0,0.9896181703126642
COD10K-NonCAM-3-Flying-1064,0.034123972058296204,0.965876042842865,0.0,0.9641136867146075
COD10K-NonCAM-3-Flying-1066,0.007566239684820175,0.9924337863922119,0.0,0.9904773353449879
COD10K-NonCAM-3-Flying-1067,0.04944862052798271,0.9505513906478882,0.0,0.9488770008091008
COD10K-NonCAM-3-Flying-1068,0.07745209336280823,0.9225479364395142,0.0,0.9206851831674778
COD10K-NonCAM-3-Flying-1069,0.005972443614155054,0.9940275549888611,0.0,0.9920035103064497
COD10K-NonCAM-3-Flying-1073,0.05623641610145569,0.9437636137008667,0.0,0.9420412918775172
COD10K-NonCAM-3-Flying-1076,0.005847766995429993,0.9941522479057312,0.0,0.992231763456091
COD10K-NonCAM-3-Flying-1077,0.0028009754605591297,0.9971989989280701,0.0,0.995795633731629
COD10K-NonCAM-3-Flying-1089,0.019935820251703262,0.9800641536712646,0.0,0.9780969980044876
COD10K-NonCAM-3-Flying-1097,0.08188699930906296,0.9181129932403564,0.0,0.9165791170815073
COD10K-NonCAM-3-Flying-1098,0.05548139289021492,0.9445186257362366,0.0,0.9429177965828108
COD10K-NonCAM-3-Flying-1101,0.034100037068128586,0.9658999443054199,0.0,0.9641722632825678
COD10K-NonCAM-3-Flying-1102,0.0021387923043221235,0.9978612065315247,0.0,0.9960604263012198
COD10K-NonCAM-3-Flying-1106,0.005914392415434122,0.9940856099128723,0.0,0.9921910309879506
COD10K-NonCAM-3-Flying-1111,0.03996962308883667,0.9600303769111633,0.0,0.9583573251353881
COD10K-NonCAM-3-Flying-1114,0.009340564720332623,0.9906594157218933,0.0,0.9887599195540061
COD10K-NonCAM-3-Flying-1117,0.030874108895659447,0.9691258668899536,0.0,0.96738725933795
COD10K-NonCAM-3-Flying-1120,0.0747319832444191,0.9252679944038391,0.0,0.9236726511868154
COD10K-NonCAM-3-Flying-1121,0.0016276113456115127,0.9983723759651184,0.0,0.9960742665129176
COD10K-NonCAM-3-Flying-1123,0.009144183248281479,0.9908558130264282,0.0,0.988948133822426
COD10K-NonCAM-3-Flying-1124,0.003479782957583666,0.9965202212333679,0.0,0.9952085754582216
COD10K-NonCAM-3-Flying-1125,0.04583734646439552,0.9541626572608948,0.0,0.9523953150347451
COD10K-NonCAM-3-Flying-1128,0.0034089181572198868,0.9965910911560059,0.0,0.9952196728489224
COD10K-NonCAM-3-Flying-1132,0.003526875516399741,0.9964731335639954,0.0,0.9947605183086772
COD10K-NonCAM-3-Flying-1137,0.0038742898032069206,0.9961256980895996,0.0,0.9945215145617946
COD10K-NonCAM-3-Flying-1139,0.04760504886507988,0.952394962310791,0.0,0.9504505603677876
COD10K-NonCAM-3-Flying-1140,0.003952836152166128,0.9960471391677856,0.0,0.9941896647478272
COD10K-NonCAM-3-Flying-1146,0.0017539772670716047,0.9982460141181946,0.0,0.9960626331686887
COD10K-NonCAM-3-Flying-1148,0.11003614217042923,0.8899638652801514,0.0,0.8885400146687328
COD10K-NonCAM-3-Flying-1150,0.004111724905669689,0.9958882927894592,0.0,0.9945418807958648
COD10K-NonCAM-3-Flying-1153,0.041549764573574066,0.9584502577781677,0.0,0.9567508517247363
COD10K-NonCAM-3-Flying-1159,0.09410745650529861,0.905892550945282,0.0,0.904444025770159
COD10K-NonCAM-3-Flying-1163,0.022801099345088005,0.9771988987922668,0.0,0.9754815447870512
COD10K-NonCAM-3-Flying-1164,0.00504015339538455,0.994959831237793,0.0,0.9926723487829192
COD10K-NonCAM-3-Flying-1169,0.002345598768442869,0.997654378414154,0.0,0.9958594752548368
COD10K-NonCAM-3-Flying-1170,0.006486326921731234,0.9935136437416077,0.0,0.9915289707472785
COD10K-NonCAM-3-Flying-1171,0.008376062847673893,0.9916239380836487,0.0,0.9897023465432639
COD10K-NonCAM-3-Flying-1173,0.005448963958770037,0.9945510625839233,0.0,0.9928084179257164
COD10K-NonCAM-3-Flying-1174,0.0017465561395511031,0.9982534646987915,0.0,0.9960742034595614
COD10K-NonCAM-3-Flying-1175,0.004263042006641626,0.9957369565963745,0.0,0.9938254685621013
COD10K-NonCAM-3-Flying-1177,0.0030500576831400394,0.9969499707221985,0.0,0.9952621392843599
COD10K-NonCAM-3-Flying-1182,0.006986366584897041,0.9930136203765869,0.0,0.9909629092415038
COD10K-NonCAM-3-Flying-1183,0.0048506734892725945,0.9951493144035339,0.0,0.9929283454093124
COD10K-NonCAM-3-Flying-1184,0.08094283938407898,0.9190571308135986,0.0,0.917532420774719
COD10K-NonCAM-3-Flying-1194,0.006552866660058498,0.9934471249580383,0.0,0.9913857450485464
COD10K-NonCAM-3-Flying-1196,0.04982032999396324,0.9501796960830688,0.0,0.9484599974375116
COD10K-NonCAM-3-Flying-1199,0.009614866226911545,0.990385115146637,0.0,0.9882850647280537
COD10K-NonCAM-3-Flying-1203,0.05615099519491196,0.9438490271568298,0.0,0.9419801301219501
COD10K-NonCAM-3-Flying-1205,0.004897778853774071,0.9951022267341614,0.0,0.9928393771236373
COD10K-NonCAM-3-Flying-1215,0.03361700847744942,0.9663829803466797,0.0,0.9647710494802386
COD10K-NonCAM-3-Flying-1216,0.052305545657873154,0.9476944804191589,0.0,0.9460510439618088
COD10K-NonCAM-3-Flying-1218,0.03827301040291786,0.96172696352005,0.0,0.9599009658765325
COD10K-NonCAM-3-Flying-1225,0.001958131557330489,0.9980418682098389,0.0,0.9960546569191225
COD10K-NonCAM-3-Flying-1227,0.005034071858972311,0.9949659109115601,0.0,0.9929417442475165
COD10K-NonCAM-3-Flying-1229,0.020855695009231567,0.9791443347930908,0.0,0.97742172808568
COD10K-NonCAM-3-Flying-1231,0.004826640710234642,0.9951733350753784,0.0,0.9930592441768967
COD10K-NonCAM-3-Flying-1232,0.004852202720940113,0.9951478242874146,0.0,0.9929655468895026
COD10K-NonCAM-3-Flying-1235,0.07257717847824097,0.927422821521759,0.0,0.9256751312014236
COD10K-NonCAM-3-Flying-1237,0.010463816113770008,0.9895361661911011,0.0,0.9876180863255937
COD10K-NonCAM-3-Flying-1238,0.004574814345687628,0.9954251646995544,0.0,0.9937635501662594
COD10K-NonCAM-3-Flying-1240,0.02758122608065605,0.9724187850952148,0.0,0.9704972715551683
COD10K-NonCAM-3-Flying-1245,0.0031743699219077826,0.996825635433197,0.0,0.995650201165428
COD10K-NonCAM-3-Flying-1246,0.04124360531568527,0.9587563872337341,0.0,0.957034938621341
COD10K-NonCAM-3-Flying-1251,0.008304966613650322,0.9916950464248657,0.0,0.9898734102987824
COD10K-NonCAM-3-Flying-1252,0.003305816790089011,0.9966942071914673,0.0,0.9945445605635056
COD10K-NonCAM-3-Flying-1257,0.018014712259173393,0.9819852709770203,0.0,0.9801436468951519
COD10K-NonCAM-3-Flying-1258,0.004492239095270634,0.9955077767372131,0.0,0.9935601085123043
COD10K-NonCAM-3-Flying-1261,0.004592838231474161,0.9954071640968323,0.0,0.9933503299960456
COD10K-NonCAM-3-Flying-1275,0.02432321384549141,0.9756767749786377,0.0,0.9739875585639574
COD10K-NonCAM-3-Flying-1278,0.041609033942222595,0.9583909511566162,0.0,0.9567069665887831
COD10K-NonCAM-3-Flying-1279,0.07629381865262985,0.9237061738967896,0.0,0.9219830734526202
COD10K-NonCAM-3-Flying-1285,0.07542910426855087,0.9245709180831909,0.0,0.9229139616776834
COD10K-NonCAM-3-Flying-1287,0.0027307840064167976,0.9972692131996155,0.0,0.9958392981808353
COD10K-NonCAM-3-Flying-1292,0.0016548115527257323,0.9983451962471008,0.0,0.9961012218227164
COD10K-NonCAM-3-Flying-1294,0.06971373409032822,0.9302862882614136,0.0,0.9287197570882061
COD10K-NonCAM-3-Flying-1295,0.005503540392965078,0.9944964647293091,0.0,0.9923912253940586
COD10K-NonCAM-3-Flying-1297,0.012908262200653553,0.9870917201042175,0.0,0.9851889873025677
COD10K-NonCAM-3-Flying-1300,0.006749150343239307,0.993250846862793,0.0,0.9913379190778273
COD10K-NonCAM-3-Flying-1301,0.026008393615484238,0.9739916324615479,0.0,0.9720621297506921
COD10K-NonCAM-3-Flying-1303,0.0017831417499110103,0.9982168674468994,0.0,0.9960832516161839
COD10K-NonCAM-3-Flying-1305,0.006606532726436853,0.9933934807777405,0.0,0.9914854324047846
COD10K-NonCAM-3-Flying-1311,0.0028002904728055,0.9971997141838074,0.0,0.9957137904752107
COD10K-NonCAM-3-Flying-1314,0.00555984815582633,0.9944401383399963,0.0,0.9924668263682077
COD10K-NonCAM-3-Flying-1316,0.004826716147363186,0.9951732754707336,0.0,0.9928590812974669
COD10K-NonCAM-3-Flying-1317,0.005716465413570404,0.9942835569381714,0.0,0.9920618346609851
COD10K-NonCAM-3-Flying-1321,0.001661677029915154,0.9983383417129517,0.0,0.9960872870309843
COD10K-NonCAM-3-Flying-1322,0.0019532081205397844,0.9980468153953552,0.0,0.9960488244836689
COD10K-NonCAM-3-Flying-1324,0.09539588540792465,0.9046041369438171,0.0,0.9030740024454613
COD10K-NonCAM-3-Flying-1326,0.004979594610631466,0.9950203895568848,0.0,0.9931000712250715
COD10K-NonCAM-3-Flying-1327,0.008606724441051483,0.9913932681083679,0.0,0.9893378350907568
COD10K-NonCAM-3-Flying-1328,0.002758223796263337,0.9972417950630188,0.0,0.995985897234127
COD10K-NonCAM-3-Flying-1330,0.004034582991153002,0.9959654211997986,0.0,0.9945264642502606
COD10K-NonCAM-3-Flying-1331,0.0038938061334192753,0.9961062073707581,0.0,0.9941993119113341
COD10K-NonCAM-3-Flying-1332,0.00411129929125309,0.9958887100219727,0.0,0.9943924758682198
COD10K-NonCAM-3-Flying-1335,0.008341868408024311,0.9916581511497498,0.0,0.9897643279924622
COD10K-NonCAM-3-Flying-1336,0.01632344163954258,0.983676552772522,0.0,0.9819992756430436
COD10K-NonCAM-3-Flying-1337,0.05385393276810646,0.9461460709571838,0.0,0.9444269156114058
COD10K-NonCAM-3-Flying-1338,0.024723239243030548,0.97527676820755,0.0,0.9736006946966579
COD10K-NonCAM-3-Flying-1339,0.004590964410454035,0.9954090118408203,0.0,0.9936426453556414
COD10K-NonCAM-3-Flying-1340,0.005431606899946928,0.994568407535553,0.0,0.9926894362424642
COD10K-NonCAM-3-Flying-1342,0.010802602395415306,0.9891973733901978,0.0,0.9873101337336467
COD10K-NonCAM-3-Flying-1343,0.03272979333996773,0.9672701954841614,0.0,0.9655004822320686
COD10K-NonCAM-3-Flying-1345,0.00486855860799551,0.9951314330101013,0.0,0.9930463182388646
COD10K-NonCAM-3-Flying-1347,0.05734235420823097,0.9426576495170593,0.0,0.9410035282136027
COD10K-NonCAM-3-Flying-1353,0.043140534311532974,0.9568594694137573,0.0,0.9550868421265022
COD10K-NonCAM-3-Flying-1354,0.006934172939509153,0.9930658340454102,0.0,0.991010798265579
COD10K-NonCAM-3-Flying-1355,0.004382401239126921,0.9956176280975342,0.0,0.9936131048582362
COD10K-NonCAM-3-Flying-1358,0.007984367199242115,0.9920156598091125,0.0,0.9900575260990455
COD10K-NonCAM-3-Flying-1364,0.008365200832486153,0.9916347861289978,0.0,0.9896425404348566
COD10K-NonCAM-3-Flying-1374,0.07432407885789871,0.9256759285926819,0.0,0.923844503109287
COD10K-NonCAM-3-Flying-1379,0.07170325517654419,0.9282967448234558,0.0,0.9266682846157882
COD10K-NonCAM-3-Flying-1381,0.008617104962468147,0.991382896900177,0.0,0.9891819041407393
COD10K-NonCAM-3-Flying-1382,0.08217041194438934,0.9178295731544495,0.0,0.9163092802434161
COD10K-NonCAM-3-Flying-1383,0.003376859938725829,0.996623158454895,0.0,0.9950772037904655
COD10K-NonCAM-3-Flying-1384,0.0017272841650992632,0.998272716999054,0.0,0.9960326828244679
COD10K-NonCAM-3-Flying-1385,0.05762843042612076,0.9423715472221375,0.0,0.9403423822465962
COD10K-NonCAM-3-Flying-1387,0.06372685730457306,0.9362731575965881,0.0,0.9345988204986966
COD10K-NonCAM-3-Flying-1389,0.0021024816669523716,0.9978975057601929,0.0,0.9958665372307373
COD10K-NonCAM-3-Flying-1391,0.0063218227587640285,0.9936781525611877,0.0,0.9915363479899602
COD10K-NonCAM-3-Flying-1393,0.027187790721654892,0.9728122353553772,0.0,0.9710743989249656
COD10K-NonCAM-3-Flying-1397,0.013706142082810402,0.9862938523292542,0.0,0.984602654142757
COD10K-NonCAM-3-Flying-1398,0.00488192867487669,0.9951180815696716,0.0,0.9929672808567995
COD10K-NonCAM-3-Flying-1404,0.010641375556588173,0.9893586039543152,0.0,0.9874115865838602
COD10K-NonCAM-3-Flying-1406,0.019009457901120186,0.9809905290603638,0.0,0.9791277627458577
COD10K-NonCAM-3-Flying-1412,0.0029934863559901714,0.9970065355300903,0.0,0.9956712609864171
COD10K-NonCAM-3-Flying-1413,0.026744771748781204,0.9732552170753479,0.0,0.9713925346339475
COD10K-NonCAM-3-Flying-1414,0.012445631437003613,0.9875543713569641,0.0,0.9856900407980438
COD10K-NonCAM-3-Flying-1417,0.015655966475605965,0.9843440055847168,0.0,0.9825529786909923
COD10K-NonCAM-3-Flying-1418,0.05939452350139618,0.9406054615974426,0.0,0.9389045135105687
COD10K-NonCAM-3-Flying-1419,0.00144540099427104,0.9985545873641968,0.0,0.996081044748715
COD10K-NonCAM-3-Flying-1421,0.039961718022823334,0.9600383043289185,0.0,0.9582627766276846
COD10K-NonCAM-3-Flying-1422,0.006029183976352215,0.9939708113670349,0.0,0.9918951215870483
COD10K-NonCAM-3-Flying-1423,0.0042174444533884525,0.9957825541496277,0.0,0.9939907314088443
COD10K-NonCAM-3-Flying-1425,0.006287038326263428,0.9937129616737366,0.0,0.9918223895406085
COD10K-NonCAM-3-Flying-1426,0.0017891565803438425,0.9982108473777771,0.0,0.9960690646110266
COD10K-NonCAM-3-Flying-1428,0.03561726585030556,0.9643827080726624,0.0,0.9626802001868398
COD10K-NonCAM-3-Flying-1431,0.002083886181935668,0.9979161024093628,0.0,0.9960585977538884
COD10K-NonCAM-3-Flying-1432,0.007648762781172991,0.992351233959198,0.0,0.9904483308011108
COD10K-NonCAM-3-Flying-1434,0.0013838877202942967,0.998616099357605,0.0,0.996091952979347
COD10K-NonCAM-3-Flying-1435,0.07061680406332016,0.9293832182884216,0.0,0.9278198280610639
COD10K-NonCAM-3-Flying-1437,0.005842241924256086,0.9941577315330505,0.0,0.9920465442220934
COD10K-NonCAM-3-Flying-1440,0.0026895308401435614,0.9973104596138,0.0,0.9957110476542137
COD10K-NonCAM-3-Flying-1441,0.0016065780073404312,0.9983934164047241,0.0,0.9960944435869191
COD10K-NonCAM-3-Flying-1442,0.0261509008705616,0.9738491177558899,0.0,0.9720857432326094
COD10K-NonCAM-3-Flying-1444,0.00744811212643981,0.992551863193512,0.0,0.9906431341452591
COD10K-NonCAM-3-Flying-1445,0.0012871298240497708,0.9987128973007202,0.0,0.9961016631962103
COD10K-NonCAM-3-Flying-1446,0.0016774596879258752,0.9983225464820862,0.0,0.9960963667142848
COD10K-NonCAM-3-Flying-1448,0.004668678157031536,0.995331346988678,0.0,0.9934409061423052
COD10K-NonCAM-3-Flying-1454,0.094708152115345,0.9052918553352356,0.0,0.9032150843300808
COD10K-NonCAM-3-Flying-1459,0.004965565633028746,0.9950344562530518,0.0,0.9929467885160168
COD10K-NonCAM-3-Flying-1465,0.08408369868993759,0.9159163236618042,0.0,0.9142373154302155
COD10K-NonCAM-3-Flying-1466,0.011475786566734314,0.9885241985321045,0.0,0.9865517594912958
COD10K-NonCAM-3-Flying-1467,0.02642066963016987,0.9735793471336365,0.0,0.9713918725737068
COD10K-NonCAM-3-Flying-1473,0.11830592155456543,0.8816940784454346,0.0,0.8799558992215685
COD10K-NonCAM-3-Flying-1474,0.034622613340616226,0.9653773903846741,0.0,0.9635178324980025
COD10K-NonCAM-3-Flying-1475,0.06803885847330093,0.9319611191749573,0.0,0.9300122563113887
COD10K-NonCAM-3-Flying-1477,0.03551388531923294,0.9644861221313477,0.0,0.9627612237496268
COD10K-NonCAM-3-Flying-1478,0.05885690078139305,0.9411430954933167,0.0,0.9394109580680048
COD10K-NonCAM-3-Flying-1482,0.004090357106178999,0.9959096312522888,0.0,0.9942462866617438
COD10K-NonCAM-3-Flying-1483,0.0586308054625988,0.9413691759109497,0.0,0.9396877307752838
COD10K-NonCAM-3-Flying-1485,0.004887739662081003,0.9951122403144836,0.0,0.9931009854987373
COD10K-NonCAM-3-Flying-1486,0.01658235676586628,0.9834176301956177,0.0,0.9815701975537316
COD10K-NonCAM-3-Flying-1487,0.005211884155869484,0.9947881102561951,0.0,0.9927591732544816
COD10K-NonCAM-3-Flying-1488,0.010485830716788769,0.989514172077179,0.0,0.9876225315872096
COD10K-NonCAM-3-Flying-1491,0.0031572007574141026,0.9968428015708923,0.0,0.9955908679571926
COD10K-NonCAM-3-Flying-1492,0.08210904151201248,0.9178909659385681,0.0,0.916303037961147
COD10K-NonCAM-3-Flying-1496,0.009937193244695663,0.9900628328323364,0.0,0.9882042618520135
COD10K-NonCAM-3-Flying-1500,0.0051535372622311115,0.9948464632034302,0.0,0.9927259756624136
COD10K-NonCAM-3-Flying-1503,0.005577889736741781,0.9944221377372742,0.0,0.9929150726778208
COD10K-NonCAM-3-Flying-1505,0.01562353316694498,0.9843764901161194,0.0,0.9825173850713865
COD10K-NonCAM-3-Flying-1507,0.008841204456984997,0.9911587834358215,0.0,0.9892751285279617
COD10K-NonCAM-3-Flying-1512,0.05998392403125763,0.9400160908699036,0.0,0.9380316343732598
COD10K-NonCAM-3-Flying-1513,0.00546609703451395,0.994533896446228,0.0,0.9923025723751647
COD10K-NonCAM-3-Flying-1515,0.004961021710187197,0.9950389862060547,0.0,0.9928259782854333
COD10K-NonCAM-3-Flying-1516,0.004064222797751427,0.9959357976913452,0.0,0.9941085150783278
COD10K-NonCAM-3-Flying-1519,0.0015256155747920275,0.9984743595123291,0.0,0.9961011587693602
COD10K-NonCAM-3-Flying-1520,0.0038065193220973015,0.9961934685707092,0.0,0.9945946249283717
COD10K-NonCAM-3-Flying-1525,0.003021948505192995,0.9969780445098877,0.0,0.9957869638951441
COD10K-NonCAM-3-Flying-1526,0.0023880719672888517,0.997611939907074,0.0,0.995970764428626
COD10K-NonCAM-3-Flying-1528,0.06892857700586319,0.931071400642395,0.0,0.9293134044373421
COD10K-NonCAM-3-Flying-1529,0.016620751470327377,0.9833792448043823,0.0,0.9813927969359096
COD10K-NonCAM-3-Flying-1530,0.017021823674440384,0.9829781651496887,0.0,0.9812472697896742
COD10K-NonCAM-3-Flying-1533,0.004758739378303289,0.9952412843704224,0.0,0.9932459451647663
COD10K-NonCAM-3-Flying-1535,0.012097192928195,0.987902820110321,0.0,0.9859573870285628
COD10K-NonCAM-3-Flying-1537,0.006521841045469046,0.9934781789779663,0.0,0.9913548804306597
COD10K-NonCAM-3-Flying-1542,0.010926365852355957,0.989073634147644,0.0,0.9872185802603651
COD10K-NonCAM-3-Flying-1544,0.042679861187934875,0.9573201537132263,0.0,0.9555382411039282
COD10K-NonCAM-3-Flying-1545,0.05189775675535202,0.9481022357940674,0.0,0.9465158102507607
COD10K-NonCAM-3-Flying-1546,0.0033655138686299324,0.9966344833374023,0.0,0.995054819848995
COD10K-NonCAM-3-Flying-1548,0.006249615456908941,0.9937503933906555,0.0,0.9917849989003498
COD10K-NonCAM-3-Flying-1549,0.06696617603302002,0.93303382396698,0.0,0.9313713714054542
COD10K-NonCAM-3-Flying-1550,0.04954569786787033,0.9504542946815491,0.0,0.9486771531964522
COD10K-NonCAM-3-Flying-1551,0.02136167138814926,0.9786383509635925,0.0,0.9766030433080717
COD10K-NonCAM-3-Flying-1552,0.022350534796714783,0.977649450302124,0.0,0.9758242713049725
COD10K-NonCAM-3-Flying-1554,0.0075269523076713085,0.9924730658531189,0.0,0.9905261071160507
COD10K-NonCAM-3-Flying-1558,0.0676393136382103,0.9323607087135315,0.0,0.9306474242956183
COD10K-NonCAM-3-Flying-1559,0.004859161097556353,0.9951408505439758,0.0,0.9933777266793382
COD10K-NonCAM-3-Flying-1560,0.040038660168647766,0.9599613547325134,0.0,0.9582485896225272
COD10K-NonCAM-3-Flying-1562,0.007682883180677891,0.9923171401023865,0.0,0.9903410455154438
COD10K-NonCAM-3-Flying-1564,0.0035322217736393213,0.9964677691459656,0.0,0.9950204242431583
COD10K-NonCAM-3-Flying-1566,0.00445172842592001,0.9955482482910156,0.0,0.9934011510011866
COD10K-NonCAM-3-Flying-1568,0.010352459736168385,0.9896475672721863,0.0,0.9876732895389946
COD10K-NonCAM-3-Flying-1569,0.004833340644836426,0.9951666593551636,0.0,0.9930899826880708
COD10K-NonCAM-3-Flying-1570,0.005175636149942875,0.9948243498802185,0.0,0.9925072120428887
COD10K-NonCAM-3-Flying-1574,0.005240178667008877,0.9947597980499268,0.0,0.9927450177760024
COD10K-NonCAM-3-Flying-1576,0.0014979701954871416,0.9985020160675049,0.0,0.9960695059845204
COD10K-NonCAM-3-Flying-1577,0.02760426513850689,0.9723957180976868,0.0,0.9704687083847849
COD10K-NonCAM-3-Flying-1578,0.062284138053655624,0.9377158880233765,0.0,0.9361060163999257
COD10K-NonCAM-3-Flying-1580,0.025944143533706665,0.9740558862686157,0.0,0.9722294733581915
COD10K-NonCAM-3-Flying-1581,0.05498455837368965,0.9450154304504395,0.0,0.94337250586144
COD10K-NonCAM-3-Flying-1584,0.01880652830004692,0.981193482875824,0.0,0.9793919878352422
COD10K-NonCAM-3-Flying-1585,0.0016039925394579768,0.9983959794044495,0.0,0.996099866175557
COD10K-NonCAM-3-Flying-1586,0.005724686197936535,0.9942753314971924,0.0,0.9920534800912815
COD10K-NonCAM-3-Flying-1588,0.004904190078377724,0.9950957894325256,0.0,0.9933806901870821
COD10K-NonCAM-3-Flying-1595,0.004070482682436705,0.9959295392036438,0.0,0.9939526787083448
COD10K-NonCAM-3-Flying-1597,0.015485049225389957,0.9845149517059326,0.0,0.9828496132054914
COD10K-NonCAM-3-Flying-1599,0.02087409421801567,0.9791259169578552,0.0,0.9774151705366296
COD10K-NonCAM-3-Flying-1600,0.06505665928125381,0.9349433183670044,0.0,0.933296926325432
COD10K-NonCAM-3-Flying-1602,0.009648540057241917,0.9903514385223389,0.0,0.9884764947176422
COD10K-NonCAM-3-Flying-1606,0.010671542957425117,0.9893284440040588,0.0,0.9873811948661456
COD10K-NonCAM-3-Flying-1611,0.007603134028613567,0.992396891117096,0.0,0.9907515228646604
COD10K-NonCAM-3-Flying-1614,0.005730810575187206,0.9942691922187805,0.0,0.9920512732238125
COD10K-NonCAM-3-Flying-1618,0.04573044553399086,0.954269528388977,0.0,0.9522691137422016
COD10K-NonCAM-3-Flying-1619,0.0040992433205246925,0.9959007501602173,0.0,0.9943686416995556
COD10K-NonCAM-3-Flying-1621,0.0030829133465886116,0.9969170689582825,0.0,0.9955507660226148
COD10K-NonCAM-3-Flying-1622,0.0074973138980567455,0.9925026893615723,0.0,0.9907347506718969
COD10K-NonCAM-3-Flying-1624,0.04366369545459747,0.9563363194465637,0.0,0.9546790445449262
COD10K-NonCAM-3-Flying-1626,0.0031881851609796286,0.9968118071556091,0.0,0.995282253305005
COD10K-NonCAM-3-Flying-1628,0.010080563835799694,0.9899194240570068,0.0,0.9879778057230255
COD10K-NonCAM-3-Flying-1629,0.001800745609216392,0.9981992840766907,0.0,0.9960603317211854
COD10K-NonCAM-3-Flying-1632,0.02333393320441246,0.9766660928726196,0.0,0.9747836071866702
COD10K-NonCAM-3-Flying-1635,0.004225579090416431,0.9957744479179382,0.0,0.9942102516686443
COD10K-NonCAM-3-Flying-1636,0.03757094219326973,0.9624290466308594,0.0,0.9607263343099037
COD10K-NonCAM-3-Flying-1641,0.008493117056787014,0.9915068745613098,0.0,0.9895692724348888
COD10K-NonCAM-3-Flying-1645,0.0064201862551271915,0.9935798048973083,0.0,0.9915614432257496
COD10K-NonCAM-3-Flying-1648,0.004952133633196354,0.9950478672981262,0.0,0.9929971996743423
COD10K-NonCAM-3-Flying-1651,0.009983610361814499,0.9900164008140564,0.0,0.9883164337727901
COD10K-NonCAM-3-Flying-1656,0.002197020687162876,0.9978029727935791,0.0,0.9960619395817699
COD10K-NonCAM-3-Flying-1661,0.0023432946763932705,0.9976567029953003,0.0,0.9960070831618285
COD10K-NonCAM-3-Flying-1670,0.006838700268417597,0.9931613206863403,0.0,0.9913335683962458
COD10K-NonCAM-3-Flying-1675,0.007735904771834612,0.9922640919685364,0.0,0.9903305156049493
COD10K-NonCAM-3-Flying-1676,0.005501622799783945,0.9944983720779419,0.0,0.9927941363405248
COD10K-NonCAM-3-Flying-1680,0.003985860385000706,0.9960141181945801,0.0,0.9941429737375208
COD10K-NonCAM-3-Flying-1687,0.06706266850233078,0.9329373240470886,0.0,0.9312184985432153
COD10K-NonCAM-3-Flying-1695,0.0050415536388754845,0.9949584603309631,0.0,0.9929722620719437
COD10K-NonCAM-3-Flying-1697,0.005448568612337112,0.994551420211792,0.0,0.9924092901806255
COD10K-NonCAM-3-Flying-1698,0.004861823748797178,0.9951381683349609,0.0,0.9933589998325306
COD10K-NonCAM-3-Flying-1699,0.003399910405278206,0.9966000914573669,0.0,0.9950715289884025
COD10K-NonCAM-3-Flying-1704,0.12780781090259552,0.8721922039985657,0.0,0.8706886006593867
COD10K-NonCAM-3-Flying-1706,0.01425118837505579,0.985748827457428,0.0,0.983784032418505
COD10K-NonCAM-3-Flying-1707,0.017838457599282265,0.9821615219116211,0.0,0.9802196577161166
COD10K-NonCAM-3-Flying-1709,0.029745489358901978,0.9702545404434204,0.0,0.9684992052754978
COD10K-NonCAM-3-Flying-1712,0.028752557933330536,0.9712474346160889,0.0,0.9694689028413357
COD10K-NonCAM-3-Flying-1713,0.006051661912351847,0.9939483404159546,0.0,0.9918262673220184
COD10K-NonCAM-3-Flying-1717,0.04999788850545883,0.950002133846283,0.0,0.9482639330262383
COD10K-NonCAM-3-Flying-1721,0.0025331610813736916,0.9974668622016907,0.0,0.9956318841654361
COD10K-NonCAM-3-Flying-1722,0.008854015730321407,0.9911459684371948,0.0,0.9893674701681963
COD10K-NonCAM-3-Flying-1724,0.09069067239761353,0.9093093276023865,0.0,0.9077171570200075
COD10K-NonCAM-3-Flying-1725,0.0032456242479383945,0.9967543482780457,0.0,0.9952908916148119
COD10K-NonCAM-3-Flying-1730,0.00378791312687099,0.9962120652198792,0.0,0.9944714501969285
COD10K-NonCAM-3-Flying-1735,0.025381609797477722,0.9746183753013611,0.0,0.9727881891479626
COD10K-NonCAM-3-Flying-1742,0.0013831130927428603,0.9986168742179871,0.0,0.9960994563287413
COD10K-NonCAM-3-Flying-1743,0.0035117955412715673,0.9964882135391235,0.0,0.9948760951106917
COD10K-NonCAM-3-Flying-1746,0.04584923014044762,0.9541507959365845,0.0,0.9522954069917597
COD10K-NonCAM-3-Flying-1747,0.007493386510759592,0.9925066232681274,0.0,0.9904013560507011
COD10K-NonCAM-3-Flying-1750,0.004729975946247578,0.9952700138092041,0.0,0.9933978406999833
COD10K-NonCAM-3-Flying-1751,0.09544834494590759,0.90455162525177,0.0,0.9030239696072734
COD10K-NonCAM-3-Flying-1752,0.002159159630537033,0.9978408217430115,0.0,0.9960407221273903
COD10K-NonCAM-3-Flying-1753,0.005114780738949776,0.9948852062225342,0.0,0.9926592336848182
COD10K-NonCAM-3-Flying-1755,0.017390405759215355,0.9826095700263977,0.0,0.9807434104198447
COD10K-NonCAM-3-Flying-1757,0.09590381383895874,0.9040961861610413,0.0,0.9025713726160788
COD10K-NonCAM-3-Flying-1760,0.020507752895355225,0.9794922471046448,0.0,0.9775993178635708
COD10K-NonCAM-3-Flying-1761,0.005122131668031216,0.9948778748512268,0.0,0.9929459688223856
COD10K-NonCAM-3-Flying-1763,0.005930893588811159,0.9940690994262695,0.0,0.9921074222375571
COD10K-NonCAM-3-Flying-1767,0.008521929383277893,0.9914780855178833,0.0,0.9894461607568019
COD10K-NonCAM-3-Flying-1770,0.013858347199857235,0.9861416816711426,0.0,0.9841471882238526
COD10K-NonCAM-3-Flying-1773,0.0034893041010946035,0.9965106844902039,0.0,0.9953221976061923
COD10K-NonCAM-3-Flying-1776,0.09263008832931519,0.9073699116706848,0.0,0.9056804390329531
COD10K-NonCAM-3-Flying-1777,0.05853322893381119,0.941466748714447,0.0,0.9393976538098352
COD10K-NonCAM-3-Flying-1781,0.0025818520225584507,0.9974181652069092,0.0,0.9956559074941691
COD10K-NonCAM-3-Flying-1791,0.006410158239305019,0.9935898184776306,0.0,0.9915272683066596
COD10K-NonCAM-3-Flying-1793,0.0028656909707933664,0.9971343278884888,0.0,0.9957146732221983
COD10K-NonCAM-3-Flying-1796,0.0061485301703214645,0.9938514828681946,0.0,0.9918383735664191
COD10K-NonCAM-3-Flying-1797,0.047675520181655884,0.9523245096206665,0.0,0.9505731360923465
COD10K-NonCAM-3-Flying-1799,0.00348078366369009,0.9965192079544067,0.0,0.9950199828696645
COD10K-NonCAM-3-Flying-1801,0.11578927934169769,0.8842107057571411,0.0,0.8826920996162321
COD10K-NonCAM-3-Flying-1804,0.005788156762719154,0.9942118525505066,0.0,0.9920951268330875
COD10K-NonCAM-3-Flying-1805,0.0344611257314682,0.9655388593673706,0.0,0.9638844247112661
COD10K-NonCAM-3-Flying-1807,0.002442869357764721,0.9975571036338806,0.0,0.9957443713529942
COD10K-NonCAM-3-Flying-1809,0.034453846514225006,0.9655461311340332,0.0,0.963910686434146
COD10K-NonCAM-3-Flying-1810,0.006317021790891886,0.9936829805374146,0.0,0.9917010748831749
COD10K-NonCAM-3-Flying-1812,0.057489801198244095,0.942510187625885,0.0,0.9408723772325932
COD10K-NonCAM-3-Flying-1814,0.006802900228649378,0.9931970834732056,0.0,0.9911460161880667
COD10K-NonCAM-3-Flying-1815,0.00341157172806561,0.996588408946991,0.0,0.9948827157130984
COD10K-NonCAM-3-Flying-1816,0.002126411534845829,0.9978736042976379,0.0,0.9960750231531927
COD10K-NonCAM-3-Flying-1818,0.005119623616337776,0.9948803782463074,0.0,0.9929806166416474
COD10K-NonCAM-3-Flying-1820,0.07600483298301697,0.9239951372146606,0.0,0.9224488485952722
COD10K-NonCAM-3-Flying-1821,0.08289067447185516,0.9171093106269836,0.0,0.9155659757532102
COD10K-NonCAM-3-Flying-1822,0.04719612002372742,0.9528038501739502,0.0,0.9511274696738578
COD10K-NonCAM-3-Flying-1823,0.0036372686736285686,0.9963627457618713,0.0,0.9948530491089806
COD10K-NonCAM-3-Flying-1825,0.004817322362214327,0.9951826930046082,0.0,0.9932367393747532
COD10K-NonCAM-3-Flying-1826,0.002280481392517686,0.9977195262908936,0.0,0.9960378531996807
COD10K-NonCAM-3-Flying-1827,0.005258597899228334,0.9947413802146912,0.0,0.9927547595195438
COD10K-NonCAM-3-Flying-1829,0.0018959668232128024,0.9981040358543396,0.0,0.9960530805852161
COD10K-NonCAM-3-Flying-1833,0.0019642619881778955,0.998035728931427,0.0,0.9959264063925009
COD10K-NonCAM-3-Flying-1838,0.020949292927980423,0.9790506958961487,0.0,0.9771368530221223
COD10K-NonCAM-3-Flying-1839,0.046422433108091354,0.9535775780677795,0.0,0.9520701804032188
COD10K-NonCAM-3-Flying-1844,0.008428895846009254,0.9915711283683777,0.0,0.9894653920304596
COD10K-NonCAM-3-Flying-1845,0.012232732027769089,0.9877672791481018,0.0,0.985684618209406
COD10K-NonCAM-3-Flying-1846,0.008633628487586975,0.9913663864135742,0.0,0.9893797655726659
COD10K-NonCAM-3-Flying-1848,0.010647255927324295,0.9893527626991272,0.0,0.9875253033118653
COD10K-NonCAM-3-Flying-1849,0.0025190862361341715,0.9974809288978577,0.0,0.996013136284029
COD10K-NonCAM-3-Flying-1855,0.003550946479663253,0.9964490532875061,0.0,0.9950663270865115
COD10K-NonCAM-3-Flying-1858,0.002812811406329274,0.9971871972084045,0.0,0.9958442478693013
COD10K-NonCAM-3-Flying-1859,0.030145447701215744,0.9698545336723328,0.0,0.9680169101535072
COD10K-NonCAM-3-Flying-1868,0.035652872174978256,0.9643471240997314,0.0,0.9627052323692729
COD10K-NonCAM-3-Flying-1869,0.029648248106241226,0.9703517556190491,0.0,0.9686323739639073
COD10K-NonCAM-3-Flying-1870,0.027029510587453842,0.9729704856872559,0.0,0.9711447664705456
COD10K-NonCAM-3-Flying-1874,0.003271617228165269,0.9967283606529236,0.0,0.9953854401225155
COD10K-NonCAM-3-Flying-1879,0.005835558287799358,0.9941644668579102,0.0,0.9923476239982085
COD10K-NonCAM-3-Flying-1881,0.0052818600088357925,0.9947181344032288,0.0,0.9929825712956912
COD10K-NonCAM-3-Flying-1883,0.007052561268210411,0.9929474592208862,0.0,0.9910328669402682
COD10K-NonCAM-3-Flying-1884,0.005100531037896872,0.9948994517326355,0.0,0.9928580409170886
COD10K-NonCAM-3-Flying-1885,0.004233675543218851,0.9957663416862488,0.0,0.9939189451627486
COD10K-NonCAM-3-Flying-1886,0.005366191733628511,0.9946337938308716,0.0,0.9925675541048242
COD10K-NonCAM-3-Flying-1889,0.006934600882232189,0.9930654168128967,0.0,0.9912360879074763
COD10K-NonCAM-3-Flying-1890,0.0349186509847641,0.9650813341140747,0.0,0.9633979680677627
COD10K-NonCAM-3-Flying-1891,0.04311138391494751,0.9568886160850525,0.0,0.95511600430377
COD10K-NonCAM-3-Flying-1892,0.005636507645249367,0.9943634867668152,0.0,0.9921398001359938
COD10K-NonCAM-3-Flying-1894,0.0022631988395005465,0.9977368116378784,0.0,0.9960810762753931
COD10K-NonCAM-3-Flying-1905,0.003786362474784255,0.9962136149406433,0.0,0.9944635685273967
COD10K-NonCAM-3-Flying-1907,0.11832983046770096,0.8816701769828796,0.0,0.8800232717327264
COD10K-NonCAM-3-Flying-1908,0.0033099784050136805,0.996690034866333,0.0,0.9951857186165793
COD10K-NonCAM-3-Flying-1910,0.048995692282915115,0.9510043263435364,0.0,0.9493234185713825
COD10K-NonCAM-3-Flying-1916,0.008827445097267628,0.9911725521087646,0.0,0.9891995906071689
COD10K-NonCAM-3-Flying-1920,0.029603349044919014,0.9703966379165649,0.0,0.9685734821291657
COD10K-NonCAM-3-Flying-1922,0.006920375395566225,0.9930796027183533,0.0,0.9909351972914299
COD10K-NonCAM-3-Flying-1924,0.006004275754094124,0.993995726108551,0.0,0.9919729294286663
COD10K-NonCAM-3-Flying-1925,0.017882587388157845,0.9821174144744873,0.0,0.980339143826219
COD10K-NonCAM-3-Flying-1927,0.012982767075300217,0.9870172142982483,0.0,0.9851606448189312
COD10K-NonCAM-3-Flying-1930,0.005559878423810005,0.9944401383399963,0.0,0.99255213755922
COD10K-NonCAM-3-Flying-1932,0.02229982800781727,0.9777001738548279,0.0,0.9760523037678668
COD10K-NonCAM-3-Flying-1934,0.0032396872993558645,0.9967603087425232,0.0,0.9952281219986605
COD10K-NonCAM-3-Flying-1936,0.035750862210989,0.9642491340637207,0.0,0.9621353246087665
COD10K-NonCAM-3-Flying-1942,0.11852160841226578,0.8814783692359924,0.0,0.8800624909203167
COD10K-NonCAM-3-Flying-1943,0.0505165159702301,0.9494835138320923,0.0,0.947858752158947
COD10K-NonCAM-3-Flying-1944,0.0015221479116007686,0.9984778761863708,0.0,0.9960767255938116
COD10K-NonCAM-3-Flying-1946,0.0029756627045571804,0.9970243573188782,0.0,0.9956487194115561
COD10K-NonCAM-3-Flying-1947,0.003787470981478691,0.9962125420570374,0.0,0.9947981611623612
COD10K-NonCAM-3-Flying-1949,0.013371208682656288,0.9866287708282471,0.0,0.9846979277640576
COD10K-NonCAM-3-Flying-1950,0.0017396393232047558,0.9982603788375854,0.0,0.9960719335387362
COD10K-NonCAM-3-Flying-1955,0.009622265584766865,0.9903777241706848,0.0,0.9883618321892935
COD10K-NonCAM-3-Flying-1957,0.007892005145549774,0.9921079874038696,0.0,0.9903311146118338
COD10K-NonCAM-3-Flying-1961,0.09503092616796494,0.9049690961837769,0.0,0.9033490727121216
COD10K-NonCAM-3-Flying-1962,0.007102752570062876,0.9928972721099854,0.0,0.990863600205403
COD10K-NonCAM-3-Flying-1971,0.01950976625084877,0.9804902076721191,0.0,0.9787021210644617
COD10K-NonCAM-3-Flying-1976,0.05097167193889618,0.9490283131599426,0.0,0.9472965684345819
COD10K-NonCAM-3-Flying-1977,0.004999719560146332,0.9950003027915955,0.0,0.9927941678672029
COD10K-NonCAM-3-Flying-946,0.05356472358107567,0.946435272693634,0.0,0.9447028055716973
COD10K-NonCAM-3-Flying-948,0.0038679575081914663,0.9961320161819458,0.0,0.994388818773557
COD10K-NonCAM-3-Flying-951,0.00223899120464921,0.9977610111236572,0.0,0.9959798441119265
COD10K-NonCAM-3-Flying-953,0.001973560778424144,0.998026430606842,0.0,0.9960615927883105
COD10K-NonCAM-3-Flying-954,0.027635199949145317,0.9723647832870483,0.0,0.9704437077290301
COD10K-NonCAM-3-Flying-956,0.015595625154674053,0.9844043850898743,0.0,0.982472364975021
COD10K-NonCAM-3-Flying-959,0.03290153667330742,0.9670984745025635,0.0,0.9653230185608904
COD10K-NonCAM-3-Flying-960,0.23133012652397156,0.768669843673706,0.0,0.7676148378166792
COD10K-NonCAM-3-Flying-961,0.12908892333507538,0.8709110617637634,0.0,0.8695509604791651
COD10K-NonCAM-3-Flying-969,0.00783874187618494,0.9921612739562988,0.0,0.9902210865051697
COD10K-NonCAM-3-Flying-971,0.10996516048908234,0.8900348544120789,0.0,0.888450605009564
COD10K-NonCAM-3-Flying-973,0.005278386641293764,0.9947215914726257,0.0,0.9928067154850975
COD10K-NonCAM-3-Flying-977,0.00827526580542326,0.9917247295379639,0.0,0.9897676698203437
COD10K-NonCAM-3-Flying-978,0.014083566144108772,0.9859164357185364,0.0,0.9839728772204872
COD10K-NonCAM-3-Flying-980,0.04356120899319649,0.9564387798309326,0.0,0.954711170229938
COD10K-NonCAM-3-Flying-981,0.00426906906068325,0.9957309365272522,0.0,0.9938500593710405
COD10K-NonCAM-3-Flying-985,0.014320321381092072,0.9856796860694885,0.0,0.9836414372533353
COD10K-NonCAM-3-Flying-989,0.02067311480641365,0.9793269038200378,0.0,0.9774376490581342
COD10K-NonCAM-3-Flying-992,0.005049720406532288,0.9949502944946289,0.0,0.9930138772870716
COD10K-NonCAM-3-Flying-994,0.0046331025660037994,0.9953668713569641,0.0,0.9933842527017105
COD10K-NonCAM-3-Flying-997,0.004197375383228064,0.995802640914917,0.0,0.9941027141695523
COD10K-NonCAM-3-Flying-999,0.05716371908783913,0.9428362846374512,0.0,0.941124023177405
COD10K-NonCAM-4-Terrestial-1983,0.0031993973534554243,0.9968006014823914,0.0,0.9952831675786707
COD10K-NonCAM-4-Terrestial-1987,0.005646411329507828,0.9943535923957825,0.0,0.9924435596797498
COD10K-NonCAM-4-Terrestial-1990,0.006930699106305838,0.9930692911148071,0.0,0.991184951635554
COD10K-NonCAM-4-Terrestial-1991,0.10310744494199753,0.8968925476074219,0.0,0.895455391515944
COD10K-NonCAM-4-Terrestial-1992,0.008285440504550934,0.9917145371437073,0.0,0.9896989101353482
COD10K-NonCAM-4-Terrestial-1993,0.01371784321963787,0.9862821698188782,0.0,0.9844365716023828
COD10K-NonCAM-4-Terrestial-1998,0.0032407762482762337,0.9967592358589172,0.0,0.9954468225648292
COD10K-NonCAM-4-Terrestial-2000,0.006906196009367704,0.9930937886238098,0.0,0.9912315795925041
COD10K-NonCAM-4-Terrestial-2007,0.007718641776591539,0.9922813773155212,0.0,0.9903310515584776
COD10K-NonCAM-4-Terrestial-2010,0.12833130359649658,0.8716686964035034,0.0,0.8702650082120691
COD10K-NonCAM-4-Terrestial-2012,0.09267324209213257,0.9073267579078674,0.0,0.9057821125699136
COD10K-NonCAM-4-Terrestial-2013,0.004471804480999708,0.9955282211303711,0.0,0.9936532383194921
COD10K-NonCAM-4-Terrestial-2014,0.007248486392199993,0.9927515387535095,0.0,0.9908524082346677
COD10K-NonCAM-4-Terrestial-2017,0.007149837911128998,0.9928501844406128,0.0,0.9908642937923218
COD10K-NonCAM-4-Terrestial-2018,0.023726942017674446,0.9762730598449707,0.0,0.974441826469093
COD10K-NonCAM-4-Terrestial-2025,0.003987177740782499,0.996012806892395,0.0,0.9940864148769605
COD10K-NonCAM-4-Terrestial-2028,0.18158148229122162,0.8184185028076172,0.0,0.8170767593904102
COD10K-NonCAM-4-Terrestial-2031,0.002747202757745981,0.9972528219223022,0.0,0.9958276963632845
COD10K-NonCAM-4-Terrestial-2034,0.0025978097692131996,0.9974021911621094,0.0,0.995932364934667
COD10K-NonCAM-4-Terrestial-2035,0.0033652526326477528,0.9966347217559814,0.0,0.9950676512069929
COD10K-NonCAM-4-Terrestial-2037,0.0019735682290047407,0.998026430606842,0.0,0.9960667946902015
COD10K-NonCAM-4-Terrestial-2039,0.005912857595831156,0.9940871596336365,0.0,0.9921969264767604
COD10K-NonCAM-4-Terrestial-2045,0.0021621580235660076,0.9978378415107727,0.0,0.9960269449690486
COD10K-NonCAM-4-Terrestial-2048,0.0037649169098585844,0.9962350726127625,0.0,0.9944892627700704
COD10K-NonCAM-4-Terrestial-2049,0.005500634200870991,0.9944993853569031,0.0,0.992712166977394
COD10K-NonCAM-4-Terrestial-2050,0.025808876380324364,0.9741911292076111,0.0,0.9723466264941125
COD10K-NonCAM-4-Terrestial-2053,0.007268092129379511,0.9927319288253784,0.0,0.9907181361125238
COD10K-NonCAM-4-Terrestial-2059,0.003658849513158202,0.9963411688804626,0.0,0.9948827787664547
COD10K-NonCAM-4-Terrestial-2061,0.018202044069767,0.9817979335784912,0.0,0.9798775617317581
COD10K-NonCAM-4-Terrestial-2063,0.004414260853081942,0.9955857396125793,0.0,0.9938704571317889
COD10K-NonCAM-4-Terrestial-2064,0.006926161702722311,0.9930738210678101,0.0,0.9910501120332037
COD10K-NonCAM-4-Terrestial-2066,0.0028911810368299484,0.9971088171005249,0.0,0.9956210074614823
COD10K-NonCAM-4-Terrestial-2067,0.02388480305671692,0.9761152267456055,0.0,0.974239172982091
COD10K-NonCAM-4-Terrestial-2068,0.00270201382227242,0.997298002243042,0.0,0.9958600742617212
COD10K-NonCAM-4-Terrestial-2070,0.003555948380380869,0.996444046497345,0.0,0.9948302553206947
COD10K-NonCAM-4-Terrestial-2071,0.021011006087064743,0.9789890050888062,0.0,0.9770714982183645
COD10K-NonCAM-4-Terrestial-2072,0.008467355743050575,0.9915326237678528,0.0,0.989730846660291
COD10K-NonCAM-4-Terrestial-2073,0.1101052463054657,0.8898947238922119,0.0,0.8884655171283182
COD10K-NonCAM-4-Terrestial-2076,0.005777264013886452,0.9942227602005005,0.0,0.9921987550240917
COD10K-NonCAM-4-Terrestial-2077,0.002318900777027011,0.9976810812950134,0.0,0.9959787722048703
COD10K-NonCAM-4-Terrestial-2079,0.004576414357870817,0.9954236149787903,0.0,0.9933639495209965
COD10K-NonCAM-4-Terrestial-2082,0.004281986970454454,0.9957180023193359,0.0,0.9940798258012319
COD10K-NonCAM-4-Terrestial-2088,0.016097325831651688,0.9839026927947998,0.0,0.9820145660819353
COD10K-NonCAM-4-Terrestial-2089,0.0015461558941751719,0.9984538555145264,0.0,0.9961008435025789
COD10K-NonCAM-4-Terrestial-2090,0.008504829369485378,0.9914951920509338,0.0,0.9896511787446635
COD10K-NonCAM-4-Terrestial-2092,0.003461916698142886,0.9965381026268005,0.0,0.9949731657526455
COD10K-NonCAM-4-Terrestial-2101,0.00539230415597558,0.99460768699646,0.0,0.9923560731479467
COD10K-NonCAM-4-Terrestial-2103,0.0040017482824623585,0.9959982633590698,0.0,0.994210913728885
COD10K-NonCAM-4-Terrestial-2104,0.0034991952124983072,0.9965007901191711,0.0,0.9950172085219893
COD10K-NonCAM-4-Terrestial-2105,0.0037920260801911354,0.9962079524993896,0.0,0.9944027850919674
COD10K-NonCAM-4-Terrestial-2107,0.005625226069241762,0.9943747520446777,0.0,0.9922534853373206
COD10K-NonCAM-4-Terrestial-2109,0.005034217145293951,0.9949657917022705,0.0,0.9925825923302909
COD10K-NonCAM-4-Terrestial-2112,0.004757826216518879,0.995242178440094,0.0,0.9936833778237818
COD10K-NonCAM-4-Terrestial-2113,0.045387472957372665,0.9546125531196594,0.0,0.9528515375939244
COD10K-NonCAM-4-Terrestial-2119,0.026625532656908035,0.9733744859695435,0.0,0.9716154597749853
COD10K-NonCAM-4-Terrestial-2125,0.006303778849542141,0.9936962127685547,0.0,0.991531587461563
COD10K-NonCAM-4-Terrestial-2126,0.00555372005328536,0.9944462776184082,0.0,0.9924623180532355
COD10K-NonCAM-4-Terrestial-2132,0.11370700597763062,0.8862929940223694,0.0,0.884779512501715
COD10K-NonCAM-4-Terrestial-2135,0.00552868889644742,0.9944713115692139,0.0,0.9923776689224638
COD10K-NonCAM-4-Terrestial-2138,0.00723224738612771,0.9927677512168884,0.0,0.9907492844705135
COD10K-NonCAM-4-Terrestial-2141,0.007540058344602585,0.9924599528312683,0.0,0.9903773957753246
COD10K-NonCAM-4-Terrestial-2142,0.01049218699336052,0.989507794380188,0.0,0.9875320500209843
COD10K-NonCAM-4-Terrestial-2149,0.005265453364700079,0.994734525680542,0.0,0.9923963327159152
COD10K-NonCAM-4-Terrestial-2150,0.007008074317127466,0.9929919242858887,0.0,0.9910694063602176
COD10K-NonCAM-4-Terrestial-2151,0.025590084493160248,0.9744099378585815,0.0,0.9726122072306563
COD10K-NonCAM-4-Terrestial-2153,0.01708030141890049,0.9829196929931641,0.0,0.9809557425970318
COD10K-NonCAM-4-Terrestial-2161,0.0022284481674432755,0.9977715611457825,0.0,0.9959942518038307
COD10K-NonCAM-4-Terrestial-2163,0.0033251128625124693,0.9966748952865601,0.0,0.995070646241415
COD10K-NonCAM-4-Terrestial-2172,0.013092934153974056,0.9869070649147034,0.0,0.9850734735539093
COD10K-NonCAM-4-Terrestial-2173,0.018370361998677254,0.9816296100616455,0.0,0.9797124880450839
COD10K-NonCAM-4-Terrestial-2176,0.0028430400416254997,0.9971569776535034,0.0,0.9956061583960844
COD10K-NonCAM-4-Terrestial-2178,0.0043778386898338795,0.9956221580505371,0.0,0.9936013138806166
COD10K-NonCAM-4-Terrestial-2179,0.0038323812186717987,0.9961676001548767,0.0,0.9942754803656896
COD10K-NonCAM-4-Terrestial-2185,0.004912958480417728,0.9950870275497437,0.0,0.9929384969996694
COD10K-NonCAM-4-Terrestial-2189,0.0015904216561466455,0.9984095692634583,0.0,0.9960895569518093
COD10K-NonCAM-4-Terrestial-2190,0.003986408468335867,0.9960135817527771,0.0,0.9941670285929318
COD10K-NonCAM-4-Terrestial-2194,0.04778460040688515,0.9522153735160828,0.0,0.9505470950562134
COD10K-NonCAM-4-Terrestial-2195,0.003343402873724699,0.996656596660614,0.0,0.9952576309693877
COD10K-NonCAM-4-Terrestial-2197,0.003578225150704384,0.996421754360199,0.0,0.9948571160504591
COD10K-NonCAM-4-Terrestial-2201,0.07728055119514465,0.9227194786071777,0.0,0.9211632221879211
COD10K-NonCAM-4-Terrestial-2202,0.12900914251804352,0.8709908723831177,0.0,0.8696179231435073
COD10K-NonCAM-4-Terrestial-2204,0.0031229995656758547,0.9968770146369934,0.0,0.9955049577592958
COD10K-NonCAM-4-Terrestial-2205,0.02914397232234478,0.9708560109138489,0.0,0.9690301145351607
COD10K-NonCAM-4-Terrestial-2212,0.004834249150007963,0.9951657652854919,0.0,0.9929919347190951
COD10K-NonCAM-4-Terrestial-2213,0.0020765154622495174,0.9979234933853149,0.0,0.996061718895023
COD10K-NonCAM-4-Terrestial-2215,0.00640478078275919,0.9935952425003052,0.0,0.9916027431740962
COD10K-NonCAM-4-Terrestial-2217,0.016506986692547798,0.9834930300712585,0.0,0.9815684005330785
COD10K-NonCAM-4-Terrestial-2218,0.0019449087558314204,0.998055100440979,0.0,0.9960581248537165
COD10K-NonCAM-4-Terrestial-2220,0.1267438381910324,0.8732561469078064,0.0,0.8719174790461086
COD10K-NonCAM-4-Terrestial-2224,0.009210770018398762,0.9907892346382141,0.0,0.988884985886137
COD10K-NonCAM-4-Terrestial-2225,0.033128317445516586,0.9668716788291931,0.0,0.9651277107898922
COD10K-NonCAM-4-Terrestial-2229,0.004013869911432266,0.9959861040115356,0.0,0.9941268320783196
COD10K-NonCAM-4-Terrestial-2231,0.09895159304141998,0.9010484218597412,0.0,0.899597019694842
COD10K-NonCAM-4-Terrestial-2232,0.007520418148487806,0.9924795627593994,0.0,0.9905496575446118
COD10K-NonCAM-4-Terrestial-2233,0.0033319329377263784,0.9966680407524109,0.0,0.9953034392327065
COD10K-NonCAM-4-Terrestial-2235,0.01369001716375351,0.9863100051879883,0.0,0.9843284350964063
COD10K-NonCAM-4-Terrestial-2240,0.002749477047473192,0.997250497341156,0.0,0.9958422301619011
COD10K-NonCAM-4-Terrestial-2241,0.0021052216179668903,0.9978947639465332,0.0,0.9960339438915929
COD10K-NonCAM-4-Terrestial-2243,0.006011635530740023,0.9939883351325989,0.0,0.9918905186920417
COD10K-NonCAM-4-Terrestial-2244,0.007809261791408062,0.9921907186508179,0.0,0.9902016345447652
COD10K-NonCAM-4-Terrestial-2245,0.006993134040385485,0.9930068850517273,0.0,0.9911541500710236
COD10K-NonCAM-4-Terrestial-2251,0.10397445410490036,0.896025538444519,0.0,0.8945184816953584
COD10K-NonCAM-4-Terrestial-2256,0.07511890679597855,0.924881100654602,0.0,0.9232234590768587
COD10K-NonCAM-4-Terrestial-2261,0.0015078377909958363,0.9984921813011169,0.0,0.9960462077693845
COD10K-NonCAM-4-Terrestial-2264,0.0044846609234809875,0.9955153465270996,0.0,0.9935670443814922
COD10K-NonCAM-4-Terrestial-2266,0.005463632754981518,0.9945363402366638,0.0,0.9924699475093424
COD10K-NonCAM-4-Terrestial-2271,0.004807143472135067,0.9951928853988647,0.0,0.9931846257758088
COD10K-NonCAM-4-Terrestial-2276,0.08808740228414536,0.9119126200675964,0.0,0.9104727147950413
COD10K-NonCAM-4-Terrestial-2278,0.2117442488670349,0.7882557511329651,0.0,0.7871831947168348
COD10K-NonCAM-4-Terrestial-2279,0.002587689086794853,0.9974123239517212,0.0,0.9956839031843461
COD10K-NonCAM-4-Terrestial-2282,0.008230283856391907,0.9917697310447693,0.0,0.9898573001662594
COD10K-NonCAM-4-Terrestial-2285,0.007646628655493259,0.9923533797264099,0.0,0.9904188218303838
COD10K-NonCAM-4-Terrestial-2286,0.06831931322813034,0.9316806793212891,0.0,0.9300758140944932
COD10K-NonCAM-4-Terrestial-2288,0.009053167887032032,0.9909468293190002,0.0,0.9890572161287462
COD10K-NonCAM-4-Terrestial-2291,0.004347951617091894,0.9956520199775696,0.0,0.9939022990766975
COD10K-NonCAM-4-Terrestial-2294,0.10496799647808075,0.8950319886207581,0.0,0.893580815234498
COD10K-NonCAM-4-Terrestial-2295,0.010841520503163338,0.9891584515571594,0.0,0.9872420991622481
COD10K-NonCAM-4-Terrestial-2300,0.004267794545739889,0.9957321882247925,0.0,0.993748322780724
COD10K-NonCAM-4-Terrestial-2301,0.10111039876937866,0.8988896012306213,0.0,0.8971092810504993
COD10K-NonCAM-4-Terrestial-2302,0.0052653285674750805,0.9947346448898315,0.0,0.9925877942321819
COD10K-NonCAM-4-Terrestial-2304,0.0032796463929116726,0.9967203736305237,0.0,0.9955237476594597
COD10K-NonCAM-4-Terrestial-2307,0.03553076460957527,0.9644692540168762,0.0,0.9625054162833022
COD10K-NonCAM-4-Terrestial-2308,0.014185521751642227,0.9858144521713257,0.0,0.9838768154322335
COD10K-NonCAM-4-Terrestial-2309,0.006504204589873552,0.9934958219528198,0.0,0.9917094294528787
COD10K-NonCAM-4-Terrestial-2312,0.0076526012271642685,0.9923474192619324,0.0,0.9904790377856068
COD10K-NonCAM-4-Terrestial-2316,0.001130935619585216,0.9988690614700317,0.0,0.9960789324612804
COD10K-NonCAM-4-Terrestial-2324,0.01060627680271864,0.9893937110900879,0.0,0.9873012116837367
COD10K-NonCAM-4-Terrestial-2325,0.0043748836033046246,0.9956251382827759,0.0,0.993668308071637
COD10K-NonCAM-4-Terrestial-2328,0.0024841921404004097,0.9975157976150513,0.0,0.9959201956369098
COD10K-NonCAM-4-Terrestial-2330,0.043620266020298004,0.9563797116279602,0.0,0.954687619801377
COD10K-NonCAM-4-Terrestial-2333,0.0018827172461897135,0.9981172680854797,0.0,0.9960678665972578
COD10K-NonCAM-4-Terrestial-2339,0.11967328190803528,0.8803267478942871,0.0,0.8788311534527009
COD10K-NonCAM-4-Terrestial-2340,0.02505684085190296,0.9749431610107422,0.0,0.9730938718190845
COD10K-NonCAM-4-Terrestial-2341,0.004819307941943407,0.9951806664466858,0.0,0.9928773352441025
COD10K-NonCAM-4-Terrestial-2344,0.0013260144041851163,0.9986739754676819,0.0,0.9960849540568029
COD10K-NonCAM-4-Terrestial-2346,0.010344168171286583,0.9896558523178101,0.0,0.9877123826198723
COD10K-NonCAM-4-Terrestial-2347,0.13037727773189545,0.8696227073669434,0.0,0.8683323913161909
COD10K-NonCAM-4-Terrestial-2348,0.00621635839343071,0.9937836527824402,0.0,0.9917722305957082
COD10K-NonCAM-4-Terrestial-2352,0.004001959692686796,0.9959980249404907,0.0,0.9939712479217617
COD10K-NonCAM-4-Terrestial-2356,0.0030087726190686226,0.9969912171363831,0.0,0.9957977144923855
COD10K-NonCAM-4-Terrestial-2359,0.011004358530044556,0.9889956712722778,0.0,0.987063658164048
COD10K-NonCAM-4-Terrestial-2365,0.003776800585910678,0.9962232112884521,0.0,0.9943535719474108
COD10K-NonCAM-4-Terrestial-2366,0.006660202983766794,0.9933397769927979,0.0,0.9913043431656219
COD10K-NonCAM-4-Terrestial-2368,0.007333241868764162,0.9926667809486389,0.0,0.9906404228509401
COD10K-NonCAM-4-Terrestial-2369,0.002729833358898759,0.9972701668739319,0.0,0.9957905894631287
COD10K-NonCAM-4-Terrestial-2370,0.0037907911464571953,0.9962092041969299,0.0,0.9946059114791412
COD10K-NonCAM-4-Terrestial-2371,0.0037653592880815268,0.996234655380249,0.0,0.9945259913500887
COD10K-NonCAM-4-Terrestial-2373,0.004027198534458876,0.9959728121757507,0.0,0.994250794976716
COD10K-NonCAM-4-Terrestial-2374,0.0042510018683969975,0.9957489967346191,0.0,0.994039219439804
COD10K-NonCAM-4-Terrestial-2375,0.005654205102473497,0.9943457841873169,0.0,0.9923288025713666
COD10K-NonCAM-4-Terrestial-2378,0.0695609301328659,0.9304390549659729,0.0,0.9287593545959338
COD10K-NonCAM-4-Terrestial-2380,0.08351288735866547,0.9164870977401733,0.0,0.9149347486037465
COD10K-NonCAM-4-Terrestial-2382,0.0551949180662632,0.9448050856590271,0.0,0.943074894019919
COD10K-NonCAM-4-Terrestial-2383,0.002445134101435542,0.9975548386573792,0.0,0.9959483174337993
COD10K-NonCAM-4-Terrestial-2384,0.008975441567599773,0.9910245537757874,0.0,0.989018028467834
COD10K-NonCAM-4-Terrestial-2385,0.01495242677628994,0.9850475788116455,0.0,0.9831414241382375
COD10K-NonCAM-4-Terrestial-2397,0.00407123938202858,0.9959287643432617,0.0,0.9939739592160806
COD10K-NonCAM-4-Terrestial-2400,0.008260931819677353,0.9917390942573547,0.0,0.9899085310182161
COD10K-NonCAM-4-Terrestial-2401,0.005636851768940687,0.9943631291389465,0.0,0.9924249274129766
COD10K-NonCAM-4-Terrestial-2402,0.0030873564537614584,0.9969126582145691,0.0,0.9954282533514123
COD10K-NonCAM-4-Terrestial-2405,0.004573820158839226,0.9954261779785156,0.0,0.9935825555071309
COD10K-NonCAM-4-Terrestial-2407,0.00570499524474144,0.9942950010299683,0.0,0.9922918533046015
COD10K-NonCAM-4-Terrestial-2408,0.012996763922274113,0.9870032072067261,0.0,0.9852826215366055
COD10K-NonCAM-4-Terrestial-2410,0.004406949505209923,0.9955930709838867,0.0,0.9939857817203783
COD10K-NonCAM-4-Terrestial-2413,0.07856213301420212,0.9214378595352173,0.0,0.9199209764896734
COD10K-NonCAM-4-Terrestial-2418,0.003621821291744709,0.9963781833648682,0.0,0.9946818277200716
COD10K-NonCAM-4-Terrestial-2422,0.0042377253994345665,0.995762288570404,0.0,0.9939518590147134
COD10K-NonCAM-4-Terrestial-2424,0.018794696778059006,0.9812052845954895,0.0,0.9793626049712277
COD10K-NonCAM-4-Terrestial-2426,0.014346875250339508,0.9856531023979187,0.0,0.9837245415768789
COD10K-NonCAM-4-Terrestial-2434,0.0028484633658081293,0.9971515536308289,0.0,0.9958092532565801
COD10K-NonCAM-4-Terrestial-2437,0.005633645690977573,0.9943663477897644,0.0,0.9923812629637704
COD10K-NonCAM-4-Terrestial-2440,0.005915106274187565,0.994084894657135,0.0,0.9919665610396846
COD10K-NonCAM-4-Terrestial-2441,0.07891078293323517,0.921089231967926,0.0,0.9195117286809036
COD10K-NonCAM-4-Terrestial-2444,0.021111425012350082,0.9788885712623596,0.0,0.9770304189567646
COD10K-NonCAM-4-Terrestial-2446,0.019878927618265152,0.9801210761070251,0.0,0.9782478216326482
COD10K-NonCAM-4-Terrestial-2451,0.00476902537047863,0.9952309727668762,0.0,0.9930725484350664
COD10K-NonCAM-4-Terrestial-2452,0.001776989083737135,0.9982230067253113,0.0,0.996079531468165
COD10K-NonCAM-4-Terrestial-2453,0.033848654478788376,0.9661513566970825,0.0,0.9643772182170731
COD10K-NonCAM-4-Terrestial-2456,0.016047770157456398,0.9839522242546082,0.0,0.982108893902892
COD10K-NonCAM-4-Terrestial-2460,0.007160913664847612,0.9928390979766846,0.0,0.9909111739626968
COD10K-NonCAM-4-Terrestial-2461,0.0034377307165414095,0.9965622425079346,0.0,0.9950757850899496
COD10K-NonCAM-4-Terrestial-2465,0.004765825811773539,0.9952341914176941,0.0,0.9935108953677476
COD10K-NonCAM-4-Terrestial-2467,0.0030269429553300142,0.9969730377197266,0.0,0.9957513072221822
COD10K-NonCAM-4-Terrestial-2472,0.028968920931220055,0.9710310697555542,0.0,0.9692154598758708
COD10K-NonCAM-4-Terrestial-2473,0.0044714175164699554,0.9955285787582397,0.0,0.9936919530802324
COD10K-NonCAM-4-Terrestial-2474,0.00457672169432044,0.9954232573509216,0.0,0.9933142004229117
COD10K-NonCAM-4-Terrestial-2476,0.027946392074227333,0.972053587436676,0.0,0.9701854096551334
COD10K-NonCAM-4-Terrestial-2479,0.03229265287518501,0.9677073359489441,0.0,0.966068214651784
COD10K-NonCAM-4-Terrestial-2481,0.003343756077811122,0.9966562390327454,0.0,0.995188114644117
COD10K-NonCAM-4-Terrestial-2482,0.0030519200954586267,0.9969480633735657,0.0,0.9955697450828473
COD10K-NonCAM-4-Terrestial-2484,0.006731528788805008,0.9932684898376465,0.0,0.9914279277438807
COD10K-NonCAM-4-Terrestial-2485,0.007301752455532551,0.9926982522010803,0.0,0.9907225183207835
COD10K-NonCAM-4-Terrestial-2488,0.0022570262663066387,0.9977429509162903,0.0,0.9958489138176642
COD10K-NonCAM-4-Terrestial-2491,0.0028373850509524345,0.9971626400947571,0.0,0.995572614010557
COD10K-NonCAM-4-Terrestial-2495,0.0038367202505469322,0.9961633086204529,0.0,0.9946062897992788
COD10K-NonCAM-4-Terrestial-2498,0.00781048322096467,0.9921895265579224,0.0,0.9901722832074287
COD10K-NonCAM-4-Terrestial-2499,0.0018749329028651118,0.9981250762939453,0.0,0.9960287104630238
COD10K-NonCAM-4-Terrestial-2501,0.06214214488863945,0.9378578662872314,0.0,0.9363131782018999
COD10K-NonCAM-4-Terrestial-2502,0.001622618641704321,0.9983773827552795,0.0,0.996094695800344
COD10K-NonCAM-4-Terrestial-2506,0.00392754003405571,0.9960724711418152,0.0,0.9945499831521435
COD10K-NonCAM-4-Terrestial-2510,0.006094739772379398,0.993905246257782,0.0,0.9921262436643989
COD10K-NonCAM-4-Terrestial-2511,0.005341129843145609,0.994658887386322,0.0,0.9925276098036371
COD10K-NonCAM-4-Terrestial-2514,0.004108921624720097,0.9958910942077637,0.0,0.9940214699200184
COD10K-NonCAM-4-Terrestial-2518,0.002024023560807109,0.9979760050773621,0.0,0.9960334079380647
COD10K-NonCAM-4-Terrestial-2519,0.03865242749452591,0.9613475799560547,0.0,0.959580497193369
COD10K-NonCAM-4-Terrestial-2520,0.024888793006539345,0.975111186504364,0.0,0.9734721289032551
COD10K-NonCAM-4-Terrestial-2524,0.003837454365566373,0.9961625337600708,0.0,0.9943977723501451
COD10K-NonCAM-4-Terrestial-2526,0.010082107968628407,0.9899178743362427,0.0,0.9880435388469209
COD10K-NonCAM-4-Terrestial-2527,0.005193439312279224,0.9948065876960754,0.0,0.9925905055265009
COD10K-NonCAM-4-Terrestial-2528,0.010021659545600414,0.9899783134460449,0.0,0.9883094979036023
COD10K-NonCAM-4-Terrestial-2529,0.008105329237878323,0.9918946623802185,0.0,0.9900798785138377
COD10K-NonCAM-4-Terrestial-2531,0.005580482538789511,0.994419515132904,0.0,0.9922834356815415
COD10K-NonCAM-4-Terrestial-2532,0.017131736502051353,0.9828682541847229,0.0,0.9810617668155737
COD10K-NonCAM-4-Terrestial-2535,0.00397200183942914,0.9960280060768127,0.0,0.9940836405292853
COD10K-NonCAM-4-Terrestial-2538,0.0022974612656980753,0.9977025389671326,0.0,0.9960341645783398
COD10K-NonCAM-4-Terrestial-2541,0.005626688711345196,0.9943733215332031,0.0,0.9927801384954362
COD10K-NonCAM-4-Terrestial-2543,0.00539284897968173,0.994607150554657,0.0,0.9925626674697146
COD10K-NonCAM-4-Terrestial-2544,0.005059811286628246,0.9949401617050171,0.0,0.9927953343542936
COD10K-NonCAM-4-Terrestial-2546,0.00900944508612156,0.9909905791282654,0.0,0.9890344223404601
COD10K-NonCAM-4-Terrestial-2550,0.1043035164475441,0.8956964612007141,0.0,0.89416998579534
COD10K-NonCAM-4-Terrestial-2552,0.005447677336633205,0.9945523142814636,0.0,0.992886351874047
COD10K-NonCAM-4-Terrestial-2553,0.005380974151194096,0.9946190118789673,0.0,0.9926098313801929
COD10K-NonCAM-4-Terrestial-2554,0.002393573522567749,0.9976063966751099,0.0,0.9959102647332998
COD10K-NonCAM-4-Terrestial-2566,0.14077533781528473,0.8592246770858765,0.0,0.8578940658216507
COD10K-NonCAM-4-Terrestial-2567,0.053153395652770996,0.946846604347229,0.0,0.9453034833700555
COD10K-NonCAM-4-Terrestial-2572,0.13435670733451843,0.8656432628631592,0.0,0.864403851954755
COD10K-NonCAM-4-Terrestial-2579,0.0019094779854640365,0.9980905055999756,0.0,0.9960941598468159
COD10K-NonCAM-4-Terrestial-2580,0.004793564323335886,0.9952064156532288,0.0,0.993338286805001
COD10K-NonCAM-4-Terrestial-2581,0.007074580527842045,0.9929254055023193,0.0,0.9910360196080809
COD10K-NonCAM-4-Terrestial-2585,0.0022214094642549753,0.997778594493866,0.0,0.9960012507263749
COD10K-NonCAM-4-Terrestial-2587,0.003933276515454054,0.9960667490959167,0.0,0.9944016501315549
COD10K-NonCAM-4-Terrestial-2588,0.039810676127672195,0.9601893424987793,0.0,0.9584395151852658
COD10K-NonCAM-4-Terrestial-2591,0.08786730468273163,0.9121326804161072,0.0,0.9106007131082379
COD10K-NonCAM-4-Terrestial-2592,0.017405422404408455,0.9825945496559143,0.0,0.9805358072443768
COD10K-NonCAM-4-Terrestial-2593,0.002987643238157034,0.9970123767852783,0.0,0.9954250376302434
COD10K-NonCAM-4-Terrestial-2595,0.0019607963040471077,0.998039186000824,0.0,0.9960280484027831
COD10K-NonCAM-4-Terrestial-2602,0.07977776229381561,0.9202222228050232,0.0,0.9186816627724914
COD10K-NonCAM-4-Terrestial-2603,0.004174453672021627,0.9958255290985107,0.0,0.9940866670903855
COD10K-NonCAM-4-Terrestial-2605,0.05509361997246742,0.9449063539505005,0.0,0.9431917003623803
COD10K-NonCAM-4-Terrestial-2607,0.036157190799713135,0.9638428092002869,0.0,0.9613828143285473
COD10K-NonCAM-4-Terrestial-2612,0.002181203104555607,0.9978187680244446,0.0,0.9959581222306969
COD10K-NonCAM-4-Terrestial-2614,0.006267211865633726,0.9937328100204468,0.0,0.9916606261551378
COD10K-NonCAM-4-Terrestial-2616,0.007262405939400196,0.9927375912666321,0.0,0.9908310646735756
COD10K-NonCAM-4-Terrestial-2618,0.08071357011795044,0.9192864298820496,0.0,0.9177019081963311
COD10K-NonCAM-4-Terrestial-2620,0.007291453890502453,0.9927085638046265,0.0,0.9908560968560085
COD10K-NonCAM-4-Terrestial-2621,0.05302608013153076,0.9469739198684692,0.0,0.9452514328244676
COD10K-NonCAM-4-Terrestial-2624,0.13546305894851685,0.8645369410514832,0.0,0.8632013613976257
COD10K-NonCAM-4-Terrestial-2627,0.014573536813259125,0.9854264855384827,0.0,0.98345971748061
COD10K-NonCAM-4-Terrestial-2630,0.051568154245615005,0.9484318494796753,0.0,0.9467580927721686
COD10K-NonCAM-4-Terrestial-2632,0.0019277252722531557,0.9980722665786743,0.0,0.9960607100413229
COD10K-NonCAM-4-Terrestial-2636,0.006779917050153017,0.9932200908660889,0.0,0.9912498335391398
COD10K-NonCAM-4-Terrestial-2637,0.04496883600950241,0.955031156539917,0.0,0.9532445491634585
COD10K-NonCAM-4-Terrestial-2641,0.0027253360021859407,0.99727463722229,0.0,0.995880093702332
COD10K-NonCAM-4-Terrestial-2648,0.010463387705385685,0.9895365834236145,0.0,0.9874766261208368
COD10K-NonCAM-4-Terrestial-2649,0.0034094653092324734,0.9965905547142029,0.0,0.9949417336545526
COD10K-NonCAM-4-Terrestial-2650,0.004584670066833496,0.9954153299331665,0.0,0.9934608310028816
COD10K-NonCAM-4-Terrestial-2651,0.0308933574706316,0.9691066145896912,0.0,0.9673198553001139
COD10K-NonCAM-4-Terrestial-2656,0.005107341334223747,0.9948926568031311,0.0,0.9926770777846383
COD10K-NonCAM-4-Terrestial-2658,0.009044242091476917,0.9909557700157166,0.0,0.9889152514971392
COD10K-NonCAM-4-Terrestial-2659,0.004194892942905426,0.9958050847053528,0.0,0.9941189188821097
COD10K-NonCAM-4-Terrestial-2662,0.06827481836080551,0.9317252039909363,0.0,0.9301755014507316
COD10K-NonCAM-4-Terrestial-2664,0.008732998743653297,0.9912670254707336,0.0,0.9891752835383326
COD10K-NonCAM-4-Terrestial-2665,0.03125699982047081,0.9687430262565613,0.0,0.9670043678320945
COD10K-NonCAM-4-Terrestial-2667,0.025351902469992638,0.974648118019104,0.0,0.9729617435110531
COD10K-NonCAM-4-Terrestial-2668,0.0037955695297569036,0.9962044358253479,0.0,0.9944350999370478
COD10K-NonCAM-4-Terrestial-2671,0.04970577359199524,0.9502942562103271,0.0,0.9485628059348845
COD10K-NonCAM-4-Terrestial-2673,0.004459314979612827,0.9955406785011292,0.0,0.9938981690818627
COD10K-NonCAM-4-Terrestial-2679,0.0023796081077307463,0.9976204037666321,0.0,0.9960352680120743
COD10K-NonCAM-4-Terrestial-2683,0.00535533856600523,0.9946446418762207,0.0,0.9925152513458111
COD10K-NonCAM-4-Terrestial-2687,0.00327303446829319,0.9967269897460938,0.0,0.9951032448265985
COD10K-NonCAM-4-Terrestial-2690,0.009137007407844067,0.9908629655838013,0.0,0.9889641493749146
COD10K-NonCAM-4-Terrestial-2695,0.0036617345176637173,0.9963382482528687,0.0,0.9949402203740025
COD10K-NonCAM-4-Terrestial-2697,0.014156229794025421,0.9858437776565552,0.0,0.9839295595647404
COD10K-NonCAM-4-Terrestial-2701,0.00274577084928751,0.9972542524337769,0.0,0.9956649556507916
COD10K-NonCAM-4-Terrestial-2702,0.0031552461441606283,0.9968447685241699,0.0,0.9954123954323143
COD10K-NonCAM-4-Terrestial-2703,0.0023298845626413822,0.9976701140403748,0.0,0.9957479023409445
COD10K-NonCAM-4-Terrestial-2704,0.0020229346118867397,0.997977077960968,0.0,0.9960774191807305
COD10K-NonCAM-4-Terrestial-2707,0.007548498921096325,0.9924514889717102,0.0,0.9904070308527642
COD10K-NonCAM-4-Terrestial-2708,0.003655017586424947,0.9963449835777283,0.0,0.9946232196254331
COD10K-NonCAM-4-Terrestial-2709,0.06443434953689575,0.9355656504631042,0.0,0.9339210914989952
COD10K-NonCAM-4-Terrestial-2710,0.018596762791275978,0.9814032316207886,0.0,0.9797377724409417
COD10K-NonCAM-4-Terrestial-2716,0.007284639403223991,0.9927153587341309,0.0,0.9907690516976994
COD10K-NonCAM-4-Terrestial-2720,0.0030958722345530987,0.9969041347503662,0.0,0.9955163388900998
COD10K-NonCAM-4-Terrestial-2721,0.007263065781444311,0.9927369356155396,0.0,0.9905730503397822
COD10K-NonCAM-4-Terrestial-2723,0.006167707499116659,0.9938322901725769,0.0,0.9920618346609851
COD10K-NonCAM-4-Terrestial-2725,0.07045701146125793,0.9295430183410645,0.0,0.9279149440489738
COD10K-NonCAM-4-Terrestial-2730,0.006989604327827692,0.993010401725769,0.0,0.9910610202638357
COD10K-NonCAM-4-Terrestial-2732,0.006657314486801624,0.9933426976203918,0.0,0.9913615010330665
COD10K-NonCAM-4-Terrestial-2735,0.004637532867491245,0.9953624606132507,0.0,0.9932537322542637
COD10K-NonCAM-4-Terrestial-2736,0.03610280156135559,0.9638972282409668,0.0,0.9621256459185816
COD10K-NonCAM-4-Terrestial-2737,0.13237972557544708,0.8676202893257141,0.0,0.8662605210830245
COD10K-NonCAM-4-Terrestial-2745,0.003109211567789316,0.9968907833099365,0.0,0.9956315373719767
COD10K-NonCAM-4-Terrestial-2748,0.003063736716285348,0.9969362616539001,0.0,0.9954499121792857
COD10K-NonCAM-4-Terrestial-2753,0.036040861159563065,0.9639591574668884,0.0,0.9621608296913715
COD10K-NonCAM-4-Terrestial-2754,0.055905282497406006,0.944094717502594,0.0,0.9423378948653383
COD10K-NonCAM-4-Terrestial-2756,0.006010543555021286,0.9939894676208496,0.0,0.9918925048727637
COD10K-NonCAM-4-Terrestial-2761,0.04780366271734238,0.9521963596343994,0.0,0.9504793757515959
COD10K-NonCAM-4-Terrestial-2763,0.04839634522795677,0.9516036510467529,0.0,0.9499059054764615
COD10K-NonCAM-4-Terrestial-2765,0.0022610523737967014,0.9977389574050903,0.0,0.9960165411652666
COD10K-NonCAM-4-Terrestial-2769,0.004607365932315588,0.9953926205635071,0.0,0.9936246120957526
COD10K-NonCAM-4-Terrestial-2771,0.009127631783485413,0.9908723831176758,0.0,0.9888416367037121
COD10K-NonCAM-4-Terrestial-2772,0.0032757725566625595,0.9967242479324341,0.0,0.9951432837078201
COD10K-NonCAM-4-Terrestial-2777,0.004950613249093294,0.9950493574142456,0.0,0.9932376221217407
COD10K-NonCAM-4-Terrestial-2778,0.0062676481902599335,0.9937323331832886,0.0,0.9917049841912629
COD10K-NonCAM-4-Terrestial-2779,0.005271435249596834,0.9947285652160645,0.0,0.9927612540152381
COD10K-NonCAM-4-Terrestial-2780,0.0032701485324651003,0.996729850769043,0.0,0.9952163310210409
COD10K-NonCAM-4-Terrestial-2782,0.007345128804445267,0.9926548600196838,0.0,0.9906924733965282
COD10K-NonCAM-4-Terrestial-2783,0.0058585768565535545,0.9941413998603821,0.0,0.9919764919432946
COD10K-NonCAM-4-Terrestial-2785,0.0014823348028585315,0.9985176920890808,0.0,0.9960937184733222
COD10K-NonCAM-4-Terrestial-2789,0.03320033475756645,0.9667996764183044,0.0,0.9650794749723575
COD10K-NonCAM-4-Terrestial-2791,0.008184499107301235,0.9918155074119568,0.0,0.9898482520096368
COD10K-NonCAM-4-Terrestial-2792,0.0570642352104187,0.9429357647895813,0.0,0.9412284080086842
COD10K-NonCAM-4-Terrestial-2794,0.08698087930679321,0.9130191206932068,0.0,0.9115305924796009
COD10K-NonCAM-4-Terrestial-2795,0.008452069945633411,0.9915479421615601,0.0,0.9896650820097176
COD10K-NonCAM-4-Terrestial-2796,0.004473115783184767,0.995526909828186,0.0,0.993668560285062
COD10K-NonCAM-4-Terrestial-2797,0.00714536290615797,0.992854654788971,0.0,0.9908726483620254
COD10K-NonCAM-4-Terrestial-2798,0.008516833186149597,0.9914831519126892,0.0,0.9894283797103383
COD10K-NonCAM-4-Terrestial-2800,0.002107099164277315,0.9978929162025452,0.0,0.9960558549328913
COD10K-NonCAM-4-Terrestial-2803,0.009094334207475185,0.9909056425094604,0.0,0.9888467124988904
COD10K-NonCAM-4-Terrestial-2805,0.09022916853427887,0.9097708463668823,0.0,0.908184287809819
COD10K-NonCAM-4-Terrestial-2807,0.004311385098844767,0.9956886172294617,0.0,0.9939567456498232
COD10K-NonCAM-4-Terrestial-2808,0.005107369739562273,0.9948926568031311,0.0,0.9929553952991457
COD10K-NonCAM-4-Terrestial-2809,0.006351967807859182,0.9936480522155762,0.0,0.9916640310363756
COD10K-NonCAM-4-Terrestial-2811,0.05794963985681534,0.9420503377914429,0.0,0.9403840605150804
COD10K-NonCAM-4-Terrestial-2813,0.10237331688404083,0.8976266980171204,0.0,0.8962899972660064
COD10K-NonCAM-4-Terrestial-2815,0.005567537620663643,0.9944324493408203,0.0,0.9923861811255582
COD10K-NonCAM-4-Terrestial-2816,0.010829485952854156,0.989170491695404,0.0,0.9872849123911449
COD10K-NonCAM-4-Terrestial-2818,0.0028493558056652546,0.9971506595611572,0.0,0.9955806533134794
COD10K-NonCAM-4-Terrestial-2819,0.0321776308119297,0.9678223729133606,0.0,0.9661784003918389
COD10K-NonCAM-4-Terrestial-2824,0.003813080722466111,0.9961869120597839,0.0,0.9946341593827432
COD10K-NonCAM-4-Terrestial-2825,0.0038533122278749943,0.9961466789245605,0.0,0.9944281010145035
COD10K-NonCAM-4-Terrestial-2826,0.0025740063283592463,0.9974259734153748,0.0,0.9959422327849208
COD10K-NonCAM-4-Terrestial-2829,0.06296207010746002,0.9370379447937012,0.0,0.935153658507058
COD10K-NonCAM-4-Terrestial-2830,0.04779679700732231,0.9522032141685486,0.0,0.9505309533970123
COD10K-NonCAM-4-Terrestial-2831,0.011272256262600422,0.9887277483940125,0.0,0.986921977272544
COD10K-NonCAM-4-Terrestial-2832,0.013611182570457458,0.9863888025283813,0.0,0.9845038495335061
COD10K-NonCAM-4-Terrestial-2836,0.004842981230467558,0.99515700340271,0.0,0.9929097131425393
COD10K-NonCAM-4-Terrestial-2839,0.004941835068166256,0.9950581789016724,0.0,0.9929454959222137
COD10K-NonCAM-4-Terrestial-2840,0.0060011716559529305,0.9939988255500793,0.0,0.9920859525697525
COD10K-NonCAM-4-Terrestial-2841,0.0054994323290884495,0.9945005774497986,0.0,0.9928965980444383
COD10K-NonCAM-4-Terrestial-2842,0.0033670447301119566,0.9966329336166382,0.0,0.9948370335564921
COD10K-NonCAM-4-Terrestial-2843,0.0031444155611097813,0.9968555569648743,0.0,0.9952081025580498
COD10K-NonCAM-4-Terrestial-2844,0.006320289336144924,0.9936797022819519,0.0,0.9917119515871289
COD10K-NonCAM-4-Terrestial-2847,0.04382382705807686,0.9561761617660522,0.0,0.9543814327034051
COD10K-NonCAM-4-Terrestial-2849,0.0020701612811535597,0.9979298114776611,0.0,0.9960464915094875
COD10K-NonCAM-4-Terrestial-2850,0.004061522893607616,0.9959384799003601,0.0,0.9944360772640698
COD10K-NonCAM-4-Terrestial-2856,0.0031470335088670254,0.9968529939651489,0.0,0.9952780917834922
COD10K-NonCAM-4-Terrestial-2858,0.02551541104912758,0.9744845628738403,0.0,0.9727809695386714
COD10K-NonCAM-4-Terrestial-2859,0.0031318673864006996,0.9968681335449219,0.0,0.9954562175149112
COD10K-NonCAM-4-Terrestial-2864,0.012592021375894547,0.9874079823493958,0.0,0.9855809584917234
COD10K-NonCAM-4-Terrestial-2865,0.007879666984081268,0.9921203255653381,0.0,0.9901109638184712
COD10K-NonCAM-4-Terrestial-2867,0.06415525078773499,0.9358447790145874,0.0,0.9342207525745948
COD10K-NonCAM-4-Terrestial-2870,0.005097554996609688,0.9949024319648743,0.0,0.9931268058481234
COD10K-NonCAM-4-Terrestial-2873,0.014997279271483421,0.9850026965141296,0.0,0.9830521721124591
COD10K-NonCAM-4-Terrestial-2874,0.07666470855474472,0.9233353137969971,0.0,0.9217796948520214
COD10K-NonCAM-4-Terrestial-2877,0.004145660903304815,0.9958543181419373,0.0,0.9943749155085029
COD10K-NonCAM-4-Terrestial-2878,0.00577937625348568,0.9942206144332886,0.0,0.9921419439501065
COD10K-NonCAM-4-Terrestial-2879,0.02856665477156639,0.9714333415031433,0.0,0.9695776068275186
COD10K-NonCAM-4-Terrestial-2880,0.004655815195292234,0.9953441619873047,0.0,0.9932029112491226
COD10K-NonCAM-4-Terrestial-2885,0.021832691505551338,0.9781672954559326,0.0,0.9763075752806634
COD10K-NonCAM-4-Terrestial-2886,0.004265953321009874,0.9957340359687805,0.0,0.994060279260793
COD10K-NonCAM-4-Terrestial-2887,0.0021440477576106787,0.9978559613227844,0.0,0.9960159106317041
COD10K-NonCAM-4-Terrestial-2889,0.01107430923730135,0.9889256954193115,0.0,0.9870426929230933
COD10K-NonCAM-4-Terrestial-2893,0.017818046733736992,0.982181966304779,0.0,0.9803009965456851
COD10K-NonCAM-4-Terrestial-2896,0.005347583442926407,0.9946523904800415,0.0,0.9926118175609149
COD10K-NonCAM-4-Terrestial-2901,0.004585668444633484,0.9954143166542053,0.0,0.9934345062266454
COD10K-NonCAM-4-Terrestial-2902,0.03278084099292755,0.9672191739082336,0.0,0.965454201068578
COD10K-NonCAM-4-Terrestial-2903,0.14840152859687805,0.8515985012054443,0.0,0.8503037343224136
COD10K-NonCAM-4-Terrestial-2906,0.004931309726089239,0.9950686693191528,0.0,0.9928210601236453
COD10K-NonCAM-4-Terrestial-2912,0.0023660529404878616,0.9976339340209961,0.0,0.9960352680120743
COD10K-NonCAM-4-Terrestial-2914,0.0073348949663341045,0.9926651120185852,0.0,0.9907889450315976
COD10K-NonCAM-4-Terrestial-2917,0.002453693188726902,0.9975463151931763,0.0,0.9960150594113947
COD10K-NonCAM-4-Terrestial-2921,0.003928959835320711,0.9960710406303406,0.0,0.994282763028337
COD10K-NonCAM-4-Terrestial-2924,0.005013943649828434,0.9949860572814941,0.0,0.9928756328034837
COD10K-NonCAM-4-Terrestial-2932,0.0033964430913329124,0.9966035485267639,0.0,0.9950162942483236
COD10K-NonCAM-4-Terrestial-2939,0.005095203407108784,0.9949048161506653,0.0,0.9929318133439065
COD10K-NonCAM-4-Terrestial-2940,0.003789542941376567,0.9962104558944702,0.0,0.9943613275102301
COD10K-NonCAM-4-Terrestial-2945,0.003077833680436015,0.9969221949577332,0.0,0.995600861914159
COD10K-NonCAM-4-Terrestial-2948,0.0032043277751654387,0.996795654296875,0.0,0.9954557130880611
COD10K-NonCAM-4-Terrestial-2950,0.004049891140311956,0.9959501028060913,0.0,0.9940165832849086
COD10K-NonCAM-4-Terrestial-2952,0.0053778658621013165,0.9946221113204956,0.0,0.9927047897347121
COD10K-NonCAM-4-Terrestial-2955,0.009140543639659882,0.9908594489097595,0.0,0.9887556949791372
COD10K-NonCAM-4-Terrestial-2959,0.007227530237287283,0.9927724599838257,0.0,0.9908104777527585
COD10K-NonCAM-4-Terrestial-2960,0.003935280721634626,0.9960647225379944,0.0,0.994290203324375
COD10K-NonCAM-4-Terrestial-2962,0.004242427181452513,0.9957575798034668,0.0,0.9940874237306605
COD10K-NonCAM-4-Terrestial-2963,0.01380955707281828,0.9861904382705688,0.0,0.9842498706145131
COD10K-NonCAM-4-Terrestial-2970,0.003180119674652815,0.9968198537826538,0.0,0.9955338992498166
COD10K-NonCAM-4-Terrestial-2972,0.005720694549381733,0.9942793250083923,0.0,0.9922327407831129
COD10K-NonCAM-4-Terrestial-2973,0.004943810403347015,0.9950562119483948,0.0,0.9928966295711165
COD10K-NonCAM-4-Terrestial-2975,0.010960428044199944,0.9890395998954773,0.0,0.9870739043344393
COD10K-NonCAM-4-Terrestial-2977,0.001364961382932961,0.9986350536346436,0.0,0.996091952979347
COD10K-NonCAM-4-Terrestial-2981,0.0042290883138775826,0.9957709312438965,0.0,0.9939125137204107
COD10K-NonCAM-4-Terrestial-2982,0.004169220570474863,0.995830774307251,0.0,0.9939214672969987
COD10K-NonCAM-4-Terrestial-2984,0.010734234936535358,0.9892657399177551,0.0,0.987357266117447
COD10K-NonCAM-4-Terrestial-2985,0.010481559671461582,0.9895184636116028,0.0,0.9876384840863419
COD10K-NonCAM-4-Terrestial-2986,0.0051473393104970455,0.9948526620864868,0.0,0.9928332924747587
COD10K-NonCAM-4-Terrestial-2987,0.008156447671353817,0.991843581199646,0.0,0.9898552824588592
COD10K-NonCAM-4-Terrestial-2993,0.0085277259349823,0.9914722442626953,0.0,0.9895241892851669
COD10K-NonCAM-4-Terrestial-2995,0.0055474694818258286,0.9944525361061096,0.0,0.9923800018966453
COD10K-NonCAM-4-Terrestial-2999,0.026784345507621765,0.973215639591217,0.0,0.9714009522570077
COD10K-NonCAM-5-Background-1-Indoor-3002,0.07327497005462646,0.9267250299453735,0.0,0.9251772934271163
COD10K-NonCAM-5-Background-1-Indoor-3003,0.008481149561703205,0.9915188550949097,0.0,0.9896839349632376
COD10K-NonCAM-5-Background-1-Indoor-3006,0.0061272201128304005,0.9938727617263794,0.0,0.9920484673494591
COD10K-NonCAM-5-Background-1-Indoor-3007,0.003985131159424782,0.9960148930549622,0.0,0.9943923497615073
COD10K-NonCAM-5-Background-1-Indoor-3008,0.05309836193919182,0.9469016194343567,0.0,0.9452374980327354
COD10K-NonCAM-5-Background-1-Indoor-3012,0.004280173219740391,0.995719850063324,0.0,0.9939537821420792
COD10K-NonCAM-5-Background-1-Indoor-3013,0.019216639921069145,0.9807833433151245,0.0,0.9790172617390218
COD10K-NonCAM-5-Background-1-Indoor-3015,0.018526466563344002,0.9814735054969788,0.0,0.9797390335080669
COD10K-NonCAM-5-Background-1-Indoor-3017,0.0042112721130251884,0.9957887530326843,0.0,0.9940505375172517
COD10K-NonCAM-5-Background-1-Indoor-3022,0.004977892152965069,0.9950221180915833,0.0,0.9932128106260546
COD10K-NonCAM-5-Background-1-Indoor-3026,0.08669225126504898,0.9133077263832092,0.0,0.9116394856258525
COD10K-NonCAM-5-Background-1-Indoor-3029,0.013448849320411682,0.9865511655807495,0.0,0.9847582067726367
COD10K-NonCAM-5-Background-1-Indoor-3030,0.022708656266331673,0.9772913455963135,0.0,0.9754826482207858
COD10K-NonCAM-5-Background-1-Indoor-3032,0.002667382126674056,0.9973326325416565,0.0,0.9956587133685224
COD10K-NonCAM-5-Background-1-Indoor-3035,0.02962833270430565,0.970371663570404,0.0,0.9685375732427788
COD10K-NonCAM-5-Background-1-Indoor-3037,0.006156810559332371,0.9938431978225708,0.0,0.9920764945663142
COD10K-NonCAM-5-Background-1-Indoor-3038,0.09146042168140411,0.9085395932197571,0.0,0.9069317013611453
COD10K-NonCAM-5-Background-1-Indoor-3040,0.07560950517654419,0.9243904948234558,0.0,0.9228567092302044
COD10K-NonCAM-5-Background-1-Indoor-3041,0.024142879992723465,0.975857138633728,0.0,0.974063285644819
COD10K-NonCAM-5-Background-1-Indoor-3044,0.08546502143144608,0.9145349860191345,0.0,0.9129485994084082
COD10K-NonCAM-5-Background-1-Indoor-3049,0.03615392744541168,0.9638460874557495,0.0,0.9620024081337821
COD10K-NonCAM-5-Background-1-Indoor-3053,0.006439011078327894,0.9935609698295593,0.0,0.9916831992566769
COD10K-NonCAM-5-Background-1-Indoor-3056,0.09537139534950256,0.9046286344528198,0.0,0.9031129063662704
COD10K-NonCAM-5-Background-1-Indoor-3057,0.19532911479473114,0.8046708703041077,0.0,0.8034983137010403
COD10K-NonCAM-5-Background-1-Indoor-3059,0.015986697748303413,0.9840133190155029,0.0,0.9822020552367579
COD10K-NonCAM-5-Background-1-Indoor-3060,0.02416972443461418,0.9758302569389343,0.0,0.9739866442902916
COD10K-NonCAM-5-Background-1-Indoor-3066,0.10696924477815628,0.8930307626724243,0.0,0.8914470581321678
COD10K-NonCAM-5-Background-1-Indoor-3067,0.013083274476230145,0.986916720867157,0.0,0.9851238847122348
COD10K-NonCAM-5-Background-1-Indoor-3068,0.08031399548053741,0.9196860194206238,0.0,0.9180794401669048
COD10K-NonCAM-5-Background-1-Indoor-3074,0.05156991258263588,0.948430061340332,0.0,0.9467263769339727
COD10K-NonCAM-5-Background-1-Indoor-3075,0.1688215434551239,0.8311784267425537,0.0,0.8299047440336391
COD10K-NonCAM-5-Background-1-Indoor-3077,0.006802856456488371,0.9931971430778503,0.0,0.9913500253222282
COD10K-NonCAM-5-Background-1-Indoor-3080,0.009409756399691105,0.9905902147293091,0.0,0.9888098578121596
COD10K-NonCAM-5-Background-1-Indoor-3081,0.003919597249478102,0.9960803985595703,0.0,0.9944318526892008
COD10K-NonCAM-5-Background-1-Indoor-3087,0.0039126514457166195,0.996087372303009,0.0,0.9943622733105739
COD10K-NonCAM-5-Background-1-Indoor-3089,0.03413856774568558,0.965861439704895,0.0,0.9641102818333697
COD10K-NonCAM-5-Background-1-Indoor-3090,0.01417100802063942,0.9858289957046509,0.0,0.9838985373134631
COD10K-NonCAM-5-Background-1-Indoor-3091,0.005335570313036442,0.9946644306182861,0.0,0.9928574734368825
COD10K-NonCAM-5-Background-1-Indoor-3096,0.020715169608592987,0.9792848229408264,0.0,0.9772427511339516
COD10K-NonCAM-5-Background-1-Indoor-3099,0.0056761023588478565,0.9943239092826843,0.0,0.992511499671114
COD10K-NonCAM-5-Background-1-Indoor-3100,0.004782163538038731,0.9952178597450256,0.0,0.9933079896673207
COD10K-NonCAM-5-Background-1-Indoor-3101,0.022059699520468712,0.9779403209686279,0.0,0.976079542817769
COD10K-NonCAM-5-Background-1-Indoor-3104,0.003910715691745281,0.9960892796516418,0.0,0.9944365816909199
COD10K-NonCAM-5-Background-1-Indoor-3109,0.0031010883394628763,0.996898889541626,0.0,0.9953199592120452
COD10K-NonCAM-5-Background-1-Indoor-3111,0.09215755760669708,0.9078424572944641,0.0,0.9061235780207098
COD10K-NonCAM-5-Background-1-Indoor-3112,0.05197214335203171,0.9480278491973877,0.0,0.9463299289565225
COD10K-NonCAM-5-Background-1-Indoor-3119,0.07797010242938995,0.9220299124717712,0.0,0.9204076222932456
COD10K-NonCAM-5-Background-1-Indoor-3125,0.0034317607060074806,0.9965682625770569,0.0,0.9949201063533574
COD10K-NonCAM-5-Background-1-Indoor-3128,0.10309596359729767,0.8969040513038635,0.0,0.8953375763197824
COD10K-NonCAM-5-Background-1-Indoor-3132,0.07199478894472122,0.9280052185058594,0.0,0.9264493633628725
COD10K-NonCAM-5-Background-1-Indoor-3133,0.006046934984624386,0.9939530491828918,0.0,0.9921030400292974
COD10K-NonCAM-5-Background-1-Indoor-3134,0.012107294984161854,0.9878926873207092,0.0,0.9860544891971947
COD10K-NonCAM-5-Background-2-Ocean-3136,0.0033031741622835398,0.9966968297958374,0.0,0.9952958413032779
COD10K-NonCAM-5-Background-2-Ocean-3139,0.002567706862464547,0.997432291507721,0.0,0.9951097393222927
COD10K-NonCAM-5-Background-2-Ocean-3140,0.0024564703926444054,0.9975435137748718,0.0,0.9960208918468483
COD10K-NonCAM-5-Background-2-Ocean-3141,0.0015025112079456449,0.998497486114502,0.0,0.996087980617903
COD10K-NonCAM-5-Background-2-Ocean-3142,0.0019492160063236952,0.9980508089065552,0.0,0.9960480363167158
COD10K-NonCAM-5-Background-2-Ocean-3146,0.024170802906155586,0.9758291840553284,0.0,0.9740279127119602
COD10K-NonCAM-5-Background-2-Ocean-3148,0.08605935424566269,0.9139406681060791,0.0,0.9124674707735083
COD10K-NonCAM-5-Background-2-Ocean-3152,0.03626246750354767,0.9637375473976135,0.0,0.9620155862852393
COD10K-NonCAM-5-Background-2-Ocean-3153,0.11402902752161026,0.885970950126648,0.0,0.8845533716395084
COD10K-NonCAM-5-Background-2-Ocean-3155,0.002863104222342372,0.9971368908882141,0.0,0.9958099783701769
COD10K-NonCAM-5-Background-2-Ocean-3158,0.002951578702777624,0.9970484375953674,0.0,0.9958137615715522
COD10K-NonCAM-5-Background-2-Ocean-3161,0.002688096836209297,0.9973118901252747,0.0,0.9957956967849853
COD10K-NonCAM-5-Background-2-Ocean-3162,0.0026805787347257137,0.9973194003105164,0.0,0.9959421382048863
COD10K-NonCAM-5-Background-2-Ocean-3163,0.00354378973133862,0.9964562058448792,0.0,0.9950890578214413
COD10K-NonCAM-5-Background-2-Ocean-3171,0.004687750246375799,0.9953122735023499,0.0,0.9934346008066797
COD10K-NonCAM-5-Background-2-Ocean-3172,0.0017659327713772655,0.9982340931892395,0.0,0.9960525761583661
COD10K-NonCAM-5-Background-2-Ocean-3174,0.005344149190932512,0.9946558475494385,0.0,0.992952526371436
COD10K-NonCAM-5-Background-2-Ocean-3175,0.001912411069497466,0.9980875849723816,0.0,0.9960800674216931
COD10K-NonCAM-5-Background-2-Ocean-3176,0.028117692098021507,0.9718822836875916,0.0,0.9701245946930261
COD10K-NonCAM-5-Background-2-Ocean-3180,0.05341619253158569,0.9465838074684143,0.0,0.9449358507764138
COD10K-NonCAM-5-Background-2-Ocean-3181,0.1284513622522354,0.8715486526489258,0.0,0.8701915510520326
COD10K-NonCAM-5-Background-2-Ocean-3189,0.007982758805155754,0.9920172691345215,0.0,0.9902006256910649
COD10K-NonCAM-5-Background-2-Ocean-3195,0.0027278722263872623,0.9972721338272095,0.0,0.9956727742669672
COD10K-NonCAM-5-Background-2-Ocean-3196,0.00767660653218627,0.9923233985900879,0.0,0.990558390434453
COD10K-NonCAM-5-Background-2-Ocean-3197,0.08522097766399384,0.914779007434845,0.0,0.9132019477938387
COD10K-NonCAM-5-Background-2-Ocean-3198,0.06399490684270859,0.9360051155090332,0.0,0.9343585556846887
COD10K-NonCAM-5-Background-2-Ocean-3202,0.013271382078528404,0.9867286086082458,0.0,0.9848922582080339
COD10K-NonCAM-5-Background-2-Ocean-3207,0.006124032661318779,0.9938759803771973,0.0,0.9919210049897907
COD10K-NonCAM-5-Background-2-Ocean-3210,0.003064453136175871,0.9969355463981628,0.0,0.995565457454622
COD10K-NonCAM-5-Background-2-Ocean-3211,0.0033099264837801456,0.9966900944709778,0.0,0.995109297948799
COD10K-NonCAM-5-Background-2-Ocean-3214,0.004369635600596666,0.9956303834915161,0.0,0.9938524553985781
COD10K-NonCAM-5-Background-2-Ocean-3221,0.0038722362369298935,0.9961277842521667,0.0,0.9944805929335854
COD10K-NonCAM-5-Background-2-Ocean-3223,0.05518343299627304,0.9448165893554688,0.0,0.9431273859390008
COD10K-NonCAM-5-Background-2-Ocean-3224,0.11216450482606888,0.8878355026245117,0.0,0.8863826756111637
COD10K-NonCAM-5-Background-2-Ocean-3226,0.03637266904115677,0.9636273384094238,0.0,0.9618719822663697
COD10K-NonCAM-5-Background-2-Ocean-3227,0.002213092055171728,0.9977868795394897,0.0,0.9959646797797473
COD10K-NonCAM-5-Background-2-Ocean-3228,0.04949943721294403,0.9505005478858948,0.0,0.9488069170036239
COD10K-NonCAM-5-Background-2-Ocean-3230,0.08819619566202164,0.9118037819862366,0.0,0.9102037922306159
COD10K-NonCAM-5-Background-2-Ocean-3232,0.0039008818566799164,0.9960991144180298,0.0,0.9942777187598366
COD10K-NonCAM-5-Background-2-Ocean-3239,0.01903686299920082,0.9809631109237671,0.0,0.9793191927354463
COD10K-NonCAM-5-Background-2-Ocean-3240,0.001871825777925551,0.9981281757354736,0.0,0.9960831885628276
COD10K-NonCAM-5-Background-2-Ocean-3241,0.014679783955216408,0.9853202104568481,0.0,0.9836349742843193
COD10K-NonCAM-5-Background-2-Ocean-3245,0.09509655833244324,0.9049034118652344,0.0,0.9034094463007353
COD10K-NonCAM-5-Background-2-Ocean-3246,0.13954369723796844,0.8604562878608704,0.0,0.8591244259622446
COD10K-NonCAM-5-Background-2-Ocean-3248,0.07682066410779953,0.9231793284416199,0.0,0.9216394957143895
COD10K-NonCAM-5-Background-2-Ocean-3254,0.010229217819869518,0.989770770072937,0.0,0.9878839508022408
COD10K-NonCAM-5-Background-2-Ocean-3263,0.03272544592618942,0.96727454662323,0.0,0.9655222356399764
COD10K-NonCAM-5-Background-2-Ocean-3264,0.05468088388442993,0.9453191161155701,0.0,0.9436389062916153
COD10K-NonCAM-5-Background-2-Ocean-3266,0.006054391153156757,0.9939455986022949,0.0,0.9920008305388088
COD10K-NonCAM-5-Background-2-Ocean-3267,0.003412544494494796,0.9965874552726746,0.0,0.9951098969556833
COD10K-NonCAM-5-Background-2-Ocean-3271,0.004952419549226761,0.9950475692749023,0.0,0.9932639153712989
COD10K-NonCAM-5-Background-2-Ocean-3275,0.005172729026526213,0.9948272705078125,0.0,0.9929255710616373
COD10K-NonCAM-5-Background-2-Ocean-3276,0.003778645768761635,0.9962213635444641,0.0,0.9945229332623103
COD10K-NonCAM-5-Background-2-Ocean-3277,0.03575076907873154,0.9642492532730103,0.0,0.9624163534175929
COD10K-NonCAM-5-Background-2-Ocean-3279,0.013295925222337246,0.9867040514945984,0.0,0.9849810058069619
COD10K-NonCAM-5-Background-2-Ocean-3283,0.010698853060603142,0.9893011450767517,0.0,0.9873466101002398
COD10K-NonCAM-5-Background-2-Ocean-3285,0.002266109921038151,0.9977338910102844,0.0,0.996062223321873
COD10K-NonCAM-5-Background-2-Ocean-3289,0.004115997347980738,0.9958840012550354,0.0,0.9939668026601458
COD10K-NonCAM-5-Background-2-Ocean-3290,0.003454761113971472,0.9965452551841736,0.0,0.9950423668111348
COD10K-NonCAM-5-Background-2-Ocean-3295,0.0339251272380352,0.9660748839378357,0.0,0.9643247578246693
COD10K-NonCAM-5-Background-2-Ocean-3298,0.0684056431055069,0.9315943717956543,0.0,0.92995163050935
COD10K-NonCAM-5-Background-2-Ocean-3302,0.027796220034360886,0.97220379114151,0.0,0.9705385715035149
COD10K-NonCAM-5-Background-2-Ocean-3305,0.152715265750885,0.847284734249115,0.0,0.8459357445945619
COD10K-NonCAM-5-Background-2-Ocean-3306,0.11090296506881714,0.8890970349311829,0.0,0.8876436166295408
COD10K-NonCAM-5-Background-2-Ocean-3310,0.03594059869647026,0.9640594124794006,0.0,0.9623330284073024
COD10K-NonCAM-5-Background-2-Ocean-3312,0.008362658321857452,0.9916373491287231,0.0,0.9897251088048717
COD10K-NonCAM-5-Background-2-Ocean-3315,0.0011282177874818444,0.9988718032836914,0.0,0.9960794368881305
COD10K-NonCAM-5-Background-2-Ocean-3316,0.0014791401335969567,0.9985208511352539,0.0,0.9960891471049937
COD10K-NonCAM-5-Background-2-Ocean-3319,0.09893946349620819,0.9010605216026306,0.0,0.8995854494039692
COD10K-NonCAM-5-Background-2-Ocean-3321,0.15294446051120758,0.8470555543899536,0.0,0.8458051295670808
COD10K-NonCAM-5-Background-2-Ocean-3324,0.0862688347697258,0.9137311577796936,0.0,0.9121621664225241
COD10K-NonCAM-5-Background-2-Ocean-3325,0.0027276789769530296,0.9972723126411438,0.0,0.9956056854959124
COD10K-NonCAM-5-Background-2-Ocean-3326,0.005847130436450243,0.994152843952179,0.0,0.9921204742823018
COD10K-NonCAM-5-Background-2-Ocean-3327,0.0018104545306414366,0.9981895685195923,0.0,0.9960661956833171
COD10K-NonCAM-5-Background-2-Ocean-3328,0.08787664771080017,0.9121233224868774,0.0,0.9105362095247895
COD10K-NonCAM-5-Background-2-Ocean-3329,0.09274214506149292,0.9072578549385071,0.0,0.9056925452773541
COD10K-NonCAM-5-Background-2-Ocean-3333,0.0013913381844758987,0.9986086487770081,0.0,0.9960906919122219
COD10K-NonCAM-5-Background-2-Ocean-3336,0.19275043904781342,0.8072495460510254,0.0,0.8060180519236823
COD10K-NonCAM-5-Background-2-Ocean-3339,0.17294053733348846,0.8270594477653503,0.0,0.8258044788564441
COD10K-NonCAM-5-Background-2-Ocean-3341,0.05928706377744675,0.9407129287719727,0.0,0.9390672542230616
COD10K-NonCAM-5-Background-2-Ocean-3349,0.05127920210361481,0.9487208127975464,0.0,0.947077836341735
COD10K-NonCAM-5-Background-2-Ocean-3351,0.009392177686095238,0.9906077980995178,0.0,0.9889359329979905
COD10K-NonCAM-5-Background-2-Ocean-3352,0.10388461500406265,0.8961153626441956,0.0,0.8945807468846598
COD10K-NonCAM-5-Background-2-Ocean-3353,0.011633364483714104,0.9883666634559631,0.0,0.9862765631179231
COD10K-NonCAM-5-Background-2-Ocean-3355,0.14780713617801666,0.8521928787231445,0.0,0.8508304505338854
COD10K-NonCAM-5-Background-2-Ocean-3360,0.05139881744980812,0.9486011862754822,0.0,0.9468843255913901
COD10K-NonCAM-5-Background-2-Ocean-3361,0.07308650016784668,0.9269134998321533,0.0,0.9253168620311857
COD10K-NonCAM-5-Background-2-Ocean-3369,0.17378458380699158,0.826215386390686,0.0,0.8249487187053584
COD10K-NonCAM-5-Background-2-Ocean-3370,0.05373747646808624,0.946262538433075,0.0,0.9446481698385027
COD10K-NonCAM-5-Background-2-Ocean-3374,0.0718691274523735,0.9281308650970459,0.0,0.926582248311179
COD10K-NonCAM-5-Background-2-Ocean-3375,0.05100731924176216,0.9489926695823669,0.0,0.9472189182263545
COD10K-NonCAM-5-Background-2-Ocean-3376,0.04396890848875046,0.956031084060669,0.0,0.9542931895313269
COD10K-NonCAM-5-Background-2-Ocean-3377,0.04754547029733658,0.9524545073509216,0.0,0.950723896667151
COD10K-NonCAM-5-Background-2-Ocean-3378,0.13833922147750854,0.8616607785224915,0.0,0.8602520406588219
COD10K-NonCAM-5-Background-2-Ocean-3380,0.029089801013469696,0.9709101915359497,0.0,0.9691596261289073
COD10K-NonCAM-5-Background-2-Ocean-3382,0.17157064378261566,0.8284293413162231,0.0,0.8271613555563626
COD10K-NonCAM-5-Background-2-Ocean-3386,0.07333257049322128,0.9266674518585205,0.0,0.9250580595304392
COD10K-NonCAM-5-Background-2-Ocean-3390,0.09509757161140442,0.904902458190918,0.0,0.9033672005520448
COD10K-NonCAM-5-Background-2-Ocean-3392,0.0038905481342226267,0.9961094260215759,0.0,0.9943495365326105
COD10K-NonCAM-5-Background-2-Ocean-3393,0.04408814013004303,0.9559118747711182,0.0,0.9542874832025858
COD10K-NonCAM-5-Background-2-Ocean-3401,0.06311541050672531,0.9368845820426941,0.0,0.9352654521076972
COD10K-NonCAM-5-Background-2-Ocean-3404,0.004698337521404028,0.9953016638755798,0.0,0.9932931406019228
COD10K-NonCAM-5-Background-2-Ocean-3408,0.02248072251677513,0.9775192737579346,0.0,0.975749553077811
COD10K-NonCAM-5-Background-2-Ocean-3409,0.0027826058212667704,0.9972174167633057,0.0,0.9956366446938334
COD10K-NonCAM-5-Background-2-Ocean-3412,0.0837840810418129,0.9162158966064453,0.0,0.914693317302648
COD10K-NonCAM-5-Background-2-Ocean-3413,0.012074766680598259,0.9879252314567566,0.0,0.986007924293601
COD10K-NonCAM-5-Background-2-Ocean-3415,0.005111155565828085,0.9948888421058655,0.0,0.9930906762749896
COD10K-NonCAM-5-Background-2-Ocean-3417,0.0464601144194603,0.9535399079322815,0.0,0.951785589079764
COD10K-NonCAM-5-Background-2-Ocean-3418,0.03287450224161148,0.9671254754066467,0.0,0.9654231157639444
COD10K-NonCAM-5-Background-2-Ocean-3425,0.009721987880766392,0.9902780055999756,0.0,0.9883314404715788
COD10K-NonCAM-5-Background-2-Ocean-3427,0.1250307708978653,0.8749692440032959,0.0,0.8734829993018733
COD10K-NonCAM-5-Background-2-Ocean-3429,0.012100093998014927,0.987899899482727,0.0,0.9858711300372067
COD10K-NonCAM-5-Background-2-Ocean-3430,0.013755514286458492,0.9862444996833801,0.0,0.9843961859277017
COD10K-NonCAM-5-Background-2-Ocean-3433,0.004192759748548269,0.9958072304725647,0.0,0.9939938840766571
COD10K-NonCAM-5-Background-2-Ocean-3434,0.1516312211751938,0.848368763923645,0.0,0.8469741387920389
COD10K-NonCAM-5-Background-2-Ocean-3435,0.0022009953390806913,0.9977989792823792,0.0,0.9960436541084561
COD10K-NonCAM-5-Background-2-Ocean-3436,0.005720535758882761,0.9942794442176819,0.0,0.9926303552476538
COD10K-NonCAM-5-Background-2-Ocean-3439,0.06200416013598442,0.9379958510398865,0.0,0.9364016105340469
COD10K-NonCAM-5-Background-2-Ocean-3444,0.003344874829053879,0.9966551065444946,0.0,0.9948847018938205
COD10K-NonCAM-5-Background-2-Ocean-3447,0.004610181786119938,0.9953898191452026,0.0,0.9935119042214478
COD10K-NonCAM-5-Background-2-Ocean-3448,0.025141701102256775,0.974858283996582,0.0,0.9731358338276719
COD10K-NonCAM-5-Background-2-Ocean-3449,0.043403226882219315,0.9565967917442322,0.0,0.954836804042275
COD10K-NonCAM-5-Background-2-Ocean-3450,0.032324064522981644,0.9676759243011475,0.0,0.9659152787361888
COD10K-NonCAM-5-Background-2-Ocean-3451,0.007408721372485161,0.9925912618637085,0.0,0.9907124613104609
COD10K-NonCAM-5-Background-2-Ocean-3454,0.0026140245608985424,0.9973859786987305,0.0,0.9958975910086926
COD10K-NonCAM-5-Background-2-Ocean-3458,0.007511562202125788,0.992488443851471,0.0,0.9907990966219545
COD10K-NonCAM-5-Background-2-Ocean-3462,0.002702810103073716,0.9972971677780151,0.0,0.9957942465577915
COD10K-NonCAM-5-Background-2-Ocean-3463,0.00254628318361938,0.9974536895751953,0.0,0.9960110870499507
COD10K-NonCAM-5-Background-2-Ocean-3473,0.004692998714745045,0.9953070282936096,0.0,0.9931166227310884
COD10K-NonCAM-5-Background-2-Ocean-3476,0.0044483281672000885,0.9955516457557678,0.0,0.9937216827377064
COD10K-NonCAM-5-Background-2-Ocean-3480,0.0031704872380942106,0.9968295097351074,0.0,0.9950246803447054
COD10K-NonCAM-5-Background-2-Ocean-3481,0.004279756918549538,0.9957202672958374,0.0,0.9939504087875195
COD10K-NonCAM-5-Background-2-Ocean-3482,0.0043145413510501385,0.9956854581832886,0.0,0.9939943885035071
COD10K-NonCAM-5-Background-2-Ocean-3490,0.004028952214866877,0.9959710240364075,0.0,0.994270625257258
COD10K-NonCAM-5-Background-2-Ocean-3491,0.005489486735314131,0.9945105314254761,0.0,0.9927532147123155
COD10K-NonCAM-5-Background-2-Ocean-3492,0.010644062422215939,0.9893559217453003,0.0,0.9875701973015183
COD10K-NonCAM-5-Background-2-Ocean-3496,0.004005719907581806,0.9959942698478699,0.0,0.9941518327340746
COD10K-NonCAM-5-Background-2-Ocean-3499,0.009039430879056454,0.9909605979919434,0.0,0.9892669000649703
COD10K-NonCAM-5-Background-2-Ocean-3500,0.007031265180557966,0.992968738079071,0.0,0.9909533566580312
COD10K-NonCAM-5-Background-2-Ocean-3502,0.007666610646992922,0.9923334121704102,0.0,0.9902420517461243
COD10K-NonCAM-5-Background-2-Ocean-3505,0.0913180559873581,0.9086819291114807,0.0,0.9072126355899373
COD10K-NonCAM-5-Background-2-Ocean-3507,0.003858884098008275,0.9961411356925964,0.0,0.9944263355205285
COD10K-NonCAM-5-Background-2-Ocean-3508,0.12696702778339386,0.8730329871177673,0.0,0.8716119224816994
COD10K-NonCAM-5-Background-2-Ocean-3509,0.07034963369369507,0.9296503663063049,0.0,0.9280402310678515
COD10K-NonCAM-5-Background-2-Ocean-3513,0.014209644868969917,0.9857903718948364,0.0,0.9840532702497115
COD10K-NonCAM-5-Background-2-Ocean-3515,0.004073182120919228,0.9959267973899841,0.0,0.9942784123467554
COD10K-NonCAM-5-Background-2-Ocean-3516,0.16826914250850677,0.831730842590332,0.0,0.8304741158406173
COD10K-NonCAM-5-Background-2-Ocean-3519,0.005206306464970112,0.994793713092804,0.0,0.9930188585022157
COD10K-NonCAM-5-Background-2-Ocean-3520,0.004277796484529972,0.9957221746444702,0.0,0.9937920502832864
COD10K-NonCAM-5-Background-2-Ocean-3521,0.0061310273595154285,0.9938689470291138,0.0,0.9921181728347985
COD10K-NonCAM-5-Background-2-Ocean-3527,0.004035014659166336,0.9959650039672852,0.0,0.9944706935566535
COD10K-NonCAM-5-Background-2-Ocean-3530,0.0022162238601595163,0.9977837800979614,0.0,0.9960195677263669
COD10K-NonCAM-5-Background-2-Ocean-3531,0.02341855689883232,0.9765814542770386,0.0,0.9747046328579615
COD10K-NonCAM-5-Background-2-Ocean-3533,0.024421842768788338,0.9755781292915344,0.0,0.9737525271785188
COD10K-NonCAM-5-Background-2-Ocean-3535,0.0031252491753548384,0.9968747496604919,0.0,0.9952981427507812
COD10K-NonCAM-5-Background-2-Ocean-3536,0.04307263344526291,0.9569273591041565,0.0,0.9551765355257744
COD10K-NonCAM-5-Background-2-Ocean-3538,0.00510486401617527,0.9948951601982117,0.0,0.992784047803524
COD10K-NonCAM-5-Background-2-Ocean-3539,0.004944922868162394,0.995055079460144,0.0,0.9930939550495148
COD10K-NonCAM-5-Background-2-Ocean-3543,0.003911904059350491,0.9960880875587463,0.0,0.99438708480626
COD10K-NonCAM-5-Background-2-Ocean-3547,0.017461424693465233,0.9825385808944702,0.0,0.9807590476521957
COD10K-NonCAM-5-Background-2-Ocean-3551,0.0016555589390918612,0.9983444213867188,0.0,0.9960806979552557
COD10K-NonCAM-5-Background-2-Ocean-3553,0.0014754337025806308,0.99852454662323,0.0,0.9960856161170435
COD10K-NonCAM-5-Background-2-Ocean-3555,0.00221054395660758,0.9977894425392151,0.0,0.9960501170774722
COD10K-NonCAM-5-Background-2-Ocean-3557,0.02794482931494713,0.972055196762085,0.0,0.9703810011662349
COD10K-NonCAM-5-Background-2-Ocean-3559,0.005531696602702141,0.9944683313369751,0.0,0.9924905659568375
COD10K-NonCAM-5-Background-2-Ocean-3563,0.0012931885430589318,0.9987068176269531,0.0,0.996082526502587
COD10K-NonCAM-5-Background-2-Ocean-3564,0.0032297924626618624,0.9967702031135559,0.0,0.9953584532860386
COD10K-NonCAM-5-Background-2-Ocean-3565,0.0026822867803275585,0.9973177313804626,0.0,0.9958477473305734
COD10K-NonCAM-5-Background-2-Ocean-3567,0.003646262688562274,0.9963537454605103,0.0,0.9947562622071301
COD10K-NonCAM-5-Background-2-Ocean-3568,0.09697357565164566,0.9030264019966125,0.0,0.9015296681173983
COD10K-NonCAM-5-Background-2-Ocean-3571,0.0018343522679060698,0.9981656670570374,0.0,0.9960609937814261
COD10K-NonCAM-5-Background-2-Ocean-3572,0.0014377620536834002,0.998562216758728,0.0,0.9960855530636872
COD10K-NonCAM-5-Background-2-Ocean-3573,0.0020039633382111788,0.9979960322380066,0.0,0.9960629484354699
COD10K-NonCAM-5-Background-2-Ocean-3576,0.0013872671406716108,0.9986127614974976,0.0,0.9961012533493946
COD10K-NonCAM-5-Background-2-Ocean-3578,0.11723189055919647,0.8827680945396423,0.0,0.8812722641400934
COD10K-NonCAM-5-Background-2-Ocean-3579,0.02812987193465233,0.9718701243400574,0.0,0.9701284724744357
COD10K-NonCAM-5-Background-2-Ocean-3580,0.024686550721526146,0.9753134250640869,0.0,0.9735571563541642
COD10K-NonCAM-5-Background-2-Ocean-3582,0.002436109585687518,0.997563898563385,0.0,0.9960042772874752
COD10K-NonCAM-5-Background-2-Ocean-3583,0.004999358672648668,0.9950006604194641,0.0,0.9931078583145689
COD10K-NonCAM-5-Background-2-Ocean-3584,0.0037053243722766638,0.9962946772575378,0.0,0.9946215171848143
COD10K-NonCAM-5-Background-3-Sand-3585,0.0019459964241832495,0.998054027557373,0.0,0.9960738251394239
COD10K-NonCAM-5-Background-3-Sand-3587,0.0072202314622700214,0.9927797913551331,0.0,0.9909644225220539
COD10K-NonCAM-5-Background-3-Sand-3589,0.0024492135271430016,0.9975507855415344,0.0,0.9959639231394724
COD10K-NonCAM-5-Background-3-Sand-3590,0.0031383170280605555,0.9968616962432861,0.0,0.9954190160347209
COD10K-NonCAM-5-Background-3-Sand-3593,0.005751823075115681,0.9942481517791748,0.0,0.9923651843579255
COD10K-NonCAM-5-Background-3-Sand-3595,0.005715956911444664,0.9942840337753296,0.0,0.9924010932443124
COD10K-NonCAM-5-Background-3-Sand-3602,0.026195654645562172,0.9738043546676636,0.0,0.9720437181706658
COD10K-NonCAM-5-Background-3-Sand-3603,0.0038573627825826406,0.9961426258087158,0.0,0.9945069492364998
COD10K-NonCAM-5-Background-3-Sand-3604,0.003345618024468422,0.9966543912887573,0.0,0.9948166988491001
COD10K-NonCAM-5-Background-3-Sand-3609,0.0057073961943387985,0.9942926168441772,0.0,0.9925452332167102
COD10K-NonCAM-5-Background-3-Sand-3611,0.01279591117054224,0.9872040748596191,0.0,0.9851766603714196
COD10K-NonCAM-5-Background-3-Sand-3616,0.0018965402850881219,0.9981034398078918,0.0,0.9960533643253193
COD10K-NonCAM-5-Background-3-Sand-3618,0.002528401091694832,0.9974715709686279,0.0,0.9956275019571765
COD10K-NonCAM-5-Background-3-Sand-3621,0.0031722139101475477,0.9968277812004089,0.0,0.9953205897456078
COD10K-NonCAM-5-Background-3-Sand-3626,0.02885865978896618,0.9711413383483887,0.0,0.9693637928964596
COD10K-NonCAM-5-Background-3-Sand-3629,0.06416717916727066,0.9358327984809875,0.0,0.934170278362913
COD10K-NonCAM-5-Background-3-Sand-3631,0.0029394570738077164,0.9970605373382568,0.0,0.9958783597350349
COD10K-NonCAM-5-Background-3-Sand-3632,0.02062658965587616,0.9793733954429626,0.0,0.9775972686294925
COD10K-NonCAM-5-Background-3-Sand-3635,0.04169081151485443,0.9583091735839844,0.0,0.9565742077471894
COD10K-NonCAM-5-Background-3-Sand-3637,0.07082825154066086,0.9291717410087585,0.0,0.9275444425276224
COD10K-NonCAM-5-Background-3-Sand-3638,0.1010291650891304,0.8989708423614502,0.0,0.8974678654875184
COD10K-NonCAM-5-Background-3-Sand-3639,0.06780322641134262,0.9321967959403992,0.0,0.9302847413904425
COD10K-NonCAM-5-Background-3-Sand-3640,0.1270102858543396,0.8729897141456604,0.0,0.871579103209769
COD10K-NonCAM-5-Background-3-Sand-3641,0.004589974880218506,0.9954100251197815,0.0,0.9934814809770549
COD10K-NonCAM-5-Background-3-Sand-3646,0.003001999808475375,0.9969980120658875,0.0,0.9954083284908359
COD10K-NonCAM-5-Background-3-Sand-3647,0.02019672840833664,0.9798032641410828,0.0,0.9781335374244369
COD10K-NonCAM-5-Background-3-Sand-3648,0.0015995973953977227,0.9984003901481628,0.0,0.996054278598985
COD10K-NonCAM-5-Background-3-Sand-3649,0.003781697480008006,0.9962183237075806,0.0,0.9942845285223121
COD10K-NonCAM-5-Background-3-Sand-3650,0.07749675214290619,0.9225032329559326,0.0,0.9208949616837365
COD10K-NonCAM-5-Background-3-Sand-3651,0.0039952537044882774,0.9960047602653503,0.0,0.9943172847408863
COD10K-NonCAM-5-Background-3-Sand-3652,0.0017313775606453419,0.9982686042785645,0.0,0.9960831570361495
COD10K-NonCAM-5-Background-3-Sand-3654,0.010854031890630722,0.9891459941864014,0.0,0.9872538901398676
COD10K-NonCAM-5-Background-3-Sand-3655,0.010834486223757267,0.9891654849052429,0.0,0.9875051262378636
COD10K-NonCAM-5-Background-3-Sand-3656,0.003288859035819769,0.9967111349105835,0.0,0.9949026405736748
COD10K-NonCAM-5-Background-3-Sand-3657,0.01369998138397932,0.986299991607666,0.0,0.9844320317607325
COD10K-NonCAM-5-Background-3-Sand-3659,0.004421894438564777,0.9955781102180481,0.0,0.9938808294088928
COD10K-NonCAM-5-Background-3-Sand-3661,0.0039093815721571445,0.9960905909538269,0.0,0.994292914618694
COD10K-NonCAM-5-Background-3-Sand-3663,0.007761844899505377,0.9922381639480591,0.0,0.9900443479475882
COD10K-NonCAM-5-Background-3-Sand-3664,0.001602889853529632,0.9983971118927002,0.0,0.9960785226144648
COD10K-NonCAM-5-Background-3-Sand-3672,0.09470263123512268,0.9052973985671997,0.0,0.9037951436809439
COD10K-NonCAM-5-Background-3-Sand-3674,0.11377570778131485,0.8862242698669434,0.0,0.8847773056342463
COD10K-NonCAM-5-Background-3-Sand-3680,0.13705751299858093,0.8629424571990967,0.0,0.8615236692210843
COD10K-NonCAM-5-Background-3-Sand-3681,0.007275331765413284,0.9927246570587158,0.0,0.9910270345048144
COD10K-NonCAM-5-Background-3-Sand-3682,0.005341866984963417,0.9946581125259399,0.0,0.9929685103972465
COD10K-NonCAM-5-Background-3-Sand-3683,0.002021154621616006,0.9979788661003113,0.0,0.9960861835972498
COD10K-NonCAM-5-Background-3-Sand-3684,0.0032139031682163477,0.9967861175537109,0.0,0.9951351813515414
COD10K-NonCAM-5-Background-3-Sand-3685,0.007386800833046436,0.9926131963729858,0.0,0.9907088042157981
COD10K-NonCAM-5-Background-3-Sand-3688,0.08549720048904419,0.9145027995109558,0.0,0.9128978414566233
COD10K-NonCAM-5-Background-3-Sand-3689,0.00609290786087513,0.99390709400177,0.0,0.9919431682445141
COD10K-NonCAM-5-Background-3-Sand-3690,0.0019143784884363413,0.998085618019104,0.0,0.9959551902496311
COD10K-NonCAM-5-Background-3-Sand-3691,0.0020211259834468365,0.9979788661003113,0.0,0.9959372200430985
COD10K-NonCAM-5-Background-3-Sand-3698,0.002511724131181836,0.997488260269165,0.0,0.9958421671085449
COD10K-NonCAM-5-Background-3-Sand-3700,0.0030135419219732285,0.996986448764801,0.0,0.9954390354753317
COD10K-NonCAM-5-Background-3-Sand-3701,0.0038790812250226736,0.9961209297180176,0.0,0.9944411845859262
COD10K-NonCAM-5-Background-3-Sand-3702,0.007611243985593319,0.9923887848854065,0.0,0.9905011064602958
COD10K-NonCAM-5-Background-3-Sand-3704,0.06916002184152603,0.9308399558067322,0.0,0.9291796682687263
COD10K-NonCAM-5-Background-3-Sand-3707,0.08578028529882431,0.9142197370529175,0.0,0.9125446796082419
COD10K-NonCAM-5-Background-3-Sand-3708,0.0643552765250206,0.9356447458267212,0.0,0.9339989623939695
COD10K-NonCAM-5-Background-3-Sand-3710,0.011466619558632374,0.9885333776473999,0.0,0.9866480419662964
COD10K-NonCAM-5-Background-3-Sand-3711,0.0023701863829046488,0.9976298213005066,0.0,0.9959410662978301
COD10K-NonCAM-5-Background-3-Sand-3721,0.00558383809402585,0.9944161772727966,0.0,0.9925995536831234
COD10K-NonCAM-5-Background-3-Sand-3722,0.0020004678517580032,0.9979995489120483,0.0,0.9959674856541008
COD10K-NonCAM-5-Background-3-Sand-3724,0.0033755330368876457,0.9966244697570801,0.0,0.9950105563929044
COD10K-NonCAM-5-Background-3-Sand-3727,0.0027607863303273916,0.9972392320632935,0.0,0.9958598535749743
COD10K-NonCAM-5-Background-3-Sand-3739,0.001883565098978579,0.9981164336204529,0.0,0.9960563908864195
COD10K-NonCAM-5-Background-3-Sand-3740,0.0012511422391980886,0.9987488389015198,0.0,0.9960809501686807
COD10K-NonCAM-5-Background-3-Sand-3741,0.0026568188332021236,0.9973431825637817,0.0,0.9958169142393649
COD10K-NonCAM-5-Background-3-Sand-3742,0.0025386952329427004,0.9974613189697266,0.0,0.9958423562686136
COD10K-NonCAM-5-Background-3-Sand-3747,0.002409739186987281,0.9975902438163757,0.0,0.9960126633838571
COD10K-NonCAM-5-Background-3-Sand-3751,0.0029666810296475887,0.9970332980155945,0.0,0.9953657044220079
COD10K-NonCAM-5-Background-3-Sand-3756,0.002490711398422718,0.9975093007087708,0.0,0.995912313967378
COD10K-NonCAM-5-Background-3-Sand-3757,0.003187563270330429,0.9968124628067017,0.0,0.9952005676819773
COD10K-NonCAM-5-Background-3-Sand-3758,0.0025968432892113924,0.9974031448364258,0.0,0.9960092585026192
COD10K-NonCAM-5-Background-3-Sand-3761,0.03642868623137474,0.963571310043335,0.0,0.9618252912560632
COD10K-NonCAM-5-Background-3-Sand-3765,0.005117188673466444,0.9948828220367432,0.0,0.9931160867775601
COD10K-NonCAM-5-Background-3-Sand-3769,0.004071345552802086,0.9959286451339722,0.0,0.9941842106325112
COD10K-NonCAM-5-Background-3-Sand-3771,0.0031411792151629925,0.9968588352203369,0.0,0.995225032384204
COD10K-NonCAM-5-Background-3-Sand-3773,0.009260422550141811,0.9907395839691162,0.0,0.9889105540220982
COD10K-NonCAM-5-Background-3-Sand-3774,0.07706806808710098,0.9229319095611572,0.0,0.9213292732016174
COD10K-NonCAM-5-Background-3-Sand-3775,0.016230301931500435,0.9837697148323059,0.0,0.9820686028082453
COD10K-NonCAM-5-Background-3-Sand-3776,0.0017245602793991566,0.9982754588127136,0.0,0.9960732891858957
COD10K-NonCAM-5-Background-3-Sand-3778,0.0028175092302262783,0.9971824884414673,0.0,0.9957189608504236
COD10K-NonCAM-5-Background-3-Sand-3780,0.013638549484312534,0.9863614439964294,0.0,0.9846758275626903
COD10K-NonCAM-5-Background-3-Sand-3784,0.006795690860599279,0.9932042956352234,0.0,0.9913329693893612
COD10K-NonCAM-5-Background-3-Sand-3786,0.027431545779109,0.9725684523582458,0.0,0.9708358996049329
COD10K-NonCAM-5-Background-3-Sand-3792,0.001930676051415503,0.9980693459510803,0.0,0.9960627592754012
COD10K-NonCAM-5-Background-3-Sand-3799,0.002143436810001731,0.9978565573692322,0.0,0.9960224366540764
COD10K-NonCAM-5-Background-3-Sand-3805,0.0032645552419126034,0.9967354536056519,0.0,0.9953126134960416
COD10K-NonCAM-5-Background-3-Sand-3810,0.0038766588550060987,0.9961233139038086,0.0,0.9943316609061124
COD10K-NonCAM-5-Background-3-Sand-3813,0.004258072003722191,0.9957419037818909,0.0,0.9937772642712448
COD10K-NonCAM-5-Background-3-Sand-3816,0.004010321572422981,0.9959896802902222,0.0,0.9941005073020834
COD10K-NonCAM-5-Background-3-Sand-3823,0.002812518971040845,0.9971874952316284,0.0,0.995745317153338
COD10K-NonCAM-5-Background-3-Sand-3824,0.002588183619081974,0.9974117875099182,0.0,0.9959306940207262
COD10K-NonCAM-5-Background-3-Sand-3828,0.0019791685044765472,0.9980208277702332,0.0,0.996046333876097
COD10K-NonCAM-5-Background-3-Sand-3832,0.004025829490274191,0.9959741830825806,0.0,0.9942942702658535
COD10K-NonCAM-5-Background-3-Sand-3833,0.011568623594939709,0.9884313941001892,0.0,0.9865024832933829
COD10K-NonCAM-5-Background-3-Sand-3834,0.030515434220433235,0.9694845676422119,0.0,0.9676930050624278
COD10K-NonCAM-5-Background-3-Sand-3837,0.0018613990396261215,0.9981386065483093,0.0,0.9960691276643829
COD10K-NonCAM-5-Background-3-Sand-3841,0.004802499432116747,0.9951974749565125,0.0,0.9931860444763245
COD10K-NonCAM-5-Background-3-Sand-3846,0.08649938553571701,0.9135006070137024,0.0,0.9119523248529091
COD10K-NonCAM-5-Background-3-Sand-3847,0.00487801618874073,0.995121955871582,0.0,0.9932199041286331
COD10K-NonCAM-5-Background-3-Sand-3851,0.006991892587393522,0.9930081367492676,0.0,0.9910953528163162
COD10K-NonCAM-5-Background-3-Sand-3854,0.003982156980782747,0.9960178136825562,0.0,0.9943070070438168
COD10K-NonCAM-5-Background-3-Sand-3858,0.0013521313667297363,0.9986478686332703,0.0,0.9961009696092914
COD10K-NonCAM-5-Background-3-Sand-3859,0.003317758673802018,0.9966822266578674,0.0,0.9949460843361342
COD10K-NonCAM-5-Background-3-Sand-3863,0.0035803187638521194,0.9964196681976318,0.0,0.9948139245014248
COD10K-NonCAM-5-Background-3-Sand-3864,0.00227402918972075,0.9977259635925293,0.0,0.9959205739570474
COD10K-NonCAM-5-Background-3-Sand-3865,0.03785932809114456,0.962140679359436,0.0,0.9604805208005456
COD10K-NonCAM-5-Background-3-Sand-3866,0.011164755560457706,0.9888352155685425,0.0,0.9871767443584901
COD10K-NonCAM-5-Background-3-Sand-3867,0.0344393216073513,0.9655606746673584,0.0,0.963853433986667
COD10K-NonCAM-5-Background-3-Sand-3871,0.019092867150902748,0.980907142162323,0.0,0.9789841587269881
COD10K-NonCAM-5-Background-3-Sand-3872,0.045184746384620667,0.9548152685165405,0.0,0.9530808626506219
COD10K-NonCAM-5-Background-3-Sand-3873,0.0026968575548380613,0.9973031282424927,0.0,0.995726022826324
COD10K-NonCAM-5-Background-3-Sand-3874,0.0027623376809060574,0.9972376823425293,0.0,0.9956668787781574
COD10K-NonCAM-5-Background-3-Sand-3877,0.0029419329948723316,0.997058093547821,0.0,0.9958033262410921
COD10K-NonCAM-5-Background-3-Sand-3879,0.001442602719180286,0.9985573887825012,0.0,0.9961016316695321
COD10K-NonCAM-5-Background-3-Sand-3881,0.003446119837462902,0.996553897857666,0.0,0.9947926439936889
COD10K-NonCAM-5-Background-3-Sand-3882,0.006795298308134079,0.9932047128677368,0.0,0.9912990782103744
COD10K-NonCAM-5-Background-3-Sand-3885,0.005413351114839315,0.9945866465568542,0.0,0.9929419018809069
COD10K-NonCAM-5-Background-3-Sand-3886,0.007678654510527849,0.9923213720321655,0.0,0.9904572213243428
COD10K-NonCAM-5-Background-3-Sand-3890,0.004289634991437197,0.9957103729248047,0.0,0.9938029585139184
COD10K-NonCAM-5-Background-3-Sand-3891,0.011782309040427208,0.9882177114486694,0.0,0.9863055361351221
COD10K-NonCAM-5-Background-3-Sand-3892,0.0027077211998403072,0.9972922801971436,0.0,0.9956466701774778
COD10K-NonCAM-5-Background-3-Sand-3896,0.003738770727068186,0.9962612390518188,0.0,0.9944966084860741
COD10K-NonCAM-5-Background-3-Sand-3898,0.007062813267111778,0.9929372072219849,0.0,0.9909588738267034
COD10K-NonCAM-5-Background-3-Sand-3902,0.001977417152374983,0.9980225563049316,0.0,0.9960498648640472
COD10K-NonCAM-5-Background-3-Sand-3904,0.0036839242093265057,0.9963160753250122,0.0,0.9947441559627292
COD10K-NonCAM-5-Background-3-Sand-3906,0.005711502395570278,0.9942885041236877,0.0,0.9926556396435118
COD10K-NonCAM-5-Background-3-Sand-3908,0.0074111041612923145,0.9925888776779175,0.0,0.9907276571693182
COD10K-NonCAM-5-Background-3-Sand-3914,0.015492367558181286,0.9845076203346252,0.0,0.982622305856194
COD10K-NonCAM-5-Background-3-Sand-3920,0.032669369131326675,0.9673306345939636,0.0,0.9653818788689539
COD10K-NonCAM-5-Background-3-Sand-3922,0.005997256375849247,0.9940027594566345,0.0,0.9922312275025628
COD10K-NonCAM-5-Background-3-Sand-3926,0.002130190609022975,0.9978697896003723,0.0,0.9956775347953644
COD10K-NonCAM-5-Background-3-Sand-3927,0.0029931440949440002,0.9970068335533142,0.0,0.9956341540862613
COD10K-NonCAM-5-Background-3-Sand-3931,0.006139692384749651,0.9938603043556213,0.0,0.9920580514596098
COD10K-NonCAM-5-Background-3-Sand-3933,0.004647138994187117,0.9953528642654419,0.0,0.9935452279202283
COD10K-NonCAM-5-Background-3-Sand-3938,0.0041990033350884914,0.9958009719848633,0.0,0.994030549603319
COD10K-NonCAM-5-Background-3-Sand-3939,0.00357934576459229,0.996420681476593,0.0,0.994742358942076
COD10K-NonCAM-5-Background-3-Sand-3940,0.005622639320790768,0.9943773746490479,0.0,0.9927073749223184
COD10K-NonCAM-5-Background-3-Sand-3941,0.08640579879283905,0.9135941863059998,0.0,0.9116303744158737
COD10K-NonCAM-5-Background-3-Sand-3942,0.004879065323621035,0.9951209425926208,0.0,0.9933865856758919
COD10K-NonCAM-5-Background-3-Sand-3944,0.006035015918314457,0.9939649701118469,0.0,0.9921630983511298
COD10K-NonCAM-5-Background-3-Sand-3945,0.0032631547655910254,0.9967368245124817,0.0,0.995091958275829
COD10K-NonCAM-5-Background-3-Sand-3947,0.013631305657327175,0.986368715763092,0.0,0.9845913675919875
COD10K-NonCAM-5-Background-3-Sand-3948,0.0024793159682303667,0.9975206851959229,0.0,0.9957571711843138
COD10K-NonCAM-5-Background-3-Sand-3950,0.005135112442076206,0.9948648810386658,0.0,0.9928101518930134
COD10K-NonCAM-5-Background-3-Sand-3951,0.003770319279283285,0.9962297081947327,0.0,0.9945729345738201
COD10K-NonCAM-5-Background-3-Sand-3954,0.008372453972697258,0.99162757396698,0.0,0.9897666609666436
COD10K-NonCAM-5-Background-3-Sand-3955,0.017515480518341064,0.9824845194816589,0.0,0.9808370446538826
COD10K-NonCAM-5-Background-3-Sand-3958,0.007717893924564123,0.9922820925712585,0.0,0.9903241472159676
COD10K-NonCAM-5-Background-3-Sand-3960,0.0020508121233433485,0.9979491829872131,0.0,0.9960558549328913
COD10K-NonCAM-5-Background-3-Sand-3961,0.08588294684886932,0.9141170382499695,0.0,0.9125455623552295
COD10K-NonCAM-5-Background-3-Sand-3962,0.005891094449907541,0.9941089153289795,0.0,0.9923252400567382
COD10K-NonCAM-5-Background-3-Sand-3965,0.0018961242167279124,0.9981038570404053,0.0,0.9960655651497545
COD10K-NonCAM-5-Background-3-Sand-3967,0.019454829394817352,0.980545163154602,0.0,0.9786273082572657
COD10K-NonCAM-5-Background-3-Sand-3973,0.0044161793775856495,0.9955838322639465,0.0,0.9938352418323207
COD10K-NonCAM-5-Background-3-Sand-3975,0.0037775556556880474,0.9962224364280701,0.0,0.9944806559869417
COD10K-NonCAM-5-Background-3-Sand-3977,0.006590655539184809,0.9934093356132507,0.0,0.9915266692997752
COD10K-NonCAM-5-Background-3-Sand-3978,0.0026969483587890863,0.9973030686378479,0.0,0.9960013453064094
COD10K-NonCAM-5-Background-3-Sand-3980,0.0025352833326905966,0.9974647164344788,0.0,0.9958165674459056
COD10K-NonCAM-5-Background-3-Sand-3983,0.0027773797046393156,0.9972226023674011,0.0,0.9958561964803115
COD10K-NonCAM-5-Background-3-Sand-3984,0.0030118986032903194,0.9969881176948547,0.0,0.9955455956474019
COD10K-NonCAM-5-Background-3-Sand-3988,0.0035935596097260714,0.9964064359664917,0.0,0.99461502268912
COD10K-NonCAM-5-Background-3-Sand-3990,0.008036291226744652,0.9919636845588684,0.0,0.9901118150387807
COD10K-NonCAM-5-Background-3-Sand-3995,0.0032725390046834946,0.996727466583252,0.0,0.9950553873292014
COD10K-NonCAM-5-Background-3-Sand-4001,0.001261467463336885,0.9987385272979736,0.0,0.9960864673373528
COD10K-NonCAM-5-Background-3-Sand-4003,0.005150054581463337,0.9948499202728271,0.0,0.9930613564643312
COD10K-NonCAM-5-Background-3-Sand-4005,0.004708616994321346,0.9952914118766785,0.0,0.9934888266930586
COD10K-NonCAM-5-Background-3-Sand-4008,0.0025080409832298756,0.9974919557571411,0.0,0.9960136091842009
COD10K-NonCAM-5-Background-3-Sand-4009,0.005068610887974501,0.9949313998222351,0.0,0.9928839243198311
COD10K-NonCAM-5-Background-3-Sand-4011,0.0032739683520048857,0.9967260360717773,0.0,0.9953301108024022
COD10K-NonCAM-5-Background-3-Sand-4013,0.011039312928915024,0.9889606833457947,0.0,0.9870767417354707
COD10K-NonCAM-5-Background-3-Sand-4014,0.008321495726704597,0.9916784763336182,0.0,0.9898527287979307
COD10K-NonCAM-5-Background-3-Sand-4015,0.002044115914031863,0.997955858707428,0.0,0.9960554766127538
COD10K-NonCAM-5-Background-3-Sand-4017,0.0018716598860919476,0.998128354549408,0.0,0.9960521347848723
COD10K-NonCAM-5-Background-3-Sand-4019,0.0048293014988303185,0.9951707124710083,0.0,0.9929018629996855
COD10K-NonCAM-5-Background-3-Sand-4020,0.006764740217477083,0.9932352304458618,0.0,0.9913108691879942
COD10K-NonCAM-5-Background-3-Sand-4023,0.015064720995724201,0.9849352836608887,0.0,0.9831238953051985
COD10K-NonCAM-5-Background-3-Sand-4026,0.005882618483155966,0.9941173791885376,0.0,0.9922169459173712
COD10K-NonCAM-5-Background-3-Sand-4027,0.0052398815751075745,0.9947600960731506,0.0,0.9928147863146981
COD10K-NonCAM-5-Background-3-Sand-4029,0.009037105366587639,0.9909629225730896,0.0,0.9891613487466003
COD10K-NonCAM-5-Background-3-Sand-4030,0.011657169088721275,0.988342821598053,0.0,0.9864752757701591
COD10K-NonCAM-5-Background-4-Sky-4035,0.05383733659982681,0.9461626410484314,0.0,0.944469382046843
COD10K-NonCAM-5-Background-4-Sky-4042,0.002383160637691617,0.9976168274879456,0.0,0.9960550352392601
COD10K-NonCAM-5-Background-4-Sky-4043,0.006842759903520346,0.9931572675704956,0.0,0.991180506373938
COD10K-NonCAM-5-Background-4-Sky-4050,0.003152388846501708,0.9968476295471191,0.0,0.9953941099590005
COD10K-NonCAM-5-Background-4-Sky-4053,0.001588280312716961,0.9984117150306702,0.0,0.9961012533493946
COD10K-NonCAM-5-Background-4-Sky-4056,0.0018033733358606696,0.9981966018676758,0.0,0.9960850486368371
COD10K-NonCAM-5-Background-4-Sky-4059,0.0028181339148432016,0.9971818923950195,0.0,0.9956702206060388
COD10K-NonCAM-5-Background-4-Sky-4061,0.00640911515802145,0.9935908913612366,0.0,0.9917167436422043
COD10K-NonCAM-5-Background-4-Sky-4062,0.002664662431925535,0.9973353147506714,0.0,0.9956533538332408
COD10K-NonCAM-5-Background-4-Sky-4068,0.0013089654967188835,0.9986910223960876,0.0,0.9961017893029227
COD10K-NonCAM-5-Background-4-Sky-4069,0.0027942878659814596,0.9972057342529297,0.0,0.9953896331707064
COD10K-NonCAM-5-Background-4-Sky-4071,0.00925079733133316,0.990749180316925,0.0,0.9888720284214267
COD10K-NonCAM-5-Background-4-Sky-4073,0.005210781469941139,0.9947892427444458,0.0,0.9927524265453624
COD10K-NonCAM-5-Background-4-Sky-4074,0.02348494529724121,0.9765150547027588,0.0,0.9747837017667046
COD10K-NonCAM-5-Background-4-Sky-4077,0.004428105428814888,0.9955719113349915,0.0,0.9936944436878045
COD10K-NonCAM-5-Background-4-Sky-4078,0.008839566260576248,0.9911604523658752,0.0,0.9891537192904936
COD10K-NonCAM-5-Background-4-Sky-4082,0.0020599626004695892,0.9979400634765625,0.0,0.996043874795203
COD10K-NonCAM-5-Background-4-Sky-4084,0.003300240496173501,0.9966997504234314,0.0,0.995335281177615
COD10K-NonCAM-5-Background-4-Sky-4087,0.009184330701828003,0.9908156394958496,0.0,0.9888263147381422
COD10K-NonCAM-5-Background-4-Sky-4089,0.02989901974797249,0.970100998878479,0.0,0.9682796219623415
COD10K-NonCAM-5-Background-4-Sky-4093,0.00444257166236639,0.995557427406311,0.0,0.9937478814072301
COD10K-NonCAM-5-Background-4-Sky-4095,0.09108966588973999,0.90891033411026,0.0,0.9073542849547631
COD10K-NonCAM-5-Background-4-Sky-4099,0.0022162566892802715,0.9977837204933167,0.0,0.9959808214389485
COD10K-NonCAM-5-Background-4-Sky-4101,0.003331143409013748,0.9966688752174377,0.0,0.9953135908230635
COD10K-NonCAM-5-Background-4-Sky-4102,0.002074259100481868,0.9979257583618164,0.0,0.9960600164544041
COD10K-NonCAM-5-Background-4-Sky-4103,0.0011005375999957323,0.9988994598388672,0.0,0.9960970603012036
COD10K-NonCAM-5-Background-4-Sky-4105,0.003151904558762908,0.9968481063842773,0.0,0.9955658357747595
COD10K-NonCAM-5-Background-4-Sky-4106,0.0033444634173065424,0.9966555237770081,0.0,0.9949850828369776
COD10K-NonCAM-5-Background-4-Sky-4108,0.0018259788630530238,0.9981740117073059,0.0,0.9960509998244598
COD10K-NonCAM-5-Background-4-Sky-4110,0.006974764168262482,0.9930252432823181,0.0,0.9910027904893347
COD10K-NonCAM-5-Background-4-Sky-4111,0.0031275348737835884,0.9968724846839905,0.0,0.9953545124512726
COD10K-NonCAM-5-Background-4-Sky-4112,0.0013458735775202513,0.9986541271209717,0.0,0.9961011587693602
COD10K-NonCAM-5-Background-4-Sky-4113,0.0019288373878225684,0.9980711340904236,0.0,0.9960751807865833
COD10K-NonCAM-5-Background-4-Sky-4115,0.013586509972810745,0.9864134788513184,0.0,0.9848895153870366
COD10K-NonCAM-5-Background-4-Sky-4118,0.004136303439736366,0.995863676071167,0.0,0.9939895649217536
COD10K-NonCAM-5-Background-4-Sky-4121,0.00212594005279243,0.9978740811347961,0.0,0.9960287104630238
COD10K-NonCAM-5-Background-4-Sky-4122,0.0027512311935424805,0.9972487688064575,0.0,0.9959030451240086
COD10K-NonCAM-5-Background-4-Sky-4125,0.0010963116073980927,0.9989036917686462,0.0,0.9961007489225445
COD10K-NonCAM-5-Background-4-Sky-4127,0.0025576732587069273,0.9974423050880432,0.0,0.9959916350895461
COD10K-NonCAM-5-Background-4-Sky-4128,0.003468993352726102,0.9965310096740723,0.0,0.9948870348680019
COD10K-NonCAM-5-Background-4-Sky-4129,0.008241397328674793,0.9917585849761963,0.0,0.989868618243707
COD10K-NonCAM-5-Background-4-Sky-4134,0.008278070949018002,0.9917219281196594,0.0,0.9898981902677901
COD10K-NonCAM-5-Background-4-Sky-4137,0.001973395934328437,0.9980266094207764,0.0,0.9959942518038307
COD10K-NonCAM-5-Background-4-Sky-4139,0.004232435487210751,0.9957675933837891,0.0,0.9939858132470565
COD10K-NonCAM-5-Background-4-Sky-4140,0.00435277447104454,0.9956472516059875,0.0,0.9936881698788571
COD10K-NonCAM-5-Background-4-Sky-4142,0.003177252598106861,0.9968227744102478,0.0,0.9951712163446409
COD10K-NonCAM-5-Background-4-Sky-4144,0.00694701774045825,0.9930529594421387,0.0,0.991292016234474
COD10K-NonCAM-5-Background-4-Sky-4146,0.01720353402197361,0.9827964901924133,0.0,0.9810083606228259
COD10K-NonCAM-5-Background-4-Sky-4149,0.005945722572505474,0.9940542578697205,0.0,0.992164895371783
COD10K-NonCAM-5-Background-4-Sky-4153,0.002333593089133501,0.9976664185523987,0.0,0.9958642988365902
COD10K-NonCAM-5-Background-4-Sky-4155,0.0018553909612819552,0.9981446266174316,0.0,0.9960609622547479
COD10K-NonCAM-5-Background-4-Sky-4157,0.0021174303255975246,0.9978825449943542,0.0,0.9960755275800428
COD10K-NonCAM-5-Background-4-Sky-4159,0.0034256356302648783,0.996574342250824,0.0,0.9948195677768096
COD10K-NonCAM-5-Background-4-Sky-4160,0.0014429660513997078,0.9985570311546326,0.0,0.9960709562117143
COD10K-NonCAM-5-Background-4-Sky-4161,0.0019517577020451427,0.9980482459068298,0.0,0.9960681818640391
COD10K-NonCAM-5-Background-4-Sky-4162,0.003266757121309638,0.9967332482337952,0.0,0.9951730764186504
COD10K-NonCAM-5-Background-4-Sky-4163,0.002843266585841775,0.9971567392349243,0.0,0.9958487561842735
COD10K-NonCAM-5-Background-4-Sky-4166,0.004135285969823599,0.9958646893501282,0.0,0.9943025617822009
COD10K-NonCAM-5-Background-4-Sky-4168,0.0021078488789498806,0.9978921413421631,0.0,0.996060489354576
COD10K-NonCAM-5-Background-4-Sky-4169,0.00306735304184258,0.9969326257705688,0.0,0.995564700814347
COD10K-NonCAM-5-Background-4-Sky-4171,0.005077749025076628,0.9949222803115845,0.0,0.9932281641183025
COD10K-NonCAM-5-Background-4-Sky-4175,0.0035426542162895203,0.9964573383331299,0.0,0.9946290205342085
COD10K-NonCAM-5-Background-4-Sky-4178,0.0021955445408821106,0.9978044629096985,0.0,0.9960322729776522
COD10K-NonCAM-5-Background-4-Sky-4179,0.005711178760975599,0.9942888021469116,0.0,0.9924413528122809
COD10K-NonCAM-5-Background-4-Sky-4182,0.005711178760975599,0.9942888021469116,0.0,0.9924413528122809
COD10K-NonCAM-5-Background-4-Sky-4184,0.001240502460859716,0.9987595081329346,0.0,0.9960906919122219
COD10K-NonCAM-5-Background-4-Sky-4190,0.005073774140328169,0.9949262142181396,0.0,0.9928380845298341
COD10K-NonCAM-5-Background-4-Sky-4194,0.002259177854284644,0.9977408051490784,0.0,0.9960712714784956
COD10K-NonCAM-5-Background-4-Sky-4195,0.002697673859074712,0.9973023533821106,0.0,0.9955193654512
COD10K-NonCAM-5-Background-4-Sky-4196,0.0021269770804792643,0.9978730082511902,0.0,0.9960600795077604
COD10K-NonCAM-5-Background-4-Sky-4197,0.001473796903155744,0.9985262155532837,0.0,0.9961006858691883
COD10K-NonCAM-5-Background-4-Sky-4199,0.0021721930243074894,0.9978278279304504,0.0,0.9959666974871475
COD10K-NonCAM-5-Background-4-Sky-4201,0.005105426535010338,0.9948945641517639,0.0,0.9931850671493025
COD10K-NonCAM-5-Background-4-Sky-4207,0.00495198555290699,0.9950479865074158,0.0,0.9931139114367694
COD10K-NonCAM-5-Background-4-Sky-4208,0.0019348482601344585,0.998065173625946,0.0,0.9960851116901934
COD10K-NonCAM-5-Background-4-Sky-4210,0.002329091774299741,0.9976708889007568,0.0,0.9959769436575389
COD10K-NonCAM-5-Background-4-Sky-4216,0.002171703614294529,0.9978283047676086,0.0,0.9960434964750655
COD10K-NonCAM-5-Background-4-Sky-4217,0.0031873872503638268,0.996812641620636,0.0,0.9955133123289996
COD10K-NonCAM-5-Background-4-Sky-4220,0.0017581137362867594,0.9982419013977051,0.0,0.996091196339072
COD10K-NonCAM-5-Background-4-Sky-4221,0.0016214812640100718,0.9983785152435303,0.0,0.9961005912891538
COD10K-NonCAM-5-Background-4-Sky-4222,0.006544073112308979,0.9934559464454651,0.0,0.9915793188522476
COD10K-NonCAM-5-Background-4-Sky-4225,0.0030969111248850822,0.9969030618667603,0.0,0.9955519325097055
COD10K-NonCAM-5-Background-4-Sky-4226,0.0014471695758402348,0.9985528588294983,0.0,0.9960883274113624
COD10K-NonCAM-5-Background-4-Sky-4228,0.0029039783403277397,0.9970960021018982,0.0,0.995724761759199
COD10K-NonCAM-5-Background-4-Sky-4231,0.0028371999505907297,0.9971628189086914,0.0,0.9959652787866318
COD10K-NonCAM-5-Background-4-Sky-4232,0.0041065579280257225,0.9958934187889099,0.0,0.9941616690576502
COD10K-NonCAM-5-Background-4-Sky-4234,0.002902789507061243,0.9970971941947937,0.0,0.9957995115130387
COD10K-NonCAM-5-Background-4-Sky-4236,0.004147062078118324,0.9958529472351074,0.0,0.9939261647720397
COD10K-NonCAM-5-Background-4-Sky-4237,0.0013734422391280532,0.9986265301704407,0.0,0.9960898722185907
COD10K-NonCAM-5-Background-4-Sky-4238,0.005407854449003935,0.9945921301841736,0.0,0.9926712138225067
COD10K-NonCAM-5-Background-4-Sky-4239,0.0020327111706137657,0.9979673027992249,0.0,0.9960752438399396
COD10K-NonCAM-5-Background-4-Sky-4241,0.0050018345937132835,0.9949981570243835,0.0,0.993209437271495
COD10K-NonCAM-5-Background-4-Sky-4242,0.0032730908133089542,0.996726930141449,0.0,0.9955839951413609
COD10K-NonCAM-5-Background-4-Sky-4251,0.002437327755615115,0.9975626468658447,0.0,0.9960063265215534
COD10K-NonCAM-5-Background-4-Sky-4252,0.002829587087035179,0.9971703886985779,0.0,0.9957967686920417
COD10K-NonCAM-5-Background-4-Sky-4253,0.0013432150008156896,0.9986568093299866,0.0,0.9961008435025789
COD10K-NonCAM-5-Background-4-Sky-4254,0.001049965270794928,0.9989500641822815,0.0,0.9960940337401034
COD10K-NonCAM-5-Background-4-Sky-4257,0.004656050819903612,0.9953439235687256,0.0,0.9936116231043642
COD10K-NonCAM-5-Background-4-Sky-4258,0.020049815997481346,0.9799501895904541,0.0,0.9780915438891715
COD10K-NonCAM-5-Background-4-Sky-4259,0.0016764579340815544,0.9983235597610474,0.0,0.9960831885628276
COD10K-NonCAM-5-Background-4-Sky-4262,0.02103606052696705,0.9789639115333557,0.0,0.97727408865201
COD10K-NonCAM-5-Background-4-Sky-4265,0.0023881271481513977,0.9976118803024292,0.0,0.9959947247040026
COD10K-NonCAM-5-Background-4-Sky-4267,0.005769610870629549,0.9942303895950317,0.0,0.992478333605724
COD10K-NonCAM-5-Background-4-Sky-4272,0.008875218220055103,0.9911248087882996,0.0,0.9892706202129893
COD10K-NonCAM-5-Background-4-Sky-4281,0.0015233089216053486,0.9984766840934753,0.0,0.9960812654354619
COD10K-NonCAM-5-Background-4-Sky-4283,0.008210676722228527,0.9917893409729004,0.0,0.989958784543151
COD10K-NonCAM-5-Background-4-Sky-4284,0.0028396218549460173,0.9971603751182556,0.0,0.9958281062101001
COD10K-NonCAM-5-Background-4-Sky-4286,0.0023738194722682238,0.9976261854171753,0.0,0.996073352239252
COD10K-NonCAM-5-Background-4-Sky-4287,0.00221891887485981,0.9977810978889465,0.0,0.9960734468192863
COD10K-NonCAM-5-Background-4-Sky-4288,0.00463259220123291,0.9953674077987671,0.0,0.9934020968015306
COD10K-NonCAM-5-Background-4-Sky-4292,0.001978816231712699,0.9980211853981018,0.0,0.9960735729259989
COD10K-NonCAM-5-Background-4-Sky-4295,0.009556101635098457,0.9904438853263855,0.0,0.988620161789868
COD10K-NonCAM-5-Background-4-Sky-4296,0.004872268531471491,0.9951277375221252,0.0,0.993233965027078
COD10K-NonCAM-5-Background-4-Sky-4299,0.003171787830069661,0.9968281984329224,0.0,0.9953218508127328
COD10K-NonCAM-5-Background-4-Sky-4302,0.03910044953227043,0.9608995318412781,0.0,0.9590734536290486
COD10K-NonCAM-5-Background-4-Sky-4303,0.010510049760341644,0.9894899725914001,0.0,0.9876392407266169
COD10K-NonCAM-5-Background-4-Sky-4304,0.004661070182919502,0.9953389167785645,0.0,0.9933411872593887
COD10K-NonCAM-5-Background-4-Sky-4305,0.005419997964054346,0.9945800304412842,0.0,0.9927460266297026
COD10K-NonCAM-5-Background-4-Sky-4310,0.007050488144159317,0.9929494857788086,0.0,0.9910783284101276
COD10K-NonCAM-5-Background-4-Sky-4311,0.0022678286768496037,0.9977321624755859,0.0,0.9960658173631796
COD10K-NonCAM-5-Background-4-Sky-4321,0.0029885307885706425,0.9970114827156067,0.0,0.9955303052085102
COD10K-NonCAM-5-Background-4-Sky-4323,0.0021900516003370285,0.9978099465370178,0.0,0.9960644617160201
COD10K-NonCAM-5-Background-4-Sky-4325,0.001701181405223906,0.9982988238334656,0.0,0.9960803511617962
COD10K-NonCAM-5-Background-4-Sky-4326,0.0018910886719822884,0.9981089234352112,0.0,0.9960662587366733
COD10K-NonCAM-5-Background-4-Sky-4328,0.004358318168669939,0.9956417083740234,0.0,0.9936454512299948
COD10K-NonCAM-5-Background-4-Sky-4329,0.005869110114872456,0.9941309094429016,0.0,0.9923040856557148
COD10K-NonCAM-5-Background-4-Sky-4330,0.027479255571961403,0.9725207686424255,0.0,0.9707717743416221
COD10K-NonCAM-5-Background-4-Sky-4332,0.003995864652097225,0.9960041642189026,0.0,0.9940531542315363
COD10K-NonCAM-5-Background-4-Sky-4335,0.004019244108349085,0.9959807395935059,0.0,0.9943720465807934
COD10K-NonCAM-5-Background-4-Sky-4336,0.0012837795075029135,0.9987162351608276,0.0,0.9960809816953587
COD10K-NonCAM-5-Background-4-Sky-4337,0.0024651859421283007,0.9975348114967346,0.0,0.9960015659931563
COD10K-NonCAM-5-Background-4-Sky-4342,0.0018880260176956654,0.9981119632720947,0.0,0.9960771669673054
COD10K-NonCAM-5-Background-4-Sky-4344,0.0034019348677247763,0.9965980648994446,0.0,0.9952016395890337
COD10K-NonCAM-5-Background-4-Sky-4349,0.0017775656888261437,0.9982224106788635,0.0,0.9960817698623119
COD10K-NonCAM-5-Background-4-Sky-4350,0.0074069262482225895,0.9925930500030518,0.0,0.9906628383190886
COD10K-NonCAM-5-Background-4-Sky-4351,0.0031958387698978186,0.9968041777610779,0.0,0.9952912384082713
COD10K-NonCAM-5-Background-4-Sky-4352,0.00443653017282486,0.9955634474754333,0.0,0.9936212072145149
COD10K-NonCAM-5-Background-4-Sky-4355,0.0168225709348917,0.9831774234771729,0.0,0.9813157772612449
COD10K-NonCAM-5-Background-4-Sky-4356,0.004975943360477686,0.9950240850448608,0.0,0.9930553663954871
COD10K-NonCAM-5-Background-4-Sky-4358,0.0019186552381142974,0.9980813264846802,0.0,0.9960318946575146
COD10K-NonCAM-5-Background-4-Sky-4359,0.0014882093528285623,0.998511791229248,0.0,0.9960914800791751
COD10K-NonCAM-5-Background-4-Sky-4365,0.006515346933156252,0.9934846758842468,0.0,0.9916166464391503
COD10K-NonCAM-5-Background-4-Sky-4367,0.0022486986126750708,0.9977512955665588,0.0,0.996002732480247
COD10K-NonCAM-5-Background-4-Sky-4369,0.00340012414380908,0.9965998530387878,0.0,0.995107059554652
COD10K-NonCAM-5-Background-4-Sky-4372,0.0028819532599300146,0.9971180558204651,0.0,0.99560606381605
COD10K-NonCAM-5-Background-4-Sky-4381,0.0014171421062201262,0.9985828399658203,0.0,0.996098384421685
COD10K-NonCAM-5-Background-4-Sky-4383,0.0025762601289898157,0.9974237680435181,0.0,0.9959777948778483
COD10K-NonCAM-5-Background-4-Sky-4384,0.005321576725691557,0.9946784377098083,0.0,0.9927049158414247
COD10K-NonCAM-5-Background-4-Sky-4386,0.0035409932024776936,0.9964590072631836,0.0,0.9950737989092278
COD10K-NonCAM-5-Background-4-Sky-4387,0.0052531203255057335,0.9947468638420105,0.0,0.9926661695540062
COD10K-NonCAM-5-Background-4-Sky-4390,0.0016644790302962065,0.9983355402946472,0.0,0.9960814545955307
COD10K-NonCAM-5-Background-4-Sky-4393,0.002113508526235819,0.9978864789009094,0.0,0.9960405014406434
COD10K-NonCAM-5-Background-4-Sky-4395,0.001965927891433239,0.9980340600013733,0.0,0.9960591967607728
COD10K-NonCAM-5-Background-4-Sky-4396,0.024833617731928825,0.975166380405426,0.0,0.9733599569824783
COD10K-NonCAM-5-Background-4-Sky-4398,0.0012722990941256285,0.9987276792526245,0.0,0.9960798467349462
COD10K-NonCAM-5-Background-4-Sky-4403,0.0042890515178442,0.9957109689712524,0.0,0.9937806691524825
COD10K-NonCAM-5-Background-4-Sky-4405,0.002125611761584878,0.99787437915802,0.0,0.9960172032255074
COD10K-NonCAM-5-Background-4-Sky-4406,0.0014996835961937904,0.9985002875328064,0.0,0.9960895884784875
COD10K-NonCAM-5-Background-4-Sky-4407,0.001215209485962987,0.9987847805023193,0.0,0.9960944751135972
COD10K-NonCAM-5-Background-4-Sky-4409,0.001640736940316856,0.9983592629432678,0.0,0.9960828732960464
COD10K-NonCAM-5-Background-4-Sky-4410,0.0022409874945878983,0.9977589845657349,0.0,0.9959580591773407
COD10K-NonCAM-5-Background-4-Sky-4411,0.001102664158679545,0.9988973140716553,0.0,0.9960972494612724
COD10K-NonCAM-5-Background-4-Sky-4412,0.0016458717873319983,0.9983541369438171,0.0,0.9960791216213493
COD10K-NonCAM-5-Background-4-Sky-4413,0.002076002536341548,0.9979239702224731,0.0,0.9959906892892023
COD10K-NonCAM-5-Background-4-Sky-4419,0.06400354206562042,0.9359964728355408,0.0,0.9343190527569953
COD10K-NonCAM-5-Background-4-Sky-4425,0.003289157059043646,0.9967108368873596,0.0,0.9953907050777627
COD10K-NonCAM-5-Background-4-Sky-4427,0.002964604878798127,0.9970353841781616,0.0,0.9956627487833227
COD10K-NonCAM-5-Background-4-Sky-4428,0.02006053552031517,0.9799394607543945,0.0,0.978078018944255
COD10K-NonCAM-5-Background-4-Sky-4430,0.0022682964336127043,0.9977316856384277,0.0,0.9959652157332756
COD10K-NonCAM-5-Background-4-Sky-4431,0.00425937632098794,0.9957406520843506,0.0,0.993967117926927
COD10K-NonCAM-5-Background-4-Sky-4433,0.0015554160345345736,0.9984445571899414,0.0,0.9960822112358058
COD10K-NonCAM-5-Background-4-Sky-4436,0.019851794466376305,0.980148196220398,0.0,0.978368694916588
COD10K-NonCAM-5-Background-4-Sky-4438,0.001757712452672422,0.9982422590255737,0.0,0.9960728162857237
COD10K-NonCAM-5-Background-4-Sky-4440,0.002511023310944438,0.9974889755249023,0.0,0.9958671362376217
COD10K-NonCAM-5-Background-4-Sky-4444,0.002802850678563118,0.997197151184082,0.0,0.9958681450913217
COD10K-NonCAM-5-Background-4-Sky-4448,0.002756858477368951,0.9972431659698486,0.0,0.9956803091430396
COD10K-NonCAM-5-Background-4-Sky-4450,0.0027912019286304712,0.9972087740898132,0.0,0.9958806927092163
COD10K-NonCAM-5-Background-4-Sky-4452,0.0027722844388335943,0.9972277283668518,0.0,0.9957814151997937
COD10K-NonCAM-5-Background-4-Sky-4453,0.003958192653954029,0.9960418343544006,0.0,0.9944317581091664
COD10K-NonCAM-5-Background-4-Sky-4454,0.0018685610266402364,0.9981314539909363,0.0,0.9960739197194582
COD10K-NonCAM-5-Background-4-Sky-4460,0.0018186578527092934,0.9981813430786133,0.0,0.9960745187263427
COD10K-NonCAM-5-Background-4-Sky-4461,0.0010992910247296095,0.9989007115364075,0.0,0.9960861835972498
COD10K-NonCAM-5-Background-4-Sky-4467,0.002306450856849551,0.9976935386657715,0.0,0.9960556972995007
COD10K-NonCAM-5-Background-4-Sky-4471,0.008283326402306557,0.9917166829109192,0.0,0.989839172326336
COD10K-NonCAM-5-Background-4-Sky-4473,0.0027913744561374187,0.9972086548805237,0.0,0.9957618371326766
COD10K-NonCAM-5-Background-4-Sky-4474,0.005030306056141853,0.9949696660041809,0.0,0.9926864727347202
COD10K-NonCAM-5-Background-4-Sky-4475,0.005580385681241751,0.9944196343421936,0.0,0.9925670812046523
COD10K-NonCAM-5-Background-4-Sky-4476,0.0011613988317549229,0.9988386034965515,0.0,0.9960947273270222
COD10K-NonCAM-5-Background-4-Sky-4478,0.00171413563657552,0.9982858896255493,0.0,0.9960865934440655
COD10K-NonCAM-5-Background-4-Sky-4479,0.0019116596085950732,0.9980883598327637,0.0,0.9960696951445892
COD10K-NonCAM-5-Background-4-Sky-4482,0.04026592895388603,0.9597340822219849,0.0,0.9580634964952424
COD10K-NonCAM-5-Background-4-Sky-4483,0.0015423038275912404,0.998457670211792,0.0,0.9960836929896777
COD10K-NonCAM-5-Background-4-Sky-4484,0.0042439899407327175,0.9957560300827026,0.0,0.9939098339527698
COD10K-NonCAM-5-Background-5-Vegetation-4487,0.004551286809146404,0.9954487085342407,0.0,0.9936774192816158
COD10K-NonCAM-5-Background-5-Vegetation-4489,0.0035201425198465586,0.996479868888855,0.0,0.9946112079610666
COD10K-NonCAM-5-Background-5-Vegetation-4492,0.0025328644551336765,0.9974671602249146,0.0,0.9957157136025765
COD10K-NonCAM-5-Background-5-Vegetation-4494,0.0024137196596711874,0.9975863099098206,0.0,0.9958699736386531
COD10K-NonCAM-5-Background-5-Vegetation-4498,0.003975218161940575,0.9960247874259949,0.0,0.9942031266393876
COD10K-NonCAM-5-Background-5-Vegetation-4499,0.029484225437045097,0.970515787601471,0.0,0.968564402445865
COD10K-NonCAM-5-Background-5-Vegetation-4500,0.09219301491975784,0.9078069925308228,0.0,0.9062024577693841
COD10K-NonCAM-5-Background-5-Vegetation-4501,0.012070029973983765,0.9879299402236938,0.0,0.9861758353813065
COD10K-NonCAM-5-Background-5-Vegetation-4506,0.01857704669237137,0.9814229607582092,0.0,0.9796350900502813
COD10K-NonCAM-5-Background-5-Vegetation-4509,0.010852113366127014,0.9891479015350342,0.0,0.9871619898731269
COD10K-NonCAM-5-Background-5-Vegetation-4510,0.011853967793285847,0.9881460070610046,0.0,0.9864097002796544
COD10K-NonCAM-5-Background-5-Vegetation-4514,0.0472063384950161,0.9527936577796936,0.0,0.9505346735450311
COD10K-NonCAM-5-Background-5-Vegetation-4515,0.03792065754532814,0.9620793461799622,0.0,0.9601489547266814
COD10K-NonCAM-5-Background-5-Vegetation-4519,0.03303340822458267,0.9669665694236755,0.0,0.9652396304972439
COD10K-NonCAM-5-Background-5-Vegetation-4520,0.024529898539185524,0.9754701256752014,0.0,0.9734324368154927
COD10K-NonCAM-5-Background-5-Vegetation-4521,0.00824099499732256,0.9917590022087097,0.0,0.9896698425381147
COD10K-NonCAM-5-Background-5-Vegetation-4522,0.005709690507501364,0.994290292263031,0.0,0.9922977803200894
COD10K-NonCAM-5-Background-5-Vegetation-4524,0.018110882490873337,0.9818891286849976,0.0,0.9801612703082251
COD10K-NonCAM-5-Background-5-Vegetation-4527,0.04410455375909805,0.9558954238891602,0.0,0.9541551342078077
COD10K-NonCAM-5-Background-5-Vegetation-4530,0.05646529793739319,0.9435347318649292,0.0,0.9417796835024173
COD10K-NonCAM-5-Background-5-Vegetation-4531,0.07381322979927063,0.9261868000030518,0.0,0.9245552090143097
COD10K-NonCAM-5-Background-5-Vegetation-4532,0.013669918291270733,0.9863300919532776,0.0,0.9844564334096026
COD10K-NonCAM-5-Background-5-Vegetation-4533,0.0024035514798015356,0.9975964426994324,0.0,0.9957269686266679
COD10K-NonCAM-5-Background-5-Vegetation-4534,0.014752459712326527,0.9852475523948669,0.0,0.983516969928089
COD10K-NonCAM-5-Background-5-Vegetation-4535,0.014056786894798279,0.9859431982040405,0.0,0.9839161922532144
COD10K-NonCAM-5-Background-5-Vegetation-4541,0.036956433206796646,0.9630435705184937,0.0,0.961257621889704
COD10K-NonCAM-5-Background-5-Vegetation-4542,0.006259990856051445,0.9937400221824646,0.0,0.9919941784097239
COD10K-NonCAM-5-Background-5-Vegetation-4543,0.03010367602109909,0.9698963165283203,0.0,0.9681814478866533
COD10K-NonCAM-5-Background-5-Vegetation-4548,0.007432600483298302,0.9925674200057983,0.0,0.9905545757063995
COD10K-NonCAM-5-Background-5-Vegetation-4550,0.027316786348819733,0.9726831912994385,0.0,0.9708244238940945
COD10K-NonCAM-5-Background-5-Vegetation-4551,0.022115489467978477,0.9778845310211182,0.0,0.9760485520931697
COD10K-NonCAM-5-Background-5-Vegetation-4553,0.007206318434327841,0.9927936792373657,0.0,0.9907549277458982
COD10K-NonCAM-5-Background-5-Vegetation-4555,0.013601898215711117,0.9863981008529663,0.0,0.984375441373494
COD10K-NonCAM-5-Background-5-Vegetation-4558,0.005074653774499893,0.994925320148468,0.0,0.9929886874712478
COD10K-NonCAM-5-Background-5-Vegetation-4559,0.0022509575355798006,0.9977490305900574,0.0,0.9959531410155528
COD10K-NonCAM-5-Background-5-Vegetation-4562,0.022456379607319832,0.9775435924530029,0.0,0.9757180579263618
COD10K-NonCAM-5-Background-5-Vegetation-4568,0.08150811493396759,0.9184918999671936,0.0,0.9167990156614448
COD10K-NonCAM-5-Background-5-Vegetation-4574,0.014773203060030937,0.9852268099784851,0.0,0.9832895049454009
COD10K-NonCAM-5-Background-5-Vegetation-4575,0.00652539636939764,0.9934746026992798,0.0,0.9915432208057919
COD10K-NonCAM-5-Background-5-Vegetation-4576,0.00912455003708601,0.9908754229545593,0.0,0.9890783074764132
COD10K-NonCAM-5-Background-5-Vegetation-4580,0.05223995819687843,0.9477600455284119,0.0,0.9459668046778529
COD10K-NonCAM-5-Background-5-Vegetation-4581,0.06274900585412979,0.9372509717941284,0.0,0.9354064394122823
COD10K-NonCAM-5-Background-5-Vegetation-4585,0.2893015742301941,0.7106984257698059,0.0,0.7098604856218171
COD10K-NonCAM-5-Background-5-Vegetation-4588,0.0065073189325630665,0.9934926629066467,0.0,0.9915423065321263
COD10K-NonCAM-5-Background-5-Vegetation-4591,0.01836819015443325,0.9816318154335022,0.0,0.9799039495613506
COD10K-NonCAM-5-Background-5-Vegetation-4594,0.05316716060042381,0.9468328356742859,0.0,0.9447670254150424
COD10K-NonCAM-5-Background-5-Vegetation-4597,0.003673556260764599,0.9963264465332031,0.0,0.9945712951865575
COD10K-NonCAM-5-Background-5-Vegetation-4601,0.044032447040081024,0.9559675455093384,0.0,0.9541035565623917
COD10K-NonCAM-5-Background-5-Vegetation-4602,0.13865646719932556,0.861343502998352,0.0,0.8599398634920059
COD10K-NonCAM-5-Background-5-Vegetation-4605,0.015366737730801105,0.9846332669258118,0.0,0.9826729692279446
COD10K-NonCAM-5-Background-5-Vegetation-4609,0.0020599602721631527,0.9979400634765625,0.0,0.9959265324992134
COD10K-NonCAM-5-Background-5-Vegetation-4610,0.0029813521541655064,0.9970186352729797,0.0,0.9955585215854341
COD10K-NonCAM-5-Background-5-Vegetation-4620,0.0393221415579319,0.9606778621673584,0.0,0.9587287724570834
COD10K-NonCAM-5-Background-5-Vegetation-4621,0.1030992940068245,0.8969007134437561,0.0,0.8952568364970985
COD10K-NonCAM-5-Background-5-Vegetation-4624,0.03600187227129936,0.9639981389045715,0.0,0.9623042760768505
COD10K-NonCAM-5-Background-5-Vegetation-4625,0.006915996316820383,0.9930840134620667,0.0,0.9912899670003956
COD10K-NonCAM-5-Background-5-Vegetation-4627,0.0023357148747891188,0.9976642727851868,0.0,0.9958308490310972
COD10K-NonCAM-5-Background-5-Vegetation-4628,0.0027686874382197857,0.9972313046455383,0.0,0.9952461867852275
COD10K-NonCAM-5-Background-5-Vegetation-4629,0.038831401616334915,0.9611685872077942,0.0,0.9594966047028723
COD10K-NonCAM-5-Background-5-Vegetation-4630,0.03920843452215195,0.9607915878295898,0.0,0.9590499662538438
COD10K-NonCAM-5-Background-5-Vegetation-4631,0.028478724882006645,0.971521258354187,0.0,0.9698392782559744
COD10K-NonCAM-5-Background-5-Vegetation-4632,0.004114270675927401,0.9958857297897339,0.0,0.9939994327720074
COD10K-NonCAM-5-Background-5-Vegetation-4636,0.02177557907998562,0.9782243967056274,0.0,0.9764055601962827
COD10K-NonCAM-5-Background-5-Vegetation-4637,0.001999602885916829,0.9980003833770752,0.0,0.9960362768657743
COD10K-NonCAM-5-Background-5-Vegetation-4638,0.10968215763568878,0.8903178572654724,0.0,0.8887887286324787
COD10K-NonCAM-5-Background-5-Vegetation-4639,0.06889467686414719,0.9311053156852722,0.0,0.9293507635509229
COD10K-NonCAM-5-Background-5-Vegetation-4641,0.004632547963410616,0.9953674674034119,0.0,0.9935268478668801
COD10K-NonCAM-5-Background-5-Vegetation-4644,0.041789788752794266,0.9582102298736572,0.0,0.9564481956147147
COD10K-NonCAM-5-Background-5-Vegetation-4646,0.024785077199339867,0.9752148985862732,0.0,0.9734193217173919
COD10K-NonCAM-5-Background-5-Vegetation-4647,0.022110674530267715,0.9778892993927002,0.0,0.9759513553445034
COD10K-NonCAM-5-Background-5-Vegetation-4648,0.03549494966864586,0.9645050764083862,0.0,0.9629060257822651
COD10K-NonCAM-5-Background-5-Vegetation-4649,0.028364356607198715,0.971635639667511,0.0,0.9698613784573415
COD10K-NonCAM-5-Background-5-Vegetation-4650,0.048554833978414536,0.9514451622962952,0.0,0.9496926905522869
COD10K-NonCAM-5-Background-5-Vegetation-4655,0.026511499658226967,0.9734885096549988,0.0,0.9716093435994286
COD10K-NonCAM-5-Background-5-Vegetation-4656,0.009689075872302055,0.9903109073638916,0.0,0.9885334949516963
COD10K-NonCAM-5-Background-5-Vegetation-4660,0.009732275269925594,0.9902677536010742,0.0,0.988274534817559
COD10K-NonCAM-5-Background-5-Vegetation-4668,0.00939857866615057,0.9906014204025269,0.0,0.9884519354353811
COD10K-NonCAM-5-Background-5-Vegetation-4669,0.008386333473026752,0.9916136860847473,0.0,0.9898642045087693
COD10K-NonCAM-5-Background-5-Vegetation-4673,0.15539459884166718,0.8446053862571716,0.0,0.8431527270828794
COD10K-NonCAM-5-Background-5-Vegetation-4675,0.004241563845425844,0.9957584142684937,0.0,0.9940207763330996
COD10K-NonCAM-5-Background-5-Vegetation-4676,0.03758230805397034,0.962417721748352,0.0,0.9605672191653956
COD10K-NonCAM-5-Background-5-Vegetation-4678,0.049730416387319565,0.9502695798873901,0.0,0.9483278376028021
COD10K-NonCAM-5-Background-5-Vegetation-4682,0.13193923234939575,0.8680607676506042,0.0,0.8665787198453629
COD10K-NonCAM-5-Background-5-Vegetation-4689,0.06672363728284836,0.933276355266571,0.0,0.9315304550232844
COD10K-NonCAM-5-Background-5-Vegetation-4691,0.02740151807665825,0.9725984930992126,0.0,0.9707875692073639
COD10K-NonCAM-5-Background-5-Vegetation-4692,0.03005487285554409,0.9699451327323914,0.0,0.9681818577334691
COD10K-NonCAM-5-Background-5-Vegetation-4693,0.03611210361123085,0.9638878703117371,0.0,0.9620978709151513
COD10K-NonCAM-5-Background-5-Vegetation-4694,0.00822821632027626,0.9917717576026917,0.0,0.9897037021904233
COD10K-NonCAM-5-Background-5-Vegetation-4699,0.08056923747062683,0.9194307327270508,0.0,0.9174823248831747
COD10K-NonCAM-5-Background-5-Vegetation-4701,0.0055654579773545265,0.9944345355033875,0.0,0.9925166385196488
COD10K-NonCAM-5-Background-5-Vegetation-4709,0.011457749642431736,0.9885422587394714,0.0,0.9867762609662398
COD10K-NonCAM-5-Background-5-Vegetation-4710,0.011780939064919949,0.9882190823554993,0.0,0.9863914778596969
COD10K-NonCAM-5-Background-5-Vegetation-4712,0.004051335621625185,0.9959486722946167,0.0,0.9940926571592297
COD10K-NonCAM-5-Background-5-Vegetation-4713,0.007163566071540117,0.9928364157676697,0.0,0.9908892944480764
COD10K-NonCAM-5-Background-5-Vegetation-4714,0.016391417011618614,0.983608603477478,0.0,0.981780890343656
COD10K-NonCAM-5-Background-5-Vegetation-4715,0.04812173172831535,0.9518782496452332,0.0,0.9500677319152886
COD10K-NonCAM-5-Background-5-Vegetation-4721,0.017812760546803474,0.9821872115135193,0.0,0.9802578680500069
COD10K-NonCAM-5-Background-5-Vegetation-4722,0.02385072596371174,0.9761492609977722,0.0,0.974366036334875
COD10K-NonCAM-5-Background-5-Vegetation-4723,0.002744325203821063,0.9972556829452515,0.0,0.9952361297749048
COD10K-NonCAM-5-Background-5-Vegetation-4725,0.0022819892037659883,0.9977180361747742,0.0,0.9954584874357364
COD10K-NonCAM-5-Background-5-Vegetation-4726,0.08067161589860916,0.9193283915519714,0.0,0.9175966406180641
COD10K-NonCAM-5-Background-5-Vegetation-4729,0.017691725865006447,0.9823082685470581,0.0,0.980428112111894
COD10K-NonCAM-5-Background-5-Vegetation-4730,0.02587820217013359,0.9741218090057373,0.0,0.9723906377367781
COD10K-NonCAM-5-Background-5-Vegetation-4734,0.003214521799236536,0.9967854619026184,0.0,0.995011439139892
COD10K-NonCAM-5-Background-5-Vegetation-4740,0.014984490349888802,0.9850155115127563,0.0,0.983212705957483
COD10K-NonCAM-5-Background-5-Vegetation-4743,0.10325206071138382,0.8967479467391968,0.0,0.8950083116934215
COD10K-NonCAM-5-Background-5-Vegetation-4745,0.08444356173276901,0.9155564308166504,0.0,0.9136831394820948
COD10K-NonCAM-5-Background-5-Vegetation-4753,0.007154532242566347,0.9928454756736755,0.0,0.9907364215858374
COD10K-NonCAM-5-Background-5-Vegetation-4754,0.0025003443006426096,0.9974996447563171,0.0,0.9954553032412454
COD10K-NonCAM-5-Background-5-Vegetation-4756,0.07555537670850754,0.9244446158409119,0.0,0.9228983559720104
COD10K-NonCAM-5-Background-5-Vegetation-4757,0.0017694368725642562,0.9982305765151978,0.0,0.9960432442616405
COD10K-NonCAM-5-Background-5-Vegetation-4758,0.004518845584243536,0.9954811334609985,0.0,0.9936085019632295
COD10K-NonCAM-5-Background-5-Vegetation-4759,0.002703850856050849,0.997296154499054,0.0,0.9957977144923855
COD10K-NonCAM-5-Background-5-Vegetation-4760,0.015300782397389412,0.9846991896629333,0.0,0.9828227840024052
COD10K-NonCAM-5-Background-5-Vegetation-4763,0.002810095204040408,0.9971898794174194,0.0,0.9958485354975266
COD10K-NonCAM-5-Background-5-Vegetation-4766,0.06859409064054489,0.9314059019088745,0.0,0.9297661590619275
COD10K-NonCAM-5-Background-5-Vegetation-4771,0.004845712333917618,0.9951542615890503,0.0,0.9934945960751558
COD10K-NonCAM-5-Background-5-Vegetation-4772,0.00410041119903326,0.9958996176719666,0.0,0.9940293515895502
COD10K-NonCAM-5-Background-5-Vegetation-4775,0.06334466487169266,0.9366553425788879,0.0,0.9349550089081782
COD10K-NonCAM-5-Background-5-Vegetation-4776,0.009252334013581276,0.9907476902008057,0.0,0.9889536509910981
COD10K-NonCAM-5-Background-5-Vegetation-4777,0.019920986145734787,0.9800789952278137,0.0,0.9783336687771886
COD10K-NonCAM-5-Background-5-Vegetation-4780,0.028712540864944458,0.9712874889373779,0.0,0.9693604825952559
COD10K-NonCAM-5-Background-5-Vegetation-4782,0.05060023441910744,0.9493997693061829,0.0,0.9476706009438836
COD10K-NonCAM-5-Background-5-Vegetation-4784,0.05089815333485603,0.9491018652915955,0.0,0.9473265503054809
COD10K-NonCAM-5-Background-5-Vegetation-4786,0.04312978312373161,0.9568701982498169,0.0,0.9550329630335828
COD10K-NonCAM-5-Background-5-Vegetation-4789,0.0032721790485084057,0.9967278242111206,0.0,0.9948360877561482
COD10K-NonCAM-5-Background-5-Vegetation-4795,0.05150071531534195,0.9484992623329163,0.0,0.9466608644968242
COD10K-NonCAM-5-Background-5-Vegetation-4798,0.11175785958766937,0.8882421255111694,0.0,0.8867087875697119
COD10K-NonCAM-5-Background-5-Vegetation-4801,0.0025560869835317135,0.9974439144134521,0.0,0.9956042667953967
COD10K-NonCAM-5-Background-5-Vegetation-4803,0.04686230421066284,0.9531376957893372,0.0,0.9513532006892489
COD10K-NonCAM-5-Background-5-Vegetation-4804,0.0031347956974059343,0.9968652129173279,0.0,0.9950792845512219
COD10K-NonCAM-5-Background-5-Vegetation-4808,0.0027599583845585585,0.9972400665283203,0.0,0.9949323702311488
COD10K-NonCAM-5-Background-5-Vegetation-4809,0.036843933165073395,0.9631560444831848,0.0,0.961162947275288
COD10K-NonCAM-5-Background-5-Vegetation-4810,0.000881425803527236,0.9991185665130615,0.0,0.9961004967091195
COD10K-NonCAM-5-Background-5-Vegetation-4811,0.0019417383009567857,0.9980582594871521,0.0,0.995986622347724
COD10K-NonCAM-5-Background-5-Vegetation-4813,0.11076495051383972,0.8892350196838379,0.0,0.8877323011751128
COD10K-NonCAM-5-Background-5-Vegetation-4816,0.013530133292078972,0.9864698648452759,0.0,0.9844613830980689
COD10K-NonCAM-5-Background-5-Vegetation-4820,0.0838429182767868,0.916157066822052,0.0,0.9145512265643285
COD10K-NonCAM-5-Background-5-Vegetation-4828,0.048322342336177826,0.951677680015564,0.0,0.9500847563214774
COD10K-NonCAM-5-Background-5-Vegetation-4831,0.0023864584509283304,0.9976135492324829,0.0,0.9956800569296146
COD10K-NonCAM-5-Background-5-Vegetation-4834,0.007145571988075972,0.9928544163703918,0.0,0.9910724329213177
COD10K-NonCAM-5-Background-5-Vegetation-4836,0.0881139487028122,0.9118860363960266,0.0,0.9102054631445566
COD10K-NonCAM-5-Background-5-Vegetation-4839,0.050151675939559937,0.9498482942581177,0.0,0.9480051935788479
COD10K-NonCAM-5-Background-5-Vegetation-4840,0.03612319752573967,0.9638767838478088,0.0,0.9619075758859753
COD10K-NonCAM-5-Background-5-Vegetation-4847,0.006189599633216858,0.9938104152679443,0.0,0.9919739067556881
COD10K-NonCAM-5-Background-5-Vegetation-4848,0.07807496190071106,0.9219250679016113,0.0,0.920151089713324
COD10K-NonCAM-5-Background-5-Vegetation-4849,0.07208731770515442,0.927912712097168,0.0,0.9262430212545298
COD10K-NonCAM-5-Background-5-Vegetation-4855,0.10132944583892822,0.8986705541610718,0.0,0.8969908353207752
COD10K-NonCAM-5-Background-5-Vegetation-4864,0.0045730615966022015,0.9954269528388977,0.0,0.9935681162885486
COD10K-NonCAM-5-Background-5-Vegetation-4866,0.0037584120873361826,0.996241569519043,0.0,0.9946008356839627
COD10K-NonCAM-5-Background-5-Vegetation-4867,0.023749805986881256,0.976250171661377,0.0,0.9743434001799796
COD10K-NonCAM-5-Background-5-Vegetation-4868,0.017251964658498764,0.9827480316162109,0.0,0.9808279019172257
COD10K-NonCAM-5-Background-5-Vegetation-4869,0.021788598969578743,0.9782114028930664,0.0,0.9762873666799836
COD10K-NonCAM-5-Background-5-Vegetation-4874,0.0031064795330166817,0.9968935251235962,0.0,0.9950767624169716
COD10K-NonCAM-5-Background-5-Vegetation-4875,0.0032520517706871033,0.9967479705810547,0.0,0.9949109951433786
COD10K-NonCAM-5-Background-5-Vegetation-4876,0.0025484166108071804,0.9974516034126282,0.0,0.9955882197162299
COD10K-NonCAM-5-Background-5-Vegetation-4877,0.009849094785749912,0.9901509284973145,0.0,0.9882967295989608
COD10K-NonCAM-5-Background-5-Vegetation-4878,0.007515924517065287,0.9924840927124023,0.0,0.9907719206254088
COD10K-NonCAM-5-Background-5-Vegetation-4881,0.007420692592859268,0.9925792813301086,0.0,0.9906919374430001
COD10K-NonCAM-5-Background-5-Vegetation-4884,0.005119391717016697,0.9948806166648865,0.0,0.993113343956563
COD10K-NonCAM-5-Background-5-Vegetation-4887,0.003379929345101118,0.9966200590133667,0.0,0.9949386125134181
COD10K-NonCAM-5-Background-5-Vegetation-4889,0.006718966644257307,0.9932810068130493,0.0,0.9914950480416135
COD10K-NonCAM-5-Background-5-Vegetation-4890,0.1325218230485916,0.8674781918525696,0.0,0.8661204165254272
COD10K-NonCAM-5-Background-5-Vegetation-4891,0.005677414126694202,0.9943225979804993,0.0,0.9926368182166698
COD10K-NonCAM-5-Background-5-Vegetation-4896,0.07029536366462708,0.9297046661376953,0.0,0.9280715370592318
COD10K-NonCAM-5-Background-5-Vegetation-4898,0.03277768939733505,0.9672223329544067,0.0,0.9654783189773453
COD10K-NonCAM-5-Background-5-Vegetation-4899,0.03204958513379097,0.9679504036903381,0.0,0.9662031173074905
COD10K-NonCAM-5-Background-5-Vegetation-4906,0.06045319512486458,0.9395468235015869,0.0,0.9379333026641808
COD10K-NonCAM-5-Background-5-Vegetation-4909,0.003163454355672002,0.9968365430831909,0.0,0.9948205451038316
COD10K-NonCAM-5-Background-5-Vegetation-4912,0.011852155439555645,0.9881478548049927,0.0,0.9862062901523774
COD10K-NonCAM-5-Background-5-Vegetation-4915,0.006459502037614584,0.9935405254364014,0.0,0.9916394402274361
COD10K-NonCAM-5-Background-5-Vegetation-4916,0.028202084824442863,0.9717979431152344,0.0,0.9698279917052048
COD10K-NonCAM-5-Background-5-Vegetation-4918,0.011100289411842823,0.9888997077941895,0.0,0.9871887560228567
COD10K-NonCAM-5-Background-5-Vegetation-4920,0.0031765426974743605,0.9968234300613403,0.0,0.9947247985823591
COD10K-NonCAM-5-Background-5-Vegetation-4923,0.04782476648688316,0.9521752595901489,0.0,0.9503570522404623
COD10K-NonCAM-5-Background-5-Vegetation-4929,0.056480132043361664,0.9435198903083801,0.0,0.9418551268431757
COD10K-NonCAM-5-Background-5-Vegetation-4931,0.03247913345694542,0.9675208926200867,0.0,0.9657782637930479
