MAE,Sm,wFm,Em
0.15014995634555817,0.4325378296097447,0.1366372085922115,0.2740210023090389
0.8453534245491028,0.08183378097760763,0.0729869276195069,0.24961976895860027
0.1518525332212448,0.4503582906136296,0.20173909390121889,0.30733188872890466
0.6466186046600342,0.1832645270999001,0.10766469058656451,0.2469007719125476
0.18439172208309174,0.4744669507663907,0.5085759992316669,0.4381824970663715
0.9171880483627319,0.06111999603547471,0.20750563571387237,0.07034978148731313
0.39704006910324097,0.31331750404500447,0.14903723628179708,0.2668000921113805
0.49548548460006714,0.28184012890911436,0.3043466263250532,0.27729122784350957
0.7830106616020203,0.11396315758395452,0.08658393195594868,0.25154412606819976
0.4585961103439331,0.2796164600740583,0.1421883052565821,0.26297168066461696
0.8773158192634583,0.07361910481808011,0.14133803492923033,0.15895479819144992
0.6911988258361816,0.17488347735245657,0.23272189426371978,0.2047759023571547
0.5316864252090454,0.2364466727453644,0.059989104152332676,0.25105391656084053
0.26140615344047546,0.48721225913458677,0.5798084262671378,0.4727800553667184
0.31532615423202515,0.4618041662845333,0.48672553082967757,0.40070994157630246
0.27277013659477234,0.3808451003201954,0.1429002535464645,0.27339276840325444
0.1503354161977768,0.4549640672362861,0.22641945442835812,0.2987211064855122
0.7348254919052124,0.1387786553167817,0.0863111442328857,0.24995611158142322
0.3083835542201996,0.3793936325836329,0.3117152526390235,0.32537469607944886
0.592912495136261,0.22078329154074888,0.17099892734204478,0.249849984107738
0.46132388710975647,0.3053206823487298,0.217501169976969,0.2702162571711745
0.936848521232605,0.038505633485520795,0.09581540494166137,0.25200085432087616
0.3846932053565979,0.31165630561795293,0.058187765444880704,0.25116994542139215
0.35443004965782166,0.33533625511804477,0.1338002395410342,0.26428178444281497
0.4526187479496002,0.2886499322710599,0.19800704786773893,0.27262050282498224
0.47391584515571594,0.2872474593814062,0.1952447202202651,0.2711449965367638
0.340528666973114,0.34985971084802664,0.2547424223976997,0.29765977876534766
0.8523273468017578,0.08852319352026704,0.15860547458124896,0.17744748049251435
0.6165170669555664,0.19557130259041083,0.06509142218939025,0.2500322839104563
0.6628570556640625,0.1749397253901561,0.08980612948399856,0.2501150175822021
0.1008206307888031,0.45692253919007236,0.12023360663295152,0.2733168223728754
0.568413496017456,0.22900101166834602,0.14942936572699983,0.2579235456052065
0.41458091139793396,0.29926182540963575,0.11987153688822919,0.256916304934526
0.9555543065071106,0.027226384312918087,0.08552240479905847,0.2308186344881127
0.6009752154350281,0.21782715976701822,0.1871195724723301,0.25025931507453736
0.3514636754989624,0.3315222777899119,0.08299224922829916,0.2568119290459493
0.2997630834579468,0.40055223817702423,0.33942704091046133,0.3437870404234462
0.9337188601493835,0.051070543168680996,0.18748980286091615,0.1665572399198832
0.26279792189598083,0.3957772589894125,0.47679185614533937,0.41759804746224416
0.5219091176986694,0.248848023251361,0.11770173666703206,0.2538461333186581
0.030092965811491013,0.4917650373668401,0.04265915366798821,0.25709623140444665
0.43834543228149414,0.3493119889346056,0.40990960548952043,0.3186984251254035
0.24551190435886383,0.3812530244517893,0.07266120165479982,0.2512834544667844
0.3682434558868408,0.3217742777917505,0.09164613344873232,0.257338720441849
0.4495707154273987,0.2906529905875302,0.16522370548294937,0.2646823947383885
0.9547848701477051,0.0281559934143496,0.08484065766995891,0.25030740147359754
0.8374998569488525,0.08753737871136183,0.08684675690752235,0.24786993798832446
0.5533144474029541,0.22561222454734864,0.056650745008462164,0.25163275688885833
0.2570422291755676,0.4044629038621016,0.3073823254827573,0.3295991576552759
0.20172584056854248,0.4033148336535493,0.060889838998848964,0.2521395139842657
0.06048323214054108,0.5074091188455785,0.17923806452843216,0.32500560073143303
0.5727907419204712,0.22248946455496374,0.10898654233815938,0.24889990536215856
0.9848154783248901,0.010456545747914629,0.06299385463590011,0.24329697314670784
0.9780228734016418,0.01602064667224769,0.07692689169807324,0.24800668919905083
0.39939916133880615,0.30514533195613613,0.09702153102787682,0.2526544716773657
0.26054903864860535,0.3784900443902283,0.14162429731872347,0.2644966330994327
0.4330078959465027,0.2949617629410673,0.16132927555358417,0.2661260238541202
0.3160622715950012,0.34720267515133857,0.07820382532895115,0.2523493462887846
0.1454486846923828,0.43449632982610326,0.13680689325573306,0.2726190382451624
0.5446100831031799,0.24611321347695125,0.20593320891532654,0.2549260518038061
0.493650883436203,0.28626753191174636,0.2398665698389224,0.2717341253132536
0.5516815185546875,0.23082965014069232,0.10856892177332811,0.25294770978229497
0.6998216509819031,0.15517169643482248,0.07348855852847809,0.2503589568830337
0.35973623394966125,0.32430423969883126,0.07560781553577846,0.2510045194358488
0.28575894236564636,0.36187462895673383,0.07672854372223635,0.25246525471721193
0.43423041701316833,0.2870482136618992,0.06553307852787672,0.2518463604880252
0.8989048004150391,0.07090906405794385,0.19168529777339835,0.19866342956637012
0.2428794950246811,0.38166344533603513,0.07718955258633141,0.25172737102250387
0.6214511394500732,0.19441917953195403,0.07273211410974856,0.24981709671793428
0.1013457402586937,0.48656105938764826,0.4441909491924832,0.4709602611893656
0.5795954465866089,0.21677277035007578,0.12161886184197093,0.25392725347084066
0.29457202553749084,0.36544943913216543,0.2913675108256623,0.31900073603579643
0.7344985604286194,0.13800080508099447,0.07659210708353711,0.24956582530187843
0.3792555630207062,0.31704335572474796,0.08056890196975748,0.25458741656607975
0.4190436005592346,0.29995472962028846,0.1426771149669168,0.2636432707803652
0.48886507749557495,0.30685472588283297,0.37364558868331227,0.29098397417240596
0.46842679381370544,0.2712086426073562,0.07900152582481598,0.25209938158019507
0.9729737639427185,0.01923688328050574,0.08506840730961204,0.23791471882106652
0.330159068107605,0.35274839043058653,0.20407652483331323,0.28625143952638077
0.020117999985814095,0.7608971368399826,0.35059939819572117,0.6456941002401848
0.2472745180130005,0.4531097389547083,0.319761307284672,0.33794523224353423
0.1371246874332428,0.45965300251078733,0.18842825286510553,0.2985159481074684
0.40142783522605896,0.32043978161412373,0.19494523890209048,0.2761293971952403
0.8420529961585999,0.08386385382237424,0.06834976810887577,0.24552237100880134
0.1754389852285385,0.5209386443197698,0.4874122308301422,0.44509345351700047
0.6296638250350952,0.19638080168645214,0.13917181275206014,0.24719657659565558
0.27555909752845764,0.36477976772946547,0.06647049520044951,0.25144609734879936
0.6955605745315552,0.16471105086104929,0.15603092522368991,0.23258197419804005
0.4767446517944336,0.2876549674233297,0.22827361899707985,0.2763927658745839
0.6092376112937927,0.23931688147196017,0.3657938096800678,0.22929215236932077
0.2651480436325073,0.3724129405554912,0.07035982806945126,0.25595398519850954
0.2761499881744385,0.3662261468914566,0.09230235030945516,0.25183556377848715
0.6842985153198242,0.17541850584689547,0.1788193715165353,0.2276362647216889
0.9784547090530396,0.017670071131041305,0.09483537437461999,0.24532447537442792
0.37542295455932617,0.3939057858534576,0.3776752181259634,0.32996775921105526
0.06152050569653511,0.47537303325268104,0.05353888879975929,0.2540119550817881
0.14814086258411407,0.4682119986193143,0.3430939029138761,0.3704375882608385
0.7334922552108765,0.13742113260949457,0.06793003820388652,0.251298863069212
0.8065503835678101,0.10481437076937118,0.11217631668908572,0.22477116835318162
0.593855082988739,0.22222043732369853,0.23483586015792332,0.24685628887178374
0.9882473945617676,0.011752619408071041,0.08554106568801666,0.013569302952713011
0.1230444386601448,0.4445770445910218,0.059900732352770374,0.25449689489041316
0.4541915953159332,0.29208950978069015,0.1647972763404039,0.2679696004253159
0.041361190378665924,0.513406280377133,0.395572948726278,0.4970444262898614
0.7283704876899719,0.14363237152812855,0.10822374068567442,0.24160251144236883
0.20598183572292328,0.4638419170770971,0.48294801857921604,0.4380915176152973
0.432651162147522,0.3005907191369865,0.20121968885258962,0.273156700446753
0.02466149441897869,0.6172361787391372,0.16997709855770354,0.41784865076822814
0.4855983853340149,0.29084447164617083,0.2358237577380104,0.2702792608663398
0.6230446100234985,0.19454446256089922,0.09559925632430327,0.24771055825543906
0.7274042367935181,0.13941070104694303,0.05806174356400936,0.2512586150320301
0.7019618153572083,0.16257043466593551,0.1684778361441978,0.2243887456484276
0.3770027756690979,0.3515818285060688,0.35770986871849225,0.32216677416564465
0.8648974299430847,0.071936433737233,0.07390543568258086,0.24391072786571416
0.9181767106056213,0.04447742613299624,0.06796278080459844,0.24610208472217016
0.04072651267051697,0.8997439388061483,0.8427972104315227,0.8922537520200465
0.40998637676239014,0.3133208153108718,0.2033125795252166,0.27758861512914734
0.2703576385974884,0.46194480595639215,0.32152725019855755,0.3332401007818798
0.4231862723827362,0.2932953406138324,0.10608547137393015,0.2564777466120501
0.14913514256477356,0.7220936260654116,0.784280773970862,0.7057444474313637
0.626720666885376,0.1918014593468341,0.06947332539445313,0.2505750356980346
0.46280306577682495,0.3219412138800487,0.42180155968250244,0.3174255068009627
0.11418238282203674,0.4848157716147957,0.39062227308387604,0.4122379149737899
0.7870118618011475,0.11044752773199998,0.06187031204610811,0.2466365391392937
0.4368619918823242,0.2889333981375376,0.13120994015842793,0.25846557676278414
0.08813595771789551,0.48475092495094774,0.23208496217200753,0.34443044912456594
0.7498547434806824,0.1345862237517992,0.13193960085028097,0.22859008474307346
0.8550276756286621,0.08770023133263698,0.16357393952416782,0.17453921738626932
0.6193602085113525,0.19602458735135844,0.08482393036086021,0.25123052085539843
0.41911113262176514,0.29336119987926046,0.057028280562238486,0.252339891561591
0.9159433841705322,0.04907354747813901,0.0990413094603983,0.2341636833320808
0.9841474890708923,0.013861456826768207,0.08678153970339399,0.24807411760157017
0.21791349351406097,0.5025256926966379,0.5353249603954092,0.4685362934413004
0.34415125846862793,0.3954429183277202,0.4119834639919023,0.3485669383692158
0.12609173357486725,0.4511567908622142,0.09201210086246324,0.27506156039487606
0.27321967482566833,0.38511789274027897,0.4285992670472186,0.38064080823192364
0.2439085990190506,0.3828093619962934,0.041776658419562254,0.25218337397889645
0.6249069571495056,0.22350710957483078,0.39340987965222085,0.21498420787440792
0.17502343654632568,0.4176139109646982,0.09086155277868752,0.2575699522428627
0.7354437708854675,0.16400388176613964,0.29708870594857734,0.16153418680960369
0.2257923185825348,0.39828264897145604,0.19160906690585136,0.28275496103122544
0.5787715911865234,0.2502756341686603,0.2834815378803748,0.24425165689059952
0.17610721290111542,0.42539776754403186,0.24464933919901777,0.3117463649003374
0.5249035954475403,0.25145572350578416,0.1785651860438029,0.2604567516468047
0.9178450107574463,0.04599941791324661,0.07646896421756359,0.24367326479692694
0.3950645625591278,0.3073638201211827,0.07224659153216254,0.2512052433403783
0.6546921133995056,0.18335183146246598,0.1272815268703811,0.2471136108541832
0.8327502608299255,0.09292058734254696,0.11508134286183153,0.2053195006875853
0.23897728323936462,0.39920389416919055,0.2067624265815134,0.29272785664561535
0.9315996170043945,0.05492572147513789,0.20164154371380133,0.19136857428924686
0.07037282735109329,0.6897514258539907,0.6055020570792096,0.6839739406137132
0.8967654705047607,0.05568535125826329,0.07364742554857824,0.2398641362667979
0.6914607882499695,0.1771955274954388,0.24046207791847024,0.21571496924534356
0.5092574954032898,0.26621280831559585,0.3244125285460041,0.2795709372596253
0.19774770736694336,0.4067762276983734,0.10501301057629649,0.2616651184240705
0.029846927151083946,0.48879063498010755,0.02158485763815877,0.25121903492582753
0.10540573298931122,0.4633794640931046,0.15579033976131307,0.3056101083456144
0.2304983288049698,0.40442884997276,0.15013001139853985,0.27480690505945604
0.49607834219932556,0.2561566147329751,0.08358279590761349,0.25116671672380897
0.9808314442634583,0.013383427304726057,0.07202752391857896,0.22236931103759686
0.033762797713279724,0.5505839198204369,0.0979492127490062,0.3068949239195048
0.27936917543411255,0.3922564464244552,0.3544464648538641,0.3473163165625842
0.6345470547676086,0.1899506193801934,0.10139922288440503,0.24731930170473307
0.08577168732881546,0.4613766546223983,0.025086735087717485,0.25114853553855554
0.5774280428886414,0.22104747795058433,0.12864420547680927,0.25219619547026195
0.9587781429290771,0.027448280162708706,0.09643287084328248,0.2165956289877181
0.2149016112089157,0.4872438314724585,0.5147542520826326,0.449036956667734
0.8231302499771118,0.114257376469919,0.22468676927998732,0.16477522918059084
0.851269006729126,0.07866248489169032,0.07650620854874901,0.2457467985684696
0.2681918144226074,0.36959989965470724,0.09048044358198058,0.2615001134825904
0.6097726225852966,0.21156122195286647,0.1864690484177909,0.24454255902649508
0.3809967339038849,0.3577058428995091,0.27729270373630427,0.2976210055481261
0.44344353675842285,0.28217672663609383,0.073495027588299,0.25122998265222374
0.08301137387752533,0.7222492763448151,0.6676739256384546,0.6649641443380228
0.1288885623216629,0.45365132115073264,0.23971623688805535,0.3213130236896866
0.8702284097671509,0.06987547894821214,0.075445787104452,0.25036795656722816
0.7086472511291504,0.1502887810159269,0.05432938264283096,0.2466427258926224
0.9057362079620361,0.06003762465726626,0.1439706808478518,0.17533049359764674
0.32772162556648254,0.3557193879188498,0.3917488295299354,0.3490452825692576
0.3182956576347351,0.3460091511489782,0.06808221670004257,0.2517787287720139
0.4929846525192261,0.3240755031072389,0.3900064866185842,0.3032884748231298
0.024901743978261948,0.49092002123334866,0.07721144750207656,0.25253861608223227
0.045957934111356735,0.48607806543537385,0.042840101865296035,0.2595364230103241
0.6489067673683167,0.180421150297712,0.08690355464784506,0.25076895895601115
0.791447103023529,0.12190855512962474,0.1845469356871799,0.21024762039871367
0.8356257081031799,0.08842245893233851,0.08801297351419357,0.24404592586471652
0.41605547070503235,0.30895204962558076,0.15931735763795193,0.2686258137391816
0.3314796984195709,0.36614868317216176,0.23894063416767827,0.2983575229542059
0.29729610681533813,0.3579202128509317,0.1284676020862343,0.2645204374359029
0.09514697641134262,0.5406073670682875,0.5879629508998028,0.5815906559011387
0.5946466326713562,0.20786695680391998,0.07056434356743818,0.2505531868787072
0.7115451693534851,0.15021629475480816,0.0867447034780423,0.24800894242068122
0.9539421200752258,0.02795206462092481,0.07826082261500328,0.2373433136405238
0.4785761833190918,0.2736310039810029,0.19630190709758022,0.2666728905518335
0.519773006439209,0.24588375312267563,0.08819632358947745,0.2520057434437635
0.43593737483024597,0.3002353329021197,0.1813215639719346,0.26982043911739406
0.2785528898239136,0.43731250468576566,0.4595159642275673,0.3906068002720173
0.8173580169677734,0.09726739928811817,0.08339277593635026,0.25095343200984643
0.5070813298225403,0.25613522409833994,0.13346130477226192,0.2561361898803618
0.08383506536483765,0.4608038917978151,0.10123004244514086,0.26037635721315794
0.9371687769889832,0.03625998230588728,0.06895432643434989,0.246056803536424
0.4000912606716156,0.3209525244995873,0.2149924718644824,0.28359282255605056
0.2398558408021927,0.4618789992684893,0.4518016689899187,0.40015559593852
0.4194188714027405,0.3158527843445867,0.2288950028022199,0.2839274787623791
0.36140185594558716,0.38900330434733915,0.3008730302172989,0.3119914878054603
0.7030170559883118,0.15445979514795624,0.08975781648037624,0.24672264126415644
0.48421111702919006,0.28265232980763744,0.2314506344782499,0.26953621821331347
0.5171791315078735,0.24731594381679664,0.08924169817200996,0.2538987014901037
0.700305163860321,0.15585510020857202,0.09026559490753695,0.24848167045748812
0.5224975943565369,0.24775826998347666,0.11762118793469402,0.2547779028852506
0.9827060103416443,0.012752809919374221,0.07260450329393642,0.2476158852084868
0.6337208151817322,0.19353067159316253,0.12423559086447701,0.247882190209062
0.42647460103034973,0.29806884841031267,0.2236139173003411,0.2745350841863573
0.008669262751936913,0.5005031778328012,0.005541786400165734,0.25399005239759614
0.36246150732040405,0.3240415046821925,0.08680593942259059,0.2533203644323493
0.2756730914115906,0.36613424061731803,0.06418546751664456,0.25153182203287505
0.01610705256462097,0.49513567502467876,0.017517997630879634,0.25298882479333534
0.578428328037262,0.24027616722771425,0.22766185748183984,0.2556727729205662
0.786227822303772,0.1133633470289437,0.0853188859697536,0.24862683744353253
0.9611833095550537,0.02566061746582966,0.09295137239406201,0.22630852696937903
0.4304102659225464,0.2884931403629318,0.07382104564086409,0.2526108469590823
0.3747369647026062,0.3731953730366151,0.4294203604350626,0.34983425076082714
0.2826992869377136,0.44233438096105276,0.3718888244061114,0.35438733235913694
0.7852562665939331,0.12837729150686347,0.19567738755391054,0.1900264663902271
0.17265884578227997,0.5296684088558136,0.43120977795276927,0.4022561434720104
0.7737763524055481,0.11832806793257014,0.0785013655983639,0.24946033881871066
0.2756842076778412,0.41555065168741306,0.28944989148720157,0.32140181299876325
0.8117843866348267,0.10111781204476816,0.08880673469454138,0.24435125541018332
0.048908960074186325,0.4996043374008387,0.19872167195702772,0.3767234661558483
0.17406542599201202,0.43844398281944164,0.2651203983049684,0.3327757205719033
0.6789059638977051,0.16517373136232835,0.05971433465287382,0.24979872174555506
0.5671184062957764,0.22076216525400366,0.08596555473371274,0.252387831742623
0.1013306975364685,0.6172316407338088,0.5834988240878584,0.5457047737068152
0.3502994179725647,0.35945676151312345,0.2565918183257254,0.29733406635626614
0.2599736750125885,0.3795787588733669,0.13835147459717775,0.26894069370255125
0.8446048498153687,0.08056286150361486,0.06710969485637971,0.2500959829342624
0.4374881088733673,0.31336784707038823,0.23712521253860305,0.2819471605893539
0.5586893558502197,0.22580373597913211,0.07760011759752425,0.2515265693322368
0.6546711921691895,0.18093932913867708,0.11242216417328099,0.25062273524814294
0.8012290596961975,0.10543736241459113,0.0908154779700882,0.2503283490739725
0.505537748336792,0.25591569292742133,0.11549527678228465,0.2555720495721383
0.4937072694301605,0.28544567093757556,0.24807028572897066,0.2714965816038545
0.5332500338554382,0.2559394516239197,0.30849178129333804,0.27126954383626
0.23518489301204681,0.3856260661410138,0.06105254012704163,0.25200073824013886
0.35499337315559387,0.3467048622341019,0.3363585078822639,0.3232134982511528
0.7396794557571411,0.13364921870202107,0.07319154610262638,0.25022899543016863
0.6988218426704407,0.15535496331001641,0.0824602187311769,0.24996496682157765
0.09303702414035797,0.45925219613989643,0.0555078971596728,0.2549373724560765
0.5258597135543823,0.24831610957070935,0.16401740551932018,0.26025591874148457
0.321321576833725,0.3413042635942033,0.06472263665507907,0.2512930386838339
0.7214353084564209,0.1495076555385217,0.12828867739441602,0.23355243009751386
0.9764633178710938,0.01575639956406575,0.07825713243776784,0.2309592852901568
0.5197505950927734,0.2752962707731434,0.31025036646577936,0.26750476086417835
0.6133821606636047,0.2049891779418744,0.15264546281517866,0.2545068193828507
0.6288613677024841,0.19228116734241346,0.1069993309372677,0.2484621296403009
0.05747928470373154,0.5153558420909694,0.2338109577179244,0.37324272557123367
0.9540976881980896,0.030055704339537546,0.09866324227832812,0.196547993240601
0.39724934101104736,0.3059164448547952,0.06845681592479629,0.2520821806640777
0.74134361743927,0.13642300843055472,0.09190931929579305,0.24228750121928255
0.24663279950618744,0.3897333216858242,0.22201813411504676,0.29301740096015905
0.8112927079200745,0.10449842037469839,0.12067132465751727,0.2218245809365671
0.34881865978240967,0.34338498274574214,0.26699226300389517,0.3035536524642086
0.26928725838661194,0.3974018530278454,0.3056977745742008,0.3244549047973776
0.07057490199804306,0.5512555534138751,0.2559945685925086,0.331294475763145
0.8057697415351868,0.1069085099188769,0.12376679990342503,0.2237690911339274
0.8394786715507507,0.08453058333781831,0.07487696275192932,0.24417936798493786
0.4175681471824646,0.3330592258191023,0.32978907964621235,0.30332659208706136
0.4279080033302307,0.2922223611535338,0.09039880426619389,0.25388449356227905
0.41283196210861206,0.3415717434609911,0.5059031240692287,0.3677658500768617
0.766004204750061,0.12450358410174067,0.10110616550136976,0.2442895782869866
0.886508584022522,0.06064897346433618,0.06561040312517485,0.2488933448161271
0.1435716450214386,0.515799466980511,0.08589491723177985,0.2680542273257593
0.8986216187477112,0.06882531431612131,0.19816249798592503,0.15063557867991198
0.6324214935302734,0.21292894070585106,0.2651627327528677,0.2370075622315539
0.3388462960720062,0.4032289768400311,0.3837388541250422,0.3478786451283322
0.9573097825050354,0.028001086041900686,0.09058036902953971,0.19453501323572703
0.33855244517326355,0.34307410611583233,0.1666796389156321,0.2761498971008327
0.1969698667526245,0.48432176923503506,0.3035455133339349,0.3410423154048339
0.07567238062620163,0.5438279272796542,0.36872524748065233,0.43286652049940083
0.24092307686805725,0.4048741455802505,0.22148120989711687,0.2960445895827547
0.9781596064567566,0.013514497836472867,0.06277750345199078,0.2312646095648162
0.5967168807983398,0.24026572396629364,0.26646117828794214,0.26577868825788964
0.4265953600406647,0.2921663404701287,0.07654630941334435,0.2530551186685538
0.595809280872345,0.20969468791629595,0.10876406283160044,0.2515965200977381
0.18638277053833008,0.41120403946120604,0.07640087396864592,0.2533741508182096
0.8274132609367371,0.09829736795123893,0.1390912248915973,0.20062830704182194
0.007028486579656601,0.6188494102690543,0.17462383372094392,0.49932793668672815
0.7434770464897156,0.13240650960242406,0.06642154667728917,0.24794119151010316
0.18486207723617554,0.428352882303084,0.24648724902230834,0.31258475524140245
0.22498971223831177,0.39025934552264185,0.04228680949596626,0.252926822387336
0.3505006730556488,0.387087842169596,0.4309287415723399,0.3566233245327228
0.2332925945520401,0.3937069652626575,0.16440464819826014,0.27897685949496653
0.630579948425293,0.18865325323048032,0.07024600377716958,0.25068059387314523
0.7724087238311768,0.13864680629421292,0.22167135341635666,0.1988749077149038
0.6925031542778015,0.1601285164220982,0.0900622473492481,0.25061060544022906
0.7878726124763489,0.1311932585212177,0.20545322398082475,0.1734601280341243
0.9134411811828613,0.04737581197557142,0.0696276873531689,0.23711990654867604
0.5051222443580627,0.25142335426845835,0.0693041639992431,0.2531384099876909
0.011347156018018723,0.695222965473693,0.139496934607129,0.5335769267347936
0.7739924192428589,0.11711692271868517,0.0643329784210863,0.24936658293198055
0.2378014773130417,0.3859425342535114,0.08868147802809949,0.25334681498114064
0.9370151162147522,0.036183967780214675,0.0689603112610767,0.24114022335371493
0.4906204044818878,0.26413034204927277,0.13909792405159158,0.2585929260869333
0.5035257339477539,0.27465675980669085,0.21525593138753593,0.2676425875257036
0.29976651072502136,0.3569608650468925,0.11408355940195578,0.2598176463919577
0.41518762707710266,0.2986306028166218,0.10845987083723621,0.2564200088160866
0.17463324964046478,0.4204478157013163,0.08826108651028199,0.2616950495941083
0.21385538578033447,0.4040938795075317,0.14928642379850968,0.27401289974073506
0.674260139465332,0.17506605374300666,0.1407834383720386,0.23620640056303002
0.3494325578212738,0.3315645666430071,0.10125800106227716,0.2563904051218937
0.9790452718734741,0.014133425367212753,0.0692762107578391,0.2449454507546992
0.8805469274520874,0.06580075133815506,0.0847290492496091,0.2519941765452194
0.44329631328582764,0.3321192094967369,0.35761601862124864,0.3039752476131169
0.341448038816452,0.3993904696923961,0.46691008952075613,0.37631705928584674
0.3404751718044281,0.3438853911569274,0.26299678710490204,0.2983342562011213
0.7635330557823181,0.12487333638914067,0.08988848421931084,0.24715672939874084
0.42739608883857727,0.3061048890257256,0.2279649320938591,0.28028584641276755
0.05384770780801773,0.47919309736524013,0.03695441642643893,0.2536767873282284
0.14563000202178955,0.5909027406022914,0.5962438025316784,0.5604581312787031
0.9567161202430725,0.027006234036319708,0.08264758280147376,0.2501156414251302
0.9345601797103882,0.03624091164930376,0.07037782690660235,0.24815245076032383
0.42963099479675293,0.365486583734846,0.4148023089363039,0.32023755668440834
0.28494489192962646,0.39824156072705236,0.2460032821325819,0.3014105675159509
0.24336880445480347,0.3969083238072948,0.2328446223851173,0.3020603066566837
0.3217618465423584,0.3447762076470995,0.07067531294396537,0.25458334946913225
0.17221802473068237,0.4225097064369383,0.10318682169007236,0.26118376520965725
0.44676968455314636,0.28166296872891794,0.06787065926431025,0.25105080490914344
0.09155856817960739,0.8331705246853633,0.715198488981198,0.7155067086830179
0.7584257125854492,0.13905216388823383,0.1913064592359422,0.20309413930637965
0.6109876036643982,0.19940378456088917,0.07291768460498545,0.2514155083154396
0.14294366538524628,0.5468411661793491,0.5683627019875208,0.5279217913892835
0.03504595905542374,0.6293221353261923,0.5757619466154953,0.6435313388151634
0.4703295826911926,0.28326645249867327,0.14686466148736071,0.2625051903521858
0.42477190494537354,0.29321918995602275,0.09033623913395898,0.25488782620338485
0.2590096592903137,0.391199950437612,0.2252746423607269,0.3002526168788341
0.7665468454360962,0.1324666704396207,0.19463381949679565,0.1897922001422006
0.20759479701519012,0.4036033104801318,0.19191972924380568,0.2847097271002494
0.9338256120681763,0.04684992753229509,0.15196163809385424,0.20230566453361493
0.18733833730220795,0.4325969557557555,0.34732066386409655,0.37079483639397337
0.690497636795044,0.18142022504259003,0.2540888092371421,0.21429820261120192
0.8454801440238953,0.09965276384336297,0.1612035907802072,0.1727735810295949
0.3122577369213104,0.40028079796312355,0.367223805233277,0.35378678847683714
0.6752435564994812,0.16600604723359216,0.06696650725038143,0.25031374089069724
0.5400257110595703,0.2420976513548189,0.13950877706016043,0.2557425889683487
0.6242425441741943,0.20960877596640723,0.23975360006887136,0.24524356495339325
0.7496418952941895,0.13020381365541062,0.07406473905992651,0.2502504756810009
0.12210313975811005,0.48953747109739665,0.22861450997247754,0.32190471064551285
0.011613266542553902,0.5583846527259608,0.5116319428904729,0.818011295450519
0.786969006061554,0.11093604024790384,0.06869986898062212,0.2449983697455042
0.8122994303703308,0.09837143008470739,0.07670424480091598,0.2508895822912436
0.4715108275413513,0.3110679447366061,0.26598535209550045,0.27711609788625646
0.9791795015335083,0.015543865837182631,0.07766631974620489,0.24662398893514836
0.31881994009017944,0.4677152365987197,0.4758973080579189,0.3907529968244472
0.39254552125930786,0.3330268322345917,0.36451287451433784,0.3275410538269907
0.2965375781059265,0.3890267610225827,0.5174722044406352,0.416657222441301
0.43046048283576965,0.31053840243371295,0.26561638583444575,0.2879262438912567
0.3980313241481781,0.3697504473836879,0.34600723560215413,0.31503912666329836
0.9801731705665588,0.01855403862507562,0.11564766122553127,0.24593650501251346
0.3663380742073059,0.3584489010412968,0.4496881197689086,0.3616205087543813
0.542835533618927,0.23608674052769812,0.104079539217606,0.2519168802355397
0.4369839131832123,0.3072131371656981,0.2778776573854051,0.2875600616425307
0.9838006496429443,0.01397752929032529,0.08339337856825386,0.24900420998839085
0.809937596321106,0.1008948840572608,0.07962378435016265,0.2478203602889329
0.517675518989563,0.2812900521598768,0.17004882367109941,0.25833954952365695
0.8666244149208069,0.07013725794294477,0.06724343712188774,0.25114504733503906
0.03340253233909607,0.48498124293836736,0.020973202637291594,0.2512446163253538
0.009850763715803623,0.49790673842473526,0.0034719215097077155,0.2521788586395822
0.4599865674972534,0.2748780227072872,0.08240030379186244,0.25505145419004527
0.16799063980579376,0.48457707544820205,0.3416839633150849,0.3684731242052076
0.6835213899612427,0.16505683726181591,0.09786958667311917,0.24785228481647306
0.48919960856437683,0.2619338693604386,0.08751857295687863,0.2542892052179673
0.4120979309082031,0.30240820643154126,0.10011119656529158,0.2568425234893644
0.7215741872787476,0.1467335986105673,0.11075890170005516,0.23928955753669448
0.8787800669670105,0.06778095785728351,0.10117638273090403,0.22440492160487632
0.5253114700317383,0.2571065630693067,0.20576019852809818,0.2609213483321472
0.16468793153762817,0.4204836732324171,0.07355770005393181,0.2548487443387555
0.643814206123352,0.18608123182490327,0.10446912444048957,0.24857501244587266
0.3029254376888275,0.41206209250448794,0.37795150636127695,0.35374534388578366
0.5301705002784729,0.2444991500704436,0.10802550404421671,0.2528380410907779
0.07384984195232391,0.46749947714917034,0.09785437071858326,0.2518357359846468
0.9117714166641235,0.06369565153531992,0.20121437268515252,0.08049840476755604
0.02978064864873886,0.4913023618450502,0.014670262160145242,0.25287685361736656
0.45148202776908875,0.2937054513417063,0.2857001422235217,0.2862796244946009
0.6597017645835876,0.17736093854905105,0.10227440083464757,0.24686225855896632
0.6488885283470154,0.1873408075005239,0.13123547028106908,0.24713187390181984
0.44430971145629883,0.3131202772114865,0.23609391216029843,0.282063711410099
0.04307156801223755,0.47991755913738054,0.05444931551575907,0.252489869841805
0.5688396096229553,0.22113549956483325,0.0868033526682059,0.25349111200502505
0.239870086312294,0.4072159125150551,0.19329411526057183,0.2899773475287966
0.8386356830596924,0.0853107149197362,0.06967841042938687,0.24109408248275846
0.9444162845611572,0.032732970247652385,0.08077978206530563,0.24941231349375834
0.17286689579486847,0.44399511051681567,0.20532494305387913,0.29585016679260884
0.16429448127746582,0.4220576606681532,0.11252301709887103,0.25292911696047027
0.33675137162208557,0.3456546118607326,0.2124993834801081,0.2872222498199921
0.7330600619316101,0.1400918421122839,0.09681418332505742,0.24276480770195547
0.8110543489456177,0.09810660638486197,0.06078887820967818,0.25056854547971796
0.16437219083309174,0.5816838046849457,0.6664566599566036,0.5968680994530672
0.6620280742645264,0.18207139667226016,0.1635435121129171,0.24176651615665645
0.05564363673329353,0.4756124771120289,0.09882778632346687,0.28454481405342535
0.9620394110679626,0.02348676691956552,0.07554175349699477,0.24734125612981409
0.26460009813308716,0.37253718381713136,0.0719485945543967,0.25450010404242557
0.8875810503959656,0.06157369248757892,0.08285110060858975,0.24385126516592406
0.5838018655776978,0.21337240400474605,0.07498885976420441,0.25097859526354316
0.6141029596328735,0.20155254505237838,0.10902460066788945,0.2505774880879511
0.2815098166465759,0.45253566185951277,0.4983631234191709,0.41347685699943193
0.03495991230010986,0.5052338460962239,0.07290692848621803,0.26815560273739836
0.5312801003456116,0.2677556057328734,0.3142921341400498,0.26654629524001217
0.28208720684051514,0.37042385858212673,0.13715769957106666,0.27352361058185776
0.2508520781993866,0.3801900555389841,0.06934294544773834,0.25304783299184375
0.45342904329299927,0.28197030787724275,0.10502226490607891,0.25576481168037746
0.6646949648857117,0.17728666183370032,0.12274233596125358,0.24848364921175997
0.7344405055046082,0.13936631040069614,0.10239162321060041,0.24948498250495477
0.36481213569641113,0.32882464514615073,0.13471886853817594,0.26468162947174134
0.30493488907814026,0.3531950308517891,0.09342986746493144,0.25627747404744705
0.5933371782302856,0.22263777050876463,0.22067446878742245,0.24800638663905653
0.8910526037216187,0.05871716007918702,0.07223250836637737,0.24904257153454568
0.6027936935424805,0.22174629777207006,0.35066363801501865,0.23051730186476296
0.21096014976501465,0.42454157674520704,0.4093756615262081,0.38746304333073067
0.8907475471496582,0.05878338857777043,0.07391788550753782,0.2506846275071897
0.16581937670707703,0.4594382185877644,0.32032552577126283,0.3603443223370716
0.9605452418327332,0.0249005397529668,0.08038146476266064,0.2516780282490976
0.346975713968277,0.35798734130790133,0.30629315879472324,0.3079342956984077
0.45391348004341125,0.29444350880932013,0.2808995716751894,0.28466549062119406
0.4805002808570862,0.26566639727486646,0.08867571073751859,0.2530771279816494
0.49904942512512207,0.25491361706146043,0.05579150498757743,0.2510751070324034
0.28849050402641296,0.3603020608464668,0.0863273108330053,0.2535599264199977
0.2503681182861328,0.4017581683005364,0.3107331408446555,0.33198561078561706
0.16020120680332184,0.4244788508737882,0.13733480994838052,0.26607491080773943
0.7411437630653381,0.14630991822843256,0.16336496479401297,0.21524590067733848
0.8637972474098206,0.07175169552062156,0.06815193432344345,0.2488777573817674
0.8115617632865906,0.11327105705611717,0.19488517425109422,0.23500062903913632
0.3846178650856018,0.3144139652932213,0.11820398364920469,0.26043264581140324
0.5004487633705139,0.26582475685978774,0.22230770220461318,0.26393489267804815
0.47638213634490967,0.2720965773013443,0.1351504557735368,0.2599934439845444
0.33711275458335876,0.3694577000934134,0.3411195119259094,0.3274305977900906
0.6885886192321777,0.20481222052902603,0.31700015348068417,0.19209950450270447
0.27887433767318726,0.3996606688758118,0.4738807145523641,0.40261591042621475
0.8860664963722229,0.06271033894330633,0.08614383323712838,0.251805211215124
0.21607746183872223,0.5254123070319473,0.2298055099437986,0.29882404076754165
0.7248609662055969,0.14547128477768442,0.11537185308283754,0.23634563435517414
0.8120965361595154,0.10687197792729088,0.13598631097407646,0.22249671254761869
0.9902155995368958,0.009784406051039696,0.07800740997598893,0.01166509159382743
0.6024041771888733,0.22971323246227837,0.27611556820622,0.24266866881908145
0.04453176632523537,0.5583459077153778,0.6586409525076335,0.7138283791870804
0.04832163825631142,0.4802870161223547,0.037656294234008784,0.25507815831657266
0.3950694501399994,0.3296054816539429,0.2556044602369133,0.29383761286356663
0.19837245345115662,0.42706809803331885,0.10894246024140464,0.26704679054818503
0.7990917563438416,0.10455758683492024,0.06735194592648726,0.250902781254965
0.37461742758750916,0.31722702207288683,0.09048733755537494,0.2555628053278276
0.987307608127594,0.012429488090863226,0.0888147881951764,0.23757228207654965
0.1981768161058426,0.41790155251533573,0.32102347831972217,0.3470513015388901
0.44639405608177185,0.33873647101419124,0.34941054378316033,0.30195681852379863
0.1696707308292389,0.4209878746172872,0.13171515919262672,0.27805745516342606
0.5135140419006348,0.25598326459990706,0.19871919962237714,0.26287350072990673
0.23500794172286987,0.42871926679521166,0.356336697770351,0.35492784966093704
0.5833005905151367,0.22054944929073325,0.14981978369267876,0.25284200612938024
0.39785152673721313,0.3038332110628021,0.06931309652173397,0.2517597126808926
0.30971211194992065,0.3556773134001757,0.16506748381624708,0.2734337054867253
0.6528526544570923,0.17734187534200188,0.0787245104826156,0.2504188746329423
0.40468019247055054,0.3054744790038623,0.13547707552237023,0.2649322363085239
0.4421675205230713,0.2820415869238925,0.08440915952463023,0.2545733663589351
0.6039246320724487,0.20327953593734852,0.08595911039646364,0.24964236802936907
0.9937229156494141,0.006277133245021105,0.06436998179652799,0.008434836626231812
0.31253647804260254,0.41337877216783997,0.29301105102335806,0.315523135746424
0.0669218972325325,0.46891231372186565,0.1198309752382546,0.25220235609337005
0.5744578838348389,0.21991527249787202,0.08669839989575945,0.25151194363365925
0.6335590481758118,0.18818116897719783,0.0618117715522132,0.2496197824404836
0.6878049373626709,0.1803591838410867,0.25207984211858103,0.2060414342208297
0.6413384675979614,0.1923959190936019,0.16978134819425408,0.24190800411097152
0.4135393500328064,0.29744444461756864,0.08284273434163529,0.25102702282418055
0.03103870525956154,0.49043528886075155,0.04523959393488173,0.2610854287118268
0.41890329122543335,0.3170278524664014,0.2543126507707896,0.28403386002857794
0.2728445529937744,0.3984299658003142,0.35840191411824274,0.34421979616739573
0.9152466058731079,0.04560178447670349,0.053946070966014795,0.24945932536908302
0.45059025287628174,0.28262192703205674,0.10964948158360528,0.25684197054681923
0.8098352551460266,0.11054038781354167,0.16977903179544238,0.18888959184258375
0.5577464699745178,0.2574583577959051,0.2912657751939361,0.26512159653192413
0.017450394108891487,0.8714435892996617,0.6022202806417473,0.7867287307351493
0.7647770643234253,0.13754259269597102,0.20041155838382915,0.2008344375094673
0.32977616786956787,0.3385714720476812,0.05597628102182642,0.2519720652178963
0.9346563816070557,0.03699379018704992,0.07369296686931827,0.2475642877221596
0.7058649659156799,0.15190845203739883,0.07800922847615147,0.2484418050811958
0.04642306640744209,0.5909308219735547,0.5389456790974908,0.6064719772646814
0.8526144027709961,0.07703528955383931,0.06715786906423617,0.24758299495406114
0.1262591928243637,0.47159435208963324,0.3677882945608383,0.40404309464164456
0.5851550698280334,0.2208649504158635,0.13679174999180235,0.25210641151215274
0.982965886592865,0.013385036730941179,0.07820815962344108,0.24869527434816874
0.3484376072883606,0.32930002688418103,0.06599104929582682,0.2529274675820711
0.9395507574081421,0.046934690854473646,0.18821387174688534,0.07998846707957008
0.17788013815879822,0.49909314723202003,0.4493738888773233,0.42221245012567993
0.44534316658973694,0.3098300455024255,0.2757688965409658,0.28429252094883034
0.3312758803367615,0.3791334907468068,0.2941948068030654,0.3163046121890477
0.8720380663871765,0.06990480983151401,0.07978874425727829,0.2518682971766055
0.7889124751091003,0.11148310503963661,0.0758311855187845,0.24748758216458272
0.49755382537841797,0.2849106268693508,0.30702431482381,0.2773911422567189
0.48054245114326477,0.2876504325046982,0.2837811065496608,0.2807857248647292
0.4299194812774658,0.2971468468982941,0.15611547365360887,0.26713299722262185
0.3837030827999115,0.3381856643602072,0.2953548366193033,0.305764562553868
0.5265464186668396,0.3220638761829514,0.3836427951735844,0.27418006896523617
0.6867334842681885,0.17171690526267078,0.17838878019956253,0.24237804821152095
0.040832098573446274,0.53765334949951,0.08361385183765715,0.2926651237440918
0.4743446409702301,0.2676880652226808,0.06690303227099681,0.25266323824701925
0.9130627512931824,0.05652239918481583,0.15083210966508007,0.12594252038825687
0.44144096970558167,0.29027225449664507,0.18117264060541022,0.2695970109192426
0.4870867431163788,0.2601281699112165,0.07457209466052112,0.2511922372590426
0.37411582469940186,0.3182509369934671,0.11111880516643373,0.25359553378898103
0.38740989565849304,0.34617028984581866,0.3446674799587635,0.32117267613502193
0.7998732924461365,0.10529499822312278,0.0762991267900962,0.24923524894020727
0.3311332166194916,0.3869337635278086,0.4068346672218724,0.3558625179755464
0.10031351447105408,0.4782151821423803,0.3337245693593503,0.368204877813496
0.7527777552604675,0.13442999910349024,0.12476616261066903,0.22893097108730223
0.6729367971420288,0.17110240018391332,0.1045577101194526,0.2465917406110049
0.594687819480896,0.22634744589145261,0.29523099781118267,0.26090856404557516
0.8080400228500366,0.1044883661135957,0.10912071107507376,0.23194022176996165
0.06435167044401169,0.7643454108300982,0.6856789636613474,0.7261743545438684
0.6636490821838379,0.17976151505592336,0.13652900055988873,0.24642929344676218
0.17057505249977112,0.6781825136635586,0.6915726646303086,0.6150038040245898
0.3624211847782135,0.3220216009025465,0.07127258059316763,0.2522169651856503
0.7112444043159485,0.14995660098890334,0.07799830893515024,0.2500389955226836
0.04059021174907684,0.48177481757290214,0.032349639197020594,0.2518566921331127
0.5425887107849121,0.23918908753934032,0.14152529450563406,0.2568164557140825
0.243318572640419,0.4794111699263983,0.4663324944005925,0.41861221155336803
0.6154137849807739,0.2175739100274685,0.2693769537363329,0.24473326386099603
0.9271998405456543,0.04249937889014032,0.0925253114830597,0.1992703263779544
0.4589402973651886,0.2759709722738188,0.07923037344670318,0.25061578700790743
0.19165417551994324,0.4086486870521117,0.08796413175735927,0.2519618851500798
0.17443740367889404,0.5953649669287162,0.6181400903600429,0.5418935373732947
0.22046150267124176,0.42353615525369376,0.37532739253986813,0.3686136284479239
0.1185874417424202,0.5282069437597262,0.40257490986388883,0.42582519907176414
0.6323425769805908,0.1889053417942813,0.06748229719377728,0.25014655284501464
0.9406462907791138,0.03424937549210998,0.07356812630791798,0.2507079784102488
0.8560385704040527,0.08871778489841878,0.19382020127787228,0.14735687324026026
0.8917766809463501,0.07046976397899786,0.1681912353973305,0.18646145590953261
0.12004876881837845,0.4707701178494036,0.2475886098225445,0.330597409593671
0.1826440989971161,0.45871469316779506,0.375049014864452,0.3756280269265264
0.2422456592321396,0.4126888190460603,0.36294155271417494,0.3605713457233052
0.6967276334762573,0.1592086702099441,0.11601419591356985,0.2395693418362648
0.4990789294242859,0.2809689411483132,0.3204132458156719,0.2872258346574776
0.3329954445362091,0.34711081773345215,0.25351317364330095,0.29858042460768097
0.657540500164032,0.1938640799847857,0.1981584597590624,0.23002846157322682
0.6506407260894775,0.19392727440986168,0.1925417616811812,0.24531086724815468
0.5066627860069275,0.2602086925748225,0.1430053309182501,0.2592775398417498
0.34818363189697266,0.3330965912973309,0.12362141237046562,0.2642908236010695
0.4501684308052063,0.2797989733712379,0.079650142203627,0.2510773603713107
0.2132066935300827,0.41061186573259306,0.18863667980343832,0.29345767641691933
0.007585969287902117,0.4988720690044791,0.0036453462932510695,0.2504775982686479
0.07426800578832626,0.4749879735060461,0.10873601044014598,0.2678546436928133
0.6389300227165222,0.1828900253026542,0.04555120764925231,0.2511108113785807
0.8922265768051147,0.06258289169604556,0.10854033372349861,0.2306482120845226
0.14650478959083557,0.4750102416068681,0.3602548999082898,0.3860215142377879
0.7775772213935852,0.11932106743787332,0.08572620144021958,0.23996527877925994
0.9708025455474854,0.01770267547778749,0.06610743441594907,0.23886051506502678
0.4319382607936859,0.30156124524679906,0.260755369375615,0.2891203454581703
0.6149198412895203,0.1989000694643083,0.09657459890313173,0.25041182590362765
0.2650057077407837,0.3803670075656444,0.23127225736157275,0.3018722274252046
0.30682626366615295,0.4094520826165772,0.4431347005088985,0.3665871474905318
0.6247251629829407,0.19233751313170339,0.07471632893935472,0.25081602193946434
0.06250564008951187,0.5770517994503814,0.5090010575296261,0.5113833773399294
0.7727360129356384,0.11738263745678856,0.07295641501597236,0.2470207515509426
0.7143242359161377,0.14702137915020783,0.07125619525444944,0.2510099313559556
0.1989966630935669,0.42697007905191137,0.16689242559719275,0.2888590023553351
0.8180161714553833,0.09660133215059802,0.07772088318284212,0.24047809935726228
0.46459150314331055,0.275873927813652,0.13903250158385036,0.258868188781589
0.6596976518630981,0.17611735974769022,0.0799887349002304,0.24936544346502568
0.4918018877506256,0.2601009798672457,0.07644173827985565,0.2522906789306444
0.9088988304138184,0.05407188076302108,0.1062059494664081,0.21710870085024014
0.1095249131321907,0.775744601790469,0.6885755544246709,0.6945318464435403
0.5153855681419373,0.2739875261141373,0.27156025544168283,0.2772041643088422
0.07905303686857224,0.4765773744940988,0.30431471518705205,0.3601250707078608
0.28160691261291504,0.3961263709733816,0.483977965511996,0.41166366496972295
0.424630343914032,0.32188862816896346,0.4576112266909146,0.34702071348575897
0.8038015961647034,0.10395930685146489,0.06986733599960274,0.23999509804089478
0.5073449015617371,0.26589841618622856,0.23614384912547495,0.26935932898238757
0.6628454327583313,0.22584430403678576,0.3236945425999866,0.21680891185253215
0.8728362321853638,0.06788232131129034,0.0739215828520542,0.23528782601856194
0.17057134211063385,0.43009374008339374,0.2639187922306951,0.3291509179540081
0.5790994167327881,0.22839610441578925,0.21731604073968477,0.2526605599013451
0.9519395232200623,0.03198426831383594,0.1038708392689219,0.15348510925503275
0.19604119658470154,0.48865677124831064,0.45009319374227724,0.4286161811184221
0.6353356242179871,0.18863303259304937,0.08757515845289919,0.24857994579420956
0.2495611608028412,0.38984992303517796,0.23375845433818881,0.30009046174694487
0.11655226349830627,0.4463815780103282,0.04897624401308405,0.2533949043230919
0.20891603827476501,0.502791844834644,0.6774249554566733,0.5697372168428047
0.9516066312789917,0.028517730153555555,0.07416451445025014,0.2476047996669108
0.31974032521247864,0.36963665610597496,0.23832767101536695,0.29509367970977424
0.09692130237817764,0.6707369318581922,0.695476417708009,0.6688864792497016
0.824792206287384,0.09256917205691559,0.08027983952503892,0.25076998212683294
0.6134841442108154,0.19995700553922618,0.11476842986351869,0.2477447435477277
0.16968242824077606,0.43951996953886,0.40401749352489996,0.38667438567025897
0.6423277258872986,0.18308717178510425,0.06915175489018106,0.252444225959251
0.4641496241092682,0.27139483493977457,0.0648535034240883,0.2514445020629419
0.8677629232406616,0.07232924521954186,0.08867992837412055,0.2265543867311759
0.9448215365409851,0.03763138158643362,0.13251376474335264,0.08877939732770201
0.09073810279369354,0.7296961395217106,0.7504905029721688,0.7187278575334253
0.5085344314575195,0.27481736045493727,0.2638791940250771,0.2746018807500537
0.17395830154418945,0.4195177549721795,0.12246148622452058,0.2671318814640446
0.1115557849407196,0.5569515551653865,0.6115546004376349,0.565658671556906
0.5611155033111572,0.23660308819425638,0.20230944667712467,0.2534517222188884
0.612471342086792,0.2035988563001091,0.12182703229834002,0.2501905225024287
0.7055870890617371,0.16179972776013413,0.15633402141309852,0.23121524329260973
0.5936269164085388,0.22532954157218696,0.21607453657554682,0.26189667968837815
0.3870777189731598,0.3853682221147577,0.3832302556709971,0.3296220614892089
0.09628574550151825,0.5991301769868085,0.5975901459066972,0.5702068480178311
0.3106665313243866,0.35052151158683936,0.13494531146612906,0.2662767453140664
0.3985648453235626,0.33040426811046075,0.33810837056769094,0.3120111653668739
0.4301680624485016,0.3048389690376484,0.2266600703749417,0.27873505979481783
0.9103986620903015,0.04927869328149809,0.0749673493544619,0.23578541785712215
0.934532105922699,0.037968371478988384,0.08441758015170578,0.22865552213443957
0.6417518854141235,0.18941977024238255,0.12241583882619035,0.24736267102096288
0.20648552477359772,0.4018848348978742,0.0854263065897764,0.2525306418976575
0.8338077664375305,0.0919359024519267,0.11480104867791713,0.23948972008123426
0.025090383365750313,0.9093695552303451,0.634884502662976,0.8165804101649877
0.21233417093753815,0.5381807907439178,0.5899339013141081,0.5115862160204079
0.9863848686218262,0.010562982613771237,0.07020755773812125,0.24640261617774906
0.1930936872959137,0.4134848950355758,0.24898158425396644,0.31195848235254797
0.8488878011703491,0.07984704426305553,0.07689861379257107,0.24980958535114675
0.4942754805088043,0.2910671870379175,0.31231166431830626,0.28580225936638715
0.7519581913948059,0.12928318190559687,0.08298659561836733,0.24990201983414678
0.05657924711704254,0.6391118130017153,0.3458256745043154,0.4703307855884987
0.43270426988601685,0.30834822607853485,0.2538436773065852,0.2828268707808257
0.8842551708221436,0.06274226475951772,0.07882848340092326,0.25107548036637684
0.7846388816833496,0.11243211789941325,0.07428656097096845,0.251518446375294
0.6372931599617004,0.1870182757043663,0.07838320509453868,0.25121676906751716
0.40326544642448425,0.3115570164234411,0.164488697378489,0.27143095117221394
0.11046631634235382,0.4511150007221993,0.05979258497437502,0.25195707664104783
0.8137838840484619,0.09784228881306946,0.06976150168027963,0.24585438978480048
0.37681347131729126,0.3277653039393102,0.19949151462028356,0.27788001657972095
0.374309778213501,0.3191716204632349,0.12941172235843124,0.25964984426928533
0.5011905431747437,0.25932471429392473,0.10911530977714476,0.25583287349189027
0.6954541206359863,0.18203155172709592,0.3252205910121348,0.1945328719429737
0.6327760219573975,0.19480911934622627,0.15526578583083134,0.24351855033628708
0.2459264099597931,0.3996964888480828,0.15456680265572534,0.2785158705978472
0.6106475591659546,0.23202467392718937,0.2925340007563864,0.2339079370336114
0.043098531663417816,0.5387734994023978,0.2813339223188388,0.4242993984349712
0.7740830183029175,0.12243013326790181,0.12822584653772726,0.2210499489830709
0.021514620631933212,0.49611012431981366,0.0356682691217383,0.29271235652990024
0.7974141836166382,0.11643114329035532,0.1681132446227491,0.2083091599894288
0.5665707588195801,0.22505585974790615,0.12346830860624806,0.25251120550530015
0.01704968325793743,0.7689381397274149,0.3278830932876324,0.6989712269115236
0.7055644989013672,0.16250529638006517,0.20059776930027193,0.20753935967534598
0.29379281401634216,0.5322116748333532,0.6690354586429583,0.5100220660600959
0.21862536668777466,0.46287812946201085,0.5369991296518278,0.46675140593922243
0.5660908222198486,0.2377873477739267,0.2373791710008835,0.25950698727976
0.45727285742759705,0.2784930730710761,0.08853936716325335,0.2549728101478872
0.6951006650924683,0.1583268112898854,0.0833479459919441,0.2482302208964377
0.5233373641967773,0.24749691974029087,0.12914047067232498,0.25516757247888944
0.9571223258972168,0.026271421802527513,0.07887181303579019,0.24539725297183812
0.15670613944530487,0.44896837442178006,0.5018451231288392,0.4522244169319828
0.21306799352169037,0.42636749956325076,0.2697083251465161,0.3148931858527453
0.37398001551628113,0.34368677017102944,0.39385284272932664,0.3356472434284688
0.6840800642967224,0.1754790934099471,0.1775557666922354,0.22795906772636892
0.5544815063476562,0.23799987398820102,0.1860380483068343,0.2570437929136302
0.3331716060638428,0.33841138890913713,0.07731788541917582,0.2548533153917462
0.8552286624908447,0.07665191022060627,0.07217295941665218,0.25061344918763995
0.27318018674850464,0.3724517522051967,0.1449302357497683,0.2767697855119724
0.1994059830904007,0.43094175854919453,0.2226870493248791,0.3020739917892924
0.8225740790367126,0.09513350657431054,0.0834499311846935,0.2386839033016217
0.7064624428749084,0.15115264707065823,0.07615377245674053,0.2484878512561447
0.6773310303688049,0.1671229382877249,0.08178597732908831,0.2503017074299212
0.6249589920043945,0.1990389224455137,0.13002410279587095,0.2483681102715209
0.07846606522798538,0.547979591048398,0.32587114918467747,0.4166464301878336
0.3034738302230835,0.3584011794427978,0.1398495609109111,0.2659131278448575
0.2562500536441803,0.3834305859350327,0.14352986819975388,0.26791945656471694
0.3842683732509613,0.3329131861578373,0.21429985787643963,0.28128123013077755
0.5925709009170532,0.21384153949939927,0.12493620698262974,0.25019119722670047
0.2347756028175354,0.40836706240328396,0.3626411578952117,0.3559879281924292
0.3364757299423218,0.4147131482335034,0.4765196590055565,0.3861568706638634
0.444559782743454,0.2974599258189832,0.24542502673368485,0.27772872113517544
0.4088824987411499,0.3017808977330249,0.07111314785229265,0.255537999024002
0.3077223300933838,0.444365422723322,0.5170276220306124,0.40977521460282473
0.48654162883758545,0.26260718984039844,0.08606471936638753,0.25216824984715414
0.2226642370223999,0.4147295715705396,0.30595830306447713,0.3234866535176406
0.12092480808496475,0.46779274603145565,0.1725594094347004,0.3054426304157733
0.42216503620147705,0.30621146227542545,0.37447456070291585,0.3126934433686184
0.8222939968109131,0.09658989942045022,0.10111327002055483,0.2433991095669483
0.7962222099304199,0.11617609544859098,0.1585067583484679,0.2226812152318261
0.0400831438601017,0.5296202546213409,0.1626368409649468,0.2870077133116177
0.34107866883277893,0.3339993587103949,0.07791003234424591,0.252264438157664
0.4912337064743042,0.2796277458479444,0.38630114832523516,0.2906623193970038
0.4088040292263031,0.33905205098369956,0.4702500682845193,0.34532898983214166
0.4958365857601166,0.25647127489802607,0.07774909198200636,0.25236205024616354
0.9093626737594604,0.04947167755605433,0.06578740116831039,0.25126867116216267
0.41419073939323425,0.3216143383069219,0.28999072013342325,0.2960130128139347
0.7565947771072388,0.13922420604631514,0.19689139630364771,0.1899043701870799
0.3026137948036194,0.35381146803506697,0.0901884837570768,0.2573764016227582
0.4230937659740448,0.30159091466077903,0.16877117057883315,0.2694263855181999
0.058478374034166336,0.4784156934738739,0.05378222187876572,0.26049310028217176
0.3714314103126526,0.3343528096666695,0.23078996949021147,0.2857155686267808
0.7082058191299438,0.14979731885079595,0.07074539750356411,0.25105699695811434
0.31561538577079773,0.34553013922145054,0.07539085549152114,0.2524827870440801
0.9572362899780273,0.027153084251562185,0.08816884585816623,0.2155799766998628
0.04580482840538025,0.5451330557210615,0.3870172747430497,0.4804682250820909
0.5403574705123901,0.23599262649208774,0.08857940339744333,0.2521823191718394
0.9697118997573853,0.01998969724810645,0.07653458092572933,0.2508471585257075
0.3608079254627228,0.34249657843832154,0.24249180025263317,0.2925578235786032
0.07105773687362671,0.49022949054027204,0.35262594001811,0.38959561289211064
0.4615524411201477,0.29065515998611197,0.16107687944039917,0.26152085269321246
0.08398324996232986,0.4689743031529806,0.09434090360505389,0.25988295918131826
0.46575453877449036,0.27586449280086633,0.10533584400684849,0.25475631841268387
0.38856324553489685,0.3957883679085631,0.34141641291533065,0.3194656491608457
0.05251733213663101,0.7046661694886207,0.4781417455313678,0.5847879721491138
0.9183321595191956,0.04586762218839011,0.08179461537158536,0.24086709942290202
0.9379009008407593,0.03669063940404032,0.08731103326031318,0.21961719883418895
0.3112858235836029,0.3482783214989659,0.08326229072524866,0.2525801898925636
0.70331871509552,0.17235197298154045,0.2482389681648131,0.19538625167321214
0.28146493434906006,0.39024380708176176,0.27026348203735934,0.31464957696240825
0.34316515922546387,0.3392506666012074,0.16461529654362883,0.27496641844809505
0.8499729633331299,0.08051500862612998,0.07914182870821573,0.25026818803654777
0.3771781921386719,0.3813767933861678,0.4146713290386232,0.34402564141650765
0.4319165050983429,0.30734564506612,0.3214445180841398,0.29971332719136745
0.34592586755752563,0.3365007754222572,0.13591135618773648,0.26936981051476183
0.7844924330711365,0.12574400141907574,0.17628762318463562,0.20699623184915245
0.17024485766887665,0.5066235010114635,0.35849542989232075,0.3845792853617734
0.19683118164539337,0.4290760033662144,0.4359105832918032,0.4019205451145335
0.25859272480010986,0.3905798539725314,0.31909801854729986,0.33591265984660196
0.6122268438339233,0.1999373851250686,0.09943731789994513,0.25004650767160513
0.6986584067344666,0.15619714514626393,0.08673959123296815,0.24796570786220515
0.9853223562240601,0.011895280889439466,0.07621757465880406,0.24882594717776801
0.6565417647361755,0.17978629011192301,0.10597240074244518,0.244855130358155
0.4405212700366974,0.30444471787448296,0.3054776189210275,0.2971902992731422
0.3084486722946167,0.36754436825980424,0.3101646249411801,0.31916146360780584
0.3937964141368866,0.4268471693648894,0.460507647335988,0.3547894907495849
0.8943644165992737,0.06415789397618268,0.13995959636701427,0.16805138656664517
0.3382205069065094,0.34042863073027874,0.12690352773509916,0.2666994699381908
0.3637341856956482,0.32346437161390784,0.09885618009828206,0.2557704262561935
0.4467063248157501,0.2827726294405545,0.0896395613570665,0.25651347944979697
0.5999682545661926,0.2053026975994929,0.08150539774250051,0.2513489972968326
0.4241538941860199,0.29871208956571543,0.16645041312104772,0.2700026363792558
0.6063250303268433,0.20790813772072625,0.13671469217651497,0.2478110469962841
0.03704258054494858,0.4867230671283204,0.022478262139949662,0.25603921608987246
0.19177444279193878,0.4773574426349176,0.4885878099951929,0.4412853579028302
0.04786594957113266,0.4786679743361691,0.019679060977418367,0.2515104491826763
0.7013741731643677,0.16312498006026854,0.1569774067002799,0.23172058613651808
0.8360626697540283,0.09557108656167569,0.15427197119318242,0.17282036374853157
0.381712406873703,0.3140223407255473,0.057233597319474534,0.2505978684622715
0.846735417842865,0.08925630474621601,0.15351932027156676,0.19115845492913788
0.7472684979438782,0.13278904862044819,0.08646072417844333,0.2409474780912595
0.016702866181731224,0.5116355818107196,0.014508069389821262,0.2618004224906224
0.44587239623069763,0.2987635437079043,0.3420101602574788,0.3075460865543005
0.296957403421402,0.36430529490531277,0.15183667292264244,0.27105743327930243
0.3463861346244812,0.3505697724678808,0.2498562304116273,0.3005048796383408
0.8295141458511353,0.09686382731435243,0.13821950422591528,0.20314384663960683
0.6416251063346863,0.18596932343209976,0.09406882106478578,0.24871702332610943
0.628026008605957,0.18983278875166656,0.07712306339867446,0.25220284999618436
0.88246750831604,0.061871394346855145,0.06904791320092989,0.249685748445077
0.48277997970581055,0.2834150419338736,0.30161345241147597,0.27995600850427466
0.41473111510276794,0.3154890888557656,0.22162163170403057,0.28073398467535693
0.4173488914966583,0.2953632757735378,0.06980402090950416,0.2519494077384311
0.19804762303829193,0.4865870089909835,0.6078175300721567,0.5419906939441814
0.3831704258918762,0.319065869935424,0.13969569238592197,0.263690194007463
0.6940304636955261,0.16570467773571337,0.14992646856889144,0.2473558306759255
0.5030733942985535,0.2738842373384505,0.23551465061282054,0.2692965250037226
0.9400539994239807,0.03513508192697381,0.08150356896091959,0.24295157821472568
0.03624104708433151,0.5676893246924487,0.41192762232020885,0.451125352249979
0.7470151782035828,0.13106191643038478,0.077040822357774,0.25079754355203593
0.7613849639892578,0.14204665158826874,0.24366586385217423,0.1749313372815784
0.415530800819397,0.31377069885419595,0.28947078749186317,0.2950018296733018
0.6612816452980042,0.17373529811814925,0.0658509605765393,0.24921295484923006
0.23949488997459412,0.38505927979894206,0.11035256423315107,0.26355100458876946
0.4741060435771942,0.2796772623546941,0.19029334341475235,0.2637593670790662
0.7858207821846008,0.11302941547277584,0.08992686626425124,0.24986683710433652
0.4482712149620056,0.2903919603587478,0.18045511096222092,0.269215825226308
0.6906297206878662,0.18592230446250552,0.2663395977128909,0.21207613852441526
0.49619317054748535,0.26067361537384964,0.1262551739051774,0.2560654636976041
0.507473349571228,0.2647034433669567,0.21320316220750796,0.2655021045949951
0.5955352783203125,0.2446736854328205,0.3684957616231806,0.23729498383629094
0.24157027900218964,0.4568384429238235,0.38574557450092584,0.36950901984241175
0.16905249655246735,0.43366861307599286,0.19436148810258647,0.30031080413976824
0.3429095447063446,0.3477848921062133,0.2655903662066555,0.3022084228575251
0.691554605960846,0.16695487298253447,0.13652970538035217,0.2333898965443569
0.6575741171836853,0.17653847237930934,0.07923957734076173,0.25110140274480286
0.39719393849372864,0.3064836316169822,0.07627312376767066,0.2523889072980693
0.36113807559013367,0.34466616324186927,0.3045855429227198,0.31317179682172563
0.2875160276889801,0.36431856107551147,0.13895087142643092,0.2608964496839321
0.13109757006168365,0.46059800805054446,0.3584068125249251,0.38872427069761306
0.9856202602386475,0.011326375178109504,0.07390767080489993,0.23917295659095772
0.8131951093673706,0.09695824751619612,0.060365530466186514,0.25025156305171914
0.7662255167961121,0.1370026316830589,0.18793105389472348,0.21190330637717303
0.523844301700592,0.25248711419122033,0.16765184893555152,0.25734089502644
0.074371337890625,0.484978113174916,0.15921505631207028,0.30031527894692556
0.3871738910675049,0.32753753772432487,0.1927328120307366,0.2789455524734473
0.9226955771446228,0.043127654496210775,0.0766901624977546,0.24151933122893626
0.9249477982521057,0.041611193208280974,0.07529371755587042,0.24080263706397245
0.2535535395145416,0.3924100424130708,0.2617837334516037,0.3136678153937379
0.22891837358474731,0.3912590246012653,0.12966885497588468,0.26378082589971963
0.31649911403656006,0.3754402110394835,0.35688996668262013,0.33606798539683236
0.6828745007514954,0.1675644407979952,0.13208747428989506,0.2396788025417228
0.9863521456718445,0.011597940227903393,0.07800594005748322,0.24532468092372184
0.5042651891708374,0.2576476823713511,0.12177577650113063,0.25719572834801285
0.4785976707935333,0.2742863482189915,0.16962160445514957,0.2651352569296935
0.014055280946195126,0.8992527168851651,0.5927862157974141,0.8403038116268657
0.9655318260192871,0.023487410843950497,0.09023863211363778,0.2483038199067384
0.9173440337181091,0.04461715582116016,0.06850661736927618,0.24936539076841088
0.4359288811683655,0.37474932774494113,0.4792761538935159,0.33367907148530906
0.8626647591590881,0.07482134885476735,0.08103664995987087,0.23906384406650558
0.5642746090888977,0.224394244877528,0.0838766062506963,0.2524507705774197
0.04267044737935066,0.7586172404797884,0.6213456470025078,0.6650960329705748
0.422337144613266,0.3176528221023023,0.23646085698557712,0.28089884629622086
0.37566423416137695,0.3595060481968301,0.3120150369837084,0.311459098993146
0.26448044180870056,0.3960649450135089,0.30285620056293966,0.3275083817249975
0.16078095138072968,0.5300271606614512,0.6380628420701367,0.5587259463481404
0.17737464606761932,0.424474918848112,0.15916225970410103,0.27476359281852025
0.736630916595459,0.13579995882683046,0.0745600206161216,0.24839517710888562
0.9752281904220581,0.017041231354522703,0.0781027700906607,0.2442668709298251
0.7707302570343018,0.12115668200118361,0.0804716660762139,0.24678869701628856
0.4201982319355011,0.29576366765341466,0.11669371193309318,0.25694977700234906
0.3152133524417877,0.3557980692015684,0.1956236377638956,0.28120187660904455
0.9459534287452698,0.03113036009608637,0.07363588573995192,0.24381355804719818
0.10784336179494858,0.5209115420464745,0.34216955938150884,0.38762292218587446
0.7428889870643616,0.13516810043561897,0.09120680928085052,0.249668693158121
0.3155989646911621,0.35272486631559763,0.1619161351686991,0.27532943639015073
0.5696356296539307,0.2465102895159389,0.33087332028777816,0.24597382800631057
0.030879754573106766,0.6896799132799593,0.40460809947102405,0.5895031735427066
0.6770531535148621,0.16682495057255556,0.07758279271950119,0.2495974441825175
0.7409411072731018,0.13700192118806484,0.1001787534182116,0.24542352562108086
0.7175718545913696,0.15170433108263062,0.13030557507519902,0.24086356020835334
0.265671968460083,0.39091746624628015,0.29476514088105576,0.32369880172782395
0.46948572993278503,0.28707097137696724,0.2849736761790837,0.28210677989025096
0.44830209016799927,0.29023869944350905,0.19170596187394554,0.27092628289478116
0.9291954636573792,0.03880193633763673,0.0666148978476642,0.24442337023521848
0.49419617652893066,0.2611321304443118,0.11341036300157338,0.25691856620986286
0.545767605304718,0.23803099677308395,0.1357484637242475,0.25474186578808444
0.45486894249916077,0.28050761962769866,0.13022897589294266,0.25849312166660887
0.36752793192863464,0.3861139072933045,0.3652628595998958,0.331615421356639
0.43723317980766296,0.3081176490274892,0.17276971742166625,0.26812912735893635
0.3589078485965729,0.3435152476482378,0.2977662724212199,0.31169930723586026
0.9919620156288147,0.008037853986024857,0.07124785680000184,0.009906628067924103
0.8480031490325928,0.0854777238106825,0.12419378460784128,0.20855562257521804
0.6627315282821655,0.18807091499023793,0.20037415760545393,0.24046604883000983
0.2537890374660492,0.4014736871752575,0.2491218797119725,0.30979324476319176
0.3403945565223694,0.39488991125712636,0.3686931824590448,0.335828112641924
0.016871362924575806,0.6181300380434436,0.4379784059485915,0.7318711980036183
0.7078028321266174,0.15684913034190887,0.12940766949534782,0.24871608133310277
0.2985697388648987,0.38991068673178986,0.3020088080318714,0.32809497574767577
0.8287981152534485,0.09019238973504186,0.07304078543585732,0.2417895264434335
0.061165839433670044,0.5006425202960368,0.4338213465110188,0.47410347916223705
0.6409158706665039,0.1858280967360357,0.08439781754121307,0.2476297296746896
0.6265326738357544,0.20029470128203375,0.1332623532914746,0.24134284936690162
0.67545485496521,0.17617475363016438,0.15052136327503055,0.23896054111526527
0.307887464761734,0.34995448796320405,0.06277667748925024,0.2520412227549348
0.43312954902648926,0.29617905196919203,0.12167376382674105,0.263453017034464
0.6164386868476868,0.19693991646166617,0.07925322177969343,0.25093669138658936
0.9786897301673889,0.016971536989793822,0.09311470324096008,0.18453666265959523
0.26599177718162537,0.37165457482241043,0.08033952125704727,0.252567994487511
0.570490837097168,0.2188045274809058,0.06763073018951912,0.2505478018810491
0.2336616814136505,0.3932251604410212,0.1868093133390097,0.28342962194170296
0.12264279276132584,0.5385107540393931,0.4075774798733902,0.44880940393264424
0.9073550701141357,0.07837219994035777,0.2909383989138245,0.13510523714195916
0.06474320590496063,0.5082670422435033,0.4276703919272621,0.4810176357210004
0.4592461585998535,0.3101432554668024,0.3495864084543214,0.2939108227348317
0.37564095854759216,0.32333011845054394,0.17593168101997708,0.2718351653450204
0.8071391582489014,0.10335997478045947,0.0896930540591723,0.23736133889443817
0.17338819801807404,0.43838598359029424,0.24530346761995736,0.31930969123473274
0.7043867707252502,0.156704687854827,0.11045958921668225,0.24673490215122496
0.11662766337394714,0.47900169979542495,0.435920302016717,0.45003329868449377
0.5943586826324463,0.2192069473439518,0.18324615770120387,0.25150773520653924
0.5948113799095154,0.2430521722577631,0.3692773582010409,0.2288283435168249
0.8776568174362183,0.07407813875441306,0.14403113643999518,0.18297687594462494
0.7676404118537903,0.11937802349766384,0.06355118619467438,0.2503295594815703
0.2949352562427521,0.3574634917425891,0.08899742909801457,0.25642106573476453
0.21332436800003052,0.454085136259202,0.4401984240767147,0.40098119109343133
0.1822885125875473,0.498950013051045,0.22789245366577002,0.30353164339375954
0.6197361946105957,0.21433314163589198,0.23777479201369897,0.24100992837513138
0.3373202979564667,0.3506504858973687,0.2053530687689515,0.28298314721619316
0.5084242224693298,0.25825664783345187,0.1983422876157058,0.2662770111353103
0.3571409285068512,0.3275065315883172,0.09229613064662279,0.25467134586676615
0.7477843165397644,0.16012233446188495,0.30892892059703747,0.23102795354703332
0.15551753342151642,0.4792412294862299,0.5390741968065432,0.48244896303448714
0.3534685969352722,0.35204671824719336,0.2890869485235392,0.3059783602728927
0.3516400158405304,0.34878111262775674,0.2754634405943244,0.30181648375211356
0.5271592736244202,0.24058518188854378,0.054200450339851144,0.2514925489076114
0.6380038857460022,0.1897274968450236,0.10152873348705342,0.24511418795532683
0.6679956316947937,0.19311923154321206,0.22524288872615428,0.22227655259529308
0.22744634747505188,0.42186683951612525,0.23994267517134804,0.3074448779090192
0.5101522207260132,0.28772083152163924,0.2196938771774131,0.26332848391112595
0.29749739170074463,0.3932931241788788,0.24105129196250166,0.30376899825924264
0.4727964401245117,0.2753210107685245,0.10659166047455451,0.254310485745731
0.9721381068229675,0.01759405012646502,0.06427325937238748,0.24809988011560982
0.45245930552482605,0.29435683338391333,0.20506066091440198,0.27195717304408695
0.6478034257888794,0.18414424103293792,0.10441352790459518,0.24861447201230852
0.33167359232902527,0.33831408815191755,0.09006882588536286,0.2521525355821561
0.4518016278743744,0.28883324332844373,0.2262800808768903,0.27533140315500165
0.08544696122407913,0.5388103536550974,0.29742720236655407,0.38884007199824155
0.7515619993209839,0.12845674386833694,0.05805634795023115,0.24859309695463916
0.5799283981323242,0.2338922270959913,0.22568322168969449,0.25325143641326964
0.1880829781293869,0.42152284101326076,0.26486771151229543,0.32096762453045635
0.8193848729133606,0.09568411589174458,0.07363780227642752,0.24950309283023642
0.7844722270965576,0.11595283158232376,0.10898686688398533,0.23278109214039994
0.18186363577842712,0.4413190734324159,0.37803819258817567,0.373012127745549
0.07094043493270874,0.5177939400181634,0.19487239761864383,0.3419056354922526
0.39115843176841736,0.3362630728760594,0.30518143247128454,0.30133352570355204
0.8179559111595154,0.09765209167758826,0.08524036099998548,0.24421937262814633
0.7326127886772156,0.14929822280757113,0.16668051971723966,0.21515147056122824
0.9739605784416199,0.018571039296976836,0.08126006214206631,0.2490978196361674
0.2683698832988739,0.3691593942679279,0.08506967224653143,0.2544956355425395
0.4835764765739441,0.27071368760416,0.1650649989549437,0.25991248977449255
0.5902931690216064,0.2091694770194675,0.07425313327261616,0.24999305480971168
0.5739845037460327,0.21732154497907735,0.07068013979993588,0.2501289962826446
0.07961425930261612,0.7216890057463783,0.6640656824619117,0.6969420141955996
0.9735073447227478,0.019127407203019822,0.08930529789213654,0.2435755188575962
0.44280579686164856,0.29861762223674987,0.2727061315684986,0.287577644947706
0.9810875654220581,0.015107605331140797,0.08499910587951971,0.2469560227623999
0.8502206802368164,0.08659626878556141,0.1312572050771771,0.19885670928144486
0.24061237275600433,0.4041355005053127,0.19978112687424027,0.30095498236512763
0.726639449596405,0.14823463923656494,0.14145051557480687,0.23159482131964582
0.1659339815378189,0.4207963632755047,0.11955935159950556,0.2525014212167562
0.8482412099838257,0.08092327332526508,0.07259595701489424,0.25178602784432336
0.929815411567688,0.03803168145222971,0.06303635849782932,0.2492689181195245
0.38220250606536865,0.3734191802309946,0.45455653508714716,0.3582768940058843
0.6440812945365906,0.19094384743048917,0.1448038526988776,0.2406562310225603
0.5881639122962952,0.21012189524782562,0.08367051378063896,0.251035836813496
0.35851752758026123,0.3254334301956656,0.09157010400337347,0.25350199191072975
0.7106855511665344,0.15040208274464353,0.08234741494773802,0.2532252590054892
0.5356175303459167,0.29786471821729066,0.3411189668594274,0.26580401547347177
0.4628901779651642,0.31361793111627173,0.23654227421616472,0.27342146346449975
0.6545538306236267,0.1952390850580541,0.21470991924964286,0.23009942791707674
0.23420016467571259,0.4374839386402408,0.24176592738044128,0.30356608847999444
0.9453945159912109,0.03319744428701034,0.08788278425600228,0.25110006054510037
0.8379157781600952,0.09415298076716756,0.14608642052383775,0.19615559148369432
0.16191838681697845,0.4554303705553904,0.31693189926686316,0.36045538993958315
0.6612666845321655,0.17487999846731483,0.08653299461275453,0.2524607995620475
0.065595842897892,0.5104586300376112,0.1939395993601869,0.3452201973205016
0.7873011827468872,0.11177891261794563,0.07298194710057554,0.2463365022038597
0.028772428631782532,0.48897504773287853,0.037465230642384335,0.2626734512060821
0.3937360644340515,0.32059277635630296,0.23384019992370417,0.2852591306083847
0.5778292417526245,0.22339913490124186,0.14605864558520482,0.250746113594279
0.3497546911239624,0.4307627076905981,0.5397758603604722,0.40755612175250266
0.49052995443344116,0.2616760202098605,0.11492534906214104,0.25466940073929745
0.635301947593689,0.203735766058316,0.2204903319135334,0.2357981117907802
0.811301052570343,0.10201377754935091,0.10430009260319281,0.22911821258363751
0.015485127456486225,0.6224021012948646,0.1440557073303701,0.48221042968069805
0.20382143557071686,0.40759135360902254,0.2805635678827578,0.3232729629689764
0.4386570155620575,0.29412752785740015,0.18541622029630997,0.27258908995039244
0.7877016067504883,0.13582312893811374,0.24707939002080756,0.15676272219887932
0.5478464365005493,0.24191854871537233,0.1976547888350692,0.25782045333822
0.7939171195030212,0.11225708082360945,0.1149992480676478,0.22834514895516936
0.5273075699806213,0.23928148975584926,0.0667118583878836,0.25094247281133253
0.3168671131134033,0.3518349553671106,0.13118826731483552,0.26745501889833506
0.5373106598854065,0.2551958155423053,0.2451934499412049,0.2626199735302252
0.39765673875808716,0.33886329976116436,0.3063088708535137,0.3047421613250245
0.5622698664665222,0.24348649327185184,0.22520214989509565,0.2593571277313532
0.6982097625732422,0.15921606148530765,0.11194005214717744,0.2405454802914681
0.7001720070838928,0.16557357654539948,0.16231859782365515,0.22347820823210954
0.3608916401863098,0.37588424995797526,0.3258303079772306,0.3165071232173948
0.4432079792022705,0.28836680228806966,0.11482112196405925,0.25836734649795134
0.022092776373028755,0.5805443623369397,0.22914534344455717,0.44922364851379626
0.48306387662887573,0.28188868039628545,0.2052162945006902,0.26993424461605864
0.9709006547927856,0.020484800030223186,0.08748347162379894,0.23795990930915467
0.5836943984031677,0.2342659886553612,0.25235353250327386,0.25129488600537464
0.26816490292549133,0.39590872269218697,0.2637325035267147,0.3164836625406988
0.2176905870437622,0.5553652493592416,0.6987965131909638,0.5794088818230113
0.3369579017162323,0.3470137578233816,0.2809762216463313,0.3032033785826899
0.5325646996498108,0.24993652677625994,0.25699486669362787,0.2646027216341892
0.44656163454055786,0.29779090802980657,0.2019552792178912,0.2692638912076184
0.274840384721756,0.3831678402672272,0.4101523639166077,0.37038635057044506
0.09814777225255966,0.4544636784955972,0.11704276683872582,0.25398523151818275
0.859889566898346,0.07536648147915641,0.08579022889688716,0.24985145028256633
0.4514917731285095,0.2803746869398052,0.08103337341356544,0.2532585217518515
0.9695851802825928,0.01948754451725295,0.07648077104690071,0.22430833619440316
0.7382128238677979,0.14043533707185685,0.11686378375243697,0.23861537029544336
0.5143454670906067,0.25293082142144346,0.12693214498581282,0.2556321820333898
0.34882551431655884,0.33080836694435933,0.07843255598726778,0.25179529389616573
0.9559805989265442,0.03525780858576042,0.16192377152124168,0.0816228770196406
0.6464516520500183,0.18179714214382087,0.06342832319261266,0.2504471855041848
0.039192069321870804,0.6169813436156648,0.5406414427976475,0.5958369356068631
0.9210073947906494,0.04533446629119343,0.08785568306185493,0.23524643905729087
0.36957287788391113,0.3732039365876478,0.4326584078984866,0.3470897692227666
0.9426321387290955,0.03622966911238406,0.1006016913114451,0.1671867188180343
0.3822987973690033,0.31661342782707175,0.13650083899540244,0.2639423040260378
0.7064045667648315,0.15483015529610275,0.11706517113433036,0.2397271283812839
0.16245435178279877,0.44919096819796717,0.1801960791460191,0.3011491215507191
0.05444933474063873,0.4748589085335443,0.11487508139637884,0.25188334575495935
0.05462190508842468,0.6450170299197869,0.5309155395928976,0.5908072643622367
0.7828776836395264,0.11275148415635722,0.06490965652785011,0.2503399667535452
0.5694880485534668,0.21853255625917672,0.07252353608663939,0.25116831756136715
0.9881071448326111,0.011410979881030365,0.08149985479006391,0.24734903876406425
0.6780843138694763,0.16612419778426638,0.08041798649607021,0.24948664327107567
0.9756479859352112,0.015526187984226423,0.06738117848361064,0.24112190600273398
0.6096355319023132,0.22582690956314835,0.2073038962272713,0.2456616956446153
0.141662135720253,0.43863070743987875,0.12937437376999003,0.27414091050226547
0.11121319979429245,0.7674459134774472,0.7823812571111669,0.7519803518548036
0.5154899954795837,0.24642585040886092,0.07201114312320914,0.25039661459230683
0.4173865020275116,0.353112836287515,0.31888683629166387,0.30707382827950763
0.21950457990169525,0.4182166885975562,0.2157933133681257,0.2967283245329571
0.7131543755531311,0.1494525189887762,0.08464221711143653,0.2506637254778715
0.19147427380084991,0.5389074286537748,0.3623230891790664,0.36432345144126643
0.49054139852523804,0.2693014776659893,0.20285475900960104,0.26760871003900544
0.4388319253921509,0.28385824562191425,0.06475573429320651,0.2509061780554064
0.5099110007286072,0.24988359159755108,0.08595660756146388,0.25221135909548165
0.17798374593257904,0.4255795960737413,0.26270953248293905,0.31994476057745913
0.6987229585647583,0.15602997303247038,0.08144618948841865,0.25140033385502003
0.750759482383728,0.13599599797860654,0.1401515603822519,0.21372560685586053
0.5944070816040039,0.21016512325322642,0.09476352933449585,0.2497660161317488
0.5130041837692261,0.24604955667023504,0.05571438145974468,0.2503948539151494
0.2317204624414444,0.49195644566943175,0.43850480893141325,0.4039788611494414
0.2974335253238678,0.37245773409561883,0.26647869806241,0.3104722942042679
0.24209216237068176,0.46752609116329635,0.564588695503165,0.47205396010957174
0.9540246725082397,0.02681652841094,0.06924956506640316,0.2458654142030603
0.8204777240753174,0.09650520522559755,0.09225963248987583,0.23385727011635996
0.875806987285614,0.06937209468676961,0.09611426726294976,0.22127222731906523
0.42188647389411926,0.297060843255173,0.11312997000473154,0.25946496448222756
0.029127467423677444,0.4870866377937785,0.047356222682463416,0.25461228939731106
0.6853037476539612,0.16956111416024383,0.1402625403919777,0.23641276022565055
0.4335840344429016,0.2966218273231629,0.1459134228883662,0.261641149235604
0.5789127349853516,0.23267886695867554,0.269255866428137,0.27034859096404007
0.48535552620887756,0.3061982526335419,0.3113496382369064,0.28107839040053206
0.6828664541244507,0.1628879834614832,0.07173399082615983,0.25096156452173146
0.30145061016082764,0.36083597253516037,0.18452335911650677,0.27959978947651987
0.8432918787002563,0.08463827640708245,0.09167884289555282,0.24215351412882405
0.36006835103034973,0.3282291359893306,0.12315480379495802,0.2612584432558119
0.6738770604133606,0.17955051827410365,0.18657769649525643,0.23592574242237338
0.09928768128156662,0.4625809825913833,0.30673920525483156,0.3768309786024578
0.8187041878700256,0.09683961390932105,0.09247794265196357,0.23417690755109144
0.3397991955280304,0.34012198005198696,0.14080347208628843,0.2661903942900482
0.2513014078140259,0.3946684437423559,0.26216594712710245,0.318327676431834
0.7918168306350708,0.12267825968830652,0.1806072378151269,0.1836731087736329
0.18256442248821259,0.5104542285074938,0.4023155558653075,0.3961140180004647
0.6560773253440857,0.1785314205435351,0.09642208526020687,0.24850632916036358
0.9619409441947937,0.024182278066735344,0.08212332017214861,0.2495398589315594
0.8127956390380859,0.10288065751262862,0.12024462462395066,0.2156065169998218
0.5608112215995789,0.22715542212129114,0.10682589246565331,0.25361477471197
0.08715630322694778,0.4591437803660298,0.12286809163877081,0.25350962788451303
0.0919896811246872,0.4595121225451366,0.12019413516001207,0.26439329727584093
0.484954833984375,0.3118682269561965,0.3494764294556785,0.29159572430045777
0.6258500218391418,0.201733118874766,0.17821308836180472,0.24976811648356909
0.18367725610733032,0.5616492971823457,0.5719993057883906,0.502585204667977
0.6316678524017334,0.19101673000036004,0.10396312088571288,0.24843341524397664
0.9841713309288025,0.013338032452270094,0.0824214606077442,0.24826556261614474
0.6622409224510193,0.17227814154768079,0.05649037751382256,0.2509695703295355
0.11325685679912567,0.5166521539309247,0.3442338404257972,0.3983373130750246
0.9193225502967834,0.048869606068319485,0.1115692072848205,0.2022002228783199
0.3340948522090912,0.40650747412072213,0.3859304963349156,0.34697305339649304
0.10967443138360977,0.44726090702737376,0.039807295430524706,0.2534624882617067
0.4489728510379791,0.28890492191312234,0.17443360484772613,0.267649439468595
0.8086977601051331,0.10713035857102786,0.14310549248199486,0.19358784819533673
0.34373146295547485,0.366130189346829,0.28116797316599657,0.3075799047714337
0.49458563327789307,0.25825691205094387,0.08823619064161183,0.25374100223105045
0.38375723361968994,0.31370401409761106,0.10511831511781816,0.2538032538818673
0.5347841382026672,0.23575803397382342,0.06187472142082065,0.2502628633320755
0.9725723266601562,0.018068913953048236,0.07304110241792802,0.23832341776292382
0.3026661276817322,0.49128464852971165,0.4151068611642139,0.36495877727301634
0.4468834102153778,0.2918186857573272,0.2379014254893749,0.278228181062328
0.2879507541656494,0.3651214420498933,0.17473834207542485,0.27806016807347467
0.6008974313735962,0.21117073230983657,0.13557326946694748,0.2495236144736105
0.3057953715324402,0.3729147669884122,0.3205969638967046,0.32611319339155365
0.7520918846130371,0.13019623426079358,0.08501791613543773,0.24747785349598103
0.19692006707191467,0.43495452791338585,0.40365775822349353,0.39661081516526525
0.9547646045684814,0.027565288467914454,0.07827317450614488,0.23866893356534924
0.5853464603424072,0.22610514706459886,0.26188317787803794,0.25604219171333475
0.315157026052475,0.35309086984001414,0.21973438016259755,0.2906530646810267
0.6586500406265259,0.18894876316644185,0.17331153516161085,0.23835353246189056
0.16470849514007568,0.517083672868839,0.5914254615112431,0.5276037327249874
0.3320299983024597,0.3766130600830205,0.292016623121423,0.31265390435043927
0.6344913840293884,0.1917710025464595,0.13404188072649875,0.24901221360147777
0.456962525844574,0.2827119553369228,0.1857574237413252,0.26646224873818525
0.19485849142074585,0.4724675720054424,0.2666155807287363,0.3259176575333178
0.364559531211853,0.32461626760335877,0.12147661277510932,0.26309513625031516
0.13566914200782776,0.4852405769835287,0.3744758290296602,0.40388828002936805
0.24765025079250336,0.4065062766780369,0.2769406839186596,0.3216890813812524
0.591255247592926,0.20961432189616683,0.09448641382261255,0.25133163723142304
0.6413826942443848,0.19903256253352267,0.20078401986651764,0.23780749590600822
0.40631625056266785,0.30023197114390815,0.06696900618338919,0.2514250120030117
0.3068317472934723,0.35034242363658524,0.06889214992793513,0.2514999466167279
0.6508436799049377,0.18460548278410124,0.11952982259478467,0.2495918348989583
0.05830482766032219,0.4758443884723544,0.09336609315084114,0.25876859090887117
0.8638808727264404,0.07331561719798325,0.07712046506615561,0.2469031008412967
0.9648547768592834,0.023441143706853962,0.08487249843486568,0.25198939771972095
0.18218576908111572,0.4901375436380911,0.35399894029118295,0.35850444693505745
0.3769093155860901,0.31647183685754726,0.06927983813312655,0.25287292795312866
0.9333754777908325,0.0384320079168973,0.07513537536237985,0.2508362998777738
0.2290344536304474,0.42514622983938677,0.25363863252085506,0.3087638536833248
0.4681949317455292,0.30321704552985357,0.38458378014615135,0.29825491143236776
0.3902008533477783,0.3238525033079909,0.1659151630331192,0.2712521893278077
0.28840506076812744,0.36280153611243043,0.14416159803803866,0.269022575223277
0.6665319204330444,0.1734209191652858,0.10056543424888446,0.24916750564237033
0.6091527342796326,0.2130296418132685,0.18600475288399757,0.2471108099865752
0.7800838351249695,0.11539665640413711,0.0848545200671544,0.2458531773770573
0.10416149348020554,0.4526754879615109,0.06544388560489772,0.25749938544734363
0.29593995213508606,0.3572074204117528,0.10169583377068103,0.25309463023984086
0.7736406922340393,0.13291082209929125,0.21589409897445452,0.18185901471690247
0.8267717361450195,0.09099301453705606,0.0645271402476385,0.2491546076568273
0.7237588167190552,0.14365634602661118,0.09543857623510843,0.24850882727371146
0.8200057744979858,0.09790726478771734,0.0969187524936988,0.23768458959985667
0.577008068561554,0.21658413517639832,0.08374870258546466,0.25140649211626537
0.12776322662830353,0.44014499572791277,0.029903446543883303,0.2543228338313158
0.23661574721336365,0.40575941839084845,0.24563863937489053,0.3099339696090126
0.30431926250457764,0.39555480951029404,0.3052715216503016,0.3225564538382979
0.42340871691703796,0.3066485783366967,0.16193827826431648,0.27067162990992355
0.04236314445734024,0.48408441415164466,0.052124835672662434,0.25288155101532467
0.08385404199361801,0.5445094103264569,0.323664854111134,0.37659473807589566
0.41496405005455017,0.29516765122126226,0.06479372130620766,0.25241951948515773
0.9603630304336548,0.024502905626354696,0.08029979820502194,0.2404102010166782
0.4824724793434143,0.2678860715036067,0.10233140552437259,0.25649232433816993
0.9455228447914124,0.03642084943864809,0.11146917288001165,0.2264863094301864
0.24988994002342224,0.3952883799949236,0.2798724805030666,0.31803743595063494
0.28321337699890137,0.4359687641811717,0.5473690470883896,0.4417166731842266
0.3893919885158539,0.30997188270475423,0.07322386211551497,0.25195759974135645
0.5674691200256348,0.24266327030367452,0.25197246477622287,0.25244181956808975
0.43192175030708313,0.29090810707457676,0.115988460618911,0.25950618031445577
0.24401575326919556,0.4101638753134188,0.22156923634267345,0.30852929847647115
0.7613049149513245,0.1269446928112912,0.0954765502770874,0.24186653897949711
0.5221594572067261,0.29953085298428367,0.3559805126355641,0.272377659368989
0.00774807296693325,0.49866298276448356,0.0019650695676831156,0.2500855295442471
0.7293822169303894,0.17208449349334087,0.22450948078979227,0.19384209418620418
0.9497824907302856,0.029218426224769105,0.07287067906659841,0.24111838313677114
0.28098273277282715,0.39728475977621575,0.2733160069283484,0.30813455292950476
0.030114389955997467,0.48891875541770524,0.0736689545158616,0.25233038057130625
0.1903669387102127,0.4145748478584758,0.1202657661321774,0.2697730494158135
0.9855411648750305,0.011324969362787771,0.07239992235526657,0.24624563986410286
0.885509729385376,0.061885142281129506,0.07665887193724157,0.24682387553162727
0.05935712158679962,0.5540944365325615,0.2552307229644075,0.387458383849995
0.5122700333595276,0.24926248828625802,0.08767368987570269,0.252086172087926
0.9033277630805969,0.052797651420608174,0.07603225736678204,0.236819906370304
0.3974379003047943,0.30946239310379803,0.10803011858483394,0.2542793262711171
0.38536128401756287,0.3279875851782317,0.25128741308092173,0.29294215656225253
0.4218069314956665,0.2936433455759287,0.03205502749680887,0.2505284040123048
0.233742356300354,0.38760128950447253,0.09200909052664161,0.25500877128500266
0.28755104541778564,0.35971256721044964,0.06458312960948548,0.2515051849965956
0.6516425609588623,0.1842665154599611,0.12088246047096812,0.2424138222163307
0.6558139324188232,0.20072340648346262,0.2622215123022207,0.23327423571551065
0.6716444492340088,0.1710530154591199,0.09970399168468604,0.2485690633291911
0.19032108783721924,0.41225004633988005,0.14644108954457316,0.2788845725313087
0.38977015018463135,0.3148269411978045,0.15749143398531182,0.269525998600876
0.2600974142551422,0.4612200416164681,0.5318077917279302,0.4492707789192061
0.643029510974884,0.19569699999419835,0.17801813539273045,0.23589176957552876
0.48999446630477905,0.28485939828415,0.34884972126959396,0.28359014662105686
0.9240784645080566,0.054032403145230626,0.16916379679353208,0.1811463402038338
0.14524953067302704,0.4906850778611604,0.3551756096226737,0.3856693617484941
0.6439275741577148,0.2100119768446658,0.26564319834111483,0.22564099840625965
0.9636942744255066,0.02400072128242722,0.08309271325884189,0.25230105688300897
0.1647063046693802,0.43153417635812563,0.18043778940646665,0.2860492483876841
0.30117276310920715,0.37301928816633,0.32036123768032265,0.32590148623214155
0.4015194773674011,0.31650851078050224,0.32031129140751496,0.3089040400115371
0.1777731478214264,0.42947794362218705,0.2252688665821568,0.31215547174358227
0.6266170144081116,0.19126793286913846,0.06515038053957858,0.2488869528611094
0.5113920569419861,0.2538735777924431,0.11034481590100322,0.25434526592072887
0.008955487981438637,0.9910445213317871,0.0,0.9891059563731309
0.962299108505249,0.02292702083145859,0.06992323480840472,0.2460861382692507
0.6860491633415222,0.16584936026723776,0.1273892818579436,0.2428008385621824
0.3093549311161041,0.36059583064560535,0.19244811105570617,0.28380576836928384
0.6163552403450012,0.23707750602179994,0.33555867297043857,0.23662070796676107
0.5129493474960327,0.2510483150585743,0.10529926453421408,0.25623157698125654
0.49097099900245667,0.2888798760399441,0.2999408126460868,0.27575906759458213
0.1805538684129715,0.41929914192220646,0.1875776868085746,0.2864129262227266
0.45067837834358215,0.27984814514792566,0.08769634079445456,0.2536554646710934
0.12656942009925842,0.6545214642724309,0.7046720109006926,0.6581433131205968
0.1190115287899971,0.4443723104315737,0.09429446205999886,0.251334666263975
0.9808081388473511,0.012511997461685808,0.0633714130134778,0.2472202834847832
0.7847522497177124,0.12928021770213563,0.21614266985847944,0.17991219694390895
0.5956913828849792,0.21044135727586125,0.09947396087785208,0.25235472783287116
0.1633719503879547,0.43431976279148626,0.19359511307718236,0.2956066746710092
0.49405819177627563,0.28901762564895095,0.32179310247432763,0.2838461474963254
0.3312535881996155,0.40787795658054027,0.5354416298924186,0.41511940720866064
0.14744684100151062,0.4445096530858686,0.18392674440751958,0.30349636107597777
0.9219508171081543,0.04438456672618042,0.07269073342934325,0.2410629023669439
0.4279179871082306,0.3746374379451875,0.45068901408893963,0.3364524311433854
0.20335835218429565,0.40148859588962554,0.025415904671580704,0.2519418394508257
0.29644909501075745,0.36098600609332937,0.15138814657773936,0.2751146022044687
0.3487732410430908,0.3290288038473843,0.0700625219684122,0.2511785141799776
0.49394336342811584,0.2762363360785109,0.2635897887130005,0.27570111092585314
0.9515340328216553,0.03609719539176961,0.13451208274800652,0.21539622953811033
0.18655076622962952,0.5003017059713962,0.4786728920720164,0.4339775041968831
0.07535211741924286,0.46587062206189406,0.0830752960495196,0.25314727981480567
0.6052215099334717,0.2115105183240878,0.1627860057377931,0.24629607622508606
0.5747870206832886,0.2429406915853448,0.2742324155013117,0.2572090259015727
0.019174132496118546,0.8734486806037637,0.45065231985962156,0.8167397223559565
0.8329278230667114,0.10362546580697933,0.21273849715024432,0.19804852278742213
0.9631273746490479,0.02301963478726701,0.07694464445314134,0.24554202456419008
0.2028256505727768,0.40182834049258226,0.08563233989170034,0.2532866477992225
0.273186057806015,0.3678184630361855,0.061621522178261515,0.25101011218266045
0.1030040755867958,0.4513731200757357,0.04452996915487847,0.25264271682791606
0.7746616005897522,0.11728521279966057,0.0705739953215068,0.25055543717454776
0.5070886611938477,0.2503366570403374,0.07427971056547938,0.25279385071530824
0.26843297481536865,0.4166132061372203,0.4815624412645057,0.413564456039139
0.9199185371398926,0.045544134542703056,0.08250809243213557,0.24456573038352902
0.7526431679725647,0.14425179410886155,0.20122822751687747,0.19075612904883538
0.3973051905632019,0.3220657185724543,0.24758625465016998,0.2886110165823357
0.767589271068573,0.12187529492712743,0.08019116635628054,0.2490466421058733
0.9617385864257812,0.024073647516215102,0.08007756666951846,0.22990989780430374
0.46347764134407043,0.2972799224385472,0.2621965454896815,0.2827545706730878
0.29212769865989685,0.35673678089464944,0.08061126768991962,0.25364963187939693
0.38316577672958374,0.3320638807389117,0.2590300749938923,0.2946999775855822
0.43589314818382263,0.2924453021070552,0.14503238367145105,0.26121801786289534
0.2186664640903473,0.39525597002410506,0.06735590946220034,0.2513501406929508
0.800966203212738,0.10507616403932502,0.08070885579304837,0.24995416701022263
0.2089230716228485,0.44404045315984564,0.2873643430177102,0.32998592304781244
0.4619496166706085,0.3234249492637684,0.3862840175237855,0.3105753717195861
0.36912184953689575,0.3723919564786674,0.27095100426148033,0.2996811032757325
0.681174635887146,0.16925700277451747,0.12070580967741558,0.24315344699053393
0.39315295219421387,0.33813370842173396,0.27720040055871614,0.29841177145118225
0.7353154420852661,0.1451042690650262,0.15362455529084443,0.22363221656113424
0.7048393487930298,0.18447260905338708,0.2813397893219834,0.19156929828533328
0.40109196305274963,0.3288556883932296,0.31007896323672557,0.3038036149401955
0.5688045024871826,0.2313890935639816,0.24282269513603602,0.2584955576254868
0.9602271914482117,0.0255815702940741,0.08420427348731974,0.22876107427296163
0.588278591632843,0.21970265646905474,0.16499238709879063,0.2514666327456407
0.6805135607719421,0.1647812647834748,0.08300687731115117,0.2512895514350315
0.6363428831100464,0.19780416064351825,0.13862367178681964,0.24916325504224662
0.21387141942977905,0.4077418874646503,0.19907449423187049,0.30125504094570854
0.10665242373943329,0.5860343207934152,0.4044927612623003,0.4294798591524215
0.4619158208370209,0.2734223779402409,0.07357624273596952,0.2509312908675926
0.49239784479141235,0.26737852021043973,0.169472299792552,0.26489717113999084
0.2735978364944458,0.36944969965952734,0.10089888510384912,0.2581697372405154
0.9835445284843445,0.010942148831333596,0.06425385147994295,0.22809112693547692
0.2839626371860504,0.3620141033085562,0.1206820389490833,0.2530803750613332
0.7333731055259705,0.13772130928995505,0.07388233640318201,0.25209213450668505
0.7990124821662903,0.10731597936286827,0.09535868976216208,0.246252670912168
0.14521703124046326,0.4313102950119828,0.06811518600171389,0.25340198355510446
0.32571011781692505,0.43163240414760323,0.33146673596324694,0.33055163419395295
0.6834308505058289,0.16272400541339002,0.06985644490170086,0.2512369302769687
0.2402840554714203,0.3864899325947415,0.10462658132704153,0.2590343862809421
0.5963640213012695,0.20706359517322057,0.06381059903767676,0.24758881792817028
0.4383704364299774,0.32099950053849724,0.34723939952330624,0.3029181336697731
0.7307779788970947,0.14214773398462718,0.09676601107208406,0.24433339375621593
0.19615936279296875,0.4048772569250474,0.0704819590071235,0.2530947907107618
0.16644085943698883,0.49419440942608334,0.27076537830116987,0.3245776624013802
0.12860585749149323,0.45457689720737937,0.26704261230927595,0.3482691781037297
0.4834596812725067,0.2687369515800923,0.15003551079932181,0.2625299400917475
0.10626853257417679,0.45343002115443265,0.09541368085973384,0.2716865446345875
0.8554194569587708,0.07719403642611057,0.06953475553199238,0.24452346483067308
0.5913825035095215,0.2312912335898014,0.31337178025952567,0.24872524682233632
0.27716919779777527,0.3921638924445948,0.3057384563435202,0.32135507030586186
0.2713388204574585,0.37871906373316433,0.1706901510828164,0.2769859298395775
0.9834790229797363,0.011449428019534408,0.06548915766288767,0.2417085142934155
0.48535725474357605,0.27568011632504785,0.26244066529863425,0.2787327656522653
0.562981903553009,0.22448511204850005,0.07246189458440748,0.25089663445618604
0.293116956949234,0.3735730696242961,0.21031849903334543,0.2900847418535817
0.5938984155654907,0.2081611801689291,0.08633371785564484,0.24831500598941378
0.6604621410369873,0.1753353617639273,0.08837069561655941,0.2512810523541006
0.2952752411365509,0.37622974636987605,0.1722624169554338,0.27867157683871624
0.8699501156806946,0.0790189913621856,0.15408083143019374,0.20783881494568818
0.6343318223953247,0.1886482239975498,0.06605467590602677,0.24890675665567502
0.29989713430404663,0.3712725044502192,0.2551628138572541,0.30096958720397693
0.3393790125846863,0.33500284003921615,0.07768787278057147,0.25147977444697034
0.49223530292510986,0.2593308090799273,0.057851000582204555,0.2508012431310569
0.7049146294593811,0.15073365989147797,0.0576415198972724,0.24984463709135407
0.47015663981437683,0.2777394081600919,0.19989951574512463,0.2708728489477098
0.21418435871601105,0.4053555916357319,0.13514530611796505,0.2739992399011266
0.5988786220550537,0.20511809743482398,0.07088707783404656,0.2509456675098416
0.8503977656364441,0.09613047753855351,0.20166335417084114,0.14324426306747456
0.9155195951461792,0.04874214112760788,0.09060691260738446,0.23682008991140055
0.3496304452419281,0.32944855625974667,0.06938011385018211,0.25320854800602194
0.5918067097663879,0.214917290822825,0.13366580649032891,0.2544628894585441
0.016935421153903008,0.7858194119084033,0.5313731657331247,0.8325330708854857
0.36708077788352966,0.32369766800277006,0.1260024026778095,0.26092257769127214
0.820137619972229,0.09886614486777637,0.11394545646058375,0.2402478967214237
0.6058741807937622,0.2055663414482735,0.11970664692004153,0.2507816826995911
0.1209581196308136,0.4495954048396254,0.17817904604677326,0.3018760373142043
0.3752947747707367,0.3374632871306006,0.25933632548033386,0.29459481524510484
0.8331858515739441,0.09304557102026531,0.12289142901004167,0.22345734525601738
0.008656087331473827,0.49888978660091793,0.0007481768766360473,0.2529698806877655
0.850171685218811,0.11817912371049716,0.4228410610893838,0.16436153354173552
0.9232942461967468,0.04378400937726449,0.07508306023490276,0.24780129966099962
0.27880749106407166,0.3813396845965239,0.23034884498667882,0.2971111827966444
0.6106216907501221,0.20044328667347955,0.0806478024935534,0.2502128571955525
0.2722792327404022,0.396322138599829,0.3050042110424997,0.31919604483990077
0.18653154373168945,0.5191853911036227,0.5916165456163364,0.5085967150868799
0.9805994033813477,0.015690591884662673,0.08707242547698875,0.2503756218934697
0.490885853767395,0.27010386134880354,0.17276826162728215,0.2638146863711549
0.8628649115562439,0.07303394454749332,0.06993803100201919,0.2488361558960907
0.9506475329399109,0.029917852819369865,0.08281106767255497,0.2508697143895725
0.7820708155632019,0.11495660933434106,0.08511143263778108,0.2517199503049601
0.18831796944141388,0.44383854899118097,0.31203222249993867,0.3417314402502357
0.3297460973262787,0.3384161393162889,0.06449430754565724,0.25250644054484506
0.29253801703453064,0.35881610999993413,0.06752969655928318,0.25564397840255815
0.2890668213367462,0.36355506675773624,0.08402166144860063,0.25369161384566496
0.7431259155273438,0.1352767823446105,0.09837243507581585,0.24400981856582044
0.45936599373817444,0.2811381250496954,0.1199431059060555,0.2581974613095972
0.5162907242774963,0.2572684351300271,0.1577583682318173,0.2608318011917783
0.873881995677948,0.06891539266232917,0.08040162071689039,0.25057260068390097
0.877206027507782,0.06463129894733811,0.058026199831201025,0.2501013382512851
0.2201915979385376,0.39796192315372525,0.1431665535411527,0.27544887339110713
0.2121885120868683,0.39692994380431845,0.10467057188251172,0.2557007914087329
0.22459828853607178,0.41519358369962434,0.23016199539582446,0.30350461442351523
0.951593816280365,0.035967096991979176,0.13007542489761276,0.12525511394890546
0.5970656871795654,0.20583823720055902,0.08398345898859634,0.25219638422718893
0.9936701059341431,0.006329893600195646,0.0645709266025272,0.00809579872965142
0.030609101057052612,0.8319860259608767,0.6859872580199646,0.8036341333257715
0.8581138849258423,0.07640583502057455,0.07656422151293737,0.25210239276803725
0.12849700450897217,0.4661633887322254,0.3639524600324214,0.3922590013588398
0.9265336394309998,0.04245729317344222,0.08492080589532904,0.2204032091138015
0.24898533523082733,0.42643685169935347,0.3344095250735008,0.3461933977847546
0.9486302137374878,0.02938205245410801,0.06864185278543662,0.2481755442598474
0.10784713178873062,0.5133692546528911,0.3859369703403785,0.4274400340595281
0.39375096559524536,0.33067910246083926,0.2487116446044278,0.2891617907374546
0.799878716468811,0.10367106859456687,0.06439459429023946,0.25082275377755736
0.6156882643699646,0.21170904526938555,0.19471215748071927,0.24249790710001626
0.15502984821796417,0.4448960928486187,0.4500326039386205,0.4236104092394988
0.7597224712371826,0.15066828121678058,0.25706605915335895,0.19442096272337517
0.22870181500911713,0.4816191721515954,0.4476405760459862,0.40687279359953576
0.2035236954689026,0.40278786210998396,0.056510927422256094,0.2530983160012978
0.18287217617034912,0.41164248555617067,0.06763910362350942,0.2541543252978289
0.9710122346878052,0.017998386185552863,0.06818880484796142,0.24865807044485638
0.5166544914245605,0.25375711121758227,0.151600195871054,0.2593993229649145
0.40076351165771484,0.38106889751171846,0.4602169969996019,0.3508781927497306
0.5325136184692383,0.24703335601484,0.17481411692322987,0.2553738644637482
0.10164987295866013,0.45427078760216844,0.08847710917537631,0.25219737588228425
0.610379695892334,0.20904584182262698,0.18046894827152182,0.24555352489745402
0.32391899824142456,0.360454606682833,0.25487300065162855,0.2954056933608491
0.8314849138259888,0.09489276379966276,0.13694401034993126,0.21567506116533053
0.5563148260116577,0.23016471170275263,0.08916994081176209,0.251588498649712
0.7814108729362488,0.11571691847072751,0.09953929027485384,0.23631865631588295
0.030617110431194305,0.5533494374463424,0.22825910473553945,0.3940624381832656
0.29160621762275696,0.35867506705301616,0.10336941168410176,0.2521178024340889
0.076353058218956,0.4652519724017503,0.09229506404026072,0.25320981483405575
0.56070476770401,0.28356381773615563,0.29924021554932756,0.25763810275488436
0.61627596616745,0.1961365464787429,0.07506524898582055,0.250648970150134
0.9625512957572937,0.02520109313760193,0.09114102777267377,0.2360837480017034
0.6215795278549194,0.19470160506512504,0.07884629352488469,0.2505729846828133
0.18562252819538116,0.41188493640486074,0.08895612242825995,0.2537793446447115
0.14650101959705353,0.4299053985752445,0.05575695478771917,0.2565019373180939
0.33564820885658264,0.3503014373730663,0.231687659424566,0.29128449655817634
0.40651434659957886,0.31703447119563033,0.2268341007695591,0.2798308161682935
0.5486311316490173,0.23495224718991278,0.11519382758128731,0.2521434024963448
0.6765947341918945,0.16728219088068894,0.07693384057169741,0.25156423633775205
0.10353216528892517,0.5350710375482046,0.34453499979634544,0.3829789194404398
0.7748076915740967,0.11858657104576227,0.08639187791426006,0.24793577907773562
0.30720582604408264,0.4137587959077323,0.43188416813119296,0.3719129757194275
0.9472789764404297,0.03032546939791773,0.07265105029590598,0.2461339738499062
0.6823275685310364,0.1639308524071812,0.07807004728576299,0.24985037254126763
0.05485124513506889,0.485397672224476,0.05705352582056215,0.27070454414383816
0.5971969366073608,0.21648662031676502,0.14367467046628424,0.2504803144022057
0.4271695911884308,0.29100832719091063,0.06997548720725519,0.25232171812106574
0.8600764274597168,0.07481393267309412,0.07071642375348011,0.2471594650043958
0.10812946408987045,0.4510075879769849,0.040139701661880335,0.2525914831752081
0.13543756306171417,0.4435292942798852,0.21334320108385324,0.3058601554814723
0.4940205216407776,0.3505356253274613,0.3693648997812432,0.2860328992453173
0.5503867864608765,0.2480156914131621,0.2509772419753126,0.25826755268311563
0.010805006138980389,0.49792914106221026,0.026198757214999566,0.2505419237998423
0.10820912569761276,0.6109811514173972,0.4605314969305063,0.4780773430116573
0.7736662030220032,0.11884805666884175,0.07492515486285985,0.24849731761487676
0.7925536632537842,0.12887836012778592,0.2676472112354762,0.1509228279262233
0.3044101297855377,0.4173305353502532,0.37838385001023517,0.3561336517106688
0.837008535861969,0.08796102851350111,0.09341932001791542,0.24181976148362083
0.9147669076919556,0.0479798464866205,0.08389625926274577,0.24281530033008394
0.07030162215232849,0.6037760273908126,0.44443412022214646,0.4716670670915535
0.4956505596637726,0.25683826313592156,0.07801600469541407,0.2526028269600088
0.271613746881485,0.517420638628667,0.6239231513759897,0.4960640991689288
0.463531494140625,0.2966858666936788,0.2804845207036599,0.2872118084764632
0.8867674469947815,0.06224349577871388,0.08514160958409232,0.24887080346796958
0.26655638217926025,0.3926666253075983,0.4433994284656245,0.39135512845644005
0.9607292413711548,0.02568273016988179,0.08899758704044233,0.24841327998010354
0.3927275538444519,0.3115131502137594,0.12730347414505291,0.26518749763305843
0.30088481307029724,0.3703730747255215,0.19301291626452316,0.2824444469572511
0.7469093203544617,0.13591534632765354,0.11694330019533215,0.24098260724210363
0.4081122875213623,0.32259421509246133,0.2644748786068922,0.2961811745820788
0.32891812920570374,0.3647039499330026,0.22349072672542336,0.28983890052510575
0.03631887212395668,0.4871448370405439,0.01778534780490079,0.252346902786464
0.3818485736846924,0.3204965223695747,0.2263733023377206,0.2840756942316285
0.8492379784584045,0.08114469266263252,0.08310579285624878,0.2474341091521597
0.5682294964790344,0.24036342731673543,0.24667365032907446,0.25366362327812036
0.5770565867424011,0.2199081458511535,0.11802972928293524,0.2524853033458011
0.6468514204025269,0.19266094193267616,0.18584284487828182,0.24142930442601135
0.26736676692962646,0.408877630883787,0.3188007301276488,0.33885447940467295
0.5974137783050537,0.21363418725773345,0.1649623862519123,0.2503935104182827
0.31929919123649597,0.4258451877815006,0.45149196828672683,0.37947118200903796
0.3671421706676483,0.333281257461003,0.1947349447689988,0.2814712701798916
0.5973972678184509,0.21367283654535651,0.14083222252070143,0.24792650406794473
0.5214788913726807,0.2532706273500176,0.19279231417378986,0.26233730362497254
0.16661672294139862,0.4219276078591597,0.05799837566984869,0.2528758761436748
0.7258480191230774,0.14348690363888808,0.08469922214801096,0.24685029977137546
0.3746359348297119,0.3541035733036694,0.3414921579507833,0.3193828560075113
0.7473450899124146,0.14719272661212188,0.22702203424736714,0.19286020868358156
0.37109047174453735,0.328103468356912,0.1914379628329752,0.28013686164572227
0.4497483968734741,0.2941503749580474,0.1852623596858605,0.26895020312361584
0.022557774558663368,0.4961194504859341,0.014259703996536111,0.25319088365836984
0.35047751665115356,0.35755036573507487,0.23479949468905492,0.28848218007028315
0.4881657361984253,0.27023803808707547,0.17426866773756972,0.2617529371485605
0.2804771363735199,0.4261577626257956,0.39190591683241743,0.36677076860438423
0.06780632585287094,0.517794753862299,0.3054880593374775,0.4032302700675644
0.4420178234577179,0.3139282754244777,0.31023790019272496,0.29802780268661466
0.3336535394191742,0.33933876111727246,0.09668842960762934,0.2550504550807061
0.7481726408004761,0.13147686537165373,0.07204419218643052,0.2511281179765886
0.9791681170463562,0.01674725368786513,0.09055304911793104,0.24653755608140362
0.6529092192649841,0.19669813742597042,0.21798952714672315,0.23620745973646842
0.4589846134185791,0.28556469099258874,0.23136651624744667,0.274992797251874
0.2992038428783417,0.42266903250058546,0.2811520267596158,0.3117964312108486
0.33382943272590637,0.48301811421674595,0.5110607297210739,0.3959077345009112
0.20687569677829742,0.513406828327311,0.6050474752825378,0.5129457610367167
0.9849494695663452,0.013574571877178676,0.08767576491326357,0.24250302682072755
0.2972794473171234,0.5013836999650457,0.4831646790877839,0.3968354265987941
0.41641339659690857,0.29670602672526547,0.052526010610152496,0.25133482763759923
0.43632352352142334,0.2863281321562445,0.07172447795090292,0.25214069259139454
0.6650006175041199,0.19285864447889364,0.14287009439485857,0.23489779581353828
0.04621634632349014,0.4819505171176283,0.03499662280839172,0.25932143895367354
0.6924123764038086,0.1736715761203601,0.20686203443612994,0.2324575139109628
0.3756057024002075,0.3450753912825568,0.4051635872368624,0.34083436741884277
0.5895546674728394,0.28045215074747376,0.4196808277554298,0.23548540195811923
0.5929177403450012,0.2365460902805869,0.36589628019216003,0.23949272618825657
0.5461646318435669,0.2341587697149636,0.10937265293777795,0.25397383411337804
0.5832067728042603,0.2132446503907111,0.07812970420867843,0.25028681653623297
0.5877678394317627,0.2091020511337223,0.05308460815337448,0.2504592442408621
0.9790078997612,0.014440460137928782,0.07275372498440474,0.22935831081705624
0.9261389970779419,0.042366250866401445,0.08328732020316462,0.23536532827960768
0.6301337480545044,0.1894490483097395,0.05612978555488326,0.2493970847578365
0.24562278389930725,0.4239580404345468,0.358815957555926,0.3597864791514835
0.7263475656509399,0.1783204883234946,0.3170099677358948,0.18366365622285152
0.03680543974041939,0.48970745154743284,0.02406629771373495,0.25624888351860586
0.32769882678985596,0.35048856519985294,0.15868761999727102,0.2755506398971689
0.05519268661737442,0.49399189040231406,0.3064471954372953,0.3838978604637307
0.3215750455856323,0.36760489984725697,0.4335422060044457,0.3707855585692511
0.9776535034179688,0.01745292768330964,0.08995119508030283,0.16504940948087599
0.7105962634086609,0.17223999411712546,0.27378510217510216,0.20744983800230898
0.5873801112174988,0.21383582348602764,0.11533440036113092,0.25175331516547833
0.2843102216720581,0.4328110934045709,0.47903727225010234,0.40395053427948846
0.1529528945684433,0.4753858260998828,0.5972847900426138,0.537304067679746
0.4817182123661041,0.3141567228037261,0.42701400103931775,0.3118007876493958
0.3159153163433075,0.3571771109913915,0.15282582110457277,0.27237977299710825
0.32448121905326843,0.3856453399396704,0.27649720958790447,0.31403314974926405
0.6387798190116882,0.18442272782268088,0.0682186518049034,0.251183691676379
0.8098853826522827,0.09873352282531767,0.07023297445704799,0.24715701772730508
0.19144299626350403,0.4511865421890111,0.3915887182395464,0.37275334332269927
0.0775034949183464,0.4639270068656535,0.07121795739112236,0.2517672497621626
0.7678041458129883,0.12176834969241644,0.08634318939370556,0.2496471542233266
0.25963860750198364,0.37328282379690975,0.054687248418693823,0.2533519502195728
0.49461430311203003,0.30097913111210406,0.3418794672693415,0.28417678746655267
0.8771103620529175,0.06666672925933101,0.08249699108695363,0.2500428057015517
0.14867782592773438,0.5039763009478149,0.32263806668775324,0.3654159175425583
0.34359967708587646,0.3891285440550473,0.4254970371852413,0.3530932998600832
0.11011648923158646,0.5359051789522264,0.3486796600738098,0.39701235035926524
0.22361576557159424,0.4327124957594571,0.24103491760493068,0.30451473851525573
0.4700544774532318,0.2788677352078736,0.18004698270994285,0.26538486365012526
0.8862990736961365,0.062336533941112056,0.07523754355960358,0.23083789638012753
0.7765398621559143,0.12237149660057488,0.1345754370563403,0.22891033175771924
0.594648540019989,0.24181455203994612,0.33633548612115616,0.24987871129092346
0.7072056531906128,0.15090263234699378,0.06693939581573284,0.24966777084690256
0.9414631128311157,0.0347730546431845,0.08279263912969698,0.25210676592394976
0.5581130981445312,0.23174211286401464,0.13127630707258672,0.2566906637210128
0.3499114513397217,0.32972223105506626,0.10448840586165324,0.25910760508409103
0.3884263038635254,0.3463461336168928,0.3695226770582795,0.3277987828403656
0.013974090106785297,0.5498971611157093,0.03190506028484365,0.3045423857774062
0.6426999568939209,0.20667737090713223,0.22962520374734552,0.2351615932409119
0.21684667468070984,0.40812073076146876,0.2442830062779424,0.30710583822227355
0.17029713094234467,0.43156162224890576,0.18085373386014794,0.29613289132827025
0.09558115154504776,0.5036338355961862,0.2661476973759299,0.3320624277909392
0.1406511515378952,0.43978790373025795,0.17025970283349903,0.2847779326475537
0.8226994276046753,0.09343955870301957,0.06928299252481426,0.2507838988539467
0.49791446328163147,0.26793162369595636,0.23174762462785134,0.2685610108641295
0.9618579745292664,0.02620141321944048,0.1007734264009875,0.20057959645655138
0.4543391168117523,0.31033334692296466,0.3127850037832202,0.29387202970017096
0.5445343255996704,0.26648113417921926,0.3096888367361966,0.2655762591373067
0.029897313565015793,0.5464231340109549,0.18118812756399114,0.3942176446437347
0.7086392045021057,0.19324393881474244,0.3535033842968483,0.2058074565098807
0.3427640497684479,0.40163619087217894,0.3589458445583797,0.33161201866858514
0.6031370162963867,0.20335392690497525,0.07498156166004025,0.2511671426048998
0.8324676156044006,0.0914213736800592,0.0931632772646431,0.2325844091202451
0.954130232334137,0.028110578918307396,0.07958770996266275,0.24749819627675784
0.29966315627098083,0.4685837704458639,0.5812269140233636,0.4499318891351875
0.7913280129432678,0.11016049163164399,0.084370135828095,0.2475387425549423
0.30453234910964966,0.4355393146922419,0.4431184917067668,0.3818401838244502
0.8470744490623474,0.08647914336587276,0.1253879405585616,0.21988132380474762
0.3773359954357147,0.3168476147707148,0.08935211423597482,0.2577249735943383
0.6347211003303528,0.19316790210121412,0.13355101736092184,0.24611732352150262
0.4293769299983978,0.31118522751826805,0.17166824926382973,0.2691904638438064
0.4976915121078491,0.2545410548945786,0.06802878478396061,0.2519205004887056
0.08120965212583542,0.4781723062723282,0.22805942112537284,0.3251523412515255
0.28949326276779175,0.36093319524927336,0.08152061453454587,0.25523691136605864
0.6909220814704895,0.16280865971193062,0.10664059160754735,0.24409675983868548
0.4570541977882385,0.2955133516775063,0.255536107576457,0.28011518332851193
0.6352602243423462,0.18995351196344265,0.10998715987596837,0.2504166096199255
0.6171860694885254,0.19378337635280796,0.06596929023467626,0.25082535702879327
0.2722540497779846,0.36810095002237003,0.060465007812649685,0.2513785890316315
0.6458308100700378,0.18228318609125865,0.07114731291831856,0.25110699294902217
0.4431159198284149,0.2991402664889051,0.2858879756929776,0.2895808719366441
0.8245043158531189,0.09169587131806124,0.07111715479318358,0.24883638474872774
0.11314241588115692,0.48732763723774,0.26920963550036237,0.33734284971316586
0.28718018531799316,0.3593824387992739,0.07468318546184693,0.25102751816994306
0.6923341155052185,0.16182508995583578,0.11520111342352111,0.24174591655078403
0.4786265790462494,0.26851585435775666,0.10927936922709353,0.25583376390480184
0.5305765867233276,0.24367133393529514,0.11776002845363547,0.25474697415101244
0.21557877957820892,0.5387025146480021,0.5904520516346103,0.5156839973425352
0.9217202067375183,0.051647374764457896,0.14765539385979415,0.16016961409207653
0.9606652855873108,0.023624445187120157,0.07496007876489286,0.23184722085329507
0.1914176046848297,0.4115194568723723,0.21807472276038614,0.30271344051188964
0.5511887669563293,0.2304497065745173,0.10090987504742169,0.25093625163488564
0.18917931616306305,0.44691291502845565,0.41451326534178534,0.4040144754269184
0.5995769500732422,0.2124343014938311,0.155251314368434,0.25211836565957685
0.05642366781830788,0.6183302630688241,0.3012570278669008,0.44888434191745763
0.9822376370429993,0.013316199962892336,0.07496779151164822,0.24646088362400495
0.3229124844074249,0.34176848450034314,0.055909108770263546,0.2516579816456696
0.9022421836853027,0.05321331566601547,0.07513989781915258,0.25006586306195744
0.6106084585189819,0.20147699774556002,0.08899024633414813,0.2505915925602871
0.49526247382164,0.27225658706174927,0.24012532299988995,0.2755224642176497
0.1825573891401291,0.5257774179239758,0.525303814773866,0.47499022082968684
0.28808069229125977,0.3693001810254851,0.27200796239228187,0.309801975574712
0.8510172367095947,0.08246668377017169,0.10494434939047187,0.22722187637769614
0.8825626373291016,0.06574105356017643,0.09662842892106512,0.2420343739197784
0.010000483132898808,0.582590906046619,0.09979272086477721,0.384343421511195
0.7256073951721191,0.14039298073292383,0.06489814350937935,0.25071850986024014
0.43995532393455505,0.29050515453381814,0.12493883545198922,0.2618971718028421
0.48000141978263855,0.29244563846270316,0.2543552279995475,0.2745328966588796
0.24114948511123657,0.41411693215016215,0.5254909489888645,0.44608869766244735
0.44796788692474365,0.31251742881051164,0.35477550500693833,0.2992260916451892
0.5187563300132751,0.24559689622955513,0.08104000541035271,0.2522133677381901
0.3642384111881256,0.33329268900685743,0.18547144653744996,0.2759420740531884
0.1295383870601654,0.46328364433894237,0.21805164477004702,0.3123995369487409
0.8747742176055908,0.06997790487587302,0.09116228936647551,0.23481198985594465
0.027931924909353256,0.6173893375070926,0.2729649760885577,0.45807792321039337
0.9892328977584839,0.010767094790935516,0.08179757073451033,0.012779748825694293
0.714762806892395,0.149760151161068,0.10076630160856155,0.24628289875635795
0.06752115488052368,0.7500034129926609,0.6610865100022754,0.6966023335726972
0.9833797216415405,0.013473519885355925,0.08092335917339333,0.2493540285786455
0.8395982980728149,0.08374383772470524,0.06837375468836075,0.2507500466459773
0.3322562873363495,0.43465202242911966,0.5775438420792793,0.43226687290039395
0.5244219899177551,0.25088304159598335,0.1617864933818014,0.26080223978953765
0.43438372015953064,0.32095658869043886,0.2451223788979753,0.2819285117100771
0.3902619183063507,0.31825708404644143,0.23380403346103504,0.287867239635839
0.5439209342002869,0.26978497861518597,0.3199154367591562,0.265977955388379
0.492409348487854,0.32289961436465564,0.3132505634312025,0.2803430513655162
0.7207347750663757,0.14621938307413493,0.0958453541695665,0.2447563706733347
0.18115022778511047,0.4129106036618305,0.0708170071857389,0.254098235083949
0.307062566280365,0.36233103317981724,0.22828841135856456,0.2974434670191053
0.23290862143039703,0.3907533785530206,0.15303729741522556,0.2765847113991893
0.3655156195163727,0.3348908368004594,0.2263371098199254,0.28255694563689804
0.8988690376281738,0.06974181683137516,0.18816831913082913,0.15153490605831177
0.4972912669181824,0.2658807239756997,0.13029788793150243,0.25589923198311965
0.697985827922821,0.1671159540557717,0.17671622072316734,0.22526800302992944
0.021419111639261246,0.49087375834807384,0.03160194150018227,0.2537540826624962
0.2646898627281189,0.3769221885687414,0.22078926666630033,0.2945214716049527
0.8964367508888245,0.05707802971110006,0.07792209556032438,0.2411934870420465
0.40994352102279663,0.35660097270441715,0.5195100632308138,0.3678109722073458
0.0966007187962532,0.4580118850192478,0.08870845870775215,0.2644902662947568
0.8221873641014099,0.10433032865289049,0.16126406498632895,0.23319607476791146
0.1318047046661377,0.4452599792671494,0.1386888698978894,0.28403686413581425
0.5020720958709717,0.25839353108775887,0.10412478355959584,0.25793703815548974
0.15501050651073456,0.45265561110928115,0.2989546309611826,0.3527014279096491
0.5517699122428894,0.2422913924112163,0.1662874687095643,0.25619039726233195
0.5308321714401245,0.25181972564981586,0.17849265467333025,0.2565386785406785
0.9882121086120605,0.011788022704422474,0.08572428675332124,0.013778829255546679
0.11814138293266296,0.5153765292583787,0.3082225645918613,0.37085564050771425
0.4853777587413788,0.28372829863752663,0.22792505052369919,0.2696319124653775
0.23552079498767853,0.42169963004142436,0.2982442343601716,0.3251751502872433
0.6017200946807861,0.203329719911658,0.0736928059149776,0.2515724961594611
0.29108574986457825,0.3720011491786236,0.2889105338723331,0.30961626906002215
0.0628545805811882,0.6056353712414092,0.5471554272022057,0.5677216063841785
0.9511111378669739,0.02766072824818055,0.06348571194315634,0.2432365943279547
0.7776099443435669,0.13165105701301935,0.20269296123858996,0.21083200730907664
0.886027991771698,0.06274285364951025,0.0841693769475509,0.2470139935805532
0.4240226745605469,0.3499139733653611,0.4083766282423132,0.33337632086274255
0.784145176410675,0.11400425554851258,0.07650832086284312,0.24864303729095372
0.1188870221376419,0.4944206906803777,0.33138511350408206,0.3880894461815602
0.8280689716339111,0.09015450949819415,0.07423958064419825,0.24391753321888396
0.05392192304134369,0.743013183609148,0.5556255022049773,0.654043605135709
0.056449782103300095,0.6643891280528733,0.5338789592855308,0.5812200073491159
0.6043326258659363,0.2037380521006165,0.07073896810716947,0.2495504632773745
0.2728191018104553,0.39308010502243024,0.27108818993291484,0.31212155945560066
0.152918741106987,0.5348289416989555,0.6513997196537586,0.5935219060383861
0.6039183139801025,0.2055750229674226,0.10503267255106122,0.2498099004182232
0.3571200370788574,0.3510217678442881,0.42510126038935386,0.35611696351545624
0.42511579394340515,0.37073099491816675,0.47383040600704585,0.3516471472447287
0.3593674600124359,0.33675787919997036,0.20500421335766314,0.2805309149437855
0.5535035133361816,0.25140614198777583,0.2796235287344407,0.2650604086695465
0.8758363723754883,0.06545878561167007,0.06262155357340092,0.24562517368085027
0.16528582572937012,0.4222069484497132,0.08665368086341357,0.25502399989975494
0.905706524848938,0.051483133628372736,0.06606746742734171,0.2477319966028329
0.2040514498949051,0.4016651898599627,0.10002604756644216,0.2516197977768716
0.1037975400686264,0.5206777947806271,0.3758525876803127,0.41771494910793994
0.4782755970954895,0.2695603783428681,0.11961443358940388,0.25660428842502125
0.36652716994285583,0.35626097040349985,0.3416772524514429,0.3194640175725156
0.7472703456878662,0.13758978053262905,0.13401615839587427,0.234821610789904
0.6859057545661926,0.18147944733421356,0.2945399966620453,0.22427327863106283
0.09585690498352051,0.5735071654121989,0.600316622691096,0.5778915919528047
0.9691980481147766,0.02216626958163027,0.09382197211087569,0.25189780432511366
0.9871726036071777,0.012436763679835887,0.08638372222399608,0.2494339786618215
0.27410805225372314,0.36753803567594295,0.0992878871844161,0.25165827540863384
0.5743799805641174,0.24132050894892887,0.3070818590401553,0.25121340383289387
0.3426485061645508,0.3434788572321091,0.17773699667428913,0.2748299682512758
0.3043316602706909,0.3602470514271306,0.14871562700334764,0.27037910634680495
0.8531111478805542,0.08271966009950622,0.11685477633243187,0.2304434857923056
0.17664197087287903,0.4520069192520174,0.3958280896924438,0.4020005150981385
0.08876768499612808,0.689917015594013,0.4878582744595848,0.47390973467541314
0.5936391353607178,0.21986342958759245,0.16656417588469438,0.2519863848044688
0.7987750768661499,0.10533829063443889,0.06817993339329294,0.2463152549166347
0.557761549949646,0.2261364023159611,0.0720073973007302,0.25184775794724046
0.45748811960220337,0.27923572282435416,0.09670659153133529,0.2559546525591686
0.3154223561286926,0.34697293570610843,0.0819528844205049,0.2540389402574462
0.7456803917884827,0.1384162565698307,0.1322122668504038,0.23182043782994005
0.15974736213684082,0.4353950208356291,0.24147734269920976,0.31370706625765693
0.9685788750648499,0.021198904319074865,0.08411339196617225,0.23443249307243358
0.3492160439491272,0.3296713813184232,0.0696530815603306,0.2531195781905725
0.10108005255460739,0.4887895162323745,0.3138220195670429,0.36857317826393865
0.10397004336118698,0.49832299425455373,0.43814933942287554,0.45755705294803345
0.5007173418998718,0.25463053351097814,0.0740871415182906,0.25069309058774436
0.8918136954307556,0.057257894051243326,0.06197545804699719,0.2401306846167593
0.27863138914108276,0.40570769474332413,0.4326535623565279,0.37935471474337507
0.056357450783252716,0.7349721094205812,0.7184085251511649,0.7413023787616191
0.7082009315490723,0.15006047722411883,0.06564265075738557,0.251653835746691
0.5396295785903931,0.2408387080514887,0.14174485525370906,0.2556815883541885
0.4540209472179413,0.28054510007792827,0.10725416659213109,0.2579732487323441
0.4413415789604187,0.29284145256248895,0.1486126277652191,0.26627559854901417
0.7345819473266602,0.13897778621221682,0.09617862075248779,0.2470186698082858
0.5622622966766357,0.24973033730618974,0.2804330096964931,0.2529154377396713
0.08765122294425964,0.5198374595449284,0.5520695386217388,0.5680846046337662
0.805418074131012,0.1049911277209592,0.09237418972354325,0.23480356390616558
0.3033532500267029,0.3548485114801987,0.10626282556769252,0.2584247909383024
0.5092535018920898,0.2550602513673451,0.162569745055507,0.2575953833052731
0.30185866355895996,0.36966894694575764,0.1858227932086815,0.28264807597121966
0.8922982811927795,0.05909104202121912,0.07667719780634957,0.2331898306067171
0.4121076762676239,0.3430070405099957,0.34547517589272686,0.3130661587097733
0.50895094871521,0.2673473040352088,0.300428593582269,0.27668306366300166
0.25664791464805603,0.5349718755645484,0.4863527737478897,0.4156972987368178
0.947267472743988,0.03347798230105079,0.09887768192923274,0.21309332846949375
0.8944395780563354,0.057861277599086804,0.0772335579083321,0.23201663381088317
0.3009500503540039,0.43417652335526524,0.36515282713876873,0.3461846791087939
0.43827417492866516,0.298656565617452,0.22588230648713722,0.2758250317075407
0.4324568808078766,0.29654062052778424,0.16522227716870544,0.2672590893731004
0.23056739568710327,0.49057064593268684,0.39970575212078197,0.3717763704103826
0.052831534296274185,0.7013682330204444,0.555600547791332,0.6377579114223141
0.09957057237625122,0.5641787647218972,0.5724779297706775,0.550986202164747
0.9758320450782776,0.015157096057991534,0.0637492339993325,0.24860881085406375
0.6764335036277771,0.1723095913501344,0.12499987630006895,0.24127562050230808
0.3926610052585602,0.32614912947208846,0.24114668569214887,0.284806343898489
0.5483176708221436,0.2320960687470811,0.0860636381405017,0.25164972937404384
0.11127576231956482,0.5809195949681243,0.5123436711774045,0.4930414621784846
0.47714564204216003,0.30506058774720257,0.2986853427211072,0.2796413720411216
0.41716229915618896,0.3152827346415011,0.2816059839826793,0.2916243508220661
0.15352904796600342,0.49016235785084233,0.43102663153639087,0.435093971235719
0.20443996787071228,0.4493999809534931,0.3850951203992895,0.37316417182686323
0.7608165740966797,0.12941551533428475,0.12558422580960732,0.23948176407818192
0.3676181733608246,0.3245128209381319,0.13519833058839403,0.2643876301130294
0.8425089120864868,0.0838755430735688,0.07701490084358785,0.2514665736520001
0.7246682047843933,0.14721124609516792,0.10486494483926778,0.238452370399586
0.47168493270874023,0.30381892171058233,0.33022237703104695,0.29241646644135866
0.5538668036460876,0.24931284119244967,0.25130683935172937,0.259647792933113
0.38849517703056335,0.3101203123988824,0.05306157408596134,0.2515669743733312
0.901106059551239,0.05543182640923414,0.08805376751708918,0.2338895694698209
0.7526160478591919,0.13812917522342685,0.1495052855590846,0.23177798087004908
0.7315257787704468,0.14497115356636903,0.1378804909952118,0.2393561294275823
0.4797155261039734,0.2826974018837323,0.300147068803918,0.2879492775681096
0.4140823483467102,0.3018334061548839,0.12997147092155723,0.26170653029915003
0.09602401405572891,0.4555731265060229,0.08692518634100206,0.2525233272465379
0.0348440557718277,0.6460835491101817,0.35062647655597967,0.5135329318534473
0.5009815096855164,0.25543356328544375,0.09917181990282894,0.25315557974498537
0.29633399844169617,0.35664828701589013,0.0766137533490615,0.25441006192254556
0.7683133482933044,0.13619090701471462,0.19781513270802556,0.19718692925723721
0.6217467188835144,0.20547485444986213,0.2060513362518798,0.2434770257172293
0.012916411273181438,0.4989035330200139,7.216382057998368e-05,0.25134067721778264
0.20602405071258545,0.4219339650323058,0.308796330121604,0.3335151938601104
0.7196593284606934,0.1498562888927811,0.12376937389393783,0.24042091191108145
0.3009048104286194,0.3842111297433089,0.38935877389502654,0.35676447602325373
0.6412897706031799,0.18795242024830836,0.11662257660386247,0.2479272693195359
0.34801754355430603,0.3418400221786211,0.1742588788992988,0.27481361059502885
0.3328705430030823,0.3515294659569931,0.22033797742393993,0.2886016555773
0.39594805240631104,0.31579865426811565,0.19182969127571067,0.28038044376984217
0.9111607074737549,0.04802442081646434,0.06346071274474385,0.24933875767927977
0.837327778339386,0.08644070151519054,0.08038477584702879,0.24659298422953813
0.03610149770975113,0.5174952572302018,0.3345509463103498,0.5146196790814557
0.9790089726448059,0.013831724514107966,0.06701254853079974,0.24197428003843874
0.09104911983013153,0.4579383270945494,0.08219033319163137,0.2523380254783887
0.23136064410209656,0.462973530042489,0.6446345841017685,0.5301478624150704
0.7674450874328613,0.12497811285681644,0.10886753697898449,0.2399769613062276
0.5920619368553162,0.21617190023515087,0.14887161322699052,0.24804913505031725
0.34302911162376404,0.34554121336378646,0.2217455723008146,0.29019100960751
0.37564554810523987,0.3186074632358105,0.12275080100985805,0.26177953864323844
0.6007444262504578,0.2050994695736404,0.07974531962554592,0.2514381383358151
0.5094311833381653,0.26229318453663497,0.1874486333065947,0.26293041398173744
0.4181033968925476,0.3385511721876934,0.3407636271448718,0.3091774719609601
0.637002170085907,0.1855040807522296,0.06826741170631859,0.25048323555272356
0.7178022265434265,0.14556098021276817,0.06752772857746082,0.24835216435678295
0.7689872980117798,0.12586994601167908,0.13113809829942213,0.22091427797650565
0.6580535173416138,0.1767273172177185,0.07897924920414202,0.2510592521984886
0.1801687777042389,0.4137284878242009,0.06780969747950229,0.25261265198748106
0.3091519773006439,0.35042633854187555,0.11145389733952053,0.25689824053984606
0.23654137551784515,0.43122823161516244,0.3490351926114243,0.34947320747492894
0.7556186318397522,0.13804286483436842,0.18520276587411602,0.21064593685073074
0.3451966345310211,0.33918949793920333,0.25904082011878055,0.29969330533613114
0.8957515954971313,0.06740085892106507,0.16554242542626174,0.1902289326341493
0.44065946340560913,0.3594034283535605,0.29891236022261714,0.2990082244801313
0.7895637154579163,0.12025395371897148,0.15856850061529598,0.2015279421629662
0.6846385598182678,0.1659135073598596,0.10340342299791806,0.24232197487873358
0.11697260290384293,0.6992044643198047,0.6220834110318936,0.5961850772690943
0.06869287043809891,0.5157839545275917,0.22160162986911305,0.3654909529870409
0.8743554949760437,0.06832701293027618,0.08475049060662461,0.25069621719202356
0.8591355681419373,0.07441297482988896,0.07493266174736872,0.24975508680658748
0.31626802682876587,0.34658869704717826,0.06199871029989862,0.25146727472971364
0.7164475917816162,0.15493784764650784,0.15452784852785625,0.22075495328506486
0.4205499589443207,0.3195386328633461,0.34999674399595226,0.3182619205649915
0.4956727921962738,0.2578274079150309,0.07986189727644118,0.2511887270236357
0.5569761395454407,0.2331260312117345,0.15590765248903105,0.257801239720679
0.15157809853553772,0.5038353506093005,0.5471448821681777,0.5173980500254729
0.5535943508148193,0.24000734263376108,0.21539341370956844,0.25569730719190564
0.43567532300949097,0.3823572020538769,0.429712855794584,0.3246261685029825
0.37789449095726013,0.3349164955661838,0.2419901933205059,0.2880839578805762
0.4397951066493988,0.2958492815085556,0.17275815061774377,0.26915962850105957
0.44233524799346924,0.2967583838428551,0.2712549932448964,0.28760712314831405
0.39451128244400024,0.3731371352597831,0.3651415826552353,0.32255328059387783
0.02888101153075695,0.5462410778775028,0.3014499944024465,0.5598502166895832
0.9359461069107056,0.038562527634631055,0.08491866713555597,0.23788498009134457
0.6100135445594788,0.20755821418597298,0.13792780170563892,0.24711562432463047
0.19260138273239136,0.40734667474810377,0.06626371927889205,0.25288288415167537
0.05188879370689392,0.7243996460160598,0.5702247459664176,0.666253177539712
0.7256875038146973,0.14606459039464637,0.11007489165858508,0.23652228477452764
0.9284770488739014,0.042369578101715245,0.09360703184929067,0.23253895259733182
0.4506366550922394,0.29742634356973324,0.287103073496988,0.2921430206123485
0.5360568165779114,0.2682264498740764,0.27198094767226016,0.2687505475274571
0.47462013363838196,0.269884354322646,0.10877671138521802,0.256498363980987
0.16129882633686066,0.44280280109102776,0.2666278092369744,0.3296585757792249
0.409789115190506,0.32325298100829297,0.26344618928489466,0.29146286231092466
0.42335692048072815,0.32030956530473426,0.3002387486063612,0.29437712943527167
0.8480536937713623,0.08183331893394437,0.08587238456907345,0.25003748778447493
0.2036423236131668,0.4316748684554848,0.2745153126450501,0.3378098668981722
0.8994563817977905,0.06653491991098198,0.18933034787913808,0.1221802347513866
0.360223650932312,0.3599673767800632,0.3111136431654138,0.3103586828620887
0.45916658639907837,0.3157646716873951,0.2780724129575581,0.2868281208513145
0.06470678001642227,0.47459852927724333,0.06379865218305077,0.26025301181060845
0.46738266944885254,0.29055680588158217,0.2216371810563678,0.2695863066071418
0.26942530274391174,0.3707215891264824,0.07535554050522261,0.2518297650394734
0.24525125324726105,0.4665899360913556,0.46426065713327713,0.4119894945424629
0.24923650920391083,0.3796904680031223,0.0887062000619036,0.25856147427204657
0.8298346400260925,0.09353291002814156,0.09893181501272111,0.2366820431819755
0.25651270151138306,0.3765988294045707,0.08442472431153383,0.25394932077785537
0.6376537680625916,0.2060798395464248,0.33175779095377367,0.22924471297666366
0.8153998255729675,0.09794835160272578,0.08874905501675986,0.2510342665374884
0.46227124333381653,0.29642223397162903,0.35804817693700774,0.29948874370476886
0.2081603854894638,0.4239751983463842,0.17486568798778687,0.2849781831635451
0.09304516017436981,0.45775895311563686,0.0639940351220296,0.25784468686601547
0.44784843921661377,0.283609767248143,0.10983305562670058,0.25743619632900117
0.02628246136009693,0.49333528833570833,0.04548857720383034,0.2574219896714781
0.805153489112854,0.10224698830616465,0.06877235245851286,0.2428850428233397
0.4915701150894165,0.27178661982457936,0.3259374083977415,0.2852579226062171
0.11234451830387115,0.4462593146300058,0.09013529869763368,0.2533771419167072
0.7341991662979126,0.1370192994545881,0.07704835048329715,0.2506247414691013
0.41702523827552795,0.3083228660911145,0.2083857957354359,0.2779168289179492
0.5976116061210632,0.24720354038461725,0.3207181591711797,0.23298084897292062
0.05207863822579384,0.6131927071046128,0.6278249468158453,0.6579157942899057
0.9113680720329285,0.04960985771477622,0.08266618238640622,0.24197832211621584
0.40136823058128357,0.3268589371802975,0.29019691897193717,0.2974907143932901
0.6106823086738586,0.2044764759699316,0.13309950557263173,0.2508642702436342
0.994025468826294,0.005974451545625925,0.06314944345415886,0.00793438213763993
0.619337260723114,0.23702863663613016,0.32606339203031015,0.2553272358140337
0.5723912119865417,0.22014219902285195,0.10921610606838854,0.2520546472539068
0.0757281482219696,0.4669373255555374,0.03677527669757479,0.25372453903973413
0.5544848442077637,0.23490500189486657,0.15551554319510835,0.25823278127793836
0.22143830358982086,0.39219962285165016,0.06013860040230569,0.25463047349376045
0.9724893569946289,0.018317208882125298,0.0779634219992475,0.24086150845096813
0.706656813621521,0.1499990475969025,0.06062524268900272,0.24848115843255958
0.02542276680469513,0.49779989367730104,0.07854121275514041,0.29189157628903
0.9848674535751343,0.010231841175824789,0.06173336262713478,0.23659647073851026
0.290161669254303,0.38544498579031405,0.2997578538864244,0.31681904110728504
0.9935539364814758,0.006446119397878647,0.06510479451869217,0.008485153204522892
0.024219755083322525,0.49869577692430705,0.3153688947820707,0.5961124032951324
0.5083901286125183,0.24967319961024184,0.07726527493109406,0.2531374930492859
0.8695809245109558,0.07367149480546033,0.1190199360429915,0.17250193833119432
0.42301544547080994,0.2961232769907798,0.16116007604106516,0.26759589903773734
0.21830718219280243,0.4736342105770009,0.39190686756431475,0.3726051297857211
0.8371641039848328,0.08810312606038531,0.07962665003461711,0.2446193616564954
0.5398370623588562,0.23782656443523986,0.09089475636549314,0.2525155905893709
0.5459636449813843,0.2319462926083874,0.08441021561733705,0.25145821280493214
0.6560562252998352,0.18082677329021654,0.1294950789025694,0.24160996535336626
0.12142354995012283,0.4426831560756384,0.09464801136637939,0.25174841268438874
0.31253379583358765,0.3524232462629542,0.17812967367379368,0.2786503417845896
0.7920053601264954,0.1077234505399247,0.0695824001384031,0.2474238059226022
0.1272522509098053,0.5359326017189333,0.45758082437859976,0.45359035296207684
0.34336668252944946,0.33468929564174227,0.13082201882742203,0.2642366370795747
0.685781717300415,0.16567212471044632,0.09000911743959195,0.24376987827932706
0.7637830376625061,0.12550936943383711,0.09082520234174106,0.24014597853254574
0.3459599018096924,0.3367284962212523,0.17573215268834577,0.27735387575777876
0.2381916046142578,0.38824254969390837,0.14400561941561563,0.26542916524551385
0.12607519328594208,0.4854674050446246,0.23945894279802166,0.3309553282356827
0.8556629419326782,0.0870607894446438,0.15163947857943358,0.16681139276017876
0.15772612392902374,0.4348060900288922,0.21554513312552967,0.3048167063171688
0.8634442687034607,0.10240206625488638,0.26642569634941643,0.170079739433005
0.028709376230835915,0.48847943510707287,0.04006155846593341,0.2533400755640782
0.32834309339523315,0.3443381585758424,0.1305391262051646,0.26624035601542295
0.318361759185791,0.35445667514943846,0.19383678009324024,0.2856571203088558
0.18189723789691925,0.41179825257131175,0.06287206495633249,0.25288297693620754
0.6610040664672852,0.17507476337579025,0.07673913420684332,0.2504550939389658
0.8762565851211548,0.07286124300336837,0.13678357290434776,0.20395647040908252
0.16323383152484894,0.657268392177107,0.5674772751122934,0.5154438223517775
0.38081875443458557,0.31608601344863796,0.11339060966405913,0.26019561825603554
0.9694399833679199,0.021589571781849917,0.0909483505820493,0.2501300783194026
0.45214948058128357,0.40615800782379197,0.5049830145913203,0.33654969976851035
0.4912174940109253,0.26876097370886975,0.164672444767797,0.2639790816661947
0.888164222240448,0.06133763362944685,0.08549260279633394,0.24224902721270342
0.3997042775154114,0.3060187645094912,0.0996028694950342,0.25710503300135223
0.5972594022750854,0.21480367087525884,0.17784363013829516,0.24929947363754468
0.9602962136268616,0.032537810726440825,0.1481334177790715,0.15190959264159465
0.1837257742881775,0.42535470491202254,0.14252159802453987,0.270931906405501
0.37971800565719604,0.3391104811910693,0.36807965197568526,0.3307266488115133
0.47362127900123596,0.27765213370194625,0.21471760041830618,0.27413805331578855
0.11310194432735443,0.48384807444678696,0.35703188998133745,0.3963570964896982
0.423723042011261,0.31677902630513016,0.216756327295579,0.27649784206703815
0.3824228346347809,0.3151396699352013,0.10010594646677289,0.25493181789334934
0.5267191529273987,0.24378344486445308,0.11153145008036361,0.253130609613352
0.2596733570098877,0.4023906290136395,0.3178569784057511,0.3353865754111388
0.4530850946903229,0.2796641577368536,0.08811485738553737,0.25376862328149447
0.39817801117897034,0.30344809361200903,0.06135556961070993,0.2515814552045027
0.3430275321006775,0.3489605686202045,0.33679762367234584,0.32002847629996833
0.5612946152687073,0.22516905420663927,0.07912021230214862,0.2511643757220544
0.9459166526794434,0.03341662916700503,0.0919464789448793,0.2343418082989866
0.9538936018943787,0.02838350997667117,0.08432058211637454,0.24011724741941481
0.08398891985416412,0.48269390631717624,0.17610858258804074,0.3035760804109144
0.592886209487915,0.2075210204845217,0.06098633461716598,0.2521746296152618
0.027982117608189583,0.4873559112132449,0.07872887544258575,0.2515934188446072
0.20502658188343048,0.41509319553745183,0.17852528703472936,0.2954147795028126
0.18768246471881866,0.40952540397090503,0.09632556795662624,0.2575577827616447
0.754686176776886,0.13437108314261906,0.12975762605588792,0.23804202438257366
0.28383809328079224,0.3660385500598002,0.14198353285237378,0.27019131017450687
0.2507048547267914,0.6065704721520164,0.6947502424875185,0.568680153903203
0.8312302827835083,0.08897399908208642,0.07674492516553594,0.25061001040399145
0.9443339109420776,0.03127155526015586,0.06898392594198953,0.22186762712784502
0.4715990722179413,0.2916311693218688,0.25050971390042265,0.27539849971696606
0.3737795054912567,0.32715615522406516,0.18176869888045688,0.2803110564843421
0.6697355508804321,0.17169320034180433,0.09615454492790632,0.2510230499381342
0.3474806845188141,0.3425469160535933,0.21755451057678038,0.2849108648730909
0.016388174146413803,0.4965806875202125,0.027829305702059402,0.25264859903224557
0.6491499543190002,0.18069892461626408,0.07788701089174231,0.2517123800982579
0.24783997237682343,0.37961479728802006,0.08323799136830769,0.25388064166665314
0.6855102777481079,0.16508549744504944,0.10432798381024831,0.2467480434519884
0.22897469997406006,0.4030963956203084,0.1252297460345904,0.2680022853939883
0.4221790134906769,0.3106084977565243,0.2506412130061247,0.2863927144315884
0.979864776134491,0.013178852404665924,0.0674495194186472,0.21585139960264077
0.2614792287349701,0.37381741633795784,0.046199480498344346,0.2532928663854963
0.5607554316520691,0.2458913505308246,0.21571338746078558,0.2616773139979708
0.6020275354385376,0.2205668949960175,0.24937443076937144,0.24611835944369348
0.19356615841388702,0.4365547209499954,0.29402017190449425,0.34446577537891
0.33739030361175537,0.36161356008036455,0.38615917975482655,0.3429833980150251
0.916368842124939,0.04691284252798725,0.08122201961794996,0.23651880523510466
0.19936542212963104,0.42909372918188604,0.3952242163683876,0.37242470244167525
0.767127513885498,0.12763381019458145,0.14359707814034278,0.22087464784006997
0.625004768371582,0.19448251741885733,0.10301169979982452,0.2518537302454912
0.5666239261627197,0.21971121328756887,0.07036497289530735,0.25137704778494796
0.5006536245346069,0.2767494232016472,0.21715419474370182,0.268591236752739
0.3803674280643463,0.33754422504128156,0.25335271087750855,0.29209142002540717
0.0429878868162632,0.6408494616995902,0.41639460353223146,0.5332220562577903
0.5583750009536743,0.23695689255717506,0.17848491209304226,0.2585103782016309
0.6187121272087097,0.19352586901366647,0.0717449308043525,0.2522361359301951
0.6338321566581726,0.26289428227877765,0.5314937166565328,0.20341929265668668
0.4918272793292999,0.28978388798762034,0.30103745941584764,0.2829973204538569
0.6827659010887146,0.16777184933546066,0.12332434782127696,0.24550011165223856
0.513570249080658,0.2693233242953156,0.14942464635983074,0.256355356911108
0.5109392404556274,0.2628998626838421,0.18740264833183004,0.2627615576500819
0.5140156149864197,0.2669632948437849,0.23950430733701072,0.26719885111200553
0.11572930961847305,0.5243458454914565,0.33544471586730995,0.36903716589579416
0.2775377333164215,0.3634384046612801,0.062124832552271456,0.2533565078057147
0.9881042242050171,0.011390564348467094,0.08157404785427513,0.24967121738148626
0.957969069480896,0.024390677110719815,0.06655159701751907,0.24057195972470638
0.6115213632583618,0.2002807090076197,0.07851437465327778,0.25159395454567013
0.4667016863822937,0.2758292784627671,0.12008827923872707,0.2578931988949507
0.10925956070423126,0.5479957855581846,0.4354092712787635,0.517876596533213
0.47415608167648315,0.28922295218812244,0.24794918550152392,0.27386549743136857
0.9235641360282898,0.04252924229061324,0.0695558745094132,0.24726716840212684
0.3453512489795685,0.372879212386882,0.2719830221089188,0.30134394765418404
0.3951294720172882,0.3109835109842614,0.12138333415035384,0.25994783783392256
0.0158710740506649,0.5181107411621411,0.02824540480567172,0.26979413005124364
0.7656269669532776,0.12610060412339386,0.11976109987257966,0.24372686775943478
0.5842963457107544,0.2114677010013584,0.07823322424590265,0.2512841248839135
0.44987088441848755,0.2850166536393043,0.1329650217553618,0.2601425742208834
0.5611668825149536,0.2243526285444464,0.09552131745220822,0.25378119592799897
0.3145657479763031,0.3539937843595803,0.18479196727439576,0.2794973065033687
0.7727312445640564,0.12104935491860402,0.09647843069304446,0.2425707412629204
0.795925498008728,0.12254829027712517,0.19118603004818233,0.17529309094936407
0.19869309663772583,0.5189755145745896,0.5574587524754466,0.49470399528247244
0.020622972398996353,0.49163841840254835,0.003406475577822734,0.2530551131974521
0.35261815786361694,0.3871532574083147,0.33637504117200173,0.3221489745067949
0.9613826274871826,0.024942506184075335,0.08647575645300219,0.23565067343522778
0.44229355454444885,0.28811071206715005,0.10784338476429348,0.2595058799637332
0.04391229525208473,0.48416295688428507,0.021253689960715732,0.2521256011497688
0.7801268100738525,0.11658541294406331,0.09556763813656628,0.23841448910345558
0.8666608333587646,0.08119849625872787,0.1599412793405891,0.15821351240711135
0.29319536685943604,0.36957488170016467,0.20914262131415146,0.2898251534009866
0.03301859274506569,0.5377692312695538,0.2520274275932988,0.34755068995491467
0.763831377029419,0.13052066838858503,0.14270857903008038,0.22100722017292346
0.10119407624006271,0.4562365980596637,0.08870761196463929,0.251730054495348
0.35664689540863037,0.37205700639571854,0.37186311036176295,0.3347901370680306
0.3219395577907562,0.4471474193313859,0.4611061622294936,0.38391947494078826
0.38937821984291077,0.34348408881619474,0.31068510688134454,0.3075111131526145
0.36406147480010986,0.32909270699884724,0.1699790085953481,0.27268077678481867
0.9873583912849426,0.012641604989767075,0.08893136798707256,0.014524876566749795
0.011272860690951347,0.5147483047431888,0.039769222122513985,0.28963792157409135
0.8040152788162231,0.11721457317839662,0.1911934411907525,0.2231833469222788
0.696321427822113,0.1569062017606084,0.07125900942396837,0.25060342766655375
0.40777111053466797,0.3110435564655188,0.16199907603701175,0.2706967236568693
0.5980873703956604,0.20585415176489644,0.07744590765617104,0.2510854952223598
0.6071308255195618,0.20756162929902242,0.1152363933534877,0.25114108227527454
0.9055656790733337,0.05532966774506575,0.10698269412953751,0.2008213846594375
0.3221203684806824,0.343173441757246,0.07640450424228602,0.25532554256648454
0.37322837114334106,0.3656192730843259,0.28861986568018283,0.31075933630943114
0.6652554869651794,0.17282107235131602,0.08112228234683352,0.24994326549484439
0.5451098084449768,0.23624960590691216,0.12431784606362517,0.25549694209399254
0.9855398535728455,0.014332169010427474,0.09510701769460118,0.24143973395829216
0.3569861352443695,0.32789202072682455,0.09134631837299383,0.25589096739709405
0.041375782340765,0.4988291627745716,0.05156846143087073,0.2680910668393762
0.15896284580230713,0.44424966467151017,0.28068791192981485,0.32884779406515774
0.33152246475219727,0.3496150718810385,0.2192843277911541,0.28847703059063645
0.9339010715484619,0.036366161429824455,0.06799218322816622,0.23730168100729745
0.9812793731689453,0.014468264749758783,0.08026114315500114,0.2497507374942404
0.3549495339393616,0.332593328969432,0.15626078872125856,0.2678686080200414
0.8633320331573486,0.07368586996982428,0.07969294362002048,0.24348126351453953
0.8851391673088074,0.07318403710607697,0.18738668458334357,0.12380505407083123
0.26403677463531494,0.4946354563343126,0.539852788385122,0.44426620331473066
0.9384532570838928,0.03617319485413162,0.0816550108347072,0.25106639700849503
0.2860570549964905,0.3750538499900626,0.25579124637858375,0.30592148090226984
0.09333968907594681,0.5085651548401589,0.33560420865215795,0.4002109797132375
0.4098292291164398,0.3051197545124665,0.13067254500430564,0.26362245166261994
0.11886819452047348,0.5617302297869922,0.47762203497732164,0.49329784266685656
0.39689725637435913,0.31695712766046785,0.21011096239899602,0.2783999909881118
0.4785269796848297,0.2833827948927306,0.29807687051193194,0.29086480150127264
0.4172612130641937,0.30274914488286353,0.14497005709937474,0.2664764785595315
0.409980833530426,0.32969857823798066,0.33118784375524557,0.3026546832770407
0.6545823216438293,0.19416338982817394,0.21163567885649168,0.24366289301535488
0.638020396232605,0.18487895626457462,0.07238803259764157,0.2511594895978435
0.9613429307937622,0.02471686567214856,0.0850626513913389,0.23882921192357923
0.33701398968696594,0.35617936099052167,0.14523147885590795,0.26949001129825256
0.01327085867524147,0.6466024946904892,0.20044833264164041,0.5525879694643362
0.9859006404876709,0.012106196782331186,0.08043633464776763,0.24691903004727628
0.6446370482444763,0.18287879137300517,0.0843686961157149,0.2489511037008996
0.43033042550086975,0.29167307014538524,0.09361537990616277,0.25385686819963493
0.1158590316772461,0.45528885206487124,0.13164452293772475,0.2662390161905118
0.7634550333023071,0.12172500249864183,0.06215443767404817,0.2503007884386719
0.6455150842666626,0.20174201444807985,0.16970406673455657,0.24043679619697392
0.610114336013794,0.21874528008842772,0.1486083312799124,0.2447830529544339
0.04283647611737251,0.4835638323547382,0.04360599651295761,0.2519802621471932
0.8072301149368286,0.10302996418756301,0.0852011110345225,0.24702561219755037
0.35003018379211426,0.3297386846753042,0.07729761025588336,0.2525624275098508
0.17110326886177063,0.4350884204560319,0.2249207648039416,0.30091346110818107
0.6657607555389404,0.17755224034266345,0.13032729858372952,0.24819238272508726
0.26324549317359924,0.373753554501858,0.08490069449601688,0.2533023974762272
0.8082491755485535,0.10829238031265416,0.1584673750385412,0.17896609686831855
0.7601762413978577,0.12526356529424698,0.07387943944398735,0.2484087218103332
0.18553601205348969,0.6070376820018204,0.4513414412813386,0.421142063926099
0.5872193574905396,0.21903661152188816,0.16315859563944687,0.24905992769922705
0.19553261995315552,0.44594648427430367,0.37801300788542824,0.37484300648592256
0.5867382287979126,0.20931653015644044,0.0707684815623763,0.2502909131401876
0.4634380638599396,0.2776196130685841,0.1095419252591665,0.2572737676577648
0.9446688294410706,0.032920411940169314,0.07703360388524273,0.24625596716567966
0.687523365020752,0.17714505964514687,0.22988717125332647,0.22414943634571044
0.37772542238235474,0.3405178770294004,0.3042565375073615,0.3100869757299545
0.2177891582250595,0.4515722719538081,0.35401686406142396,0.3642997177670402
0.981734573841095,0.013861352505492855,0.0778223161488341,0.2410336612778345
0.5773833990097046,0.22506623702486567,0.1687023555355344,0.2508986224092672
0.469632089138031,0.26917898224829623,0.06676404014681138,0.2528020602184319
0.12734073400497437,0.5147699506675829,0.29962566114568584,0.36811944881211556
0.6705284714698792,0.17331459387766446,0.11783243434227643,0.24724559339108626
0.928053617477417,0.04424698848126102,0.09901394893934343,0.21701652978635655
0.22794567048549652,0.3982088815088337,0.22867855685028232,0.30105101363376435
0.2763179540634155,0.36584926459603734,0.05889623295317592,0.25082466867590314
0.38878458738327026,0.369558556801183,0.35877321557960457,0.32152856142599295
0.8154098987579346,0.10036213150226586,0.10407044549460519,0.22901419965510886
0.03467221185564995,0.5680190765106004,0.1854975453887486,0.38220082192469024
0.2915802299976349,0.3592004844541626,0.08700913367685566,0.2555637519196693
0.6701258420944214,0.17986769540288947,0.19213800477273296,0.2285059348634165
0.7530978322029114,0.13369725070866745,0.1310277795103125,0.23469783839000594
0.5882746577262878,0.21683191068898794,0.15448324080459008,0.2502614160125377
0.2921520173549652,0.36011176309164206,0.07955075728265208,0.25113615548852586
0.4748779237270355,0.2879100664544264,0.35694755108757775,0.30502336120750834
0.19405582547187805,0.4176413517180607,0.1822842186810882,0.2839354908648579
0.5727647542953491,0.255379486483858,0.28854131649138903,0.2521153210351196
0.9741297960281372,0.01709986027665088,0.07395674478519995,0.24123153895821067
0.43891793489456177,0.2850303582716381,0.08320745670541092,0.25163718919419786
0.3776508569717407,0.3166977117793746,0.08447434541509373,0.2544730432522637
0.2299727499485016,0.39360566298937116,0.10732807521104556,0.2661336149636888
0.589838981628418,0.22006196394501637,0.16377099541971835,0.25277440134171303
0.5657156109809875,0.2300423053964074,0.16746157369924272,0.2541265530409794
0.14592954516410828,0.43730151807928525,0.17240874636900005,0.2918856170035311
0.20683196187019348,0.4227528519032972,0.2965649618304924,0.33741797228579407
0.2589980959892273,0.44292353276501206,0.44754111266810254,0.4007817224783479
0.6961292028427124,0.21259450819521308,0.3416146943533648,0.19295933235661356
0.6754347085952759,0.16783523438049355,0.09388012777341523,0.24786005534454938
0.6643630266189575,0.17504333121220458,0.10051081043172017,0.24721945316718877
0.7439686059951782,0.13164530891749193,0.06124070107611839,0.2503513708278453
0.03147171810269356,0.4863282485278047,0.029997127257707187,0.2580547021902201
0.16961747407913208,0.5425659166628379,0.5032068486441604,0.47609713741888693
0.8495312333106995,0.07963197759486008,0.06859024398874841,0.25002739306985877
0.5861587524414062,0.21659245537256588,0.13091309097567033,0.25776635612469045
0.846108078956604,0.08403163230730695,0.09851991916938416,0.23944865494407552
0.9500078558921814,0.027478904210835636,0.057135381141428195,0.24872220110049648
0.1859041452407837,0.41355009889704514,0.06594877811902848,0.25291805481091234
0.4876163601875305,0.31444017002246677,0.3851892306095839,0.2951627718268948
0.7160892486572266,0.1543131491828262,0.13868269710846928,0.23103374526457443
0.5450692176818848,0.23217229966516797,0.05494787272586833,0.25053501847284954
0.3261660039424896,0.3406500432793611,0.05506120396253332,0.25137687069755665
0.3737896978855133,0.3436812489079405,0.2919222238033397,0.30605585857531425
0.6337052583694458,0.1887297053690455,0.09496663997473241,0.2502645927220354
0.2686668336391449,0.4887525149791717,0.2935262520202758,0.3257489421002329
0.5342535972595215,0.2368207942250726,0.07372154008017373,0.25203767582530745
0.3693711459636688,0.3272998534876254,0.183665632832384,0.27459424331210625
0.8735381364822388,0.06727274313526425,0.06405541871662779,0.24473106043608475
0.5091190338134766,0.2534112218951643,0.09133215721985974,0.2540893858880532
0.4572899341583252,0.29544140906652294,0.2965471397956093,0.29328456589650065
0.07118935137987137,0.46786437081295995,0.07670624468957901,0.2512480207872938
0.5208681225776672,0.24878859753425725,0.12136037093634625,0.2571774409126647
0.8320996761322021,0.09175630722828815,0.10196645429903224,0.23222116889407035
0.1244482696056366,0.46618620901414154,0.12981434818548498,0.2673310357226735
0.9081889390945435,0.05266126045820048,0.0957420949828909,0.20167669702980986
0.39936327934265137,0.30606970738936884,0.10517358694293065,0.2570579180012485
0.29255327582359314,0.44376100271164926,0.5237116216126845,0.4237164368143529
0.5038515329360962,0.2881765745725848,0.38387076798714154,0.3034099631045189
0.10307259112596512,0.525925704823245,0.5767747659030136,0.5368208435547952
0.23299595713615417,0.4105483905390215,0.27021347686620517,0.31563414607266194
0.6351392269134521,0.18691407910245683,0.07421676729209795,0.2504751487210275
0.529957115650177,0.24964477738382698,0.1461177335368449,0.25685881646805503
0.2800695598125458,0.3671441830725873,0.1423517346933569,0.27101185223042223
0.5749502778053284,0.21881667528814472,0.09132114932729594,0.2506042669651383
0.16814222931861877,0.42992204889159163,0.15662594681391215,0.28712105890227224
0.8292955160140991,0.09113312706052622,0.07597007961138975,0.2439908577280414
0.5420822501182556,0.2738365623576366,0.3213954456629363,0.2630686459147263
0.38539445400238037,0.3569491364274999,0.41415559977098954,0.3394086088459373
0.35200485587120056,0.3940505622524335,0.3790751866412326,0.34263827978720407
0.6676818132400513,0.17330055071578426,0.11035599424750493,0.24570338390322644
0.3372190594673157,0.35947537965023296,0.32915222735282856,0.3261015003797971
0.3536152243614197,0.406787400940515,0.3000451825532037,0.30810335384818055
0.8822069764137268,0.06396201551168794,0.06884241695971241,0.246366878457117
0.3110373318195343,0.37175118973239796,0.2541972331326333,0.2983319493833639
0.20546522736549377,0.4001496291066222,0.06328422185547218,0.25314828692322255
0.5897954702377319,0.2185358872868152,0.14728532681524373,0.24787473903505297
0.7086566090583801,0.14950503852170913,0.0730499005913979,0.24955556311899355
0.8059306740760803,0.10297785519027687,0.0843560565972466,0.2437482868548837
0.3301314115524292,0.34894232779518863,0.18536916542971754,0.2787218020178108
0.5261092185974121,0.2613806871343181,0.36813445425084645,0.27491379678111716
0.31494027376174927,0.347317912482908,0.11389932524915794,0.2641614905360911
0.12248080968856812,0.6233901975815269,0.6045752492431419,0.5552892390688766
0.34131017327308655,0.36515231997093367,0.2242379850034412,0.2892253873189996
0.575107991695404,0.22889178964527246,0.17451749365484748,0.2513183185924795
0.9244756102561951,0.04228656622761355,0.07540133939271831,0.24883366782857597
0.1368667334318161,0.44321529481098587,0.15439869995862632,0.29099509444384375
0.7590949535369873,0.1268254499005137,0.10700651013576473,0.235167117151495
0.3168414235115051,0.35102830293673337,0.12471915497430225,0.2665875304803851
0.16978870332241058,0.4182593281666351,0.05918283717708044,0.25624689097409625
0.38181209564208984,0.36809715029578355,0.36696069779882956,0.329478670253445
0.8984128832817078,0.05757645256657823,0.08667919824862307,0.21487165060087793
0.23238614201545715,0.41416096984399897,0.26445945869241555,0.31426082676360995
0.5596483945846558,0.24849310742673605,0.33084101445122777,0.26216558498317116
0.2588985860347748,0.38999501224303873,0.45657832801643566,0.398904071012896
0.24491755664348602,0.45135033185275886,0.4518533707558097,0.39979415653958533
0.8957089781761169,0.056070786152903236,0.07058482239378111,0.2380861240028823
0.024453962221741676,0.7694877754783827,0.49018152232981443,0.6824918049846799
0.7681282162666321,0.12731710059982823,0.11070465452311656,0.22928423622660019
0.9763097763061523,0.01595407164125538,0.07101139157881281,0.2476151269470628
0.4409319758415222,0.3146101710476829,0.289849562447068,0.2911500045702944
0.25621020793914795,0.389616465464782,0.17736575215632083,0.27949082532694397
0.33869773149490356,0.3869707314145651,0.4181050803749135,0.35578478180068995
0.25405213236808777,0.4083708384470896,0.36293355512916353,0.34932014247548904
0.5723515152931213,0.24088527326709766,0.4114970777080947,0.2544937435824458
0.6548088788986206,0.18503071750973932,0.14712568846758547,0.24244670551310155
0.08328412473201752,0.463500839323459,0.07313898908923533,0.2552162638630182
0.7974109053611755,0.11337848143893674,0.13181285925537378,0.21087799480092528
0.3602122962474823,0.3428217068336092,0.3417691964017552,0.32513453340395915
0.5010902881622314,0.2516318811183921,0.0680891520863687,0.2513046871709439
0.013133016414940357,0.5008362539656387,0.08462800271607758,0.2776989837358393
0.8265304565429688,0.09256564165508069,0.08508541332824866,0.25046994014672475
0.5170014500617981,0.24453247204312395,0.05415876043549304,0.25241343694760565
0.3668367862701416,0.33353722097599536,0.23728318017044064,0.28807553385467066
0.37486937642097473,0.35223030978538855,0.35185093802050327,0.32533381760092295
0.5553645491600037,0.2386972955266034,0.2038342676472157,0.2550856108022752
0.9735299348831177,0.01634711057974529,0.06545978666925413,0.2395030058502554
0.22133523225784302,0.42015167529526776,0.29387875522754636,0.3341625630799677
0.26111504435539246,0.3839552343728712,0.23358482999669578,0.3001432269293651
0.2742348909378052,0.441524262335344,0.44180230258892794,0.3936859538341161
0.1971498727798462,0.4419542865389384,0.2773927554021739,0.3391933667391902
0.47266972064971924,0.29337148530392365,0.3146036849145093,0.2950266757652946
0.9901466965675354,0.008126136773112486,0.0654545744672193,0.2481548655189747
0.257413774728775,0.4153778521544253,0.37068294424354276,0.35323994145123866
0.1756775826215744,0.41959857296120046,0.1970256475253809,0.2919278307667237
0.7425222396850586,0.131926108703993,0.058982324010157634,0.2508674838242216
0.20800788700580597,0.4098923401405087,0.23157055784947547,0.3078363018131275
0.3296909034252167,0.3446268313863982,0.15368788088853313,0.2673628177184328
0.2562737762928009,0.3835451278209814,0.15767768748850536,0.2756111706839698
0.661486029624939,0.17669409490151677,0.10172177393744689,0.2475251766682046
0.26168107986450195,0.4304825901706424,0.40005234255363875,0.3696580248549185
0.4443202316761017,0.28495834434156025,0.08678408396416659,0.2561115117289652
0.5080467462539673,0.2671371945489624,0.23240451179669214,0.2661435962091442
0.8094808459281921,0.0998002994279249,0.07328912693098592,0.248718105908736
0.18983490765094757,0.46303840329843876,0.45256714085108757,0.4201656402157127
0.8277486562728882,0.09071698925427064,0.07911500803891018,0.2512001595859129
0.9736533164978027,0.018621172566429138,0.08345597574876931,0.25021052250416376
0.2523837983608246,0.382682908388377,0.1328541491691414,0.2665125211606458
0.09435341507196426,0.5152036543655714,0.3697601038473011,0.3910853044079019
0.3559766411781311,0.33056605387066845,0.10962060068865279,0.26218808527684145
0.9516351819038391,0.028780730554301394,0.07537015114317722,0.24426120454420652
0.02893845923244953,0.4922117248685246,0.05104522030826129,0.25199245044397567
0.8698347806930542,0.06931176054193205,0.060667342203938775,0.24837924516786375
0.38879382610321045,0.3096066654412524,0.06815371922236382,0.25078312936451674
0.24425067007541656,0.3830104225432647,0.08308077612065295,0.25552712444443265
0.4936011731624603,0.2767546119805656,0.3008084928514913,0.2793153357527839
0.16455654799938202,0.5611510868803997,0.634380507506384,0.5558440387434587
0.9633550643920898,0.022724702748929734,0.07686743852780242,0.24235421743638505
0.2930094599723816,0.368977314873062,0.3006558869918175,0.3225662470586899
0.24619103968143463,0.482859163793704,0.4918486008031339,0.42397298805787975
0.6607226133346558,0.17637857683674266,0.08751434594299248,0.2481136465479719
0.5148223638534546,0.2762866893923506,0.27842617367712125,0.26863980210911864
0.4255666434764862,0.28956422311413543,0.06272238161382176,0.25190172970079827
0.3180125951766968,0.3456656210436094,0.12572230269495271,0.25725066042060185
0.9854761958122253,0.010845474060640762,0.06939729398842591,0.24010030819932018
0.18731974065303802,0.5217671045682362,0.549619318976393,0.47892925840780187
0.7549306750297546,0.13508880013946478,0.1596967483979611,0.2191906102637265
0.5088863968849182,0.25165876907649437,0.10508930365812362,0.25430792774635247
0.046697478741407394,0.5311791023264499,0.22096166389361704,0.3696704683131775
0.36456552147865295,0.35335306638698055,0.3654765226811401,0.32462711277475303
0.459855318069458,0.2751687667525208,0.11010472211200413,0.2537914963248715
0.0033197696320712566,0.9966802597045898,0.0,0.9949397159471525
0.7362084984779358,0.14913089449619904,0.18371888562140942,0.21805084477674383
0.48645275831222534,0.2871810939907721,0.35853715442351325,0.2941466911326357
0.40386587381362915,0.3135102629185514,0.19694282772087168,0.2750189244480782
0.9415979981422424,0.03234893818735685,0.06444481761706601,0.24583612037353317
0.5838645100593567,0.23816731469062077,0.2371568184913964,0.2475879504604926
0.8923676609992981,0.061493476408397016,0.10572428275104866,0.22185179712506406
0.5719208717346191,0.21961174989936752,0.0946785292258017,0.2515631008239202
0.02208136022090912,0.4998159394302697,0.026075874303034582,0.2628250119305185
0.9031977653503418,0.05403113954921662,0.07387715061948229,0.24182876432463754
0.02161487378180027,0.49436332197351873,0.0077412168960832705,0.2514155796184999
0.6367801427841187,0.18746442679446146,0.07757121358374153,0.24891673951302032
0.06809303164482117,0.6865093827679603,0.6442318083281223,0.6464893564994995
0.5030579566955566,0.27692081051303685,0.2766361436531524,0.273453904268221
0.019589532166719437,0.4955092147447369,0.008549597216671095,0.25064894511169444
0.2919638454914093,0.3818324165027486,0.2486983608088505,0.30256198644413695
0.47314369678497314,0.28283270762376067,0.24195176185179476,0.27944347964140126
0.05946774035692215,0.5298747753616838,0.39906595905549946,0.4868196380974175
0.9935771822929382,0.006422827951610088,0.06493824690543154,0.008201633788124581
0.6957118511199951,0.15709466959812832,0.08334786604434433,0.2516671638469691
0.09209821373224258,0.606983511073814,0.5091071646582351,0.5129309141547431
0.7732148170471191,0.16341537634648534,0.31084891835156425,0.13223706876134653
0.3148307800292969,0.37415059209636037,0.40901464667259946,0.3625161749250704
0.1328251212835312,0.669988876608298,0.5701445080416955,0.5420428507227945
0.5009639859199524,0.2644799017997901,0.2269809437269723,0.26919168456885206
0.6656185984611511,0.1875389034632588,0.20260572687906767,0.23167654939221313
0.9323588609695435,0.037921206936260506,0.07017194068512075,0.2344085428406983
0.44058847427368164,0.2851459065264802,0.07886232210554053,0.252266633546396
0.4012378752231598,0.3027050413485409,0.07238039078741389,0.2519510861854052
0.8640958666801453,0.0783168307462341,0.1248301572021199,0.20514408604224207
0.7211646437644958,0.14618335226101237,0.08202321515858531,0.24480524380362373
0.9455733299255371,0.036566424932680926,0.11326319945064277,0.13977312897602695
0.9245718121528625,0.04203102914079526,0.056960811141046834,0.24834333952068388
0.350972980260849,0.3276628909160627,0.07791008414007533,0.25523634518946936
0.23068203032016754,0.40545869338194523,0.2648676814575741,0.3117740000850112
0.3316211998462677,0.3407803159064621,0.11616735176443105,0.2643459198125942
0.41470596194267273,0.3307559247944963,0.3625151032656434,0.31902148953472587
0.3340211808681488,0.40391848384486767,0.4242467143842136,0.36357326157166037
0.7552275657653809,0.12852540371951837,0.09257284685605387,0.2520473816792805
0.5538629293441772,0.24360305226149168,0.16641736388184689,0.25301600232737603
0.6248654723167419,0.20207268068464054,0.1751106522227053,0.24543757035999478
0.3726115822792053,0.37992175487499835,0.3872636747846857,0.3367573301802096
0.7046533226966858,0.15770907977399554,0.12031106953746902,0.23903504633351377
0.4921647608280182,0.31181005967510544,0.34922705127434944,0.2820159792898662
0.3162119388580322,0.3596549998471896,0.2252568618770863,0.29630220419850134
0.4224545359611511,0.3003707511989528,0.1352537928722154,0.26237416239183275
0.09728599339723587,0.4734799970828616,0.10612153158799273,0.27960271415355786
0.6588840484619141,0.17528705848164608,0.07589824463185628,0.2505777329004412
0.9429824352264404,0.049468336744263645,0.23041550209966843,0.1852558333173578
0.5905926823616028,0.22887768253346974,0.22733821317546135,0.24878659494132765
0.3340798318386078,0.4153269806524558,0.43642020578470286,0.3676779789547431
0.008580380119383335,0.498109277556835,0.014209229459131369,0.2502060508278473
0.5871772170066833,0.2588332850540672,0.34294923213408035,0.24262937629365272
0.30186235904693604,0.4014596590319034,0.3272211110204218,0.33563611783854613
0.1676694005727768,0.5487653972758293,0.5816008702798352,0.5238412260349175
0.5254595279693604,0.24671239055064478,0.13515116256724632,0.25596696139171693
0.5617367029190063,0.24143357089534148,0.22489516974390678,0.25673457166786817
0.3809467852115631,0.3173885993380662,0.15402334825525044,0.2649739502431038
0.9789820313453674,0.014241273552193956,0.0702770118012181,0.24365877141412653
0.5933284163475037,0.20882885802347181,0.08305081866478753,0.2513293012379335
0.5907995700836182,0.21360610055536533,0.1264984100059199,0.25412659952897454
0.1818293035030365,0.4845314148924388,0.5335534161388533,0.4794647673346981
0.23265178501605988,0.42344659168462817,0.30861757739720247,0.32889738420540354
0.5445142984390259,0.2372874282956193,0.14520475886505327,0.25479003805500156
0.639529287815094,0.18497996969169037,0.06606504252192184,0.2509235892901282
0.7380141615867615,0.13705468785774114,0.0856975758952477,0.24734534851999207
0.5110074877738953,0.25598035239891637,0.15434800147956457,0.2590068082081644
0.4963471591472626,0.257827366159647,0.110447407873592,0.2530889877138187
0.031810421496629715,0.4870907585886935,0.028859996486984542,0.25113447732565286
0.3966791331768036,0.3295564442649701,0.3150387758071902,0.3050179499702295
0.4217360019683838,0.29371144973597296,0.07757958495569871,0.2510848639138362
0.43786340951919556,0.28642331564688445,0.08610873614684324,0.25438545234750554
0.3855060636997223,0.3235542154969382,0.15460968340678868,0.26791032315769586
0.44956502318382263,0.3267786049225366,0.30165934004624234,0.2902039637897569
0.8641650676727295,0.07547310488172099,0.09681940126953711,0.229628780148098
0.35276007652282715,0.39465388642113364,0.3614701122036805,0.3363787329019919
0.5320495963096619,0.2510484330062342,0.1821910875489423,0.2628791075200042
0.09387783706188202,0.6583684427867658,0.6617921898436331,0.6802810596676268
0.8517261743545532,0.07877877380933969,0.0740414127407707,0.24866811310485154
0.25387042760849,0.38273896275022334,0.12814491538129097,0.27141642533884697
0.1516118347644806,0.5089694101981868,0.4481617846589742,0.43862760110643484
0.9757353067398071,0.017033167507434707,0.08071757876983641,0.2423721684056944
0.2949713468551636,0.40293239649601886,0.5378043595750568,0.42715652065296417
0.9769879579544067,0.016799270443682807,0.08144763379783024,0.2465506014827917
0.3524252772331238,0.3796115713190917,0.39742593869105547,0.3491499777668713
0.031558237969875336,0.8348303895071971,0.6332912381547299,0.6909849197056788
0.18712566792964935,0.4228986479628042,0.16696322155605478,0.295614468428694
0.47861549258232117,0.26583866442039267,0.07585802893995396,0.25203200281013427
0.7397951483726501,0.13743791414078313,0.09229371647356027,0.24428622118652
0.23222903907299042,0.4276168539135026,0.22615158562274246,0.3048641590211771
0.33902692794799805,0.33498218081965947,0.07711964866545931,0.25225750333537533
0.7573567032814026,0.12693232053093323,0.08317192333642814,0.2491113857729369
0.2440500557422638,0.3828839789166153,0.07397668879487497,0.2511637904994136
0.6776899695396423,0.17038554731204275,0.11365768908861992,0.2528261701768949
0.882088303565979,0.06433767181468633,0.08520075007752129,0.24992330045284164
0.9608067274093628,0.02314258084076372,0.06631329709726236,0.2487906075693932
0.3807244598865509,0.36884790878084506,0.36884056259205195,0.33419908613408356
0.3450045585632324,0.3874059105064438,0.37627455514555114,0.3419143924506126
0.35814765095710754,0.33677572344595913,0.22422361445289304,0.2871924509640102
0.21438917517662048,0.42230950320571514,0.23584300213680207,0.3137131995971962
0.34961578249931335,0.3604707335428568,0.3541005156550644,0.33297471044480587
0.6992589235305786,0.15548601291489517,0.06959455566480885,0.24926619154399843
0.8779778480529785,0.08114347186228904,0.23496958409506224,0.09179155008514511
0.03441581502556801,0.49073320127443676,0.04364680733212165,0.2727178290447677
0.029965251684188843,0.4880124117071545,0.04326189595169878,0.2529104171292719
0.532771110534668,0.24085438159756883,0.11080752402483134,0.254580269885688
0.2195393443107605,0.5558967227102157,0.5652697850700015,0.49381306013007287
0.7281280755996704,0.1439708623632075,0.10082660849129431,0.24462243052491678
0.6217870116233826,0.19187568924059106,0.05764877672358584,0.2504132610920062
0.2708572745323181,0.36870647672655604,0.08428445243018347,0.25147731383614613
0.32138150930404663,0.3673530203608986,0.3913828930428876,0.35551334771870424
0.6026995182037354,0.21243385294870132,0.19570417724107642,0.24559824505330236
0.6386784315109253,0.1882337638472714,0.10040480500913253,0.25010955278118036
0.974174976348877,0.017917585167248194,0.07935178577637525,0.23943593993033724
0.19443432986736298,0.4192248100025845,0.2797774739004402,0.31688456910119844
0.9613447189331055,0.02526256647473394,0.09034633452544606,0.21495325574392837
0.017305202782154083,0.7925457965934852,0.39864029997321154,0.6739755861589514
0.3815445303916931,0.3136947009655324,0.08453712930450615,0.25336036474634893
0.3117065727710724,0.3525205990582039,0.10330027265794851,0.26102300317096505
0.42311859130859375,0.32460278050896585,0.25737208542314,0.2854212801136895
0.8360806107521057,0.08656928020454235,0.07461737166609962,0.25054539249637575
0.9903684258460999,0.009490463363499117,0.07676757670412548,0.23984896254270333
0.40451309084892273,0.32105105045523225,0.2550810948344644,0.28841509206294635
0.5383391380310059,0.23428935093537592,0.06668764856508258,0.25117715094008586
0.09624651074409485,0.6841096346638589,0.6474710240566458,0.6346349129101805
0.8382675647735596,0.0860591090216681,0.07860236563461254,0.24836595098794512
0.8592216968536377,0.08193157482245127,0.12988833990942036,0.22204545998314362
0.45043012499809265,0.3424295991936317,0.40624860193761864,0.3127798386450689
0.01641673408448696,0.8270699203321796,0.3138952085552245,0.6916060289233674
0.34128305315971375,0.362110035924177,0.20897975175297406,0.284059741369347
0.7823281288146973,0.12736979105918766,0.17866631650773054,0.22572610364688653
0.7614274024963379,0.15037310794940154,0.22418642862992882,0.17933447963142937
0.09226737171411514,0.5285205065204903,0.39321503092542587,0.4391756901487647
0.172388955950737,0.41809351719487553,0.080582198558301,0.25430049180091807
0.6446034908294678,0.18500133195397153,0.09709732773468145,0.24921681543288665
0.3857726454734802,0.31830280053619064,0.18660814746486915,0.2760462107275089
0.2952564060688019,0.3575081599059926,0.0737007620697927,0.2528691247676851
0.73503577709198,0.13758157408237645,0.08270363519092493,0.250548217765575
0.02415025606751442,0.49138788747556994,0.011058918158691476,0.25277349702819507
0.14220280945301056,0.43194618233838655,0.027298785308213475,0.2509612730908698
0.46710750460624695,0.2771904076533313,0.15565527483558714,0.26182900886966165
0.5291504859924316,0.24052764390377052,0.08459701512991584,0.2518539644412179
0.8088101744651794,0.10645379978091432,0.11867764707851902,0.24067121506167308
0.9726915955543518,0.018638396027943715,0.07979472950293001,0.2502060813798223
0.406623899936676,0.3028797286420808,0.08899350575458786,0.2547700507471751
0.143544003367424,0.4328721927075988,0.0848959389369018,0.2519672464221365
0.34630268812179565,0.35326708047443794,0.28824549822242307,0.3092791735214543
0.36469775438308716,0.35048683172204825,0.33617742913408366,0.31937380559069634
0.3317883014678955,0.34496175023820275,0.18235072869365868,0.2778096930928854
0.4723213016986847,0.28441244436991986,0.25181663989148945,0.2771045439840797
0.782008707523346,0.11418695533544343,0.07706166987843309,0.24003220050960875
0.2575630247592926,0.4851987251257642,0.5099353296669178,0.431878427744094
0.38162872195243835,0.32318930104615917,0.2279428723045642,0.2819253628676369
0.3726045489311218,0.3218968900434424,0.10815990111065023,0.2589913107835926
0.6025985479354858,0.2131480520780676,0.17892121900203256,0.25068556487652854
0.26974713802337646,0.37115380856705305,0.08403426328333742,0.253537388637411
0.5800131559371948,0.23042965777880056,0.21274762743557085,0.252379314136003
0.09603135287761688,0.6890432821364871,0.6209385375905401,0.5888986373850366
0.4508940875530243,0.2856908651004636,0.15565597767686,0.2652665495124167
0.6356914639472961,0.18735706841781466,0.0758850698298939,0.2503897501969816
0.7799886465072632,0.11774956286345302,0.09700305713165543,0.24352809551669644
0.6000351905822754,0.22218835649629393,0.22142406765381833,0.24355273268237065
0.13634197413921356,0.440052010474602,0.21723987484528076,0.3048142568820522
0.3481214642524719,0.3403573609555687,0.17820654288202517,0.27770057904226847
0.056246742606163025,0.5052629673476754,0.4538750247796599,0.523461383087884
0.8152525424957275,0.09633118108058943,0.0737363047011373,0.24912244083939455
0.6944636106491089,0.1607034795615475,0.09451721755635334,0.24616636341689418
0.2915588915348053,0.409767710408847,0.3511968361905555,0.34298562889194545
0.6616204380989075,0.20088360990485993,0.2388464039958837,0.22429129074005444
0.49193689227104187,0.2635434777907241,0.15184468429081888,0.2585143608552375
0.4261385500431061,0.3158531010860021,0.2758296834790419,0.2934057528051268
0.3714824616909027,0.3319491913728024,0.20502100289040814,0.2848747049049909
0.398552805185318,0.3067312964507919,0.09903543553303162,0.25542414620689763
0.9673548936843872,0.02217972427117619,0.0863505805134483,0.2503798791391021
0.8184251189231873,0.09751662745682586,0.09035573775501064,0.23930401094456782
0.5134466886520386,0.2665428219632889,0.18341519769899886,0.2599217108042755
0.3093746602535248,0.3709364681710922,0.2217123062433485,0.29626508405729923
0.14659829437732697,0.5205850982596405,0.47239594681393793,0.44890524653052744
0.12117614597082138,0.5884811637843381,0.483259525716784,0.47505221308754086
0.44694146513938904,0.29750096696593176,0.24974897086809164,0.2819450622860345
0.7871474027633667,0.11115896534962359,0.07934841271068432,0.24548753430458653
0.6277878880500793,0.20344177521474677,0.17130670882954635,0.25209518711766143
0.1304529458284378,0.5268587948879141,0.2875216251817491,0.36154627627892166
0.4347214996814728,0.3047528034112816,0.2091094126033944,0.27266390500514825
0.6189560890197754,0.21163789861411722,0.20605542129852897,0.24100532126729718
0.054037440568208694,0.4774278848846484,0.08018012821047155,0.25047110838548725
0.056187715381383896,0.4754147386676383,0.13431384142598052,0.2778361408575878
0.9844707250595093,0.011602564032367988,0.07024967793255418,0.24922909691659903
0.989322304725647,0.010497688706579026,0.08079010214957644,0.24938927503337482
0.32995083928108215,0.3553954578806916,0.24773497555288473,0.2937595427487303
0.4698505699634552,0.28015635073676165,0.21720416250298946,0.27507073491899137
0.7207741141319275,0.14340405414077664,0.06901030356347682,0.25010083814042927
0.3352242410182953,0.3727062321874577,0.2567969545563612,0.2924375213158261
0.5625008344650269,0.23984946188366973,0.2760416712683794,0.26145026149659395
0.5013262629508972,0.2685033625473878,0.255746913581979,0.27144943598995785
0.15863041579723358,0.5187529509119425,0.3949227657366649,0.39234783047254657
0.7345643639564514,0.13841440765253576,0.08029602638975247,0.25181660750601587
0.34206423163414,0.3532821433445456,0.23671836232058788,0.2969662502244698
0.16019253432750702,0.4253233728008053,0.10411366831594857,0.26229423414158304
0.3549899160861969,0.45012743617260464,0.5777259289883016,0.43110259656451566
0.9539145231246948,0.02707470167691951,0.06848831746570305,0.2489425137025243
0.523991584777832,0.2506097998955144,0.1529207999622654,0.25715965911397265
0.23946744203567505,0.38741924766819297,0.09841906027341413,0.2625712079685999
0.06899420917034149,0.49242209537345155,0.38912358792617796,0.46161760685409065
0.9338979721069336,0.039121895052554596,0.08515325680690186,0.24377120249325973
0.7018406391143799,0.15794349053460308,0.11218264790851602,0.24275721906111042
0.6800713539123535,0.1686689204459999,0.10876986214562791,0.2456460889120864
0.5363224148750305,0.23455697493771208,0.058395340742200666,0.25239805173125174
0.9594759941101074,0.025943335135748185,0.08817655942572505,0.24046142459962938
0.26099449396133423,0.4965384064198652,0.4401564231052025,0.39239363899174307
0.4634077250957489,0.2788249010713411,0.14938860912988164,0.26010177815054136
0.17797042429447174,0.6018946093290776,0.4710502140371987,0.44014006531433497
0.3513321280479431,0.394173034214289,0.47252658737981795,0.37986363114588134
0.6133621335029602,0.22235737984365314,0.2636868984280384,0.25120139786483814
0.4984058737754822,0.27465864393764716,0.22241523142420772,0.2664605121451946
0.15652449429035187,0.6329603781083678,0.6937843781983246,0.6290192979984475
0.28196731209754944,0.3826706252361245,0.26857895067059007,0.306694304316583
0.5406789183616638,0.24198402233461533,0.151142584496131,0.2574360746758094
0.7301039099693298,0.15786842791294636,0.20847785540172645,0.19720450070800977
0.7020514607429504,0.18584983039374955,0.2538979818201647,0.2059761125326601
0.1546851247549057,0.4321808678011562,0.15284519424027826,0.2722449787657333
0.7419090867042542,0.14054792734789917,0.1230037814164026,0.23654015160405137
0.9818135499954224,0.01190770770616222,0.06249948081814061,0.2443119443897432
0.8110522031784058,0.0995816158755536,0.07226856110228794,0.25041311606286476
0.416159063577652,0.39920195575507444,0.5011007597972401,0.3641950811284995
0.3092290461063385,0.47888244990227447,0.4427263802298376,0.3739181389205364
0.23244242370128632,0.38868914743811367,0.08122995065789203,0.2560058137853728
0.4326670169830322,0.2899946937027664,0.10051717160316342,0.25603098791865386
0.3419148921966553,0.33453923181505574,0.12625986466496092,0.26095191309254817
0.14830131828784943,0.536440109159266,0.4018051667268091,0.4164270559184536
0.1560770571231842,0.4991693809852318,0.558479386137998,0.516472850947636
0.5409297347068787,0.2363545892737365,0.09447807167316652,0.2530233813816657
0.647337794303894,0.1801119338076631,0.08839656005218412,0.25031484802473447
0.21033187210559845,0.45532159451220977,0.2478667234193409,0.3118277095111167
0.4770420491695404,0.36375215964377006,0.49861422714937653,0.3351154934355328
0.8162480592727661,0.09861630420435977,0.09728329061266046,0.24267532366416378
0.5896397233009338,0.21391854483707345,0.11476294913149886,0.24964332193589933
0.550597071647644,0.23747791240920219,0.17511913041838606,0.25765777782956306
0.2527710199356079,0.38531372105296013,0.11613839023858101,0.25972161545724515
0.6185033321380615,0.21080821444028944,0.20148221683382167,0.24608097660704029
0.7028281688690186,0.16463311689710444,0.17401218797973822,0.2297281270887967
0.3104737102985382,0.37056708688862217,0.31935819243509417,0.3307716517683136
0.5315932631492615,0.24014060808388898,0.1028062801834138,0.2515062847124975
0.3236672878265381,0.34269947747282353,0.07786644366180344,0.25185064288801773
0.7350468635559082,0.1593114205709976,0.21950922881433646,0.2115925046140736
0.22055940330028534,0.3940174636365383,0.10076544888013651,0.25533126883494983
0.9446349143981934,0.033483781841428535,0.08702490682360806,0.22825327927151656
0.6284165978431702,0.191773405141685,0.08928209302194968,0.2513423869339019
0.6021747589111328,0.2209366476043024,0.2463851288262345,0.23896764992466438
0.15580274164676666,0.4282991881132586,0.13263213683959368,0.2738589335494126
0.6914912462234497,0.1688802658498199,0.15370801009798743,0.23513489641266538
0.3265978693962097,0.35163466500501145,0.25643991461848253,0.29550400035714497
0.13754397630691528,0.5706726664254518,0.6064713920902803,0.5549970388238066
0.9802505970001221,0.013710416370048453,0.06991065846469487,0.24865289864808232
0.7484424710273743,0.1298598006684003,0.07385626069345617,0.24897871786538062
0.20797869563102722,0.4513092066981086,0.370715996831235,0.3626055936032861
0.525377094745636,0.24756492292594617,0.15059408567238233,0.25934765903282997
0.9012755751609802,0.05860614320464429,0.11354375611762008,0.21300049324214834
0.3784236013889313,0.31797084784222557,0.09181143429547343,0.25360084720765574
0.3949345052242279,0.4259275226856484,0.42120010892181603,0.3343489703213337
0.519412636756897,0.25007040375863815,0.12191897332877627,0.2572822913242732
0.25475651025772095,0.38471774427479344,0.2369089206942246,0.3010283199956483
0.18133750557899475,0.4774046588429608,0.5546273602832579,0.48238086426981175
0.5871011018753052,0.21134556902548543,0.07634286850521911,0.2516940833890712
0.7636444568634033,0.13096042592349857,0.15354752917224937,0.20713573884172615
0.20324134826660156,0.4195248782279887,0.23140641333810572,0.307034000706496
0.43806344270706177,0.2839163291328675,0.05229801119416579,0.2508154392801363
0.020519981160759926,0.8049246373828152,0.3548613956803193,0.6882360332396645
0.6208188533782959,0.19604993346458466,0.0844615389948465,0.2500955222854562
0.8965128660202026,0.08044150695011187,0.2432132637279517,0.14887088384742303
0.03442990779876709,0.8721554615747005,0.5762773996268938,0.7331049320958547
0.4011041224002838,0.38163104555605926,0.4003509118601559,0.32897736537652145
0.36581313610076904,0.3312146462034269,0.20253713241444024,0.28136148646555015
0.14963632822036743,0.4460480866743543,0.40590343339988955,0.406907926296471
0.5494218468666077,0.26711912911927177,0.38153484906450547,0.27017145754140476
0.9413984417915344,0.034341779516015,0.08008817509687012,0.24431838781426526
0.7718003392219543,0.12031936009184387,0.08844592166653362,0.24513855451614325
0.33313682675361633,0.3462756428320116,0.10640650660599599,0.2554146213908454
0.44115516543388367,0.317428924338533,0.35359098937393435,0.30463986305095836
0.5925807356834412,0.23630725764678345,0.2662405551687141,0.2477458781371157
0.9704102873802185,0.023126992761788236,0.1083174874447774,0.18641432811560343
0.19014720618724823,0.4230832059619391,0.33156299570691444,0.3637006252972945
0.4354473054409027,0.28690949237182056,0.07957032214809898,0.2528266723404362
0.6559086441993713,0.17658193868548355,0.06603054179881479,0.24913704174023898
0.07168275117874146,0.4765965220119338,0.25722495471455037,0.33985542369120714
0.163267120718956,0.4275730341772501,0.20189873266093242,0.2971074899816142
0.37020787596702576,0.3201660224185855,0.0910587531183958,0.25480782971221616
0.9674440026283264,0.02206680112221629,0.0931777917685752,0.22322831752299055
0.5965548157691956,0.21319763262693303,0.17716264472698523,0.25019096251662665
0.17673005163669586,0.632739683985098,0.6841947328628198,0.5965701854034661
0.5348886251449585,0.24960664533274032,0.1949815081564395,0.2602020601237418
0.5538319945335388,0.2295664637718402,0.0855880134892739,0.2508562010693869
0.9718322157859802,0.017940561326993346,0.07212273724659954,0.24067039641645402
0.049035895615816116,0.4875760108399996,0.1496705865222796,0.298181240159298
0.8242176175117493,0.09698632677395941,0.11617943923391677,0.23786327942765695
0.9443917274475098,0.033992457591077496,0.08958977217776708,0.25186809408644995
0.3276073932647705,0.37198552130944607,0.21966564613988185,0.28962172368527317
0.05186884105205536,0.4790975681558821,0.081517966529537,0.2735216978807081
0.41589197516441345,0.3121601427652079,0.36105470689603036,0.31992096463585806
0.7648966908454895,0.12369455434960785,0.08274679402595168,0.25058586945466055
0.3535543978214264,0.4614061017083817,0.45799216649005403,0.36609917277078907
0.9031339883804321,0.05302957875146531,0.0767553435037391,0.25147451722656183
0.3702462911605835,0.32845982849234456,0.16201174721135905,0.2703847729251519
0.04768475517630577,0.7193894041214434,0.6008095904559959,0.6920187829082115
0.623875081539154,0.20094983411195724,0.16835752684266922,0.2544118206044508
0.23863263428211212,0.4243240510531719,0.44196310637034897,0.39776963047467356
0.40275895595550537,0.3055856803115493,0.12433909045329873,0.2584929861800399
0.5333938598632812,0.250958458939159,0.2306036270426694,0.26134744068606974
0.28229618072509766,0.48845350816520217,0.5446672382983081,0.4374226390151209
0.7461451888084412,0.13614026510396277,0.12392170005804741,0.2379798534986548
0.8882562518119812,0.05913303620232804,0.06694949943266867,0.25022230363744424
0.35593146085739136,0.3318548321781722,0.17603630419617292,0.2679911320900983
0.48301756381988525,0.2660608725632239,0.13159062154441412,0.25807035340762696
0.3829093873500824,0.3420879900427884,0.27920431924921707,0.300039796477022
0.5077493786811829,0.2506996070347947,0.07013985191594405,0.25039088316779223
0.583226203918457,0.23712597915415137,0.26972201985363614,0.24696077934306282
0.36061805486679077,0.34322522998858984,0.3799434335272958,0.3386927760935372
0.23677122592926025,0.4074108107171067,0.301576233179432,0.33149475875174406
0.2462368607521057,0.3883928986409792,0.307017096849204,0.3287561843928143
0.962639570236206,0.02631287114329399,0.10569535780599515,0.1427476185831489
0.035374484956264496,0.5921003357297738,0.5929172792011109,0.6783389281901986
0.6200754642486572,0.1948938056372258,0.07960850523082832,0.251212078121079
0.9669203758239746,0.020631156433643567,0.07220606815378958,0.2478445048485774
0.43359917402267456,0.4166009170871506,0.5194270486027637,0.3516904884614197
0.33421480655670166,0.3877490007068638,0.3827817488317667,0.34424286713057684
0.633092999458313,0.2051742155441298,0.2195423424865937,0.2452561671915599
0.1070622056722641,0.4896740617012527,0.25166463932324673,0.33066654440047805
0.34887048602104187,0.35319660799301,0.3004504375798874,0.3056947374716127
0.5126659274101257,0.28322054316691847,0.3575512281178859,0.27766984085755353
0.5151621103286743,0.24487841150102163,0.06375880541468605,0.2510094135712315
0.4270240068435669,0.3076944625243581,0.2090112687187328,0.27300143990112424
0.25026363134384155,0.3803787088105288,0.08850336818095537,0.25532524989766714
0.9558212757110596,0.0276847703131076,0.0843610370509659,0.2468261254885239
0.4360739588737488,0.3047797445752827,0.255628579552273,0.28455275493025467
0.28890204429626465,0.39986964404468267,0.2638034283841918,0.30778369412811823
0.015387806110084057,0.5077775132208859,0.02667900533008956,0.29333648944600865
0.8251557946205139,0.09565498126847483,0.10767335727810301,0.23181207671847473
0.8262324929237366,0.09969859311713576,0.14888907452390138,0.21107538233310957
0.017866011708974838,0.5780323259198183,0.1532970929410786,0.4041597222727581
0.5858057141304016,0.2341836803177645,0.1878002181083026,0.2498527485367501
0.7314504981040955,0.14029170999711507,0.07837491039599097,0.2441760694903896
0.41211894154548645,0.3188423606829452,0.3551863343376296,0.3116013548929739
0.8353556990623474,0.08717178554142233,0.0742219811431607,0.2449292078192401
0.09790098667144775,0.49853915967101076,0.454068039223736,0.46091922194615337
0.05413442105054855,0.5818369665577838,0.39552423623581834,0.507573891008863
0.27302971482276917,0.41406591741946025,0.3016252288023129,0.3324419049871423
0.24434955418109894,0.3895140737965406,0.12900012436973457,0.2701883596693442
0.6587648391723633,0.18684390468689488,0.1791238579913457,0.24072716870784994
0.9179691076278687,0.04805259942117325,0.0983478820034145,0.21540566933010702
0.9841894507408142,0.01143738955847357,0.06621120904668325,0.23944622674915605
0.8788389563560486,0.0660487389372491,0.08207256371908495,0.2437891081979926
0.2516609728336334,0.42865350002918134,0.4365268783668881,0.3934004207706121
0.8266929984092712,0.08970239161570548,0.0661994067912413,0.2504207455713314
0.6244585514068604,0.20366178934603232,0.18010710157577564,0.23841118812268633
0.478445440530777,0.2747809383895589,0.18737991311394828,0.266983443059975
0.2550737261772156,0.40746453452915093,0.13838160145199704,0.26958125374847397
0.43575701117515564,0.34336456404339216,0.41745635969458683,0.3217052043947771
0.12285881489515305,0.45112365807356924,0.1771437990401497,0.29142126468228263
0.6346694827079773,0.18829944837217424,0.07793258625260045,0.25154694637257824
0.48324054479599,0.26255181913245934,0.0729593291699986,0.250829340950823
0.967039167881012,0.022292893828364097,0.08571102722427382,0.2487071763413714
0.08515212684869766,0.45968209117239106,0.020611030328099272,0.2534280268876796
0.5445318222045898,0.2420964983654304,0.19211447908192827,0.2582704460879951
0.7828189730644226,0.11404525976995059,0.07149150739027399,0.247617816625647
0.2919808328151703,0.37897239244815795,0.23893330376599725,0.29964515748945136
0.3381218910217285,0.3467178297910976,0.20469827691445086,0.2830303549012153
0.3106941878795624,0.36295460363181925,0.24668865405381774,0.2980907382922257
0.8719444870948792,0.0896535647131684,0.28372590598347425,0.13266638045253215
0.4057612419128418,0.3010189051309567,0.06645718242291805,0.2520799789854673
0.4085494875907898,0.33797623902191765,0.22138065340544824,0.2818680874203187
0.7100968956947327,0.15065796670574133,0.08317125134587189,0.24765637470348076
0.2405199259519577,0.4183705890964639,0.2143174204441934,0.30324475342303336
0.4898834824562073,0.27493645772141934,0.2640367428225979,0.2767490956747424
0.18962149322032928,0.440770159887103,0.22621932222990399,0.3094292594365381
0.5634896755218506,0.24825446844746227,0.28698570211469054,0.256861307176869
0.1623140424489975,0.438531556907622,0.17841513287190444,0.28847970110822724
0.23515483736991882,0.41031735834395777,0.2380696991786661,0.31253715144135846
0.6446830034255981,0.1877020358137508,0.12140818617943493,0.2518029944951921
0.06711520999670029,0.6352633178836831,0.5771258837097641,0.5973021221391558
0.43507346510887146,0.36626848336808715,0.38850954013421474,0.3135439510346434
0.36111682653427124,0.4098765749158158,0.48212426801460934,0.3858923379410528
0.6855881214141846,0.16502337028467506,0.09658417498246731,0.2486550982826946
0.44836243987083435,0.28113552464339975,0.08745715008197845,0.25080331627470653
0.6277750730514526,0.1911204498529202,0.06700031481470568,0.25143470477491203
0.9329756498336792,0.03922164109909054,0.08701668972431408,0.23930821675808603
0.3943707346916199,0.45807062375376945,0.46397310048810647,0.3588268762829544
0.2427242249250412,0.3843351748123074,0.10012055560096444,0.2591939125691714
0.5955595970153809,0.21061108613792234,0.11032049349031285,0.2523648502689908
0.2822065055370331,0.36525941555156266,0.10277081645263966,0.2623098071912666
0.7401866316795349,0.1338143189385894,0.06861613832777964,0.24794595642275918
0.23031581938266754,0.4673960543408012,0.3266123413080386,0.3439848437883859
0.25714316964149475,0.4014830970494113,0.2798163890454232,0.3158172904841785
0.6598442792892456,0.18914011719743454,0.20734318084410538,0.22472503536031085
0.8692384958267212,0.07099684527634299,0.07936214169487654,0.25199811127652394
0.851381778717041,0.08016453281013848,0.08469467591087382,0.24943364209056174
0.4111083745956421,0.3335269825171506,0.4383238060238972,0.3406205635110845
0.5883012413978577,0.2163665167032731,0.13331287265284378,0.25090413258745786
0.0732981339097023,0.47408193511183616,0.06106947192170112,0.2679472372056023
0.30677878856658936,0.38095254130036077,0.27227067501593416,0.30774421676965624
0.1888769418001175,0.5859721604836132,0.7006196758894958,0.6177025842872308
0.7741040587425232,0.11804079361080731,0.08245779379812834,0.2484005322989691
0.47306013107299805,0.26961349925573924,0.11020649684980642,0.2546992476997135
0.605451762676239,0.20532951709491187,0.10948833079612104,0.24954247633236737
0.5539625287055969,0.22957584422450905,0.10046514999306122,0.2535638447422762
0.6284390687942505,0.202151237067232,0.15544052529760521,0.24433850673334176
0.4804571866989136,0.2680564076963818,0.12772375757409468,0.25722735144003794
0.7670578360557556,0.121399510546285,0.0868848265977582,0.24279287796979565
0.9885835647583008,0.010541298694498125,0.07719641150132898,0.24839698470482796
0.8650436997413635,0.0715729450758189,0.06900026936860552,0.250340145668831
0.012301567941904068,0.5731772439597447,0.062378656464458386,0.37883593583864894
