image,MAE,Sm,wFm,Em
COD10K-CAM-1-Aquatic-1-BatFish-2,0.11696527898311615,0.7838478780374354,0.7105009743916549,0.7877328046283069
COD10K-CAM-1-Aquatic-1-BatFish-4,0.19493819773197174,0.62698692995179,0.7101167513162695,0.6184696407508419
COD10K-CAM-1-Aquatic-1-BatFish-5,0.1011924296617508,0.7774006365799406,0.7409297985722109,0.824991326601278
COD10K-CAM-1-Aquatic-1-BatFish-6,0.029945481568574905,0.8249666626060572,0.4955621167497417,0.8295406733225008
COD10K-CAM-1-Aquatic-10-LeafySeaDragon-416,0.06930865347385406,0.7219443195895139,0.4465984149997273,0.8568630236891994
COD10K-CAM-1-Aquatic-10-LeafySeaDragon-419,0.19633638858795166,0.44357781311384326,0.12375196312889358,0.6336748663961376
COD10K-CAM-1-Aquatic-10-LeafySeaDragon-422,0.2050149291753769,0.5677837004183828,0.5285073704136733,0.5979719851521966
COD10K-CAM-1-Aquatic-10-LeafySeaDragon-423,0.24262820184230804,0.5341540113999161,0.5265789461952982,0.5379802327735961
COD10K-CAM-1-Aquatic-10-LeafySeaDragon-429,0.37988096475601196,0.3615447000175779,0.28808629075755643,0.3287273676805781
COD10K-CAM-1-Aquatic-11-Octopus-430,0.1105864867568016,0.7868548221464291,0.6425342296188009,0.8393666323245244
COD10K-CAM-1-Aquatic-11-Octopus-436,0.2845371961593628,0.5117709530203676,0.518565058978234,0.44316062712831394
COD10K-CAM-1-Aquatic-11-Octopus-437,0.22210916876792908,0.7125322653431212,0.7494961663134323,0.6523930458440961
COD10K-CAM-1-Aquatic-11-Octopus-441,0.1532718688249588,0.7687282518038367,0.6895944273391738,0.7259572123005612
COD10K-CAM-1-Aquatic-11-Octopus-444,0.14104047417640686,0.7786704268771951,0.6904430489149378,0.7770648955498607
COD10K-CAM-1-Aquatic-11-Octopus-445,0.12205475568771362,0.6305732737875185,0.3494407748160861,0.7865022444377248
COD10K-CAM-1-Aquatic-11-Octopus-447,0.08535070717334747,0.6771379329541107,0.2700332469991726,0.6718416157612963
COD10K-CAM-1-Aquatic-11-Octopus-451,0.1041465625166893,0.674330051235168,0.2400586224514552,0.7370237338457858
COD10K-CAM-1-Aquatic-11-Octopus-452,0.07238788157701492,0.7100032327414922,0.49490636024307416,0.5979032165426332
COD10K-CAM-1-Aquatic-11-Octopus-453,0.1272723227739334,0.7751190945667218,0.5658261537415548,0.810040472371741
COD10K-CAM-1-Aquatic-11-Octopus-454,0.19808150827884674,0.4210473127304878,0.011042714299772544,0.34311212685160347
COD10K-CAM-1-Aquatic-11-Octopus-458,0.3122422397136688,0.4209309067272866,0.41942979555925336,0.3743690479593703
COD10K-CAM-1-Aquatic-11-Octopus-462,0.18448062241077423,0.7678552597012493,0.7476869021361986,0.7283621091349858
COD10K-CAM-1-Aquatic-11-Octopus-463,0.2389933317899704,0.596662426316349,0.652412208953974,0.5700652061911801
COD10K-CAM-1-Aquatic-11-Octopus-464,0.10728612542152405,0.7644322262842753,0.6540048153990423,0.6700354465115479
COD10K-CAM-1-Aquatic-11-Octopus-465,0.18567819893360138,0.535879482864094,0.28440407093277686,0.6160739543317983
COD10K-CAM-1-Aquatic-11-Octopus-466,0.07151316851377487,0.5874690069440223,0.1305028144104273,0.569708816411489
COD10K-CAM-1-Aquatic-11-Octopus-468,0.10887463390827179,0.7170475978380051,0.6703221765263441,0.7242954957607808
COD10K-CAM-1-Aquatic-11-Octopus-471,0.07284237444400787,0.715860906314759,0.3034882123074665,0.7503738886764055
COD10K-CAM-1-Aquatic-11-Octopus-472,0.21698516607284546,0.7062094912698391,0.7184550640629116,0.6196175367795516
COD10K-CAM-1-Aquatic-11-Octopus-473,0.2294747233390808,0.6651141808711115,0.7631147942245985,0.6683387555833484
COD10K-CAM-1-Aquatic-12-Pagurian-474,0.18199853599071503,0.5471752203064559,0.15377957605409212,0.498005427673267
COD10K-CAM-1-Aquatic-12-Pagurian-481,0.13050808012485504,0.4807251494368427,0.026242858479743243,0.34710552195553995
COD10K-CAM-1-Aquatic-12-Pagurian-482,0.12270724773406982,0.6347487986329845,0.2653163802336291,0.6345220222429551
COD10K-CAM-1-Aquatic-12-Pagurian-483,0.13281407952308655,0.5763927306163878,0.2686572398825676,0.5643516392233469
COD10K-CAM-1-Aquatic-12-Pagurian-484,0.2175125926733017,0.6447894827513924,0.6292762100059563,0.6231056528710528
COD10K-CAM-1-Aquatic-12-Pagurian-486,0.022920973598957062,0.6124888996408585,0.11379508094298789,0.7381281263395286
COD10K-CAM-1-Aquatic-13-Pipefish-488,0.09057942032814026,0.6879804845156833,0.3925098743224789,0.6393546124815723
COD10K-CAM-1-Aquatic-13-Pipefish-490,0.0903605967760086,0.4620229165692564,0.050118615912058115,0.662011363988163
COD10K-CAM-1-Aquatic-13-Pipefish-492,0.01848732680082321,0.4923779811874075,0.003950713366928197,0.36950896572308733
COD10K-CAM-1-Aquatic-13-Pipefish-496,0.10847000032663345,0.6348935828966525,0.23842210347300105,0.7347844946099
COD10K-CAM-1-Aquatic-13-Pipefish-497,0.06488268077373505,0.7434584117757745,0.5150492863279976,0.8415725341618376
COD10K-CAM-1-Aquatic-13-Pipefish-500,0.10408859699964523,0.4658397072604272,0.04662278924779556,0.5833704918384693
COD10K-CAM-1-Aquatic-13-Pipefish-501,0.06860408186912537,0.6327200239229924,0.1763060364768902,0.7229525166282174
COD10K-CAM-1-Aquatic-13-Pipefish-502,0.17031751573085785,0.4178472058756936,0.02897243982415591,0.42175336657549445
COD10K-CAM-1-Aquatic-13-Pipefish-503,0.11488863080739975,0.5035571064752823,0.11460500754245284,0.5389005211619233
COD10K-CAM-1-Aquatic-13-Pipefish-508,0.22777120769023895,0.4766480863696595,0.10275362411803134,0.6280458581370716
COD10K-CAM-1-Aquatic-13-Pipefish-510,0.07094799727201462,0.7239483234039574,0.5751670877790809,0.872295433925518
COD10K-CAM-1-Aquatic-13-Pipefish-515,0.1535155177116394,0.5949411309100305,0.30707589077249864,0.7514040600218914
COD10K-CAM-1-Aquatic-13-Pipefish-517,0.14550809562206268,0.46645997677208284,0.06670818487100182,0.39152823429715655
COD10K-CAM-1-Aquatic-13-Pipefish-518,0.05217791348695755,0.7226852041901748,0.4490046681567285,0.8713556052332149
COD10K-CAM-1-Aquatic-13-Pipefish-520,0.17384178936481476,0.412662170171975,0.020246176357846427,0.5586692544691247
COD10K-CAM-1-Aquatic-13-Pipefish-521,0.07692405581474304,0.46678827761713804,0.018481048794312567,0.474996092000903
COD10K-CAM-1-Aquatic-13-Pipefish-522,0.13615937530994415,0.4339900488084516,0.054687190521189526,0.42266074723024616
COD10K-CAM-1-Aquatic-13-Pipefish-527,0.13656163215637207,0.5451705945113523,0.12317259254702355,0.5762968513908553
COD10K-CAM-1-Aquatic-13-Pipefish-528,0.11757873743772507,0.49130064075203306,0.05344254242719872,0.6673638705041322
COD10K-CAM-1-Aquatic-13-Pipefish-529,0.0626024380326271,0.47778961307454826,0.06559361433656287,0.7203665512707966
COD10K-CAM-1-Aquatic-13-Pipefish-531,0.0631476417183876,0.47635345408961977,0.026986655418351328,0.4871298692624193
COD10K-CAM-1-Aquatic-13-Pipefish-532,0.05556538701057434,0.6338419805494452,0.271490031017993,0.7013769580801275
COD10K-CAM-1-Aquatic-13-Pipefish-534,0.1404985785484314,0.48788947213828515,0.10918499139483992,0.6599559458154225
COD10K-CAM-1-Aquatic-13-Pipefish-535,0.14441293478012085,0.4475859728888977,0.04061061114685587,0.5339806145868857
COD10K-CAM-1-Aquatic-13-Pipefish-536,0.09031791985034943,0.681394961330906,0.4605619779429478,0.8478550548555535
COD10K-CAM-1-Aquatic-13-Pipefish-537,0.0332416296005249,0.7712517337222762,0.5011719862118394,0.8516647923484847
COD10K-CAM-1-Aquatic-13-Pipefish-539,0.0788540467619896,0.47854173876739753,0.0675227648676576,0.43735149548137414
COD10K-CAM-1-Aquatic-13-Pipefish-542,0.12495636194944382,0.4741412279366821,0.07190336289324104,0.4843876786846566
COD10K-CAM-1-Aquatic-13-Pipefish-544,0.0932420939207077,0.6674483705925613,0.37651552389072585,0.8346906699472224
COD10K-CAM-1-Aquatic-13-Pipefish-546,0.203576922416687,0.5009895116771126,0.14964870900980537,0.5791674112897374
COD10K-CAM-1-Aquatic-13-Pipefish-547,0.10463637113571167,0.6742776450710958,0.4301084323920745,0.8564908402863518
COD10K-CAM-1-Aquatic-13-Pipefish-549,0.167012020945549,0.4868928307831706,0.16710283933963968,0.7025241285553722
COD10K-CAM-1-Aquatic-13-Pipefish-554,0.06386713683605194,0.6045092743344573,0.17754329239103722,0.7200127905728578
COD10K-CAM-1-Aquatic-13-Pipefish-556,0.15345856547355652,0.4633412155766238,0.05668257248840767,0.4215639183029591
COD10K-CAM-1-Aquatic-13-Pipefish-557,0.06967350095510483,0.5639019083970529,0.14565758515167163,0.691371981277006
COD10K-CAM-1-Aquatic-13-Pipefish-559,0.10413611680269241,0.48091966745246745,0.08660842304928995,0.659203689803264
COD10K-CAM-1-Aquatic-13-Pipefish-560,0.14750759303569794,0.5630452262143842,0.2214068943452125,0.7489823473834167
COD10K-CAM-1-Aquatic-13-Pipefish-563,0.17681820690631866,0.4884079748251539,0.3341646849873205,0.41875881038497204
COD10K-CAM-1-Aquatic-13-Pipefish-566,0.12102381139993668,0.6068861531283726,0.5001097878674257,0.6291826168772119
COD10K-CAM-1-Aquatic-13-Pipefish-567,0.10372153669595718,0.6550331791537125,0.23659959871305772,0.6405833648549766
COD10K-CAM-1-Aquatic-13-Pipefish-568,0.036310579627752304,0.4978962796239511,0.030909212056693385,0.49261017815027947
COD10K-CAM-1-Aquatic-13-Pipefish-570,0.05241144448518753,0.7009578282217377,0.30039249661023737,0.7777535226247299
COD10K-CAM-1-Aquatic-13-Pipefish-571,0.0849921852350235,0.48102666402963934,0.06288793905898737,0.5783399651110503
COD10K-CAM-1-Aquatic-13-Pipefish-573,0.10100992023944855,0.6600993302969348,0.4708800159197291,0.7553130305636581
COD10K-CAM-1-Aquatic-13-Pipefish-576,0.1516081541776657,0.618737399649871,0.36064987025989287,0.7468449914218556
COD10K-CAM-1-Aquatic-13-Pipefish-577,0.1661829650402069,0.6545858093996517,0.452172076811794,0.6912268865856486
COD10K-CAM-1-Aquatic-13-Pipefish-579,0.14287136495113373,0.6003850048612389,0.31594911472450615,0.7341882329333513
COD10K-CAM-1-Aquatic-13-Pipefish-580,0.1607125699520111,0.5972565504395748,0.260467555993501,0.7388163629944787
COD10K-CAM-1-Aquatic-13-Pipefish-582,0.07498634606599808,0.5103395199704568,0.14748847686133393,0.8340542009111054
COD10K-CAM-1-Aquatic-13-Pipefish-583,0.13469302654266357,0.6352029686077043,0.34377193430383063,0.7292182076347173
COD10K-CAM-1-Aquatic-13-Pipefish-585,0.08128390461206436,0.625303384559968,0.2516116652179552,0.7650899692585484
COD10K-CAM-1-Aquatic-13-Pipefish-588,0.09242261946201324,0.5130490574676202,0.06159725983601115,0.4460949259035948
COD10K-CAM-1-Aquatic-13-Pipefish-590,0.06780972331762314,0.47137422299866305,0.04211889282699367,0.5775703238574892
COD10K-CAM-1-Aquatic-13-Pipefish-591,0.04918129742145538,0.5816584650461221,0.21495117242817416,0.7072270203289029
COD10K-CAM-1-Aquatic-13-Pipefish-597,0.07829834520816803,0.5112234791006514,0.1365023805950811,0.708708991461498
COD10K-CAM-1-Aquatic-13-Pipefish-599,0.049717243760824203,0.5101212768362204,0.0713440014652884,0.5405629663193002
COD10K-CAM-1-Aquatic-13-Pipefish-600,0.03341050446033478,0.7614051790843136,0.507534129723199,0.8291634896189823
COD10K-CAM-1-Aquatic-13-Pipefish-602,0.15063364803791046,0.447959550281404,0.08591281624179974,0.4468393722042906
COD10K-CAM-1-Aquatic-13-Pipefish-608,0.1631130576133728,0.516667662009856,0.09400632006142051,0.6957575427851621
COD10K-CAM-1-Aquatic-13-Pipefish-609,0.0620916523039341,0.6171183755836527,0.23855348408628865,0.8262241614236749
COD10K-CAM-1-Aquatic-13-Pipefish-614,0.11434907466173172,0.4432919740317264,0.008370318218793383,0.309438110557947
COD10K-CAM-1-Aquatic-13-Pipefish-616,0.09919767081737518,0.4459665110148435,0.014795466509564967,0.3504976463238968
COD10K-CAM-1-Aquatic-13-Pipefish-620,0.23376961052417755,0.555819754741594,0.49259789588121267,0.5082814047787145
COD10K-CAM-1-Aquatic-13-Pipefish-621,0.10087104141712189,0.5510259692582183,0.20634364435214375,0.7299159694684402
COD10K-CAM-1-Aquatic-13-Pipefish-622,0.16637985408306122,0.5058697879034465,0.14261445267468464,0.7039768265547335
COD10K-CAM-1-Aquatic-13-Pipefish-623,0.19016133248806,0.5720824214004361,0.3109318434917806,0.6984259733021181
COD10K-CAM-1-Aquatic-13-Pipefish-625,0.053817905485630035,0.6401405705925867,0.23333531300640836,0.7358475150761794
COD10K-CAM-1-Aquatic-13-Pipefish-629,0.08627431839704514,0.6099636755877429,0.31101763214176315,0.843431892900634
COD10K-CAM-1-Aquatic-13-Pipefish-630,0.10027649253606796,0.7253396694512867,0.529486900747375,0.7531289985362133
COD10K-CAM-1-Aquatic-13-Pipefish-631,0.16920071840286255,0.6726314969416234,0.5623145195152315,0.7256433934938417
COD10K-CAM-1-Aquatic-13-Pipefish-635,0.09411988407373428,0.5868273596568169,0.24820191734750682,0.7891692562261143
COD10K-CAM-1-Aquatic-13-Pipefish-636,0.1977451741695404,0.5608657705155438,0.45625150200100023,0.4726711874026471
COD10K-CAM-1-Aquatic-13-Pipefish-637,0.05114322900772095,0.7217976290943078,0.4835033691124083,0.803838762809827
COD10K-CAM-1-Aquatic-13-Pipefish-639,0.08504708111286163,0.8105763703234814,0.5784347933713364,0.7445272173211118
COD10K-CAM-1-Aquatic-13-Pipefish-640,0.11497193574905396,0.6181389143108975,0.23255592514063383,0.7051548163032804
COD10K-CAM-1-Aquatic-13-Pipefish-642,0.14146673679351807,0.5033240831011436,0.08328663167797133,0.5362467116997276
COD10K-CAM-1-Aquatic-13-Pipefish-644,0.08375288546085358,0.5889407267210985,0.18175815453664015,0.7180814201084658
COD10K-CAM-1-Aquatic-13-Pipefish-649,0.03205517306923866,0.5642881958528945,0.08752276959686216,0.5669851573300926
COD10K-CAM-1-Aquatic-13-Pipefish-652,0.07830093055963516,0.48647555707083673,0.0882307973964651,0.5202333966247837
COD10K-CAM-1-Aquatic-13-Pipefish-655,0.13807591795921326,0.5649359112012825,0.19114622502115772,0.687896935703971
COD10K-CAM-1-Aquatic-13-Pipefish-661,0.07469217479228973,0.5092589218761214,0.07079663465534786,0.48284597176678545
COD10K-CAM-1-Aquatic-13-Pipefish-662,0.11211454123258591,0.7171643036801745,0.6426321390397555,0.6646959011790806
COD10K-CAM-1-Aquatic-13-Pipefish-664,0.08833076804876328,0.6705203758807308,0.36450713295348114,0.7872285104694401
COD10K-CAM-1-Aquatic-13-Pipefish-667,0.03113432787358761,0.5202100518533935,0.04158768469167141,0.4529508364030652
COD10K-CAM-1-Aquatic-13-Pipefish-668,0.13642235100269318,0.511066324674434,0.16169819882006284,0.7485906968432983
COD10K-CAM-1-Aquatic-13-Pipefish-669,0.08428367227315903,0.8053697380415252,0.7343042897213374,0.8264356432677497
COD10K-CAM-1-Aquatic-13-Pipefish-676,0.04028911888599396,0.7934759483312228,0.5092716374845466,0.8908135480288115
COD10K-CAM-1-Aquatic-13-Pipefish-679,0.09680721163749695,0.4718803034482049,0.03070311844076265,0.4640149700564762
COD10K-CAM-1-Aquatic-13-Pipefish-681,0.07769186794757843,0.462109331660807,0.029547714436802885,0.556593059888236
COD10K-CAM-1-Aquatic-13-Pipefish-683,0.08330418169498444,0.6100000717529688,0.24771305073942396,0.8012998529444153
COD10K-CAM-1-Aquatic-13-Pipefish-684,0.11943705379962921,0.6487673541912446,0.4074434996302818,0.7083462268675454
COD10K-CAM-1-Aquatic-13-Pipefish-685,0.08353850990533829,0.48552828163388434,0.08998720207977046,0.5577208631929037
COD10K-CAM-1-Aquatic-13-Pipefish-686,0.08910810947418213,0.5414250969195541,0.1286135154823654,0.6720979489293433
COD10K-CAM-1-Aquatic-13-Pipefish-688,0.13898275792598724,0.5254136791113397,0.20499200084590047,0.6563620612721719
COD10K-CAM-1-Aquatic-13-Pipefish-689,0.10604365170001984,0.5140954374419493,0.08811133831532428,0.5358960418557319
COD10K-CAM-1-Aquatic-13-Pipefish-691,0.036278340965509415,0.4831339068108352,0.01552153738831906,0.2704645354962859
COD10K-CAM-1-Aquatic-13-Pipefish-693,0.051665738224983215,0.819575653741067,0.5513878791252596,0.8911535688269641
COD10K-CAM-1-Aquatic-13-Pipefish-696,0.06172111630439758,0.5237370786851218,0.06242793694920583,0.5965483611661047
COD10K-CAM-1-Aquatic-13-Pipefish-705,0.10744068771600723,0.6272532087964875,0.3837868864979995,0.7998596833117799
COD10K-CAM-1-Aquatic-13-Pipefish-707,0.05897414684295654,0.6309719388508898,0.10920592571485258,0.6678391875377461
COD10K-CAM-1-Aquatic-13-Pipefish-709,0.09071177244186401,0.5843819756358846,0.21426619468717062,0.7372687127609361
COD10K-CAM-1-Aquatic-13-Pipefish-713,0.021147936582565308,0.5862621595103484,0.061737804175496645,0.5440048988563257
COD10K-CAM-1-Aquatic-13-Pipefish-717,0.05552147328853607,0.5473154704328662,0.1247229532134287,0.7645723197717451
COD10K-CAM-1-Aquatic-13-Pipefish-721,0.0671684667468071,0.49063017395682673,0.026938572878090324,0.382480335391696
COD10K-CAM-1-Aquatic-13-Pipefish-726,0.05564695969223976,0.5616110487817382,0.09294118754405319,0.5582560542251629
COD10K-CAM-1-Aquatic-13-Pipefish-728,0.1123613640666008,0.6036935270425952,0.19840972140722782,0.6185265270715472
COD10K-CAM-1-Aquatic-13-Pipefish-729,0.16958878934383392,0.5480032709612109,0.17806047564102434,0.6762267079602713
COD10K-CAM-1-Aquatic-13-Pipefish-730,0.08460602909326553,0.5903958260274546,0.2591271934347625,0.8050113529150471
COD10K-CAM-1-Aquatic-13-Pipefish-732,0.06595288962125778,0.652067883335264,0.20800011756659023,0.6946347502291762
COD10K-CAM-1-Aquatic-13-Pipefish-736,0.1935395896434784,0.5257488165328038,0.1355027394390661,0.6071629251280846
COD10K-CAM-1-Aquatic-13-Pipefish-748,0.19441232085227966,0.47303881150957156,0.10297400347522105,0.4267820228444039
COD10K-CAM-1-Aquatic-13-Pipefish-749,0.1230892688035965,0.5112465405092912,0.07245889643372144,0.5053798401842862
COD10K-CAM-1-Aquatic-13-Pipefish-750,0.15410111844539642,0.6723373855808965,0.6317268927629612,0.645567145776127
COD10K-CAM-1-Aquatic-13-Pipefish-752,0.17085294425487518,0.6720058119558489,0.42220436119117116,0.5036925319855463
COD10K-CAM-1-Aquatic-13-Pipefish-759,0.10704129934310913,0.5533027389819726,0.18640673502201174,0.6177510444326637
COD10K-CAM-1-Aquatic-13-Pipefish-769,0.1711224615573883,0.5220444711219425,0.3179846893108097,0.7076952185132281
COD10K-CAM-1-Aquatic-13-Pipefish-772,0.08292306214570999,0.5441481772744476,0.11279108327054223,0.6911127596842881
COD10K-CAM-1-Aquatic-13-Pipefish-774,0.15960076451301575,0.42559959795591323,0.032529339700478735,0.6493000046568724
COD10K-CAM-1-Aquatic-13-Pipefish-776,0.043825335800647736,0.5901241494545042,0.18906856193256177,0.753755271438837
COD10K-CAM-1-Aquatic-13-Pipefish-777,0.0873522013425827,0.4705298632781423,0.05313096202563844,0.38974285356593036
COD10K-CAM-1-Aquatic-13-Pipefish-781,0.11165796965360641,0.5248507588238437,0.04964453517221713,0.5351201527889141
COD10K-CAM-1-Aquatic-13-Pipefish-788,0.16278988122940063,0.518001111760979,0.2928813985722488,0.6213856777046138
COD10K-CAM-1-Aquatic-13-Pipefish-789,0.054504308849573135,0.6061973300513653,0.167078486591915,0.6674945204134098
COD10K-CAM-1-Aquatic-13-Pipefish-795,0.12339304387569427,0.5317100890760166,0.1503673300618427,0.747421032612081
COD10K-CAM-1-Aquatic-13-Pipefish-800,0.05685092881321907,0.8023530917978345,0.5620375931654809,0.8103986145193685
COD10K-CAM-1-Aquatic-13-Pipefish-804,0.032128702849149704,0.6756419584001004,0.35968494878083573,0.86032625149919
COD10K-CAM-1-Aquatic-13-Pipefish-807,0.13728845119476318,0.5367677986060552,0.1390935525108286,0.6399366995886296
COD10K-CAM-1-Aquatic-13-Pipefish-810,0.21227197349071503,0.4200168523618743,0.1005583989406889,0.7058230896777604
COD10K-CAM-1-Aquatic-13-Pipefish-813,0.04398786649107933,0.4855797430211394,0.02394489777698025,0.57520637110598
COD10K-CAM-1-Aquatic-13-Pipefish-818,0.08882176876068115,0.47764431846515315,0.06625920536253548,0.7010608264593564
COD10K-CAM-1-Aquatic-13-Pipefish-826,0.07119748741388321,0.6946593715286631,0.37923238248019336,0.8201300676577845
COD10K-CAM-1-Aquatic-13-Pipefish-830,0.020154301077127457,0.49153978045270186,0.003969622072042113,0.3208266978401382
COD10K-CAM-1-Aquatic-13-Pipefish-832,0.10715937614440918,0.5627965755776764,0.16924284343908932,0.6124192169522009
COD10K-CAM-1-Aquatic-13-Pipefish-833,0.16790251433849335,0.4810104821115327,0.12232169300821522,0.7314841354833569
COD10K-CAM-1-Aquatic-13-Pipefish-835,0.10417813062667847,0.518910378225386,0.12088038551334866,0.6429599294911192
COD10K-CAM-1-Aquatic-13-Pipefish-836,0.1230907291173935,0.47714240824937276,0.2757887983741423,0.5659623345112756
COD10K-CAM-1-Aquatic-13-Pipefish-837,0.1477142870426178,0.5244629461609343,0.13972191020796784,0.677897029959526
COD10K-CAM-1-Aquatic-13-Pipefish-841,0.25302407145500183,0.39642347448494664,0.0254308656840675,0.2940804428978794
COD10K-CAM-1-Aquatic-13-Pipefish-842,0.033033162355422974,0.6769992277085541,0.2741095819729223,0.8404775696498155
COD10K-CAM-1-Aquatic-13-Pipefish-843,0.023157229647040367,0.5156373816143969,0.04595664686519345,0.32143139545457367
COD10K-CAM-1-Aquatic-13-Pipefish-844,0.039721567183732986,0.5716762077412774,0.11886222203373867,0.6823786463934426
COD10K-CAM-1-Aquatic-14-ScorpionFish-845,0.5390702486038208,0.41274100515105866,0.5442484459116954,0.2924326830041642
COD10K-CAM-1-Aquatic-14-ScorpionFish-848,0.1825324296951294,0.4270396567894382,0.04573954948586758,0.6114546588614088
COD10K-CAM-1-Aquatic-14-ScorpionFish-850,0.05829860642552376,0.928044681987259,0.7512257071050127,0.8958781728621288
COD10K-CAM-1-Aquatic-14-ScorpionFish-853,0.22449259459972382,0.6600611327126291,0.5804035122551526,0.7010815896587679
COD10K-CAM-1-Aquatic-14-ScorpionFish-854,0.16001588106155396,0.5270485445423133,0.27916834719277256,0.7515544495935698
COD10K-CAM-1-Aquatic-14-ScorpionFish-855,0.2618861198425293,0.5697403447816469,0.6703649097491169,0.5391115624236678
COD10K-CAM-1-Aquatic-14-ScorpionFish-858,0.18127387762069702,0.5040624236422795,0.06946261887564083,0.41683352970904153
COD10K-CAM-1-Aquatic-14-ScorpionFish-862,0.12687602639198303,0.800419029800771,0.6901987271055732,0.7869369398888961
COD10K-CAM-1-Aquatic-14-ScorpionFish-863,0.3947676122188568,0.5265609489811196,0.6585825700097694,0.45274513548558587
COD10K-CAM-1-Aquatic-14-ScorpionFish-865,0.01843932643532753,0.9015216582728643,0.6100112881279706,0.9443369592830304
COD10K-CAM-1-Aquatic-14-ScorpionFish-867,0.37723129987716675,0.45812601693145377,0.5905675353021176,0.4170492812988083
COD10K-CAM-1-Aquatic-14-ScorpionFish-868,0.3044997453689575,0.564715181052756,0.7077844155189148,0.5320570615666274
COD10K-CAM-1-Aquatic-14-ScorpionFish-869,0.3479250371456146,0.47553241816692016,0.6029167156522005,0.44523343731102
COD10K-CAM-1-Aquatic-14-ScorpionFish-872,0.057789064943790436,0.857324585495146,0.6436112250770731,0.8550825920606426
COD10K-CAM-1-Aquatic-14-ScorpionFish-873,0.31186726689338684,0.6022188062660058,0.726820163209317,0.545858196209767
COD10K-CAM-1-Aquatic-14-ScorpionFish-874,0.07415854930877686,0.7742022526771793,0.39553852495951647,0.7810470180666718
COD10K-CAM-1-Aquatic-14-ScorpionFish-879,0.10609883069992065,0.8260690057164115,0.8093816226976469,0.8379575459607256
COD10K-CAM-1-Aquatic-14-ScorpionFish-881,0.10239436477422714,0.8098091094516985,0.6132537628146424,0.8596870075150687
COD10K-CAM-1-Aquatic-14-ScorpionFish-883,0.06862722337245941,0.6709137292487732,0.22092243280644056,0.6286559348799863
COD10K-CAM-1-Aquatic-14-ScorpionFish-884,0.30980029702186584,0.6089698735742314,0.6675529058524364,0.5083302150925337
COD10K-CAM-1-Aquatic-14-ScorpionFish-889,0.17049279808998108,0.6818737922134517,0.6394183917454851,0.6213533062113521
COD10K-CAM-1-Aquatic-14-ScorpionFish-891,0.08269447088241577,0.5002540054761475,0.14999185953979607,0.4171754408737919
COD10K-CAM-1-Aquatic-14-ScorpionFish-892,0.19199809432029724,0.42891299402522065,0.008815343786326875,0.45549898829078145
COD10K-CAM-1-Aquatic-14-ScorpionFish-896,0.24663101136684418,0.5994411659202379,0.6106990530045955,0.5443593733471063
COD10K-CAM-1-Aquatic-14-ScorpionFish-897,0.09826724231243134,0.7798862841698044,0.639971014303806,0.8125573284069885
COD10K-CAM-1-Aquatic-14-ScorpionFish-898,0.16778910160064697,0.7489189139297516,0.660845198480846,0.7891917559699358
COD10K-CAM-1-Aquatic-14-ScorpionFish-899,0.11577165126800537,0.7148308385891089,0.686268390888369,0.7089172326183357
COD10K-CAM-1-Aquatic-14-ScorpionFish-900,0.07569698989391327,0.8752583161406788,0.7428712816624049,0.8471601665557202
COD10K-CAM-1-Aquatic-14-ScorpionFish-901,0.15365320444107056,0.6691551382377174,0.48087023486538016,0.7327528063855573
COD10K-CAM-1-Aquatic-14-ScorpionFish-906,0.11239443719387054,0.7492829407203774,0.6292119779707492,0.8200080503984553
COD10K-CAM-1-Aquatic-14-ScorpionFish-907,0.07072342187166214,0.6462348053287942,0.3253818871169582,0.8416271369084797
COD10K-CAM-1-Aquatic-14-ScorpionFish-911,0.12225557863712311,0.7585147124793036,0.5545350425668617,0.8239821567820145
COD10K-CAM-1-Aquatic-14-ScorpionFish-915,0.22624360024929047,0.6746285034668766,0.5860875449202024,0.6109639598923078
COD10K-CAM-1-Aquatic-14-ScorpionFish-918,0.0997886136174202,0.7160241968784347,0.5811109398570649,0.7097223988895132
COD10K-CAM-1-Aquatic-14-ScorpionFish-919,0.16502942144870758,0.5158095335387589,0.32585588234346774,0.3886588021699544
COD10K-CAM-1-Aquatic-14-ScorpionFish-926,0.27557268738746643,0.5579310742835153,0.5586113170124825,0.47001591350723565
COD10K-CAM-1-Aquatic-14-ScorpionFish-928,0.16584919393062592,0.6704117511516601,0.41868016583723033,0.7679465621453211
COD10K-CAM-1-Aquatic-14-ScorpionFish-930,0.21394427120685577,0.6955178705866667,0.6712760753461718,0.6082340383397846
COD10K-CAM-1-Aquatic-14-ScorpionFish-934,0.09497678279876709,0.6714583326056418,0.3512232856224138,0.822054539075978
COD10K-CAM-1-Aquatic-14-ScorpionFish-935,0.08205550163984299,0.7490912727671583,0.30255510886778836,0.7520830900301301
COD10K-CAM-1-Aquatic-14-ScorpionFish-936,0.23530802130699158,0.6995218842747335,0.7610886664493656,0.6526248634861811
COD10K-CAM-1-Aquatic-14-ScorpionFish-939,0.1312648504972458,0.6155196757694569,0.4850469338757187,0.5391209271987096
COD10K-CAM-1-Aquatic-14-ScorpionFish-940,0.2731509506702423,0.6627953067746055,0.8263142991224277,0.628029897910709
COD10K-CAM-1-Aquatic-14-ScorpionFish-943,0.11314476281404495,0.741232990068322,0.6629480926191491,0.7551327912670904
COD10K-CAM-1-Aquatic-14-ScorpionFish-945,0.135636568069458,0.7361671057345613,0.7353779361516913,0.6937217405355005
COD10K-CAM-1-Aquatic-14-ScorpionFish-950,0.11975646764039993,0.7415576525051085,0.5251140763525272,0.8012917017881085
COD10K-CAM-1-Aquatic-14-ScorpionFish-954,0.39377033710479736,0.41593462770938455,0.5612783577535061,0.39111540138249423
COD10K-CAM-1-Aquatic-15-SeaHorse-1002,0.1920625865459442,0.5767635597503084,0.42565791165319466,0.6612447180013754
COD10K-CAM-1-Aquatic-15-SeaHorse-1003,0.08549579977989197,0.6817309382998429,0.5234691413974544,0.7666253444907793
COD10K-CAM-1-Aquatic-15-SeaHorse-1004,0.06714522838592529,0.5197472066287707,0.08987858347413467,0.459780903941526
COD10K-CAM-1-Aquatic-15-SeaHorse-1006,0.10608471930027008,0.590351689599083,0.10875411847439488,0.6338156638962587
COD10K-CAM-1-Aquatic-15-SeaHorse-1010,0.11293406039476395,0.6877063538522643,0.37927638300152916,0.7717010014651711
COD10K-CAM-1-Aquatic-15-SeaHorse-1012,0.0752510279417038,0.6525159081657672,0.16528755649224633,0.5950564347122496
COD10K-CAM-1-Aquatic-15-SeaHorse-1013,0.11211995035409927,0.48804077513138994,0.15589770034908557,0.6517080866720614
COD10K-CAM-1-Aquatic-15-SeaHorse-1014,0.10491229593753815,0.6527610308485194,0.5223659805147799,0.7484222838023067
COD10K-CAM-1-Aquatic-15-SeaHorse-1015,0.042282380163669586,0.5922412392427115,0.12252240831374617,0.7475995255309161
COD10K-CAM-1-Aquatic-15-SeaHorse-1022,0.058296896517276764,0.868382500618593,0.49722539347733263,0.784258759253414
COD10K-CAM-1-Aquatic-15-SeaHorse-1023,0.10688465088605881,0.8255266105109506,0.666291254543339,0.8199013274372687
COD10K-CAM-1-Aquatic-15-SeaHorse-1032,0.0730101615190506,0.5891315844682055,0.15704760463590686,0.5479834014441151
COD10K-CAM-1-Aquatic-15-SeaHorse-1035,0.11062005907297134,0.7557561378060654,0.6371001743134406,0.8180022489837959
COD10K-CAM-1-Aquatic-15-SeaHorse-1043,0.05956236645579338,0.7338468534950742,0.3223419238788334,0.699040146801098
COD10K-CAM-1-Aquatic-15-SeaHorse-1044,0.11770160496234894,0.4334817155236548,0.0031062440062205486,0.5576745693992681
COD10K-CAM-1-Aquatic-15-SeaHorse-1047,0.13005736470222473,0.6832691543717053,0.39298712327830637,0.7484491784691651
COD10K-CAM-1-Aquatic-15-SeaHorse-1048,0.07798062264919281,0.5146994748005279,0.03412334144004285,0.4587711397606379
COD10K-CAM-1-Aquatic-15-SeaHorse-1052,0.04482600465416908,0.5577576480452513,0.11988685440435211,0.6801021439764663
COD10K-CAM-1-Aquatic-15-SeaHorse-1057,0.08096817880868912,0.7231809690011306,0.38805704949646663,0.8515800775184983
COD10K-CAM-1-Aquatic-15-SeaHorse-1063,0.13956718146800995,0.6404995764614168,0.3005830753906042,0.7025295674086509
COD10K-CAM-1-Aquatic-15-SeaHorse-1066,0.11705099046230316,0.75064081728509,0.4743320556946709,0.8179501473671538
COD10K-CAM-1-Aquatic-15-SeaHorse-1067,0.04097924754023552,0.6567878900890658,0.21319369418008574,0.57039354058128
COD10K-CAM-1-Aquatic-15-SeaHorse-1069,0.0953313335776329,0.5539442040411928,0.06593545434615018,0.562397854580981
COD10K-CAM-1-Aquatic-15-SeaHorse-1070,0.04985584318637848,0.8458751772443365,0.6586847553987595,0.8918188049589842
COD10K-CAM-1-Aquatic-15-SeaHorse-1071,0.09237741678953171,0.8510963000279342,0.7153555358544518,0.8297547900380338
COD10K-CAM-1-Aquatic-15-SeaHorse-1074,0.06833125650882721,0.7220151132427901,0.28383903197676197,0.6908067546258525
COD10K-CAM-1-Aquatic-15-SeaHorse-1076,0.17222732305526733,0.4935370687244365,0.36836205233968716,0.3977618388718022
COD10K-CAM-1-Aquatic-15-SeaHorse-1078,0.08127357065677643,0.4667100219158772,0.03929017808894862,0.6468133221086392
COD10K-CAM-1-Aquatic-15-SeaHorse-1083,0.08864457905292511,0.8171503974300044,0.7875015112643245,0.8091471370512234
COD10K-CAM-1-Aquatic-15-SeaHorse-1085,0.15133345127105713,0.6962434369779466,0.4723842225123965,0.7441153885931413
COD10K-CAM-1-Aquatic-15-SeaHorse-1086,0.12332184612751007,0.7648364546936917,0.5788759597848895,0.7235914588807115
COD10K-CAM-1-Aquatic-15-SeaHorse-1088,0.034415800124406815,0.4803727361618054,0.012050707997673746,0.3660436325198949
COD10K-CAM-1-Aquatic-15-SeaHorse-1092,0.09375517815351486,0.6254720949264155,0.28947155457664947,0.7245433144443993
COD10K-CAM-1-Aquatic-15-SeaHorse-1096,0.06819044053554535,0.6257239541638646,0.3298915006843907,0.6073876484171616
COD10K-CAM-1-Aquatic-15-SeaHorse-1099,0.08894925564527512,0.8030363189877576,0.5222677184870604,0.8409344778723477
COD10K-CAM-1-Aquatic-15-SeaHorse-1105,0.17715857923030853,0.4905746086950126,0.32192146372855096,0.47216938087616067
COD10K-CAM-1-Aquatic-15-SeaHorse-1109,0.1120591014623642,0.8045630995055237,0.6519974096842083,0.8030056739914538
COD10K-CAM-1-Aquatic-15-SeaHorse-1110,0.19584453105926514,0.6120834152326013,0.4848098247267752,0.5950723923998613
COD10K-CAM-1-Aquatic-15-SeaHorse-962,0.13131998479366302,0.6505925962399722,0.4049344416180639,0.6982002370567971
COD10K-CAM-1-Aquatic-15-SeaHorse-963,0.15885278582572937,0.4347799137400208,0.059711788941779545,0.7106672600448747
COD10K-CAM-1-Aquatic-15-SeaHorse-966,0.1601800173521042,0.6652092670100013,0.5478381455349653,0.6962184698379033
COD10K-CAM-1-Aquatic-15-SeaHorse-972,0.24369555711746216,0.5540958414632148,0.5678984252533409,0.5062341526433141
COD10K-CAM-1-Aquatic-15-SeaHorse-977,0.26864126324653625,0.4168691443855148,0.013514525011574635,0.28420732161437856
COD10K-CAM-1-Aquatic-15-SeaHorse-978,0.057159002870321274,0.6436698477682579,0.4088279493641068,0.7493181624588295
COD10K-CAM-1-Aquatic-15-SeaHorse-980,0.08287841826677322,0.7801215868657687,0.5752869073491691,0.8259384143844222
COD10K-CAM-1-Aquatic-15-SeaHorse-981,0.04932205006480217,0.6008955736442803,0.1793140751852273,0.6354412618284524
COD10K-CAM-1-Aquatic-15-SeaHorse-983,0.08923190832138062,0.7722995556567129,0.5830493323201102,0.844974033403561
COD10K-CAM-1-Aquatic-15-SeaHorse-984,0.07218164205551147,0.8444859379126561,0.6628878114391812,0.8814816423575167
COD10K-CAM-1-Aquatic-15-SeaHorse-986,0.10142369568347931,0.848535729172986,0.7859051641968495,0.8310149718269814
COD10K-CAM-1-Aquatic-15-SeaHorse-989,0.05582944676280022,0.5719266033419523,0.12251214118594533,0.5287421109757785
COD10K-CAM-1-Aquatic-15-SeaHorse-990,0.03369273990392685,0.6354531937852128,0.18556975535420625,0.6372560244659151
COD10K-CAM-1-Aquatic-15-SeaHorse-992,0.15525539219379425,0.4733043222219855,0.10630673937850744,0.7364943491816338
COD10K-CAM-1-Aquatic-15-SeaHorse-996,0.11007259786128998,0.5654768147068812,0.26512548961518106,0.8196347833998638
COD10K-CAM-1-Aquatic-15-SeaHorse-997,0.0889352560043335,0.7698968435820157,0.5338104548808397,0.8570598655912764
COD10K-CAM-1-Aquatic-15-SeaHorse-999,0.14543980360031128,0.8017842748602609,0.8308717200473579,0.7807752349604988
COD10K-CAM-1-Aquatic-16-Shrimp-1115,0.14206470549106598,0.5479847326371405,0.1744857114046185,0.7402173535300322
COD10K-CAM-1-Aquatic-16-Shrimp-1116,0.026736363768577576,0.8407160601934776,0.5044620753318309,0.8955810364766387
COD10K-CAM-1-Aquatic-16-Shrimp-1117,0.037706684321165085,0.7679983198939633,0.37606181350095513,0.8179676774295599
COD10K-CAM-1-Aquatic-16-Shrimp-1119,0.14422607421875,0.48339353644246963,0.09531466464935637,0.41571211556460297
COD10K-CAM-1-Aquatic-16-Shrimp-1120,0.11872588098049164,0.5238768196204628,0.09758877403583005,0.5114634145604163
COD10K-CAM-1-Aquatic-16-Shrimp-1121,0.1006108745932579,0.5456259740912309,0.1178467635603987,0.6184530716722946
COD10K-CAM-1-Aquatic-16-Shrimp-1123,0.07932702451944351,0.5715254129425237,0.062143724612375606,0.5077094022200682
COD10K-CAM-1-Aquatic-16-Shrimp-1128,0.12155761569738388,0.6025204106595318,0.20133787906663206,0.6659530854632991
COD10K-CAM-1-Aquatic-16-Shrimp-1130,0.09188475459814072,0.7480194797287291,0.41715618275946176,0.8187083184241861
COD10K-CAM-1-Aquatic-16-Shrimp-1140,0.08082356303930283,0.552083907664594,0.09096266457271575,0.4581413701313515
COD10K-CAM-1-Aquatic-16-Shrimp-1142,0.16770611703395844,0.4404525304120289,0.009994312242403689,0.33200101236665563
COD10K-CAM-1-Aquatic-16-Shrimp-1145,0.0649074912071228,0.7406479996627516,0.31528952740839855,0.7617504495135696
COD10K-CAM-1-Aquatic-17-Slug-1149,0.16914880275726318,0.4635675049629378,0.2686551733063994,0.42704633765061706
COD10K-CAM-1-Aquatic-17-Slug-1151,0.10768793523311615,0.5733689594383714,0.14714108488020372,0.6464453655599024
COD10K-CAM-1-Aquatic-18-StarFish-1161,0.09063829481601715,0.7578996044417035,0.5013055771597262,0.783301146785206
COD10K-CAM-1-Aquatic-18-StarFish-1162,0.10497115552425385,0.7080923210432681,0.49759003725276424,0.7686327786541788
COD10K-CAM-1-Aquatic-18-StarFish-1164,0.08953038603067398,0.6770631626195431,0.27077302186216157,0.6883021127549795
COD10K-CAM-1-Aquatic-18-StarFish-1171,0.0317961722612381,0.8051143415697182,0.3757742808614511,0.8240527275390443
COD10K-CAM-1-Aquatic-18-StarFish-1173,0.14720143377780914,0.4081679770828231,0.030501177326853198,0.7376325904623924
COD10K-CAM-1-Aquatic-18-StarFish-1177,0.10234811902046204,0.6852781096697953,0.25998352995676255,0.6388812557433208
COD10K-CAM-1-Aquatic-18-StarFish-1178,0.16606207191944122,0.6096118950415095,0.30009312432440954,0.7131687924816881
COD10K-CAM-1-Aquatic-18-StarFish-1181,0.07234907895326614,0.7369790459404125,0.40743757684087883,0.7725495476813906
COD10K-CAM-1-Aquatic-18-StarFish-1183,0.20090951025485992,0.5299805308037752,0.18786359010913747,0.642005800412597
COD10K-CAM-1-Aquatic-19-Stingaree-1186,0.0929831713438034,0.7473770200133958,0.6804621063689782,0.790000471845719
COD10K-CAM-1-Aquatic-19-Stingaree-1190,0.3520655333995819,0.3379618887996164,0.15843340978689446,0.28113525739232037
COD10K-CAM-1-Aquatic-19-Stingaree-1191,0.07934293150901794,0.796293964957639,0.6035456617304498,0.7615638110423106
COD10K-CAM-1-Aquatic-19-Stingaree-1192,0.08456018567085266,0.8213885908256486,0.556434382882008,0.8300664403962901
COD10K-CAM-1-Aquatic-19-Stingaree-1197,0.04918425530195236,0.8544527411605408,0.5378652535873749,0.8090160333643583
COD10K-CAM-1-Aquatic-19-Stingaree-1198,0.6396653652191162,0.23158070254082555,0.30471613970025085,0.22636216940805504
COD10K-CAM-1-Aquatic-19-Stingaree-1203,0.20308497548103333,0.48342209315019147,0.38864269321014666,0.3872175996064891
COD10K-CAM-1-Aquatic-19-Stingaree-1204,0.3129670321941376,0.36907750970262687,0.18156269117134083,0.2901329273956613
COD10K-CAM-1-Aquatic-19-Stingaree-1207,0.12539885938167572,0.5036042057013346,0.23592787948436172,0.39357454184349794
COD10K-CAM-1-Aquatic-2-ClownFish-10,0.04040270298719406,0.4901513732907986,0.058037456598079726,0.2710893989847848
COD10K-CAM-1-Aquatic-2-ClownFish-11,0.03687972202897072,0.48281211422270676,0.007533813121033555,0.25057259437244495
COD10K-CAM-1-Aquatic-2-ClownFish-13,0.03292202204465866,0.5813633176274127,0.14179033271008376,0.41898734924788494
COD10K-CAM-1-Aquatic-2-ClownFish-15,0.03437482938170433,0.796397421564615,0.3517872548612534,0.7717452309965074
COD10K-CAM-1-Aquatic-2-ClownFish-18,0.09068324416875839,0.4762463369699851,0.044394316796736666,0.4045334013877945
COD10K-CAM-1-Aquatic-20-Turtle-1221,0.031382836401462555,0.9382469273678223,0.8704081883863688,0.9312558394480706
COD10K-CAM-1-Aquatic-20-Turtle-1224,0.5877655148506165,0.3074590719465392,0.5920561968812956,0.23323901236536915
COD10K-CAM-1-Aquatic-20-Turtle-1225,0.022492079064249992,0.8569531572053481,0.5775456875831487,0.90760438136935
COD10K-CAM-1-Aquatic-20-Turtle-1231,0.04254205897450447,0.8793409067256472,0.7519496318461425,0.8919564882825679
COD10K-CAM-1-Aquatic-3-Crab-23,0.09487184882164001,0.8336841684381817,0.6616081705414073,0.8438648804961775
COD10K-CAM-1-Aquatic-3-Crab-24,0.12161587178707123,0.6697134827643905,0.6704992732760778,0.647384249539759
COD10K-CAM-1-Aquatic-3-Crab-30,0.05645691230893135,0.7485064484136692,0.4077400536030055,0.8426339190744065
COD10K-CAM-1-Aquatic-3-Crab-31,0.0771225094795227,0.7239483044722927,0.39903065109901437,0.760527599382077
COD10K-CAM-1-Aquatic-3-Crab-32,0.027027564123272896,0.7833526691396806,0.35063508694061285,0.8556796010219507
COD10K-CAM-1-Aquatic-3-Crab-33,0.10521673411130905,0.7143134788648062,0.5820446105360434,0.7274089699453414
COD10K-CAM-1-Aquatic-3-Crab-34,0.0249102171510458,0.5941093625991141,0.08226094658276721,0.5467501814915723
COD10K-CAM-1-Aquatic-3-Crab-35,0.19922396540641785,0.5593170921944407,0.4910806107211446,0.47256935657886745
COD10K-CAM-1-Aquatic-3-Crab-37,0.11771365255117416,0.4961771243139245,0.0934856371796955,0.5146678184376305
COD10K-CAM-1-Aquatic-3-Crab-38,0.01936013624072075,0.5517433830318842,0.044407931175596486,0.6679692639654866
COD10K-CAM-1-Aquatic-3-Crab-40,0.03873301297426224,0.7716179455951957,0.4338743327368987,0.8907488843085871
COD10K-CAM-1-Aquatic-3-Crab-43,0.05616458132863045,0.5311332646462563,0.08807654803276865,0.5014396027866564
COD10K-CAM-1-Aquatic-3-Crab-45,0.04435519874095917,0.5166418391148675,0.07381767809998556,0.42242971024307197
COD10K-CAM-1-Aquatic-3-Crab-46,0.05762547254562378,0.7480966649108485,0.5504986903046262,0.8242643987265261
COD10K-CAM-1-Aquatic-3-Crab-50,0.06727179139852524,0.769986991156282,0.36885145090733934,0.7526630536714465
COD10K-CAM-1-Aquatic-3-Crab-54,0.0955294817686081,0.5952973024769332,0.18573992863724245,0.6144958452709139
COD10K-CAM-1-Aquatic-3-Crab-58,0.0837499275803566,0.6394634644677427,0.22764505098170362,0.7033815999709749
COD10K-CAM-1-Aquatic-3-Crab-62,0.14260070025920868,0.566803055677352,0.24807609306217163,0.8073151025819705
COD10K-CAM-1-Aquatic-3-Crab-65,0.0369565412402153,0.7597480871113667,0.47972600500920404,0.8923564660053442
COD10K-CAM-1-Aquatic-3-Crab-67,0.0422968789935112,0.7671450953649888,0.38140508814144436,0.6795519262228283
COD10K-CAM-1-Aquatic-3-Crab-71,0.0778656154870987,0.6822546738559062,0.3619146350988599,0.8018470515510722
COD10K-CAM-1-Aquatic-3-Crab-73,0.08682558685541153,0.6856021421871334,0.4042094881320609,0.846530337793596
COD10K-CAM-1-Aquatic-3-Crab-86,0.07120182365179062,0.7569723865829341,0.516754158033691,0.8752662411623223
COD10K-CAM-1-Aquatic-3-Crab-87,0.12057783454656601,0.5056581383701673,0.2120432288887326,0.41040866597815906
COD10K-CAM-1-Aquatic-3-Crab-88,0.04816854000091553,0.5658120533623422,0.16120360161206915,0.8219891305094448
COD10K-CAM-1-Aquatic-3-Crab-89,0.05250652879476547,0.4741313657172891,0.0039445860199783965,0.3583118298485414
COD10K-CAM-1-Aquatic-3-Crab-93,0.05232863128185272,0.7121448061994108,0.358511488393748,0.7692377940563958
COD10K-CAM-1-Aquatic-3-Crab-96,0.15119342505931854,0.6472985618049792,0.5872870232423104,0.7025022308169508
COD10K-CAM-1-Aquatic-3-Crab-99,0.10157855600118637,0.5149982306449769,0.33070118199086274,0.39736960092487483
COD10K-CAM-1-Aquatic-4-Crocodile-105,0.08660440891981125,0.845707321903723,0.7901388144503433,0.8101464458442227
COD10K-CAM-1-Aquatic-4-Crocodile-110,0.05135726556181908,0.8092944035538436,0.5812227769954381,0.7545959363383222
COD10K-CAM-1-Aquatic-4-Crocodile-114,0.10661757737398148,0.7511589224050206,0.7903871987899255,0.7822016101449718
COD10K-CAM-1-Aquatic-4-Crocodile-115,0.03947187587618828,0.7762380275869166,0.4423788972088994,0.719084775439926
COD10K-CAM-1-Aquatic-4-Crocodile-118,0.04423194378614426,0.7272888369512042,0.3269420060829362,0.7821106404400557
COD10K-CAM-1-Aquatic-4-Crocodile-119,0.041141364723443985,0.47112871113166244,0.009856774362878178,0.5739149837578253
COD10K-CAM-1-Aquatic-4-Crocodile-123,0.07204363495111465,0.6224421108066859,0.24798208606056626,0.7181393566234233
COD10K-CAM-1-Aquatic-5-CrocodileFish-125,0.18305857479572296,0.525112552465071,0.29882453098249956,0.5687384985053936
COD10K-CAM-1-Aquatic-5-CrocodileFish-126,0.585087239742279,0.31197921343370083,0.4068873676428501,0.2391686015519958
COD10K-CAM-1-Aquatic-5-CrocodileFish-131,0.10676293075084686,0.7272603983545145,0.503518753053425,0.7941795870640413
COD10K-CAM-1-Aquatic-6-Fish-134,0.3645274341106415,0.39589426623895824,0.2762850341802443,0.3227680873902957
COD10K-CAM-1-Aquatic-6-Fish-135,0.03246961534023285,0.5625959788712388,0.1223131724731366,0.3471183005731938
COD10K-CAM-1-Aquatic-6-Fish-136,0.08237121999263763,0.44679992923253625,0.0043817509587559126,0.5371197310367306
COD10K-CAM-1-Aquatic-6-Fish-138,0.08215467631816864,0.597966437243751,0.43065896701904016,0.5723227277807368
COD10K-CAM-1-Aquatic-6-Fish-139,0.09554653614759445,0.7856742006572346,0.7355023723309447,0.8028252397981371
COD10K-CAM-1-Aquatic-6-Fish-143,0.10468102246522903,0.6849866605731089,0.40008730814850335,0.7295207825463501
COD10K-CAM-1-Aquatic-6-Fish-149,0.06683842837810516,0.7551185098271722,0.3081975940995215,0.6939586231680429
COD10K-CAM-1-Aquatic-6-Fish-150,0.044947437942028046,0.5161582783731016,0.08680580298730992,0.49573334830353233
COD10K-CAM-1-Aquatic-6-Fish-155,0.06448733806610107,0.7431774154424129,0.4645379990863078,0.7845734253745481
COD10K-CAM-1-Aquatic-6-Fish-157,0.028824511915445328,0.4947265007630129,0.0317708515857494,0.2627457526882164
COD10K-CAM-1-Aquatic-6-Fish-159,0.06631046533584595,0.5408579000193872,0.10959168985305834,0.7765823321238452
COD10K-CAM-1-Aquatic-6-Fish-160,0.05911402404308319,0.653968499897343,0.14846754402888476,0.599438690673299
COD10K-CAM-1-Aquatic-6-Fish-162,0.13189011812210083,0.8464177463238871,0.833682542403287,0.8193747284629389
COD10K-CAM-1-Aquatic-6-Fish-163,0.029496612027287483,0.8403334861213434,0.3986312690827423,0.7552693873605562
COD10K-CAM-1-Aquatic-6-Fish-168,0.11693115532398224,0.6998651741516555,0.5707020261876796,0.7040190677155886
COD10K-CAM-1-Aquatic-6-Fish-171,0.10350467264652252,0.5892868036364618,0.3879907526496986,0.4890385604854079
COD10K-CAM-1-Aquatic-6-Fish-174,0.13274595141410828,0.573678765015426,0.23510087049229708,0.7471221124687851
COD10K-CAM-1-Aquatic-6-Fish-183,0.16119347512722015,0.49177080947624385,0.1739519463906207,0.5258217071456155
COD10K-CAM-1-Aquatic-6-Fish-186,0.10306113213300705,0.6515476654276916,0.29110161784204247,0.6659375336919549
COD10K-CAM-1-Aquatic-6-Fish-189,0.23432859778404236,0.45017018676980913,0.35886955055407493,0.4593307629332911
COD10K-CAM-1-Aquatic-6-Fish-190,0.4787696897983551,0.26341469792814826,0.044332233432630944,0.25179995966537116
COD10K-CAM-1-Aquatic-6-Fish-191,0.1582844853401184,0.7388425694245806,0.6935693664836213,0.678239461733073
COD10K-CAM-1-Aquatic-6-Fish-193,0.05969326198101044,0.7730633044724553,0.4298381399580777,0.8275095432717289
COD10K-CAM-1-Aquatic-6-Fish-196,0.12020179629325867,0.6355002489043766,0.2819971251326458,0.7482243517275424
COD10K-CAM-1-Aquatic-6-Fish-197,0.08508429676294327,0.7004504851631165,0.31909029222437035,0.7743994536164314
COD10K-CAM-1-Aquatic-6-Fish-203,0.08470620959997177,0.5671409927802445,0.14497411884324166,0.5122515444532367
COD10K-CAM-1-Aquatic-6-Fish-204,0.08724305778741837,0.819219402928198,0.586123196474237,0.8283342248675536
COD10K-CAM-1-Aquatic-6-Fish-207,0.2934119701385498,0.5118118133830635,0.4853130318569772,0.41577808464494914
COD10K-CAM-1-Aquatic-6-Fish-215,0.04262039437890053,0.8545750970009789,0.4356415213576492,0.8521133188264899
COD10K-CAM-1-Aquatic-6-Fish-218,0.06404508650302887,0.621005848115427,0.18430081837703485,0.7150752423483644
COD10K-CAM-1-Aquatic-6-Fish-219,0.20590053498744965,0.6504799934299231,0.6654980288354492,0.5749813551451906
COD10K-CAM-1-Aquatic-6-Fish-220,0.11301207542419434,0.4828848140933881,0.11076290018992069,0.7540624025922045
COD10K-CAM-1-Aquatic-6-Fish-221,0.17507408559322357,0.45410892243075157,0.10001618951704788,0.6023108953959855
COD10K-CAM-1-Aquatic-6-Fish-222,0.09061077237129211,0.5684716420817792,0.25485860341925004,0.7404492387842745
COD10K-CAM-1-Aquatic-6-Fish-224,0.09175807982683182,0.7963779764102095,0.6714256191656186,0.8395042608360741
COD10K-CAM-1-Aquatic-6-Fish-225,0.25875183939933777,0.6003160798720301,0.6234667562234943,0.6061607904930515
COD10K-CAM-1-Aquatic-6-Fish-227,0.07761754840612411,0.6964326724846873,0.3074970449601259,0.7201444425691632
COD10K-CAM-1-Aquatic-6-Fish-228,0.25398269295692444,0.6479825007068925,0.7796502682587594,0.6240908037344559
COD10K-CAM-1-Aquatic-6-Fish-230,0.16072452068328857,0.708514323313494,0.6492728720309223,0.6896364465593094
COD10K-CAM-1-Aquatic-6-Fish-231,0.13887880742549896,0.6420296266158778,0.41115030319668927,0.784393152835938
COD10K-CAM-1-Aquatic-6-Fish-235,0.06730393320322037,0.7134965698110602,0.35502811722116656,0.7832327432673571
COD10K-CAM-1-Aquatic-6-Fish-242,0.06889887154102325,0.7346589826040228,0.31101785369137863,0.7572663394496957
COD10K-CAM-1-Aquatic-6-Fish-243,0.056182585656642914,0.8247612885128569,0.6429332525927403,0.8835913703414451
COD10K-CAM-1-Aquatic-7-Flounder-245,0.414465993642807,0.4531621978115871,0.6000062530807242,0.39949568611600833
COD10K-CAM-1-Aquatic-7-Flounder-246,0.12300047278404236,0.6774996643176574,0.6196165273907691,0.6366242075848053
COD10K-CAM-1-Aquatic-7-Flounder-247,0.302176296710968,0.526002086218346,0.5896973776529597,0.46547723564139787
COD10K-CAM-1-Aquatic-7-Flounder-248,0.1532677561044693,0.6896724460564347,0.7192445578590093,0.6708108102613237
COD10K-CAM-1-Aquatic-7-Flounder-249,0.1420925110578537,0.7449604217636874,0.7662477564175303,0.7651489047021062
COD10K-CAM-1-Aquatic-7-Flounder-250,0.28618836402893066,0.5156900195041536,0.5829131918012332,0.506096339124897
COD10K-CAM-1-Aquatic-7-Flounder-253,0.09426272660493851,0.8832993239209659,0.7903034604798537,0.8384774869197333
COD10K-CAM-1-Aquatic-7-Flounder-254,0.4739910364151001,0.33152315906521157,0.42919474654091666,0.31369774737682404
COD10K-CAM-1-Aquatic-7-Flounder-258,0.08964692801237106,0.7776503386517937,0.5415513141999382,0.8305573825712445
COD10K-CAM-1-Aquatic-7-Flounder-259,0.17795737087726593,0.5755639250822506,0.5503525559084899,0.5086142065112343
COD10K-CAM-1-Aquatic-7-Flounder-262,0.08682067692279816,0.8624477406724953,0.7434239677725576,0.8811452779929518
COD10K-CAM-1-Aquatic-7-Flounder-264,0.305292010307312,0.5833037772354478,0.6071957533523116,0.47588596436631503
COD10K-CAM-1-Aquatic-7-Flounder-266,0.19399671256542206,0.4246281138636227,0.13560646419982686,0.6656517204788522
COD10K-CAM-1-Aquatic-7-Flounder-270,0.6426078081130981,0.2991540153878505,0.536278856300206,0.20250376956429014
COD10K-CAM-1-Aquatic-7-Flounder-272,0.08916857093572617,0.6959356086164088,0.6782619970097321,0.7938167538668883
COD10K-CAM-1-Aquatic-7-Flounder-277,0.18373313546180725,0.6426161135078013,0.6987103817533761,0.632806684723898
COD10K-CAM-1-Aquatic-7-Flounder-283,0.031104348599910736,0.6060102465581996,0.24072099402254146,0.6161275005050786
COD10K-CAM-1-Aquatic-7-Flounder-284,0.31821733713150024,0.47349963314819543,0.4702889745496058,0.4031317465200421
COD10K-CAM-1-Aquatic-7-Flounder-286,0.10603172332048416,0.8582902724697227,0.7914426766534753,0.8452297225588394
COD10K-CAM-1-Aquatic-7-Flounder-287,0.09166274219751358,0.7342885094984942,0.5503968714671738,0.6541406379607684
COD10K-CAM-1-Aquatic-7-Flounder-289,0.20771458745002747,0.6127193119020065,0.6112336746642639,0.5666058167836725
COD10K-CAM-1-Aquatic-7-Flounder-290,0.2765231430530548,0.3645602057025104,0.09933851780879616,0.27653875235509395
COD10K-CAM-1-Aquatic-7-Flounder-291,0.14814628660678864,0.550401504861336,0.36801569530911304,0.6731338849746309
COD10K-CAM-1-Aquatic-7-Flounder-292,0.31326863169670105,0.5502921986131721,0.5498443670973783,0.4384091891452464
COD10K-CAM-1-Aquatic-8-FrogFish-295,0.13629139959812164,0.4698831959927778,0.24762274459107142,0.331461456550578
COD10K-CAM-1-Aquatic-8-FrogFish-296,0.05918280407786369,0.5888377044713555,0.2846529058045439,0.4584647107975739
COD10K-CAM-1-Aquatic-8-FrogFish-297,0.37009990215301514,0.37381603835929633,0.3653414373247695,0.3389235936135824
COD10K-CAM-1-Aquatic-8-FrogFish-299,0.2148818075656891,0.5299545209591966,0.167190740386238,0.638383953234195
COD10K-CAM-1-Aquatic-8-FrogFish-303,0.16013535857200623,0.6342432546428937,0.5012096819860534,0.5061557502423351
COD10K-CAM-1-Aquatic-8-FrogFish-305,0.14762698113918304,0.8073593750084302,0.8025170392522757,0.7735782214573518
COD10K-CAM-1-Aquatic-8-FrogFish-306,0.09670558571815491,0.9108280354853573,0.8506019993034493,0.8445056449630763
COD10K-CAM-1-Aquatic-9-GhostPipefish-307,0.04446988180279732,0.7289645058990513,0.407025515373858,0.8349718371131312
COD10K-CAM-1-Aquatic-9-GhostPipefish-309,0.14285193383693695,0.6142950318141357,0.3932700026905347,0.7594306107021472
COD10K-CAM-1-Aquatic-9-GhostPipefish-312,0.08418235182762146,0.739295454248638,0.45543831948735997,0.7652663467872531
COD10K-CAM-1-Aquatic-9-GhostPipefish-315,0.09481268376111984,0.7022956401634259,0.36427629335989103,0.751032612669472
COD10K-CAM-1-Aquatic-9-GhostPipefish-318,0.22013244032859802,0.5842651441584283,0.576907101210008,0.6446751910887321
COD10K-CAM-1-Aquatic-9-GhostPipefish-322,0.12372198700904846,0.6083165370143198,0.4166774688024297,0.6138024804710926
COD10K-CAM-1-Aquatic-9-GhostPipefish-323,0.05787854269146919,0.626990052287547,0.2762177905819991,0.7872851426580215
COD10K-CAM-1-Aquatic-9-GhostPipefish-326,0.13927464187145233,0.5806632456949203,0.20457288059183443,0.6583393420439213
COD10K-CAM-1-Aquatic-9-GhostPipefish-327,0.15168960392475128,0.5943954883210508,0.2668820446768914,0.7354530031997225
COD10K-CAM-1-Aquatic-9-GhostPipefish-333,0.040331702679395676,0.7558570622016937,0.3345294333407134,0.572035671950057
COD10K-CAM-1-Aquatic-9-GhostPipefish-334,0.10463935136795044,0.6403031497616963,0.29016000496492717,0.7163526294143785
COD10K-CAM-1-Aquatic-9-GhostPipefish-339,0.07915537804365158,0.664652043997913,0.41875923048227814,0.7602112792149793
COD10K-CAM-1-Aquatic-9-GhostPipefish-346,0.07198796421289444,0.8104153505648368,0.6128419260435776,0.8577671902707522
COD10K-CAM-1-Aquatic-9-GhostPipefish-347,0.3380247950553894,0.35058600664616046,0.1537941940773445,0.2818034008351039
COD10K-CAM-1-Aquatic-9-GhostPipefish-348,0.11675499379634857,0.7016416096685768,0.5380031619567311,0.6326609865762731
COD10K-CAM-1-Aquatic-9-GhostPipefish-349,0.15172851085662842,0.6228508731093843,0.5559310142171001,0.6228802138034146
COD10K-CAM-1-Aquatic-9-GhostPipefish-350,0.10356252640485764,0.7673795998690367,0.6189696376652918,0.7140785461903247
COD10K-CAM-1-Aquatic-9-GhostPipefish-353,0.14289724826812744,0.4565041030555283,0.06646672198582353,0.6771242744798305
COD10K-CAM-1-Aquatic-9-GhostPipefish-359,0.06826046854257584,0.7144966838061755,0.47462204276416187,0.7993202394080215
COD10K-CAM-1-Aquatic-9-GhostPipefish-369,0.05916163697838783,0.6026231384451479,0.1662822904180646,0.6730360995432683
COD10K-CAM-1-Aquatic-9-GhostPipefish-370,0.07019656151533127,0.8408252587699827,0.7043262072392811,0.8339433946917361
COD10K-CAM-1-Aquatic-9-GhostPipefish-372,0.0403590053319931,0.7607512096061307,0.3756023554499084,0.8287101334495096
COD10K-CAM-1-Aquatic-9-GhostPipefish-377,0.17560698091983795,0.4942712744012594,0.48390431771548037,0.44914882367688524
COD10K-CAM-1-Aquatic-9-GhostPipefish-379,0.15131406486034393,0.4959200602532115,0.1850753278994659,0.772074820920289
COD10K-CAM-1-Aquatic-9-GhostPipefish-380,0.11054269224405289,0.7491457887170497,0.6073410452473648,0.792605505639628
COD10K-CAM-1-Aquatic-9-GhostPipefish-381,0.1174556314945221,0.674111656017454,0.21452377601463285,0.5970855895097732
COD10K-CAM-1-Aquatic-9-GhostPipefish-382,0.056472983211278915,0.8104996343784111,0.6228323756475146,0.9111022853137902
COD10K-CAM-1-Aquatic-9-GhostPipefish-383,0.1871332973241806,0.5345148031717093,0.4123762737618011,0.46315296958624746
COD10K-CAM-1-Aquatic-9-GhostPipefish-384,0.14214809238910675,0.631549318910875,0.46004396564640465,0.6677257924918588
COD10K-CAM-1-Aquatic-9-GhostPipefish-385,0.09464038163423538,0.7303172468145942,0.6057699229530136,0.7574135983141168
COD10K-CAM-1-Aquatic-9-GhostPipefish-390,0.14541375637054443,0.66477735068344,0.6023879046174654,0.6172466372323615
COD10K-CAM-1-Aquatic-9-GhostPipefish-391,0.21652540564537048,0.4330759760795623,0.2018132316745089,0.30385438752303956
COD10K-CAM-1-Aquatic-9-GhostPipefish-395,0.16069020330905914,0.5817728972553036,0.3133891969571112,0.5040610494827937
COD10K-CAM-1-Aquatic-9-GhostPipefish-397,0.13430680334568024,0.5810821332282476,0.17897119034077644,0.6691946929963517
COD10K-CAM-1-Aquatic-9-GhostPipefish-399,0.11456724256277084,0.6212556523605333,0.5303023968892406,0.6246097867550585
COD10K-CAM-1-Aquatic-9-GhostPipefish-402,0.05052080377936363,0.7897537132193833,0.4617716683326604,0.8658391653306651
COD10K-CAM-1-Aquatic-9-GhostPipefish-403,0.08138575404882431,0.5342834735263048,0.08315362336655162,0.7141725807040314
COD10K-CAM-1-Aquatic-9-GhostPipefish-406,0.08820881694555283,0.7400707395092978,0.3749995716837538,0.7472681716069779
COD10K-CAM-1-Aquatic-9-GhostPipefish-407,0.18155771493911743,0.5271995179527009,0.3740413324979899,0.459001413328474
COD10K-CAM-1-Aquatic-9-GhostPipefish-409,0.06400971114635468,0.7344757912688868,0.42266637644401184,0.7154256830750374
COD10K-CAM-1-Aquatic-9-GhostPipefish-411,0.11549526453018188,0.5416453600732535,0.2561064646738888,0.38608015902414616
COD10K-CAM-2-Terrestrial-21-Ant-1233,0.14608274400234222,0.43112795049629804,0.004553790626687846,0.2698522200952268
COD10K-CAM-2-Terrestrial-21-Ant-1238,0.01245308481156826,0.49988904026602965,0.005782390534488368,0.3817446461370386
COD10K-CAM-2-Terrestrial-21-Ant-1240,0.05273258313536644,0.6176182067673226,0.08597024894927083,0.5394561996608414
COD10K-CAM-2-Terrestrial-21-Ant-1241,0.055050961673259735,0.5816289246393102,0.1691073473299497,0.5757756614475509
COD10K-CAM-2-Terrestrial-21-Ant-1243,0.04003579169511795,0.4790289017704367,0.0006902864611410338,0.2801795019503084
COD10K-CAM-2-Terrestrial-21-Ant-1246,0.06873767822980881,0.4628984369248426,0.01232488315400337,0.3195178509127478
COD10K-CAM-2-Terrestrial-21-Ant-1247,0.03172647953033447,0.7532001513470042,0.3201582791377674,0.8244325129613733
COD10K-CAM-2-Terrestrial-21-Ant-1249,0.05810558795928955,0.4557099761175972,0.002247839052705561,0.6088283804294727
COD10K-CAM-2-Terrestrial-21-Ant-1251,0.12334901839494705,0.6168770945467005,0.2657970853356776,0.7979962773049755
COD10K-CAM-2-Terrestrial-21-Ant-1257,0.01388554647564888,0.5684677506312085,0.06555477945172844,0.7032124416836795
COD10K-CAM-2-Terrestrial-22-Bug-1260,0.05760490149259567,0.68334131813152,0.4283075369426318,0.6692666575712842
COD10K-CAM-2-Terrestrial-22-Bug-1262,0.1146405041217804,0.5262051092273615,0.09679582970461718,0.44756738008324226
COD10K-CAM-2-Terrestrial-22-Bug-1263,0.04339315742254257,0.8612020608198728,0.7009453740360717,0.9118627748137826
COD10K-CAM-2-Terrestrial-22-Bug-1267,0.13714881241321564,0.49884213799333244,0.07138422767877878,0.39905734161926715
COD10K-CAM-2-Terrestrial-22-Bug-1268,0.08992208540439606,0.7277016668719924,0.3992959555004229,0.7739679076779444
COD10K-CAM-2-Terrestrial-22-Bug-1270,0.07026641070842743,0.7698855351510112,0.45017284233015326,0.8365631450979485
COD10K-CAM-2-Terrestrial-22-Bug-1271,0.06545068323612213,0.8486728978972975,0.6972417326376784,0.8856520215994668
COD10K-CAM-2-Terrestrial-22-Bug-1272,0.06509870290756226,0.5661553158328911,0.09252585384546198,0.6414875801994364
COD10K-CAM-2-Terrestrial-22-Bug-1273,0.02288590557873249,0.8228358234814608,0.3375075269987437,0.8265640696641005
COD10K-CAM-2-Terrestrial-22-Bug-1274,0.04828475043177605,0.9248224573398907,0.8347971951305247,0.9201949692971892
COD10K-CAM-2-Terrestrial-22-Bug-1276,0.06535369157791138,0.8459675699398015,0.6698745839678907,0.9081926438154199
COD10K-CAM-2-Terrestrial-22-Bug-1277,0.08898792415857315,0.5541223791338646,0.10098416308287933,0.460358437433489
COD10K-CAM-2-Terrestrial-22-Bug-1278,0.039612118154764175,0.8114306488430814,0.5145372929702704,0.8635621566850864
COD10K-CAM-2-Terrestrial-22-Bug-1281,0.04856877774000168,0.8718450468385415,0.7505294112398258,0.916318980028939
COD10K-CAM-2-Terrestrial-22-Bug-1282,0.04513145610690117,0.7048286912191697,0.32761085694503983,0.7134262965808438
COD10K-CAM-2-Terrestrial-22-Bug-1283,0.10896100848913193,0.5257915753019287,0.27981988342518027,0.6101032724032693
COD10K-CAM-2-Terrestrial-22-Bug-1284,0.026232868432998657,0.7607822242809024,0.43498158439338996,0.8369334199193623
COD10K-CAM-2-Terrestrial-22-Bug-1285,0.08045265078544617,0.6151958422344228,0.10270736683029758,0.4630279102495719
COD10K-CAM-2-Terrestrial-22-Bug-1286,0.04702363535761833,0.8147107899495221,0.5566011903374352,0.7928235841389369
COD10K-CAM-2-Terrestrial-22-Bug-1289,0.0663677453994751,0.49319659364521584,0.057022960493848925,0.46568854824297234
COD10K-CAM-2-Terrestrial-22-Bug-1291,0.02989729307591915,0.6196031305198043,0.12017425384552881,0.46958584983998897
COD10K-CAM-2-Terrestrial-22-Bug-1293,0.08581087738275528,0.7900456340131188,0.4773608490123335,0.8151538796228537
COD10K-CAM-2-Terrestrial-23-Cat-1299,0.05301962047815323,0.7083572432371746,0.2771775436549385,0.7427849600859897
COD10K-CAM-2-Terrestrial-23-Cat-1300,0.18003655970096588,0.5813720614730671,0.44639129307465764,0.574498057733085
COD10K-CAM-2-Terrestrial-23-Cat-1301,0.06873068958520889,0.7297944363079213,0.5478299543501673,0.6950581048973032
COD10K-CAM-2-Terrestrial-23-Cat-1304,0.04539728909730911,0.8565637089295306,0.6150356401043665,0.8793885918075048
COD10K-CAM-2-Terrestrial-23-Cat-1310,0.031112423166632652,0.6399199909425008,0.21357660727447927,0.6636816769189311
COD10K-CAM-2-Terrestrial-23-Cat-1320,0.0782906636595726,0.6536010784992281,0.2606399549352783,0.74164904387736
COD10K-CAM-2-Terrestrial-23-Cat-1325,0.03577997907996178,0.875162868370414,0.5834932124559816,0.876916083900784
COD10K-CAM-2-Terrestrial-23-Cat-1327,0.03795836120843887,0.47967871206332585,0.009612839157351588,0.7481436421012809
COD10K-CAM-2-Terrestrial-23-Cat-1328,0.13307785987854004,0.706592388828318,0.6904590305283906,0.7041894165930329
COD10K-CAM-2-Terrestrial-23-Cat-1329,0.039301466196775436,0.714661191553952,0.3165357765255352,0.8109805052686173
COD10K-CAM-2-Terrestrial-23-Cat-1330,0.09422716498374939,0.5984718712759611,0.15994062732780037,0.6156997342858197
COD10K-CAM-2-Terrestrial-23-Cat-1331,0.21984243392944336,0.6241720805610748,0.7112520772938582,0.597754001211324
COD10K-CAM-2-Terrestrial-23-Cat-1333,0.07075200229883194,0.48454339891232345,0.09013514575506514,0.2875043948889717
COD10K-CAM-2-Terrestrial-23-Cat-1337,0.047489941120147705,0.8422665499457628,0.6256371585747379,0.8725056490462352
COD10K-CAM-2-Terrestrial-23-Cat-1339,0.2923940122127533,0.35990835009954203,0.09076532096758218,0.2634025370082327
COD10K-CAM-2-Terrestrial-23-Cat-1344,0.01714114099740982,0.7328763483890369,0.2736477511999024,0.823080349062957
COD10K-CAM-2-Terrestrial-23-Cat-1350,0.05635358765721321,0.7607208648807458,0.4445594816951361,0.8623466514939921
COD10K-CAM-2-Terrestrial-23-Cat-1352,0.028699327260255814,0.4989084161920911,0.018456879760573742,0.32452735758236023
COD10K-CAM-2-Terrestrial-23-Cat-1358,0.1027456745505333,0.4967854634550313,0.12631823104619522,0.5907732681247689
COD10K-CAM-2-Terrestrial-23-Cat-1359,0.16304948925971985,0.46038123452098445,0.30759081974125874,0.3744078619089613
COD10K-CAM-2-Terrestrial-23-Cat-1360,0.14030389487743378,0.614154065086908,0.18201711583322563,0.6284452160857585
COD10K-CAM-2-Terrestrial-23-Cat-1363,0.034257084131240845,0.6899287838835284,0.13600729915792292,0.610890020855792
COD10K-CAM-2-Terrestrial-23-Cat-1364,0.04322033375501633,0.5396494057070117,0.060771585109072046,0.4407606970190086
COD10K-CAM-2-Terrestrial-23-Cat-1365,0.12837061285972595,0.511850747797536,0.1862690884071876,0.7171304920923942
COD10K-CAM-2-Terrestrial-23-Cat-1367,0.008019423112273216,0.4969704624484096,0.000926062279733723,0.261120173242289
COD10K-CAM-2-Terrestrial-23-Cat-1368,0.06188670173287392,0.5769330971326461,0.2715199667397394,0.8558890639636508
COD10K-CAM-2-Terrestrial-23-Cat-1369,0.06135417893528938,0.5167580067145755,0.039032131852184425,0.5581533146288196
COD10K-CAM-2-Terrestrial-23-Cat-1371,0.04631830379366875,0.4714930922564017,0.010337678892015284,0.7370873539246241
COD10K-CAM-2-Terrestrial-23-Cat-1372,0.05771283060312271,0.6097553778778536,0.1352786558197681,0.6374132890340076
COD10K-CAM-2-Terrestrial-23-Cat-1377,0.015296079218387604,0.495110512056048,0.006314211566362219,0.3611798350630949
COD10K-CAM-2-Terrestrial-23-Cat-1378,0.10850588232278824,0.6093063404655755,0.5216951199397059,0.6653144234340016
COD10K-CAM-2-Terrestrial-23-Cat-1380,0.11654536426067352,0.715750210660574,0.5363592829113135,0.6812289232151423
COD10K-CAM-2-Terrestrial-23-Cat-1381,0.07992339879274368,0.4560979619541535,0.049605753984895015,0.37417419813861225
COD10K-CAM-2-Terrestrial-23-Cat-1383,0.07953768223524094,0.6002354027441497,0.17225974218992168,0.6285491847044566
COD10K-CAM-2-Terrestrial-23-Cat-1386,0.2814798951148987,0.4013659431943945,0.20471806422249472,0.40262442780675756
COD10K-CAM-2-Terrestrial-23-Cat-1387,0.08830633014440536,0.4972269376539576,0.20586547326629576,0.5431874654229225
COD10K-CAM-2-Terrestrial-23-Cat-1388,0.06592024117708206,0.5560922738872273,0.2572760926672641,0.49012964958871713
COD10K-CAM-2-Terrestrial-23-Cat-1390,0.008468004874885082,0.5145032444344296,0.018512979401507642,0.26398090013070263
COD10K-CAM-2-Terrestrial-23-Cat-1391,0.02668374590575695,0.6144195871249196,0.08958438102819653,0.6914376328161176
COD10K-CAM-2-Terrestrial-23-Cat-1392,0.018308429047465324,0.49984317808477263,0.02695328429208415,0.6468662278716651
COD10K-CAM-2-Terrestrial-23-Cat-1394,0.03481689468026161,0.5899695009365544,0.23805822946556113,0.7193531631599787
COD10K-CAM-2-Terrestrial-23-Cat-1400,0.06715185195207596,0.4577449737832955,0.004988002814928294,0.5647991902792118
COD10K-CAM-2-Terrestrial-23-Cat-1405,0.11685919016599655,0.44238206739677527,0.026487102090630002,0.2632912059162187
COD10K-CAM-2-Terrestrial-23-Cat-1411,0.07611024379730225,0.5693349145880127,0.16054921084478369,0.6798380145562881
COD10K-CAM-2-Terrestrial-23-Cat-1412,0.15181708335876465,0.4312744070914384,0.030396533113568776,0.5232646433850716
COD10K-CAM-2-Terrestrial-23-Cat-1413,0.050790444016456604,0.6224426206059389,0.2050052244142162,0.7104059482927636
COD10K-CAM-2-Terrestrial-23-Cat-1415,0.09267419576644897,0.4436952287511908,0.026363129233176748,0.6350427423521046
COD10K-CAM-2-Terrestrial-23-Cat-1419,0.1593666523694992,0.5544591597379458,0.4298413842335892,0.48394434313059986
COD10K-CAM-2-Terrestrial-23-Cat-1420,0.03803500160574913,0.5944718993400397,0.22324571554592101,0.4125914280206614
COD10K-CAM-2-Terrestrial-23-Cat-1421,0.07909251004457474,0.7030516662602375,0.3929362362321628,0.847960659133018
COD10K-CAM-2-Terrestrial-23-Cat-1423,0.058251213282346725,0.584316810992749,0.2451910042464612,0.5107856044354677
COD10K-CAM-2-Terrestrial-23-Cat-1424,0.06502389162778854,0.5166510422457821,0.1493655392169899,0.37297351009907387
COD10K-CAM-2-Terrestrial-23-Cat-1428,0.03331752493977547,0.48670097298014087,0.022688165617613037,0.2553044544569997
COD10K-CAM-2-Terrestrial-23-Cat-1429,0.022939248010516167,0.774129722694791,0.4120415944490406,0.8220843830976857
COD10K-CAM-2-Terrestrial-23-Cat-1431,0.05155140161514282,0.48644008792607607,0.019448515865550478,0.3357778999608556
COD10K-CAM-2-Terrestrial-23-Cat-1432,0.11313574761152267,0.430205242566521,0.0012748335078169414,0.6507475636029766
COD10K-CAM-2-Terrestrial-23-Cat-1433,0.03377698361873627,0.4913424106003858,0.02811434969719207,0.6905062166736575
COD10K-CAM-2-Terrestrial-23-Cat-1434,0.09055270254611969,0.8449104889045285,0.6532105125901964,0.8367913188741166
COD10K-CAM-2-Terrestrial-23-Cat-1438,0.01020881813019514,0.49343892757323365,0.0007871955188345039,0.33685823928644143
COD10K-CAM-2-Terrestrial-23-Cat-1442,0.1172783374786377,0.5129183461977584,0.14913849764697745,0.7373304550911524
COD10K-CAM-2-Terrestrial-23-Cat-1443,0.09125341475009918,0.5257835169929358,0.10304703408814017,0.4855738922475471
COD10K-CAM-2-Terrestrial-23-Cat-1446,0.11380617320537567,0.4479023050416381,0.07697296107822958,0.5765178132414104
COD10K-CAM-2-Terrestrial-23-Cat-1449,0.050636034458875656,0.5713494552465068,0.1476768686592447,0.8099446214993211
COD10K-CAM-2-Terrestrial-23-Cat-1451,0.08393595367670059,0.5964834555484314,0.30974424790040994,0.6462020660151664
COD10K-CAM-2-Terrestrial-23-Cat-1453,0.02091917209327221,0.4991729901003888,0.004605498043652988,0.3803891608358968
COD10K-CAM-2-Terrestrial-23-Cat-1458,0.04826878383755684,0.4832115329491032,0.04390405690234623,0.2705372669280047
COD10K-CAM-2-Terrestrial-23-Cat-1459,0.2837872803211212,0.5954247888069302,0.6289041694590475,0.5059520018494484
COD10K-CAM-2-Terrestrial-23-Cat-1461,0.02119000256061554,0.5108063315026281,0.01879821648726558,0.3926651622335215
COD10K-CAM-2-Terrestrial-23-Cat-1462,0.0777800977230072,0.44809281067584616,0.012021115363065297,0.5823293078649454
COD10K-CAM-2-Terrestrial-23-Cat-1465,0.025859933346509933,0.6273064557072279,0.1516215007859984,0.6238006338061399
COD10K-CAM-2-Terrestrial-23-Cat-1466,0.017587363719940186,0.531890274700829,0.04432974444821326,0.3819932053008752
COD10K-CAM-2-Terrestrial-23-Cat-1471,0.030733786523342133,0.8380422657381754,0.5875628793024228,0.8248202941538041
COD10K-CAM-2-Terrestrial-23-Cat-1472,0.09430995583534241,0.4675442146888841,0.14984101335040131,0.2971001077416791
COD10K-CAM-2-Terrestrial-23-Cat-1474,0.0889090895652771,0.47915861739242477,0.09611795077052315,0.6415405505141094
COD10K-CAM-2-Terrestrial-23-Cat-1475,0.01321110688149929,0.553437314284573,0.04857224217518086,0.3047878632876731
COD10K-CAM-2-Terrestrial-23-Cat-1476,0.0400061197578907,0.6501266854017755,0.18365881461614758,0.5359979459846923
COD10K-CAM-2-Terrestrial-23-Cat-1479,0.041338685899972916,0.5120025574345728,0.07789501791088307,0.76933059631883
COD10K-CAM-2-Terrestrial-23-Cat-1481,0.19668243825435638,0.631559259886826,0.4516983629380571,0.7146979741846404
COD10K-CAM-2-Terrestrial-23-Cat-1483,0.05436405539512634,0.4720983124912038,0.023474570370762806,0.5820765840832047
COD10K-CAM-2-Terrestrial-23-Cat-1485,0.15924367308616638,0.5297530521831401,0.2905469994164064,0.645116900431868
COD10K-CAM-2-Terrestrial-23-Cat-1488,0.11861055344343185,0.44306294604953855,0.03289620130164645,0.2697742944834843
COD10K-CAM-2-Terrestrial-23-Cat-1490,0.02880886197090149,0.5786512019702207,0.20234457841040035,0.44332043435656376
COD10K-CAM-2-Terrestrial-23-Cat-1491,0.054973114281892776,0.7220040594848196,0.4830989197281384,0.7329592382661891
COD10K-CAM-2-Terrestrial-23-Cat-1492,0.055135417729616165,0.6514716512354738,0.320388668224529,0.8172387424988308
COD10K-CAM-2-Terrestrial-23-Cat-1494,0.027951162308454514,0.4777316170011109,0.003307446428747948,0.6544364137589262
COD10K-CAM-2-Terrestrial-23-Cat-1496,0.0523139089345932,0.6627675124718125,0.3220529806824244,0.8587190607578079
COD10K-CAM-2-Terrestrial-23-Cat-1498,0.06788229942321777,0.4591640573894079,0.0359759234091894,0.8267306121313754
COD10K-CAM-2-Terrestrial-23-Cat-1500,0.03329664096236229,0.6813936117245853,0.2969262717947771,0.7982792159849532
COD10K-CAM-2-Terrestrial-23-Cat-1505,0.021457789465785027,0.4855761458237239,0.0013544842915743471,0.31896412493314175
COD10K-CAM-2-Terrestrial-23-Cat-1506,0.0193759985268116,0.8788273773630421,0.5886918280312279,0.8206337622537174
COD10K-CAM-2-Terrestrial-23-Cat-1508,0.17052604258060455,0.40747537125812033,0.02094344411104802,0.36887121475516615
COD10K-CAM-2-Terrestrial-23-Cat-1510,0.009520746767520905,0.4991114762273941,0.0020031900070500773,0.2649403602986454
COD10K-CAM-2-Terrestrial-23-Cat-1512,0.01802324317395687,0.5033083335914387,0.06879040720647546,0.31157835838921
COD10K-CAM-2-Terrestrial-23-Cat-1514,0.04361271485686302,0.5255064897083348,0.11111338181349786,0.5893646113407833
COD10K-CAM-2-Terrestrial-23-Cat-1515,0.09567539393901825,0.5129542436293946,0.13117312151026822,0.5184273730481426
COD10K-CAM-2-Terrestrial-23-Cat-1516,0.1805730164051056,0.6006405464840139,0.5046944439921696,0.5266339940043473
COD10K-CAM-2-Terrestrial-23-Cat-1520,0.08854390680789948,0.6327144519289897,0.5061439832739323,0.6917188316766694
COD10K-CAM-2-Terrestrial-23-Cat-1522,0.06809943169355392,0.5288928086778231,0.23937461311022132,0.6769473146520681
COD10K-CAM-2-Terrestrial-23-Cat-1523,0.021152494475245476,0.5085776001393072,0.10664249241943202,0.32108794892067694
COD10K-CAM-2-Terrestrial-23-Cat-1524,0.07621298730373383,0.5602342096103239,0.4321522689474019,0.5205519558269482
COD10K-CAM-2-Terrestrial-23-Cat-1526,0.14932781457901,0.3990455238668756,0.023082184960723603,0.7245573977948175
COD10K-CAM-2-Terrestrial-23-Cat-1527,0.37649720907211304,0.4768594003843817,0.5434386479822821,0.41802124437668775
COD10K-CAM-2-Terrestrial-23-Cat-1530,0.03751622140407562,0.793406887050282,0.44387849873052804,0.8425109270644482
COD10K-CAM-2-Terrestrial-23-Cat-1531,0.1849590539932251,0.4098576779818656,0.03176706192137739,0.2542057655763865
COD10K-CAM-2-Terrestrial-23-Cat-1532,0.2202729731798172,0.4111713413143647,0.2111206464908252,0.37615873068036576
COD10K-CAM-2-Terrestrial-23-Cat-1534,0.011047589592635632,0.8343464275200727,0.5369771265300065,0.8948237931859929
COD10K-CAM-2-Terrestrial-23-Cat-1537,0.23386964201927185,0.3920215884328593,0.09009116350697699,0.27489501352713863
COD10K-CAM-2-Terrestrial-24-Caterpillar-1541,0.12512542307376862,0.6519852686517975,0.49045010993225663,0.7722062871052437
COD10K-CAM-2-Terrestrial-24-Caterpillar-1543,0.41103440523147583,0.39533164999962955,0.5030123635858746,0.3661373382998556
COD10K-CAM-2-Terrestrial-24-Caterpillar-1545,0.037977006286382675,0.6446158174613508,0.11241972120756764,0.7638898440126154
COD10K-CAM-2-Terrestrial-24-Caterpillar-1546,0.02056725136935711,0.595985882690074,0.16426307542051674,0.6679949097304216
COD10K-CAM-2-Terrestrial-24-Caterpillar-1548,0.03181223198771477,0.6467639386815508,0.34685118351843053,0.5973458967077745
COD10K-CAM-2-Terrestrial-24-Caterpillar-1552,0.11555256694555283,0.4524683311228161,0.10208863695976633,0.2909688035491633
COD10K-CAM-2-Terrestrial-24-Caterpillar-1557,0.052832916378974915,0.8187702054316022,0.5350006165400364,0.8739851283031215
COD10K-CAM-2-Terrestrial-24-Caterpillar-1560,0.15387219190597534,0.7451131291131758,0.6073735864570928,0.7977389664305987
COD10K-CAM-2-Terrestrial-24-Caterpillar-1564,0.13248755037784576,0.8122886898208829,0.6010551565256853,0.8013408407619695
COD10K-CAM-2-Terrestrial-24-Caterpillar-1565,0.31692594289779663,0.4851909585419131,0.4769997106808778,0.47981896498328647
COD10K-CAM-2-Terrestrial-24-Caterpillar-1567,0.17021231353282928,0.7307418623056823,0.6025539781307868,0.7821295033526656
COD10K-CAM-2-Terrestrial-24-Caterpillar-1568,0.13706569373607635,0.7160872512575095,0.4445473789839785,0.7661774080590008
COD10K-CAM-2-Terrestrial-24-Caterpillar-1570,0.12955918908119202,0.6911795716379654,0.37644882863853724,0.6322542102899518
COD10K-CAM-2-Terrestrial-24-Caterpillar-1572,0.12818095088005066,0.7117870943918744,0.4909189730346115,0.723852539301346
COD10K-CAM-2-Terrestrial-24-Caterpillar-1574,0.030223704874515533,0.5075827393473304,0.04472944418422355,0.6342334078264709
COD10K-CAM-2-Terrestrial-24-Caterpillar-1581,0.06667748838663101,0.7823083747636146,0.4856057543526238,0.8236913548266264
COD10K-CAM-2-Terrestrial-24-Caterpillar-1582,0.036614902317523956,0.5252817449322265,0.060548258861610256,0.562970490999041
COD10K-CAM-2-Terrestrial-24-Caterpillar-1587,0.1339309811592102,0.675407563713883,0.5725526325971937,0.6692161686896073
COD10K-CAM-2-Terrestrial-24-Caterpillar-1591,0.06772494316101074,0.6163691936415125,0.3499306649980203,0.8869065214404195
COD10K-CAM-2-Terrestrial-24-Caterpillar-1594,0.06959931552410126,0.7147369251286123,0.36398511311744053,0.7953110749135508
COD10K-CAM-2-Terrestrial-24-Caterpillar-1596,0.03955225273966789,0.909961126653609,0.6488374243027886,0.9002121109173457
COD10K-CAM-2-Terrestrial-24-Caterpillar-1597,0.0238350722938776,0.7361357869440335,0.412301680057985,0.7990814423731007
COD10K-CAM-2-Terrestrial-24-Caterpillar-1602,0.08057599514722824,0.8351030474765913,0.5573681881834311,0.8330970987616522
COD10K-CAM-2-Terrestrial-24-Caterpillar-1607,0.12373755127191544,0.562155093623323,0.2569544054351525,0.7164498372538459
COD10K-CAM-2-Terrestrial-24-Caterpillar-1608,0.06289418786764145,0.5836442120873815,0.2482965973544986,0.8016486693882927
COD10K-CAM-2-Terrestrial-24-Caterpillar-1616,0.06104505807161331,0.6859383888391752,0.30832998424766767,0.8646923176789774
COD10K-CAM-2-Terrestrial-24-Caterpillar-1621,0.038517605513334274,0.7856445342125441,0.5035647913013132,0.8286496131933689
COD10K-CAM-2-Terrestrial-24-Caterpillar-1622,0.19951863586902618,0.4768816361484363,0.16290611652598516,0.578575879162642
COD10K-CAM-2-Terrestrial-24-Caterpillar-1623,0.1798425167798996,0.6258694880797231,0.4464767428172928,0.555508519966754
COD10K-CAM-2-Terrestrial-24-Caterpillar-1626,0.11387766897678375,0.7758632050227989,0.5216313365752686,0.7861638484267606
COD10K-CAM-2-Terrestrial-24-Caterpillar-1633,0.08231194317340851,0.5637989707846426,0.07147071199439323,0.4784392304058602
COD10K-CAM-2-Terrestrial-24-Caterpillar-1641,0.0786273404955864,0.7481975275943518,0.5485430104668614,0.8346296419274772
COD10K-CAM-2-Terrestrial-24-Caterpillar-1643,0.1055060625076294,0.6891570832338507,0.3872196127145581,0.8534579048279607
COD10K-CAM-2-Terrestrial-24-Caterpillar-1644,0.10419385880231857,0.6764239207170388,0.39207385401484485,0.848286762251939
COD10K-CAM-2-Terrestrial-24-Caterpillar-1645,0.017624683678150177,0.6216020351682764,0.2039863493692597,0.8087565091468973
COD10K-CAM-2-Terrestrial-24-Caterpillar-1650,0.033706046640872955,0.7983360785044511,0.4084727257643252,0.815289078090661
COD10K-CAM-2-Terrestrial-24-Caterpillar-1652,0.03441111743450165,0.6602876765527925,0.23536273973485847,0.7434959553088694
COD10K-CAM-2-Terrestrial-24-Caterpillar-1653,0.06493435055017471,0.784549232813988,0.43358619230231915,0.8405793061127631
COD10K-CAM-2-Terrestrial-24-Caterpillar-1655,0.05011703073978424,0.7705359578640525,0.45197087749637577,0.8499942545143675
COD10K-CAM-2-Terrestrial-25-Centipede-1658,0.18798047304153442,0.5111528326020113,0.24374054551295563,0.7233068860452119
COD10K-CAM-2-Terrestrial-25-Centipede-1659,0.1075373962521553,0.47155584383993643,0.03652261034361194,0.68567617620089
COD10K-CAM-2-Terrestrial-25-Centipede-1663,0.07791583240032196,0.7713513784909852,0.561361032539764,0.746974244042374
COD10K-CAM-2-Terrestrial-26-Chameleon-1667,0.15778547525405884,0.6392859719292732,0.3871098005698709,0.6992541153028431
COD10K-CAM-2-Terrestrial-26-Chameleon-1670,0.033912293612957,0.8197819993924359,0.5210804413237742,0.8784662069365525
COD10K-CAM-2-Terrestrial-26-Chameleon-1671,0.1618259698152542,0.4263862123515631,0.09514130811835177,0.2706582735558748
COD10K-CAM-2-Terrestrial-26-Chameleon-1676,0.02656092680990696,0.7279588905984544,0.31336189921520896,0.7818216755624812
COD10K-CAM-2-Terrestrial-26-Chameleon-1681,0.15651516616344452,0.7380206308143511,0.7067251586339051,0.6811365522978128
COD10K-CAM-2-Terrestrial-26-Chameleon-1688,0.1414141207933426,0.6415722356319306,0.3377749592001661,0.7537370802899818
COD10K-CAM-2-Terrestrial-26-Chameleon-1689,0.04225197434425354,0.8676101857673157,0.7004237159214189,0.9025920398959932
COD10K-CAM-2-Terrestrial-26-Chameleon-1692,0.15807034075260162,0.7295909018237262,0.6812889760448563,0.6856832940333705
COD10K-CAM-2-Terrestrial-26-Chameleon-1693,0.03009161911904812,0.6716689034847405,0.1410878813515025,0.66473778551093
COD10K-CAM-2-Terrestrial-26-Chameleon-1696,0.02651115506887436,0.5887500783849414,0.09988755239258447,0.6696732048172316
COD10K-CAM-2-Terrestrial-26-Chameleon-1697,0.06556243449449539,0.6710039682937389,0.4912232377025477,0.741595677233545
COD10K-CAM-2-Terrestrial-26-Chameleon-1698,0.10000219196081161,0.7624732028970707,0.46841256712460067,0.8536980229690184
COD10K-CAM-2-Terrestrial-26-Chameleon-1699,0.11031252145767212,0.5957101881902145,0.4660093435689067,0.856386406066246
COD10K-CAM-2-Terrestrial-26-Chameleon-1701,0.07278763502836227,0.6657916228378062,0.3582438377726388,0.8623104102958852
COD10K-CAM-2-Terrestrial-26-Chameleon-1703,0.08505015075206757,0.7365169219573919,0.5734108493360772,0.7735527418131402
COD10K-CAM-2-Terrestrial-26-Chameleon-1705,0.06778750568628311,0.44885851677100375,0.002245108014091937,0.6680710605724844
COD10K-CAM-2-Terrestrial-26-Chameleon-1706,0.18335050344467163,0.4808881584317859,0.0634088469318776,0.6973591469173055
COD10K-CAM-2-Terrestrial-26-Chameleon-1707,0.05046924948692322,0.6868010671949853,0.3030465239789139,0.8128813630955857
COD10K-CAM-2-Terrestrial-26-Chameleon-1709,0.10596570372581482,0.4774930056220439,0.03546495441951337,0.749764515872552
COD10K-CAM-2-Terrestrial-26-Chameleon-1711,0.021955767646431923,0.5167842918917396,0.14825482437125637,0.7565352522504138
COD10K-CAM-2-Terrestrial-26-Chameleon-1713,0.04465821012854576,0.8069495579708198,0.49841342651926723,0.8018536315837089
COD10K-CAM-2-Terrestrial-26-Chameleon-1716,0.048166368156671524,0.6573171564105457,0.5563840805809189,0.9081306977130557
COD10K-CAM-2-Terrestrial-26-Chameleon-1719,0.13333208858966827,0.5687546305221611,0.44292741308527633,0.5591404750932998
COD10K-CAM-2-Terrestrial-26-Chameleon-1722,0.04261172190308571,0.5947484475596783,0.15112722424169875,0.6923581800556282
COD10K-CAM-2-Terrestrial-26-Chameleon-1723,0.04010636731982231,0.8282005190306128,0.5662684121614825,0.910678304982421
COD10K-CAM-2-Terrestrial-26-Chameleon-1727,0.0749434158205986,0.47536881039572165,0.03659382336178775,0.3550732532488973
COD10K-CAM-2-Terrestrial-26-Chameleon-1730,0.09689164906740189,0.44260245304702933,0.05223846109664716,0.5403616009805949
COD10K-CAM-2-Terrestrial-26-Chameleon-1737,0.14073804020881653,0.5842907901085951,0.46160083345735053,0.5100317894605986
COD10K-CAM-2-Terrestrial-27-Cheetah-1739,0.10907308757305145,0.6540508012515176,0.3063504752093203,0.7866298010297277
COD10K-CAM-2-Terrestrial-27-Cheetah-1742,0.08237497508525848,0.4512387866012272,0.024873351804849137,0.7419445545678922
COD10K-CAM-2-Terrestrial-27-Cheetah-1743,0.13677296042442322,0.6324820065588852,0.539778336476649,0.7104997770507402
COD10K-CAM-2-Terrestrial-27-Cheetah-1745,0.05767756327986717,0.5037122282149797,0.05310908230272699,0.610358712769814
COD10K-CAM-2-Terrestrial-27-Cheetah-1747,0.06035342812538147,0.4893650562093097,0.032338120553926375,0.39073651783110624
COD10K-CAM-2-Terrestrial-27-Cheetah-1750,0.0297070499509573,0.6694152286484492,0.3786350977483041,0.7077177143038944
COD10K-CAM-2-Terrestrial-27-Cheetah-1751,0.04467237740755081,0.7858188041778174,0.5594303795593212,0.7914778090174122
COD10K-CAM-2-Terrestrial-27-Cheetah-1753,0.0653815045952797,0.6729875586108436,0.38495597737862935,0.8639652928543488
COD10K-CAM-2-Terrestrial-27-Cheetah-1755,0.3346586227416992,0.5232219014880015,0.5361555847912878,0.4317347872698602
COD10K-CAM-2-Terrestrial-27-Cheetah-1756,0.12450901418924332,0.6126281740366089,0.43320557913960184,0.5462123098705454
COD10K-CAM-2-Terrestrial-28-Deer-1758,0.1461275815963745,0.5547908209534642,0.21558093609557777,0.6599361717144326
COD10K-CAM-2-Terrestrial-28-Deer-1760,0.13778774440288544,0.46336539579344016,0.2570899223611924,0.3389810680339166
COD10K-CAM-2-Terrestrial-28-Deer-1761,0.013987209647893906,0.6696262906085494,0.22932014405779036,0.6801748212985166
COD10K-CAM-2-Terrestrial-28-Deer-1762,0.07044799625873566,0.7786167636259558,0.6193592003417585,0.835722929910094
COD10K-CAM-2-Terrestrial-28-Deer-1764,0.11249144375324249,0.5213437994484186,0.16001731532382366,0.6168710408474636
COD10K-CAM-2-Terrestrial-28-Deer-1766,0.07242763787508011,0.46755420087349614,0.04553204904376577,0.3716411007414765
COD10K-CAM-2-Terrestrial-28-Deer-1767,0.06886755675077438,0.5266787432492699,0.13835870150963922,0.7611914796968047
COD10K-CAM-2-Terrestrial-28-Deer-1768,0.1407167762517929,0.6532831198641078,0.5519798706489423,0.5808148319437495
COD10K-CAM-2-Terrestrial-28-Deer-1769,0.07915294915437698,0.4972184286979631,0.14741478998707602,0.36974773915515285
COD10K-CAM-2-Terrestrial-28-Deer-1772,0.024855947121977806,0.6478017050382151,0.19481932632092103,0.7093002765432489
COD10K-CAM-2-Terrestrial-28-Deer-1773,0.041368793696165085,0.7514936935620133,0.3206489365839753,0.8207110766122254
COD10K-CAM-2-Terrestrial-28-Deer-1775,0.0859277993440628,0.5189834064064573,0.1004585270731395,0.6109070911287267
COD10K-CAM-2-Terrestrial-28-Deer-1779,0.1476694643497467,0.6467761970838756,0.509288824377801,0.6848624659449589
COD10K-CAM-2-Terrestrial-28-Deer-1784,0.009169128723442554,0.5010040226018937,0.013771027721714483,0.39892298177877367
COD10K-CAM-2-Terrestrial-28-Deer-1785,0.1465587615966797,0.48258033007467865,0.18526993232816127,0.5006698376769366
COD10K-CAM-2-Terrestrial-28-Deer-1788,0.08387906849384308,0.44167845801969546,0.0003496482547741442,0.4518486788501117
COD10K-CAM-2-Terrestrial-28-Deer-1790,0.03523743897676468,0.48288695216230404,0.002720399183901154,0.3750399103561885
COD10K-CAM-2-Terrestrial-28-Deer-1791,0.06294386833906174,0.5035326683034507,0.10148706494867431,0.7897727428013139
COD10K-CAM-2-Terrestrial-28-Deer-1792,0.045356281101703644,0.8134607808681649,0.4350175450307139,0.858214062537307
COD10K-CAM-2-Terrestrial-28-Deer-1794,0.06747737526893616,0.49716763320605806,0.1302442342311015,0.8101448557159742
COD10K-CAM-2-Terrestrial-28-Deer-1795,0.00757237896323204,0.7786905897034543,0.23639517856317735,0.7496987516329261
COD10K-CAM-2-Terrestrial-28-Deer-1801,0.027624979615211487,0.5067605642283473,0.024261512071689657,0.457658759478208
COD10K-CAM-2-Terrestrial-29-Dog-1804,0.18624448776245117,0.6428349216468702,0.5938960619882362,0.5894289627628606
COD10K-CAM-2-Terrestrial-29-Dog-1805,0.0646040141582489,0.8826883691178088,0.6970357230401731,0.8673625979431316
COD10K-CAM-2-Terrestrial-29-Dog-1814,0.016741136088967323,0.7536966343460132,0.32507257125487754,0.7829069646353152
COD10K-CAM-2-Terrestrial-29-Dog-1815,0.0812685415148735,0.5949006470521997,0.21598646526663276,0.6519386856573021
COD10K-CAM-2-Terrestrial-29-Dog-1816,0.039439164102077484,0.4995433999422608,0.07962883451339113,0.7432621553088747
COD10K-CAM-2-Terrestrial-29-Dog-1817,0.0045655942521989346,0.5010442710776394,0.0017073944222654371,0.28374546002337797
COD10K-CAM-2-Terrestrial-29-Dog-1820,0.006798312067985535,0.5035226450915647,0.004877190212875456,0.2537300737017909
COD10K-CAM-2-Terrestrial-29-Dog-1825,0.01888236403465271,0.6178757130247696,0.46793399764341564,0.71763563412657
COD10K-CAM-2-Terrestrial-29-Dog-1827,0.008814327418804169,0.527606132429402,0.024055774759402515,0.4385159772978038
COD10K-CAM-2-Terrestrial-29-Dog-1829,0.03764653950929642,0.8062753468286923,0.4418444541104561,0.7166708595625553
COD10K-CAM-2-Terrestrial-29-Dog-1830,0.06594032049179077,0.6552194441794366,0.3230430212587303,0.8229081684432298
COD10K-CAM-2-Terrestrial-29-Dog-1831,0.012287022545933723,0.49445420309504623,0.031863110371011846,0.33546266868624275
COD10K-CAM-2-Terrestrial-29-Dog-1832,0.11345263570547104,0.7026184656301975,0.45630832373123614,0.6298190645401893
COD10K-CAM-2-Terrestrial-29-Dog-1834,0.06761466711759567,0.6005705848129328,0.24931741091384044,0.7486870562731287
COD10K-CAM-2-Terrestrial-29-Dog-1835,0.005144940223544836,0.4987617644362601,9.922159678263266e-05,0.255450517729371
COD10K-CAM-2-Terrestrial-29-Dog-1836,0.029342425987124443,0.6179432103143823,0.08899711777524665,0.5007398249736462
COD10K-CAM-2-Terrestrial-29-Dog-1837,0.053441163152456284,0.6737208982348897,0.18998102204379227,0.5749887499174214
COD10K-CAM-2-Terrestrial-29-Dog-1838,0.14244753122329712,0.41954394159915276,0.019368550430983577,0.6691265596114935
COD10K-CAM-2-Terrestrial-29-Dog-1840,0.0804399698972702,0.4483870531220417,0.014583457969120677,0.5569526878901446
COD10K-CAM-2-Terrestrial-29-Dog-1851,0.06874583661556244,0.4666116242877994,0.020592910403488398,0.5553753576854001
COD10K-CAM-2-Terrestrial-29-Dog-1853,0.07542460411787033,0.45472575419724337,0.004121899899832935,0.5108100106815181
COD10K-CAM-2-Terrestrial-29-Dog-1854,0.11204549670219421,0.4474048735650249,0.0597846273060926,0.27218478927362433
COD10K-CAM-2-Terrestrial-29-Dog-1856,0.015253443270921707,0.49962982985870874,0.0041390299942385,0.5071460996142669
COD10K-CAM-2-Terrestrial-30-Duck-1862,0.018094783648848534,0.483915590093662,0.0043283601327440595,0.681006014161036
COD10K-CAM-2-Terrestrial-30-Duck-1866,0.01819422096014023,0.48569535379012246,0.0025203512864921513,0.5805050059765366
COD10K-CAM-2-Terrestrial-30-Duck-1868,0.06192576512694359,0.47501178706120145,0.03879847683187967,0.636953843162042
COD10K-CAM-2-Terrestrial-30-Duck-1870,0.01142113097012043,0.6719675281008737,0.4008983836806415,0.6998520326810651
COD10K-CAM-2-Terrestrial-30-Duck-1871,0.015290746465325356,0.6932277815558593,0.24217043567941024,0.513785947479364
COD10K-CAM-2-Terrestrial-30-Duck-1873,0.09698875993490219,0.48512282197232587,0.1895140343013841,0.39944431522319823
COD10K-CAM-2-Terrestrial-30-Duck-1876,0.050682567059993744,0.5388616631952282,0.1253696824915777,0.7153420442786727
COD10K-CAM-2-Terrestrial-31-Gecko-1880,0.0935024544596672,0.7344509520061329,0.3072539105122371,0.7512297861664766
COD10K-CAM-2-Terrestrial-31-Gecko-1882,0.04717905446887016,0.8273022667749883,0.5435225573560712,0.88581888731602
COD10K-CAM-2-Terrestrial-31-Gecko-1888,0.1261550337076187,0.6721205965902604,0.40446692085477914,0.7675715641752561
COD10K-CAM-2-Terrestrial-31-Gecko-1889,0.25155550241470337,0.6617616947013398,0.7404357423528009,0.6284230491990555
COD10K-CAM-2-Terrestrial-31-Gecko-1890,0.07955513149499893,0.769014929944272,0.42958539539429536,0.8050794530083624
COD10K-CAM-2-Terrestrial-31-Gecko-1892,0.06808454543352127,0.6341739325203013,0.2767166188410693,0.7308140441305435
COD10K-CAM-2-Terrestrial-31-Gecko-1893,0.13316179811954498,0.5072304459394347,0.13537106112049935,0.6750099826705267
COD10K-CAM-2-Terrestrial-31-Gecko-1895,0.07346341013908386,0.7147637635205231,0.3532292560856394,0.7577103825925449
COD10K-CAM-2-Terrestrial-31-Gecko-1901,0.08579209446907043,0.7872941226586998,0.7190004855834741,0.8079272472206396
COD10K-CAM-2-Terrestrial-31-Gecko-1903,0.04943739250302315,0.7136200520510316,0.3783080435927213,0.8004444935453054
COD10K-CAM-2-Terrestrial-31-Gecko-1907,0.0921950414776802,0.6612694522160896,0.2111363563126085,0.735648131323795
COD10K-CAM-2-Terrestrial-31-Gecko-1908,0.060792770236730576,0.6351021555508243,0.20774751623362642,0.6776208598961
COD10K-CAM-2-Terrestrial-31-Gecko-1913,0.0366751030087471,0.6980629276212658,0.3033334873620398,0.6613541250257606
COD10K-CAM-2-Terrestrial-31-Gecko-1917,0.13287493586540222,0.713345818424101,0.3487508267977435,0.7571229008014667
COD10K-CAM-2-Terrestrial-31-Gecko-1920,0.20282414555549622,0.6924184096743604,0.5342496764326978,0.7088143777897861
COD10K-CAM-2-Terrestrial-31-Gecko-1922,0.11900414526462555,0.48710678528917867,0.17769597148862237,0.6369535250143652
COD10K-CAM-2-Terrestrial-31-Gecko-1923,0.13221511244773865,0.6692074254373657,0.37678138999764105,0.7188756040505493
COD10K-CAM-2-Terrestrial-31-Gecko-1927,0.05753294751048088,0.8201316553696465,0.5399917181723688,0.869277135607833
COD10K-CAM-2-Terrestrial-31-Gecko-1929,0.10003741830587387,0.7763146132378748,0.6699554103793195,0.7916353148163509
COD10K-CAM-2-Terrestrial-32-Giraffe-1932,0.0628150999546051,0.4533420096821817,0.00689317813488958,0.7049716140603765
COD10K-CAM-2-Terrestrial-32-Giraffe-1934,0.09767421334981918,0.6059796842511112,0.3586222616174208,0.6304606717428662
COD10K-CAM-2-Terrestrial-32-Giraffe-1935,0.13191959261894226,0.7045652131262401,0.5894241400872391,0.6388648922387209
COD10K-CAM-2-Terrestrial-32-Giraffe-1937,0.0817410796880722,0.49114571396211926,0.04886994529028591,0.3861414293402474
COD10K-CAM-2-Terrestrial-32-Giraffe-1940,0.13240477442741394,0.48640432883223605,0.13441240228243434,0.6175526956238784
COD10K-CAM-2-Terrestrial-32-Giraffe-1941,0.09663177281618118,0.6035044294312946,0.3782407361725091,0.5908061427039955
COD10K-CAM-2-Terrestrial-32-Giraffe-1942,0.046671200543642044,0.6756670558119395,0.3234172994283529,0.8149410934931896
COD10K-CAM-2-Terrestrial-32-Giraffe-1947,0.040415532886981964,0.6934237626192946,0.39644129386057514,0.7506075021678913
COD10K-CAM-2-Terrestrial-32-Giraffe-1950,0.03376133739948273,0.48650148632030915,0.024016325459786284,0.25582838374212813
COD10K-CAM-2-Terrestrial-33-Grouse-1952,0.04386250674724579,0.7634449178919493,0.4313493735558947,0.8077780189744068
COD10K-CAM-2-Terrestrial-33-Grouse-1954,0.031205667182803154,0.8234484669943838,0.42703235206698736,0.8184575791175365
COD10K-CAM-2-Terrestrial-33-Grouse-1958,0.03153298795223236,0.6592479112024169,0.2773129336666386,0.8519280018621926
COD10K-CAM-2-Terrestrial-33-Grouse-1959,0.12107429653406143,0.6726854117386476,0.34873774371559596,0.7841227815970297
COD10K-CAM-2-Terrestrial-33-Grouse-1961,0.028287233784794807,0.8820418522198502,0.6687708410137236,0.8929852112548221
COD10K-CAM-2-Terrestrial-33-Grouse-1962,0.04018978029489517,0.49153815713833376,0.02086788834636064,0.30888602864516473
COD10K-CAM-2-Terrestrial-33-Grouse-1966,0.05658330023288727,0.8667688348545401,0.6687181661991468,0.8908154122777985
COD10K-CAM-2-Terrestrial-34-Human-1970,0.22819960117340088,0.5216040852294227,0.543083892823254,0.46045260746639566
COD10K-CAM-2-Terrestrial-34-Human-1973,0.09982671588659286,0.574640794194888,0.3205723924395831,0.6164809943316933
COD10K-CAM-2-Terrestrial-34-Human-1975,0.02281738445162773,0.788494178989084,0.47255026462971694,0.8483325069189109
COD10K-CAM-2-Terrestrial-34-Human-1978,0.04836469516158104,0.5340703281534507,0.2072349232570331,0.7856863487443616
COD10K-CAM-2-Terrestrial-34-Human-1980,0.044969793409109116,0.46688961848383814,0.004582200939701377,0.6869961012571293
COD10K-CAM-2-Terrestrial-34-Human-1983,0.03610915690660477,0.547038574816352,0.09227655092984774,0.7018949183473595
COD10K-CAM-2-Terrestrial-34-Human-1985,0.02416166104376316,0.47159350398361205,0.0007287766006369193,0.6292894143762733
COD10K-CAM-2-Terrestrial-34-Human-1987,0.10154183954000473,0.5018819560442198,0.12063015180238597,0.6074638102479633
COD10K-CAM-2-Terrestrial-34-Human-1990,0.052968502044677734,0.460358676724934,0.01246268732281018,0.8375154982895856
COD10K-CAM-2-Terrestrial-34-Human-1991,0.09365969896316528,0.4390651942994895,0.016759843882297072,0.40638236706622644
COD10K-CAM-2-Terrestrial-34-Human-1992,0.047984346747398376,0.5816431306372057,0.19961219373873024,0.7812589690644312
COD10K-CAM-2-Terrestrial-34-Human-1993,0.021492507308721542,0.7461477157944324,0.3826665776164589,0.8465345463310421
COD10K-CAM-2-Terrestrial-34-Human-1996,0.09962893277406693,0.5357436691956039,0.23867339320383696,0.5213471823454394
COD10K-CAM-2-Terrestrial-34-Human-1997,0.11344143748283386,0.6935396777079965,0.6933498143103618,0.6634463104278168
COD10K-CAM-2-Terrestrial-34-Human-1998,0.007327878847718239,0.6410302573527058,0.16831252653099893,0.6208739073139433
COD10K-CAM-2-Terrestrial-34-Human-2000,0.1602679044008255,0.42272484548508066,0.0676143498411653,0.40132641451613066
COD10K-CAM-2-Terrestrial-34-Human-2007,0.03244733065366745,0.7472825056984088,0.44894631841640664,0.855417363838281
COD10K-CAM-2-Terrestrial-34-Human-2010,0.006435800343751907,0.497016286869758,0.002834169843296551,0.3275877252641105
COD10K-CAM-2-Terrestrial-34-Human-2012,0.2655371427536011,0.5344911789469279,0.5283388982239913,0.4436801512077521
COD10K-CAM-2-Terrestrial-34-Human-2013,0.09213432669639587,0.6234537108141464,0.314267150581952,0.6261212711911779
COD10K-CAM-2-Terrestrial-34-Human-2014,0.4641525447368622,0.3090220671041028,0.22892859344484562,0.3022681907182329
COD10K-CAM-2-Terrestrial-34-Human-2017,0.04763267934322357,0.8557589490252241,0.577117677071764,0.8402338188111698
COD10K-CAM-2-Terrestrial-34-Human-2018,0.19509738683700562,0.4470249016168972,0.3135437216700324,0.34610627851816933
COD10K-CAM-2-Terrestrial-34-Human-2028,0.12242498248815536,0.6256284617922039,0.3802063222326876,0.7081265529577865
COD10K-CAM-2-Terrestrial-34-Human-2031,0.040523990988731384,0.7043337357987906,0.3801270634451029,0.7732716067118535
COD10K-CAM-2-Terrestrial-34-Human-2034,0.20667234063148499,0.492861013094144,0.30882040393859356,0.6673076519087293
COD10K-CAM-2-Terrestrial-34-Human-2035,0.13423162698745728,0.7162245020822571,0.6497118045357715,0.7566372055593777
COD10K-CAM-2-Terrestrial-34-Human-2037,0.25741565227508545,0.3792441034013465,0.10431732183872387,0.27692775246495605
COD10K-CAM-2-Terrestrial-34-Human-2039,0.11247720569372177,0.5948170145543642,0.49396170698302316,0.5322800492437958
COD10K-CAM-2-Terrestrial-34-Human-2045,0.03142467513680458,0.8310215147570192,0.4668946656038452,0.8338446303944202
COD10K-CAM-2-Terrestrial-35-Kangaroo-2049,0.05186036229133606,0.6980758741556388,0.3374014435946635,0.7631967844254186
COD10K-CAM-2-Terrestrial-35-Kangaroo-2050,0.0365225151181221,0.4841263080189194,0.038294397847768266,0.4240078529008344
COD10K-CAM-2-Terrestrial-35-Kangaroo-2053,0.07959715276956558,0.6024500437124094,0.2527560874257684,0.7984464693952034
COD10K-CAM-2-Terrestrial-36-Leopard-2059,0.198032945394516,0.623531063217539,0.5656175267002354,0.6648243259976504
COD10K-CAM-2-Terrestrial-36-Leopard-2061,0.059121277183294296,0.4556770213131494,0.0008461841744078837,0.4992223100876244
COD10K-CAM-2-Terrestrial-36-Leopard-2063,0.08567105233669281,0.7060489332645088,0.3325500563246074,0.7433602941261337
COD10K-CAM-2-Terrestrial-36-Leopard-2064,0.056398820132017136,0.6563135130749849,0.22155930986972736,0.6479048094177091
COD10K-CAM-2-Terrestrial-36-Leopard-2066,0.04570484906435013,0.7487438715745917,0.3963038783816027,0.8095487482090553
COD10K-CAM-2-Terrestrial-36-Leopard-2067,0.03531373292207718,0.6484332455208688,0.2583069767898007,0.7165666316924182
COD10K-CAM-2-Terrestrial-36-Leopard-2068,0.033732082694768906,0.7358664856159045,0.28375676131139266,0.7942607783222749
COD10K-CAM-2-Terrestrial-36-Leopard-2070,0.08776094764471054,0.5971630280627329,0.136268470769974,0.5017840077278137
COD10K-CAM-2-Terrestrial-36-Leopard-2071,0.012439983896911144,0.49815417538824297,0.004197137143419078,0.35094973166705434
COD10K-CAM-2-Terrestrial-36-Leopard-2072,0.03711968660354614,0.5257290516737074,0.10545492782671226,0.33648590166783565
COD10K-CAM-2-Terrestrial-36-Leopard-2073,0.07324227690696716,0.4746775130107512,0.10410821502281327,0.8367450639300165
COD10K-CAM-2-Terrestrial-36-Leopard-2076,0.1959855556488037,0.5277725546343746,0.16307122251509076,0.5133933520217635
COD10K-CAM-2-Terrestrial-36-Leopard-2077,0.039868470281362534,0.7336431889480807,0.46671317054471273,0.8698683236828622
COD10K-CAM-2-Terrestrial-36-Leopard-2079,0.07374083995819092,0.7615933979391675,0.4926080990510906,0.8472051191722554
COD10K-CAM-2-Terrestrial-36-Leopard-2082,0.11220697313547134,0.5402243505839058,0.2892169764443954,0.5534590871083033
COD10K-CAM-2-Terrestrial-36-Leopard-2088,0.14131616055965424,0.5840190099181055,0.22348248696096443,0.7333065212040849
COD10K-CAM-2-Terrestrial-36-Leopard-2089,0.07494069635868073,0.7460204437125862,0.39553025176279655,0.7905891516373214
COD10K-CAM-2-Terrestrial-36-Leopard-2090,0.04325076565146446,0.5971740861960166,0.19043745745538115,0.8451395011204006
COD10K-CAM-2-Terrestrial-36-Leopard-2092,0.10010062903165817,0.7678258601298301,0.6890077932349632,0.7525445159451543
COD10K-CAM-2-Terrestrial-36-Leopard-2101,0.05990391969680786,0.7988123772108997,0.5297059826867612,0.8694813518566522
COD10K-CAM-2-Terrestrial-36-Leopard-2103,0.056944236159324646,0.8520997009991507,0.6831516047548982,0.8819964299610931
COD10K-CAM-2-Terrestrial-36-Leopard-2104,0.033027760684490204,0.755946354098616,0.44160233519566183,0.8420242502548833
COD10K-CAM-2-Terrestrial-37-Lion-2105,0.08127852529287338,0.4850515376601788,0.07027605765304608,0.5368780280805057
COD10K-CAM-2-Terrestrial-37-Lion-2107,0.0904712900519371,0.6074792182443653,0.31497510736553086,0.7771157308930348
COD10K-CAM-2-Terrestrial-37-Lion-2109,0.06995123624801636,0.7765628994986808,0.5475559645942439,0.8822647634531418
COD10K-CAM-2-Terrestrial-37-Lion-2112,0.007121683564037085,0.5316760530839615,0.0134545540107715,0.2750279682486907
COD10K-CAM-2-Terrestrial-37-Lion-2113,0.022283153608441353,0.8362196518845256,0.4668238976224239,0.8705522233682909
COD10K-CAM-2-Terrestrial-38-Lizard-2119,0.07207567989826202,0.6734777078972769,0.22289716784070468,0.700723959398961
COD10K-CAM-2-Terrestrial-38-Lizard-2125,0.045489415526390076,0.7278905822168634,0.45143298438167634,0.7714851986300092
COD10K-CAM-2-Terrestrial-38-Lizard-2126,0.057712621986866,0.692938329663055,0.43878104026124104,0.8925836781097725
COD10K-CAM-2-Terrestrial-38-Lizard-2132,0.05686028301715851,0.6499620328146907,0.367227193126582,0.6720765178203334
COD10K-CAM-2-Terrestrial-38-Lizard-2135,0.040007077157497406,0.7454036666547617,0.3759184934380182,0.8191713810503082
COD10K-CAM-2-Terrestrial-38-Lizard-2138,0.043280843645334244,0.6036895201939273,0.2511062090928755,0.8464963242196222
COD10K-CAM-2-Terrestrial-38-Lizard-2141,0.0601077638566494,0.7236951418906978,0.5449979485219332,0.8912866784735093
COD10K-CAM-2-Terrestrial-38-Lizard-2142,0.18038305640220642,0.6084794900412158,0.1815100460450102,0.6094396061041562
COD10K-CAM-2-Terrestrial-38-Lizard-2149,0.02558058872818947,0.6734695300073784,0.17267341140974352,0.6756601119141306
COD10K-CAM-2-Terrestrial-38-Lizard-2150,0.021917611360549927,0.7610156116435224,0.27232644213049856,0.7071278400315882
COD10K-CAM-2-Terrestrial-38-Lizard-2151,0.1425669640302658,0.652554167299837,0.44906842034299777,0.7886635581030621
COD10K-CAM-2-Terrestrial-38-Lizard-2153,0.06612174957990646,0.6925049366176801,0.48749196714636867,0.604666991861394
COD10K-CAM-2-Terrestrial-38-Lizard-2155,0.08733813464641571,0.604954147214268,0.18539201971628494,0.6770806031364317
COD10K-CAM-2-Terrestrial-38-Lizard-2161,0.0774061530828476,0.6680407699362418,0.37720707108612006,0.8468243730670989
COD10K-CAM-2-Terrestrial-38-Lizard-2165,0.08183080703020096,0.5393263200617884,0.16672944149476257,0.5992691580223891
COD10K-CAM-2-Terrestrial-38-Lizard-2166,0.20912450551986694,0.6494856585219313,0.7216454224538751,0.6830626042385339
COD10K-CAM-2-Terrestrial-38-Lizard-2167,0.13797837495803833,0.7277297515715957,0.6985992942856898,0.7961358528393259
COD10K-CAM-2-Terrestrial-38-Lizard-2172,0.08103485405445099,0.5448980677448023,0.26019259919148396,0.5528602656853989
COD10K-CAM-2-Terrestrial-38-Lizard-2173,0.13760003447532654,0.5772810968683204,0.4195779647444424,0.6239980906266954
COD10K-CAM-2-Terrestrial-38-Lizard-2176,0.06689763814210892,0.49440354575128714,0.0693435053967624,0.5811115403538616
COD10K-CAM-2-Terrestrial-38-Lizard-2178,0.04608522728085518,0.8392646451049065,0.5701630179889227,0.9030531540507014
COD10K-CAM-2-Terrestrial-38-Lizard-2179,0.07251492142677307,0.8264561506429069,0.5737909892473732,0.8768479350918092
COD10K-CAM-2-Terrestrial-38-Lizard-2180,0.049604255706071854,0.47705668982642396,0.022986414910689756,0.2606371309709039
COD10K-CAM-2-Terrestrial-38-Lizard-2183,0.03623320162296295,0.8873451168718463,0.76376247876257,0.9267970208084505
COD10K-CAM-2-Terrestrial-38-Lizard-2185,0.0674145296216011,0.7011136248422143,0.5187148569220892,0.8398419997670026
COD10K-CAM-2-Terrestrial-38-Lizard-2190,0.04923515021800995,0.47177129175416804,0.010727664332328635,0.36017840359597514
COD10K-CAM-2-Terrestrial-38-Lizard-2194,0.060436226427555084,0.8004097338435996,0.44799221790165095,0.8332649816296618
COD10K-CAM-2-Terrestrial-38-Lizard-2195,0.13729216158390045,0.4368177845677679,0.034315588590747195,0.5952412258327212
COD10K-CAM-2-Terrestrial-38-Lizard-2197,0.05784855782985687,0.5212800856430483,0.10601504779777325,0.6533550858515014
COD10K-CAM-2-Terrestrial-38-Lizard-2201,0.05094461515545845,0.5813269606596829,0.1947170938182643,0.6123787597683257
COD10K-CAM-2-Terrestrial-38-Lizard-2202,0.07986711710691452,0.631891492684769,0.30429561969820984,0.797083664490924
COD10K-CAM-2-Terrestrial-38-Lizard-2204,0.022640997543931007,0.6842418479094329,0.2449513920753659,0.8141427895226001
COD10K-CAM-2-Terrestrial-38-Lizard-2205,0.11355673521757126,0.5507350530031156,0.1122408409161363,0.46051324693764706
COD10K-CAM-2-Terrestrial-38-Lizard-2212,0.043750982731580734,0.7019980408443582,0.4221863988168285,0.8696887030918184
COD10K-CAM-2-Terrestrial-38-Lizard-2213,0.02720310166478157,0.6968607066016494,0.32329711107671877,0.8615740161007581
COD10K-CAM-2-Terrestrial-38-Lizard-2216,0.043823905289173126,0.4752959717967666,0.004842977953665243,0.5479749958171607
COD10K-CAM-2-Terrestrial-38-Lizard-2217,0.017455188557505608,0.5771720857592635,0.06734983057048635,0.4982471119660945
COD10K-CAM-2-Terrestrial-38-Lizard-2218,0.10696064680814743,0.643780580988802,0.44392700378136657,0.7532871817146789
COD10K-CAM-2-Terrestrial-38-Lizard-2220,0.12620769441127777,0.6864685238936759,0.3998969180423952,0.7756609591970179
COD10K-CAM-2-Terrestrial-38-Lizard-2224,0.13282914459705353,0.5374866617786559,0.08385080371469757,0.4572817498183324
COD10K-CAM-2-Terrestrial-38-Lizard-2225,0.07090017944574356,0.7651364089822358,0.5118810574929132,0.8418630866773884
COD10K-CAM-2-Terrestrial-38-Lizard-2229,0.162653386592865,0.61411246763062,0.2664750000467451,0.7293148949531686
COD10K-CAM-2-Terrestrial-38-Lizard-2231,0.06789123266935349,0.669253080116575,0.31964559044390134,0.8314476323358606
COD10K-CAM-2-Terrestrial-38-Lizard-2232,0.09451785683631897,0.5510051867810074,0.1891785402623199,0.7982342352281384
COD10K-CAM-2-Terrestrial-38-Lizard-2233,0.029802503064274788,0.5989139282174586,0.06991752007120892,0.5887538780263132
COD10K-CAM-2-Terrestrial-38-Lizard-2235,0.13941746950149536,0.7896457005541652,0.8214158285993411,0.7723648243038757
COD10K-CAM-2-Terrestrial-38-Lizard-2240,0.02308717556297779,0.8362445675406102,0.5339320757102733,0.8988538770363577
COD10K-CAM-2-Terrestrial-38-Lizard-2241,0.15215088427066803,0.49879803150370294,0.19248958408407338,0.750024310817768
COD10K-CAM-2-Terrestrial-38-Lizard-2243,0.05739094316959381,0.7345310148774521,0.4002881501334742,0.5824560739710942
COD10K-CAM-2-Terrestrial-38-Lizard-2244,0.06197819486260414,0.6320739049968298,0.23398750989830472,0.7106967249107545
COD10K-CAM-2-Terrestrial-38-Lizard-2245,0.023117465898394585,0.5245041860128834,0.0519206221211318,0.4366291515067002
COD10K-CAM-2-Terrestrial-38-Lizard-2248,0.1188255175948143,0.7062258593047799,0.6450492460381997,0.7468256295342306
COD10K-CAM-2-Terrestrial-38-Lizard-2251,0.057630881667137146,0.8349406548959419,0.714773499761729,0.8874479391987697
COD10K-CAM-2-Terrestrial-38-Lizard-2256,0.09063487499952316,0.5388016580351083,0.15362396192875508,0.5577483986064724
COD10K-CAM-2-Terrestrial-38-Lizard-2261,0.045823100954294205,0.6119506841485436,0.11766653191048299,0.5503448389253944
COD10K-CAM-2-Terrestrial-38-Lizard-2264,0.1371818482875824,0.6637346521271745,0.5646576358489503,0.667171481897904
COD10K-CAM-2-Terrestrial-38-Lizard-2266,0.04865771532058716,0.6844547921100158,0.25130570052658807,0.7587177054258935
COD10K-CAM-2-Terrestrial-38-Lizard-2273,0.036751989275217056,0.5349296526152203,0.023024178280139047,0.37096616289933315
COD10K-CAM-2-Terrestrial-38-Lizard-2276,0.055024340748786926,0.6906115222610368,0.26269637166841986,0.6865421370721654
COD10K-CAM-2-Terrestrial-38-Lizard-2278,0.06959858536720276,0.6768458768732708,0.37794677780481306,0.843753017543251
COD10K-CAM-2-Terrestrial-38-Lizard-2279,0.033485785126686096,0.6322706878113785,0.2786390894602308,0.7774388237808381
COD10K-CAM-2-Terrestrial-38-Lizard-2282,0.042746324092149734,0.6726841615406524,0.2953584697056393,0.8034072798953784
COD10K-CAM-2-Terrestrial-38-Lizard-2285,0.01958053559064865,0.5227751363203635,0.05545171817947283,0.43329073130843043
COD10K-CAM-2-Terrestrial-38-Lizard-2286,0.027896957471966743,0.5362412553553733,0.07347583003620099,0.49031650228373075
COD10K-CAM-2-Terrestrial-38-Lizard-2288,0.02598918043076992,0.5489400615313732,0.06473515066225936,0.47277490686630286
COD10K-CAM-2-Terrestrial-38-Lizard-2291,0.0292214322835207,0.6122916751422429,0.12221046306223056,0.63742540308021
COD10K-CAM-2-Terrestrial-38-Lizard-2294,0.05731815844774246,0.5956054531515713,0.22145510972652555,0.7521551019871864
COD10K-CAM-2-Terrestrial-38-Lizard-2295,0.06326038390398026,0.5371345664977186,0.11447523142997133,0.6892742008257231
COD10K-CAM-2-Terrestrial-38-Lizard-2304,0.04691694676876068,0.8022786755190391,0.5480139491258346,0.8426355719905757
COD10K-CAM-2-Terrestrial-38-Lizard-2307,0.05445607751607895,0.6684751653483217,0.48108727378301885,0.8534737408776335
COD10K-CAM-2-Terrestrial-38-Lizard-2308,0.026555433869361877,0.7294449688054108,0.3611248422476439,0.8651059183542433
COD10K-CAM-2-Terrestrial-38-Lizard-2309,0.04023240879178047,0.6208026556722013,0.2045500884496033,0.6793195796885491
COD10K-CAM-2-Terrestrial-38-Lizard-2315,0.08401397615671158,0.8308187336376578,0.5781544860935375,0.8400354936347179
COD10K-CAM-2-Terrestrial-38-Lizard-2316,0.18105676770210266,0.6358701935911802,0.5785751818339092,0.5882931316154387
COD10K-CAM-2-Terrestrial-38-Lizard-2319,0.062290556728839874,0.6845416591916345,0.43754982115881114,0.6794557983592857
COD10K-CAM-2-Terrestrial-38-Lizard-2324,0.06554938107728958,0.8335916030637718,0.6582394067956673,0.9057700205807027
COD10K-CAM-2-Terrestrial-38-Lizard-2326,0.20999228954315186,0.4793629377845998,0.40772568014557936,0.41308329474454303
COD10K-CAM-2-Terrestrial-39-Monkey-2333,0.10034256428480148,0.7796258855927447,0.6185692666345171,0.7109818542854761
COD10K-CAM-2-Terrestrial-39-Monkey-2338,0.062010738998651505,0.5190053166227492,0.10960062938582726,0.7754452936781719
COD10K-CAM-2-Terrestrial-40-Rabbit-2339,0.06909741461277008,0.6796895302813742,0.24792988552742648,0.7557319888750963
COD10K-CAM-2-Terrestrial-40-Rabbit-2340,0.04788605868816376,0.5005809173507163,0.0514590065178117,0.6539517032020117
COD10K-CAM-2-Terrestrial-40-Rabbit-2341,0.027013741433620453,0.6577384195618736,0.3423011999026996,0.8422817948488612
COD10K-CAM-2-Terrestrial-40-Rabbit-2344,0.0439438596367836,0.8856228259807597,0.7684073819821451,0.8742179006698185
COD10K-CAM-2-Terrestrial-40-Rabbit-2346,0.017630770802497864,0.5926147247774398,0.19255991435248462,0.7143831159619978
COD10K-CAM-2-Terrestrial-40-Rabbit-2347,0.026004623621702194,0.781819968866416,0.45695643470287417,0.8665343097855369
COD10K-CAM-2-Terrestrial-40-Rabbit-2348,0.018203679472208023,0.7240877372549547,0.19782081017691883,0.6651613949037463
COD10K-CAM-2-Terrestrial-40-Rabbit-2351,0.10953265428543091,0.6228560055166458,0.41545195507892996,0.571417273267707
COD10K-CAM-2-Terrestrial-40-Rabbit-2352,0.08570840954780579,0.48876047585757265,0.06258734260337245,0.4622733996865503
COD10K-CAM-2-Terrestrial-40-Rabbit-2356,0.1436990350484848,0.5109216720633949,0.28627930373494587,0.5359180267535351
COD10K-CAM-2-Terrestrial-40-Rabbit-2358,0.04467638581991196,0.6295126972882796,0.20801265959031282,0.6338945689142511
COD10K-CAM-2-Terrestrial-40-Rabbit-2360,0.015513268299400806,0.6954560936059018,0.30781618879010764,0.7679974175238631
COD10K-CAM-2-Terrestrial-40-Rabbit-2366,0.41902559995651245,0.29497119548740325,0.05974719709813291,0.2569593940927931
COD10K-CAM-2-Terrestrial-40-Rabbit-2368,0.029542187228798866,0.5389160913818668,0.07297389218286675,0.4772825121293163
COD10K-CAM-2-Terrestrial-40-Rabbit-2369,0.05544762313365936,0.8438423572513801,0.8123016921720541,0.903647361075947
COD10K-CAM-2-Terrestrial-40-Rabbit-2371,0.03750421479344368,0.7143795457751418,0.45380829525578714,0.8454985222002211
COD10K-CAM-2-Terrestrial-40-Rabbit-2373,0.0566965714097023,0.5941116113292292,0.2570375478524743,0.6912153381725483
COD10K-CAM-2-Terrestrial-41-Reccoon-2374,0.024046089500188828,0.479473649657432,0.0021846790153868885,0.4249082324200486
COD10K-CAM-2-Terrestrial-41-Reccoon-2375,0.02824285440146923,0.5669362130715686,0.14060123386908918,0.7431954834891863
COD10K-CAM-2-Terrestrial-42-Sciuridae-2379,0.05398774519562721,0.46561827516726473,0.004043870473680348,0.6076597029125671
COD10K-CAM-2-Terrestrial-42-Sciuridae-2380,0.09588117897510529,0.4534975230752902,0.014076528721240418,0.42888701479120217
COD10K-CAM-2-Terrestrial-42-Sciuridae-2382,0.08803948760032654,0.68306662333328,0.24876907211405522,0.714830722227952
COD10K-CAM-2-Terrestrial-42-Sciuridae-2383,0.14422546327114105,0.7501752560733717,0.44030294112988994,0.7629472842923685
COD10K-CAM-2-Terrestrial-42-Sciuridae-2384,0.022364461794495583,0.5524929349398328,0.20984563620446123,0.3557972947854137
COD10K-CAM-2-Terrestrial-42-Sciuridae-2386,0.1280699074268341,0.5281471430281932,0.40966080113259806,0.42266488218947834
COD10K-CAM-2-Terrestrial-42-Sciuridae-2395,0.029187535867094994,0.5470270642935326,0.07979759115926459,0.4444148927605004
COD10K-CAM-2-Terrestrial-42-Sciuridae-2397,0.05383216589689255,0.8595526054344718,0.6190566167431909,0.9005723153871026
COD10K-CAM-2-Terrestrial-42-Sciuridae-2400,0.08039221912622452,0.6782820647944693,0.2763454738224188,0.7087542528615902
COD10K-CAM-2-Terrestrial-42-Sciuridae-2401,0.07364645600318909,0.540644775501385,0.10808497197132647,0.6845913307888176
COD10K-CAM-2-Terrestrial-42-Sciuridae-2402,0.07836006581783295,0.5373507323555865,0.40473622570364653,0.4206467798209059
COD10K-CAM-2-Terrestrial-42-Sciuridae-2407,0.12671872973442078,0.4526735221828203,0.09286894834774953,0.34308606123192176
COD10K-CAM-2-Terrestrial-42-Sciuridae-2408,0.031291354447603226,0.7422935479278534,0.41272657262577256,0.7965879915651211
COD10K-CAM-2-Terrestrial-42-Sciuridae-2410,0.07400796562433243,0.4751055437319537,0.043413708375811925,0.5613381426013869
COD10K-CAM-2-Terrestrial-42-Sciuridae-2413,0.07135187089443207,0.49298125002637905,0.027504952648604867,0.48653210655832213
COD10K-CAM-2-Terrestrial-42-Sciuridae-2418,0.07972769439220428,0.655867348252321,0.27503982760498363,0.710609441307549
COD10K-CAM-2-Terrestrial-43-Sheep-2422,0.022162606939673424,0.4865964983270503,0.0019153216039578035,0.4024957192040748
COD10K-CAM-2-Terrestrial-44-Snake-2424,0.045612480491399765,0.46750254245328027,0.00043771675672743483,0.3188501574299658
COD10K-CAM-2-Terrestrial-44-Snake-2434,0.20795409381389618,0.5031240515975736,0.39606179329714686,0.5307597180853705
COD10K-CAM-2-Terrestrial-44-Snake-2437,0.10108666867017746,0.5113873437530745,0.14772408134129797,0.6319607085532025
COD10K-CAM-2-Terrestrial-44-Snake-2440,0.038239169865846634,0.5752950429417436,0.3232105775855519,0.6543283580910261
COD10K-CAM-2-Terrestrial-44-Snake-2444,0.049656983464956284,0.5424976747271859,0.09424157075886236,0.6164335135988308
COD10K-CAM-2-Terrestrial-44-Snake-2448,0.05064036324620247,0.4875776183398872,0.051855505013031156,0.30285389935362306
COD10K-CAM-2-Terrestrial-44-Snake-2449,0.054043252021074295,0.7432913323201883,0.49568006757436484,0.7015674082124205
COD10K-CAM-2-Terrestrial-44-Snake-2451,0.04645605385303497,0.5799692787728555,0.12998468875851693,0.7093634831133866
COD10K-CAM-2-Terrestrial-44-Snake-2452,0.11523346602916718,0.6573527941065985,0.5090412303930552,0.8372332678918586
COD10K-CAM-2-Terrestrial-44-Snake-2453,0.19831503927707672,0.5686141790356624,0.6361417216086636,0.5444614790968638
COD10K-CAM-2-Terrestrial-44-Snake-2454,0.05276234447956085,0.46503471307789784,0.02253487162118855,0.530039527070058
COD10K-CAM-2-Terrestrial-44-Snake-2456,0.030344009399414062,0.5222277974454201,0.10464486330046882,0.7926810082633825
COD10K-CAM-2-Terrestrial-44-Snake-2458,0.08673164993524551,0.5857867591547039,0.1915453454841794,0.7319759313480714
COD10K-CAM-2-Terrestrial-44-Snake-2461,0.23017549514770508,0.4912869294586174,0.5282783097087814,0.4896022610872779
COD10K-CAM-2-Terrestrial-44-Snake-2465,0.07780279219150543,0.6489536585303322,0.35183929221194254,0.8441440586934713
COD10K-CAM-2-Terrestrial-44-Snake-2466,0.0648917630314827,0.864856207793774,0.7461827057670005,0.8686484599452384
COD10K-CAM-2-Terrestrial-44-Snake-2467,0.21208950877189636,0.5873482895493223,0.43721051053961446,0.442826480873317
COD10K-CAM-2-Terrestrial-44-Snake-2471,0.17095668613910675,0.4685865506183219,0.18516139180950092,0.7068662099683133
COD10K-CAM-2-Terrestrial-44-Snake-2472,0.057024355977773666,0.6334070169889869,0.3317340027819734,0.7693912528665595
COD10K-CAM-2-Terrestrial-44-Snake-2474,0.10279601812362671,0.5617019341422653,0.37572277639763013,0.5280219297570365
COD10K-CAM-2-Terrestrial-44-Snake-2476,0.20957277715206146,0.4853818784369246,0.23214283495650254,0.6757760817501126
COD10K-CAM-2-Terrestrial-44-Snake-2479,0.07345335930585861,0.7331467282603705,0.5955208872774985,0.7563881867420819
COD10K-CAM-2-Terrestrial-44-Snake-2481,0.11333590000867844,0.49856894393719886,0.031076277444301116,0.45759483834613557
COD10K-CAM-2-Terrestrial-44-Snake-2482,0.20049743354320526,0.5856050799793578,0.4056626924252082,0.6524686459362881
COD10K-CAM-2-Terrestrial-44-Snake-2484,0.1295040398836136,0.658736217971289,0.5159367489810909,0.7961551345996809
COD10K-CAM-2-Terrestrial-44-Snake-2485,0.08384484797716141,0.683316671914037,0.2788144362287125,0.7995653362271078
COD10K-CAM-2-Terrestrial-44-Snake-2491,0.03746681287884712,0.7314566663010456,0.2572603588361302,0.7472506067715696
COD10K-CAM-2-Terrestrial-44-Snake-2492,0.09490856528282166,0.6910932010889624,0.32500948629894855,0.7460554651131003
COD10K-CAM-2-Terrestrial-45-Spider-2494,0.07893291115760803,0.6937878181136008,0.34972634136836156,0.832067297182761
COD10K-CAM-2-Terrestrial-45-Spider-2498,0.10127759724855423,0.4692029081383402,0.06671998559361318,0.4114275511291355
COD10K-CAM-2-Terrestrial-45-Spider-2501,0.15239568054676056,0.494123628118339,0.12227247112528278,0.6976702093773586
COD10K-CAM-2-Terrestrial-45-Spider-2506,0.05392267927527428,0.789412256636656,0.38238166260100664,0.8258630328674506
COD10K-CAM-2-Terrestrial-45-Spider-2508,0.04729299247264862,0.9163425237929204,0.70673912815388,0.9230158266731354
COD10K-CAM-2-Terrestrial-45-Spider-2510,0.0945880264043808,0.619720772676939,0.23125757088364973,0.7139623205791567
COD10K-CAM-2-Terrestrial-45-Spider-2511,0.07428476214408875,0.8015096120124332,0.6379471734646311,0.8142386793322827
COD10K-CAM-2-Terrestrial-45-Spider-2514,0.07801876962184906,0.7631613277809857,0.46059601216183643,0.846357766208409
COD10K-CAM-2-Terrestrial-45-Spider-2519,0.06352701783180237,0.7292816079930826,0.405530093184143,0.8429349625450241
COD10K-CAM-2-Terrestrial-45-Spider-2520,0.064337819814682,0.5044116715817403,0.07938579140862952,0.7215689185624496
COD10K-CAM-2-Terrestrial-45-Spider-2524,0.0626470297574997,0.6775515823045888,0.32660280733832014,0.8601409992343401
COD10K-CAM-2-Terrestrial-45-Spider-2526,0.07518847286701202,0.7236560880856691,0.6609047558372851,0.7848316662608126
COD10K-CAM-2-Terrestrial-45-Spider-2527,0.07361187785863876,0.780115598557132,0.5702634689309165,0.8316108571875683
COD10K-CAM-2-Terrestrial-45-Spider-2529,0.16272953152656555,0.6275107772610855,0.49193163309277327,0.6700377225091485
COD10K-CAM-2-Terrestrial-45-Spider-2531,0.09823110699653625,0.6266348098795393,0.07398137255145097,0.4201095208991184
COD10K-CAM-2-Terrestrial-45-Spider-2532,0.08967892825603485,0.6155079382904823,0.14563227705376966,0.5495341642510518
COD10K-CAM-2-Terrestrial-45-Spider-2534,0.037431500852108,0.54481970672922,0.04550362811372352,0.4983207748553202
COD10K-CAM-2-Terrestrial-45-Spider-2535,0.02141755074262619,0.49206363212548515,0.008855674874838838,0.25585068232881575
COD10K-CAM-2-Terrestrial-45-Spider-2538,0.06983815878629684,0.6145794831566751,0.19282743734746333,0.6691773766882035
COD10K-CAM-2-Terrestrial-45-Spider-2540,0.129463329911232,0.4215659085266067,0.023631600160129388,0.7698343185985812
COD10K-CAM-2-Terrestrial-45-Spider-2544,0.09067374467849731,0.5861415508340111,0.2310341256220645,0.7178653578365707
COD10K-CAM-2-Terrestrial-45-Spider-2551,0.1402227133512497,0.6138103361081537,0.35551990208873846,0.7805520829501672
COD10K-CAM-2-Terrestrial-45-Spider-2552,0.031908273696899414,0.7573164358811637,0.38850220829364013,0.8504258152939602
COD10K-CAM-2-Terrestrial-45-Spider-2553,0.08709161728620529,0.7241674090937711,0.3880785282446395,0.8084263243360676
COD10K-CAM-2-Terrestrial-45-Spider-2554,0.11444815248250961,0.629353902094834,0.5004156236291495,0.6929271241698389
COD10K-CAM-2-Terrestrial-45-Spider-2566,0.0938299372792244,0.6954834860674666,0.45749141877873944,0.816205064764823
COD10K-CAM-2-Terrestrial-45-Spider-2567,0.16183409094810486,0.6216935214963959,0.6979909925422502,0.6348386633177018
COD10K-CAM-2-Terrestrial-45-Spider-2575,0.0536179393529892,0.8086460019636407,0.6166741862325846,0.8584396245740111
COD10K-CAM-2-Terrestrial-45-Spider-2576,0.13419196009635925,0.5609803125542074,0.1878052224029677,0.644053639836676
COD10K-CAM-2-Terrestrial-45-Spider-2579,0.03746681287884712,0.6288957367242589,0.11392223235728001,0.5984421811337126
COD10K-CAM-2-Terrestrial-45-Spider-2580,0.07669711858034134,0.4722277424321006,0.054048916035950606,0.782319891294033
COD10K-CAM-2-Terrestrial-45-Spider-2581,0.06151372566819191,0.452846055596558,0.011486773072163798,0.2750951074904365
COD10K-CAM-2-Terrestrial-45-Spider-2586,0.11219368875026703,0.6382871568162911,0.20433329044479995,0.6678413411242823
COD10K-CAM-2-Terrestrial-45-Spider-2587,0.08764277398586273,0.49739074872865163,0.08332474411982863,0.5739387176675605
COD10K-CAM-2-Terrestrial-45-Spider-2588,0.105853371322155,0.5335923929662436,0.13312386658603867,0.5344057989831825
COD10K-CAM-2-Terrestrial-45-Spider-2592,0.11993254721164703,0.6362949105145055,0.34446515339641987,0.8106720393273508
COD10K-CAM-2-Terrestrial-45-Spider-2593,0.027601519599556923,0.7408923940710728,0.3086818601152038,0.7303233208657228
COD10K-CAM-2-Terrestrial-45-Spider-2595,0.037182845175266266,0.6549244024546232,0.21186177303043086,0.5979271660061596
COD10K-CAM-2-Terrestrial-45-Spider-2601,0.03734041377902031,0.841157280964845,0.5377584248512565,0.9196832974297656
COD10K-CAM-2-Terrestrial-45-Spider-2602,0.07450930029153824,0.5229692186020397,0.0625429348044989,0.380335354670711
COD10K-CAM-2-Terrestrial-45-Spider-2603,0.02780224196612835,0.885957319319155,0.6070218972080607,0.9115454000092915
COD10K-CAM-2-Terrestrial-45-Spider-2605,0.03043718822300434,0.7801724128460468,0.47699910686310987,0.8153535674404129
COD10K-CAM-2-Terrestrial-45-Spider-2606,0.13844217360019684,0.5142558972967375,0.09091257522092308,0.5179653923499532
COD10K-CAM-2-Terrestrial-45-Spider-2609,0.1250329315662384,0.530477076011767,0.11382793546554472,0.5453726342333003
COD10K-CAM-2-Terrestrial-45-Spider-2614,0.1080486997961998,0.47627572623863035,0.08381002207105169,0.4050019863718471
COD10K-CAM-2-Terrestrial-45-Spider-2616,0.12804192304611206,0.6789246806241341,0.43693337360377815,0.8010682777008936
COD10K-CAM-2-Terrestrial-45-Spider-2617,0.1403837502002716,0.7133228282101366,0.3683239118929202,0.7186205063044842
COD10K-CAM-2-Terrestrial-45-Spider-2620,0.10578235238790512,0.673825681834013,0.5066265224790658,0.7347565913969429
COD10K-CAM-2-Terrestrial-45-Spider-2621,0.08164166659116745,0.6611268723769175,0.34080529914750485,0.7439333747000496
COD10K-CAM-2-Terrestrial-45-Spider-2626,0.09439846128225327,0.7362047047607838,0.657950236948581,0.811383617950213
COD10K-CAM-2-Terrestrial-45-Spider-2627,0.039405614137649536,0.6894370617048163,0.25683815887163775,0.7782228265016158
COD10K-CAM-2-Terrestrial-45-Spider-2630,0.039757512509822845,0.7574182662980643,0.4630646862566909,0.8570565834610633
COD10K-CAM-2-Terrestrial-45-Spider-2631,0.0671577900648117,0.4739517090190416,0.04763566883902642,0.5205332008946918
COD10K-CAM-2-Terrestrial-45-Spider-2632,0.06457442045211792,0.8869395757722083,0.7201004594073974,0.9028442774367034
COD10K-CAM-2-Terrestrial-45-Spider-2637,0.07115478068590164,0.47243161028785846,0.007008871680137118,0.3814309331058606
COD10K-CAM-2-Terrestrial-45-Spider-2640,0.06754020601511002,0.4550982877634458,0.005124329166808502,0.5767439701747397
COD10K-CAM-2-Terrestrial-45-Spider-2641,0.04763614013791084,0.5862264687433842,0.36514633709578265,0.5065695354915519
COD10K-CAM-2-Terrestrial-45-Spider-2645,0.09853943437337875,0.5889080546567658,0.1676827940297438,0.6950352123777046
COD10K-CAM-2-Terrestrial-45-Spider-2646,0.05126543343067169,0.8382215713127976,0.5101675791611434,0.8581139025888419
COD10K-CAM-2-Terrestrial-45-Spider-2649,0.18940472602844238,0.5547830927352007,0.5831857416395255,0.5684602132034988
COD10K-CAM-2-Terrestrial-45-Spider-2650,0.07904447615146637,0.6155594725241357,0.1512617276575147,0.6001187178290732
COD10K-CAM-2-Terrestrial-45-Spider-2652,0.0578937754034996,0.775615883271394,0.4131588259613637,0.8147416328922195
COD10K-CAM-2-Terrestrial-45-Spider-2653,0.052751850336790085,0.5671552661772398,0.07728051190718613,0.584929525405067
COD10K-CAM-2-Terrestrial-45-Spider-2656,0.07184015214443207,0.6242051349086497,0.20310944581893708,0.6784417280421718
COD10K-CAM-2-Terrestrial-45-Spider-2658,0.09543216228485107,0.47548627146750533,0.024105937259055105,0.36847494436134637
COD10K-CAM-2-Terrestrial-45-Spider-2659,0.08104138821363449,0.7511446791509777,0.5394473081687058,0.8332997646188696
COD10K-CAM-2-Terrestrial-45-Spider-2665,0.07846185564994812,0.584222088729656,0.16455175433700855,0.5657512723436974
COD10K-CAM-2-Terrestrial-45-Spider-2667,0.06562720239162445,0.7090188887050095,0.34051195089204955,0.8462505776867038
COD10K-CAM-2-Terrestrial-45-Spider-2670,0.13226890563964844,0.5202336525843807,0.1087371312532164,0.5184017001146811
COD10K-CAM-2-Terrestrial-45-Spider-2671,0.11377230286598206,0.6360218381985242,0.3421847981336855,0.8305652407198302
COD10K-CAM-2-Terrestrial-45-Spider-2673,0.07829535007476807,0.7544315993201034,0.5831351183463029,0.8557833752272082
COD10K-CAM-2-Terrestrial-45-Spider-2677,0.1888543963432312,0.6100075756748119,0.5845323616507907,0.6487346684888255
COD10K-CAM-2-Terrestrial-45-Spider-2683,0.06941823661327362,0.533382205839578,0.12658341136117252,0.5039062183848394
COD10K-CAM-2-Terrestrial-45-Spider-2690,0.09478574991226196,0.6287054567967955,0.22557980741230033,0.6661950062701558
COD10K-CAM-2-Terrestrial-45-Spider-2693,0.058885641396045685,0.7374318344194963,0.4958044641951948,0.827683259541413
COD10K-CAM-2-Terrestrial-45-Spider-2694,0.07257507741451263,0.6548691121681659,0.29736460009611193,0.8258325164267628
COD10K-CAM-2-Terrestrial-45-Spider-2697,0.07218068838119507,0.7720280705711526,0.438080679881573,0.8040891845806689
COD10K-CAM-2-Terrestrial-45-Spider-2701,0.10983792692422867,0.49792283868850473,0.17030314105574285,0.7932334702192467
COD10K-CAM-2-Terrestrial-45-Spider-2702,0.14902372658252716,0.4257865694186792,0.019572513654165145,0.2928028898345262
COD10K-CAM-2-Terrestrial-45-Spider-2703,0.07080726325511932,0.48977924444124143,0.028475789264536505,0.44251562436253145
COD10K-CAM-2-Terrestrial-45-Spider-2704,0.06947463005781174,0.5208830187349625,0.0799824350779539,0.5426314967961544
COD10K-CAM-2-Terrestrial-45-Spider-2707,0.02804926224052906,0.6206049121195446,0.08345423832158644,0.5260573585689658
COD10K-CAM-2-Terrestrial-45-Spider-2709,0.13562047481536865,0.5386866906249165,0.1655251833807988,0.5081625573807989
COD10K-CAM-2-Terrestrial-45-Spider-2715,0.05207442864775658,0.552519728560504,0.11137262175350461,0.5794182193406371
COD10K-CAM-2-Terrestrial-45-Spider-2717,0.046329282224178314,0.7859875284627312,0.48418572816470007,0.8762634199950539
COD10K-CAM-2-Terrestrial-45-Spider-2718,0.05949481576681137,0.5250242213569289,0.06845313225645563,0.6240235046594063
COD10K-CAM-2-Terrestrial-45-Spider-2719,0.1680406928062439,0.5986037125777802,0.2572970102990861,0.6588148705473447
COD10K-CAM-2-Terrestrial-45-Spider-2720,0.07249170541763306,0.6027184702808726,0.10025105731624735,0.6361205325641786
COD10K-CAM-2-Terrestrial-45-Spider-2721,0.1011766791343689,0.46451058461525996,0.09747320010913635,0.7652169187199219
COD10K-CAM-2-Terrestrial-45-Spider-2723,0.1645362675189972,0.42615788570590507,0.014452359305671129,0.28708416118174623
COD10K-CAM-2-Terrestrial-45-Spider-2727,0.08725444972515106,0.7063696690686392,0.4275722615719158,0.7962588576459284
COD10K-CAM-2-Terrestrial-45-Spider-2728,0.08462711423635483,0.4826489473529234,0.015075324751352308,0.4348898481121343
COD10K-CAM-2-Terrestrial-45-Spider-2730,0.05167849361896515,0.6648556944289666,0.2532255095023511,0.7351451019402158
COD10K-CAM-2-Terrestrial-45-Spider-2731,0.09263218194246292,0.5156275181496619,0.08191512739425184,0.46694794657111305
COD10K-CAM-2-Terrestrial-45-Spider-2732,0.10681536048650742,0.5684514094402909,0.1686123425137807,0.7227620392567017
COD10K-CAM-2-Terrestrial-45-Spider-2735,0.06446953117847443,0.4888000952432906,0.09267188095351589,0.28693139360777986
COD10K-CAM-2-Terrestrial-45-Spider-2736,0.07412309944629669,0.525869410547582,0.06624109513387967,0.3928162265678073
COD10K-CAM-2-Terrestrial-45-Spider-2737,0.02677379734814167,0.7534287621406979,0.24037910735374213,0.7565485556860765
COD10K-CAM-2-Terrestrial-45-Spider-2741,0.06238934397697449,0.8058173336992004,0.500337461953427,0.8199950621307927
COD10K-CAM-2-Terrestrial-45-Spider-2745,0.04120641574263573,0.5101246978907512,0.08819018583542232,0.4696713791198211
COD10K-CAM-2-Terrestrial-45-Spider-2754,0.0630553737282753,0.6169619796693337,0.2226496583451258,0.7541270018512721
COD10K-CAM-2-Terrestrial-45-Spider-2756,0.04983527213335037,0.7121782460134294,0.3579143682166526,0.7641491647793377
COD10K-CAM-2-Terrestrial-45-Spider-2759,0.17661719024181366,0.47777215522501415,0.036113183155242465,0.360594660787884
COD10K-CAM-2-Terrestrial-45-Spider-2760,0.11029914766550064,0.5638712447641407,0.20580912299332685,0.6847545689782815
COD10K-CAM-2-Terrestrial-45-Spider-2762,0.08434496819972992,0.6296259266913999,0.44267661939038905,0.7297145966037611
COD10K-CAM-2-Terrestrial-45-Spider-2763,0.035539064556360245,0.6664614390184738,0.23111403703651318,0.7689558026972861
COD10K-CAM-2-Terrestrial-45-Spider-2769,0.13503137230873108,0.6839594773533102,0.49834202248568776,0.7082539182712112
COD10K-CAM-2-Terrestrial-45-Spider-2770,0.045195091515779495,0.6564715622785522,0.18198099133858717,0.6930365743690792
COD10K-CAM-2-Terrestrial-45-Spider-2771,0.05050604045391083,0.7265306731933012,0.4263572467575101,0.70975056989269
COD10K-CAM-2-Terrestrial-45-Spider-2772,0.049808863550424576,0.5766790357772373,0.145107009129435,0.6527972779061291
COD10K-CAM-2-Terrestrial-45-Spider-2773,0.043841246515512466,0.5383160335132724,0.07988201475650274,0.3472225379572765
COD10K-CAM-2-Terrestrial-45-Spider-2779,0.08322618156671524,0.45006570876573554,0.0032323671812335363,0.3949840863149856
COD10K-CAM-2-Terrestrial-45-Spider-2782,0.043671511113643646,0.6654806062577927,0.2895692655825765,0.7631822894599329
COD10K-CAM-2-Terrestrial-45-Spider-2783,0.018849441781640053,0.6326961562446213,0.13460381163521087,0.6094647744350241
COD10K-CAM-2-Terrestrial-45-Spider-2789,0.09945090115070343,0.7116034451788982,0.2952333008306042,0.7037526523480222
COD10K-CAM-2-Terrestrial-45-Spider-2791,0.09327737241983414,0.5713890437000344,0.16199901396878727,0.48326146761214933
COD10K-CAM-2-Terrestrial-45-Spider-2792,0.1567571610212326,0.7478455188350901,0.6246970594523489,0.7925333202371481
COD10K-CAM-2-Terrestrial-45-Spider-2794,0.06294579058885574,0.6710909163576139,0.31874867672064866,0.8447014196417262
COD10K-CAM-2-Terrestrial-45-Spider-2796,0.07893221825361252,0.7858716689823447,0.6425826731842817,0.8300346241956208
COD10K-CAM-2-Terrestrial-45-Spider-2798,0.07037382572889328,0.7396661686625681,0.48006282159403973,0.8506766821721656
COD10K-CAM-2-Terrestrial-46-StickInsect-2804,0.03806263953447342,0.5976360765472672,0.10688355974781047,0.5604846706795342
COD10K-CAM-2-Terrestrial-46-StickInsect-2805,0.048851508647203445,0.5425139210469021,0.10157583005558014,0.6068612207946198
COD10K-CAM-2-Terrestrial-46-StickInsect-2806,0.21332226693630219,0.4726789377735949,0.15471800566320976,0.6654241525313276
COD10K-CAM-2-Terrestrial-46-StickInsect-2807,0.0374942310154438,0.5823775234308517,0.14153634795460276,0.7494246523031934
COD10K-CAM-2-Terrestrial-46-StickInsect-2808,0.06061013042926788,0.5768293396049352,0.2042142384044459,0.4336627327180236
COD10K-CAM-2-Terrestrial-46-StickInsect-2809,0.04659423604607582,0.5508414662952064,0.11830127508445909,0.6678482043109304
COD10K-CAM-2-Terrestrial-46-StickInsect-2810,0.07423469424247742,0.6436875796504441,0.28857665824133244,0.8005574575720571
COD10K-CAM-2-Terrestrial-46-StickInsect-2811,0.11570291221141815,0.5615748181893445,0.07473029685941361,0.5703848519173806
COD10K-CAM-2-Terrestrial-46-StickInsect-2813,0.06671362370252609,0.47788905830467987,0.05932671410617301,0.3788596853246272
COD10K-CAM-2-Terrestrial-46-StickInsect-2815,0.05175457149744034,0.6134223469494042,0.2266528791213549,0.7224833492119986
COD10K-CAM-2-Terrestrial-46-StickInsect-2816,0.043053559958934784,0.6764879942864716,0.5275626928549804,0.7260343658390869
COD10K-CAM-2-Terrestrial-46-StickInsect-2817,0.051418330520391464,0.5452649578267693,0.08555614372242187,0.8082574574471223
COD10K-CAM-2-Terrestrial-46-StickInsect-2818,0.04455744847655296,0.5580717447746322,0.2941651080348271,0.5191985134936805
COD10K-CAM-2-Terrestrial-46-StickInsect-2819,0.07509180158376694,0.5201462487036186,0.14294165981697202,0.360684518609245
COD10K-CAM-2-Terrestrial-46-StickInsect-2820,0.10564450919628143,0.5311449956998435,0.2062320158343436,0.5431784254188565
COD10K-CAM-2-Terrestrial-46-StickInsect-2825,0.09466201812028885,0.6414458715518485,0.3525215814089012,0.8516472093238008
COD10K-CAM-2-Terrestrial-46-StickInsect-2827,0.06735271215438843,0.761520803293535,0.517662898261385,0.7822166157807562
COD10K-CAM-2-Terrestrial-46-StickInsect-2829,0.10796165466308594,0.575604727991538,0.21946196886395353,0.7268646366046969
COD10K-CAM-2-Terrestrial-46-StickInsect-2831,0.05055694282054901,0.5637698488223827,0.138835977023902,0.6566065575395523
COD10K-CAM-2-Terrestrial-46-StickInsect-2832,0.11527643352746964,0.4362095774599734,0.011300242515502766,0.41588543321676874
COD10K-CAM-2-Terrestrial-46-StickInsect-2833,0.03527718037366867,0.6480816827374507,0.32084020620862136,0.5509158414631264
COD10K-CAM-2-Terrestrial-46-StickInsect-2836,0.020284879952669144,0.49214638510062,0.007704391036099548,0.6561488783317747
COD10K-CAM-2-Terrestrial-46-StickInsect-2839,0.07369883358478546,0.45213437566945164,0.003203978385549239,0.35227105822002386
COD10K-CAM-2-Terrestrial-46-StickInsect-2841,0.04680940881371498,0.6404914866097289,0.2581064999141638,0.4554703432054548
COD10K-CAM-2-Terrestrial-46-StickInsect-2842,0.06350962072610855,0.49924522272021066,0.07621207697830154,0.6473453136777644
COD10K-CAM-2-Terrestrial-46-StickInsect-2843,0.025994697585701942,0.5420577887671469,0.09536093054534965,0.5952622208813064
COD10K-CAM-2-Terrestrial-46-StickInsect-2844,0.01635921187698841,0.532129222621116,0.043195368413687305,0.4571447254715013
COD10K-CAM-2-Terrestrial-46-StickInsect-2850,0.03719872981309891,0.648413570054105,0.21140295423153388,0.7460602393751085
COD10K-CAM-2-Terrestrial-46-StickInsect-2856,0.05041297525167465,0.5234687078085388,0.09169264639169743,0.737109183833289
COD10K-CAM-2-Terrestrial-46-StickInsect-2858,0.04889962822198868,0.5121223867676274,0.060477644615508114,0.6379725976883895
COD10K-CAM-2-Terrestrial-46-StickInsect-2859,0.08389502018690109,0.5306182928323184,0.12111747724364066,0.7034075089764037
COD10K-CAM-2-Terrestrial-46-StickInsect-2864,0.06751111149787903,0.5208523841790569,0.11572046388624847,0.6086376407590018
COD10K-CAM-2-Terrestrial-46-StickInsect-2865,0.15288719534873962,0.4805235496468234,0.09080421463549825,0.5625739817570916
COD10K-CAM-2-Terrestrial-46-StickInsect-2867,0.05052151903510094,0.6733270540878811,0.25624910564242437,0.7487346865757687
COD10K-CAM-2-Terrestrial-46-StickInsect-2869,0.06908935308456421,0.4853094851984605,0.044365306871201035,0.3903256933023729
COD10K-CAM-2-Terrestrial-46-StickInsect-2870,0.07787933945655823,0.5433648882108781,0.07930607327434656,0.5456841403447799
COD10K-CAM-2-Terrestrial-46-StickInsect-2873,0.059550657868385315,0.49705541304787026,0.0838250689100621,0.726193796139201
COD10K-CAM-2-Terrestrial-47-Tiger-2876,0.10895098745822906,0.46850332365504277,0.06231444402559646,0.4376038057469148
COD10K-CAM-2-Terrestrial-47-Tiger-2877,0.05529680475592613,0.4547695510763042,0.0013541447535129142,0.5468992236411586
COD10K-CAM-2-Terrestrial-47-Tiger-2883,0.049668800085783005,0.6632113305776484,0.3493914389982607,0.8276856223027733
COD10K-CAM-2-Terrestrial-47-Tiger-2884,0.10846063494682312,0.6139363627358276,0.3799806159887518,0.7827829460285802
COD10K-CAM-2-Terrestrial-47-Tiger-2886,0.09186208248138428,0.4611861644211264,0.0650935609402549,0.2705171342446019
COD10K-CAM-2-Terrestrial-47-Tiger-2887,0.03460770845413208,0.5469891619132503,0.17180870915554264,0.7914950778432275
COD10K-CAM-2-Terrestrial-47-Tiger-2889,0.1825793832540512,0.4983978641683833,0.28430401682373596,0.5380337070916446
COD10K-CAM-2-Terrestrial-47-Tiger-2890,0.2792094647884369,0.36387381164064997,0.16034823298860945,0.30155555035915554
COD10K-CAM-2-Terrestrial-47-Tiger-2893,0.24645490944385529,0.41364030055828077,0.262864427487991,0.3783050015681556
COD10K-CAM-2-Terrestrial-47-Tiger-2899,0.39984095096588135,0.3831449587347821,0.44522275110250986,0.3666018008632437
COD10K-CAM-2-Terrestrial-47-Tiger-2901,0.03432648628950119,0.5982594527632928,0.168180139932354,0.6126518308774637
COD10K-CAM-2-Terrestrial-47-Tiger-2902,0.04114159941673279,0.5146969916366617,0.08466731871806644,0.4573667543499644
COD10K-CAM-2-Terrestrial-47-Tiger-2903,0.022179432213306427,0.7951875578358742,0.34730387433588367,0.8214563444916774
COD10K-CAM-2-Terrestrial-47-Tiger-2906,0.03577432036399841,0.5339609629876206,0.14421910801866802,0.7322374519421894
COD10K-CAM-2-Terrestrial-47-Tiger-2907,0.12773746252059937,0.677109487494152,0.6216610355378742,0.6916256128737346
COD10K-CAM-2-Terrestrial-47-Tiger-2910,0.037212420254945755,0.6403982356163107,0.2709939959634397,0.48178207073866014
COD10K-CAM-2-Terrestrial-48-Wolf-2914,0.054364703595638275,0.4621185877046121,0.0020199321527355567,0.39634685426183
COD10K-CAM-2-Terrestrial-48-Wolf-2916,0.03307915851473808,0.700770617725682,0.3542425212480088,0.8029398373197179
COD10K-CAM-2-Terrestrial-48-Wolf-2917,0.4001781642436981,0.31790123416088445,0.20165206206452815,0.2848222959898526
COD10K-CAM-2-Terrestrial-48-Wolf-2918,0.046767279505729675,0.5372822325465272,0.07390920008199593,0.4321476522783214
COD10K-CAM-2-Terrestrial-48-Wolf-2921,0.030393382534384727,0.5313520440607036,0.056721235411862844,0.5771748346222847
COD10K-CAM-2-Terrestrial-48-Wolf-2922,0.08096887916326523,0.5872884117951449,0.2137242793183732,0.725009399691368
COD10K-CAM-2-Terrestrial-49-Worm-2929,0.1739330142736435,0.6662090400461532,0.4274765481018173,0.7008383597231954
COD10K-CAM-2-Terrestrial-49-Worm-2930,0.11588791012763977,0.5075883161840541,0.07891530537166479,0.45389715298328326
COD10K-CAM-2-Terrestrial-49-Worm-2934,0.08419996500015259,0.6441317702456761,0.25992188565058594,0.762556868941195
COD10K-CAM-2-Terrestrial-49-Worm-2939,0.1004219651222229,0.6437262024891854,0.33646791337877074,0.7426400808717685
COD10K-CAM-2-Terrestrial-49-Worm-2941,0.09087761491537094,0.6638957801669747,0.41157026725968104,0.6638496132713629
COD10K-CAM-2-Terrestrial-49-Worm-2944,0.04310724884271622,0.48089280811363666,0.04918294463202255,0.42215242313735124
COD10K-CAM-2-Terrestrial-49-Worm-2948,0.03134525939822197,0.8628289995335275,0.6958793490252585,0.8910462762588753
COD10K-CAM-2-Terrestrial-49-Worm-2949,0.11076906323432922,0.6135021956518825,0.45860792800407824,0.602122513140719
COD10K-CAM-2-Terrestrial-49-Worm-2950,0.08968576043844223,0.6213701642674706,0.45280000123277864,0.7214463860369819
COD10K-CAM-2-Terrestrial-49-Worm-2952,0.07681702077388763,0.6039511831506916,0.32757476592012863,0.7816805152831604
COD10K-CAM-2-Terrestrial-49-Worm-2953,0.09254477918148041,0.6624101357123815,0.3395451787864071,0.7963985143048395
COD10K-CAM-3-Flying-50-Bat-2954,0.06195768713951111,0.4903122395032872,0.08398040976763656,0.6937332917309147
COD10K-CAM-3-Flying-50-Bat-2955,0.08312758803367615,0.4695042049612236,0.060238421203960994,0.37411938745677387
COD10K-CAM-3-Flying-50-Bat-2956,0.043019212782382965,0.8689915705977533,0.6088018144013313,0.8686303917970898
COD10K-CAM-3-Flying-50-Bat-2959,0.17593403160572052,0.3970044107751582,0.023934845748441125,0.7094397940686151
COD10K-CAM-3-Flying-50-Bat-2960,0.09272775799036026,0.658567295692677,0.29181238400267545,0.7385871061647751
COD10K-CAM-3-Flying-50-Bat-2962,0.09503432363271713,0.7677030421874802,0.49236061637066336,0.8241382721609773
COD10K-CAM-3-Flying-50-Bat-2963,0.047232724726200104,0.840563211005133,0.529610977677329,0.8716134998167141
COD10K-CAM-3-Flying-50-Bat-2967,0.0653398260474205,0.8325446440910527,0.6692441685250755,0.8712325179928402
COD10K-CAM-3-Flying-50-Bat-2968,0.11146501451730728,0.6564731083214614,0.3204754571749435,0.7854012982172289
COD10K-CAM-3-Flying-50-Bat-2970,0.1482173651456833,0.41931383705751696,0.014200287634147012,0.5684919903670244
COD10K-CAM-3-Flying-50-Bat-2972,0.054789040237665176,0.8408931332287447,0.6273252383945389,0.8983091321228264
COD10K-CAM-3-Flying-50-Bat-2975,0.1857275813817978,0.6492809397077872,0.697858811664025,0.6199744375489328
COD10K-CAM-3-Flying-50-Bat-2976,0.06668861955404282,0.6290216867224223,0.22439643438301352,0.7723559847870707
COD10K-CAM-3-Flying-51-Bee-2977,0.047417961061000824,0.5965800337718288,0.1416469549558116,0.5597974118277521
COD10K-CAM-3-Flying-51-Bee-2981,0.08040247857570648,0.6539909792909466,0.28972516810870663,0.7884108572908817
COD10K-CAM-3-Flying-51-Bee-2982,0.06577944755554199,0.5405600202887365,0.07658270817954864,0.4157564773102888
COD10K-CAM-3-Flying-51-Bee-2983,0.04272704944014549,0.6901483140635974,0.28579796329669294,0.7740791542906653
COD10K-CAM-3-Flying-51-Bee-2985,0.13796906173229218,0.6697128374545755,0.552062113271543,0.724586553237746
COD10K-CAM-3-Flying-51-Bee-2986,0.10983821749687195,0.5929710374058237,0.3207386351368618,0.7654194874529732
COD10K-CAM-3-Flying-51-Bee-2993,0.07298143953084946,0.45001398446287033,0.00682386053211567,0.2737947170485151
COD10K-CAM-3-Flying-51-Bee-2995,0.07407742738723755,0.5188259473472064,0.05103274076774198,0.35480898128986205
COD10K-CAM-3-Flying-51-Bee-2997,0.05788214132189751,0.5120504576656392,0.09037010962704203,0.4432897298844731
COD10K-CAM-3-Flying-51-Bee-2999,0.03863970935344696,0.7794645586911905,0.34109095096567454,0.7674016069232134
COD10K-CAM-3-Flying-51-Bee-3002,0.1554211527109146,0.5880158445259507,0.2605992985620839,0.6955340326028212
COD10K-CAM-3-Flying-52-Beetle-3007,0.0365503653883934,0.9096860941732957,0.7027998905681236,0.9239300823324123
COD10K-CAM-3-Flying-52-Beetle-3009,0.06916408240795135,0.7870250922893902,0.5142903836709861,0.8673866573493862
COD10K-CAM-3-Flying-52-Beetle-3011,0.0880015641450882,0.7630190281278335,0.6074714551037745,0.7962702601257863
COD10K-CAM-3-Flying-53-Bird-3015,0.07172928750514984,0.8078350728039024,0.6428410586443841,0.8682380981369717
COD10K-CAM-3-Flying-53-Bird-3021,0.018159206956624985,0.8041272978406422,0.4621623205903171,0.9011984345556007
COD10K-CAM-3-Flying-53-Bird-3022,0.03332313150167465,0.5836532457696308,0.10487220200522802,0.42522679918963574
COD10K-CAM-3-Flying-53-Bird-3023,0.018909327685832977,0.8543409813872332,0.6035945398974993,0.9280755808266694
COD10K-CAM-3-Flying-53-Bird-3024,0.0698959156870842,0.6183575928989063,0.27140029266787546,0.7459369979186807
COD10K-CAM-3-Flying-53-Bird-3026,0.04789918661117554,0.8836678973772017,0.8005065219685078,0.9398516792538032
COD10K-CAM-3-Flying-53-Bird-3028,0.054211776703596115,0.4584509802399269,0.00854314444076121,0.2777278207571473
COD10K-CAM-3-Flying-53-Bird-3030,0.04551232233643532,0.5239317181520745,0.08867803514769124,0.7558653006132227
COD10K-CAM-3-Flying-53-Bird-3031,0.1066635251045227,0.591799565971586,0.22039853824481598,0.6325573439834895
COD10K-CAM-3-Flying-53-Bird-3032,0.07105304300785065,0.6614517555435093,0.34772653064189274,0.8253220755867117
COD10K-CAM-3-Flying-53-Bird-3036,0.05642912536859512,0.6154295033610406,0.19095814219130902,0.7407615424113116
COD10K-CAM-3-Flying-53-Bird-3037,0.026710039004683495,0.48212498137356014,0.006555057755118488,0.6136499846236265
COD10K-CAM-3-Flying-53-Bird-3038,0.0465061217546463,0.4646856407037268,0.012982677872224228,0.28993708443503297
COD10K-CAM-3-Flying-53-Bird-3040,0.10067882388830185,0.6360811085150309,0.25591656476816294,0.6464967159220378
COD10K-CAM-3-Flying-53-Bird-3041,0.022476309910416603,0.7414100950137159,0.3535023870619687,0.823010222564474
COD10K-CAM-3-Flying-53-Bird-3046,0.03405974432826042,0.6968050542893601,0.41791236897952,0.9191050388134112
COD10K-CAM-3-Flying-53-Bird-3049,0.08970583230257034,0.4811889603657431,0.07504062614521995,0.5335850082575864
COD10K-CAM-3-Flying-53-Bird-3051,0.019695930182933807,0.9125522011016101,0.651020669367787,0.9109862131092857
COD10K-CAM-3-Flying-53-Bird-3052,0.023426830768585205,0.8889898021472922,0.5936839233032781,0.8919641113105744
COD10K-CAM-3-Flying-53-Bird-3053,0.11256100982427597,0.42987361853817757,0.008553610349893798,0.7388485992245928
COD10K-CAM-3-Flying-53-Bird-3054,0.042029108852148056,0.7214955367761287,0.5729031661179126,0.8706700822900263
COD10K-CAM-3-Flying-53-Bird-3056,0.06627026200294495,0.7879031780955658,0.5324830279159852,0.8508255724276165
COD10K-CAM-3-Flying-53-Bird-3057,0.04176890477538109,0.682756181596018,0.1564466719667473,0.5973436988717433
COD10K-CAM-3-Flying-53-Bird-3059,0.04903114587068558,0.7796319578966528,0.3203421668376588,0.7618484888877577
COD10K-CAM-3-Flying-53-Bird-3062,0.01983935385942459,0.672257714680819,0.21767189280369595,0.6923291615119467
COD10K-CAM-3-Flying-53-Bird-3064,0.016327641904354095,0.8137592641994078,0.38332464605259087,0.8136906893360065
COD10K-CAM-3-Flying-53-Bird-3068,0.044330041855573654,0.7631247360504854,0.48459904459065223,0.7727932451199653
COD10K-CAM-3-Flying-53-Bird-3069,0.026216737926006317,0.6703834871372653,0.25422102474556924,0.7039445730819747
COD10K-CAM-3-Flying-53-Bird-3075,0.051848847419023514,0.7207342153729416,0.4259131392576582,0.8709949265796656
COD10K-CAM-3-Flying-53-Bird-3077,0.032722845673561096,0.481970579177119,0.010044335733260816,0.6991630562156022
COD10K-CAM-3-Flying-53-Bird-3078,0.04526641592383385,0.5253251089062098,0.09933060346974718,0.7693442658435676
COD10K-CAM-3-Flying-53-Bird-3080,0.05571276694536209,0.4710092080995136,0.049802157806810916,0.786720784950729
COD10K-CAM-3-Flying-53-Bird-3082,0.05999010428786278,0.5201543156479066,0.14377690418528147,0.5784737981075052
COD10K-CAM-3-Flying-53-Bird-3083,0.0758095532655716,0.8217395347705112,0.6388589179768212,0.8982001176322134
COD10K-CAM-3-Flying-53-Bird-3084,0.07570479065179825,0.7835792863036972,0.7036863856947815,0.7545826571724434
COD10K-CAM-3-Flying-53-Bird-3087,0.041219569742679596,0.8985079069605506,0.6756758155732898,0.9128779244089489
COD10K-CAM-3-Flying-53-Bird-3089,0.05350703001022339,0.5286554966325281,0.07589299494622985,0.7253416981866321
COD10K-CAM-3-Flying-53-Bird-3093,0.0854850709438324,0.6501719600415161,0.5547383156929566,0.8482636242392765
COD10K-CAM-3-Flying-53-Bird-3096,0.07053937017917633,0.8069367541131713,0.5715394896973156,0.8613732355302383
COD10K-CAM-3-Flying-53-Bird-3104,0.03433798626065254,0.5756030919245572,0.09976640507804456,0.5113240610326152
COD10K-CAM-3-Flying-53-Bird-3105,0.0407697856426239,0.878026101938068,0.6031236975040639,0.8714138001035574
COD10K-CAM-3-Flying-53-Bird-3112,0.04988385736942291,0.6927505061772762,0.4707258861296361,0.7111156576418824
COD10K-CAM-3-Flying-53-Bird-3119,0.04425329715013504,0.4808213078872727,0.0052328072329738025,0.5188274601838603
COD10K-CAM-3-Flying-53-Bird-3121,0.06134719029068947,0.789280923465882,0.6030851720894443,0.8846098174083153
COD10K-CAM-3-Flying-53-Bird-3123,0.08203981816768646,0.4529309894850478,0.01718213791854507,0.2910519933465932
COD10K-CAM-3-Flying-53-Bird-3125,0.04413660988211632,0.8797625568285063,0.6474575010006531,0.9102829832806622
COD10K-CAM-3-Flying-53-Bird-3128,0.044450290501117706,0.6967548868907196,0.3799277183730597,0.8452045752126452
COD10K-CAM-3-Flying-53-Bird-3132,0.046209681779146194,0.7958973884520201,0.49584884720681754,0.8849203579338889
COD10K-CAM-3-Flying-53-Bird-3133,0.04471416026353836,0.7025792081107347,0.30733007611486135,0.7958675917147253
COD10K-CAM-3-Flying-53-Bird-3141,0.06088905408978462,0.5501229484827186,0.28690453674426936,0.8459968801540672
COD10K-CAM-3-Flying-53-Bird-3142,0.09295282512903214,0.7422247556884644,0.6605398301136165,0.7110066759907566
COD10K-CAM-3-Flying-53-Bird-3145,0.042189545929431915,0.7352242267967871,0.2590101544961745,0.6947934799122142
COD10K-CAM-3-Flying-53-Bird-3150,0.12605386972427368,0.4380566612729732,0.015421333523483398,0.3798800128576356
COD10K-CAM-3-Flying-53-Bird-3151,0.05881886929273605,0.6425960668880094,0.19537518457503955,0.5947981635212146
COD10K-CAM-3-Flying-53-Bird-3155,0.06897579878568649,0.5976353261317122,0.09780560300473767,0.5477946450067723
COD10K-CAM-3-Flying-53-Bird-3157,0.03550024703145027,0.4893332847012779,0.0468469723001821,0.41769331528978326
COD10K-CAM-3-Flying-53-Bird-3158,0.08728595823049545,0.8235407895913573,0.6102588646036142,0.8531547956867112
COD10K-CAM-3-Flying-53-Bird-3159,0.03129314258694649,0.6844124991521763,0.19451694443311537,0.6929911296512786
COD10K-CAM-3-Flying-53-Bird-3162,0.03060634806752205,0.7206336009723038,0.3662056270419547,0.712625219753116
COD10K-CAM-3-Flying-53-Bird-3167,0.034703705459833145,0.8200665522346187,0.5989904430997486,0.9162096629803275
COD10K-CAM-3-Flying-53-Bird-3170,0.006025748793035746,0.5327665635383998,0.016197344467599496,0.32297417891169256
COD10K-CAM-3-Flying-53-Bird-3171,0.1052667647600174,0.6145438001851351,0.3229060829913073,0.4731710421184781
COD10K-CAM-3-Flying-53-Bird-3175,0.08465949445962906,0.4645606304381186,0.07208621063601289,0.6928156728926744
COD10K-CAM-3-Flying-53-Bird-3176,0.09806272387504578,0.45885274404129495,0.09936974948847564,0.27593152411603983
COD10K-CAM-3-Flying-53-Bird-3180,0.033132970333099365,0.6545992359859629,0.2733147309119245,0.6807589191657188
COD10K-CAM-3-Flying-53-Bird-3184,0.05046362057328224,0.7653178903274053,0.43515842396276405,0.8856887317629607
COD10K-CAM-3-Flying-53-Bird-3185,0.050587352365255356,0.8174320273182631,0.461185206991771,0.8261744511615794
COD10K-CAM-3-Flying-53-Bird-3189,0.005605266895145178,0.4986696109011251,0.00025167800807468184,0.2609968501891581
COD10K-CAM-3-Flying-53-Bird-3196,0.1182669848203659,0.5597205634232205,0.11810963897133991,0.6401861747748424
COD10K-CAM-3-Flying-53-Bird-3197,0.09356897324323654,0.5985837913817617,0.12948750374315054,0.4998773309008848
COD10K-CAM-3-Flying-53-Bird-3198,0.04989828169345856,0.7829862226526084,0.6989817299349254,0.7993546553721715
COD10K-CAM-3-Flying-53-Bird-3200,0.06577245146036148,0.4963879370767226,0.0446812559614627,0.5018365556245881
COD10K-CAM-3-Flying-53-Bird-3201,0.04672495275735855,0.620813758222818,0.22192451120182569,0.6614734844752875
COD10K-CAM-3-Flying-53-Bird-3203,0.02451491542160511,0.7447394111817183,0.3545693431844318,0.831950786767022
COD10K-CAM-3-Flying-53-Bird-3207,0.020883506163954735,0.7707776159259616,0.38064811371471335,0.880163125687456
COD10K-CAM-3-Flying-53-Bird-3211,0.07350028306245804,0.8232662727961346,0.5992898490300341,0.7878694594759144
COD10K-CAM-3-Flying-53-Bird-3213,0.06585372239351273,0.7756697779104308,0.4637311028755005,0.7719148727997269
COD10K-CAM-3-Flying-53-Bird-3214,0.05042864754796028,0.48844049396476596,0.02138152369993173,0.5026766024044678
COD10K-CAM-3-Flying-53-Bird-3215,0.08524536341428757,0.45931252679636375,0.01637126999665453,0.25029066430963376
COD10K-CAM-3-Flying-53-Bird-3218,0.1228325217962265,0.6248344197217919,0.5290609560796481,0.5864383804583315
COD10K-CAM-3-Flying-53-Bird-3221,0.012562358751893044,0.4954705401139097,0.005058569109028616,0.26992909924141584
COD10K-CAM-3-Flying-53-Bird-3223,0.039186086505651474,0.49370509125620626,0.14945069176610343,0.40138310342812406
COD10K-CAM-3-Flying-53-Bird-3226,0.04025963321328163,0.8927692120963079,0.6653639294188347,0.9142413846097323
COD10K-CAM-3-Flying-53-Bird-3227,0.02836443856358528,0.5898916983975568,0.17110400603312065,0.487258225995522
COD10K-CAM-3-Flying-53-Bird-3231,0.0295017771422863,0.7331207090297704,0.3471613481679684,0.8547018099918843
COD10K-CAM-3-Flying-53-Bird-3232,0.07168673723936081,0.7572265768733344,0.4900698687100177,0.8547355620867187
COD10K-CAM-3-Flying-53-Bird-3234,0.1379256695508957,0.6348179038352249,0.27083202765704956,0.6671382187704442
COD10K-CAM-3-Flying-53-Bird-3235,0.04730119928717613,0.5476319172077381,0.06877860670697067,0.5947376183555269
COD10K-CAM-3-Flying-53-Bird-3236,0.05019579082727432,0.47456860626071434,0.007945221349696503,0.4626830365303437
COD10K-CAM-3-Flying-53-Bird-3237,0.06528164446353912,0.7286911433196661,0.6349207697143188,0.7980285682874254
COD10K-CAM-3-Flying-53-Bird-3239,0.027965126559138298,0.6631686124217668,0.10145190831914877,0.5501786030734528
COD10K-CAM-3-Flying-53-Bird-3240,0.02670847252011299,0.850402640541321,0.48120653468830193,0.8669551002078913
COD10K-CAM-3-Flying-53-Bird-3241,0.05071626603603363,0.7790195214124458,0.49699780456451786,0.7743246315738788
COD10K-CAM-3-Flying-53-Bird-3245,0.07153996080160141,0.7680998709706953,0.5808328857075068,0.8245344395235268
COD10K-CAM-3-Flying-53-Bird-3246,0.01414579525589943,0.5001172137498995,0.010020861484203204,0.2569630178812995
COD10K-CAM-3-Flying-54-Bittern-3252,0.05566387251019478,0.7279185681683813,0.349867655762265,0.8208247031187919
COD10K-CAM-3-Flying-54-Bittern-3254,0.06644396483898163,0.6485593638366801,0.3239549588378533,0.7768057109408718
COD10K-CAM-3-Flying-54-Bittern-3255,0.04763306677341461,0.7905702622031012,0.46613727240614794,0.8599746866793645
COD10K-CAM-3-Flying-54-Bittern-3260,0.04937997832894325,0.5816514859852748,0.1998746624102656,0.7595292231005475
COD10K-CAM-3-Flying-54-Bittern-3266,0.06886538863182068,0.563108880722867,0.20404753764181682,0.6936345662086663
COD10K-CAM-3-Flying-54-Bittern-3268,0.04468165338039398,0.7252518846847161,0.3830600108254421,0.7988801553485032
COD10K-CAM-3-Flying-54-Bittern-3271,0.03423382341861725,0.4892143669187938,0.0117950112963385,0.5282996554357862
COD10K-CAM-3-Flying-54-Bittern-3277,0.017077503725886345,0.5000963749415247,0.021238744867924386,0.5020342146189234
COD10K-CAM-3-Flying-54-Bittern-3283,0.06752291321754456,0.7976306719442483,0.44605579851056565,0.8158958188960714
COD10K-CAM-3-Flying-54-Bittern-3284,0.02944362536072731,0.878345572126302,0.6621856186665837,0.9325554309937452
COD10K-CAM-3-Flying-54-Bittern-3288,0.03512663394212723,0.5536661712781303,0.11066387312563922,0.7668863243839577
COD10K-CAM-3-Flying-54-Bittern-3289,0.09060108661651611,0.7052883765611446,0.4348170574760435,0.8135792416872896
COD10K-CAM-3-Flying-55-Butterfly-3295,0.07126545906066895,0.6919588748111154,0.34884995089207865,0.6308325479207458
COD10K-CAM-3-Flying-55-Butterfly-3303,0.14347147941589355,0.659564097351954,0.6695684582785199,0.6141077904003697
COD10K-CAM-3-Flying-55-Butterfly-3304,0.10777811706066132,0.6351320004908254,0.22498789167929406,0.6274866507593638
COD10K-CAM-3-Flying-55-Butterfly-3306,0.01594763807952404,0.8245069330408288,0.39179662789426345,0.8366081703286723
COD10K-CAM-3-Flying-55-Butterfly-3312,0.1247406005859375,0.4349608941744184,0.014526394938376047,0.3217960283167788
COD10K-CAM-3-Flying-55-Butterfly-3315,0.13352753221988678,0.7618622634713275,0.7131740940372634,0.7581104834490069
COD10K-CAM-3-Flying-55-Butterfly-3318,0.11368393152952194,0.7955425401988898,0.6939479589080844,0.7847122435552577
COD10K-CAM-3-Flying-55-Butterfly-3319,0.062357090413570404,0.4630280431449375,0.03826951940791707,0.34129778174096265
COD10K-CAM-3-Flying-55-Butterfly-3320,0.044526249170303345,0.5295325791186358,0.09710101903417998,0.473912995271943
COD10K-CAM-3-Flying-55-Butterfly-3322,0.05083656311035156,0.6996062365948894,0.41768744342360453,0.608357108966965
COD10K-CAM-3-Flying-55-Butterfly-3324,0.07066535204648972,0.5143134080049723,0.0715707354821562,0.49123314344389196
COD10K-CAM-3-Flying-55-Butterfly-3325,0.07923200726509094,0.5894659362265446,0.15639084713892054,0.7377729824683278
COD10K-CAM-3-Flying-55-Butterfly-3328,0.05437302961945534,0.768409248171543,0.4059906585303504,0.8239162229422612
COD10K-CAM-3-Flying-55-Butterfly-3335,0.09729866683483124,0.6724314098690867,0.26708832794712417,0.7252628954213861
COD10K-CAM-3-Flying-55-Butterfly-3339,0.028353216126561165,0.6636709721423053,0.20356044459627834,0.6030836373408205
COD10K-CAM-3-Flying-55-Butterfly-3341,0.05286189913749695,0.45715436629248785,0.002277773760500646,0.641236744325586
COD10K-CAM-3-Flying-55-Butterfly-3342,0.02810986340045929,0.6050763905027218,0.22100059483191964,0.8436030342299267
COD10K-CAM-3-Flying-55-Butterfly-3350,0.03992088884115219,0.9275443293721854,0.6846609602404329,0.8624299439888137
COD10K-CAM-3-Flying-55-Butterfly-3351,0.04362257570028305,0.7556303389243828,0.2738443761054037,0.7048610037518992
COD10K-CAM-3-Flying-55-Butterfly-3354,0.03434668481349945,0.9377263590239592,0.7508814472533016,0.8610096086991281
COD10K-CAM-3-Flying-55-Butterfly-3356,0.04226762428879738,0.6307008983307806,0.15188888982669158,0.55120289912837
COD10K-CAM-3-Flying-55-Butterfly-3359,0.0352502167224884,0.5627238774019966,0.07823188167111123,0.6149762767977437
COD10K-CAM-3-Flying-55-Butterfly-3360,0.15222491323947906,0.6815665292437636,0.6179134016746932,0.7707911630060635
COD10K-CAM-3-Flying-55-Butterfly-3361,0.03296027332544327,0.7464630094020462,0.29071550672792873,0.7658326732107987
COD10K-CAM-3-Flying-55-Butterfly-3369,0.10606032609939575,0.48201387563268683,0.20209072455450158,0.3182754138964653
COD10K-CAM-3-Flying-55-Butterfly-3370,0.07236997038125992,0.44760377887789166,0.0007717360411690481,0.34808584000573145
COD10K-CAM-3-Flying-55-Butterfly-3374,0.053242381662130356,0.5850131897197521,0.19596907393949722,0.5910752366276917
COD10K-CAM-3-Flying-55-Butterfly-3375,0.1030678078532219,0.8302204600623071,0.8414570307945246,0.8230102173254842
COD10K-CAM-3-Flying-55-Butterfly-3376,0.041878048330545425,0.6561674181218867,0.250751230940288,0.7239898686287339
COD10K-CAM-3-Flying-55-Butterfly-3377,0.0340181328356266,0.8322937616803914,0.5241851221853921,0.8912986790084294
COD10K-CAM-3-Flying-55-Butterfly-3378,0.03220565244555473,0.9088035080535424,0.6876240461320011,0.9177709092845711
COD10K-CAM-3-Flying-55-Butterfly-3379,0.05533209443092346,0.8528389871178653,0.6351744170136718,0.8872001198280017
COD10K-CAM-3-Flying-55-Butterfly-3382,0.044281426817178726,0.8907590281529747,0.6466718039049529,0.9038423372882751
COD10K-CAM-3-Flying-55-Butterfly-3383,0.0836891233921051,0.8591798438424445,0.6918795459944793,0.8341748929865516
COD10K-CAM-3-Flying-55-Butterfly-3386,0.06951750814914703,0.8338223653781165,0.5429787032513784,0.8369572938473001
COD10K-CAM-3-Flying-55-Butterfly-3389,0.1702621728181839,0.5382237598052386,0.26846440555725126,0.6739561523880233
COD10K-CAM-3-Flying-55-Butterfly-3390,0.0312931090593338,0.889727923002812,0.7691138130166348,0.9224462845918461
COD10K-CAM-3-Flying-55-Butterfly-3393,0.04941737279295921,0.8068618436686916,0.4936847965798875,0.8574191391592282
COD10K-CAM-3-Flying-55-Butterfly-3398,0.04072621092200279,0.8747288786818097,0.552627996025716,0.8047921844694437
COD10K-CAM-3-Flying-55-Butterfly-3401,0.13816091418266296,0.7820239930253717,0.7443559011345422,0.7261597450938282
COD10K-CAM-3-Flying-55-Butterfly-3403,0.022745219990611076,0.8592579539008469,0.432552096376433,0.8674329330491657
COD10K-CAM-3-Flying-55-Butterfly-3406,0.15412962436676025,0.6784967180715293,0.6127335955697412,0.6187274008118812
COD10K-CAM-3-Flying-55-Butterfly-3408,0.07064302265644073,0.47570544695279726,0.04955550406869017,0.7528981262636787
COD10K-CAM-3-Flying-55-Butterfly-3409,0.092231884598732,0.8655780781489462,0.6999594979273764,0.8727514119261616
COD10K-CAM-3-Flying-55-Butterfly-3412,0.11756965517997742,0.7051057649449375,0.6051571949295893,0.7295083928048903
COD10K-CAM-3-Flying-55-Butterfly-3418,0.050390321761369705,0.858932419935595,0.6626664335158773,0.908709277103088
COD10K-CAM-3-Flying-55-Butterfly-3423,0.12814323604106903,0.6511787852194234,0.6139156137764687,0.5727399132961041
COD10K-CAM-3-Flying-55-Butterfly-3426,0.16252192854881287,0.49832435973799316,0.374012405878892,0.40360273433209926
COD10K-CAM-3-Flying-55-Butterfly-3428,0.046577561646699905,0.4833118708428449,0.015187371126089975,0.3313832441034129
COD10K-CAM-3-Flying-55-Butterfly-3429,0.07635423541069031,0.4666939069448011,0.05174279552336355,0.3006778082861618
COD10K-CAM-3-Flying-55-Butterfly-3434,0.08119097352027893,0.6800598742948284,0.4961989217534453,0.6473537485931686
COD10K-CAM-3-Flying-55-Butterfly-3435,0.12191604822874069,0.7844535275110149,0.7301495914450494,0.7700385802890022
COD10K-CAM-3-Flying-55-Butterfly-3436,0.044515445828437805,0.6114166868960291,0.09903331092021725,0.6041283199519549
COD10K-CAM-3-Flying-56-Cicada-3439,0.15073798596858978,0.3956663852071011,0.027426214773107888,0.5644190010058876
COD10K-CAM-3-Flying-56-Cicada-3440,0.0714503601193428,0.6606657458545568,0.38373236669346444,0.6636898351235707
COD10K-CAM-3-Flying-56-Cicada-3441,0.03616207838058472,0.8054895988842905,0.5188292578471153,0.894612239732585
COD10K-CAM-3-Flying-56-Cicada-3443,0.08568103611469269,0.7126975654529322,0.607172648550425,0.7224068654544187
COD10K-CAM-3-Flying-56-Cicada-3444,0.10777433961629868,0.7886155991818771,0.6518618844420973,0.8486524842850216
COD10K-CAM-3-Flying-56-Cicada-3447,0.045383378863334656,0.4769820121786287,0.028866197365356738,0.46877974479487766
COD10K-CAM-3-Flying-56-Cicada-3453,0.04721464589238167,0.729157256119227,0.48766600714812325,0.8324614214935921
COD10K-CAM-3-Flying-56-Cicada-3460,0.14166615903377533,0.6940086734888016,0.671284402856379,0.7032077152465819
COD10K-CAM-3-Flying-56-Cicada-3462,0.06836733967065811,0.6511390422747101,0.13662372806217277,0.5001657078883976
COD10K-CAM-3-Flying-56-Cicada-3463,0.03843529149889946,0.9043012083383064,0.7559588604862613,0.909209393922611
COD10K-CAM-3-Flying-56-Cicada-3470,0.12978826463222504,0.5641490936575266,0.26379484816993526,0.7695927751978235
COD10K-CAM-3-Flying-56-Cicada-3472,0.06557098031044006,0.8436341241301621,0.7254214727825595,0.8940863633549962
COD10K-CAM-3-Flying-56-Cicada-3478,0.045487985014915466,0.7451027524881046,0.389466202800105,0.9166193648115323
COD10K-CAM-3-Flying-56-Cicada-3480,0.043929312378168106,0.7228865212210951,0.2832399620595003,0.7283177240491394
COD10K-CAM-3-Flying-56-Cicada-3482,0.05113527178764343,0.7792024204000578,0.4687720164998338,0.8518292131783605
COD10K-CAM-3-Flying-56-Cicada-3483,0.03830953687429428,0.8478907113901587,0.6365288725788156,0.8907436794120838
COD10K-CAM-3-Flying-56-Cicada-3486,0.04980916902422905,0.8816662378867826,0.7762841872630388,0.8959770358749588
COD10K-CAM-3-Flying-56-Cicada-3490,0.022157927975058556,0.8420424262208956,0.582547399154055,0.9038287556719136
COD10K-CAM-3-Flying-56-Cicada-3491,0.1050083190202713,0.5316115836951348,0.0514368570673808,0.34656081160125635
COD10K-CAM-3-Flying-56-Cicada-3494,0.10164816677570343,0.5163894070393874,0.11381985076980695,0.6613690490631783
COD10K-CAM-3-Flying-56-Cicada-3496,0.0632639229297638,0.5722560512942989,0.07469266971913047,0.4444153257001144
COD10K-CAM-3-Flying-56-Cicada-3498,0.03194771334528923,0.926095361826696,0.8219487190107748,0.9181344482432829
COD10K-CAM-3-Flying-56-Cicada-3501,0.09104645252227783,0.637693815937787,0.3373276390502785,0.7352069465912173
COD10K-CAM-3-Flying-56-Cicada-3504,0.1271783709526062,0.6610764409543847,0.6387612159156981,0.6209428824679283
COD10K-CAM-3-Flying-56-Cicada-3505,0.04181581735610962,0.5720916498376634,0.08491981629033817,0.45292160962175776
COD10K-CAM-3-Flying-56-Cicada-3508,0.08096708357334137,0.7836452636285676,0.45305412569534587,0.8100016916006099
COD10K-CAM-3-Flying-56-Cicada-3509,0.06146896630525589,0.5295630880038302,0.10367016009933123,0.5735473777485798
COD10K-CAM-3-Flying-56-Cicada-3510,0.05440986528992653,0.6086997516223149,0.08365435044604622,0.46730167507521636
COD10K-CAM-3-Flying-56-Cicada-3513,0.011846870183944702,0.7162728279771035,0.27026569663835426,0.7184285074501995
COD10K-CAM-3-Flying-56-Cicada-3515,0.07320535182952881,0.5380548865589392,0.10047967329465624,0.7305038183648838
COD10K-CAM-3-Flying-56-Cicada-3521,0.05604061484336853,0.7654774949207254,0.2699237866802775,0.6925576377557978
COD10K-CAM-3-Flying-56-Cicada-3522,0.08848600089550018,0.474620110359709,0.1448682961978982,0.30661613587366604
COD10K-CAM-3-Flying-56-Cicada-3525,0.1063825860619545,0.7390784173945177,0.5483566695796553,0.7892774451475286
COD10K-CAM-3-Flying-56-Cicada-3527,0.04837542772293091,0.557510333793773,0.1279391669977964,0.8072581396643508
COD10K-CAM-3-Flying-56-Cicada-3530,0.03579738736152649,0.6444851085980885,0.21265731655777173,0.6266022691459736
COD10K-CAM-3-Flying-56-Cicada-3533,0.08905192464590073,0.7644080154298473,0.6524427221717688,0.8076144649005279
COD10K-CAM-3-Flying-56-Cicada-3535,0.19516117870807648,0.6318960168781681,0.7123558485299567,0.6102348313593962
COD10K-CAM-3-Flying-56-Cicada-3536,0.10745882242918015,0.5363275638735259,0.1749168123362119,0.7640274605732773
COD10K-CAM-3-Flying-56-Cicada-3537,0.09150532633066177,0.7506448445561564,0.5979897804434833,0.6419154094348355
COD10K-CAM-3-Flying-56-Cicada-3539,0.031854745000600815,0.625853021331269,0.175351684435661,0.6488079628593986
COD10K-CAM-3-Flying-56-Cicada-3542,0.0865817740559578,0.4685783732979735,0.046420392974253114,0.3490929146279553
COD10K-CAM-3-Flying-56-Cicada-3543,0.11340606957674026,0.6697213895966194,0.5348442108370917,0.657758640782769
COD10K-CAM-3-Flying-56-Cicada-3547,0.06953837722539902,0.7740278058484843,0.6245291029978841,0.8860320261914747
COD10K-CAM-3-Flying-56-Cicada-3549,0.10657057166099548,0.622448126904066,0.3077515900532369,0.7510542906754996
COD10K-CAM-3-Flying-56-Cicada-3551,0.11179658770561218,0.6890036229420233,0.6314351689261495,0.7308764995987095
COD10K-CAM-3-Flying-57-Dragonfly-3553,0.03682129085063934,0.5817159384775389,0.28668213476328647,0.6481876302605323
COD10K-CAM-3-Flying-57-Dragonfly-3559,0.03489796072244644,0.7127957576082465,0.4930948468134593,0.8767971442328228
COD10K-CAM-3-Flying-57-Dragonfly-3566,0.03766681253910065,0.7467353473925121,0.437380501688261,0.7836920369151567
COD10K-CAM-3-Flying-57-Dragonfly-3569,0.04005226865410805,0.46728612391324315,0.0018462976330900288,0.4827529301997202
COD10K-CAM-3-Flying-57-Dragonfly-3571,0.16982553899288177,0.5906602082134037,0.45852525686481016,0.4863343172928524
COD10K-CAM-3-Flying-57-Dragonfly-3575,0.03532629460096359,0.8552931291804553,0.6201880583654099,0.8795050968181715
COD10K-CAM-3-Flying-57-Dragonfly-3576,0.3224186599254608,0.47462428129942286,0.5538253003696335,0.4347288408749305
COD10K-CAM-3-Flying-57-Dragonfly-3580,0.10000316798686981,0.6743851418006063,0.561625871329464,0.7815129956235748
COD10K-CAM-3-Flying-57-Dragonfly-3581,0.09130238741636276,0.6973967170446714,0.49367785669542186,0.7822334279641201
COD10K-CAM-3-Flying-57-Dragonfly-3582,0.05117962509393692,0.5938664609387712,0.22288651194693837,0.7457455024597329
COD10K-CAM-3-Flying-57-Dragonfly-3585,0.07348491996526718,0.8273664973975297,0.6694143948036865,0.8445518485927589
COD10K-CAM-3-Flying-57-Dragonfly-3586,0.06973601132631302,0.7503629680438825,0.4854997137417981,0.8378044182851614
COD10K-CAM-3-Flying-57-Dragonfly-3588,0.06042878329753876,0.8307787360028658,0.5187313290147322,0.8871619396704997
COD10K-CAM-3-Flying-57-Dragonfly-3590,0.18407940864562988,0.7192485635902414,0.6572656904098779,0.6267707853646498
COD10K-CAM-3-Flying-57-Dragonfly-3593,0.0917910560965538,0.7188597689665105,0.6384685539470065,0.7818304564186056
COD10K-CAM-3-Flying-58-Frogmouth-3596,0.06387032568454742,0.8329607061487823,0.5457383345412785,0.875058290028638
COD10K-CAM-3-Flying-58-Frogmouth-3598,0.05279473960399628,0.8931852561021767,0.7981751422372095,0.8889293907874128
COD10K-CAM-3-Flying-58-Frogmouth-3599,0.27037277817726135,0.5546162957254379,0.6903520322193788,0.5426114011883598
COD10K-CAM-3-Flying-58-Frogmouth-3602,0.09962611645460129,0.7802070358384496,0.6595431094860035,0.831694249665772
COD10K-CAM-3-Flying-58-Frogmouth-3604,0.04586494341492653,0.8401296900045451,0.727665986295056,0.831854240821224
COD10K-CAM-3-Flying-58-Frogmouth-3610,0.06363902986049652,0.7237034490512961,0.4150177024126489,0.829601958100627
COD10K-CAM-3-Flying-58-Frogmouth-3611,0.04111890867352486,0.858009089098228,0.6354628691789012,0.8821964214123124
COD10K-CAM-3-Flying-59-Grasshopper-3615,0.07419717311859131,0.7963076645688973,0.5495383554069845,0.8704400288089704
COD10K-CAM-3-Flying-59-Grasshopper-3618,0.09238069504499435,0.4832138507563078,0.10000483795443227,0.8074014608586947
COD10K-CAM-3-Flying-59-Grasshopper-3619,0.09550006687641144,0.7520520891530402,0.7064515491509002,0.7117709194515791
COD10K-CAM-3-Flying-59-Grasshopper-3621,0.027864985167980194,0.8529322286959977,0.6982692678505158,0.8912642542008966
COD10K-CAM-3-Flying-59-Grasshopper-3622,0.1003527045249939,0.7133671636004464,0.5022920172738473,0.7559511808604562
COD10K-CAM-3-Flying-59-Grasshopper-3625,0.07910235226154327,0.8443642090521367,0.7999055669998401,0.856108624635558
COD10K-CAM-3-Flying-59-Grasshopper-3627,0.0492003932595253,0.6027518050531071,0.1396408605970859,0.5464645598410177
COD10K-CAM-3-Flying-59-Grasshopper-3629,0.060307662934064865,0.7664481557136287,0.4243983817672199,0.8522600796037961
COD10K-CAM-3-Flying-59-Grasshopper-3630,0.21070580184459686,0.4634693490924498,0.26108701282211955,0.4277152559399132
COD10K-CAM-3-Flying-59-Grasshopper-3632,0.04171452298760414,0.7798742648994832,0.42478694563342,0.8611247173412022
COD10K-CAM-3-Flying-59-Grasshopper-3634,0.030701832845807076,0.6297858402311374,0.2043539412763451,0.7318242805487962
COD10K-CAM-3-Flying-59-Grasshopper-3636,0.04131215438246727,0.8591928502348729,0.5103059793713388,0.8574592793544318
COD10K-CAM-3-Flying-59-Grasshopper-3637,0.06551839411258698,0.5946099884657521,0.1941970835775971,0.6542677356324952
COD10K-CAM-3-Flying-59-Grasshopper-3640,0.08570106327533722,0.4476260356675653,0.021186830736006877,0.711494334025507
COD10K-CAM-3-Flying-59-Grasshopper-3641,0.023134421557188034,0.7732167044970437,0.36131879853076465,0.8105107890650678
COD10K-CAM-3-Flying-59-Grasshopper-3644,0.07497143745422363,0.5723234462884085,0.36748127750543846,0.46452904069266276
COD10K-CAM-3-Flying-59-Grasshopper-3645,0.0405799075961113,0.8706879443491281,0.590343598237107,0.8965723293186264
COD10K-CAM-3-Flying-59-Grasshopper-3648,0.06819505989551544,0.6823310718340865,0.4020025732395745,0.754282473269009
COD10K-CAM-3-Flying-59-Grasshopper-3650,0.07468559592962265,0.6599430020057097,0.45661599008562953,0.5972867005055287
COD10K-CAM-3-Flying-59-Grasshopper-3652,0.048307351768016815,0.88018160249283,0.741563380591559,0.9127408709426523
COD10K-CAM-3-Flying-59-Grasshopper-3653,0.05252741277217865,0.7698927814876497,0.4959931341408389,0.8483034240156009
COD10K-CAM-3-Flying-59-Grasshopper-3655,0.048902079463005066,0.6994046179321879,0.3320839298566776,0.7432266029647384
COD10K-CAM-3-Flying-59-Grasshopper-3657,0.036542102694511414,0.514045894350839,0.03890362955760162,0.48056982378529095
COD10K-CAM-3-Flying-59-Grasshopper-3658,0.11770907789468765,0.524177342469379,0.3609276509209061,0.4337714122858431
COD10K-CAM-3-Flying-59-Grasshopper-3659,0.04686996340751648,0.6953338554378594,0.2648881172451666,0.7327099923927475
COD10K-CAM-3-Flying-59-Grasshopper-3661,0.02574523165822029,0.48846395281253135,0.021663850894655078,0.624453130719
COD10K-CAM-3-Flying-59-Grasshopper-3672,0.14253322780132294,0.6594179036971048,0.6565768464935663,0.6667194893731073
COD10K-CAM-3-Flying-59-Grasshopper-3673,0.059802379459142685,0.7279576054842372,0.5581613273191327,0.7661923436697979
COD10K-CAM-3-Flying-59-Grasshopper-3676,0.05988333746790886,0.6222716723843918,0.14098310515810203,0.6872987579386305
COD10K-CAM-3-Flying-59-Grasshopper-3678,0.019888877868652344,0.78983594511979,0.34272634423340154,0.8557246011558215
COD10K-CAM-3-Flying-59-Grasshopper-3680,0.083578921854496,0.5718976147362486,0.35461013430247523,0.5591037649696307
COD10K-CAM-3-Flying-59-Grasshopper-3681,0.07502193003892899,0.8410166092353166,0.7824667879952603,0.8314705843362993
COD10K-CAM-3-Flying-59-Grasshopper-3683,0.05380617827177048,0.8346060429780265,0.5570079430113752,0.8642534607371224
COD10K-CAM-3-Flying-59-Grasshopper-3686,0.17894680798053741,0.5416545360648148,0.3830597444891135,0.5551900465239906
COD10K-CAM-3-Flying-59-Grasshopper-3688,0.06338508427143097,0.7194289174722808,0.3405099738547634,0.7544794739426799
COD10K-CAM-3-Flying-59-Grasshopper-3689,0.0509774312376976,0.678010452791868,0.27267954349872636,0.7995409346326114
COD10K-CAM-3-Flying-59-Grasshopper-3692,0.08106986433267593,0.5711765042274328,0.34668123851742716,0.630510151933551
COD10K-CAM-3-Flying-59-Grasshopper-3694,0.03980370610952377,0.7237199338038575,0.4480730884523829,0.7842588099758598
COD10K-CAM-3-Flying-59-Grasshopper-3695,0.02384888008236885,0.6779211709011315,0.199743620076458,0.7151318192721662
COD10K-CAM-3-Flying-59-Grasshopper-3697,0.046186912804841995,0.7652829877283767,0.41935081969337745,0.837262312427107
COD10K-CAM-3-Flying-59-Grasshopper-3699,0.051119208335876465,0.7726770286518133,0.5139200654419515,0.8623568527964034
COD10K-CAM-3-Flying-59-Grasshopper-3701,0.0417899563908577,0.8547187636006087,0.5648143306589067,0.8837802938125539
COD10K-CAM-3-Flying-59-Grasshopper-3702,0.03544669970870018,0.6530907457956535,0.2518182453398086,0.8119614422472711
COD10K-CAM-3-Flying-59-Grasshopper-3706,0.029063915833830833,0.5022808674535537,0.04469516636921732,0.34087278531464227
COD10K-CAM-3-Flying-59-Grasshopper-3707,0.03713535517454147,0.7388509849772582,0.403731656051931,0.7959330823922499
COD10K-CAM-3-Flying-59-Grasshopper-3708,0.04602961242198944,0.6512463277773337,0.30210279687961844,0.8459551824392699
COD10K-CAM-3-Flying-59-Grasshopper-3710,0.06280913203954697,0.7652929844471243,0.4051730954297742,0.6783367682377277
COD10K-CAM-3-Flying-59-Grasshopper-3711,0.056749869138002396,0.546296941574396,0.08288819017379959,0.70655546966103
COD10K-CAM-3-Flying-59-Grasshopper-3712,0.05108318477869034,0.7166872422177235,0.36355956810277656,0.826683769172637
COD10K-CAM-3-Flying-59-Grasshopper-3714,0.02502293884754181,0.4878557086761291,0.01105607652795594,0.2937649025337038
COD10K-CAM-3-Flying-59-Grasshopper-3719,0.017449041828513145,0.5439804363649503,0.13208955943034664,0.4161950225993765
COD10K-CAM-3-Flying-59-Grasshopper-3720,0.06230592727661133,0.8260690394468337,0.5831868224309833,0.8857714998207626
COD10K-CAM-3-Flying-59-Grasshopper-3726,0.06596212834119797,0.8089594306667318,0.7052117455936484,0.8704670976460939
COD10K-CAM-3-Flying-59-Grasshopper-3727,0.05472926050424576,0.6730044367389656,0.26658438731796463,0.7886934338774438
COD10K-CAM-3-Flying-59-Grasshopper-3729,0.10137682408094406,0.5916553174303391,0.286290017325483,0.7420107764226028
COD10K-CAM-3-Flying-59-Grasshopper-3732,0.019221695140004158,0.6789880103637447,0.24134878557621856,0.7146185655000445
COD10K-CAM-3-Flying-59-Grasshopper-3733,0.08425047993659973,0.5538025034443927,0.06122664614523399,0.4712198067173032
COD10K-CAM-3-Flying-59-Grasshopper-3734,0.07550536096096039,0.7234949041844232,0.4589823866038818,0.849334795777801
COD10K-CAM-3-Flying-59-Grasshopper-3736,0.04828084632754326,0.898192325408792,0.7441801518692008,0.9180671963467457
COD10K-CAM-3-Flying-59-Grasshopper-3737,0.03947576880455017,0.7474635806664569,0.3668804747182093,0.8338847330277526
COD10K-CAM-3-Flying-59-Grasshopper-3740,0.08164867758750916,0.7789817176891537,0.5525933388841358,0.8360998975023228
COD10K-CAM-3-Flying-59-Grasshopper-3741,0.07813328504562378,0.758037393737305,0.5493418787092068,0.8284718280636378
COD10K-CAM-3-Flying-59-Grasshopper-3744,0.06766466051340103,0.4693612521421194,0.016343049056082477,0.5910250198655842
COD10K-CAM-3-Flying-59-Grasshopper-3745,0.0816088616847992,0.8750473427857567,0.8197230159446663,0.8532218532154907
COD10K-CAM-3-Flying-59-Grasshopper-3747,0.05133019760251045,0.46538488906433834,0.0007488403874569144,0.318803579691024
COD10K-CAM-3-Flying-59-Grasshopper-3756,0.055131927132606506,0.5256906335113009,0.09046157043619261,0.4390438208160394
COD10K-CAM-3-Flying-59-Grasshopper-3758,0.10580120980739594,0.6737363648801963,0.3454944407537349,0.6634172003027468
COD10K-CAM-3-Flying-59-Grasshopper-3759,0.021390942856669426,0.5661046490067064,0.05667487842269,0.42525706615160697
COD10K-CAM-3-Flying-59-Grasshopper-3760,0.05585259199142456,0.8199016271037121,0.6449803867987252,0.8062885331779079
COD10K-CAM-3-Flying-59-Grasshopper-3761,0.056154124438762665,0.519630981080125,0.1070086282506459,0.6813216253396263
COD10K-CAM-3-Flying-59-Grasshopper-3762,0.06736131757497787,0.8544023740122035,0.7409207984037764,0.8520226439217764
COD10K-CAM-3-Flying-59-Grasshopper-3764,0.1572239249944687,0.6255384023542538,0.3564458180434997,0.7814275572853373
COD10K-CAM-3-Flying-59-Grasshopper-3768,0.07767683267593384,0.7577307063990735,0.4734681825087277,0.8393703300504882
COD10K-CAM-3-Flying-59-Grasshopper-3769,0.021431144326925278,0.5813862443610621,0.0683867997790359,0.6890543772246911
COD10K-CAM-3-Flying-59-Grasshopper-3771,0.07687696814537048,0.4744460616337495,0.04621927241582937,0.7882574343679936
COD10K-CAM-3-Flying-59-Grasshopper-3772,0.042292021214962006,0.6236566324987018,0.17649247663747702,0.727421175858677
COD10K-CAM-3-Flying-59-Grasshopper-3773,0.06536556035280228,0.6952327949249366,0.2504826678074004,0.7299527441456775
COD10K-CAM-3-Flying-59-Grasshopper-3775,0.019054153934121132,0.5898013507864182,0.10972376496303068,0.7355291887817866
COD10K-CAM-3-Flying-59-Grasshopper-3776,0.053267452865839005,0.6913057740157532,0.45034500063322885,0.7466915017253868
COD10K-CAM-3-Flying-59-Grasshopper-3777,0.05618802458047867,0.5448785823196438,0.05197249649375134,0.40762859412070573
COD10K-CAM-3-Flying-59-Grasshopper-3778,0.12840692698955536,0.56257718259651,0.09648125500287864,0.47957005533391994
COD10K-CAM-3-Flying-59-Grasshopper-3780,0.14245471358299255,0.4736468722828825,0.2703601819859397,0.4462685004740612
COD10K-CAM-3-Flying-59-Grasshopper-3784,0.03600442409515381,0.4874800310545477,0.027584618219630246,0.5247487389024965
COD10K-CAM-3-Flying-59-Grasshopper-3786,0.04681963846087456,0.7875764197588019,0.7234576132441827,0.9208645484292379
COD10K-CAM-3-Flying-59-Grasshopper-3788,0.010670388117432594,0.7385328801390013,0.1953464022413974,0.5808536127249161
COD10K-CAM-3-Flying-59-Grasshopper-3790,0.10532557219266891,0.7250735823920633,0.3448763327584772,0.7592738812754698
COD10K-CAM-3-Flying-59-Grasshopper-3792,0.04328467696905136,0.5337409873285576,0.07267263540649005,0.42533047701607296
COD10K-CAM-3-Flying-59-Grasshopper-3795,0.04807772487401962,0.6781173543514017,0.313153228138329,0.8111127217011749
COD10K-CAM-3-Flying-59-Grasshopper-3796,0.06094496324658394,0.5463834352843835,0.08643344363909292,0.5409809375897132
COD10K-CAM-3-Flying-59-Grasshopper-3799,0.06664810329675674,0.664947659470894,0.41427314396890375,0.656244406655906
COD10K-CAM-3-Flying-59-Grasshopper-3802,0.02169395424425602,0.5940689328285059,0.18547952913157467,0.58198819458344
COD10K-CAM-3-Flying-59-Grasshopper-3804,0.07302284985780716,0.798900457501595,0.6646010611694798,0.8891335071437743
COD10K-CAM-3-Flying-59-Grasshopper-3808,0.0441424697637558,0.9005651863816668,0.7935365944007593,0.9205286204875701
COD10K-CAM-3-Flying-59-Grasshopper-3810,0.08901341259479523,0.7629141626134848,0.5768694925068825,0.8029060989196974
COD10K-CAM-3-Flying-59-Grasshopper-3811,0.0867251604795456,0.6796474452191812,0.43129658230603884,0.7318385168345092
COD10K-CAM-3-Flying-59-Grasshopper-3813,0.06738241761922836,0.8570895847121927,0.6975160516353962,0.8053313753669986
COD10K-CAM-3-Flying-59-Grasshopper-3814,0.07437680661678314,0.8027331105900561,0.7760412586707685,0.8266927909568567
COD10K-CAM-3-Flying-59-Grasshopper-3815,0.0841444879770279,0.6179398870899414,0.15715877009942242,0.5468077015751686
COD10K-CAM-3-Flying-59-Grasshopper-3818,0.05207184702157974,0.8947049549200723,0.7356296323321677,0.9030671220799902
COD10K-CAM-3-Flying-59-Grasshopper-3820,0.01428575161844492,0.7809751141277698,0.39585928920509417,0.8725277471404846
COD10K-CAM-3-Flying-59-Grasshopper-3824,0.07766446471214294,0.8029525378535999,0.7740180688959619,0.8266964298196844
COD10K-CAM-3-Flying-59-Grasshopper-3825,0.06188759580254555,0.6565132678808232,0.20327520893993695,0.7274296878031972
COD10K-CAM-3-Flying-59-Grasshopper-3828,0.1076366975903511,0.5974955799814031,0.3343616600932475,0.46234158966481975
COD10K-CAM-3-Flying-59-Grasshopper-3831,0.04825383052229881,0.7425221554220501,0.48485015785412433,0.7559412074135519
COD10K-CAM-3-Flying-59-Grasshopper-3834,0.03136858716607094,0.8811722216141034,0.6089062668318954,0.9213421887921627
COD10K-CAM-3-Flying-59-Grasshopper-3840,0.08869744092226028,0.8063674280355149,0.5551757240575717,0.8624299448325432
COD10K-CAM-3-Flying-59-Grasshopper-3845,0.06976808607578278,0.5944038959836925,0.22855289896992625,0.7420410225185256
COD10K-CAM-3-Flying-59-Grasshopper-3847,0.17783193290233612,0.4758238301440465,0.36817035995298764,0.5860372560294891
COD10K-CAM-3-Flying-59-Grasshopper-3849,0.055424198508262634,0.7095115107389433,0.40599880472775113,0.8874013436883023
COD10K-CAM-3-Flying-59-Grasshopper-3850,0.06798789650201797,0.6942477936847242,0.32220452105894637,0.842443270512244
COD10K-CAM-3-Flying-59-Grasshopper-3853,0.09280828386545181,0.5045323885925384,0.09841527731679718,0.786152449352512
COD10K-CAM-3-Flying-59-Grasshopper-3856,0.0950155258178711,0.7252392379716085,0.7138192771366791,0.7497461925982409
COD10K-CAM-3-Flying-59-Grasshopper-3857,0.05101357772946358,0.8016837971641291,0.5325969859976393,0.8856784265273334
COD10K-CAM-3-Flying-59-Grasshopper-3859,0.03362023085355759,0.9141654918212154,0.6346521709713059,0.916346186393727
COD10K-CAM-3-Flying-59-Grasshopper-3863,0.05117351934313774,0.7228892661253215,0.2622338310230065,0.7227818072381527
COD10K-CAM-3-Flying-59-Grasshopper-3866,0.04727569594979286,0.8630738058398787,0.7517837182165019,0.9095257083694004
COD10K-CAM-3-Flying-59-Grasshopper-3870,0.04076344147324562,0.9013194198714727,0.672361573364877,0.905750205244811
COD10K-CAM-3-Flying-59-Grasshopper-3872,0.05635843053460121,0.7416041804546236,0.42580976288077177,0.7977997289218148
COD10K-CAM-3-Flying-59-Grasshopper-3873,0.08299411088228226,0.7708602130520429,0.495907474567567,0.8414371089095596
COD10K-CAM-3-Flying-59-Grasshopper-3874,0.0683547630906105,0.832226947024698,0.6716699932310242,0.8450148174468601
COD10K-CAM-3-Flying-59-Grasshopper-3875,0.05151892080903053,0.874388930930825,0.6528242011911299,0.9007294825507647
COD10K-CAM-3-Flying-59-Grasshopper-3876,0.049075111746788025,0.7608159451315546,0.3930123066017552,0.7913575466254876
COD10K-CAM-3-Flying-59-Grasshopper-3877,0.07146536558866501,0.6858258702156801,0.4476576491120068,0.794748902677101
COD10K-CAM-3-Flying-59-Grasshopper-3880,0.034939493983983994,0.6953263893668837,0.16505117036598388,0.607881242186137
COD10K-CAM-3-Flying-60-Heron-3881,0.0245460644364357,0.47983583201349195,0.003700577476039842,0.5567224366343473
COD10K-CAM-3-Flying-60-Heron-3884,0.017082704231142998,0.6423667647344862,0.3306846380411032,0.7547907060645026
COD10K-CAM-3-Flying-60-Heron-3885,0.05074978247284889,0.4758274589336413,0.03622533514702448,0.506561702187742
COD10K-CAM-3-Flying-60-Heron-3886,0.03144878149032593,0.5367785318517824,0.039259395477458214,0.4959699507327161
COD10K-CAM-3-Flying-60-Heron-3888,0.024795377627015114,0.501800461361853,0.042970100942650066,0.2756491291628136
COD10K-CAM-3-Flying-60-Heron-3889,0.04464335739612579,0.5359656883480508,0.19910227135116157,0.5031644126907227
COD10K-CAM-3-Flying-60-Heron-3891,0.07476774603128433,0.549054436493034,0.041071088101338214,0.390964300344661
COD10K-CAM-3-Flying-60-Heron-3892,0.008563599549233913,0.5885517558297574,0.18634218413743134,0.8357151894055439
COD10K-CAM-3-Flying-60-Heron-3893,0.01999138668179512,0.5178367344899266,0.028935506161857368,0.3138321133792049
COD10K-CAM-3-Flying-60-Heron-3895,0.07868307828903198,0.6365213309917962,0.22169475032274424,0.6806249981261152
COD10K-CAM-3-Flying-60-Heron-3898,0.06280653178691864,0.7170373131622805,0.34437920010626316,0.8218595809868166
COD10K-CAM-3-Flying-60-Heron-3900,0.0732225701212883,0.4619516851474382,0.02497279583793388,0.34166095601151814
COD10K-CAM-3-Flying-60-Heron-3901,0.04294254630804062,0.6638268319875474,0.286673075387258,0.777271582456876
COD10K-CAM-3-Flying-60-Heron-3906,0.07129683345556259,0.6412905317586913,0.4084453626819311,0.47209598341996195
COD10K-CAM-3-Flying-60-Heron-3909,0.0753314271569252,0.5022256124750475,0.06900025281119031,0.7058915107981808
COD10K-CAM-3-Flying-60-Heron-3911,0.0184620413929224,0.5587324232184327,0.15838769708203498,0.6720027795477276
COD10K-CAM-3-Flying-60-Heron-3912,0.004646038170903921,0.49991334212099325,0.00077237705458115,0.25551979415860704
COD10K-CAM-3-Flying-60-Heron-3918,0.0407591313123703,0.6771469651227572,0.15342759126214273,0.6378099142234763
COD10K-CAM-3-Flying-60-Heron-3921,0.03852228820323944,0.5387808530709621,0.053463267928772845,0.4761696204636143
COD10K-CAM-3-Flying-60-Heron-3922,0.0336032435297966,0.5889160041728533,0.15408573482766258,0.5692185728553549
COD10K-CAM-3-Flying-60-Heron-3925,0.05154166370630264,0.6286236822885352,0.15122217558350032,0.6463948205412288
COD10K-CAM-3-Flying-60-Heron-3927,0.025062672793865204,0.8363152667610301,0.35637713857355435,0.8142788957396253
COD10K-CAM-3-Flying-60-Heron-3928,0.09850439429283142,0.7226525949021698,0.2857105605769428,0.6890424676690556
COD10K-CAM-3-Flying-61-Katydid-3939,0.11737270653247833,0.6244387051896843,0.2896916100405571,0.6728228528651243
COD10K-CAM-3-Flying-61-Katydid-3942,0.0624241903424263,0.7550179278570803,0.6787808228129206,0.8085123675190151
COD10K-CAM-3-Flying-61-Katydid-3949,0.12013090401887894,0.4375976024880069,0.019766115850384132,0.5737199253925542
COD10K-CAM-3-Flying-61-Katydid-3950,0.0664556547999382,0.8443290246585369,0.7641840304763432,0.8526806606641667
COD10K-CAM-3-Flying-61-Katydid-3951,0.051649268716573715,0.8282689739820428,0.6154746590350318,0.8979355593329867
COD10K-CAM-3-Flying-61-Katydid-3952,0.14461509883403778,0.5910634150202112,0.33427038146067406,0.7958688528411011
COD10K-CAM-3-Flying-61-Katydid-3956,0.07053309679031372,0.8090566324509301,0.723305769643892,0.8623117841579262
COD10K-CAM-3-Flying-61-Katydid-3958,0.06850770860910416,0.5238052357920233,0.1030163518769003,0.5597308691708998
COD10K-CAM-3-Flying-61-Katydid-3962,0.15616033971309662,0.6389614302952387,0.5866876746398422,0.5857451231389293
COD10K-CAM-3-Flying-61-Katydid-3964,0.12001083046197891,0.552697930785055,0.2795206874497737,0.6010810432733674
COD10K-CAM-3-Flying-61-Katydid-3965,0.134571835398674,0.696334288783937,0.5318802771731278,0.7610206829911819
COD10K-CAM-3-Flying-61-Katydid-3968,0.11449114978313446,0.6168100101190328,0.23558626008612632,0.7384669745911854
COD10K-CAM-3-Flying-61-Katydid-3971,0.17337918281555176,0.6733521191777863,0.7318947686793772,0.6824839703451587
COD10K-CAM-3-Flying-61-Katydid-3976,0.10215272754430771,0.6431087107443586,0.2773537139154298,0.763716062961855
COD10K-CAM-3-Flying-61-Katydid-3979,0.0913994312286377,0.8548114428046198,0.7870490088287949,0.8197625643182118
COD10K-CAM-3-Flying-61-Katydid-3980,0.1615155190229416,0.4899970810192699,0.2718139995655901,0.44321065229252
COD10K-CAM-3-Flying-61-Katydid-3982,0.05466379597783089,0.6617442756178906,0.36129634225028284,0.8797112066664188
COD10K-CAM-3-Flying-61-Katydid-3983,0.06816408783197403,0.6702510181057553,0.4358758072053753,0.7625334445032915
COD10K-CAM-3-Flying-61-Katydid-3987,0.09295518696308136,0.7418412224149529,0.6274026057893324,0.7975968648557772
COD10K-CAM-3-Flying-61-Katydid-3988,0.07086873054504395,0.4581763531454052,0.014791626806938891,0.6359898013694218
COD10K-CAM-3-Flying-61-Katydid-3990,0.08725051581859589,0.4274086264598238,0.008085644072550831,0.6348262769448534
COD10K-CAM-3-Flying-61-Katydid-3993,0.029020674526691437,0.906576326769575,0.7260588126329252,0.9422599628179261
COD10K-CAM-3-Flying-61-Katydid-3994,0.10146139562129974,0.6276852859785923,0.25630926678594795,0.6532167212215653
COD10K-CAM-3-Flying-61-Katydid-4003,0.08350973576307297,0.7145963072401073,0.47682548203609504,0.8474407276480358
COD10K-CAM-3-Flying-61-Katydid-4004,0.08229366689920425,0.45772247508524505,0.005541373521314276,0.530898470705992
COD10K-CAM-3-Flying-61-Katydid-4006,0.04936377331614494,0.533969430265264,0.20454067723040226,0.7286572483849263
COD10K-CAM-3-Flying-61-Katydid-4008,0.1268487572669983,0.6087942942209772,0.42989619083620295,0.6494768458890622
COD10K-CAM-3-Flying-61-Katydid-4014,0.049380842596292496,0.466799939024069,0.03609535881125182,0.3705404470066347
COD10K-CAM-3-Flying-61-Katydid-4016,0.12771929800510406,0.6671073516332844,0.4849591194693354,0.7295808551609354
COD10K-CAM-3-Flying-61-Katydid-4020,0.07246126234531403,0.8590322152768237,0.683646320409026,0.8870045546282044
COD10K-CAM-3-Flying-61-Katydid-4021,0.10086105018854141,0.525359437340912,0.21179865913965612,0.8012091264602923
COD10K-CAM-3-Flying-61-Katydid-4022,0.08027081191539764,0.7288515705343294,0.4439343355490432,0.842174800829079
COD10K-CAM-3-Flying-61-Katydid-4023,0.11648155003786087,0.7087764506949215,0.42676522022268815,0.8212439988030598
COD10K-CAM-3-Flying-61-Katydid-4025,0.079439178109169,0.8548514470084593,0.6841534678605247,0.8688521453833713
COD10K-CAM-3-Flying-61-Katydid-4027,0.051575783640146255,0.8467718673802687,0.5673085983851572,0.8824345718198918
COD10K-CAM-3-Flying-61-Katydid-4035,0.06785262376070023,0.6972767367327909,0.5000733597219306,0.6729905909985678
COD10K-CAM-3-Flying-61-Katydid-4037,0.04650810360908508,0.7910833745647147,0.40868467626874494,0.8010954409050983
COD10K-CAM-3-Flying-61-Katydid-4042,0.037380654364824295,0.6152611765418565,0.1958080230675949,0.7378913154324812
COD10K-CAM-3-Flying-61-Katydid-4045,0.06491713970899582,0.7716905805209126,0.5853529983540063,0.8696694698669158
COD10K-CAM-3-Flying-61-Katydid-4047,0.043010413646698,0.7036496744601624,0.3275286236709964,0.8082375398986656
COD10K-CAM-3-Flying-61-Katydid-4051,0.06297263503074646,0.7191500106125062,0.4600901760406913,0.8567445791245067
COD10K-CAM-3-Flying-61-Katydid-4054,0.17927753925323486,0.5821740115850124,0.5568461801766295,0.5593110497185659
COD10K-CAM-3-Flying-61-Katydid-4059,0.09197395294904709,0.4677166994709065,0.04313948619300128,0.6685822399502576
COD10K-CAM-3-Flying-61-Katydid-4060,0.07151589542627335,0.852425464788529,0.7397305297975999,0.8545300897222832
COD10K-CAM-3-Flying-61-Katydid-4062,0.10539445281028748,0.6672429457468351,0.373561870134078,0.7430156032960655
COD10K-CAM-3-Flying-61-Katydid-4063,0.0725441724061966,0.5726458308272013,0.21856744760759544,0.8323627039969673
COD10K-CAM-3-Flying-61-Katydid-4064,0.04679224267601967,0.7842011815657348,0.5062803344748977,0.9098074090767587
COD10K-CAM-3-Flying-61-Katydid-4068,0.062227774411439896,0.7879873806415271,0.5657729029169717,0.7918560838854087
COD10K-CAM-3-Flying-61-Katydid-4073,0.028076261281967163,0.46988378463186814,4.8120890590374966e-05,0.26265425323065195
COD10K-CAM-3-Flying-61-Katydid-4074,0.10418336093425751,0.6219362686108268,0.18749781516824923,0.5912954540563903
COD10K-CAM-3-Flying-61-Katydid-4075,0.054289039224386215,0.5614332569175994,0.1280256963191441,0.5749546436299875
COD10K-CAM-3-Flying-61-Katydid-4077,0.0446249283850193,0.590037952589673,0.07519268260201836,0.5160740898658689
COD10K-CAM-3-Flying-61-Katydid-4080,0.14130394160747528,0.4440627680706433,0.009791625428120192,0.2986339838588844
COD10K-CAM-3-Flying-61-Katydid-4082,0.0802864283323288,0.8173154890543769,0.5794986573617726,0.8717517401912807
COD10K-CAM-3-Flying-61-Katydid-4085,0.08512556552886963,0.7616250268547577,0.5343862429426093,0.8580439689406452
COD10K-CAM-3-Flying-61-Katydid-4086,0.08236908167600632,0.8200296756011505,0.6432636747229038,0.885260001770825
COD10K-CAM-3-Flying-61-Katydid-4087,0.060619041323661804,0.8213409513637393,0.7466722671036956,0.8655773730511128
COD10K-CAM-3-Flying-61-Katydid-4091,0.041503649204969406,0.6644648078740237,0.171965789139452,0.70285331086372
COD10K-CAM-3-Flying-61-Katydid-4093,0.06992977112531662,0.8241179095889,0.6371763810558392,0.8735693975899183
COD10K-CAM-3-Flying-61-Katydid-4094,0.1046292632818222,0.654294646606471,0.33358818438087495,0.7989512742733971
COD10K-CAM-3-Flying-61-Katydid-4101,0.05119668319821358,0.8241222843521623,0.630161973533192,0.8564246711868729
COD10K-CAM-3-Flying-61-Katydid-4102,0.050435978919267654,0.5017608127056988,0.0283946593336942,0.5118227077785564
COD10K-CAM-3-Flying-61-Katydid-4107,0.05770076438784599,0.6292882534113559,0.23651487197557633,0.8006018357596395
COD10K-CAM-3-Flying-61-Katydid-4108,0.06333764642477036,0.7544119444316582,0.41643017597544135,0.8298403594001691
COD10K-CAM-3-Flying-61-Katydid-4110,0.13494201004505157,0.5240887526290143,0.3589973762501559,0.4173801845137023
COD10K-CAM-3-Flying-61-Katydid-4111,0.10700608044862747,0.5224306765900902,0.10001833646615745,0.48224435830094814
COD10K-CAM-3-Flying-61-Katydid-4112,0.053316690027713776,0.6773682054035586,0.3402408553548833,0.857164579691749
COD10K-CAM-3-Flying-61-Katydid-4115,0.19937242567539215,0.6291316095616525,0.5697955929230835,0.5395655645796641
COD10K-CAM-3-Flying-61-Katydid-4117,0.05939275026321411,0.5445193085359941,0.11908396218956967,0.4874453762215908
COD10K-CAM-3-Flying-61-Katydid-4118,0.17258107662200928,0.6109472279896204,0.5477087528109579,0.6008700974835323
COD10K-CAM-3-Flying-61-Katydid-4121,0.0636545866727829,0.45653412121175857,0.005862023073241993,0.7142204719286442
COD10K-CAM-3-Flying-61-Katydid-4122,0.05909012630581856,0.5626958320157738,0.10103709558862763,0.5138441777258037
COD10K-CAM-3-Flying-61-Katydid-4125,0.038854341953992844,0.6815242581296096,0.42195742092930844,0.8830193542705856
COD10K-CAM-3-Flying-61-Katydid-4126,0.06712967902421951,0.45258370454471186,0.00042013992210910965,0.4747123087667671
COD10K-CAM-3-Flying-61-Katydid-4130,0.1034935712814331,0.682396737237712,0.5286515090771067,0.7295642401871025
COD10K-CAM-3-Flying-61-Katydid-4131,0.0765567496418953,0.8336305923841858,0.7563139761930213,0.8315242791110344
COD10K-CAM-3-Flying-61-Katydid-4133,0.0773763507604599,0.806975705568791,0.7137369598548474,0.8433385228669418
COD10K-CAM-3-Flying-61-Katydid-4141,0.12933538854122162,0.6579093332365449,0.35391035642921614,0.787987124852817
COD10K-CAM-3-Flying-61-Katydid-4142,0.04659460484981537,0.7420697848627813,0.44617320863478355,0.8731898635854609
COD10K-CAM-3-Flying-61-Katydid-4144,0.12124522775411606,0.6303680335357537,0.4073574409607294,0.788111938645216
COD10K-CAM-3-Flying-61-Katydid-4145,0.06970293819904327,0.7322486189581504,0.4450255295951688,0.8517260965622016
COD10K-CAM-3-Flying-61-Katydid-4147,0.12452758103609085,0.6830506421362542,0.3613506071630125,0.7142493128164086
COD10K-CAM-3-Flying-61-Katydid-4153,0.06616255640983582,0.5585296308209029,0.13325209541865798,0.6232960245438819
COD10K-CAM-3-Flying-61-Katydid-4154,0.14776426553726196,0.6578966701783922,0.7399280817895942,0.6563167390062448
COD10K-CAM-3-Flying-61-Katydid-4155,0.06816472113132477,0.799682547973644,0.7084494005060192,0.8575191108698812
COD10K-CAM-3-Flying-61-Katydid-4156,0.07227766513824463,0.6530261629588159,0.3971464641407174,0.6447198556829623
COD10K-CAM-3-Flying-61-Katydid-4159,0.0664040595293045,0.6272415903157007,0.3899097054121024,0.6898858707477755
COD10K-CAM-3-Flying-61-Katydid-4160,0.06407041102647781,0.8414392365049713,0.6519079372837393,0.9082160715837873
COD10K-CAM-3-Flying-61-Katydid-4161,0.0770077109336853,0.7606922126262512,0.4684076288616155,0.8581696543392636
COD10K-CAM-3-Flying-61-Katydid-4162,0.12458910048007965,0.49012155706208926,0.15570545072108125,0.7672893647363364
COD10K-CAM-3-Flying-61-Katydid-4166,0.0744563490152359,0.7357498405706902,0.4638411872296054,0.841360687741957
COD10K-CAM-3-Flying-61-Katydid-4167,0.06685767322778702,0.8204073722940977,0.6843481789064934,0.8594351914621108
COD10K-CAM-3-Flying-61-Katydid-4173,0.03963074833154678,0.7468515675209892,0.5354364399208453,0.7970721485122907
COD10K-CAM-3-Flying-61-Katydid-4174,0.04301514849066734,0.4829317914075404,0.006183491785321276,0.48694395936873763
COD10K-CAM-3-Flying-61-Katydid-4176,0.05065353587269783,0.7489498898905547,0.541617196190404,0.8214713268215043
COD10K-CAM-3-Flying-61-Katydid-4177,0.11132865399122238,0.44163644573505423,0.041072719368484376,0.8344947075580336
COD10K-CAM-3-Flying-61-Katydid-4180,0.10744720697402954,0.46150255632994513,0.04573643147205636,0.7317893465101366
COD10K-CAM-3-Flying-61-Katydid-4189,0.0899396762251854,0.6969530216132908,0.31108577648245744,0.7365687563546794
COD10K-CAM-3-Flying-61-Katydid-4191,0.12443063408136368,0.7265229175848753,0.6265023988154389,0.7038988929030832
COD10K-CAM-3-Flying-61-Katydid-4193,0.10144883394241333,0.8314744845419113,0.6833247838902228,0.8729656063775812
COD10K-CAM-3-Flying-61-Katydid-4196,0.14008185267448425,0.47031142431979206,0.14270475112428338,0.48046677902219875
COD10K-CAM-3-Flying-61-Katydid-4198,0.15935172140598297,0.6352468553854036,0.42925640904716444,0.7075156597685781
COD10K-CAM-3-Flying-61-Katydid-4201,0.04510987550020218,0.7929194006107926,0.5517677748429995,0.8122079636090406
COD10K-CAM-3-Flying-61-Katydid-4203,0.07319679111242294,0.5847541702200101,0.16779978347249838,0.7674982387042175
COD10K-CAM-3-Flying-61-Katydid-4204,0.06940010190010071,0.6914209464685546,0.2940537039215512,0.7902517729487347
COD10K-CAM-3-Flying-61-Katydid-4205,0.10008632391691208,0.4514576641956654,0.04387729879634295,0.6075633200426556
COD10K-CAM-3-Flying-61-Katydid-4206,0.037967488169670105,0.476905619601527,0.01839966072069646,0.31961481570416395
COD10K-CAM-3-Flying-61-Katydid-4209,0.0497613325715065,0.7487135325437764,0.35771376638606034,0.8384873891422084
COD10K-CAM-3-Flying-61-Katydid-4215,0.06479040533304214,0.6673722281051158,0.5334099006668991,0.6621409254382038
COD10K-CAM-3-Flying-61-Katydid-4216,0.1257011890411377,0.43790989762754173,0.009676280981856878,0.3087089815185315
COD10K-CAM-3-Flying-61-Katydid-4218,0.02600352093577385,0.756994031341646,0.46905178980496887,0.8520507184225687
COD10K-CAM-3-Flying-61-Katydid-4219,0.09915899485349655,0.7739570321388884,0.5717970372817754,0.8418597581755627
COD10K-CAM-3-Flying-61-Katydid-4220,0.03338349238038063,0.664444834760225,0.19155246554897332,0.6730997499606657
COD10K-CAM-3-Flying-61-Katydid-4221,0.027929041534662247,0.5349779312997486,0.08050858831421344,0.3169683049032609
COD10K-CAM-3-Flying-61-Katydid-4222,0.02810552902519703,0.5073866254585662,0.040294596810153925,0.3612216678080079
COD10K-CAM-3-Flying-61-Katydid-4224,0.20670388638973236,0.5161593285002968,0.07145337153723089,0.4132943408369658
COD10K-CAM-3-Flying-61-Katydid-4225,0.08939792960882187,0.6405242852234325,0.2810065848172793,0.8003982932211479
COD10K-CAM-3-Flying-61-Katydid-4228,0.04859880730509758,0.9345948161048625,0.8173757771572766,0.9175992117961458
COD10K-CAM-3-Flying-61-Katydid-4229,0.11096815019845963,0.7181183808189654,0.3964382276365038,0.7530034236557586
COD10K-CAM-3-Flying-61-Katydid-4230,0.08156492561101913,0.7916417313286142,0.5128129851398646,0.8596968869405865
COD10K-CAM-3-Flying-61-Katydid-4231,0.06541930884122849,0.7617027230266874,0.415648225674808,0.8367884488005339
COD10K-CAM-3-Flying-61-Katydid-4232,0.0807512030005455,0.7807068820731651,0.6334256669589158,0.8436091464535712
COD10K-CAM-3-Flying-61-Katydid-4234,0.08447587490081787,0.7020142900344757,0.4049076996070272,0.8364858557426408
COD10K-CAM-3-Flying-61-Katydid-4237,0.06757384538650513,0.7111009174720742,0.5133557677758687,0.8091989037115845
COD10K-CAM-3-Flying-61-Katydid-4238,0.16631171107292175,0.41926456338291607,0.0664967266972205,0.6874713468225642
COD10K-CAM-3-Flying-61-Katydid-4240,0.10723086446523666,0.5626326420752417,0.18051342110590807,0.5927361804170768
COD10K-CAM-3-Flying-61-Katydid-4241,0.08958034962415695,0.8041688487441297,0.7718166035529159,0.8194430534284197
COD10K-CAM-3-Flying-61-Katydid-4242,0.04291525483131409,0.7562955724384811,0.5737034856726827,0.828521915246637
COD10K-CAM-3-Flying-61-Katydid-4244,0.08726368844509125,0.7443138365073083,0.5040963965736581,0.7855506326761414
COD10K-CAM-3-Flying-62-Mantis-4245,0.10788844525814056,0.5009161515457754,0.11080588730613448,0.46589472167599905
COD10K-CAM-3-Flying-62-Mantis-4247,0.06496469676494598,0.6352351079536078,0.16345372695082816,0.6585363441948529
COD10K-CAM-3-Flying-62-Mantis-4248,0.08263590186834335,0.5945744060847816,0.18203260962614456,0.6564803187813164
COD10K-CAM-3-Flying-62-Mantis-4253,0.1263933628797531,0.4733426179398607,0.10645027661141752,0.7011380066189541
COD10K-CAM-3-Flying-62-Mantis-4255,0.11401937901973724,0.4892250654696927,0.10528916196456894,0.4692830482578818
COD10K-CAM-3-Flying-62-Mantis-4256,0.04543096944689751,0.6821405868107102,0.4303324319060679,0.7708833286662471
COD10K-CAM-3-Flying-62-Mantis-4258,0.12289271503686905,0.5509722041538982,0.3497303074508559,0.51960160024838
COD10K-CAM-3-Flying-62-Mantis-4262,0.03332411125302315,0.7014168571050003,0.21213453605264163,0.6951369201612683
COD10K-CAM-3-Flying-62-Mantis-4265,0.04548896104097366,0.5318889056218818,0.08504604858066561,0.5616443828690246
COD10K-CAM-3-Flying-62-Mantis-4268,0.08795920014381409,0.5794293904727992,0.0875797711594598,0.4774417023408107
COD10K-CAM-3-Flying-62-Mantis-4270,0.18937624990940094,0.4022821040422976,0.06656260352837323,0.6452333387752706
COD10K-CAM-3-Flying-62-Mantis-4272,0.10326845943927765,0.6704517561437249,0.5462090462151072,0.6992110755688354
COD10K-CAM-3-Flying-62-Mantis-4274,0.06955884397029877,0.769304565103657,0.4325715918308463,0.8082048589648254
COD10K-CAM-3-Flying-62-Mantis-4276,0.03703223541378975,0.6650055017166436,0.3938113528818113,0.7597715448371171
COD10K-CAM-3-Flying-62-Mantis-4278,0.07261050492525101,0.6642425122432657,0.29943705562322376,0.8434464528067738
COD10K-CAM-3-Flying-62-Mantis-4279,0.0844079852104187,0.6098482933586186,0.33967616329569406,0.8307898850497173
COD10K-CAM-3-Flying-62-Mantis-4281,0.21941542625427246,0.4943587723734491,0.45414785819879316,0.4546569293528405
COD10K-CAM-3-Flying-62-Mantis-4283,0.14747123420238495,0.6598762131807324,0.6147437384202905,0.650804224886061
COD10K-CAM-3-Flying-62-Mantis-4285,0.04624156281352043,0.642115913426005,0.2131123420441067,0.709235960787855
COD10K-CAM-3-Flying-62-Mantis-4287,0.06152231991291046,0.7405854049524484,0.30128055666567277,0.7322572028005203
COD10K-CAM-3-Flying-62-Mantis-4288,0.04050321504473686,0.7828251803249543,0.4765380987622738,0.8745696367157598
COD10K-CAM-3-Flying-62-Mantis-4296,0.03127995878458023,0.6477249643254874,0.20737090298006297,0.7511518181139532
COD10K-CAM-3-Flying-62-Mantis-4297,0.06023575738072395,0.6137469496068255,0.3139982640826684,0.7316286657226658
COD10K-CAM-3-Flying-62-Mantis-4301,0.06886126846075058,0.6789942556180906,0.3694411006153498,0.6338212976646347
COD10K-CAM-3-Flying-62-Mantis-4302,0.0695592537522316,0.7459083712742736,0.38715332155550686,0.8172591140774785
COD10K-CAM-3-Flying-62-Mantis-4307,0.12549792230129242,0.6191157699281168,0.5041106387517866,0.6098557020180387
COD10K-CAM-3-Flying-62-Mantis-4308,0.02840031497180462,0.5215359398153834,0.05149749341334912,0.4802513458960392
COD10K-CAM-3-Flying-62-Mantis-4310,0.028733989223837852,0.4944036078570009,0.03136902762650923,0.4357980138959342
COD10K-CAM-3-Flying-62-Mantis-4313,0.06597445160150528,0.6860539057373514,0.2854352644739738,0.7543774277208863
COD10K-CAM-3-Flying-62-Mantis-4314,0.07170803099870682,0.543851073562179,0.20665132179685325,0.8063857932851334
COD10K-CAM-3-Flying-62-Mantis-4315,0.0621529221534729,0.6925334512700476,0.37887580678344235,0.8223910694082001
COD10K-CAM-3-Flying-62-Mantis-4316,0.11433044821023941,0.6431975162345405,0.5446009787367964,0.6749608293154773
COD10K-CAM-3-Flying-62-Mantis-4319,0.08350279182195663,0.6796943466567308,0.46595025132468143,0.5854533050286769
COD10K-CAM-3-Flying-62-Mantis-4321,0.05681215971708298,0.6438081670495115,0.22597926205576593,0.6874151606546264
COD10K-CAM-3-Flying-62-Mantis-4325,0.0787280797958374,0.6569821123865782,0.27042824983946795,0.7762395006955161
COD10K-CAM-3-Flying-62-Mantis-4328,0.13441701233386993,0.5895878499176823,0.18957964391779628,0.5999576477151666
COD10K-CAM-3-Flying-62-Mantis-4330,0.05732889845967293,0.7648826067585923,0.5003200345305844,0.8383088851718182
COD10K-CAM-3-Flying-62-Mantis-4339,0.09288568049669266,0.6891429491422356,0.4814368840648447,0.7668923739758632
COD10K-CAM-3-Flying-62-Mantis-4341,0.05702569708228111,0.5169993145714304,0.049987578600597556,0.42444298187063945
COD10K-CAM-3-Flying-62-Mantis-4342,0.1362786889076233,0.5684540466210861,0.31768869757228374,0.5829254184755945
COD10K-CAM-3-Flying-62-Mantis-4344,0.06553640216588974,0.5778794152179966,0.3475312946170441,0.5126384192734382
COD10K-CAM-3-Flying-62-Mantis-4346,0.07185161113739014,0.7701244735642837,0.5822534756557278,0.6865289889616601
COD10K-CAM-3-Flying-62-Mantis-4347,0.05352507531642914,0.8172767655513402,0.4737304692536564,0.8407353524505413
COD10K-CAM-3-Flying-62-Mantis-4349,0.06971441954374313,0.6693626099862025,0.3549231766328521,0.6889673784196814
COD10K-CAM-3-Flying-62-Mantis-4350,0.16416601836681366,0.4092805768284979,0.0035144278214357875,0.45938637258467585
COD10K-CAM-3-Flying-62-Mantis-4355,0.07988938689231873,0.6162219788853271,0.36216351158213345,0.730307956554432
COD10K-CAM-3-Flying-62-Mantis-4358,0.08693768084049225,0.6732680239794853,0.3520338892722494,0.8314651685780302
COD10K-CAM-3-Flying-62-Mantis-4359,0.033588796854019165,0.6000121401479759,0.0495662559194381,0.5307832989481244
COD10K-CAM-3-Flying-62-Mantis-4360,0.08919814974069595,0.8045001843066084,0.764997322098348,0.7559907577716423
COD10K-CAM-3-Flying-62-Mantis-4361,0.032336000353097916,0.847662843761777,0.5007695247630954,0.835342226218895
COD10K-CAM-3-Flying-62-Mantis-4362,0.07234469801187515,0.8514928631807079,0.8118984576244369,0.8321379927734891
COD10K-CAM-3-Flying-62-Mantis-4363,0.042723044753074646,0.7794368571005421,0.4157382231269818,0.8726360726027638
COD10K-CAM-3-Flying-62-Mantis-4364,0.12168021500110626,0.6096339031183363,0.5406375136712064,0.5664524199432975
COD10K-CAM-3-Flying-62-Mantis-4372,0.1759324073791504,0.6383534889997649,0.5560413638819083,0.6382606881133426
COD10K-CAM-3-Flying-62-Mantis-4373,0.07123123854398727,0.4597301190008317,0.034737567654544846,0.7147805044198341
COD10K-CAM-3-Flying-62-Mantis-4375,0.08734066784381866,0.49473779804739826,0.15296027914304658,0.8307752333204362
COD10K-CAM-3-Flying-62-Mantis-4376,0.05974368005990982,0.8326457359780196,0.5774417258784404,0.8957941380965909
COD10K-CAM-3-Flying-62-Mantis-4378,0.12288014590740204,0.6957088760708985,0.41575150283834583,0.7513216880128933
COD10K-CAM-3-Flying-62-Mantis-4380,0.05099499225616455,0.6299359380910122,0.2703054160627494,0.869268338383152
COD10K-CAM-3-Flying-62-Mantis-4382,0.10165601223707199,0.4410023887115823,0.03435129770797327,0.7629842256730647
COD10K-CAM-3-Flying-62-Mantis-4384,0.0680578276515007,0.604040361773956,0.172980199698456,0.6680079853997896
COD10K-CAM-3-Flying-62-Mantis-4386,0.0581337995827198,0.7289493212819881,0.4951589403541685,0.687608317503558
COD10K-CAM-3-Flying-63-Mockingbird-4387,0.05970409885048866,0.6136908241257784,0.226422734495773,0.5673338313153926
COD10K-CAM-3-Flying-63-Mockingbird-4389,0.05461166799068451,0.5076601768521062,0.07156681266452007,0.43376658086718944
COD10K-CAM-3-Flying-63-Mockingbird-4392,0.04112846776843071,0.46969200021458174,0.0028637579156810325,0.3367030403203306
COD10K-CAM-3-Flying-63-Mockingbird-4403,0.04949092119932175,0.6676004212420856,0.20685021941199022,0.7269263483510586
COD10K-CAM-3-Flying-63-Mockingbird-4405,0.10520844161510468,0.5789204001406143,0.18748483149800999,0.5898178408875883
COD10K-CAM-3-Flying-63-Mockingbird-4406,0.030182158574461937,0.6968375473065251,0.193326034696375,0.6589304631230255
COD10K-CAM-3-Flying-63-Mockingbird-4407,0.06134850159287453,0.5893981191464865,0.16937796036596353,0.6270641974092872
COD10K-CAM-3-Flying-63-Mockingbird-4408,0.061083462089300156,0.5955874779307326,0.18979421390113033,0.6878063262948507
COD10K-CAM-3-Flying-63-Mockingbird-4409,0.049392517656087875,0.8885989649824155,0.7710517271775277,0.9047567847669311
COD10K-CAM-3-Flying-63-Mockingbird-4410,0.033120013773441315,0.4969639427934218,0.025858880206422987,0.45342204216204185
COD10K-CAM-3-Flying-63-Mockingbird-4414,0.035411473363637924,0.5634737413469316,0.1105495539771254,0.5194486539761632
COD10K-CAM-3-Flying-63-Mockingbird-4417,0.038018304854631424,0.5020883885931471,0.03598148639950573,0.4125534458670608
COD10K-CAM-3-Flying-63-Mockingbird-4426,0.021797088906168938,0.7157993624187515,0.16457488356970154,0.6621705841075851
COD10K-CAM-3-Flying-63-Mockingbird-4427,0.023181870579719543,0.7375383537440876,0.14826700333104414,0.7038205201500479
COD10K-CAM-3-Flying-64-Moth-4430,0.07096387445926666,0.7782857907646756,0.6656465156115561,0.8137254296259334
COD10K-CAM-3-Flying-64-Moth-4431,0.06584861874580383,0.8367801202478453,0.5531760536566642,0.8512343496764562
COD10K-CAM-3-Flying-64-Moth-4432,0.07255811989307404,0.7180625732244836,0.4891811097774618,0.8348638435337123
COD10K-CAM-3-Flying-64-Moth-4433,0.05988670140504837,0.8803043839270797,0.631862933690238,0.8755675974267766
COD10K-CAM-3-Flying-64-Moth-4443,0.07345777004957199,0.5621369502500343,0.2386135096709538,0.3951461411111251
COD10K-CAM-3-Flying-64-Moth-4444,0.0633007064461708,0.8608449817356851,0.6074978399642056,0.8745890826015765
COD10K-CAM-3-Flying-64-Moth-4446,0.1729111224412918,0.4434090866383882,0.09572864558612877,0.6756441954405631
COD10K-CAM-3-Flying-64-Moth-4447,0.04508945345878601,0.8829473541318036,0.7309848973550749,0.8991662119716417
COD10K-CAM-3-Flying-64-Moth-4448,0.2197418063879013,0.5934335549076839,0.4125696075514223,0.6723756543730418
COD10K-CAM-3-Flying-64-Moth-4450,0.1061878502368927,0.7286769761191821,0.5632572866466719,0.7287554541050404
COD10K-CAM-3-Flying-64-Moth-4452,0.1359400451183319,0.7516226584305159,0.7429913479572055,0.7181866500541008
COD10K-CAM-3-Flying-64-Moth-4453,0.3126787543296814,0.38649696764259583,0.2766559825847746,0.3184302048210832
COD10K-CAM-3-Flying-64-Moth-4454,0.07505828142166138,0.737034587009603,0.34274370982854796,0.760303698124402
COD10K-CAM-3-Flying-64-Moth-4455,0.055320702493190765,0.8468271178638108,0.7628286275778667,0.9105950561762862
COD10K-CAM-3-Flying-64-Moth-4457,0.14294560253620148,0.7341261333626479,0.7698111691534305,0.7303150011297275
COD10K-CAM-3-Flying-64-Moth-4460,0.0384141281247139,0.6634755407846556,0.29051259403627316,0.6676396201882702
COD10K-CAM-3-Flying-64-Moth-4461,0.07755070924758911,0.5320419431238691,0.2562566199548517,0.3636599111767124
COD10K-CAM-3-Flying-64-Moth-4467,0.10165804624557495,0.5838710872490734,0.2652216546074074,0.7379540442433221
COD10K-CAM-3-Flying-64-Moth-4469,0.10830508917570114,0.8530863801109527,0.8534708273038519,0.8239078620583854
COD10K-CAM-3-Flying-64-Moth-4471,0.14235341548919678,0.6000499998244145,0.27057612056789043,0.760460203296828
COD10K-CAM-3-Flying-64-Moth-4473,0.12222932279109955,0.7599633991905583,0.6268836793460782,0.7942798819232577
COD10K-CAM-3-Flying-64-Moth-4476,0.1646394431591034,0.5227066869340501,0.28500489708724547,0.6610191368239577
COD10K-CAM-3-Flying-64-Moth-4479,0.08048608899116516,0.6794653157321362,0.19039836805883578,0.6187346288422234
COD10K-CAM-3-Flying-64-Moth-4480,0.09349808096885681,0.48911609830397784,0.05828774561423696,0.5040221406423022
COD10K-CAM-3-Flying-64-Moth-4481,0.06429056823253632,0.6465636321819441,0.24012467643409593,0.6255061917283931
COD10K-CAM-3-Flying-64-Moth-4482,0.05291782319545746,0.7949854975397852,0.48995201238479047,0.843143931469299
COD10K-CAM-3-Flying-64-Moth-4483,0.04026777669787407,0.7712281122969358,0.49063203402982647,0.840586449050116
COD10K-CAM-3-Flying-64-Moth-4489,0.10472584515810013,0.6237133832133945,0.12589913678690912,0.566645927212952
COD10K-CAM-3-Flying-64-Moth-4491,0.17020462453365326,0.4214463681538523,0.09385524471849933,0.27113590942805077
COD10K-CAM-3-Flying-64-Moth-4499,0.10595760494470596,0.7682709069844599,0.643571162276423,0.7742059079488924
COD10K-CAM-3-Flying-64-Moth-4503,0.05598840489983559,0.8422357065166237,0.55036598543405,0.8712065728452671
COD10K-CAM-3-Flying-65-Owl-4510,0.06824941188097,0.8756634921590999,0.6822129619645588,0.8955116922015047
COD10K-CAM-3-Flying-65-Owl-4511,0.05322001874446869,0.6568573402297906,0.33149394117115244,0.6467852611066544
COD10K-CAM-3-Flying-65-Owl-4514,0.09843062609434128,0.8259399314287352,0.715369137774065,0.8539130118623531
COD10K-CAM-3-Flying-65-Owl-4515,0.11614049226045609,0.8245039446594875,0.8140074011838817,0.8034648111199302
COD10K-CAM-3-Flying-65-Owl-4517,0.05571684613823891,0.8847384764964106,0.860393770235257,0.9141844245347861
COD10K-CAM-3-Flying-65-Owl-4519,0.04318607226014137,0.5854900557218851,0.06375649095224453,0.48696800052078626
COD10K-CAM-3-Flying-65-Owl-4520,0.08529018610715866,0.4540145734505675,0.05351903785733908,0.6899750879112269
COD10K-CAM-3-Flying-65-Owl-4522,0.06247066706418991,0.7475831727098148,0.2551137061939363,0.6930071314424908
COD10K-CAM-3-Flying-65-Owl-4527,0.1654960662126541,0.5861162699015958,0.3100087727243466,0.769082196373484
COD10K-CAM-3-Flying-65-Owl-4528,0.0537879578769207,0.4648427278625549,0.013936901699069202,0.6461818264903685
COD10K-CAM-3-Flying-65-Owl-4529,0.0530754029750824,0.6043883464092148,0.24258080602545015,0.6289603904477501
COD10K-CAM-3-Flying-65-Owl-4530,0.11390016227960587,0.42670526143736265,0.01804833442656626,0.6822312804513284
COD10K-CAM-3-Flying-65-Owl-4531,0.08719592541456223,0.7653137700342527,0.6327981181487466,0.8541539395136097
COD10K-CAM-3-Flying-65-Owl-4533,0.020647265017032623,0.5351912195447956,0.048634768491036616,0.4692120612404195
COD10K-CAM-3-Flying-65-Owl-4534,0.06612809002399445,0.7037308470738741,0.3279707818866187,0.6988764161365455
COD10K-CAM-3-Flying-65-Owl-4535,0.06005381792783737,0.6019718101828612,0.28475299232635554,0.8314685538143765
COD10K-CAM-3-Flying-65-Owl-4536,0.09396533668041229,0.713377745982068,0.5589790284893379,0.7925354870515047
COD10K-CAM-3-Flying-65-Owl-4537,0.07434862852096558,0.5457044975104591,0.13557154686216027,0.7598307850062362
COD10K-CAM-3-Flying-65-Owl-4540,0.09108298271894455,0.4649423829287833,0.12165516082955236,0.29359909897031755
COD10K-CAM-3-Flying-65-Owl-4543,0.09472888708114624,0.7545274139165088,0.4805541457002317,0.7955399152960376
COD10K-CAM-3-Flying-65-Owl-4550,0.13809716701507568,0.460698389552605,0.27366592467364437,0.34278568767472606
COD10K-CAM-3-Flying-65-Owl-4553,0.051486678421497345,0.8290401004333081,0.6452008109004976,0.8786205719173334
COD10K-CAM-3-Flying-65-Owl-4555,0.11199568212032318,0.4352279482756825,0.02615101418892857,0.6878450826627958
COD10K-CAM-3-Flying-65-Owl-4556,0.05024542659521103,0.46344453732229035,0.0054094116829447245,0.7026699475827054
COD10K-CAM-3-Flying-65-Owl-4558,0.06107361614704132,0.5961532160136203,0.16368234189036868,0.5734663111043277
COD10K-CAM-3-Flying-65-Owl-4561,0.04969531670212746,0.6268675113730874,0.2565478432500715,0.6488020964707648
COD10K-CAM-3-Flying-65-Owl-4563,0.08105076849460602,0.8362697085789748,0.7165496947502397,0.8621462182279795
COD10K-CAM-3-Flying-65-Owl-4564,0.03252960368990898,0.5523782545542144,0.06158192207450133,0.5170734999501678
COD10K-CAM-3-Flying-65-Owl-4565,0.08062524348497391,0.4865415021018895,0.036287400601553645,0.5236175272375454
COD10K-CAM-3-Flying-65-Owl-4569,0.04942769929766655,0.6053875050871552,0.14064730379540077,0.5211044853215627
COD10K-CAM-3-Flying-65-Owl-4573,0.029826151207089424,0.6806651726936362,0.2892541281439205,0.8358103334852985
COD10K-CAM-3-Flying-65-Owl-4574,0.03810910880565643,0.6885024281823986,0.18636461738180457,0.6295496947943455
COD10K-CAM-3-Flying-65-Owl-4575,0.017052846029400826,0.782008661409473,0.39865796744458276,0.6372924993029498
COD10K-CAM-3-Flying-65-Owl-4577,0.03921230509877205,0.4833504105583674,0.03717936096243373,0.5201455888326134
COD10K-CAM-3-Flying-65-Owl-4578,0.046608444303274155,0.6187279341458154,0.11310966609356413,0.6058006675975007
COD10K-CAM-3-Flying-65-Owl-4580,0.07091731578111649,0.6408993183530562,0.2459273820383118,0.7565612139820924
COD10K-CAM-3-Flying-65-Owl-4584,0.1122848317027092,0.7862737518285363,0.5866062217316658,0.8133790792248236
COD10K-CAM-3-Flying-65-Owl-4586,0.10503169149160385,0.7871593595482573,0.5709627704167729,0.8460462759267015
COD10K-CAM-3-Flying-65-Owl-4587,0.04353800788521767,0.47696746399296935,0.006201118060278685,0.30465799114986336
COD10K-CAM-3-Flying-65-Owl-4588,0.06241660937666893,0.7618858414592631,0.4540518978968008,0.8457981726717956
COD10K-CAM-3-Flying-65-Owl-4591,0.11550624668598175,0.628031573622641,0.39307820222979484,0.8106288771225652
COD10K-CAM-3-Flying-65-Owl-4593,0.048152849078178406,0.7059723768284651,0.30278210904230207,0.7366732521243518
COD10K-CAM-3-Flying-65-Owl-4597,0.14496034383773804,0.6507956878300691,0.27973661295588825,0.6755288941881917
COD10K-CAM-3-Flying-65-Owl-4599,0.04968854412436485,0.8950192527620351,0.7524460423255217,0.9259194779276481
COD10K-CAM-3-Flying-65-Owl-4604,0.06928201764822006,0.5994545386003802,0.1701967869052476,0.5716714447933962
COD10K-CAM-3-Flying-65-Owl-4608,0.037324585020542145,0.930564307394905,0.7437715205930643,0.9300386306841014
COD10K-CAM-3-Flying-65-Owl-4609,0.07290204614400864,0.6008383658967837,0.16664419842464082,0.531126240840305
COD10K-CAM-3-Flying-65-Owl-4611,0.1751725822687149,0.7754288036102716,0.7353121254026559,0.7132374575651963
COD10K-CAM-3-Flying-65-Owl-4613,0.03693544864654541,0.7473897212068787,0.3527430869339539,0.7977434483492516
COD10K-CAM-3-Flying-65-Owl-4615,0.06437323242425919,0.7432996749995724,0.3842572389363096,0.7963174820816235
COD10K-CAM-3-Flying-65-Owl-4618,0.25997689366340637,0.434460175326656,0.3565505945435618,0.36561727346645134
COD10K-CAM-3-Flying-65-Owl-4620,0.07123225182294846,0.7030812564377673,0.36919178768261,0.8152793827436133
COD10K-CAM-3-Flying-65-Owl-4626,0.05491667613387108,0.5684329238115003,0.15865601393053008,0.5189593303833319
COD10K-CAM-3-Flying-65-Owl-4627,0.046489227563142776,0.6886590117029844,0.2908685204653317,0.6959462971811157
COD10K-CAM-3-Flying-65-Owl-4632,0.15823303163051605,0.753723108616496,0.8051318228720584,0.7116807553084699
COD10K-CAM-3-Flying-65-Owl-4633,0.05052188038825989,0.7275751627313191,0.30787244235485495,0.7607105275064078
COD10K-CAM-3-Flying-65-Owl-4635,0.06210263818502426,0.6390594548740562,0.45899190294723297,0.6715651377104812
COD10K-CAM-3-Flying-65-Owl-4638,0.1981361210346222,0.6914750724494914,0.7222932901368116,0.6503565597802523
COD10K-CAM-3-Flying-65-Owl-4640,0.06379232555627823,0.6175210890379188,0.38419001891306853,0.7024713073740843
COD10K-CAM-3-Flying-65-Owl-4641,0.10519947856664658,0.45195625982044363,0.04017022091399027,0.6912889094924899
COD10K-CAM-3-Flying-65-Owl-4644,0.037850625813007355,0.8147032820977449,0.5082495849992791,0.8640659681041382
COD10K-CAM-3-Flying-65-Owl-4645,0.12789882719516754,0.8000540021946267,0.7432930318637097,0.7775568243342212
COD10K-CAM-3-Flying-65-Owl-4646,0.02234814688563347,0.8831493702877744,0.5763197103658291,0.9015539238877497
COD10K-CAM-3-Flying-65-Owl-4647,0.09430178999900818,0.7926649955787688,0.5883038097197665,0.8341622269149348
COD10K-CAM-3-Flying-65-Owl-4648,0.1220732256770134,0.7316974159075227,0.6024294572806421,0.7376820030847984
COD10K-CAM-3-Flying-65-Owl-4650,0.062151528894901276,0.7506179614718019,0.4478806619130503,0.8525935709198248
COD10K-CAM-3-Flying-65-Owl-4654,0.04677027091383934,0.69195411400176,0.28721111043627484,0.7186890834616271
COD10K-CAM-3-Flying-65-Owl-4656,0.10502635687589645,0.5766526868090527,0.034158277584111885,0.36701759347163193
COD10K-CAM-3-Flying-65-Owl-4659,0.10910402238368988,0.81279544271322,0.7336471310553573,0.7742792170408519
COD10K-CAM-3-Flying-65-Owl-4660,0.0627945140004158,0.5256470940400273,0.09858066323984883,0.6382569041962164
COD10K-CAM-3-Flying-65-Owl-4662,0.050485625863075256,0.7327435983426409,0.3106478134459644,0.7542520445539314
COD10K-CAM-3-Flying-66-Owlfly-4666,0.18772734701633453,0.44448107613595256,0.1813635631274076,0.35829409560136
COD10K-CAM-3-Flying-66-Owlfly-4668,0.04996386915445328,0.895072747002152,0.7932888310563756,0.9220838622565735
COD10K-CAM-3-Flying-66-Owlfly-4669,0.27564018964767456,0.4462996181080306,0.24904144812289583,0.657063998301561
COD10K-CAM-3-Flying-66-Owlfly-4674,0.05901021882891655,0.9031403387298125,0.7738632119292849,0.9155290846960925
COD10K-CAM-3-Flying-66-Owlfly-4676,0.1317419707775116,0.6600241951002466,0.48029599748048246,0.8135804357690767
COD10K-CAM-3-Flying-66-Owlfly-4677,0.29423874616622925,0.5066044845532353,0.5787498084506247,0.48042024736881306
COD10K-CAM-4-Amphibian-67-Frog-4679,0.11514922231435776,0.5525163171424403,0.21169681956643582,0.6533347788420231
COD10K-CAM-4-Amphibian-67-Frog-4694,0.0557461641728878,0.8378631579155136,0.6268809271736415,0.9087183496584388
COD10K-CAM-4-Amphibian-67-Frog-4701,0.0769355371594429,0.8168613472125495,0.5483859294682656,0.8482521583427945
COD10K-CAM-4-Amphibian-67-Frog-4702,0.08651788532733917,0.6477716680985428,0.2827470316494868,0.818333910731369
COD10K-CAM-4-Amphibian-67-Frog-4706,0.09838365763425827,0.4630178635955382,0.11336929882561779,0.2837996380147201
COD10K-CAM-4-Amphibian-67-Frog-4707,0.08193102478981018,0.4477310045041889,0.0018109573062957786,0.497274341775136
COD10K-CAM-4-Amphibian-67-Frog-4711,0.08219946175813675,0.5438273496544898,0.12623587534556716,0.6424454628814564
COD10K-CAM-4-Amphibian-67-Frog-4714,0.03070133551955223,0.8477256726974663,0.5471879963640829,0.909888241954747
COD10K-CAM-4-Amphibian-67-Frog-4718,0.0600757971405983,0.7481284245577277,0.3777546919168862,0.7789141991008828
COD10K-CAM-4-Amphibian-67-Frog-4719,0.07285420596599579,0.518537252460818,0.1438942370795034,0.4908818167168941
COD10K-CAM-4-Amphibian-67-Frog-4721,0.027401236817240715,0.8553566716696859,0.5647537935069938,0.8906444146930235
COD10K-CAM-4-Amphibian-67-Frog-4728,0.036967188119888306,0.7164227429762222,0.3189666906757624,0.7482283884956096
COD10K-CAM-4-Amphibian-67-Frog-4729,0.11672919243574142,0.7876034618014878,0.6190768096374253,0.8235561431663301
COD10K-CAM-4-Amphibian-67-Frog-4732,0.058198317885398865,0.5951472581177102,0.1660810017308081,0.5665875986718201
COD10K-CAM-4-Amphibian-67-Frog-4733,0.0610288642346859,0.7063504649692217,0.29271747179082713,0.8131783906922503
COD10K-CAM-4-Amphibian-67-Frog-4738,0.05264795571565628,0.7496285508101896,0.5387668836814982,0.8568908104706534
COD10K-CAM-4-Amphibian-67-Frog-4739,0.04340771213173866,0.5714367783070867,0.12662153621017877,0.618024910682642
COD10K-CAM-4-Amphibian-67-Frog-4740,0.06143983453512192,0.7181714385089359,0.3488380485733309,0.8286297543982211
COD10K-CAM-4-Amphibian-67-Frog-4742,0.0856187641620636,0.4606229777209085,0.041842255747843386,0.7605754307830005
COD10K-CAM-4-Amphibian-67-Frog-4748,0.05439450219273567,0.8724006573271594,0.6819656947834623,0.8918013802574242
COD10K-CAM-4-Amphibian-67-Frog-4751,0.06737612187862396,0.8256572578966996,0.7847791219582443,0.8486605379266612
COD10K-CAM-4-Amphibian-67-Frog-4752,0.08662769198417664,0.8067633119924315,0.5913473060716433,0.8232941505582951
COD10K-CAM-4-Amphibian-67-Frog-4754,0.1551627814769745,0.6292846315846597,0.5002565456161442,0.6140190875749564
COD10K-CAM-4-Amphibian-67-Frog-4755,0.06944200396537781,0.5130496094376716,0.052458807786587784,0.5074415225727013
COD10K-CAM-4-Amphibian-67-Frog-4756,0.0470980666577816,0.5953960823129448,0.16944673801112006,0.6251121551849563
COD10K-CAM-4-Amphibian-67-Frog-4759,0.06505506485700607,0.49181818199218447,0.018590558952626415,0.39988985159358414
COD10K-CAM-4-Amphibian-67-Frog-4763,0.046205151826143265,0.7453886456842792,0.2552608265355878,0.7753829015761626
COD10K-CAM-4-Amphibian-67-Frog-4764,0.11561129987239838,0.678707139977033,0.24251411868454023,0.659340481963089
COD10K-CAM-4-Amphibian-67-Frog-4768,0.05929682031273842,0.6743513379114203,0.3033740471516915,0.7065240404673501
COD10K-CAM-4-Amphibian-67-Frog-4773,0.15039414167404175,0.3992484216607118,0.017824778632951052,0.6587981407138412
COD10K-CAM-4-Amphibian-67-Frog-4774,0.07559899985790253,0.7293938785198528,0.5235808575761566,0.8830136268128694
COD10K-CAM-4-Amphibian-67-Frog-4775,0.1444208323955536,0.56009650385459,0.295700054765756,0.6469246932502423
COD10K-CAM-4-Amphibian-67-Frog-4776,0.064360611140728,0.7935569880301548,0.5077200197452002,0.8584422492080641
COD10K-CAM-4-Amphibian-67-Frog-4777,0.03750712797045708,0.6738944475490465,0.19656663893754686,0.6957962464314741
COD10K-CAM-4-Amphibian-67-Frog-4781,0.06678086519241333,0.4891554012463746,0.09001848748913115,0.6572485174061123
COD10K-CAM-4-Amphibian-67-Frog-4782,0.08816812187433243,0.7582058159707958,0.606216830192268,0.7667793537848526
COD10K-CAM-4-Amphibian-67-Frog-4783,0.045029278844594955,0.7891219580291879,0.7411375761726064,0.812025171717278
COD10K-CAM-4-Amphibian-67-Frog-4784,0.05945234000682831,0.6125023697281218,0.18050037375354439,0.761161631551165
COD10K-CAM-4-Amphibian-67-Frog-4787,0.049953244626522064,0.9148532531767736,0.7049893636640029,0.8931652045429218
COD10K-CAM-4-Amphibian-67-Frog-4793,0.1155531257390976,0.7715320040690452,0.7857250229333842,0.7857222911466875
COD10K-CAM-4-Amphibian-67-Frog-4795,0.02657942846417427,0.8394354957991079,0.5365666967073948,0.9099910994277227
COD10K-CAM-4-Amphibian-67-Frog-4796,0.05642802640795708,0.4715042639166102,0.004640309120580254,0.4677686386257717
COD10K-CAM-4-Amphibian-67-Frog-4800,0.06273391842842102,0.45493689193714343,0.009210629504820314,0.7988028678655079
COD10K-CAM-4-Amphibian-67-Frog-4803,0.1279868632555008,0.5985782028627802,0.23001626552830234,0.7749485689913922
COD10K-CAM-4-Amphibian-68-Toad-4808,0.07807907462120056,0.45385193336165125,0.024551828897620132,0.7161335193098475
COD10K-CAM-4-Amphibian-68-Toad-4809,0.25562211871147156,0.6144077511135208,0.7330919435257374,0.5931980682875679
COD10K-CAM-4-Amphibian-68-Toad-4813,0.08893188834190369,0.48383143036964465,0.04748589234844116,0.6620442133185521
COD10K-CAM-4-Amphibian-68-Toad-4818,0.16261036694049835,0.6580397195971317,0.4537514814765495,0.776300133913679
COD10K-CAM-4-Amphibian-68-Toad-4821,0.06126192584633827,0.8358875207679641,0.6871584207254707,0.8885618818258545
COD10K-CAM-4-Amphibian-68-Toad-4826,0.0361977145075798,0.49787583429418925,0.015203119128671687,0.37749515895144115
COD10K-CAM-4-Amphibian-68-Toad-4828,0.07621143758296967,0.6927047650406226,0.4619978282524606,0.8285381407685823
COD10K-CAM-4-Amphibian-68-Toad-4831,0.06808965653181076,0.6949277831763117,0.3749521971026547,0.6779717005493071
COD10K-CAM-4-Amphibian-68-Toad-4836,0.05231025442481041,0.857990180513258,0.5543333019881127,0.8695458875632769
COD10K-CAM-4-Amphibian-68-Toad-4838,0.19636967778205872,0.42988067001071195,0.20746757127845158,0.3106741528436404
COD10K-CAM-4-Amphibian-68-Toad-4839,0.07997942715883255,0.6298661432766985,0.21837821455644488,0.7354932240837022
COD10K-CAM-4-Amphibian-68-Toad-4841,0.052985936403274536,0.5911576690759582,0.09912535482311843,0.4794884904290394
COD10K-CAM-4-Amphibian-68-Toad-4842,0.07289963960647583,0.5610489643641465,0.11601302786296004,0.49044789068598776
COD10K-CAM-4-Amphibian-68-Toad-4850,0.07389440387487411,0.5760495634524087,0.21302689303662073,0.7849323581128899
COD10K-CAM-4-Amphibian-68-Toad-4853,0.4041914939880371,0.4582444124076051,0.5303001797919461,0.40581384984007474
COD10K-CAM-4-Amphibian-68-Toad-4856,0.03914022073149681,0.8477570058100239,0.6289975304771405,0.9237843934228058
COD10K-CAM-4-Amphibian-68-Toad-4861,0.04836199805140495,0.8674502535583064,0.5947891204007772,0.8754831101822966
COD10K-CAM-4-Amphibian-68-Toad-4863,0.07047634571790695,0.5875268864895606,0.19037449567053685,0.578402634247939
COD10K-CAM-4-Amphibian-68-Toad-4867,0.06124430149793625,0.8615732201882501,0.6100227970066213,0.8835667207708648
COD10K-CAM-4-Amphibian-68-Toad-4872,0.10883861780166626,0.5909085884287333,0.13381636160070395,0.5004287960209215
COD10K-CAM-4-Amphibian-68-Toad-4873,0.0940292626619339,0.8477543796250537,0.8486092755508947,0.8478654394996687
COD10K-CAM-4-Amphibian-68-Toad-4876,0.09804847091436386,0.593386890617726,0.23560232395116876,0.5163750055941374
COD10K-CAM-4-Amphibian-68-Toad-4877,0.06095103919506073,0.704103713978161,0.34315028598651104,0.7646332927989967
COD10K-CAM-4-Amphibian-68-Toad-4881,0.0868091806769371,0.780081424564095,0.8061723894447849,0.7853824890922052
COD10K-CAM-4-Amphibian-68-Toad-4883,0.05000079423189163,0.5599170672356049,0.21313289280311418,0.8374793666304907
COD10K-CAM-4-Amphibian-68-Toad-4886,0.11014313250780106,0.5060790023304528,0.031657467932360905,0.3824765952880082
COD10K-CAM-4-Amphibian-68-Toad-4887,0.1923036277294159,0.6804502633647229,0.7531027682960215,0.6430073491222623
COD10K-CAM-4-Amphibian-68-Toad-4891,0.012196814641356468,0.5072794315246606,0.008858118463205287,0.3098879606790924
COD10K-CAM-4-Amphibian-68-Toad-4896,0.0839582309126854,0.8441621422065196,0.577416971742952,0.864732512487952
COD10K-CAM-4-Amphibian-68-Toad-4899,0.12244319915771484,0.5657951390833177,0.20131492539490506,0.7822452336712187
COD10K-CAM-4-Amphibian-68-Toad-4900,0.06759750843048096,0.7652048690208946,0.48003254902094766,0.8529799016961619
COD10K-CAM-4-Amphibian-68-Toad-4903,0.21126121282577515,0.6367650085263479,0.708847936000973,0.6074592525389177
COD10K-CAM-4-Amphibian-68-Toad-4904,0.036789871752262115,0.9124182925810862,0.7855824128664133,0.9287910149269042
COD10K-CAM-4-Amphibian-68-Toad-4905,0.0611787773668766,0.5951817279329005,0.08658165616120071,0.5332651547047964
COD10K-CAM-4-Amphibian-68-Toad-4908,0.05453047156333923,0.6103890740081079,0.25954934376953215,0.5941673897388171
COD10K-CAM-4-Amphibian-68-Toad-4909,0.07780075818300247,0.739099093872309,0.6535119282648945,0.8402885762905492
COD10K-CAM-4-Amphibian-68-Toad-4910,0.0722690224647522,0.8150634066003122,0.705574151491202,0.7700333349555393
COD10K-CAM-4-Amphibian-68-Toad-4912,0.19623808562755585,0.72734958170515,0.8099141262289388,0.7146817198299543
COD10K-CAM-4-Amphibian-68-Toad-4913,0.05881290137767792,0.7111717940511006,0.5173064886833079,0.8744344435780111
COD10K-CAM-4-Amphibian-68-Toad-4914,0.06943242251873016,0.837361711331621,0.5684621823004805,0.8762219588181923
COD10K-CAM-4-Amphibian-68-Toad-4917,0.029414145275950432,0.7691878967798116,0.43356471385124407,0.7104584271449088
COD10K-CAM-4-Amphibian-68-Toad-4921,0.14540435373783112,0.7061770031813035,0.6990479945214793,0.685888116268704
COD10K-CAM-4-Amphibian-68-Toad-4923,0.025690263137221336,0.6748018729184466,0.42475457221111507,0.7682592935328131
COD10K-CAM-4-Amphibian-68-Toad-4926,0.09866926819086075,0.5138959148674306,0.12054277968056203,0.5723033300345595
COD10K-CAM-4-Amphibian-68-Toad-4929,0.0744386538863182,0.8393389501834723,0.6474054050205549,0.8880779436461548
COD10K-CAM-4-Amphibian-68-Toad-4936,0.0732261911034584,0.6512122113225947,0.2767574418106378,0.7282700751123569
COD10K-CAM-4-Amphibian-68-Toad-4937,0.04699402302503586,0.825836735464877,0.5338996991042597,0.8898045683507606
COD10K-CAM-4-Amphibian-68-Toad-4938,0.039981674402952194,0.8656635760370397,0.6279682316883387,0.9191040111872324
COD10K-CAM-4-Amphibian-68-Toad-4941,0.03807951137423515,0.6467101888483645,0.20067274475516342,0.6408425861330294
COD10K-CAM-4-Amphibian-68-Toad-4945,0.0403851754963398,0.7275389809333477,0.3052128901742816,0.7503912296821044
COD10K-CAM-4-Amphibian-68-Toad-4949,0.0899723544716835,0.4427232155275887,0.00167482368070418,0.4572925803417543
COD10K-CAM-4-Amphibian-68-Toad-4950,0.16059891879558563,0.6958960423495337,0.6880723038446072,0.6561244305363194
COD10K-CAM-4-Amphibian-68-Toad-4951,0.059689655900001526,0.49361213218815797,0.06777807597768638,0.42272245394249874
COD10K-CAM-4-Amphibian-68-Toad-4955,0.050893351435661316,0.8394358552992595,0.5450503685908279,0.8665090441214374
COD10K-CAM-4-Amphibian-68-Toad-4960,0.07183459401130676,0.8583681503617833,0.6590390855915953,0.8869654542838215
COD10K-CAM-4-Amphibian-68-Toad-4962,0.0933891013264656,0.7308585659316427,0.5594232149554736,0.8279708961128324
COD10K-CAM-4-Amphibian-68-Toad-4963,0.06029556691646576,0.8883116394960947,0.8010954102947028,0.9181654124458957
COD10K-CAM-4-Amphibian-68-Toad-4964,0.16517274081707,0.6637474076428389,0.38051625140052364,0.7471832117805928
COD10K-CAM-4-Amphibian-68-Toad-4965,0.07391028851270676,0.7599315420423253,0.44100794920986325,0.8048632406776797
COD10K-CAM-4-Amphibian-68-Toad-4968,0.1522880643606186,0.4887089093762953,0.42501563514507634,0.4069221406768551
COD10K-CAM-4-Amphibian-68-Toad-4976,0.08511240780353546,0.6733867850952433,0.34070578628454307,0.7961129715109455
COD10K-CAM-4-Amphibian-68-Toad-4977,0.060043271631002426,0.5991322664383296,0.22691345986981232,0.8041104785035991
COD10K-CAM-4-Amphibian-68-Toad-4978,0.10455618053674698,0.7587788174783747,0.5526508798496604,0.8268592084588945
COD10K-CAM-4-Amphibian-68-Toad-4990,0.11024866998195648,0.82687431579781,0.6770678448918365,0.8361228002646313
COD10K-CAM-4-Amphibian-68-Toad-4991,0.05202149227261543,0.8121271943036594,0.6190115764833932,0.7904418875668289
COD10K-CAM-4-Amphibian-68-Toad-4995,0.10585589706897736,0.7740232111135491,0.4512680313783799,0.7844939364655819
COD10K-CAM-4-Amphibian-68-Toad-4997,0.22851137816905975,0.4123713986613694,0.2546517143859639,0.3182644452879537
COD10K-CAM-4-Amphibian-68-Toad-4998,0.03608687222003937,0.7794329080716023,0.5036479148495346,0.8625151888472755
COD10K-CAM-4-Amphibian-68-Toad-4999,0.18114791810512543,0.7604105873844136,0.7810764363342025,0.7393618055168737
COD10K-CAM-4-Amphibian-68-Toad-5002,0.034382883459329605,0.6821176587581774,0.3416193166587842,0.7635328155691181
COD10K-CAM-4-Amphibian-68-Toad-5004,0.05582037940621376,0.7947516390497609,0.4667228114107445,0.8734710766907694
COD10K-CAM-4-Amphibian-68-Toad-5005,0.07137174904346466,0.900302836418595,0.7480921565613177,0.8841623528717876
COD10K-CAM-4-Amphibian-68-Toad-5006,0.09044244140386581,0.7636201675755198,0.4272584590663943,0.8175748326872505
COD10K-CAM-4-Amphibian-68-Toad-5008,0.12051098048686981,0.7539018415346769,0.7176606781939636,0.7300503584170948
COD10K-CAM-4-Amphibian-68-Toad-5010,0.08960604667663574,0.868756673688012,0.7975549215315368,0.8466385511083303
COD10K-CAM-4-Amphibian-68-Toad-5011,0.06321162730455399,0.8836742142101617,0.7321037174030546,0.9152978864749728
COD10K-CAM-4-Amphibian-68-Toad-5014,0.03009769320487976,0.5929164934249633,0.059100034445090155,0.47832746838517953
COD10K-CAM-4-Amphibian-68-Toad-5020,0.061583541333675385,0.7122875747957601,0.3080612325585463,0.7556575544381652
COD10K-CAM-4-Amphibian-68-Toad-5021,0.02956310845911503,0.8763941468176429,0.6489645207914922,0.9228623684491559
COD10K-CAM-4-Amphibian-68-Toad-5022,0.12468138337135315,0.8033932728714752,0.7136187580893725,0.7915663838029915
COD10K-CAM-5-Other-69-Other-5023,0.04703892767429352,0.9299107363688703,0.7660953047467224,0.8687495170706746
COD10K-CAM-5-Other-69-Other-5027,0.07838910818099976,0.48987062281051896,0.03703188563696613,0.3329440984131611
COD10K-CAM-5-Other-69-Other-5028,0.05044351890683174,0.4698006268135804,0.002343809036858621,0.4743620391268677
COD10K-CAM-5-Other-69-Other-5029,0.06857597082853317,0.4574969796399929,0.03217756425249791,0.3265492198274368
COD10K-CAM-5-Other-69-Other-5037,0.07872691005468369,0.7227678155947252,0.32135570614367326,0.7321937378189314
COD10K-CAM-5-Other-69-Other-5040,0.09901046007871628,0.45600705914508605,0.07433636543732895,0.2661185727496954
COD10K-CAM-5-Other-69-Other-5043,0.07759717106819153,0.614374763459062,0.10684951367316069,0.5092117725926224
COD10K-CAM-5-Other-69-Other-5046,0.05367174744606018,0.834216872404845,0.7558608110381179,0.8398135383775924
COD10K-CAM-5-Other-69-Other-5048,0.052496615797281265,0.6055875116972622,0.16667126591075104,0.8035231938787647
COD10K-CAM-5-Other-69-Other-5049,0.03739770129323006,0.5897553162873574,0.10813042663920142,0.5586553934075774
COD10K-CAM-5-Other-69-Other-5051,0.44589290022850037,0.39267791881424674,0.4351477077826695,0.33937214016994366
COD10K-CAM-5-Other-69-Other-5059,0.05654187127947807,0.6199279388878126,0.2029141175652483,0.6469357087498918
COD10K-CAM-5-Other-69-Other-5060,0.07265070080757141,0.4546717283750458,0.000403100088415064,0.2825578669671364
COD10K-CAM-5-Other-69-Other-5062,0.0790783017873764,0.6241650147143993,0.4769246427970154,0.6251576144349246
COD10K-CAM-5-Other-69-Other-5063,0.05504053831100464,0.9099776025296508,0.8759687172691744,0.9092694609396778
COD10K-NonCAM-1-Amphibian-10,0.0023806847166270018,0.9976193308830261,0.0,0.9959928961566713
COD10K-NonCAM-1-Amphibian-101,0.002899749670177698,0.9971002340316772,0.0,0.9958666002840935
COD10K-NonCAM-1-Amphibian-102,0.004529525060206652,0.9954704642295837,0.0,0.9931109794557036
COD10K-NonCAM-1-Amphibian-103,0.004134778864681721,0.9958652257919312,0.0,0.9940348372315444
COD10K-NonCAM-1-Amphibian-107,0.004589782562106848,0.9954102039337158,0.0,0.993121509366198
COD10K-NonCAM-1-Amphibian-108,0.03892383351922035,0.9610761404037476,0.0,0.9592966625101894
COD10K-NonCAM-1-Amphibian-11,0.0042292214930057526,0.9957707524299622,0.0,0.9936705149391059
COD10K-NonCAM-1-Amphibian-111,0.0075099230743944645,0.9924900531768799,0.0,0.9905185091866221
COD10K-NonCAM-1-Amphibian-112,0.004621949512511492,0.9953780770301819,0.0,0.9931321653834051
COD10K-NonCAM-1-Amphibian-114,0.02682342566549778,0.9731765985488892,0.0,0.9713810589231092
COD10K-NonCAM-1-Amphibian-119,0.0042496039532125,0.995750367641449,0.0,0.993766671307394
COD10K-NonCAM-1-Amphibian-12,0.1776028871536255,0.8223971128463745,0.0,0.8212100645262826
COD10K-NonCAM-1-Amphibian-125,0.00388528686016798,0.9961147308349609,0.0,0.9941665872194381
COD10K-NonCAM-1-Amphibian-126,0.009344400838017464,0.9906556010246277,0.0,0.9884838089069679
COD10K-NonCAM-1-Amphibian-127,0.16407565772533417,0.8359243273735046,0.0,0.8346309398783727
COD10K-NonCAM-1-Amphibian-129,0.04974409192800522,0.9502559304237366,0.0,0.9484670594134121
COD10K-NonCAM-1-Amphibian-13,0.0042140004225075245,0.9957860112190247,0.0,0.9940557709458209
COD10K-NonCAM-1-Amphibian-131,0.005205491092056036,0.994794487953186,0.0,0.9926946381443552
COD10K-NonCAM-1-Amphibian-132,0.0036834729835391045,0.9963165521621704,0.0,0.9946952265582757
COD10K-NonCAM-1-Amphibian-134,0.0033186341170221567,0.9966813921928406,0.0,0.9952661746991601
COD10K-NonCAM-1-Amphibian-137,0.06235234811902046,0.9376476407051086,0.0,0.9359878859369829
COD10K-NonCAM-1-Amphibian-139,0.013688844628632069,0.986311137676239,0.0,0.9844556137159717
COD10K-NonCAM-1-Amphibian-14,0.0041861156933009624,0.9958139061927795,0.0,0.9938645301163009
COD10K-NonCAM-1-Amphibian-143,0.14400574564933777,0.8559942245483398,0.0,0.8546686659624867
COD10K-NonCAM-1-Amphibian-144,0.005039498675614595,0.9949604868888855,0.0,0.9931707540374328
COD10K-NonCAM-1-Amphibian-147,0.006055757869035006,0.9939442276954651,0.0,0.9919232749106159
COD10K-NonCAM-1-Amphibian-150,0.004828768316656351,0.9951712489128113,0.0,0.9929884037311448
COD10K-NonCAM-1-Amphibian-154,0.003671700367704034,0.9963282942771912,0.0,0.9946611777458982
COD10K-NonCAM-1-Amphibian-157,0.0101688327267766,0.9898311495780945,0.0,0.9880098683546809
COD10K-NonCAM-1-Amphibian-159,0.005067768041044474,0.994932234287262,0.0,0.9926214647244218
COD10K-NonCAM-1-Amphibian-162,0.05841648206114769,0.941583514213562,0.0,0.9399644719558848
COD10K-NonCAM-1-Amphibian-163,0.008982516825199127,0.9910174608230591,0.0,0.9890927466949956
COD10K-NonCAM-1-Amphibian-164,0.004901764914393425,0.9950982332229614,0.0,0.9927383025935614
COD10K-NonCAM-1-Amphibian-176,0.053633470088243484,0.946366548538208,0.0,0.9446968785562093
COD10K-NonCAM-1-Amphibian-177,0.006780828349292278,0.9932191967964172,0.0,0.9913922080175624
COD10K-NonCAM-1-Amphibian-178,0.06540757417678833,0.9345924258232117,0.0,0.9330269003272721
COD10K-NonCAM-1-Amphibian-179,0.05804170295596123,0.9419583082199097,0.0,0.94021353271309
COD10K-NonCAM-1-Amphibian-182,0.004739435855299234,0.9952605366706848,0.0,0.9929392536399444
COD10K-NonCAM-1-Amphibian-185,0.027249354869127274,0.9727506637573242,0.0,0.970874551312317
COD10K-NonCAM-1-Amphibian-187,0.005946051795035601,0.9940539598464966,0.0,0.9919915301687614
COD10K-NonCAM-1-Amphibian-188,0.25091302394866943,0.7490869760513306,0.0,0.7481936789766995
COD10K-NonCAM-1-Amphibian-193,0.18228963017463684,0.8177103996276855,0.0,0.8164913720309436
COD10K-NonCAM-1-Amphibian-198,0.004687919281423092,0.9953120946884155,0.0,0.9930105985125464
COD10K-NonCAM-1-Amphibian-200,0.08218465745449066,0.9178153276443481,0.0,0.9161484626582891
COD10K-NonCAM-1-Amphibian-204,0.004610254429280758,0.9953897595405579,0.0,0.9933939944452519
COD10K-NonCAM-1-Amphibian-205,0.005280046723783016,0.9947199821472168,0.0,0.9926384891306106
COD10K-NonCAM-1-Amphibian-209,0.05218561738729477,0.947814404964447,0.0,0.9460442341993334
COD10K-NonCAM-1-Amphibian-210,0.33266371488571167,0.6673362851142883,0.0,0.6666965539575312
COD10K-NonCAM-1-Amphibian-22,0.004490788094699383,0.9955092072486877,0.0,0.9934003313075555
COD10K-NonCAM-1-Amphibian-27,0.00524746673181653,0.9947525262832642,0.0,0.9925494262649011
COD10K-NonCAM-1-Amphibian-29,0.003053603693842888,0.996946394443512,0.0,0.9955832069744077
COD10K-NonCAM-1-Amphibian-3,0.0028116365429013968,0.9971883893013,0.0,0.995917263655844
COD10K-NonCAM-1-Amphibian-30,0.00566871277987957,0.9943313002586365,0.0,0.9922419780998042
COD10K-NonCAM-1-Amphibian-31,0.008700503967702389,0.9912995100021362,0.0,0.9893605658256865
COD10K-NonCAM-1-Amphibian-33,0.1243097186088562,0.8756902813911438,0.0,0.8742645771793258
COD10K-NonCAM-1-Amphibian-34,0.004355211742222309,0.9956448078155518,0.0,0.9936810763762784
COD10K-NonCAM-1-Amphibian-38,0.005077886860817671,0.9949221014976501,0.0,0.99286778266063
COD10K-NonCAM-1-Amphibian-4,0.003486447036266327,0.9965135455131531,0.0,0.9950217483636397
COD10K-NonCAM-1-Amphibian-43,0.015452184714376926,0.9845477938652039,0.0,0.9825622475343617
COD10K-NonCAM-1-Amphibian-44,0.005740032996982336,0.9942599534988403,0.0,0.9922323624629754
COD10K-NonCAM-1-Amphibian-49,0.006280210334807634,0.9937198162078857,0.0,0.9917736808229021
COD10K-NonCAM-1-Amphibian-50,0.09308986365795135,0.9069101214408875,0.0,0.9052907062379443
COD10K-NonCAM-1-Amphibian-52,0.1701565682888031,0.8298434019088745,0.0,0.8285782590514353
COD10K-NonCAM-1-Amphibian-53,0.11688562482595444,0.8831143975257874,0.0,0.8816476522965545
COD10K-NonCAM-1-Amphibian-55,0.0035637409891933203,0.9964362382888794,0.0,0.9951403832534325
COD10K-NonCAM-1-Amphibian-56,0.0032600495032966137,0.99673992395401,0.0,0.9952649136320351
COD10K-NonCAM-1-Amphibian-60,0.0034110683482140303,0.996588945388794,0.0,0.9951848043429137
COD10K-NonCAM-1-Amphibian-62,0.002684989245608449,0.997314989566803,0.0,0.9958309436111316
COD10K-NonCAM-1-Amphibian-63,0.003613471519201994,0.9963865280151367,0.0,0.9948589130711124
COD10K-NonCAM-1-Amphibian-66,0.018495233729481697,0.9815047383308411,0.0,0.9796306447886655
COD10K-NonCAM-1-Amphibian-7,0.042632896453142166,0.9573671221733093,0.0,0.9555459966667474
COD10K-NonCAM-1-Amphibian-74,0.12813840806484222,0.8718615770339966,0.0,0.8705266796405253
COD10K-NonCAM-1-Amphibian-77,0.003397682448849082,0.9966022968292236,0.0,0.9953417756733093
COD10K-NonCAM-1-Amphibian-8,0.007421600632369518,0.992578387260437,0.0,0.9905691725583726
COD10K-NonCAM-1-Amphibian-80,0.0026603308506309986,0.99733966588974,0.0,0.9958908127728952
COD10K-NonCAM-1-Amphibian-81,0.015757111832499504,0.9842429161071777,0.0,0.9822914333692487
COD10K-NonCAM-1-Amphibian-82,0.0024740153457969427,0.9975259900093079,0.0,0.9958546831997614
COD10K-NonCAM-1-Amphibian-83,0.004559826571494341,0.9954401850700378,0.0,0.9931096238085442
COD10K-NonCAM-1-Amphibian-86,0.2267683446407318,0.7732316255569458,0.0,0.7722104186339314
COD10K-NonCAM-1-Amphibian-87,0.0050757816061377525,0.9949242472648621,0.0,0.9928017657966315
COD10K-NonCAM-1-Amphibian-90,0.0031516875606030226,0.9968482851982117,0.0,0.9955460054942176
COD10K-NonCAM-1-Amphibian-92,0.006049579940736294,0.9939504265785217,0.0,0.9919684841670503
COD10K-NonCAM-1-Amphibian-93,0.0032463381066918373,0.9967536330223083,0.0,0.995729207020815
COD10K-NonCAM-1-Amphibian-96,0.2526940703392029,0.7473059296607971,0.0,0.7463659828656288
COD10K-NonCAM-2-Aquatic-215,0.005980516318231821,0.9940195083618164,0.0,0.9917665873203234
COD10K-NonCAM-2-Aquatic-218,0.007354303728789091,0.9926456809043884,0.0,0.990812085613343
COD10K-NonCAM-2-Aquatic-219,0.052872225642204285,0.9471277594566345,0.0,0.94543539099134
COD10K-NonCAM-2-Aquatic-220,0.008453662507236004,0.9915463328361511,0.0,0.989821517386585
COD10K-NonCAM-2-Aquatic-221,0.08522430807352066,0.9147756695747375,0.0,0.9131756545442806
COD10K-NonCAM-2-Aquatic-222,0.023625077679753304,0.9763749241828918,0.0,0.9746170517461241
COD10K-NonCAM-2-Aquatic-224,0.028691574931144714,0.9713084101676941,0.0,0.9695040866141257
COD10K-NonCAM-2-Aquatic-225,0.052936967462301254,0.9470630288124084,0.0,0.9454009638588251
COD10K-NonCAM-2-Aquatic-227,0.06726061552762985,0.9327393770217896,0.0,0.9310968370923223
COD10K-NonCAM-2-Aquatic-228,0.0056181601248681545,0.994381844997406,0.0,0.9923678641255662
COD10K-NonCAM-2-Aquatic-230,0.013090262189507484,0.9869097471237183,0.0,0.984993143578041
COD10K-NonCAM-2-Aquatic-231,0.004847819916903973,0.9951521754264832,0.0,0.993531040915071
COD10K-NonCAM-2-Aquatic-235,0.05581549555063248,0.9441844820976257,0.0,0.9425251002800579
COD10K-NonCAM-2-Aquatic-242,0.010458370670676231,0.9895416498184204,0.0,0.9877665769795729
COD10K-NonCAM-2-Aquatic-243,0.031468603760004044,0.9685313701629639,0.0,0.9667248838304965
COD10K-NonCAM-2-Aquatic-245,0.10140229016542435,0.8985977172851562,0.0,0.897151873592649
COD10K-NonCAM-2-Aquatic-246,0.024652285501360893,0.9753476977348328,0.0,0.9736268303128255
COD10K-NonCAM-2-Aquatic-247,0.002179614268243313,0.9978203773498535,0.0,0.9959522582685653
COD10K-NonCAM-2-Aquatic-249,0.002661624224856496,0.9973383545875549,0.0,0.9957614903392172
COD10K-NonCAM-2-Aquatic-250,0.06322328001260757,0.9367766976356506,0.0,0.9351401966154976
COD10K-NonCAM-2-Aquatic-253,0.10058922320604324,0.8994107842445374,0.0,0.8979197688917945
COD10K-NonCAM-2-Aquatic-254,0.00375113682821393,0.9962488412857056,0.0,0.9944984685600836
COD10K-NonCAM-2-Aquatic-258,0.0033860106486827135,0.9966139793395996,0.0,0.9949999634290536
COD10K-NonCAM-2-Aquatic-262,0.0055672721937298775,0.9944327473640442,0.0,0.9922367761979132
COD10K-NonCAM-2-Aquatic-264,0.002266308991238475,0.9977337121963501,0.0,0.9959244202117788
COD10K-NonCAM-2-Aquatic-270,0.002934623509645462,0.9970653653144836,0.0,0.9957463575337162
COD10K-NonCAM-2-Aquatic-272,0.007985524833202362,0.992014467716217,0.0,0.9901055097031553
COD10K-NonCAM-2-Aquatic-277,0.0018577035516500473,0.9981423020362854,0.0,0.9959469302599617
COD10K-NonCAM-2-Aquatic-283,0.0025696835946291685,0.9974303245544434,0.0,0.9959114312203905
COD10K-NonCAM-2-Aquatic-284,0.15526138246059418,0.8447386026382446,0.0,0.8433868757213305
COD10K-NonCAM-2-Aquatic-286,0.017831377685070038,0.9821686148643494,0.0,0.980349484576645
COD10K-NonCAM-2-Aquatic-287,0.003859915304929018,0.9961400628089905,0.0,0.9943888503002352
COD10K-NonCAM-2-Aquatic-289,0.0042650289833545685,0.9957349896430969,0.0,0.9938279276429952
COD10K-NonCAM-2-Aquatic-290,0.0019561166409403086,0.9980438947677612,0.0,0.9959039909243524
COD10K-NonCAM-2-Aquatic-291,0.004360479302704334,0.9956395030021667,0.0,0.9936548777067548
COD10K-NonCAM-2-Aquatic-292,0.09561558067798615,0.904384434223175,0.0,0.9028850630634448
COD10K-NonCAM-2-Aquatic-295,0.012714305892586708,0.9872856736183167,0.0,0.9854905084521766
COD10K-NonCAM-2-Aquatic-296,0.0045132688246667385,0.9954867362976074,0.0,0.9931630930546479
COD10K-NonCAM-2-Aquatic-297,0.003454084973782301,0.9965459108352661,0.0,0.9950767939436498
COD10K-NonCAM-2-Aquatic-299,0.004954299423843622,0.9950457215309143,0.0,0.9931824504350181
COD10K-NonCAM-2-Aquatic-300,0.07450065016746521,0.9254993200302124,0.0,0.9238787726084114
COD10K-NonCAM-2-Aquatic-303,0.022703180089592934,0.9772968292236328,0.0,0.9755555063739378
COD10K-NonCAM-2-Aquatic-305,0.0034532274585217237,0.996546745300293,0.0,0.994961879201876
COD10K-NonCAM-2-Aquatic-306,0.004897009115666151,0.9951030015945435,0.0,0.9929361324988099
COD10K-NonCAM-2-Aquatic-307,0.0075927660800516605,0.9924072623252869,0.0,0.9904253163260779
COD10K-NonCAM-2-Aquatic-309,0.1828763633966446,0.8171236515045166,0.0,0.8160117566765939
COD10K-NonCAM-2-Aquatic-312,0.033557336777448654,0.9664426445960999,0.0,0.9647161930602972
COD10K-NonCAM-2-Aquatic-315,0.0026648868806660175,0.9973351359367371,0.0,0.9959501775078088
COD10K-NonCAM-2-Aquatic-317,0.00498151732608676,0.995018482208252,0.0,0.9930338967276825
COD10K-NonCAM-2-Aquatic-318,0.0035542233381420374,0.9964457750320435,0.0,0.9946798730660278
COD10K-NonCAM-2-Aquatic-322,0.046188440173864365,0.9538115859031677,0.0,0.9521422188627394
COD10K-NonCAM-2-Aquatic-323,0.0143589423969388,0.9856410622596741,0.0,0.9838119650553259
COD10K-NonCAM-2-Aquatic-326,0.0033600246533751488,0.9966399669647217,0.0,0.9953281561483582
COD10K-NonCAM-2-Aquatic-327,0.0038718897849321365,0.9961280822753906,0.0,0.9946164729163138
COD10K-NonCAM-2-Aquatic-333,0.015353219583630562,0.9846467971801758,0.0,0.9828962726891199
COD10K-NonCAM-2-Aquatic-334,0.0016899759648367763,0.9983100295066833,0.0,0.9959669181738944
COD10K-NonCAM-2-Aquatic-339,0.005144341383129358,0.9948556423187256,0.0,0.9930280642922289
COD10K-NonCAM-2-Aquatic-346,0.01135561615228653,0.9886443614959717,0.0,0.98678518301615
COD10K-NonCAM-2-Aquatic-347,0.11498834192752838,0.8850116729736328,0.0,0.8835581689910657
COD10K-NonCAM-2-Aquatic-348,0.005309263244271278,0.9946907162666321,0.0,0.9926137722149588
COD10K-NonCAM-2-Aquatic-349,0.008651096373796463,0.991348922252655,0.0,0.9894714136259819
COD10K-NonCAM-2-Aquatic-350,0.0031324992887675762,0.9968674778938293,0.0,0.9954565327816924
COD10K-NonCAM-2-Aquatic-353,0.08621068298816681,0.9137893319129944,0.0,0.9122855933673922
COD10K-NonCAM-2-Aquatic-369,0.004527087323367596,0.9954729080200195,0.0,0.9934149596862065
COD10K-NonCAM-2-Aquatic-370,0.01743541657924652,0.9825645685195923,0.0,0.9806813028639341
COD10K-NonCAM-2-Aquatic-377,0.005009573418647051,0.9949904084205627,0.0,0.9927892812320931
COD10K-NonCAM-2-Aquatic-379,0.004257973749190569,0.9957420229911804,0.0,0.9933679218824406
COD10K-NonCAM-2-Aquatic-380,0.015627987682819366,0.9843720197677612,0.0,0.9825808167477788
COD10K-NonCAM-2-Aquatic-381,0.004474324639886618,0.9955256581306458,0.0,0.9933787670597164
COD10K-NonCAM-2-Aquatic-382,0.0030900316778570414,0.9969099760055542,0.0,0.9955787301861136
COD10K-NonCAM-2-Aquatic-383,0.0020337002351880074,0.9979662895202637,0.0,0.9959446603391365
COD10K-NonCAM-2-Aquatic-384,0.013576067984104156,0.986423909664154,0.0,0.9846134362666765
COD10K-NonCAM-2-Aquatic-385,0.0030714988242834806,0.9969285130500793,0.0,0.9955366735974919
COD10K-NonCAM-2-Aquatic-387,0.043632764369249344,0.9563672542572021,0.0,0.9543188837740006
COD10K-NonCAM-2-Aquatic-389,0.010978613048791885,0.989021360874176,0.0,0.9872339968059693
COD10K-NonCAM-2-Aquatic-390,0.0026058675721287727,0.9973941445350647,0.0,0.9958606102152493
COD10K-NonCAM-2-Aquatic-391,0.005259596277028322,0.9947404265403748,0.0,0.992892814843063
COD10K-NonCAM-2-Aquatic-395,0.013123784214258194,0.9868761897087097,0.0,0.9850172299601302
COD10K-NonCAM-2-Aquatic-397,0.022558918222784996,0.9774410724639893,0.0,0.9755624422431258
COD10K-NonCAM-2-Aquatic-399,0.003827678272500634,0.996172308921814,0.0,0.9945157451796973
COD10K-NonCAM-2-Aquatic-400,0.009797296486794949,0.9902027249336243,0.0,0.9884198097503696
COD10K-NonCAM-2-Aquatic-403,0.019331034272909164,0.9806689620018005,0.0,0.9789231230781339
COD10K-NonCAM-2-Aquatic-406,0.06297358870506287,0.9370263814926147,0.0,0.9354376823503063
COD10K-NonCAM-2-Aquatic-407,0.0071274093352258205,0.9928725957870483,0.0,0.9908508319007614
COD10K-NonCAM-2-Aquatic-409,0.043084993958473206,0.956915020942688,0.0,0.9552460203243667
COD10K-NonCAM-2-Aquatic-410,0.003280699485912919,0.9967193007469177,0.0,0.9954663060519119
COD10K-NonCAM-2-Aquatic-411,0.003724998328834772,0.996275007724762,0.0,0.9948649977199909
COD10K-NonCAM-2-Aquatic-416,0.047894060611724854,0.9521059393882751,0.0,0.9504176780425011
COD10K-NonCAM-2-Aquatic-419,0.003312695538625121,0.9966872930526733,0.0,0.9951234849539562
COD10K-NonCAM-2-Aquatic-422,0.00893785897642374,0.9910621643066406,0.0,0.9892275232439895
COD10K-NonCAM-2-Aquatic-423,0.027805937454104424,0.9721940755844116,0.0,0.970519529389926
COD10K-NonCAM-2-Aquatic-427,0.004905375652015209,0.9950945973396301,0.0,0.9928613827449702
COD10K-NonCAM-2-Aquatic-430,0.006487651262432337,0.9935123324394226,0.0,0.99163887274723
COD10K-NonCAM-2-Aquatic-437,0.00256151775829494,0.9974384903907776,0.0,0.9957450334132348
COD10K-NonCAM-2-Aquatic-441,0.0021990817040205,0.9978009462356567,0.0,0.9958780444682537
COD10K-NonCAM-2-Aquatic-444,0.003484465181827545,0.9965155124664307,0.0,0.9951358434117821
COD10K-NonCAM-2-Aquatic-445,0.0034768625628203154,0.9965231418609619,0.0,0.9949981664084004
COD10K-NonCAM-2-Aquatic-447,0.0060820141807198524,0.9939180016517639,0.0,0.9921247934372053
COD10K-NonCAM-2-Aquatic-452,0.002357501769438386,0.9976425170898438,0.0,0.9959459214062616
COD10K-NonCAM-2-Aquatic-453,0.007097434718161821,0.9929025769233704,0.0,0.9910026643826222
COD10K-NonCAM-2-Aquatic-454,0.008098872378468513,0.9919010996818542,0.0,0.9900862153761413
COD10K-NonCAM-2-Aquatic-458,0.01743258722126484,0.9825674295425415,0.0,0.9807274579207124
COD10K-NonCAM-2-Aquatic-462,0.028022848069667816,0.971977174282074,0.0,0.9701617961732163
COD10K-NonCAM-2-Aquatic-463,0.0036961056757718325,0.996303915977478,0.0,0.9945053098492371
COD10K-NonCAM-2-Aquatic-464,0.2239150106906891,0.7760850191116333,0.0,0.7750551338547089
COD10K-NonCAM-2-Aquatic-466,0.0034572985023260117,0.9965426921844482,0.0,0.9951851826630512
COD10K-NonCAM-2-Aquatic-468,0.052322372794151306,0.9476776123046875,0.0,0.9461081387758973
COD10K-NonCAM-2-Aquatic-471,0.02391890622675419,0.9760810732841492,0.0,0.97440449888219
COD10K-NonCAM-2-Aquatic-473,0.004710748326033354,0.9952892661094666,0.0,0.9933389803919198
COD10K-NonCAM-2-Aquatic-474,0.002348572015762329,0.9976514577865601,0.0,0.9959397421773487
COD10K-NonCAM-2-Aquatic-481,0.004858782980591059,0.9951412081718445,0.0,0.9931917192783875
COD10K-NonCAM-2-Aquatic-482,0.0027947109192609787,0.9972053170204163,0.0,0.9955868010157143
COD10K-NonCAM-2-Aquatic-483,0.0030097493436187506,0.9969902634620667,0.0,0.9956602581757507
COD10K-NonCAM-2-Aquatic-484,0.004646002780646086,0.9953539967536926,0.0,0.9932249483971336
COD10K-NonCAM-2-Aquatic-486,0.0033398231025785208,0.9966601729393005,0.0,0.995352116423735
COD10K-NonCAM-2-Aquatic-488,0.005239082500338554,0.9947609305381775,0.0,0.9924776400188053
COD10K-NonCAM-2-Aquatic-490,0.01450586412101984,0.9854941368103027,0.0,0.9836823273548665
COD10K-NonCAM-2-Aquatic-492,0.0026837601326406,0.9973162412643433,0.0,0.9958653076902904
COD10K-NonCAM-2-Aquatic-496,0.0044522974640131,0.9955477118492126,0.0,0.9937302264674789
COD10K-NonCAM-2-Aquatic-497,0.009661845862865448,0.990338146686554,0.0,0.9884795212787425
COD10K-NonCAM-2-Aquatic-500,0.03671930730342865,0.9632806777954102,0.0,0.961589345596959
COD10K-NonCAM-2-Aquatic-501,0.007134556770324707,0.9928654432296753,0.0,0.9908654287527342
COD10K-NonCAM-2-Aquatic-502,0.01034978311508894,0.9896501898765564,0.0,0.987792586489028
COD10K-NonCAM-2-Aquatic-503,0.010018466971814632,0.9899815320968628,0.0,0.9880469752548366
COD10K-NonCAM-2-Aquatic-508,0.005811466369777918,0.9941885471343994,0.0,0.9920956627866157
COD10K-NonCAM-2-Aquatic-510,0.0032925803679972887,0.9967074394226074,0.0,0.9952874867335741
COD10K-NonCAM-2-Aquatic-515,0.005290343891829252,0.9947096705436707,0.0,0.9929136855039833
COD10K-NonCAM-2-Aquatic-517,0.0034149654675275087,0.9965850114822388,0.0,0.9948686232879755
COD10K-NonCAM-2-Aquatic-518,0.003371642204001546,0.9966283440589905,0.0,0.9952938551225559
COD10K-NonCAM-2-Aquatic-521,0.03261309862136841,0.9673869013786316,0.0,0.9655995390547445
COD10K-NonCAM-2-Aquatic-522,0.00552811985835433,0.9944719076156616,0.0,0.9923798127365765
COD10K-NonCAM-2-Aquatic-527,0.03395766019821167,0.9660423398017883,0.0,0.9643508934408368
COD10K-NonCAM-2-Aquatic-528,0.006102211307734251,0.9938977956771851,0.0,0.9919974571842493
COD10K-NonCAM-2-Aquatic-529,0.002986294450238347,0.9970136880874634,0.0,0.9954552401878892
COD10K-NonCAM-2-Aquatic-531,0.0022392754908651114,0.9977607131004333,0.0,0.9959263748658227
COD10K-NonCAM-2-Aquatic-532,0.002664562314748764,0.9973354339599609,0.0,0.9958735992066378
COD10K-NonCAM-2-Aquatic-534,0.005429358687251806,0.9945706129074097,0.0,0.9927359065660237
COD10K-NonCAM-2-Aquatic-535,0.002934448653832078,0.997065544128418,0.0,0.9955048947059396
COD10K-NonCAM-2-Aquatic-536,0.0029562637209892273,0.9970437288284302,0.0,0.9956076401499563
COD10K-NonCAM-2-Aquatic-537,0.051397379487752914,0.9486026167869568,0.0,0.9470665182642874
COD10K-NonCAM-2-Aquatic-539,0.02837301418185234,0.9716269969940186,0.0,0.9698813033179181
COD10K-NonCAM-2-Aquatic-542,0.00576961413025856,0.9942303895950317,0.0,0.9922697846299124
COD10K-NonCAM-2-Aquatic-544,0.005939970258623362,0.9940600395202637,0.0,0.992576696841481
COD10K-NonCAM-2-Aquatic-546,0.007585996296256781,0.9924139976501465,0.0,0.990375756388062
COD10K-NonCAM-2-Aquatic-547,0.0056535424664616585,0.9943464398384094,0.0,0.9923560731479467
COD10K-NonCAM-2-Aquatic-549,0.011404214426875114,0.9885957837104797,0.0,0.9867661724292391
COD10K-NonCAM-2-Aquatic-554,0.0022445544600486755,0.9977554678916931,0.0,0.9958370913133664
COD10K-NonCAM-2-Aquatic-556,0.06689529865980148,0.9331046938896179,0.0,0.931470648914877
COD10K-NonCAM-2-Aquatic-557,0.07294300943613052,0.9270569682121277,0.0,0.9254008806283949
COD10K-NonCAM-2-Aquatic-559,0.00822138786315918,0.9917786121368408,0.0,0.9897178576689025
COD10K-NonCAM-2-Aquatic-560,0.0041180443949997425,0.995881974697113,0.0,0.9938637104226696
COD10K-NonCAM-2-Aquatic-563,0.004204617813229561,0.9957953691482544,0.0,0.9936976594089735
COD10K-NonCAM-2-Aquatic-566,0.0027583735063672066,0.9972416162490845,0.0,0.9958179861464213
COD10K-NonCAM-2-Aquatic-567,0.07941040396690369,0.9205895662307739,0.0,0.9190124722060805
COD10K-NonCAM-2-Aquatic-568,0.03190072253346443,0.9680992960929871,0.0,0.9663158882351517
COD10K-NonCAM-2-Aquatic-570,0.01235993579030037,0.9876400828361511,0.0,0.9857662407790775
COD10K-NonCAM-2-Aquatic-571,0.056833669543266296,0.9431663155555725,0.0,0.9414576384853475
COD10K-NonCAM-2-Aquatic-573,0.018352452665567398,0.9816475510597229,0.0,0.9798600013720411
COD10K-NonCAM-2-Aquatic-576,0.0038869166746735573,0.9961130619049072,0.0,0.9944859839955452
COD10K-NonCAM-2-Aquatic-577,0.0020882878452539444,0.9979116916656494,0.0,0.9958646456300496
COD10K-NonCAM-2-Aquatic-579,0.0025392547249794006,0.9974607229232788,0.0,0.9959366525628922
COD10K-NonCAM-2-Aquatic-580,0.004077537916600704,0.9959224462509155,0.0,0.9939267637789241
COD10K-NonCAM-2-Aquatic-582,0.0033993003889918327,0.9966006875038147,0.0,0.9950103987595138
COD10K-NonCAM-2-Aquatic-583,0.03750784695148468,0.9624921679496765,0.0,0.9607157098193748
COD10K-NonCAM-2-Aquatic-585,0.0023094513453543186,0.9976905584335327,0.0,0.9959537715491154
COD10K-NonCAM-2-Aquatic-588,0.003537427634000778,0.9964625835418701,0.0,0.994874455723429
COD10K-NonCAM-2-Aquatic-590,0.024109946563839912,0.975890040397644,0.0,0.9742100108048233
COD10K-NonCAM-2-Aquatic-591,0.0039753420278429985,0.9960246682167053,0.0,0.9938708354519263
COD10K-NonCAM-2-Aquatic-597,0.03373429924249649,0.9662656784057617,0.0,0.9645277581051307
COD10K-NonCAM-2-Aquatic-599,0.1241995170712471,0.8758004903793335,0.0,0.8743643906422767
COD10K-NonCAM-2-Aquatic-600,0.005192371550947428,0.9948076009750366,0.0,0.9924661643079671
COD10K-NonCAM-2-Aquatic-602,0.0038107631262391806,0.9961892366409302,0.0,0.9944749496582006
COD10K-NonCAM-2-Aquatic-608,0.057837873697280884,0.9421621561050415,0.0,0.9405047761656296
COD10K-NonCAM-2-Aquatic-609,0.010605589486658573,0.9893944263458252,0.0,0.9873265276062728
COD10K-NonCAM-2-Aquatic-614,0.00626928498968482,0.9937307238578796,0.0,0.9919480233529457
COD10K-NonCAM-2-Aquatic-616,0.005614595953375101,0.9943854212760925,0.0,0.9922975911600206
COD10K-NonCAM-2-Aquatic-617,0.025007463991642,0.9749925136566162,0.0,0.9732341024833945
COD10K-NonCAM-2-Aquatic-620,0.0018305910052731633,0.9981694221496582,0.0,0.9958568900672303
COD10K-NonCAM-2-Aquatic-621,0.030452830716967583,0.9695471525192261,0.0,0.9676399141364616
COD10K-NonCAM-2-Aquatic-622,0.05860745161771774,0.9413925409317017,0.0,0.9397943224740322
COD10K-NonCAM-2-Aquatic-623,0.01708391308784485,0.9829161167144775,0.0,0.9812046457208462
COD10K-NonCAM-2-Aquatic-625,0.0028578939381986856,0.9971420764923096,0.0,0.9958299978107877
COD10K-NonCAM-2-Aquatic-629,0.03707253560423851,0.9629274606704712,0.0,0.9611012495661929
COD10K-NonCAM-2-Aquatic-630,0.06617521494626999,0.9338247776031494,0.0,0.932185201074631
COD10K-NonCAM-2-Aquatic-631,0.007261132355779409,0.9927388429641724,0.0,0.990743704248485
COD10K-NonCAM-2-Aquatic-635,0.033469993621110916,0.9665300250053406,0.0,0.9647503995060652
COD10K-NonCAM-2-Aquatic-636,0.006855453830212355,0.9931445717811584,0.0,0.9913823716939868
COD10K-NonCAM-2-Aquatic-637,0.004169282969087362,0.9958307147026062,0.0,0.9938282113830984
COD10K-NonCAM-2-Aquatic-639,0.03781581297516823,0.9621841907501221,0.0,0.9604091128745873
COD10K-NonCAM-2-Aquatic-640,0.014534524641931057,0.9854654669761658,0.0,0.983787027452927
COD10K-NonCAM-2-Aquatic-642,0.004645307548344135,0.9953547120094299,0.0,0.9931575443592975
COD10K-NonCAM-2-Aquatic-644,0.015886778011918068,0.9841132164001465,0.0,0.9821978937152451
COD10K-NonCAM-2-Aquatic-649,0.008995706215500832,0.9910042881965637,0.0,0.9890133940461493
COD10K-NonCAM-2-Aquatic-652,0.010363183915615082,0.9896368384361267,0.0,0.9877967164838626
COD10K-NonCAM-2-Aquatic-655,0.008171239867806435,0.9918287396430969,0.0,0.9899522585207786
COD10K-NonCAM-2-Aquatic-661,0.022246547043323517,0.9777534604072571,0.0,0.9759571247266008
COD10K-NonCAM-2-Aquatic-662,0.00636991998180747,0.993630051612854,0.0,0.9918003523925977
COD10K-NonCAM-2-Aquatic-664,0.0029987022280693054,0.9970012903213501,0.0,0.9956089957971158
COD10K-NonCAM-2-Aquatic-667,0.1658647358417511,0.8341352939605713,0.0,0.8329449561854838
COD10K-NonCAM-2-Aquatic-668,0.009563872590661049,0.9904361367225647,0.0,0.9886769728638535
COD10K-NonCAM-2-Aquatic-669,0.004073312971740961,0.9959266781806946,0.0,0.9937133281680026
COD10K-NonCAM-2-Aquatic-676,0.01713603548705578,0.9828639626502991,0.0,0.9810538536193637
COD10K-NonCAM-2-Aquatic-679,0.0076985349878668785,0.9923014640808105,0.0,0.9904438540128168
COD10K-NonCAM-2-Aquatic-681,0.05691642686724663,0.9430835843086243,0.0,0.9413904236075801
COD10K-NonCAM-2-Aquatic-683,0.02320782095193863,0.9767921566963196,0.0,0.9748981436083066
COD10K-NonCAM-2-Aquatic-684,0.008061214350163937,0.9919387698173523,0.0,0.990066826469093
COD10K-NonCAM-2-Aquatic-685,0.004132403992116451,0.9958676099777222,0.0,0.9943476134052447
COD10K-NonCAM-2-Aquatic-686,0.0039059920236468315,0.9960939884185791,0.0,0.9940935399062173
COD10K-NonCAM-2-Aquatic-688,0.00367167335934937,0.9963283538818359,0.0,0.994893750050443
COD10K-NonCAM-2-Aquatic-689,0.101808562874794,0.8981914520263672,0.0,0.8967111936857864
COD10K-NonCAM-2-Aquatic-691,0.01638367772102356,0.9836163520812988,0.0,0.9817453597774066
COD10K-NonCAM-2-Aquatic-693,0.002592888195067644,0.9974071383476257,0.0,0.9957335261757184
COD10K-NonCAM-2-Aquatic-696,0.0035381224006414413,0.9964618682861328,0.0,0.9949145891846851
COD10K-NonCAM-2-Aquatic-704,0.00196446874178946,0.9980355501174927,0.0,0.995967075807285
COD10K-NonCAM-2-Aquatic-705,0.019529245793819427,0.9804707765579224,0.0,0.9787314408751202
COD10K-NonCAM-2-Aquatic-707,0.002659820718690753,0.997340202331543,0.0,0.9958639205164527
COD10K-NonCAM-2-Aquatic-709,0.00662261713296175,0.9933773875236511,0.0,0.9912062321432898
COD10K-NonCAM-2-Aquatic-713,0.003754246048629284,0.9962457418441772,0.0,0.9942463497151
COD10K-NonCAM-2-Aquatic-717,0.004517373163253069,0.9954826235771179,0.0,0.9935215513849547
COD10K-NonCAM-2-Aquatic-721,0.0052081383764743805,0.9947918653488159,0.0,0.9927819039894115
COD10K-NonCAM-2-Aquatic-728,0.003695054678246379,0.9963049292564392,0.0,0.9945390118681552
COD10K-NonCAM-2-Aquatic-729,0.09367763996124268,0.9063223600387573,0.0,0.9048189725531263
COD10K-NonCAM-2-Aquatic-730,0.02689395844936371,0.9731060266494751,0.0,0.9713303640246808
COD10K-NonCAM-2-Aquatic-732,0.005232676398009062,0.9947673082351685,0.0,0.9926433442390421
COD10K-NonCAM-2-Aquatic-736,0.005361536052078009,0.9946384429931641,0.0,0.9926828471667356
COD10K-NonCAM-2-Aquatic-744,0.0021358742378652096,0.9978641271591187,0.0,0.9959243256317445
COD10K-NonCAM-2-Aquatic-749,0.003552183276042342,0.9964478015899658,0.0,0.994933158398102
COD10K-NonCAM-2-Aquatic-750,0.0025858453009277582,0.9974141716957092,0.0,0.9957928278572757
COD10K-NonCAM-2-Aquatic-752,0.0027830766048282385,0.9972169399261475,0.0,0.9956542365802283
COD10K-NonCAM-2-Aquatic-759,0.009338499046862125,0.9906615018844604,0.0,0.988792581192546
COD10K-NonCAM-2-Aquatic-769,0.0033782676327973604,0.9966217279434204,0.0,0.9951636814685685
COD10K-NonCAM-2-Aquatic-772,0.005368932615965605,0.9946310520172119,0.0,0.9923897751668647
COD10K-NonCAM-2-Aquatic-774,0.0051671541295945644,0.9948328733444214,0.0,0.9927508186847779
COD10K-NonCAM-2-Aquatic-776,0.01104801706969738,0.9889519810676575,0.0,0.9870912124807311
COD10K-NonCAM-2-Aquatic-777,0.043644025921821594,0.9563559889793396,0.0,0.9546191438564846
COD10K-NonCAM-2-Aquatic-781,0.004938099067658186,0.9950618743896484,0.0,0.9929685419239247
COD10K-NonCAM-2-Aquatic-788,0.0057144672609865665,0.994285523891449,0.0,0.9925106799774828
COD10K-NonCAM-2-Aquatic-789,0.012143063358962536,0.987856924533844,0.0,0.9858967296998461
COD10K-NonCAM-2-Aquatic-795,0.05566658079624176,0.9443334341049194,0.0,0.9427316630751474
COD10K-NonCAM-2-Aquatic-800,0.0069938478991389275,0.99300616979599,0.0,0.9908364557355354
COD10K-NonCAM-2-Aquatic-804,0.005752427037805319,0.994247555732727,0.0,0.9922074248605768
COD10K-NonCAM-2-Aquatic-807,0.005034703761339188,0.9949653148651123,0.0,0.9928227310375861
COD10K-NonCAM-2-Aquatic-810,0.0040933238342404366,0.99590665102005,0.0,0.9940772090869474
COD10K-NonCAM-2-Aquatic-813,0.0018726130947470665,0.9981274008750916,0.0,0.9960059166747378
COD10K-NonCAM-2-Aquatic-818,0.02605074644088745,0.9739492535591125,0.0,0.9723335429226896
COD10K-NonCAM-2-Aquatic-826,0.0021212161518633366,0.9978787899017334,0.0,0.9959911306626961
COD10K-NonCAM-2-Aquatic-830,0.0029438817873597145,0.9970561265945435,0.0,0.9955301791017976
COD10K-NonCAM-2-Aquatic-832,0.0030495012179017067,0.9969505071640015,0.0,0.9953549853514446
COD10K-NonCAM-2-Aquatic-833,0.20245222747325897,0.7975477576255798,0.0,0.7964628202101643
COD10K-NonCAM-2-Aquatic-835,0.014640347100794315,0.9853596687316895,0.0,0.98357469527574
COD10K-NonCAM-2-Aquatic-836,0.003115396946668625,0.9968845844268799,0.0,0.9955038858522396
COD10K-NonCAM-2-Aquatic-837,0.0037049308884888887,0.9962950944900513,0.0,0.9946958570918383
COD10K-NonCAM-2-Aquatic-841,0.002841194160282612,0.9971588253974915,0.0,0.9958802828624007
COD10K-NonCAM-2-Aquatic-842,0.02217840403318405,0.9778215885162354,0.0,0.9759037185338533
COD10K-NonCAM-2-Aquatic-843,0.00414712680503726,0.9958528876304626,0.0,0.9939078162453697
COD10K-NonCAM-2-Aquatic-844,0.07033111155033112,0.9296689033508301,0.0,0.9280756040007102
COD10K-NonCAM-2-Aquatic-845,0.0017951021436601877,0.9982048869132996,0.0,0.9959632295525536
COD10K-NonCAM-2-Aquatic-848,0.08226826786994934,0.917731761932373,0.0,0.91616056890269
COD10K-NonCAM-2-Aquatic-850,0.0035173946525901556,0.9964826107025146,0.0,0.994959420120982
COD10K-NonCAM-2-Aquatic-853,0.003782454179599881,0.9962175488471985,0.0,0.9944579567786901
COD10K-NonCAM-2-Aquatic-855,0.003165365429595113,0.9968346357345581,0.0,0.9953026195390753
COD10K-NonCAM-2-Aquatic-858,0.00764215923845768,0.9923578500747681,0.0,0.9904746555773469
COD10K-NonCAM-2-Aquatic-862,0.0039246114902198315,0.9960753917694092,0.0,0.9945444029301149
COD10K-NonCAM-2-Aquatic-863,0.005689835641533136,0.9943101406097412,0.0,0.9922334658967098
COD10K-NonCAM-2-Aquatic-865,0.04894091188907623,0.951059103012085,0.0,0.9493697312615514
COD10K-NonCAM-2-Aquatic-867,0.004430917091667652,0.995569109916687,0.0,0.9936302238444593
COD10K-NonCAM-2-Aquatic-868,0.0032771399710327387,0.9967228770256042,0.0,0.995115729391137
COD10K-NonCAM-2-Aquatic-869,0.006258689798414707,0.9937413334846497,0.0,0.9920145761704723
COD10K-NonCAM-2-Aquatic-872,0.0759594589471817,0.9240405559539795,0.0,0.922411647115082
COD10K-NonCAM-2-Aquatic-873,0.007259593810886145,0.9927403926849365,0.0,0.9908440536649641
COD10K-NonCAM-2-Aquatic-874,0.0037504893261939287,0.9962494969367981,0.0,0.9946753016976994
COD10K-NonCAM-2-Aquatic-879,0.00546012120321393,0.9945398569107056,0.0,0.9925871321719413
COD10K-NonCAM-2-Aquatic-880,0.01645064726471901,0.9835493564605713,0.0,0.9817168911870577
COD10K-NonCAM-2-Aquatic-881,0.004482399206608534,0.9955176115036011,0.0,0.9940793213743819
COD10K-NonCAM-2-Aquatic-883,0.0027950871735811234,0.9972048997879028,0.0,0.9956824529571523
COD10K-NonCAM-2-Aquatic-884,0.03102359175682068,0.9689763784408569,0.0,0.9671808226495728
COD10K-NonCAM-2-Aquatic-889,0.002365764230489731,0.99763423204422,0.0,0.9959996113391123
COD10K-NonCAM-2-Aquatic-892,0.004515107721090317,0.9954848885536194,0.0,0.993345474887614
COD10K-NonCAM-2-Aquatic-896,0.002918781479820609,0.9970812201499939,0.0,0.9957272208400929
COD10K-NonCAM-2-Aquatic-897,0.005476895719766617,0.9945231080055237,0.0,0.9925234482821242
COD10K-NonCAM-2-Aquatic-898,0.020328423008322716,0.9796715974807739,0.0,0.977916980672381
COD10K-NonCAM-2-Aquatic-899,0.011193088255822659,0.9888069033622742,0.0,0.9869213467389815
COD10K-NonCAM-2-Aquatic-900,0.019042588770389557,0.9809573888778687,0.0,0.9791392069300181
COD10K-NonCAM-2-Aquatic-901,0.042553260922431946,0.9574467539787292,0.0,0.9556741526133347
COD10K-NonCAM-2-Aquatic-906,0.017961779609322548,0.9820381999015808,0.0,0.9801281988228697
COD10K-NonCAM-2-Aquatic-907,0.009189738892018795,0.9908102750778198,0.0,0.9889426797071099
COD10K-NonCAM-2-Aquatic-911,0.008786503225564957,0.9912135004997253,0.0,0.9893745006174187
COD10K-NonCAM-2-Aquatic-915,0.029976023361086845,0.9700239896774292,0.0,0.968271519606063
COD10K-NonCAM-2-Aquatic-918,0.0036531812511384487,0.9963468313217163,0.0,0.9948130102277591
COD10K-NonCAM-2-Aquatic-919,0.002878922503441572,0.9971210956573486,0.0,0.9956644827506198
COD10K-NonCAM-2-Aquatic-926,0.004208025056868792,0.9957919716835022,0.0,0.9934646142042569
COD10K-NonCAM-2-Aquatic-928,0.033164821565151215,0.9668352007865906,0.0,0.9649580972615677
COD10K-NonCAM-2-Aquatic-930,0.007146114017814398,0.9928538799285889,0.0,0.9906095267063755
COD10K-NonCAM-2-Aquatic-934,0.005946963094174862,0.994053065776825,0.0,0.9921496364595694
COD10K-NonCAM-2-Aquatic-935,0.010264291428029537,0.9897357225418091,0.0,0.9879517962135704
COD10K-NonCAM-2-Aquatic-936,0.013647107407450676,0.9863529205322266,0.0,0.9843976992082518
COD10K-NonCAM-2-Aquatic-939,0.0059667713940143585,0.9940332174301147,0.0,0.991978068277201
COD10K-NonCAM-2-Aquatic-940,0.004522022791206837,0.9954779744148254,0.0,0.9938824372694772
COD10K-NonCAM-2-Aquatic-943,0.0032038860954344273,0.9967961311340332,0.0,0.9952961250433809
COD10K-NonCAM-2-Aquatic-945,0.004845508839935064,0.9951545000076294,0.0,0.9931100651820379
COD10K-NonCAM-3-Flying-1004,0.004387658089399338,0.9956123232841492,0.0,0.9935523214228068
COD10K-NonCAM-3-Flying-1006,0.0035430248826742172,0.9964569807052612,0.0,0.9949024829402842
COD10K-NonCAM-3-Flying-1008,0.025067826732993126,0.9749321937561035,0.0,0.9730504595833029
COD10K-NonCAM-3-Flying-1013,0.0031584876123815775,0.9968414902687073,0.0,0.9954023699486698
COD10K-NonCAM-3-Flying-1014,0.0032450626604259014,0.9967549443244934,0.0,0.9955107271413932
COD10K-NonCAM-3-Flying-1016,0.026807108893990517,0.9731928706169128,0.0,0.9712604693792726
COD10K-NonCAM-3-Flying-1017,0.0018124693306162953,0.9981875419616699,0.0,0.9959354545491234
COD10K-NonCAM-3-Flying-1020,0.0022205282002687454,0.9977794885635376,0.0,0.9959092558795997
COD10K-NonCAM-3-Flying-1026,0.0035402823705226183,0.9964597225189209,0.0,0.9950651921260989
COD10K-NonCAM-3-Flying-1031,0.003964173141866922,0.9960358142852783,0.0,0.9942084861746692
COD10K-NonCAM-3-Flying-1032,0.0018767755245789886,0.9981232285499573,0.0,0.9959998950792155
COD10K-NonCAM-3-Flying-1034,0.002117624506354332,0.9978823661804199,0.0,0.9958893310190232
COD10K-NonCAM-3-Flying-1035,0.0034385593608021736,0.9965614676475525,0.0,0.9950647822792833
COD10K-NonCAM-3-Flying-1037,0.0032538471277803183,0.9967461824417114,0.0,0.9951844575494543
COD10K-NonCAM-3-Flying-1038,0.004608736373484135,0.9953912496566772,0.0,0.993510737734357
COD10K-NonCAM-3-Flying-1040,0.0031278948299586773,0.9968721270561218,0.0,0.9955622732601312
COD10K-NonCAM-3-Flying-1043,0.003788622096180916,0.9962113499641418,0.0,0.9944723329439161
COD10K-NonCAM-3-Flying-1044,0.002548021264374256,0.9974519610404968,0.0,0.9958280431567439
COD10K-NonCAM-3-Flying-1046,0.0042310794815421104,0.9957689046859741,0.0,0.9939486748202226
COD10K-NonCAM-3-Flying-1050,0.1114298403263092,0.8885701894760132,0.0,0.8871746257657199
COD10K-NonCAM-3-Flying-1051,0.005871559493243694,0.9941284656524658,0.0,0.9919634714252281
COD10K-NonCAM-3-Flying-1053,0.0029317864682525396,0.9970682263374329,0.0,0.9955309357420727
COD10K-NonCAM-3-Flying-1056,0.09813271462917328,0.9018672704696655,0.0,0.900213492358942
COD10K-NonCAM-3-Flying-1057,0.009428654797375202,0.9905713200569153,0.0,0.9885554059929949
COD10K-NonCAM-3-Flying-1058,0.0028945382218807936,0.9971054792404175,0.0,0.9955806533134794
COD10K-NonCAM-3-Flying-1060,0.004000113811343908,0.9959998726844788,0.0,0.9945226179955291
COD10K-NonCAM-3-Flying-1064,0.008125205524265766,0.9918748140335083,0.0,0.9898897726447303
COD10K-NonCAM-3-Flying-1066,0.00629491126164794,0.9937050938606262,0.0,0.9916507267782059
COD10K-NonCAM-3-Flying-1067,0.037969958037137985,0.9620300531387329,0.0,0.9602469081156227
COD10K-NonCAM-3-Flying-1068,0.07489977777004242,0.9251002073287964,0.0,0.9232940157825072
COD10K-NonCAM-3-Flying-1069,0.0028392556123435497,0.9971607327461243,0.0,0.9957296483943088
COD10K-NonCAM-3-Flying-1073,0.04453824460506439,0.9554617404937744,0.0,0.9537391712165969
COD10K-NonCAM-3-Flying-1076,0.003284503472968936,0.9967154860496521,0.0,0.9953064973204848
COD10K-NonCAM-3-Flying-1077,0.0032160014379769564,0.996783971786499,0.0,0.9953109110554227
COD10K-NonCAM-3-Flying-1089,0.01287761889398098,0.9871223568916321,0.0,0.9852771989479676
COD10K-NonCAM-3-Flying-1097,0.09524601697921753,0.9047539830207825,0.0,0.9032227768395439
COD10K-NonCAM-3-Flying-1098,0.03555234521627426,0.9644476771354675,0.0,0.9627559272677013
COD10K-NonCAM-3-Flying-1101,0.03773709014058113,0.9622629284858704,0.0,0.9605339900466494
COD10K-NonCAM-3-Flying-1102,0.00224559148773551,0.9977543950080872,0.0,0.9959796234251796
COD10K-NonCAM-3-Flying-1106,0.004822941496968269,0.9951770305633545,0.0,0.9931578596260788
COD10K-NonCAM-3-Flying-1111,0.02599486894905567,0.9740051031112671,0.0,0.9721468734614982
COD10K-NonCAM-3-Flying-1114,0.012414133176207542,0.9875858426094055,0.0,0.9856107827292319
COD10K-NonCAM-3-Flying-1117,0.02856992371380329,0.9714300632476807,0.0,0.9696658184729183
COD10K-NonCAM-3-Flying-1120,0.05679422989487648,0.9432057738304138,0.0,0.9416040168518922
COD10K-NonCAM-3-Flying-1121,0.0019098306074738503,0.9980901479721069,0.0,0.9959308201274387
COD10K-NonCAM-3-Flying-1123,0.003593332367017865,0.9964066743850708,0.0,0.9948012507768176
COD10K-NonCAM-3-Flying-1124,0.002724436577409506,0.9972755908966064,0.0,0.9958877546851169
COD10K-NonCAM-3-Flying-1125,0.04666490852832794,0.9533351063728333,0.0,0.9516592932071862
COD10K-NonCAM-3-Flying-1128,0.0033550288062542677,0.9966449737548828,0.0,0.9950947956768604
COD10K-NonCAM-3-Flying-1132,0.002203508047387004,0.9977964758872986,0.0,0.9959758402238044
COD10K-NonCAM-3-Flying-1137,0.004689819645136595,0.9953101873397827,0.0,0.9933906841440485
COD10K-NonCAM-3-Flying-1139,0.04380928352475166,0.9561907052993774,0.0,0.9543091735571374
COD10K-NonCAM-3-Flying-1140,0.004044481087476015,0.9959555268287659,0.0,0.9940791322143131
COD10K-NonCAM-3-Flying-1146,0.002164131496101618,0.9978358745574951,0.0,0.9959545281893905
COD10K-NonCAM-3-Flying-1148,0.02712797373533249,0.9728720188140869,0.0,0.9710385215652568
COD10K-NonCAM-3-Flying-1150,0.009473121725022793,0.9905268549919128,0.0,0.9885915040394504
COD10K-NonCAM-3-Flying-1153,0.027320800349116325,0.9726791977882385,0.0,0.970847343789093
COD10K-NonCAM-3-Flying-1159,0.037177443504333496,0.9628225564956665,0.0,0.9611940010532434
COD10K-NonCAM-3-Flying-1163,0.005199701525270939,0.9948002696037292,0.0,0.9926965927983991
COD10K-NonCAM-3-Flying-1164,0.0033523254096508026,0.9966476559638977,0.0,0.9951922131122737
COD10K-NonCAM-3-Flying-1169,0.0024053072556853294,0.9975947141647339,0.0,0.9957746369639964
COD10K-NonCAM-3-Flying-1170,0.0033327764831483364,0.996667206287384,0.0,0.9953142528833041
COD10K-NonCAM-3-Flying-1171,0.005497059319168329,0.9945029616355896,0.0,0.9925880464456069
COD10K-NonCAM-3-Flying-1173,0.0034406399354338646,0.9965593814849854,0.0,0.9950326565942716
COD10K-NonCAM-3-Flying-1174,0.0023941362742334604,0.9976058602333069,0.0,0.9958347268125068
COD10K-NonCAM-3-Flying-1175,0.004055581521242857,0.9959444403648376,0.0,0.9939155087548327
COD10K-NonCAM-3-Flying-1177,0.003380720503628254,0.9966192841529846,0.0,0.9950591074772204
COD10K-NonCAM-3-Flying-1182,0.0040212711319327354,0.9959787130355835,0.0,0.9941914302418023
COD10K-NonCAM-3-Flying-1183,0.0039004844147711992,0.9960995316505432,0.0,0.9943956600627106
COD10K-NonCAM-3-Flying-1184,0.08478862047195435,0.9152113795280457,0.0,0.9136515182239333
COD10K-NonCAM-3-Flying-1194,0.0036118326243013144,0.9963881969451904,0.0,0.9948666371072535
COD10K-NonCAM-3-Flying-1196,0.007928544655442238,0.9920714497566223,0.0,0.9901688783261908
COD10K-NonCAM-3-Flying-1199,0.004355738405138254,0.9956442713737488,0.0,0.9936343223126158
COD10K-NonCAM-3-Flying-1203,0.029558144509792328,0.9704418778419495,0.0,0.9688071263407665
COD10K-NonCAM-3-Flying-1205,0.0038128490559756756,0.996187150478363,0.0,0.9943571975153954
COD10K-NonCAM-3-Flying-1215,0.01926957443356514,0.980730414390564,0.0,0.9787326073622108
COD10K-NonCAM-3-Flying-1216,0.04333427920937538,0.9566656947135925,0.0,0.9550295896790231
COD10K-NonCAM-3-Flying-1218,0.05359438434243202,0.9464055895805359,0.0,0.944695050008878
COD10K-NonCAM-3-Flying-1225,0.002108638873323798,0.997891366481781,0.0,0.9959650265732067
COD10K-NonCAM-3-Flying-1227,0.0026814460288733244,0.9973185658454895,0.0,0.9957907470965194
COD10K-NonCAM-3-Flying-1229,0.017356861382722855,0.9826431274414062,0.0,0.9808709673595474
COD10K-NonCAM-3-Flying-1231,0.004356774501502514,0.9956431984901428,0.0,0.9936131048582362
COD10K-NonCAM-3-Flying-1232,0.00415772944688797,0.9958422780036926,0.0,0.9937724722161694
COD10K-NonCAM-3-Flying-1235,0.058941103518009186,0.941058874130249,0.0,0.9392706643503386
COD10K-NonCAM-3-Flying-1237,0.0064667691476643085,0.9935332536697388,0.0,0.9914612514426611
COD10K-NonCAM-3-Flying-1238,0.0023776311427354813,0.9976223707199097,0.0,0.9958906866661827
COD10K-NonCAM-3-Flying-1240,0.013956008478999138,0.9860439896583557,0.0,0.9841336948056143
COD10K-NonCAM-3-Flying-1245,0.002466290257871151,0.9975337386131287,0.0,0.9959351392823421
COD10K-NonCAM-3-Flying-1246,0.09162648022174835,0.9083735346794128,0.0,0.9068439626159174
COD10K-NonCAM-3-Flying-1251,0.004962529521435499,0.9950374960899353,0.0,0.9930936397827336
COD10K-NonCAM-3-Flying-1252,0.003184358589351177,0.9968156218528748,0.0,0.9948195047234534
COD10K-NonCAM-3-Flying-1257,0.013232860714197159,0.9867671132087708,0.0,0.9849313197622334
COD10K-NonCAM-3-Flying-1258,0.002920852741226554,0.9970791339874268,0.0,0.9956704097661077
COD10K-NonCAM-3-Flying-1261,0.002813203725963831,0.9971867799758911,0.0,0.995825331862425
COD10K-NonCAM-3-Flying-1275,0.00535105774179101,0.9946489334106445,0.0,0.9928931301098443
COD10K-NonCAM-3-Flying-1278,0.02753925509750843,0.9724607467651367,0.0,0.9707131977736617
COD10K-NonCAM-3-Flying-1279,0.09210385382175446,0.9078961610794067,0.0,0.9062825985851836
COD10K-NonCAM-3-Flying-1285,0.038240183144807816,0.9617598056793213,0.0,0.9600820235890173
COD10K-NonCAM-3-Flying-1287,0.002180810086429119,0.997819185256958,0.0,0.995985645020702
COD10K-NonCAM-3-Flying-1292,0.002128633437678218,0.9978713393211365,0.0,0.9959312930276106
COD10K-NonCAM-3-Flying-1294,0.05125242471694946,0.9487475752830505,0.0,0.9471165511024753
COD10K-NonCAM-3-Flying-1295,0.004532551858574152,0.9954674243927002,0.0,0.9935385442644652
COD10K-NonCAM-3-Flying-1297,0.008567564189434052,0.9914324283599854,0.0,0.989500165956434
COD10K-NonCAM-3-Flying-1300,0.017378510907292366,0.9826214909553528,0.0,0.9807028986384512
COD10K-NonCAM-3-Flying-1301,0.018634693697094917,0.9813653230667114,0.0,0.9795339524668492
COD10K-NonCAM-3-Flying-1303,0.0016915511805564165,0.9983084201812744,0.0,0.9960234139810984
COD10K-NonCAM-3-Flying-1305,0.004633189644664526,0.9953668117523193,0.0,0.9938995877823784
COD10K-NonCAM-3-Flying-1311,0.0029085774440318346,0.9970914125442505,0.0,0.9956446209433996
COD10K-NonCAM-3-Flying-1314,0.004560037050396204,0.9954399466514587,0.0,0.9933322336828005
COD10K-NonCAM-3-Flying-1316,0.004255055915564299,0.9957449436187744,0.0,0.9935886401560095
COD10K-NonCAM-3-Flying-1317,0.005278369877487421,0.9947216510772705,0.0,0.9927449862493244
COD10K-NonCAM-3-Flying-1321,0.0018329211743548512,0.998167097568512,0.0,0.9960096683494349
COD10K-NonCAM-3-Flying-1322,0.002131496323272586,0.9978684782981873,0.0,0.9959282349398323
COD10K-NonCAM-3-Flying-1324,0.09630420804023743,0.903695821762085,0.0,0.9020942478693009
COD10K-NonCAM-3-Flying-1326,0.003563906764611602,0.9964361190795898,0.0,0.9948453250728395
COD10K-NonCAM-3-Flying-1327,0.0041914149187505245,0.9958086013793945,0.0,0.9937860602144423
COD10K-NonCAM-3-Flying-1328,0.002738105831667781,0.9972618818283081,0.0,0.9958875024716919
COD10K-NonCAM-3-Flying-1330,0.0029277182184159756,0.9970722794532776,0.0,0.9953638443479983
COD10K-NonCAM-3-Flying-1331,0.0035923197865486145,0.996407687664032,0.0,0.9947596040350115
COD10K-NonCAM-3-Flying-1332,0.003851457266137004,0.9961485266685486,0.0,0.9944834303346168
COD10K-NonCAM-3-Flying-1335,0.013086901977658272,0.9869130849838257,0.0,0.9851483494144615
COD10K-NonCAM-3-Flying-1336,0.007322867400944233,0.9926771521568298,0.0,0.9906939866770783
COD10K-NonCAM-3-Flying-1337,0.02112395688891411,0.9788760542869568,0.0,0.9770255638483331
COD10K-NonCAM-3-Flying-1338,0.025092419236898422,0.9749075770378113,0.0,0.9731563576951325
COD10K-NonCAM-3-Flying-1339,0.002994111506268382,0.9970058798789978,0.0,0.9953995956009947
COD10K-NonCAM-3-Flying-1340,0.0034282386768609285,0.9965717792510986,0.0,0.9950586345770485
COD10K-NonCAM-3-Flying-1342,0.0051809013821184635,0.9948191046714783,0.0,0.9927934742802841
COD10K-NonCAM-3-Flying-1343,0.020495794713497162,0.9795042276382446,0.0,0.9775239060494905
COD10K-NonCAM-3-Flying-1345,0.003266336861997843,0.9967336654663086,0.0,0.9951034024599892
COD10K-NonCAM-3-Flying-1347,0.05080585181713104,0.9491941332817078,0.0,0.947444270921608
COD10K-NonCAM-3-Flying-1353,0.026255756616592407,0.97374427318573,0.0,0.9720768842360556
COD10K-NonCAM-3-Flying-1354,0.009912591427564621,0.9900873899459839,0.0,0.9882244073993368
COD10K-NonCAM-3-Flying-1355,0.003424988593906164,0.9965749979019165,0.0,0.9950675881536366
COD10K-NonCAM-3-Flying-1358,0.005024165380746126,0.9949758052825928,0.0,0.9932602898033142
COD10K-NonCAM-3-Flying-1364,0.005069253500550985,0.9949307441711426,0.0,0.9930599692904937
COD10K-NonCAM-3-Flying-1374,0.06908299028873444,0.9309170246124268,0.0,0.9292139062411725
COD10K-NonCAM-3-Flying-1379,0.06365671008825302,0.9363433122634888,0.0,0.9347546253420014
COD10K-NonCAM-3-Flying-1381,0.0038459887728095055,0.9961540102958679,0.0,0.994353130573917
COD10K-NonCAM-3-Flying-1382,0.06294453889131546,0.9370554685592651,0.0,0.9353116071644755
COD10K-NonCAM-3-Flying-1383,0.002293908968567848,0.9977061152458191,0.0,0.9959207000637599
COD10K-NonCAM-3-Flying-1384,0.001886085607111454,0.9981139302253723,0.0,0.9960494550172315
COD10K-NonCAM-3-Flying-1385,0.04623410478234291,0.953765869140625,0.0,0.9518588886064099
COD10K-NonCAM-3-Flying-1387,0.03637581691145897,0.9636241793632507,0.0,0.9619324504350177
COD10K-NonCAM-3-Flying-1389,0.0024089410435408354,0.9975910782814026,0.0,0.9959055987849369
COD10K-NonCAM-3-Flying-1391,0.008728760294616222,0.9912712574005127,0.0,0.989409243016715
COD10K-NonCAM-3-Flying-1393,0.006889752112329006,0.9931102395057678,0.0,0.9910662221657267
COD10K-NonCAM-3-Flying-1397,0.05224796012043953,0.947752058506012,0.0,0.9461465697965343
COD10K-NonCAM-3-Flying-1398,0.003798149526119232,0.9962018728256226,0.0,0.9944611094465028
COD10K-NonCAM-3-Flying-1404,0.006076148711144924,0.9939238429069519,0.0,0.9920806245611489
COD10K-NonCAM-3-Flying-1406,0.017041726037859917,0.9829582571983337,0.0,0.9811505144145017
COD10K-NonCAM-3-Flying-1412,0.003221285529434681,0.9967787265777588,0.0,0.995597929933093
COD10K-NonCAM-3-Flying-1413,0.0389413982629776,0.9610586166381836,0.0,0.9593576666323657
COD10K-NonCAM-3-Flying-1414,0.04908968135714531,0.9509103298187256,0.0,0.9491579665645706
COD10K-NonCAM-3-Flying-1417,0.004498539958149195,0.9955014586448669,0.0,0.9939533092419073
COD10K-NonCAM-3-Flying-1418,0.07398514449596405,0.9260148406028748,0.0,0.9243733316081936
COD10K-NonCAM-3-Flying-1419,0.0024808417074382305,0.9975191354751587,0.0,0.9958455719897826
COD10K-NonCAM-3-Flying-1421,0.030923714861273766,0.9690762758255005,0.0,0.9672984171589873
COD10K-NonCAM-3-Flying-1422,0.00391796138137579,0.996082067489624,0.0,0.9943362322744408
COD10K-NonCAM-3-Flying-1423,0.003917647060006857,0.9960823655128479,0.0,0.9945163126599036
COD10K-NonCAM-3-Flying-1425,0.0064703067764639854,0.9935296773910522,0.0,0.9915645013135277
COD10K-NonCAM-3-Flying-1426,0.0023924894630908966,0.9976075291633606,0.0,0.9959223709777005
COD10K-NonCAM-3-Flying-1428,0.021906156092882156,0.9780938625335693,0.0,0.9764147975129739
COD10K-NonCAM-3-Flying-1431,0.002161571290344,0.9978384375572205,0.0,0.9959808529656267
COD10K-NonCAM-3-Flying-1432,0.003973690792918205,0.996026337146759,0.0,0.9942821640214525
COD10K-NonCAM-3-Flying-1434,0.002085258951410651,0.997914731502533,0.0,0.9959270369260634
COD10K-NonCAM-3-Flying-1435,0.06653276085853577,0.9334672689437866,0.0,0.9319206922451434
COD10K-NonCAM-3-Flying-1437,0.0035168700851500034,0.9964831471443176,0.0,0.9948781128180919
COD10K-NonCAM-3-Flying-1440,0.0036300949286669493,0.9963698983192444,0.0,0.9948980061519901
COD10K-NonCAM-3-Flying-1441,0.0020826575346291065,0.9979173541069031,0.0,0.9959694718348227
COD10K-NonCAM-3-Flying-1442,0.027062376961112022,0.9729376435279846,0.0,0.9711710281934256
COD10K-NonCAM-3-Flying-1444,0.005737942643463612,0.9942620396614075,0.0,0.9921671337659301
COD10K-NonCAM-3-Flying-1445,0.0020721075125038624,0.9979279041290283,0.0,0.9960110239965945
COD10K-NonCAM-3-Flying-1446,0.001843994832597673,0.9981560111045837,0.0,0.9959906262358461
COD10K-NonCAM-3-Flying-1448,0.004342208616435528,0.9956578016281128,0.0,0.993621238741193
COD10K-NonCAM-3-Flying-1454,0.07146578282117844,0.928534209728241,0.0,0.9264951085728352
COD10K-NonCAM-3-Flying-1459,0.0035218638367950916,0.9964781403541565,0.0,0.9951613169677089
COD10K-NonCAM-3-Flying-1465,0.03459252044558525,0.9654074907302856,0.0,0.9636945080022277
COD10K-NonCAM-3-Flying-1466,0.005460789892822504,0.994539201259613,0.0,0.9923475924715304
COD10K-NonCAM-3-Flying-1467,0.019274383783340454,0.9807256460189819,0.0,0.9787228656186695
COD10K-NonCAM-3-Flying-1473,0.11839159578084946,0.8816084265708923,0.0,0.8800552397843475
COD10K-NonCAM-3-Flying-1474,0.030817929655313492,0.9691820740699768,0.0,0.967361565095276
COD10K-NonCAM-3-Flying-1475,0.0439230278134346,0.956076979637146,0.0,0.9543243063626385
COD10K-NonCAM-3-Flying-1477,0.012645912356674671,0.9873540997505188,0.0,0.9855202065829723
COD10K-NonCAM-3-Flying-1478,0.03468024358153343,0.9653197526931763,0.0,0.9636109938318684
COD10K-NonCAM-3-Flying-1482,0.0028495346195995808,0.9971504807472229,0.0,0.9956384417144866
COD10K-NonCAM-3-Flying-1483,0.0640452578663826,0.935954749584198,0.0,0.9343180439032952
COD10K-NonCAM-3-Flying-1485,0.0035381063353270292,0.9964618682861328,0.0,0.9949190659729792
COD10K-NonCAM-3-Flying-1486,0.0266422051936388,0.9733577966690063,0.0,0.9717088733222763
COD10K-NonCAM-3-Flying-1487,0.004841938614845276,0.9951580762863159,0.0,0.9933047108927955
COD10K-NonCAM-3-Flying-1488,0.005571900401264429,0.9944280982017517,0.0,0.9926528968225147
COD10K-NonCAM-3-Flying-1491,0.002104103332385421,0.9978958964347839,0.0,0.9959008697832178
COD10K-NonCAM-3-Flying-1492,0.05057070404291153,0.9494292736053467,0.0,0.9478669175685819
COD10K-NonCAM-3-Flying-1496,0.004881204571574926,0.9951187968254089,0.0,0.9930001947087644
COD10K-NonCAM-3-Flying-1500,0.004883068148046732,0.9951169490814209,0.0,0.9930974545107869
COD10K-NonCAM-3-Flying-1503,0.003783975727856159,0.9962159991264343,0.0,0.9948383892036515
COD10K-NonCAM-3-Flying-1505,0.013751432299613953,0.9862485527992249,0.0,0.9844917117624271
COD10K-NonCAM-3-Flying-1507,0.00844591110944748,0.9915540814399719,0.0,0.9894357569530199
COD10K-NonCAM-3-Flying-1512,0.05774633213877678,0.9422536492347717,0.0,0.9403747601450327
COD10K-NonCAM-3-Flying-1513,0.005109787452965975,0.9948902130126953,0.0,0.9924942861048566
COD10K-NonCAM-3-Flying-1515,0.0033339117653667927,0.9966660737991333,0.0,0.9952420252637146
COD10K-NonCAM-3-Flying-1516,0.0027638329192996025,0.9972361922264099,0.0,0.995716091922714
COD10K-NonCAM-3-Flying-1519,0.002105895895510912,0.9978941082954407,0.0,0.9958833724768572
COD10K-NonCAM-3-Flying-1520,0.0025121106300503016,0.9974879026412964,0.0,0.9958094108899707
COD10K-NonCAM-3-Flying-1525,0.0023159857373684645,0.9976840019226074,0.0,0.9959714264888666
COD10K-NonCAM-3-Flying-1526,0.0030982482712715864,0.9969017505645752,0.0,0.9955033814253895
COD10K-NonCAM-3-Flying-1528,0.042046528309583664,0.9579534530639648,0.0,0.9562211720055205
COD10K-NonCAM-3-Flying-1529,0.004434976726770401,0.9955649971961975,0.0,0.9935532672231506
COD10K-NonCAM-3-Flying-1530,0.006852671504020691,0.9931473135948181,0.0,0.9913925232843436
COD10K-NonCAM-3-Flying-1533,0.00330715486779809,0.9966928362846375,0.0,0.9953561518385353
COD10K-NonCAM-3-Flying-1535,0.009875955991446972,0.9901240468025208,0.0,0.9882802411463001
COD10K-NonCAM-3-Flying-1537,0.006482779514044523,0.9935172200202942,0.0,0.9913703600296201
COD10K-NonCAM-3-Flying-1542,0.005804403219372034,0.9941955804824829,0.0,0.9921694036867552
COD10K-NonCAM-3-Flying-1544,0.06608214229345322,0.9339178800582886,0.0,0.9322791505754502
COD10K-NonCAM-3-Flying-1545,0.04794175550341606,0.9520582556724548,0.0,0.9503553497998434
COD10K-NonCAM-3-Flying-1546,0.003663444658741355,0.9963365793228149,0.0,0.9947371255135068
COD10K-NonCAM-3-Flying-1548,0.003980877343565226,0.9960191249847412,0.0,0.9941003496686928
COD10K-NonCAM-3-Flying-1549,0.030901843681931496,0.9690981507301331,0.0,0.9672920172433276
COD10K-NonCAM-3-Flying-1550,0.024301735684275627,0.9756982922554016,0.0,0.9738411171440563
COD10K-NonCAM-3-Flying-1551,0.014680447988212109,0.9853195548057556,0.0,0.9832604058214895
COD10K-NonCAM-3-Flying-1552,0.02034650929272175,0.9796534776687622,0.0,0.9778020028772508
COD10K-NonCAM-3-Flying-1554,0.005256150383502245,0.994743824005127,0.0,0.9927033395075183
COD10K-NonCAM-3-Flying-1558,0.059942349791526794,0.940057635307312,0.0,0.9383977221596733
COD10K-NonCAM-3-Flying-1559,0.004110538866370916,0.9958894848823547,0.0,0.9939832595861282
COD10K-NonCAM-3-Flying-1560,0.015512404032051563,0.9844875931739807,0.0,0.9826661594654691
COD10K-NonCAM-3-Flying-1562,0.005252813920378685,0.9947471618652344,0.0,0.9926241444920627
COD10K-NonCAM-3-Flying-1564,0.003442111425101757,0.996557891368866,0.0,0.9949414499144495
COD10K-NonCAM-3-Flying-1566,0.003555579576641321,0.9964444041252136,0.0,0.9951308306699599
COD10K-NonCAM-3-Flying-1568,0.005077888257801533,0.9949221014976501,0.0,0.9929136855039833
COD10K-NonCAM-3-Flying-1569,0.0027918017003685236,0.9972081780433655,0.0,0.9957409349450783
COD10K-NonCAM-3-Flying-1570,0.0034212374594062567,0.9965787529945374,0.0,0.9951391852396636
COD10K-NonCAM-3-Flying-1574,0.0027462062425911427,0.9972537755966187,0.0,0.9959274782995572
COD10K-NonCAM-3-Flying-1576,0.0017744232900440693,0.9982255697250366,0.0,0.9959521006351746
COD10K-NonCAM-3-Flying-1577,0.00650308420881629,0.9934968948364258,0.0,0.9914714030330181
COD10K-NonCAM-3-Flying-1578,0.0371192991733551,0.9628807306289673,0.0,0.9611202601531037
COD10K-NonCAM-3-Flying-1580,0.008805415593087673,0.9911946058273315,0.0,0.9893858817482226
COD10K-NonCAM-3-Flying-1581,0.04843029007315636,0.9515697360038757,0.0,0.949987528046133
COD10K-NonCAM-3-Flying-1584,0.011439100839197636,0.9885609149932861,0.0,0.986858293382727
COD10K-NonCAM-3-Flying-1585,0.0018773009069263935,0.9981226921081543,0.0,0.9959689674079727
COD10K-NonCAM-3-Flying-1586,0.003617536509409547,0.996382474899292,0.0,0.9946802513861652
COD10K-NonCAM-3-Flying-1588,0.004873743746429682,0.9951262474060059,0.0,0.9932898303007194
COD10K-NonCAM-3-Flying-1595,0.003673215862363577,0.9963268041610718,0.0,0.9945597564223629
COD10K-NonCAM-3-Flying-1597,0.009484690614044666,0.9905152916908264,0.0,0.9885232803079831
COD10K-NonCAM-3-Flying-1599,0.01003953255712986,0.9899604916572571,0.0,0.9878599274735077
COD10K-NonCAM-3-Flying-1600,0.04883837327361107,0.9511616230010986,0.0,0.9494563980997233
COD10K-NonCAM-3-Flying-1602,0.004375035874545574,0.9956249594688416,0.0,0.9938381422867085
COD10K-NonCAM-3-Flying-1606,0.0038619975093752146,0.9961379766464233,0.0,0.9944926991779863
COD10K-NonCAM-3-Flying-1611,0.0043362705036997795,0.9956637024879456,0.0,0.9940002524656386
COD10K-NonCAM-3-Flying-1614,0.00491719413548708,0.9950827956199646,0.0,0.9928361614024683
COD10K-NonCAM-3-Flying-1618,0.01260923407971859,0.9873907566070557,0.0,0.9856567801526195
COD10K-NonCAM-3-Flying-1619,0.002737414324656129,0.9972625970840454,0.0,0.9957627514063423
COD10K-NonCAM-3-Flying-1621,0.004120482597500086,0.9958795309066772,0.0,0.9946429237992627
COD10K-NonCAM-3-Flying-1622,0.0052742306143045425,0.99472576379776,0.0,0.9929797338946598
COD10K-NonCAM-3-Flying-1624,0.04395262151956558,0.9560473561286926,0.0,0.9542848034349452
COD10K-NonCAM-3-Flying-1626,0.002659548306837678,0.9973404407501221,0.0,0.9959177365560159
COD10K-NonCAM-3-Flying-1628,0.005296451039612293,0.9947035312652588,0.0,0.9928198936365548
COD10K-NonCAM-3-Flying-1629,0.0021976844873279333,0.9978023171424866,0.0,0.9959956074509901
COD10K-NonCAM-3-Flying-1632,0.025930453091859818,0.9740695357322693,0.0,0.9723473516077094
COD10K-NonCAM-3-Flying-1635,0.0065729813650250435,0.993427038192749,0.0,0.9914871348454035
COD10K-NonCAM-3-Flying-1636,0.02837153896689415,0.9716284871101379,0.0,0.9699671189357804
COD10K-NonCAM-3-Flying-1641,0.004351796116679907,0.995648205280304,0.0,0.9934497336121808
COD10K-NonCAM-3-Flying-1645,0.004741611424833536,0.9952583909034729,0.0,0.9934335604263016
COD10K-NonCAM-3-Flying-1648,0.0037768008187413216,0.9962232112884521,0.0,0.9943094030713545
COD10K-NonCAM-3-Flying-1651,0.010298543609678745,0.9897014498710632,0.0,0.9876462711758393
COD10K-NonCAM-3-Flying-1656,0.0027130169328302145,0.9972869753837585,0.0,0.9959775111377451
COD10K-NonCAM-3-Flying-1661,0.0026960542891174555,0.9973039627075195,0.0,0.995652408032897
COD10K-NonCAM-3-Flying-1670,0.007781312335282564,0.9922186732292175,0.0,0.9903184408872265
COD10K-NonCAM-3-Flying-1675,0.006871621590107679,0.9931283593177795,0.0,0.9914157899728016
COD10K-NonCAM-3-Flying-1676,0.0033811144530773163,0.9966188669204712,0.0,0.9952933506957058
COD10K-NonCAM-3-Flying-1680,0.0032559302635490894,0.9967440962791443,0.0,0.9953029663325346
COD10K-NonCAM-3-Flying-1687,0.07284974306821823,0.9271502494812012,0.0,0.9255098053013244
COD10K-NonCAM-3-Flying-1695,0.0033114291727542877,0.9966885447502136,0.0,0.9951741167990286
COD10K-NonCAM-3-Flying-1697,0.0036576276179403067,0.9963423609733582,0.0,0.9947363058198755
COD10K-NonCAM-3-Flying-1698,0.00607939250767231,0.993920624256134,0.0,0.9920190529587665
COD10K-NonCAM-3-Flying-1699,0.0033564914483577013,0.9966434836387634,0.0,0.9950585399970141
COD10K-NonCAM-3-Flying-1704,0.11444927006959915,0.8855507373809814,0.0,0.8840887314572691
COD10K-NonCAM-3-Flying-1706,0.0077734580263495445,0.9922265410423279,0.0,0.9903034972417942
COD10K-NonCAM-3-Flying-1707,0.021446874365210533,0.9785531163215637,0.0,0.9767472148071474
COD10K-NonCAM-3-Flying-1709,0.031973034143447876,0.9680269956588745,0.0,0.9662681253177889
COD10K-NonCAM-3-Flying-1712,0.004846252966672182,0.9951537251472473,0.0,0.9930755434694886
COD10K-NonCAM-3-Flying-1713,0.004493560176342726,0.9955064654350281,0.0,0.9934868089856584
COD10K-NonCAM-3-Flying-1717,0.03541173040866852,0.9645882844924927,0.0,0.962943889322696
COD10K-NonCAM-3-Flying-1721,0.0028717215172946453,0.9971283078193665,0.0,0.9956602266490726
COD10K-NonCAM-3-Flying-1722,0.005890168249607086,0.9941098093986511,0.0,0.99245853485186
COD10K-NonCAM-3-Flying-1724,0.08130958676338196,0.9186904430389404,0.0,0.9170734869212207
COD10K-NonCAM-3-Flying-1725,0.0027261311188340187,0.997273862361908,0.0,0.9957286080139305
COD10K-NonCAM-3-Flying-1730,0.0029088156297802925,0.9970911741256714,0.0,0.9958205398073496
COD10K-NonCAM-3-Flying-1735,0.005424759816378355,0.9945752620697021,0.0,0.9928152907415482
COD10K-NonCAM-3-Flying-1742,0.0020300480537116528,0.997969925403595,0.0,0.9958826788899384
COD10K-NonCAM-3-Flying-1743,0.00286125298589468,0.9971387386322021,0.0,0.9956510839124156
COD10K-NonCAM-3-Flying-1746,0.043317072093486786,0.9566829204559326,0.0,0.9549150847840648
COD10K-NonCAM-3-Flying-1747,0.005395947489887476,0.9946040511131287,0.0,0.992548133671098
COD10K-NonCAM-3-Flying-1750,0.0035810477565973997,0.9964189529418945,0.0,0.9948157530487562
COD10K-NonCAM-3-Flying-1751,0.06118850037455559,0.9388114809989929,0.0,0.9371725008676143
COD10K-NonCAM-3-Flying-1752,0.002505096374079585,0.9974948763847351,0.0,0.9958090640965113
COD10K-NonCAM-3-Flying-1753,0.003831015434116125,0.9961689710617065,0.0,0.994429929561835
COD10K-NonCAM-3-Flying-1755,0.008843573741614819,0.9911563992500305,0.0,0.9891629566071848
COD10K-NonCAM-3-Flying-1757,0.0818486288189888,0.9181513786315918,0.0,0.9165481578835863
COD10K-NonCAM-3-Flying-1760,0.03994594141840935,0.9600540399551392,0.0,0.9581168396346336
COD10K-NonCAM-3-Flying-1761,0.004869983531534672,0.9951300024986267,0.0,0.9930925678756772
COD10K-NonCAM-3-Flying-1763,0.004795135464519262,0.9952048659324646,0.0,0.9929909889187513
COD10K-NonCAM-3-Flying-1767,0.003350293030962348,0.9966496825218201,0.0,0.9951661405494624
COD10K-NonCAM-3-Flying-1770,0.004022969398647547,0.9959770441055298,0.0,0.9942374907185463
COD10K-NonCAM-3-Flying-1773,0.003296551527455449,0.9967034459114075,0.0,0.9954106929916955
COD10K-NonCAM-3-Flying-1776,0.07945792376995087,0.9205420613288879,0.0,0.918982332701791
COD10K-NonCAM-3-Flying-1777,0.05756335332989693,0.9424366354942322,0.0,0.9406216770881254
COD10K-NonCAM-3-Flying-1781,0.0019302483415231109,0.9980697631835938,0.0,0.9959814519725111
COD10K-NonCAM-3-Flying-1791,0.0043404363095760345,0.995659589767456,0.0,0.9938711507187077
COD10K-NonCAM-3-Flying-1793,0.002450144849717617,0.997549831867218,0.0,0.9958698790586187
COD10K-NonCAM-3-Flying-1796,0.00484131183475256,0.9951586723327637,0.0,0.9931042327465844
COD10K-NonCAM-3-Flying-1797,0.09254281222820282,0.907457172870636,0.0,0.9059557615130385
COD10K-NonCAM-3-Flying-1799,0.006366628222167492,0.9936333894729614,0.0,0.9915597723118087
COD10K-NonCAM-3-Flying-1801,0.09851651638746262,0.9014834761619568,0.0,0.899989495310848
COD10K-NonCAM-3-Flying-1804,0.004524925723671913,0.9954750537872314,0.0,0.9935847623745997
COD10K-NonCAM-3-Flying-1805,0.03431634604930878,0.96568363904953,0.0,0.9641154522085825
COD10K-NonCAM-3-Flying-1807,0.002155542839318514,0.9978444576263428,0.0,0.9959522267418871
COD10K-NonCAM-3-Flying-1809,0.02516518533229828,0.9748347997665405,0.0,0.9731075859240697
COD10K-NonCAM-3-Flying-1810,0.003893810324370861,0.9961062073707581,0.0,0.9942149176170072
COD10K-NonCAM-3-Flying-1812,0.026277774944901466,0.9737222194671631,0.0,0.9718440281914078
COD10K-NonCAM-3-Flying-1814,0.0033849403262138367,0.9966150522232056,0.0,0.9950062057113229
COD10K-NonCAM-3-Flying-1815,0.004113343078643084,0.9958866834640503,0.0,0.9941802697977453
COD10K-NonCAM-3-Flying-1816,0.002109134802594781,0.9978908896446228,0.0,0.9959807583855922
COD10K-NonCAM-3-Flying-1818,0.003169200150296092,0.9968308210372925,0.0,0.9951045058937236
COD10K-NonCAM-3-Flying-1820,0.060173150151968,0.9398268461227417,0.0,0.9381023487122992
COD10K-NonCAM-3-Flying-1821,0.0694432407617569,0.9305567741394043,0.0,0.9289299769779586
COD10K-NonCAM-3-Flying-1822,0.027661480009555817,0.9723384976387024,0.0,0.9706301249767963
COD10K-NonCAM-3-Flying-1823,0.0032247102353721857,0.9967752695083618,0.0,0.9953774323462712
COD10K-NonCAM-3-Flying-1825,0.0031926343217492104,0.996807336807251,0.0,0.995514163549309
COD10K-NonCAM-3-Flying-1826,0.002412385307252407,0.9975876212120056,0.0,0.9959058825250401
COD10K-NonCAM-3-Flying-1827,0.0032001168001443148,0.996799886226654,0.0,0.9953640335080671
COD10K-NonCAM-3-Flying-1829,0.0019010083051398396,0.9980989694595337,0.0,0.995984888380427
COD10K-NonCAM-3-Flying-1833,0.0026051297318190336,0.997394859790802,0.0,0.9958359878796319
COD10K-NonCAM-3-Flying-1838,0.0035325305070728064,0.9964674711227417,0.0,0.9953123297559384
COD10K-NonCAM-3-Flying-1839,0.02550610713660717,0.9744939208030701,0.0,0.9728132528570737
COD10K-NonCAM-3-Flying-1844,0.006022471934556961,0.9939775466918945,0.0,0.9921544915680011
COD10K-NonCAM-3-Flying-1845,0.004979200195521116,0.9950208067893982,0.0,0.9926843919739639
COD10K-NonCAM-3-Flying-1846,0.007321667857468128,0.9926783442497253,0.0,0.9906694589214953
COD10K-NonCAM-3-Flying-1848,0.005161406472325325,0.9948385953903198,0.0,0.9928249379050551
COD10K-NonCAM-3-Flying-1849,0.0025833596009761095,0.997416615486145,0.0,0.9959815465525454
COD10K-NonCAM-3-Flying-1855,0.0026837086770683527,0.997316300868988,0.0,0.9959153720551563
COD10K-NonCAM-3-Flying-1858,0.0029190201312303543,0.9970809817314148,0.0,0.9956936134012093
COD10K-NonCAM-3-Flying-1859,0.0069159152917563915,0.9930840730667114,0.0,0.9913098288076159
COD10K-NonCAM-3-Flying-1868,0.003783103544265032,0.996216893196106,0.0,0.9945480600247778
COD10K-NonCAM-3-Flying-1869,0.033547740429639816,0.9664522409439087,0.0,0.9647174226007442
COD10K-NonCAM-3-Flying-1870,0.023617133498191833,0.976382851600647,0.0,0.9745111536342947
COD10K-NonCAM-3-Flying-1874,0.0034741349518299103,0.9965258836746216,0.0,0.994799611389555
COD10K-NonCAM-3-Flying-1879,0.0045051295310258865,0.9954948425292969,0.0,0.9935619055329575
COD10K-NonCAM-3-Flying-1881,0.009190353564918041,0.9908096194267273,0.0,0.9890082236709363
COD10K-NonCAM-3-Flying-1883,0.006337405648082495,0.9936625957489014,0.0,0.9917412398711092
COD10K-NonCAM-3-Flying-1884,0.0029539887327700853,0.9970459938049316,0.0,0.995657105507938
COD10K-NonCAM-3-Flying-1885,0.0038618165999650955,0.9961381554603577,0.0,0.9943140374930393
COD10K-NonCAM-3-Flying-1886,0.002954711439087987,0.9970452785491943,0.0,0.9955344982567012
COD10K-NonCAM-3-Flying-1889,0.00828498788177967,0.9917150139808655,0.0,0.9897537980819676
COD10K-NonCAM-3-Flying-1890,0.011048386804759502,0.9889516234397888,0.0,0.9870424091829901
COD10K-NonCAM-3-Flying-1891,0.04500656947493553,0.9549934267997742,0.0,0.9531966286127052
COD10K-NonCAM-3-Flying-1892,0.004415932111442089,0.9955840706825256,0.0,0.9935782363522274
COD10K-NonCAM-3-Flying-1894,0.003915069159120321,0.9960849285125732,0.0,0.9941211888029349
COD10K-NonCAM-3-Flying-1905,0.002616382436826825,0.9973835945129395,0.0,0.9958410321481324
COD10K-NonCAM-3-Flying-1907,0.0746532529592514,0.9253467321395874,0.0,0.9236428584759853
COD10K-NonCAM-3-Flying-1908,0.002303066896274686,0.9976969361305237,0.0,0.9958941861274548
COD10K-NonCAM-3-Flying-1910,0.011514660902321339,0.9884853363037109,0.0,0.9866529286014062
COD10K-NonCAM-3-Flying-1916,0.004184200428426266,0.9958158135414124,0.0,0.994079100687635
COD10K-NonCAM-3-Flying-1920,0.014930530451238155,0.9850694537162781,0.0,0.9832461557629761
COD10K-NonCAM-3-Flying-1922,0.02098011039197445,0.9790198802947998,0.0,0.9770840143095809
COD10K-NonCAM-3-Flying-1924,0.007342508528381586,0.992657482624054,0.0,0.9906610412984354
COD10K-NonCAM-3-Flying-1925,0.022345691919326782,0.9776543378829956,0.0,0.9759001560192248
COD10K-NonCAM-3-Flying-1927,0.007371060084551573,0.9926289319992065,0.0,0.9905260125360164
COD10K-NonCAM-3-Flying-1930,0.0046529341489076614,0.9953470826148987,0.0,0.9932014925486069
COD10K-NonCAM-3-Flying-1932,0.006320074200630188,0.993679940700531,0.0,0.9918094005492202
COD10K-NonCAM-3-Flying-1934,0.0025305256713181734,0.9974694848060608,0.0,0.9958891418589545
COD10K-NonCAM-3-Flying-1936,0.044452253729104996,0.9555477499961853,0.0,0.9537487238000695
COD10K-NonCAM-3-Flying-1942,0.05341927334666252,0.946580708026886,0.0,0.944824403969234
COD10K-NonCAM-3-Flying-1943,0.040421195328235626,0.959578812122345,0.0,0.9576311396314053
COD10K-NonCAM-3-Flying-1944,0.001953436527401209,0.9980465769767761,0.0,0.9959723722892104
COD10K-NonCAM-3-Flying-1946,0.003073286497965455,0.9969267249107361,0.0,0.9957418176920658
COD10K-NonCAM-3-Flying-1947,0.003911653533577919,0.9960883259773254,0.0,0.9943674121591086
COD10K-NonCAM-3-Flying-1949,0.009895454160869122,0.9901045560836792,0.0,0.9881963486558035
COD10K-NonCAM-3-Flying-1950,0.002276432001963258,0.9977235794067383,0.0,0.9959731289294855
COD10K-NonCAM-3-Flying-1955,0.0057394858449697495,0.9942604899406433,0.0,0.9921616796506141
COD10K-NonCAM-3-Flying-1957,0.006481113377958536,0.9935188889503479,0.0,0.9916099627833873
COD10K-NonCAM-3-Flying-1961,0.205682173371315,0.7943178415298462,0.0,0.7931516677864943
COD10K-NonCAM-3-Flying-1962,0.00555055495351553,0.9944494366645813,0.0,0.9923801280033577
COD10K-NonCAM-3-Flying-1971,0.0066198501735925674,0.9933801293373108,0.0,0.9914851171380035
COD10K-NonCAM-3-Flying-1976,0.03639787435531616,0.9636021256446838,0.0,0.961832164071895
COD10K-NonCAM-3-Flying-1977,0.003339428221806884,0.996660590171814,0.0,0.9952597432568222
COD10K-NonCAM-3-Flying-946,0.0385248139500618,0.9614751935005188,0.0,0.9597733458834733
COD10K-NonCAM-3-Flying-948,0.0029017808847129345,0.9970982074737549,0.0,0.9956699368659357
COD10K-NonCAM-3-Flying-951,0.002329465700313449,0.9976705312728882,0.0,0.9959549065095279
COD10K-NonCAM-3-Flying-953,0.0024257441982626915,0.9975742697715759,0.0,0.9959505243012683
COD10K-NonCAM-3-Flying-954,0.0036587852519005537,0.9963412284851074,0.0,0.9946419779989188
COD10K-NonCAM-3-Flying-956,0.007803145796060562,0.9921968579292297,0.0,0.9902348321368332
COD10K-NonCAM-3-Flying-959,0.004608790390193462,0.9953911900520325,0.0,0.9935927070974878
COD10K-NonCAM-3-Flying-960,0.19250242412090302,0.8074975609779358,0.0,0.806368344844354
COD10K-NonCAM-3-Flying-961,0.07979373633861542,0.9202062487602234,0.0,0.918656063109852
COD10K-NonCAM-3-Flying-969,0.004539979621767998,0.995460033416748,0.0,0.9935308832816804
COD10K-NonCAM-3-Flying-971,0.019535917788743973,0.9804641008377075,0.0,0.9786039154620956
COD10K-NonCAM-3-Flying-973,0.00326378270983696,0.9967362284660339,0.0,0.9952371071019268
COD10K-NonCAM-3-Flying-977,0.0032512976322323084,0.996748685836792,0.0,0.9954116703187174
COD10K-NonCAM-3-Flying-978,0.006118857767432928,0.9938811659812927,0.0,0.9917627725922701
COD10K-NonCAM-3-Flying-980,0.02918085642158985,0.9708191156387329,0.0,0.9691317250187647
COD10K-NonCAM-3-Flying-981,0.003163570538163185,0.9968364238739014,0.0,0.995204697676812
COD10K-NonCAM-3-Flying-985,0.030242135748267174,0.9697578549385071,0.0,0.9678672845391153
COD10K-NonCAM-3-Flying-989,0.009644481353461742,0.9903554916381836,0.0,0.9882950271583417
COD10K-NonCAM-3-Flying-992,0.004358995705842972,0.9956409931182861,0.0,0.9936731001267123
COD10K-NonCAM-3-Flying-994,0.0033545992337167263,0.9966453909873962,0.0,0.9953471352085909
COD10K-NonCAM-3-Flying-997,0.004281975328922272,0.9957180023193359,0.0,0.9934154010597003
COD10K-NonCAM-3-Flying-999,0.03687961772084236,0.9631204009056091,0.0,0.9614423366968516
COD10K-NonCAM-4-Terrestial-1983,0.002954217605292797,0.9970457553863525,0.0,0.9958410952014886
COD10K-NonCAM-4-Terrestial-1987,0.0035996977239847183,0.9964002966880798,0.0,0.9948778606046669
COD10K-NonCAM-4-Terrestial-1990,0.008496347814798355,0.9915036559104919,0.0,0.9895634399994353
COD10K-NonCAM-4-Terrestial-1991,0.10795401781797409,0.8920459747314453,0.0,0.8906327870894974
COD10K-NonCAM-4-Terrestial-1992,0.004440655000507832,0.9955593347549438,0.0,0.9935778265054118
COD10K-NonCAM-4-Terrestial-1993,0.004046409856528044,0.9959536194801331,0.0,0.9944215119387749
COD10K-NonCAM-4-Terrestial-1998,0.003125645685940981,0.9968743324279785,0.0,0.9954148545132082
COD10K-NonCAM-4-Terrestial-2000,0.004882868379354477,0.9951171278953552,0.0,0.993176744106277
COD10K-NonCAM-4-Terrestial-2007,0.0037617324851453304,0.9962382912635803,0.0,0.9944521873965928
COD10K-NonCAM-4-Terrestial-2010,0.11960897594690323,0.880391001701355,0.0,0.8790100988777512
COD10K-NonCAM-4-Terrestial-2012,0.07662083953619003,0.9233791828155518,0.0,0.9217470016868033
COD10K-NonCAM-4-Terrestial-2013,0.004000292159616947,0.9959996938705444,0.0,0.994316465047255
COD10K-NonCAM-4-Terrestial-2014,0.004441991914063692,0.9955580234527588,0.0,0.9935088776603476
COD10K-NonCAM-4-Terrestial-2017,0.006078825332224369,0.993921160697937,0.0,0.9918863571705289
COD10K-NonCAM-4-Terrestial-2018,0.02093758061528206,0.9790624380111694,0.0,0.9771500942269358
COD10K-NonCAM-4-Terrestial-2025,0.004225060809403658,0.9957749247550964,0.0,0.9934988837033811
COD10K-NonCAM-4-Terrestial-2028,0.1909296065568924,0.8090704083442688,0.0,0.807862835494298
COD10K-NonCAM-4-Terrestial-2031,0.003781652543693781,0.9962183237075806,0.0,0.9947866854515228
COD10K-NonCAM-4-Terrestial-2034,0.0038174884393811226,0.9961825013160706,0.0,0.9945693405325137
COD10K-NonCAM-4-Terrestial-2035,0.0024908469058573246,0.9975091814994812,0.0,0.9959354230224453
COD10K-NonCAM-4-Terrestial-2037,0.0019014643039554358,0.9980985522270203,0.0,0.9959049997780525
COD10K-NonCAM-4-Terrestial-2039,0.009525589644908905,0.9904744029045105,0.0,0.9885184882529079
COD10K-NonCAM-4-Terrestial-2045,0.0017051900504156947,0.9982948303222656,0.0,0.9959916666162243
COD10K-NonCAM-4-Terrestial-2048,0.0028269728645682335,0.997173011302948,0.0,0.9958043666214703
COD10K-NonCAM-4-Terrestial-2049,0.003980857320129871,0.9960191249847412,0.0,0.9942452147546874
COD10K-NonCAM-4-Terrestial-2050,0.006020668428391218,0.9939793348312378,0.0,0.9917659252600828
COD10K-NonCAM-4-Terrestial-2053,0.0058107804507017136,0.9941892027854919,0.0,0.9921276308382367
COD10K-NonCAM-4-Terrestial-2059,0.0028942094650119543,0.9971057772636414,0.0,0.9956824529571522
COD10K-NonCAM-4-Terrestial-2061,0.015094329603016376,0.9849056601524353,0.0,0.9830329723654797
COD10K-NonCAM-4-Terrestial-2063,0.0035797315649688244,0.9964202642440796,0.0,0.9948949165375336
COD10K-NonCAM-4-Terrestial-2064,0.006365731358528137,0.9936342835426331,0.0,0.9916747816336169
COD10K-NonCAM-4-Terrestial-2066,0.002346774097532034,0.9976532459259033,0.0,0.9958745765336596
COD10K-NonCAM-4-Terrestial-2067,0.031108438968658447,0.9688915610313416,0.0,0.9671659105308185
COD10K-NonCAM-4-Terrestial-2068,0.00275128660723567,0.9972487092018127,0.0,0.9958465808434827
COD10K-NonCAM-4-Terrestial-2070,0.002902785548940301,0.9970971941947937,0.0,0.9956532592532065
COD10K-NonCAM-4-Terrestial-2071,0.02427005209028721,0.9757299423217773,0.0,0.9738570381165106
COD10K-NonCAM-4-Terrestial-2072,0.004505751188844442,0.9954942464828491,0.0,0.993515435209398
COD10K-NonCAM-4-Terrestial-2073,0.11215537041425705,0.8878446221351624,0.0,0.8864575199450377
COD10K-NonCAM-4-Terrestial-2076,0.004404218401759863,0.9955957531929016,0.0,0.9932142293265702
COD10K-NonCAM-4-Terrestial-2077,0.002479335991665721,0.9975206851959229,0.0,0.9959288654733949
COD10K-NonCAM-4-Terrestial-2079,0.0035341850016266108,0.996465802192688,0.0,0.9950113130331795
COD10K-NonCAM-4-Terrestial-2082,0.004126825835555792,0.9958731532096863,0.0,0.994401208758061
COD10K-NonCAM-4-Terrestial-2088,0.014093267731368542,0.985906720161438,0.0,0.9840394300380138
COD10K-NonCAM-4-Terrestial-2089,0.00215343595482409,0.9978465437889099,0.0,0.9959620630654629
COD10K-NonCAM-4-Terrestial-2090,0.004462151788175106,0.9955378770828247,0.0,0.9937856503676266
COD10K-NonCAM-4-Terrestial-2092,0.0023155040107667446,0.9976844787597656,0.0,0.9959230645646193
COD10K-NonCAM-4-Terrestial-2101,0.00506132747977972,0.9949386715888977,0.0,0.9927989283956001
COD10K-NonCAM-4-Terrestial-2103,0.007195001933723688,0.992805004119873,0.0,0.9907763343603466
COD10K-NonCAM-4-Terrestial-2104,0.0023843080271035433,0.9976156949996948,0.0,0.9959289600534291
COD10K-NonCAM-4-Terrestial-2105,0.005455882754176855,0.9945440888404846,0.0,0.9924038991186657
COD10K-NonCAM-4-Terrestial-2107,0.0031804577447474003,0.9968195557594299,0.0,0.9956040461086498
COD10K-NonCAM-4-Terrestial-2109,0.0034707372542470694,0.9965292811393738,0.0,0.9953618266405981
COD10K-NonCAM-4-Terrestial-2112,0.008551870472729206,0.9914481043815613,0.0,0.9897251088048717
COD10K-NonCAM-4-Terrestial-2113,0.018051648512482643,0.9819483757019043,0.0,0.9800773147643721
COD10K-NonCAM-4-Terrestial-2119,0.010777636431157589,0.9892223477363586,0.0,0.9873188350968098
COD10K-NonCAM-4-Terrestial-2125,0.0038233136292546988,0.9961766600608826,0.0,0.9945495102519716
COD10K-NonCAM-4-Terrestial-2126,0.005193683784455061,0.9948062896728516,0.0,0.9928027431236535
COD10K-NonCAM-4-Terrestial-2132,0.10681160539388657,0.8931884169578552,0.0,0.8917054192594207
COD10K-NonCAM-4-Terrestial-2135,0.0038215748500078917,0.9961784482002258,0.0,0.9944696531762753
COD10K-NonCAM-4-Terrestial-2138,0.005164148285984993,0.9948358535766602,0.0,0.9927866014644524
COD10K-NonCAM-4-Terrestial-2141,0.004353692755103111,0.9956462979316711,0.0,0.9936215224812961
COD10K-NonCAM-4-Terrestial-2142,0.009111600928008556,0.9908884167671204,0.0,0.9888075248379783
COD10K-NonCAM-4-Terrestial-2149,0.005123766604810953,0.9948762059211731,0.0,0.9925244256091461
COD10K-NonCAM-4-Terrestial-2150,0.003704777918756008,0.9962952136993408,0.0,0.9946551876770542
COD10K-NonCAM-4-Terrestial-2151,0.04637078568339348,0.953629195690155,0.0,0.9518786873602738
COD10K-NonCAM-4-Terrestial-2153,0.031551606953144073,0.9684484004974365,0.0,0.9666429775207219
COD10K-NonCAM-4-Terrestial-2161,0.0025358872953802347,0.997464120388031,0.0,0.9958628801360745
COD10K-NonCAM-4-Terrestial-2163,0.0026924563571810722,0.997307538986206,0.0,0.9958107980638082
COD10K-NonCAM-4-Terrestial-2172,0.022534556686878204,0.9774654507637024,0.0,0.9755756519212611
COD10K-NonCAM-4-Terrestial-2173,0.012626342475414276,0.9873736500740051,0.0,0.9855026777499337
COD10K-NonCAM-4-Terrestial-2176,0.002312365686520934,0.9976876378059387,0.0,0.995982429299533
COD10K-NonCAM-4-Terrestial-2178,0.0034934873692691326,0.9965065121650696,0.0,0.9952994038179063
COD10K-NonCAM-4-Terrestial-2179,0.004019139334559441,0.9959808588027954,0.0,0.9940191999991932
COD10K-NonCAM-4-Terrestial-2185,0.0030015537049621344,0.9969984292984009,0.0,0.9957287971739993
COD10K-NonCAM-4-Terrestial-2189,0.001855996553786099,0.9981440305709839,0.0,0.9959146154148812
COD10K-NonCAM-4-Terrestial-2190,0.0030653169378638268,0.996934711933136,0.0,0.9955609806663279
COD10K-NonCAM-4-Terrestial-2194,0.004605749621987343,0.995394229888916,0.0,0.9934776977756796
COD10K-NonCAM-4-Terrestial-2195,0.002702011028304696,0.997298002243042,0.0,0.9958722435594782
COD10K-NonCAM-4-Terrestial-2197,0.0036060793790966272,0.9963939189910889,0.0,0.9947839111038477
COD10K-NonCAM-4-Terrestial-2201,0.10157817602157593,0.8984218239784241,0.0,0.8970010814911664
COD10K-NonCAM-4-Terrestial-2202,0.13582466542720795,0.8641753196716309,0.0,0.8628461503151659
COD10K-NonCAM-4-Terrestial-2204,0.0026728715747594833,0.9973271489143372,0.0,0.99587911637531
COD10K-NonCAM-4-Terrestial-2205,0.0073422640562057495,0.9926577210426331,0.0,0.9904235508321029
COD10K-NonCAM-4-Terrestial-2212,0.0027679300401359797,0.9972320795059204,0.0,0.9958529807591425
COD10K-NonCAM-4-Terrestial-2213,0.001805128064006567,0.9981948733329773,0.0,0.9960364975525212
COD10K-NonCAM-4-Terrestial-2215,0.008855124935507774,0.9911448955535889,0.0,0.989319076717271
COD10K-NonCAM-4-Terrestial-2217,0.007159641943871975,0.9928403496742249,0.0,0.9907757668801405
COD10K-NonCAM-4-Terrestial-2218,0.0025941464118659496,0.9974058270454407,0.0,0.9958507423649955
COD10K-NonCAM-4-Terrestial-2220,0.0560772679746151,0.943922758102417,0.0,0.9421735147655828
COD10K-NonCAM-4-Terrestial-2224,0.004529784433543682,0.9954702258110046,0.0,0.9937423011852017
COD10K-NonCAM-4-Terrestial-2225,0.033970583230257034,0.9660294055938721,0.0,0.9641846532670718
COD10K-NonCAM-4-Terrestial-2229,0.0028304867446422577,0.9971694946289062,0.0,0.9959360850826859
COD10K-NonCAM-4-Terrestial-2231,0.06448619067668915,0.9355137944221497,0.0,0.9339541945110288
COD10K-NonCAM-4-Terrestial-2232,0.004852887708693743,0.9951471090316772,0.0,0.9930759217896261
COD10K-NonCAM-4-Terrestial-2233,0.0028444223571568727,0.9971556067466736,0.0,0.9957964849519385
COD10K-NonCAM-4-Terrestial-2235,0.006679995451122522,0.9933199882507324,0.0,0.9911956707061171
COD10K-NonCAM-4-Terrestial-2240,0.002688880544155836,0.9973111152648926,0.0,0.9958380055870321
COD10K-NonCAM-4-Terrestial-2241,0.002128566149622202,0.997871458530426,0.0,0.9959577123838812
COD10K-NonCAM-4-Terrestial-2243,0.005738141480833292,0.9942618608474731,0.0,0.9919457219054425
COD10K-NonCAM-4-Terrestial-2244,0.0061745117418468,0.9938254952430725,0.0,0.9918190792394053
COD10K-NonCAM-4-Terrestial-2245,0.0042720879428088665,0.9957278966903687,0.0,0.9937577807841621
COD10K-NonCAM-4-Terrestial-2251,0.05553261935710907,0.9444673657417297,0.0,0.9428386646207113
COD10K-NonCAM-4-Terrestial-2256,0.04682300239801407,0.9531769752502441,0.0,0.9514316705911076
COD10K-NonCAM-4-Terrestial-2261,0.0019341340521350503,0.9980658888816833,0.0,0.995956640476825
COD10K-NonCAM-4-Terrestial-2264,0.0034139181952923536,0.9965860843658447,0.0,0.9950476948197383
COD10K-NonCAM-4-Terrestial-2266,0.007383288815617561,0.9926167130470276,0.0,0.9906928832433438
COD10K-NonCAM-4-Terrestial-2271,0.003443577094003558,0.9965564012527466,0.0,0.9949737017061737
COD10K-NonCAM-4-Terrestial-2276,0.07073991000652313,0.9292600750923157,0.0,0.9275741406584184
COD10K-NonCAM-4-Terrestial-2278,0.17252661287784576,0.8274734020233154,0.0,0.8262561615739732
COD10K-NonCAM-4-Terrestial-2279,0.0027494824025779963,0.997250497341156,0.0,0.9957835905405845
COD10K-NonCAM-4-Terrestial-2282,0.009648632258176804,0.9903513789176941,0.0,0.9883754201875663
COD10K-NonCAM-4-Terrestial-2285,0.006251141894608736,0.9937488436698914,0.0,0.9917339256817836
COD10K-NonCAM-4-Terrestial-2286,0.007503357715904713,0.99249666929245,0.0,0.9905385286272329
COD10K-NonCAM-4-Terrestial-2288,0.008127671666443348,0.9918723106384277,0.0,0.9898074880148183
COD10K-NonCAM-4-Terrestial-2291,0.003944749478250742,0.9960552453994751,0.0,0.9943984659370639
COD10K-NonCAM-4-Terrestial-2294,0.04905473440885544,0.950945258140564,0.0,0.9492166377125655
COD10K-NonCAM-4-Terrestial-2295,0.005959631875157356,0.9940403699874878,0.0,0.9921008016351505
COD10K-NonCAM-4-Terrestial-2300,0.0028207171708345413,0.9971792697906494,0.0,0.9958244806421155
COD10K-NonCAM-4-Terrestial-2301,0.10292411595582962,0.897075891494751,0.0,0.8954694208877106
COD10K-NonCAM-4-Terrestial-2302,0.0027593502309173346,0.9972406625747681,0.0,0.9958391405474447
COD10K-NonCAM-4-Terrestial-2304,0.0030325816478580236,0.9969674348831177,0.0,0.9956636630569884
COD10K-NonCAM-4-Terrestial-2307,0.02949592098593712,0.970504105091095,0.0,0.9687195767556072
COD10K-NonCAM-4-Terrestial-2308,0.04585761949419975,0.9541423916816711,0.0,0.9523431383824443
COD10K-NonCAM-4-Terrestial-2309,0.003952805884182453,0.9960471987724304,0.0,0.9942667790025265
COD10K-NonCAM-4-Terrestial-2312,0.00513859186321497,0.9948614239692688,0.0,0.9925668920445836
COD10K-NonCAM-4-Terrestial-2316,0.002423221245408058,0.9975767731666565,0.0,0.9955591205923184
COD10K-NonCAM-4-Terrestial-2324,0.03131510689854622,0.9686849117279053,0.0,0.9665922510956153
COD10K-NonCAM-4-Terrestial-2325,0.0033721430227160454,0.9966278672218323,0.0,0.995162325821409
COD10K-NonCAM-4-Terrestial-2328,0.0027577700093388557,0.9972422122955322,0.0,0.9957670705612458
COD10K-NonCAM-4-Terrestial-2330,0.006666436791419983,0.9933335781097412,0.0,0.9913720624702391
COD10K-NonCAM-4-Terrestial-2333,0.0029605962336063385,0.9970393776893616,0.0,0.9956763998349518
COD10K-NonCAM-4-Terrestial-2339,0.11947433650493622,0.8805256485939026,0.0,0.8790795521496655
COD10K-NonCAM-4-Terrestial-2340,0.007133349776268005,0.9928666353225708,0.0,0.9908326725341601
COD10K-NonCAM-4-Terrestial-2341,0.0032180447597056627,0.9967819452285767,0.0,0.9956893888263403
COD10K-NonCAM-4-Terrestial-2344,0.002221121219918132,0.9977788925170898,0.0,0.9959213936506787
COD10K-NonCAM-4-Terrestial-2346,0.004584102425724268,0.9954159259796143,0.0,0.993624202248937
COD10K-NonCAM-4-Terrestial-2347,0.08205336332321167,0.9179466366767883,0.0,0.9163569170540664
COD10K-NonCAM-4-Terrestial-2348,0.005485596600919962,0.9945144057273865,0.0,0.9923414132426176
COD10K-NonCAM-4-Terrestial-2352,0.004461121279746294,0.9955388903617859,0.0,0.9933302790287567
COD10K-NonCAM-4-Terrestial-2356,0.0029702880419790745,0.997029721736908,0.0,0.9958363661997695
COD10K-NonCAM-4-Terrestial-2359,0.006323887035250664,0.9936761260032654,0.0,0.9917678168607704
COD10K-NonCAM-4-Terrestial-2365,0.003544881474226713,0.9964551329612732,0.0,0.9949173635323603
COD10K-NonCAM-4-Terrestial-2366,0.003273866605013609,0.9967261552810669,0.0,0.9952047922568463
COD10K-NonCAM-4-Terrestial-2368,0.004221785813570023,0.9957782030105591,0.0,0.9936503693917826
COD10K-NonCAM-4-Terrestial-2369,0.0021999336313456297,0.9978000521659851,0.0,0.9959728136627042
COD10K-NonCAM-4-Terrestial-2370,0.003570857923477888,0.9964291453361511,0.0,0.9949190974996573
COD10K-NonCAM-4-Terrestial-2371,0.00399298220872879,0.9960070252418518,0.0,0.9939930643830257
COD10K-NonCAM-4-Terrestial-2373,0.002615595469251275,0.9973844289779663,0.0,0.9958636367763496
COD10K-NonCAM-4-Terrestial-2374,0.004141529090702534,0.9958584904670715,0.0,0.994141082136833
COD10K-NonCAM-4-Terrestial-2375,0.004049563314765692,0.99595046043396,0.0,0.9942851590558747
COD10K-NonCAM-4-Terrestial-2378,0.07146888226270676,0.9285311102867126,0.0,0.926949691744752
COD10K-NonCAM-4-Terrestial-2380,0.03641680255532265,0.9635831713676453,0.0,0.9616231737225894
COD10K-NonCAM-4-Terrestial-2382,0.01789144054055214,0.9821085333824158,0.0,0.9801688367109757
COD10K-NonCAM-4-Terrestial-2383,0.0024319421499967575,0.9975680708885193,0.0,0.9959597616179595
COD10K-NonCAM-4-Terrestial-2384,0.004079420119524002,0.9959205985069275,0.0,0.9942775926531241
COD10K-NonCAM-4-Terrestial-2385,0.005317179020494223,0.9946828484535217,0.0,0.99283209446099
COD10K-NonCAM-4-Terrestial-2397,0.0038274992257356644,0.9961724877357483,0.0,0.9946225890918705
COD10K-NonCAM-4-Terrestial-2400,0.0033082296140491962,0.9966917634010315,0.0,0.9950938183498385
COD10K-NonCAM-4-Terrestial-2401,0.004293046426028013,0.9957069754600525,0.0,0.9937826868598827
COD10K-NonCAM-4-Terrestial-2402,0.0031456169672310352,0.9968543648719788,0.0,0.995329827062299
COD10K-NonCAM-4-Terrestial-2405,0.004411757458001375,0.9955882430076599,0.0,0.993633628725697
COD10K-NonCAM-4-Terrestial-2407,0.0173935629427433,0.9826064109802246,0.0,0.980638710321784
COD10K-NonCAM-4-Terrestial-2408,0.007148416712880135,0.9928515553474426,0.0,0.9911200382052898
COD10K-NonCAM-4-Terrestial-2410,0.003277817275375128,0.9967221617698669,0.0,0.9955024040983675
COD10K-NonCAM-4-Terrestial-2413,0.07696541398763657,0.9230346083641052,0.0,0.9214792140827905
COD10K-NonCAM-4-Terrestial-2418,0.0031999447382986546,0.9968000650405884,0.0,0.9955077005802929
COD10K-NonCAM-4-Terrestial-2422,0.004067305009812117,0.9959326982498169,0.0,0.9941667763795068
COD10K-NonCAM-4-Terrestial-2424,0.012131568044424057,0.9878684282302856,0.0,0.9859380296481929
COD10K-NonCAM-4-Terrestial-2426,0.006523007061332464,0.9934769868850708,0.0,0.9915241786922031
COD10K-NonCAM-4-Terrestial-2434,0.002872505458071828,0.9971274733543396,0.0,0.9957164387161734
COD10K-NonCAM-4-Terrestial-2437,0.005191277712583542,0.9948087334632874,0.0,0.9927874842114399
COD10K-NonCAM-4-Terrestial-2440,0.0044663213193416595,0.9955337047576904,0.0,0.9932959464762761
COD10K-NonCAM-4-Terrestial-2441,0.06070282310247421,0.9392971992492676,0.0,0.937646157679798
COD10K-NonCAM-4-Terrestial-2444,0.007086650934070349,0.9929133653640747,0.0,0.990893140702808
COD10K-NonCAM-4-Terrestial-2446,0.008450466208159924,0.991549551486969,0.0,0.9895562834435004
COD10K-NonCAM-4-Terrestial-2451,0.0038843913935124874,0.9961156249046326,0.0,0.9943251979370963
COD10K-NonCAM-4-Terrestial-2452,0.002259455854073167,0.9977405667304993,0.0,0.9959841002134737
COD10K-NonCAM-4-Terrestial-2453,0.04177786409854889,0.9582221508026123,0.0,0.9565766983547614
COD10K-NonCAM-4-Terrestial-2456,0.009726066142320633,0.9902739524841309,0.0,0.9882611675060332
COD10K-NonCAM-4-Terrestial-2460,0.00602028239518404,0.9939796924591064,0.0,0.9923666030584412
COD10K-NonCAM-4-Terrestial-2461,0.002639292273670435,0.9973607063293457,0.0,0.9959153720551563
COD10K-NonCAM-4-Terrestial-2465,0.004384949337691069,0.9956150650978088,0.0,0.9938611567617414
COD10K-NonCAM-4-Terrestial-2467,0.0023178367409855127,0.9976821541786194,0.0,0.9959706383219133
COD10K-NonCAM-4-Terrestial-2472,0.0066296253353357315,0.9933703541755676,0.0,0.9915274889934064
COD10K-NonCAM-4-Terrestial-2473,0.003900309093296528,0.9960997104644775,0.0,0.9944805298802292
COD10K-NonCAM-4-Terrestial-2474,0.0034511368721723557,0.9965488910675049,0.0,0.9953649477817328
COD10K-NonCAM-4-Terrestial-2476,0.019428996369242668,0.9805710315704346,0.0,0.9786867360455356
COD10K-NonCAM-4-Terrestial-2479,0.01846480928361416,0.9815351963043213,0.0,0.9795971949831723
COD10K-NonCAM-4-Terrestial-2481,0.002880948130041361,0.9971190690994263,0.0,0.9956890105062027
COD10K-NonCAM-4-Terrestial-2482,0.00222333543933928,0.9977766871452332,0.0,0.9959430524785521
COD10K-NonCAM-4-Terrestial-2484,0.005142120644450188,0.994857907295227,0.0,0.9930194575091001
COD10K-NonCAM-4-Terrestial-2485,0.0048163412138819695,0.9951836466789246,0.0,0.9929597459807271
COD10K-NonCAM-4-Terrestial-2488,0.003690162906423211,0.9963098168373108,0.0,0.9945907786736402
COD10K-NonCAM-4-Terrestial-2491,0.002744019962847233,0.9972559809684753,0.0,0.9957014950707411
COD10K-NonCAM-4-Terrestial-2495,0.004414950031787157,0.995585024356842,0.0,0.9936592914416926
COD10K-NonCAM-4-Terrestial-2498,0.006496319081634283,0.9935036897659302,0.0,0.9914514151190854
COD10K-NonCAM-4-Terrestial-2499,0.002587772672995925,0.9974122047424316,0.0,0.9958949112410518
COD10K-NonCAM-4-Terrestial-2501,0.07169891148805618,0.9283010959625244,0.0,0.9267073146433098
COD10K-NonCAM-4-Terrestial-2502,0.0019468014361336827,0.9980531930923462,0.0,0.9959707329019478
COD10K-NonCAM-4-Terrestial-2506,0.0032351852860301733,0.9967648386955261,0.0,0.995239881449602
COD10K-NonCAM-4-Terrestial-2510,0.009255287237465382,0.9907447099685669,0.0,0.9887800651013294
COD10K-NonCAM-4-Terrestial-2511,0.0048164199106395245,0.9951835870742798,0.0,0.9929947405934484
COD10K-NonCAM-4-Terrestial-2514,0.00459123682230711,0.9954087734222412,0.0,0.9932986892972732
COD10K-NonCAM-4-Terrestial-2518,0.0019679612014442682,0.9980320334434509,0.0,0.9960180544458168
COD10K-NonCAM-4-Terrestial-2519,0.03198351711034775,0.968016505241394,0.0,0.9661444461594957
COD10K-NonCAM-4-Terrestial-2520,0.005166392307728529,0.9948335886001587,0.0,0.9927746843801203
COD10K-NonCAM-4-Terrestial-2524,0.0037051939871162176,0.9962947964668274,0.0,0.9946395819713811
COD10K-NonCAM-4-Terrestial-2526,0.00677012512460351,0.993229866027832,0.0,0.9912171403739218
COD10K-NonCAM-4-Terrestial-2527,0.004526553209871054,0.9954734444618225,0.0,0.993317952097609
COD10K-NonCAM-4-Terrestial-2528,0.005532959941774607,0.99446702003479,0.0,0.9928650083129548
COD10K-NonCAM-4-Terrestial-2529,0.005018150433897972,0.9949818253517151,0.0,0.9932512101200135
COD10K-NonCAM-4-Terrestial-2531,0.0035507064312696457,0.9964492917060852,0.0,0.9950074037250917
COD10K-NonCAM-4-Terrestial-2532,0.009620162658393383,0.990379810333252,0.0,0.9885257709155552
COD10K-NonCAM-4-Terrestial-2535,0.0030326866544783115,0.9969673156738281,0.0,0.9958505216782486
COD10K-NonCAM-4-Terrestial-2538,0.0022771316580474377,0.997722864151001,0.0,0.9959523528485996
COD10K-NonCAM-4-Terrestial-2541,0.0043924469500780106,0.9956075549125671,0.0,0.993849933264328
COD10K-NonCAM-4-Terrestial-2543,0.006124568171799183,0.9938754439353943,0.0,0.99171866676957
COD10K-NonCAM-4-Terrestial-2544,0.0039023361168801785,0.9960976839065552,0.0,0.9942724222779112
COD10K-NonCAM-4-Terrestial-2546,0.006784978788346052,0.993215024471283,0.0,0.9911298114755094
COD10K-NonCAM-4-Terrestial-2550,0.09802695363759995,0.9019730687141418,0.0,0.9004719480662292
COD10K-NonCAM-4-Terrestial-2552,0.011296236887574196,0.9887037873268127,0.0,0.9868608470436553
COD10K-NonCAM-4-Terrestial-2553,0.007226869463920593,0.9927731156349182,0.0,0.990753603625417
COD10K-NonCAM-4-Terrestial-2554,0.0024224615190178156,0.9975775480270386,0.0,0.9958130679846334
COD10K-NonCAM-4-Terrestial-2566,0.12134888023138046,0.8786511421203613,0.0,0.877270740518793
COD10K-NonCAM-4-Terrestial-2567,0.00969110056757927,0.9903088808059692,0.0,0.9881964747625159
COD10K-NonCAM-4-Terrestial-2572,0.12747730314731598,0.8725227117538452,0.0,0.8712720018381315
COD10K-NonCAM-4-Terrestial-2579,0.003052822081372142,0.996947169303894,0.0,0.995480209316966
COD10K-NonCAM-4-Terrestial-2580,0.0037642433308064938,0.996235728263855,0.0,0.994415048969759
COD10K-NonCAM-4-Terrestial-2581,0.004823634400963783,0.995176374912262,0.0,0.9931798337207335
COD10K-NonCAM-4-Terrestial-2585,0.0025115525349974632,0.9974884390830994,0.0,0.9959572394837093
COD10K-NonCAM-4-Terrestial-2587,0.0034767952747642994,0.9965232014656067,0.0,0.9947192814136868
COD10K-NonCAM-4-Terrestial-2588,0.02954556606709957,0.9704544544219971,0.0,0.968663017895047
COD10K-NonCAM-4-Terrestial-2591,0.02184283174574375,0.9781571626663208,0.0,0.9762348117075456
COD10K-NonCAM-4-Terrestial-2592,0.007200949359685183,0.9927990436553955,0.0,0.9907296748767184
COD10K-NonCAM-4-Terrestial-2593,0.0040959445759654045,0.9959040284156799,0.0,0.99407935290106
COD10K-NonCAM-4-Terrestial-2595,0.0029323073104023933,0.9970676898956299,0.0,0.9956887267660997
COD10K-NonCAM-4-Terrestial-2602,0.047673825174570084,0.9523261785507202,0.0,0.9506618836912746
COD10K-NonCAM-4-Terrestial-2603,0.0025942735373973846,0.9974057078361511,0.0,0.9957300897678025
COD10K-NonCAM-4-Terrestial-2605,0.025515595450997353,0.974484384059906,0.0,0.9726980228485187
COD10K-NonCAM-4-Terrestial-2607,0.02640971541404724,0.9735902547836304,0.0,0.9711836388646764
COD10K-NonCAM-4-Terrestial-2612,0.0027095468249171972,0.9972904324531555,0.0,0.9957853560345595
COD10K-NonCAM-4-Terrestial-2614,0.011411511339247227,0.9885885119438171,0.0,0.9864596385378079
COD10K-NonCAM-4-Terrestial-2616,0.00256208679638803,0.9974378943443298,0.0,0.9958693746317687
COD10K-NonCAM-4-Terrestial-2618,0.021971769630908966,0.9780282378196716,0.0,0.9760733635888559
COD10K-NonCAM-4-Terrestial-2620,0.011339756660163403,0.9886602163314819,0.0,0.9867310517098054
COD10K-NonCAM-4-Terrestial-2621,0.04102692753076553,0.9589730501174927,0.0,0.9572083038243626
COD10K-NonCAM-4-Terrestial-2624,0.147695854306221,0.8523041605949402,0.0,0.8510128008401734
COD10K-NonCAM-4-Terrestial-2627,0.008817209862172604,0.991182804107666,0.0,0.9891045691992932
COD10K-NonCAM-4-Terrestial-2630,0.011571223847568035,0.9884287714958191,0.0,0.986538423706448
COD10K-NonCAM-4-Terrestial-2632,0.0023059570230543613,0.9976940155029297,0.0,0.9959461420930086
COD10K-NonCAM-4-Terrestial-2636,0.0053859432227909565,0.9946140646934509,0.0,0.9924128211685757
COD10K-NonCAM-4-Terrestial-2637,0.06245040148496628,0.9375495910644531,0.0,0.9358926123156824
COD10K-NonCAM-4-Terrestial-2641,0.003336607478559017,0.9966633915901184,0.0,0.9951788458007477
COD10K-NonCAM-4-Terrestial-2648,0.006412410642951727,0.9935876131057739,0.0,0.9914407591018785
COD10K-NonCAM-4-Terrestial-2649,0.003546806750819087,0.9964531660079956,0.0,0.9949905054256155
COD10K-NonCAM-4-Terrestial-2650,0.0035611034836620092,0.9964389204978943,0.0,0.9950786540176593
COD10K-NonCAM-4-Terrestial-2651,0.03576527535915375,0.9642347097396851,0.0,0.9623867183401532
COD10K-NonCAM-4-Terrestial-2656,0.007685261312872171,0.9923147559165955,0.0,0.9900572108322642
COD10K-NonCAM-4-Terrestial-2658,0.004935670644044876,0.9950643181800842,0.0,0.9929907367053262
COD10K-NonCAM-4-Terrestial-2659,0.003919521346688271,0.9960804581642151,0.0,0.994357828048958
COD10K-NonCAM-4-Terrestial-2662,0.0176974069327116,0.9823026061058044,0.0,0.9803971529139731
COD10K-NonCAM-4-Terrestial-2664,0.004870635457336903,0.9951293468475342,0.0,0.9927629249291787
COD10K-NonCAM-4-Terrestial-2665,0.005915525369346142,0.9940844774246216,0.0,0.9919652684458814
COD10K-NonCAM-4-Terrestial-2667,0.007479115389287472,0.9925208687782288,0.0,0.990360402895814
COD10K-NonCAM-4-Terrestial-2668,0.0025309722404927015,0.9974690079689026,0.0,0.9959699762616727
COD10K-NonCAM-4-Terrestial-2671,0.017437463626265526,0.9825625419616699,0.0,0.9806206455352172
COD10K-NonCAM-4-Terrestial-2673,0.003581404685974121,0.9964185953140259,0.0,0.9948762842707605
COD10K-NonCAM-4-Terrestial-2679,0.0022089986596256495,0.9977909922599792,0.0,0.9959415707246801
COD10K-NonCAM-4-Terrestial-2683,0.0036495300009846687,0.9963504672050476,0.0,0.9948112762604622
COD10K-NonCAM-4-Terrestial-2687,0.0032836825121194124,0.996716320514679,0.0,0.9953320969831242
COD10K-NonCAM-4-Terrestial-2690,0.008365941233932972,0.9916340708732605,0.0,0.9897171640819837
COD10K-NonCAM-4-Terrestial-2695,0.003773427801206708,0.9962265491485596,0.0,0.9945289548578327
COD10K-NonCAM-4-Terrestial-2697,0.018581656739115715,0.9814183712005615,0.0,0.9793436889643512
COD10K-NonCAM-4-Terrestial-2701,0.00256155407987535,0.9974384307861328,0.0,0.9958787695818506
COD10K-NonCAM-4-Terrestial-2702,0.003415915882214904,0.9965840578079224,0.0,0.9952241181105383
COD10K-NonCAM-4-Terrestial-2703,0.0030582421459257603,0.9969417452812195,0.0,0.9953799544805213
COD10K-NonCAM-4-Terrestial-2704,0.002346640219911933,0.9976533651351929,0.0,0.9959243886851008
COD10K-NonCAM-4-Terrestial-2707,0.004021732602268457,0.9959782958030701,0.0,0.9939827236326
COD10K-NonCAM-4-Terrestial-2708,0.0034370620269328356,0.9965629577636719,0.0,0.9950670837267865
COD10K-NonCAM-4-Terrestial-2709,0.07223250716924667,0.9277675151824951,0.0,0.9260092194095381
COD10K-NonCAM-4-Terrestial-2710,0.021735653281211853,0.978264331817627,0.0,0.9763851624355342
COD10K-NonCAM-4-Terrestial-2716,0.01688842661678791,0.983111560344696,0.0,0.9812531968051622
COD10K-NonCAM-4-Terrestial-2720,0.0025152212474495173,0.9974848031997681,0.0,0.995870919438997
COD10K-NonCAM-4-Terrestial-2721,0.011524932458996773,0.9884750843048096,0.0,0.9865667661900844
COD10K-NonCAM-4-Terrestial-2723,0.0059830015525221825,0.9940170049667358,0.0,0.9923564514680842
COD10K-NonCAM-4-Terrestial-2725,0.020974356681108475,0.979025661945343,0.0,0.9770837620961559
COD10K-NonCAM-4-Terrestial-2730,0.005163110792636871,0.9948368668556213,0.0,0.992652991402549
COD10K-NonCAM-4-Terrestial-2732,0.004661567509174347,0.9953384399414062,0.0,0.993127184168261
COD10K-NonCAM-4-Terrestial-2735,0.003072903724387288,0.9969270825386047,0.0,0.9955714159967881
COD10K-NonCAM-4-Terrestial-2736,0.04515630379319191,0.9548436999320984,0.0,0.9530343923270623
COD10K-NonCAM-4-Terrestial-2737,0.10351790487766266,0.8964821100234985,0.0,0.8950750536710168
COD10K-NonCAM-4-Terrestial-2745,0.0022254369687289,0.9977745413780212,0.0,0.995929905853773
COD10K-NonCAM-4-Terrestial-2748,0.003537906799465418,0.9964621067047119,0.0,0.9951263854083439
COD10K-NonCAM-4-Terrestial-2753,0.026714324951171875,0.9732856750488281,0.0,0.9712691707424357
COD10K-NonCAM-4-Terrestial-2754,0.059566110372543335,0.9404338598251343,0.0,0.9387568740768989
COD10K-NonCAM-4-Terrestial-2756,0.0042768544517457485,0.9957231283187866,0.0,0.9937461789666113
COD10K-NonCAM-4-Terrestial-2761,0.03665250539779663,0.9633474946022034,0.0,0.9615703665367263
COD10K-NonCAM-4-Terrestial-2763,0.014862782321870327,0.9851372241973877,0.0,0.98321494435163
COD10K-NonCAM-4-Terrestial-2765,0.001996010774746537,0.9980039596557617,0.0,0.9959769121308607
COD10K-NonCAM-4-Terrestial-2769,0.003262946382164955,0.9967370629310608,0.0,0.9953407352929311
COD10K-NonCAM-4-Terrestial-2771,0.005085635464638472,0.9949143528938293,0.0,0.9928650713663111
COD10K-NonCAM-4-Terrestial-2772,0.0041509666480124,0.9958490133285522,0.0,0.9942082339612441
COD10K-NonCAM-4-Terrestial-2777,0.004178768489509821,0.9958212375640869,0.0,0.9941709694276978
COD10K-NonCAM-4-Terrestial-2778,0.0037290153559297323,0.996271014213562,0.0,0.9944813811005386
COD10K-NonCAM-4-Terrestial-2779,0.004138804040849209,0.9958611726760864,0.0,0.99389400756035
COD10K-NonCAM-4-Terrestial-2780,0.0024451136123389006,0.9975548982620239,0.0,0.995900428409724
COD10K-NonCAM-4-Terrestial-2782,0.005378558300435543,0.9946214556694031,0.0,0.9925415445953693
COD10K-NonCAM-4-Terrestial-2783,0.004736488685011864,0.9952635169029236,0.0,0.9934461395708744
COD10K-NonCAM-4-Terrestial-2785,0.002076069125905633,0.9979239106178284,0.0,0.9960334079380648
COD10K-NonCAM-4-Terrestial-2789,0.008703299798071384,0.9912967085838318,0.0,0.9895429791853307
COD10K-NonCAM-4-Terrestial-2791,0.007700491696596146,0.992299497127533,0.0,0.9903366948338621
COD10K-NonCAM-4-Terrestial-2792,0.06296923011541367,0.9370307922363281,0.0,0.9353845283709837
COD10K-NonCAM-4-Terrestial-2794,0.06616995483636856,0.9338300228118896,0.0,0.9321373120505556
COD10K-NonCAM-4-Terrestial-2795,0.01751668006181717,0.9824833273887634,0.0,0.9805651585817131
COD10K-NonCAM-4-Terrestial-2796,0.0037828809581696987,0.9962171316146851,0.0,0.9945982504963563
COD10K-NonCAM-4-Terrestial-2797,0.005023694597184658,0.994976282119751,0.0,0.9930176604884469
COD10K-NonCAM-4-Terrestial-2798,0.00466184364631772,0.9953381419181824,0.0,0.993238694028797
COD10K-NonCAM-4-Terrestial-2800,0.002380251418799162,0.9976197481155396,0.0,0.9959355806558359
COD10K-NonCAM-4-Terrestial-2803,0.0053080725483596325,0.9946919083595276,0.0,0.9928668368602862
COD10K-NonCAM-4-Terrestial-2805,0.057614948600530624,0.9423850774765015,0.0,0.9406956702016901
COD10K-NonCAM-4-Terrestial-2807,0.0037782371509820223,0.9962217807769775,0.0,0.9945016212278963
COD10K-NonCAM-4-Terrestial-2808,0.003926197532564402,0.9960737824440002,0.0,0.9944732472175818
COD10K-NonCAM-4-Terrestial-2809,0.00323379784822464,0.996766209602356,0.0,0.9955085518006024
COD10K-NonCAM-4-Terrestial-2811,0.011160955764353275,0.9888390302658081,0.0,0.9869429740401767
COD10K-NonCAM-4-Terrestial-2813,0.06789355725049973,0.9321064352989197,0.0,0.9305558708223368
COD10K-NonCAM-4-Terrestial-2815,0.0038075167685747147,0.996192455291748,0.0,0.9944055594396426
COD10K-NonCAM-4-Terrestial-2816,0.011921045370399952,0.9880789518356323,0.0,0.9861033870749701
COD10K-NonCAM-4-Terrestial-2818,0.0023215156979858875,0.9976784586906433,0.0,0.9958083705095925
COD10K-NonCAM-4-Terrestial-2819,0.02120806835591793,0.9787919521331787,0.0,0.9768114346504928
COD10K-NonCAM-4-Terrestial-2824,0.0028951503336429596,0.997104823589325,0.0,0.9957662823942925
COD10K-NonCAM-4-Terrestial-2825,0.0034930373076349497,0.9965069890022278,0.0,0.9953363215579932
COD10K-NonCAM-4-Terrestial-2826,0.0018854413647204638,0.9981145858764648,0.0,0.9959894912754335
COD10K-NonCAM-4-Terrestial-2829,0.046478021889925,0.9535219669342041,0.0,0.9518274880349951
COD10K-NonCAM-4-Terrestial-2830,0.019596973434090614,0.9804030060768127,0.0,0.9784838303451088
COD10K-NonCAM-4-Terrestial-2831,0.005175755824893713,0.994824230670929,0.0,0.9929484909566357
COD10K-NonCAM-4-Terrestial-2832,0.00472306041046977,0.995276927947998,0.0,0.9930202772027314
COD10K-NonCAM-4-Terrestial-2836,0.0038669018540531397,0.9961330890655518,0.0,0.9945138535790097
COD10K-NonCAM-4-Terrestial-2839,0.003617694601416588,0.9963822960853577,0.0,0.9948918584497554
COD10K-NonCAM-4-Terrestial-2840,0.004407632164657116,0.9955923557281494,0.0,0.9935687468221112
COD10K-NonCAM-4-Terrestial-2841,0.007265045307576656,0.992734968662262,0.0,0.990656028556613
COD10K-NonCAM-4-Terrestial-2842,0.004781433381140232,0.9952185750007629,0.0,0.9935154982627543
COD10K-NonCAM-4-Terrestial-2843,0.0029304982163012028,0.9970694780349731,0.0,0.9954592440760114
COD10K-NonCAM-4-Terrestial-2844,0.004375092219561338,0.9956248998641968,0.0,0.9936429290957446
COD10K-NonCAM-4-Terrestial-2847,0.04318390041589737,0.9568160772323608,0.0,0.9549821735551196
COD10K-NonCAM-4-Terrestial-2849,0.0019867350347340107,0.9980132579803467,0.0,0.9959797180052141
COD10K-NonCAM-4-Terrestial-2850,0.0034316442906856537,0.9965683817863464,0.0,0.9953741850984241
COD10K-NonCAM-4-Terrestial-2856,0.002544253598898649,0.9974557757377625,0.0,0.9958226520947842
COD10K-NonCAM-4-Terrestial-2858,0.024047326296567917,0.975952684879303,0.0,0.9742436812970631
COD10K-NonCAM-4-Terrestial-2859,0.0030666026286780834,0.9969334006309509,0.0,0.995590962537227
COD10K-NonCAM-4-Terrestial-2864,0.006620397791266441,0.9933795928955078,0.0,0.9915599614718775
COD10K-NonCAM-4-Terrestial-2865,0.007332120090723038,0.9926678538322449,0.0,0.9905666504241224
COD10K-NonCAM-4-Terrestial-2867,0.034163977950811386,0.9658360481262207,0.0,0.9640084191363405
COD10K-NonCAM-4-Terrestial-2870,0.0069342320784926414,0.9930657744407654,0.0,0.9910234719901863
COD10K-NonCAM-4-Terrestial-2873,0.006927395239472389,0.9930726289749146,0.0,0.9909571713860845
COD10K-NonCAM-4-Terrestial-2874,0.08871282637119293,0.9112871885299683,0.0,0.9097040313289428
COD10K-NonCAM-4-Terrestial-2877,0.0037985388189554214,0.9962014555931091,0.0,0.994798602535855
COD10K-NonCAM-4-Terrestial-2878,0.017910581082105637,0.9820894002914429,0.0,0.9802067633047626
COD10K-NonCAM-4-Terrestial-2879,0.012775357812643051,0.9872246384620667,0.0,0.9852903455727466
COD10K-NonCAM-4-Terrestial-2880,0.003087541786953807,0.9969124794006348,0.0,0.9953865120295718
COD10K-NonCAM-4-Terrestial-2885,0.006234869360923767,0.993765115737915,0.0,0.9916187902532629
COD10K-NonCAM-4-Terrestial-2886,0.00411222456023097,0.9958877563476562,0.0,0.9942414630799903
COD10K-NonCAM-4-Terrestial-2887,0.0025092887226492167,0.9974907040596008,0.0,0.9958384154338478
COD10K-NonCAM-4-Terrestial-2889,0.008054635487496853,0.9919453859329224,0.0,0.9899020049958438
COD10K-NonCAM-4-Terrestial-2893,0.019617458805441856,0.9803825616836548,0.0,0.9784963149096473
COD10K-NonCAM-4-Terrestial-2896,0.003224668325856328,0.9967753291130066,0.0,0.9953704018970488
COD10K-NonCAM-4-Terrestial-2901,0.0028069575782865286,0.9971930384635925,0.0,0.9957780733719122
COD10K-NonCAM-4-Terrestial-2902,0.012876652181148529,0.9871233701705933,0.0,0.9851154040358185
COD10K-NonCAM-4-Terrestial-2903,0.11499502509832382,0.885004997253418,0.0,0.8835510124351307
COD10K-NonCAM-4-Terrestial-2906,0.0038301688618957996,0.9961698055267334,0.0,0.9944902085704143
COD10K-NonCAM-4-Terrestial-2912,0.0023057276848703623,0.9976942539215088,0.0,0.9958915378864921
COD10K-NonCAM-4-Terrestial-2914,0.004277882631868124,0.9957221150398254,0.0,0.9936117492110768
COD10K-NonCAM-4-Terrestial-2917,0.0032725445926189423,0.996727466583252,0.0,0.9952868246733335
COD10K-NonCAM-4-Terrestial-2921,0.0029599275439977646,0.9970400929450989,0.0,0.9958073301292143
COD10K-NonCAM-4-Terrestial-2924,0.003339755814522505,0.9966602325439453,0.0,0.9953460633015345
COD10K-NonCAM-4-Terrestial-2932,0.0033536262344568968,0.9966463446617126,0.0,0.9952325987869546
COD10K-NonCAM-4-Terrestial-2939,0.004139530472457409,0.9958604574203491,0.0,0.9939982662849167
COD10K-NonCAM-4-Terrestial-2940,0.0026211715303361416,0.9973788261413574,0.0,0.9959314821876794
COD10K-NonCAM-4-Terrestial-2945,0.003044967306777835,0.9969550371170044,0.0,0.9955240944529191
COD10K-NonCAM-4-Terrestial-2948,0.0024854799266904593,0.997514545917511,0.0,0.9959516277350027
COD10K-NonCAM-4-Terrestial-2950,0.004123439081013203,0.9958765506744385,0.0,0.994045398668717
COD10K-NonCAM-4-Terrestial-2952,0.0037840695586055517,0.9962159395217896,0.0,0.9944811919404699
COD10K-NonCAM-4-Terrestial-2955,0.007002151105552912,0.9929978251457214,0.0,0.9909888872242806
COD10K-NonCAM-4-Terrestial-2959,0.005970197729766369,0.9940298199653625,0.0,0.9920539529914533
COD10K-NonCAM-4-Terrestial-2960,0.003324417397379875,0.9966756105422974,0.0,0.9950854322534566
COD10K-NonCAM-4-Terrestial-2962,0.003939755726605654,0.9960602521896362,0.0,0.994213372809779
COD10K-NonCAM-4-Terrestial-2963,0.009763108566403389,0.9902368783950806,0.0,0.9882059327659543
COD10K-NonCAM-4-Terrestial-2970,0.002695957664400339,0.9973040223121643,0.0,0.9958981584888988
COD10K-NonCAM-4-Terrestial-2972,0.007810549344867468,0.9921894669532776,0.0,0.989980601004415
COD10K-NonCAM-4-Terrestial-2973,0.0034392643719911575,0.9965607523918152,0.0,0.9955161497300311
COD10K-NonCAM-4-Terrestial-2975,0.006501299794763327,0.993498682975769,0.0,0.9914861259917035
COD10K-NonCAM-4-Terrestial-2977,0.0017524552531540394,0.9982475638389587,0.0,0.9960057905680253
COD10K-NonCAM-4-Terrestial-2981,0.003946550190448761,0.9960534572601318,0.0,0.9940964088339268
COD10K-NonCAM-4-Terrestial-2982,0.0028993776068091393,0.9971006512641907,0.0,0.9958683657780686
COD10K-NonCAM-4-Terrestial-2984,0.005267740692943335,0.9947322607040405,0.0,0.9927773956744392
COD10K-NonCAM-4-Terrestial-2985,0.006474298425018787,0.9935256838798523,0.0,0.9914905712533194
COD10K-NonCAM-4-Terrestial-2986,0.0033847512677311897,0.9966152310371399,0.0,0.9949496153240844
COD10K-NonCAM-4-Terrestial-2987,0.004143459722399712,0.995856523513794,0.0,0.9941858500197738
COD10K-NonCAM-4-Terrestial-2993,0.004649240057915449,0.9953507781028748,0.0,0.993642550775607
COD10K-NonCAM-4-Terrestial-2995,0.003733088495209813,0.9962669014930725,0.0,0.9947170430195398
COD10K-NonCAM-4-Terrestial-2999,0.006902528926730156,0.9930974841117859,0.0,0.991184730948807
COD10K-NonCAM-5-Background-1-Indoor-3002,0.05249989405274391,0.9475001096725464,0.0,0.9458091712872166
COD10K-NonCAM-5-Background-1-Indoor-3003,0.0071169729344546795,0.992883026599884,0.0,0.9909912832518183
COD10K-NonCAM-5-Background-1-Indoor-3006,0.00846067350357771,0.9915392994880676,0.0,0.9897713899683627
COD10K-NonCAM-5-Background-1-Indoor-3007,0.003300662385299802,0.996699333190918,0.0,0.995127142048619
COD10K-NonCAM-5-Background-1-Indoor-3008,0.042020026594400406,0.9579799771308899,0.0,0.9562367461845154
COD10K-NonCAM-5-Background-1-Indoor-3012,0.005285685881972313,0.9947143197059631,0.0,0.9929415550874477
COD10K-NonCAM-5-Background-1-Indoor-3013,0.009405283257365227,0.990594744682312,0.0,0.9887661933629536
COD10K-NonCAM-5-Background-1-Indoor-3015,0.007791328243911266,0.9922086596488953,0.0,0.9904560548372519
COD10K-NonCAM-5-Background-1-Indoor-3017,0.00519370986148715,0.9948062896728516,0.0,0.9929402309669664
COD10K-NonCAM-5-Background-1-Indoor-3022,0.005064839497208595,0.994935154914856,0.0,0.9930367026020358
COD10K-NonCAM-5-Background-1-Indoor-3026,0.06708850711584091,0.9329115152359009,0.0,0.9313062688151215
COD10K-NonCAM-5-Background-1-Indoor-3029,0.013857285492122173,0.9861426949501038,0.0,0.9843643755094711
COD10K-NonCAM-5-Background-1-Indoor-3030,0.007607459556311369,0.9923925399780273,0.0,0.9905666504241224
COD10K-NonCAM-5-Background-1-Indoor-3032,0.004201508592814207,0.9957984685897827,0.0,0.9939266376722117
COD10K-NonCAM-5-Background-1-Indoor-3035,0.011674734763801098,0.9883252382278442,0.0,0.9865018212331423
COD10K-NonCAM-5-Background-1-Indoor-3037,0.005896097049117088,0.9941039085388184,0.0,0.9923830599844237
COD10K-NonCAM-5-Background-1-Indoor-3038,0.0636877492070198,0.9363122582435608,0.0,0.9346319550374083
COD10K-NonCAM-5-Background-1-Indoor-3040,0.06285739690065384,0.9371426105499268,0.0,0.9356175420490223
COD10K-NonCAM-5-Background-1-Indoor-3041,0.01093435101211071,0.9890656471252441,0.0,0.9871816309936001
COD10K-NonCAM-5-Background-1-Indoor-3044,0.08451449871063232,0.9154855012893677,0.0,0.9139337765732064
COD10K-NonCAM-5-Background-1-Indoor-3049,0.013628801330924034,0.9863712191581726,0.0,0.9845269270618955
COD10K-NonCAM-5-Background-1-Indoor-3053,0.005303111393004656,0.9946969151496887,0.0,0.992742180374971
COD10K-NonCAM-5-Background-1-Indoor-3056,0.04201774299144745,0.9579822421073914,0.0,0.9563069245700265
COD10K-NonCAM-5-Background-1-Indoor-3057,0.1507335752248764,0.8492664098739624,0.0,0.8479279153854224
COD10K-NonCAM-5-Background-1-Indoor-3059,0.0075839245691895485,0.9924160838127136,0.0,0.9906127109008662
COD10K-NonCAM-5-Background-1-Indoor-3060,0.011131150647997856,0.9888688325881958,0.0,0.9869180049111
COD10K-NonCAM-5-Background-1-Indoor-3066,0.09915415942668915,0.9008458256721497,0.0,0.8993760176811699
COD10K-NonCAM-5-Background-1-Indoor-3067,0.003964689094573259,0.9960353374481201,0.0,0.994343704097157
COD10K-NonCAM-5-Background-1-Indoor-3068,0.03070543147623539,0.969294548034668,0.0,0.9674398458370661
COD10K-NonCAM-5-Background-1-Indoor-3074,0.04142305627465248,0.9585769176483154,0.0,0.9568336092548204
COD10K-NonCAM-5-Background-1-Indoor-3075,0.17560908198356628,0.8243908882141113,0.0,0.8231681234514094
COD10K-NonCAM-5-Background-1-Indoor-3077,0.006927195470780134,0.9930728077888489,0.0,0.9911312617027033
COD10K-NonCAM-5-Background-1-Indoor-3080,0.011198155581951141,0.9888018369674683,0.0,0.9868983953173047
COD10K-NonCAM-5-Background-1-Indoor-3081,0.00283587328158319,0.9971641302108765,0.0,0.9957679217815553
COD10K-NonCAM-5-Background-1-Indoor-3087,0.005989414174109697,0.9940105676651001,0.0,0.9922139193562709
COD10K-NonCAM-5-Background-1-Indoor-3089,0.01745792292058468,0.982542097568512,0.0,0.9807015114646136
COD10K-NonCAM-5-Background-1-Indoor-3090,0.049599163234233856,0.9504008293151855,0.0,0.9487080178143387
COD10K-NonCAM-5-Background-1-Indoor-3091,0.010431409813463688,0.9895685911178589,0.0,0.987727452372017
COD10K-NonCAM-5-Background-1-Indoor-3096,0.01728244684636593,0.9827175736427307,0.0,0.981035851886153
COD10K-NonCAM-5-Background-1-Indoor-3099,0.0034658554941415787,0.9965341687202454,0.0,0.9949617215684854
COD10K-NonCAM-5-Background-1-Indoor-3100,0.004544729366898537,0.995455265045166,0.0,0.9936444108496165
COD10K-NonCAM-5-Background-1-Indoor-3101,0.015076149255037308,0.9849238395690918,0.0,0.983066989651179
COD10K-NonCAM-5-Background-1-Indoor-3104,0.003582238219678402,0.996417760848999,0.0,0.9948291834136385
COD10K-NonCAM-5-Background-1-Indoor-3109,0.0036255831364542246,0.9963744282722473,0.0,0.9945628460368194
COD10K-NonCAM-5-Background-1-Indoor-3111,0.07170572131872177,0.92829430103302,0.0,0.9266631457672534
COD10K-NonCAM-5-Background-1-Indoor-3112,0.024516375735402107,0.9754835963249207,0.0,0.9738027176500973
COD10K-NonCAM-5-Background-1-Indoor-3119,0.026186568662524223,0.9738134145736694,0.0,0.9720968721499885
COD10K-NonCAM-5-Background-1-Indoor-3125,0.004141082521528006,0.995858907699585,0.0,0.994117027281422
COD10K-NonCAM-5-Background-1-Indoor-3128,0.08664915710687637,0.9133508205413818,0.0,0.9118121887686335
COD10K-NonCAM-5-Background-1-Indoor-3132,0.0784221664071083,0.9215778112411499,0.0,0.9200005813519447
COD10K-NonCAM-5-Background-1-Indoor-3133,0.005868825130164623,0.9941311478614807,0.0,0.9923644592443285
COD10K-NonCAM-5-Background-1-Indoor-3134,0.037750039249658585,0.9622499346733093,0.0,0.9604619515871287
COD10K-NonCAM-5-Background-2-Ocean-3136,0.003053418593481183,0.9969465732574463,0.0,0.9955060296663523
COD10K-NonCAM-5-Background-2-Ocean-3139,0.003224327228963375,0.9967756867408752,0.0,0.9948046871847336
COD10K-NonCAM-5-Background-2-Ocean-3140,0.0025752654764801264,0.9974247217178345,0.0,0.9958399917677541
COD10K-NonCAM-5-Background-2-Ocean-3141,0.001700360095128417,0.9982996582984924,0.0,0.996015122464751
COD10K-NonCAM-5-Background-2-Ocean-3142,0.0020095740910619497,0.9979904294013977,0.0,0.9959193759432785
COD10K-NonCAM-5-Background-2-Ocean-3146,0.02891344204545021,0.9710865616798401,0.0,0.9693357026262479
COD10K-NonCAM-5-Background-2-Ocean-3148,0.057054437696933746,0.9429455399513245,0.0,0.9414144784629912
COD10K-NonCAM-5-Background-2-Ocean-3152,0.029033901169896126,0.970966100692749,0.0,0.969237307863813
COD10K-NonCAM-5-Background-2-Ocean-3153,0.08081215620040894,0.9191878437995911,0.0,0.917673408079304
COD10K-NonCAM-5-Background-2-Ocean-3155,0.0029188762418925762,0.9970811009407043,0.0,0.995522360485622
COD10K-NonCAM-5-Background-2-Ocean-3158,0.0030132585670799017,0.9969867467880249,0.0,0.9959018155835616
COD10K-NonCAM-5-Background-2-Ocean-3161,0.0020987309981137514,0.9979012608528137,0.0,0.9959215828107475
COD10K-NonCAM-5-Background-2-Ocean-3162,0.002366828266531229,0.997633159160614,0.0,0.9959385441635799
COD10K-NonCAM-5-Background-2-Ocean-3163,0.0048909555189311504,0.9951090216636658,0.0,0.992761254015238
COD10K-NonCAM-5-Background-2-Ocean-3171,0.004163634963333607,0.9958363771438599,0.0,0.9939986130783761
COD10K-NonCAM-5-Background-2-Ocean-3172,0.0020722136832773685,0.9979277849197388,0.0,0.9958943752875236
COD10K-NonCAM-5-Background-2-Ocean-3174,0.004694757051765919,0.9953052401542664,0.0,0.9931379978188586
COD10K-NonCAM-5-Background-2-Ocean-3175,0.0030722005758434534,0.996927797794342,0.0,0.9953838953152873
COD10K-NonCAM-5-Background-2-Ocean-3176,0.0216894019395113,0.9783105850219727,0.0,0.9766353581531522
COD10K-NonCAM-5-Background-2-Ocean-3180,0.07959336042404175,0.9204066395759583,0.0,0.9187179499790158
COD10K-NonCAM-5-Background-2-Ocean-3181,0.12335138022899628,0.8766486048698425,0.0,0.8752450253424049
COD10K-NonCAM-5-Background-2-Ocean-3189,0.010254879482090473,0.9897451400756836,0.0,0.9880587977591343
COD10K-NonCAM-5-Background-2-Ocean-3195,0.0018920903094112873,0.99810791015625,0.0,0.995986622347724
COD10K-NonCAM-5-Background-2-Ocean-3196,0.008584572933614254,0.9914154410362244,0.0,0.9895228021113293
COD10K-NonCAM-5-Background-2-Ocean-3197,0.02125640958547592,0.9787436127662659,0.0,0.9769642759860537
COD10K-NonCAM-5-Background-2-Ocean-3198,0.06999673694372177,0.93000328540802,0.0,0.9284807848680017
COD10K-NonCAM-5-Background-2-Ocean-3202,0.008091334253549576,0.9919086694717407,0.0,0.9901348610404915
COD10K-NonCAM-5-Background-2-Ocean-3207,0.004900971427559853,0.9950990080833435,0.0,0.9931077637345346
COD10K-NonCAM-5-Background-2-Ocean-3210,0.0022752138320356607,0.9977247714996338,0.0,0.9959169799157408
COD10K-NonCAM-5-Background-2-Ocean-3211,0.0026708359364420176,0.9973291754722595,0.0,0.99584292374882
COD10K-NonCAM-5-Background-2-Ocean-3214,0.0038093002513051033,0.9961907267570496,0.0,0.9942628381677605
COD10K-NonCAM-5-Background-2-Ocean-3221,0.003446805290877819,0.9965531826019287,0.0,0.9948641464996815
COD10K-NonCAM-5-Background-2-Ocean-3223,0.05616111308336258,0.943838894367218,0.0,0.9422475709325037
COD10K-NonCAM-5-Background-2-Ocean-3224,0.10045929253101349,0.8995407223701477,0.0,0.897965514101757
COD10K-NonCAM-5-Background-2-Ocean-3226,0.027895912528038025,0.9721040725708008,0.0,0.9704260843159569
COD10K-NonCAM-5-Background-2-Ocean-3227,0.003093963023275137,0.996906042098999,0.0,0.9953579803858666
COD10K-NonCAM-5-Background-2-Ocean-3228,0.04050954803824425,0.9594904780387878,0.0,0.9577972536984577
COD10K-NonCAM-5-Background-2-Ocean-3230,0.06291833519935608,0.9370816946029663,0.0,0.9354348764759529
COD10K-NonCAM-5-Background-2-Ocean-3232,0.006892946548759937,0.9931070804595947,0.0,0.9912300347852759
COD10K-NonCAM-5-Background-2-Ocean-3239,0.03576940670609474,0.9642305970191956,0.0,0.962657437925232
COD10K-NonCAM-5-Background-2-Ocean-3240,0.002034527715295553,0.9979654550552368,0.0,0.9959168222823502
COD10K-NonCAM-5-Background-2-Ocean-3241,0.006678528618067503,0.9933214783668518,0.0,0.9914743350140839
COD10K-NonCAM-5-Background-2-Ocean-3245,0.12973394989967346,0.8702660799026489,0.0,0.8689288445396802
COD10K-NonCAM-5-Background-2-Ocean-3246,0.12507538497447968,0.8749246001243591,0.0,0.873591955501481
COD10K-NonCAM-5-Background-2-Ocean-3248,0.0707569494843483,0.9292430281639099,0.0,0.9278691673123329
COD10K-NonCAM-5-Background-2-Ocean-3254,0.004384448751807213,0.995615541934967,0.0,0.9932147968067766
COD10K-NonCAM-5-Background-2-Ocean-3263,0.025086775422096252,0.9749132394790649,0.0,0.9731022579154661
COD10K-NonCAM-5-Background-2-Ocean-3264,0.005532922223210335,0.9944670796394348,0.0,0.9925807953096377
COD10K-NonCAM-5-Background-2-Ocean-3266,0.004651634022593498,0.9953483939170837,0.0,0.993213914059789
COD10K-NonCAM-5-Background-2-Ocean-3267,0.0029803751967847347,0.9970196485519409,0.0,0.9956168144132913
COD10K-NonCAM-5-Background-2-Ocean-3271,0.003799008671194315,0.9962009787559509,0.0,0.9942696794569141
COD10K-NonCAM-5-Background-2-Ocean-3275,0.007297425996512175,0.9927026033401489,0.0,0.9908840925461856
COD10K-NonCAM-5-Background-2-Ocean-3276,0.002435185480862856,0.9975647926330566,0.0,0.9958985368090364
COD10K-NonCAM-5-Background-2-Ocean-3277,0.007358620874583721,0.9926413893699646,0.0,0.9906377430832993
COD10K-NonCAM-5-Background-2-Ocean-3279,0.019824696704745293,0.9801753163337708,0.0,0.9784286901850641
COD10K-NonCAM-5-Background-2-Ocean-3283,0.020451312884688377,0.9795486927032471,0.0,0.9777737234469706
COD10K-NonCAM-5-Background-2-Ocean-3285,0.0023373356088995934,0.9976626634597778,0.0,0.9958962984148894
COD10K-NonCAM-5-Background-2-Ocean-3289,0.004474800080060959,0.9955251812934875,0.0,0.993302850818786
COD10K-NonCAM-5-Background-2-Ocean-3290,0.003956700675189495,0.99604332447052,0.0,0.993988177747916
COD10K-NonCAM-5-Background-2-Ocean-3295,0.01996622048318386,0.9800337553024292,0.0,0.9782436601111355
COD10K-NonCAM-5-Background-2-Ocean-3298,0.075393907725811,0.9246060848236084,0.0,0.9229628595554586
COD10K-NonCAM-5-Background-2-Ocean-3302,0.014042328111827374,0.985957682132721,0.0,0.9841288712238606
COD10K-NonCAM-5-Background-2-Ocean-3305,0.06519049406051636,0.9348095059394836,0.0,0.9331523449795405
COD10K-NonCAM-5-Background-2-Ocean-3306,0.09408199787139893,0.9059180021286011,0.0,0.9044473360713623
COD10K-NonCAM-5-Background-2-Ocean-3310,0.019983677193522453,0.9800163507461548,0.0,0.9783474459355301
COD10K-NonCAM-5-Background-2-Ocean-3312,0.004812633618712425,0.9951873421669006,0.0,0.993272396047715
COD10K-NonCAM-5-Background-2-Ocean-3315,0.0015358913224190474,0.9984641075134277,0.0,0.9958768149278068
COD10K-NonCAM-5-Background-2-Ocean-3316,0.002267849864438176,0.9977321624755859,0.0,0.9959528572754497
COD10K-NonCAM-5-Background-2-Ocean-3319,0.13914895057678223,0.8608510494232178,0.0,0.859563308848454
COD10K-NonCAM-5-Background-2-Ocean-3321,0.1594623178243637,0.8405376672744751,0.0,0.8393020901430959
COD10K-NonCAM-5-Background-2-Ocean-3324,0.04644852504134178,0.9535514712333679,0.0,0.9518909197113872
COD10K-NonCAM-5-Background-2-Ocean-3325,0.003087019780650735,0.996912956237793,0.0,0.9952128946131251
COD10K-NonCAM-5-Background-2-Ocean-3326,0.005078358110040426,0.9949216246604919,0.0,0.99272654314262
COD10K-NonCAM-5-Background-2-Ocean-3327,0.0026393262669444084,0.9973606467247009,0.0,0.995889993079264
COD10K-NonCAM-5-Background-2-Ocean-3328,0.03560043126344681,0.9643995761871338,0.0,0.9626913291042187
COD10K-NonCAM-5-Background-2-Ocean-3329,0.06271150708198547,0.9372885227203369,0.0,0.9355798676686602
COD10K-NonCAM-5-Background-2-Ocean-3333,0.0019956217147409916,0.9980043768882751,0.0,0.9959591941377532
COD10K-NonCAM-5-Background-2-Ocean-3336,0.18131493031978607,0.8186850547790527,0.0,0.8174736172146759
COD10K-NonCAM-5-Background-2-Ocean-3339,0.11508610099554062,0.8849139213562012,0.0,0.8834552343869801
COD10K-NonCAM-5-Background-2-Ocean-3341,0.053657419979572296,0.9463425874710083,0.0,0.9446925909279841
COD10K-NonCAM-5-Background-2-Ocean-3349,0.028335727751255035,0.9716642498970032,0.0,0.9700105626982398
COD10K-NonCAM-5-Background-2-Ocean-3351,0.005148190539330244,0.99485182762146,0.0,0.9929270843421873
COD10K-NonCAM-5-Background-2-Ocean-3352,0.06883656233549118,0.9311634302139282,0.0,0.9295621814544441
COD10K-NonCAM-5-Background-2-Ocean-3353,0.004774291068315506,0.995225727558136,0.0,0.9930505743404117
COD10K-NonCAM-5-Background-2-Ocean-3355,0.08355329930782318,0.9164466857910156,0.0,0.9148429744437181
COD10K-NonCAM-5-Background-2-Ocean-3360,0.024238809943199158,0.9757611751556396,0.0,0.9740820124916265
COD10K-NonCAM-5-Background-2-Ocean-3361,0.04376007243990898,0.9562399387359619,0.0,0.9545709395656279
COD10K-NonCAM-5-Background-2-Ocean-3369,0.1431320458650589,0.8568679690361023,0.0,0.8555080952943028
COD10K-NonCAM-5-Background-2-Ocean-3370,0.040590062737464905,0.9594099521636963,0.0,0.9577753426571594
COD10K-NonCAM-5-Background-2-Ocean-3374,0.04704827070236206,0.9529517292976379,0.0,0.9513409368114574
COD10K-NonCAM-5-Background-2-Ocean-3375,0.0370461530983448,0.9629538655281067,0.0,0.9613452975815759
COD10K-NonCAM-5-Background-2-Ocean-3376,0.007558445446193218,0.9924415349960327,0.0,0.9905826344499329
COD10K-NonCAM-5-Background-2-Ocean-3377,0.03533986210823059,0.9646601676940918,0.0,0.9629905803330026
COD10K-NonCAM-5-Background-2-Ocean-3378,0.10603886842727661,0.8939611315727234,0.0,0.8924812908081321
COD10K-NonCAM-5-Background-2-Ocean-3380,0.03029601275920868,0.9697039723396301,0.0,0.9679787313462951
COD10K-NonCAM-5-Background-2-Ocean-3382,0.16641227900981903,0.8335877060890198,0.0,0.8323128147623544
COD10K-NonCAM-5-Background-2-Ocean-3386,0.06428012251853943,0.9357198476791382,0.0,0.9341638784472531
COD10K-NonCAM-5-Background-2-Ocean-3390,0.07901561260223389,0.9209843873977661,0.0,0.9194101497239776
COD10K-NonCAM-5-Background-2-Ocean-3392,0.004066219553351402,0.9959337711334229,0.0,0.9939090773124948
COD10K-NonCAM-5-Background-2-Ocean-3393,0.019562698900699615,0.9804372787475586,0.0,0.9787144479956095
COD10K-NonCAM-5-Background-2-Ocean-3401,0.08945928514003754,0.9105406999588013,0.0,0.9090524064187309
COD10K-NonCAM-5-Background-2-Ocean-3404,0.004590850323438644,0.9954091310501099,0.0,0.9932945593024385
COD10K-NonCAM-5-Background-2-Ocean-3408,0.0302381981164217,0.9697617888450623,0.0,0.9680758019882489
COD10K-NonCAM-5-Background-2-Ocean-3409,0.0033847251906991005,0.9966152906417847,0.0,0.995046875126107
COD10K-NonCAM-5-Background-2-Ocean-3412,0.05942204222083092,0.9405779838562012,0.0,0.9390333315173967
COD10K-NonCAM-5-Background-2-Ocean-3413,0.011918854899704456,0.988081157207489,0.0,0.9862264987530571
COD10K-NonCAM-5-Background-2-Ocean-3415,0.0054835728369653225,0.9945164322853088,0.0,0.9924051286591127
COD10K-NonCAM-5-Background-2-Ocean-3417,0.04253946617245674,0.9574605226516724,0.0,0.9557037561640961
COD10K-NonCAM-5-Background-2-Ocean-3418,0.01965414732694626,0.9803458452224731,0.0,0.978633266799432
COD10K-NonCAM-5-Background-2-Ocean-3425,0.01854456588625908,0.9814554452896118,0.0,0.9796256951001995
COD10K-NonCAM-5-Background-2-Ocean-3427,0.1234728991985321,0.8765270709991455,0.0,0.8751042587245668
COD10K-NonCAM-5-Background-2-Ocean-3429,0.008430559188127518,0.991569459438324,0.0,0.9897252664382624
COD10K-NonCAM-5-Background-2-Ocean-3430,0.007270811125636101,0.9927291870117188,0.0,0.9908112659197117
COD10K-NonCAM-5-Background-2-Ocean-3433,0.0025849458761513233,0.9974150657653809,0.0,0.995827570256572
COD10K-NonCAM-5-Background-2-Ocean-3434,0.18004600703716278,0.819953978061676,0.0,0.8187257307631777
COD10K-NonCAM-5-Background-2-Ocean-3435,0.0020931807812303305,0.9979068040847778,0.0,0.9959357382892265
COD10K-NonCAM-5-Background-2-Ocean-3436,0.016164669767022133,0.9838353395462036,0.0,0.9818864416620261
COD10K-NonCAM-5-Background-2-Ocean-3439,0.06256010383367538,0.9374399185180664,0.0,0.9358761553896999
COD10K-NonCAM-5-Background-2-Ocean-3444,0.004324296489357948,0.9956756830215454,0.0,0.9939447970388129
COD10K-NonCAM-5-Background-2-Ocean-3447,0.003008974250406027,0.9969910383224487,0.0,0.9955216668987033
COD10K-NonCAM-5-Background-2-Ocean-3448,0.033125028014183044,0.9668749570846558,0.0,0.9650784661186573
COD10K-NonCAM-5-Background-2-Ocean-3449,0.04622047767043114,0.9537795186042786,0.0,0.9521653279178066
COD10K-NonCAM-5-Background-2-Ocean-3450,0.011269208043813705,0.988730788230896,0.0,0.9868969450901109
COD10K-NonCAM-5-Background-2-Ocean-3451,0.005566549487411976,0.9944334626197815,0.0,0.9925411662752317
COD10K-NonCAM-5-Background-2-Ocean-3454,0.0023298689629882574,0.9976701140403748,0.0,0.9959599192513502
COD10K-NonCAM-5-Background-2-Ocean-3458,0.0036195162683725357,0.9963805079460144,0.0,0.9949738593395643
COD10K-NonCAM-5-Background-2-Ocean-3462,0.002006858354434371,0.9979931712150574,0.0,0.9959544966627123
COD10K-NonCAM-5-Background-2-Ocean-3463,0.0026207955088466406,0.9973791837692261,0.0,0.9959070805388088
COD10K-NonCAM-5-Background-2-Ocean-3473,0.002351609990000725,0.9976484179496765,0.0,0.9958897093391608
COD10K-NonCAM-5-Background-2-Ocean-3476,0.004021434113383293,0.995978593826294,0.0,0.9940130522969584
COD10K-NonCAM-5-Background-2-Ocean-3480,0.004178582690656185,0.9958214163780212,0.0,0.9939620106050704
COD10K-NonCAM-5-Background-2-Ocean-3481,0.005004622507840395,0.9949953556060791,0.0,0.9931261122612047
COD10K-NonCAM-5-Background-2-Ocean-3482,0.003695474937558174,0.9963045120239258,0.0,0.9946038307183849
COD10K-NonCAM-5-Background-2-Ocean-3490,0.004172098357230425,0.9958279132843018,0.0,0.9940648191024433
COD10K-NonCAM-5-Background-2-Ocean-3491,0.004109288565814495,0.995890736579895,0.0,0.9939880516412035
COD10K-NonCAM-5-Background-2-Ocean-3492,0.0056779044680297375,0.9943221211433411,0.0,0.9925009697606194
COD10K-NonCAM-5-Background-2-Ocean-3496,0.00452214851975441,0.9954778552055359,0.0,0.9933804695003352
COD10K-NonCAM-5-Background-2-Ocean-3499,0.004758605267852545,0.9952414035797119,0.0,0.9933621525003433
COD10K-NonCAM-5-Background-2-Ocean-3500,0.0048983339220285416,0.9951016902923584,0.0,0.9932031319358695
COD10K-NonCAM-5-Background-2-Ocean-3502,0.0041311620734632015,0.9958688616752625,0.0,0.9938316162643361
COD10K-NonCAM-5-Background-2-Ocean-3505,0.06542214751243591,0.9345778226852417,0.0,0.933056598458068
COD10K-NonCAM-5-Background-2-Ocean-3507,0.0045317658223211765,0.995468258857727,0.0,0.9933813522473228
COD10K-NonCAM-5-Background-2-Ocean-3508,0.10206930339336395,0.8979306817054749,0.0,0.8965126701936192
COD10K-NonCAM-5-Background-2-Ocean-3509,0.07433114945888519,0.9256688356399536,0.0,0.924073418319169
COD10K-NonCAM-5-Background-2-Ocean-3513,0.02034766599535942,0.9796523451805115,0.0,0.9780429612781774
COD10K-NonCAM-5-Background-2-Ocean-3515,0.00502246618270874,0.9949775338172913,0.0,0.9932845968721503
COD10K-NonCAM-5-Background-2-Ocean-3516,0.1577463001012802,0.8422536849975586,0.0,0.8409441887000314
COD10K-NonCAM-5-Background-2-Ocean-3519,0.004655201453715563,0.9953448176383972,0.0,0.993603899068223
COD10K-NonCAM-5-Background-2-Ocean-3520,0.02127833664417267,0.9787216782569885,0.0,0.9769204539034568
COD10K-NonCAM-5-Background-2-Ocean-3521,0.004848890472203493,0.9951511025428772,0.0,0.9933217037723061
COD10K-NonCAM-5-Background-2-Ocean-3527,0.004520724061876535,0.9954792857170105,0.0,0.9936343853659722
COD10K-NonCAM-5-Background-2-Ocean-3530,0.0025840059388428926,0.9974160194396973,0.0,0.9959366525628922
COD10K-NonCAM-5-Background-2-Ocean-3531,0.00750447902828455,0.9924955368041992,0.0,0.9905652632502848
COD10K-NonCAM-5-Background-2-Ocean-3533,0.012679968029260635,0.9873200058937073,0.0,0.9855715950683197
COD10K-NonCAM-5-Background-2-Ocean-3535,0.003154052421450615,0.9968459606170654,0.0,0.99537812593319
COD10K-NonCAM-5-Background-2-Ocean-3536,0.04593031853437424,0.9540696740150452,0.0,0.9523688956784743
COD10K-NonCAM-5-Background-2-Ocean-3538,0.004413927439600229,0.995586097240448,0.0,0.9932531332473793
COD10K-NonCAM-5-Background-2-Ocean-3539,0.005843999795615673,0.994156002998352,0.0,0.9921739435284056
COD10K-NonCAM-5-Background-2-Ocean-3543,0.003417854430153966,0.9965821504592896,0.0,0.9950179651622644
COD10K-NonCAM-5-Background-2-Ocean-3547,0.015126983635127544,0.9848729968070984,0.0,0.98308464459093
COD10K-NonCAM-5-Background-2-Ocean-3551,0.002332112053409219,0.9976679086685181,0.0,0.9959228123511944
COD10K-NonCAM-5-Background-2-Ocean-3553,0.002432277426123619,0.9975677132606506,0.0,0.9959392377504986
COD10K-NonCAM-5-Background-2-Ocean-3555,0.002797571010887623,0.997202455997467,0.0,0.995839708027651
COD10K-NonCAM-5-Background-2-Ocean-3557,0.005440074019134045,0.9945599436759949,0.0,0.9926768255712133
COD10K-NonCAM-5-Background-2-Ocean-3559,0.004718872718513012,0.9952811002731323,0.0,0.9932084914711512
COD10K-NonCAM-5-Background-2-Ocean-3563,0.0021907438058406115,0.9978092312812805,0.0,0.9959517853683932
COD10K-NonCAM-5-Background-2-Ocean-3564,0.0031042746268212795,0.9968957304954529,0.0,0.995198739134646
COD10K-NonCAM-5-Background-2-Ocean-3565,0.0025077923201024532,0.9974921941757202,0.0,0.9958734730999252
COD10K-NonCAM-5-Background-2-Ocean-3567,0.00617815600708127,0.9938218593597412,0.0,0.9918798626748346
COD10K-NonCAM-5-Background-2-Ocean-3568,0.05155206471681595,0.9484479427337646,0.0,0.9468179619339322
COD10K-NonCAM-5-Background-2-Ocean-3571,0.00205690017901361,0.997943103313446,0.0,0.9959499883477401
COD10K-NonCAM-5-Background-2-Ocean-3572,0.002092273673042655,0.9979076981544495,0.0,0.9959269738727072
COD10K-NonCAM-5-Background-2-Ocean-3573,0.002265788381919265,0.9977341890335083,0.0,0.9959577754372375
COD10K-NonCAM-5-Background-2-Ocean-3576,0.0020363805815577507,0.9979636073112488,0.0,0.9959300950138418
COD10K-NonCAM-5-Background-2-Ocean-3578,0.1148294135928154,0.885170578956604,0.0,0.8837270574057933
COD10K-NonCAM-5-Background-2-Ocean-3579,0.020585082471370697,0.9794149398803711,0.0,0.9777735027602237
COD10K-NonCAM-5-Background-2-Ocean-3580,0.0229346826672554,0.9770653247833252,0.0,0.9755227186286853
COD10K-NonCAM-5-Background-2-Ocean-3582,0.002162563381716609,0.9978374242782593,0.0,0.9959056618382931
COD10K-NonCAM-5-Background-2-Ocean-3583,0.004584701731801033,0.9954152703285217,0.0,0.9935042432386628
COD10K-NonCAM-5-Background-2-Ocean-3584,0.0039865123108029366,0.9960134625434875,0.0,0.9942750389921958
COD10K-NonCAM-5-Background-3-Sand-3585,0.0029255887493491173,0.9970744252204895,0.0,0.9958497965646517
COD10K-NonCAM-5-Background-3-Sand-3587,0.0037058615125715733,0.9962941408157349,0.0,0.9945743217476577
COD10K-NonCAM-5-Background-3-Sand-3589,0.0018964564660564065,0.9981035590171814,0.0,0.995953424755656
COD10K-NonCAM-5-Background-3-Sand-3590,0.0023672475945204496,0.9976327419281006,0.0,0.9959232537246882
COD10K-NonCAM-5-Background-3-Sand-3593,0.0023833320010453463,0.9976166486740112,0.0,0.9958143290517585
COD10K-NonCAM-5-Background-3-Sand-3595,0.004172052256762981,0.9958279728889465,0.0,0.9937395583642046
COD10K-NonCAM-5-Background-3-Sand-3602,0.011970612220466137,0.9880293607711792,0.0,0.9861339679527535
COD10K-NonCAM-5-Background-3-Sand-3603,0.0033619729802012444,0.9966380000114441,0.0,0.995200252415196
COD10K-NonCAM-5-Background-3-Sand-3604,0.0044044023379683495,0.9955955743789673,0.0,0.9938231355879199
COD10K-NonCAM-5-Background-3-Sand-3609,0.0053782593458890915,0.994621753692627,0.0,0.9925259704163745
COD10K-NonCAM-5-Background-3-Sand-3611,0.019712824374437332,0.9802871942520142,0.0,0.9784524928270503
COD10K-NonCAM-5-Background-3-Sand-3616,0.0022864514030516148,0.997713565826416,0.0,0.9959039909243524
COD10K-NonCAM-5-Background-3-Sand-3618,0.004219967406243086,0.9957800507545471,0.0,0.9938373225930772
COD10K-NonCAM-5-Background-3-Sand-3621,0.0032178242690861225,0.9967821836471558,0.0,0.9956419411757588
COD10K-NonCAM-5-Background-3-Sand-3626,0.012238874100148678,0.9877611398696899,0.0,0.9858836776551014
COD10K-NonCAM-5-Background-3-Sand-3629,0.041805483400821686,0.9581944942474365,0.0,0.9565147484322414
COD10K-NonCAM-5-Background-3-Sand-3631,0.003587234765291214,0.9964127540588379,0.0,0.9944358565773228
COD10K-NonCAM-5-Background-3-Sand-3632,0.016698675230145454,0.9833013415336609,0.0,0.981509382591624
COD10K-NonCAM-5-Background-3-Sand-3635,0.036568209528923035,0.9634317755699158,0.0,0.9615770501924892
COD10K-NonCAM-5-Background-3-Sand-3637,0.05322302505373955,0.9467769861221313,0.0,0.9451023431636038
COD10K-NonCAM-5-Background-3-Sand-3638,0.1410333514213562,0.8589666485786438,0.0,0.8576862104327578
COD10K-NonCAM-5-Background-3-Sand-3639,0.07139997184276581,0.928600013256073,0.0,0.926877369545128
COD10K-NonCAM-5-Background-3-Sand-3640,0.09089653193950653,0.9091034531593323,0.0,0.9075260738238783
COD10K-NonCAM-5-Background-3-Sand-3641,0.003442666493356228,0.996557354927063,0.0,0.9951941047129612
COD10K-NonCAM-5-Background-3-Sand-3646,0.0036988016217947006,0.9963011741638184,0.0,0.9943393849422535
COD10K-NonCAM-5-Background-3-Sand-3647,0.010110121220350266,0.9898898601531982,0.0,0.9881113212048942
COD10K-NonCAM-5-Background-3-Sand-3648,0.001790716778486967,0.9982092976570129,0.0,0.9959068283253838
COD10K-NonCAM-5-Background-3-Sand-3649,0.004457803443074226,0.9955421686172485,0.0,0.9936697582988309
COD10K-NonCAM-5-Background-3-Sand-3650,0.03968581557273865,0.960314154624939,0.0,0.9585751114278911
COD10K-NonCAM-5-Background-3-Sand-3651,0.0033574504777789116,0.996642529964447,0.0,0.994925213675214
COD10K-NonCAM-5-Background-3-Sand-3652,0.003978973254561424,0.996021032333374,0.0,0.9944200617115811
COD10K-NonCAM-5-Background-3-Sand-3654,0.034737441688776016,0.9652625322341919,0.0,0.9636041210160369
COD10K-NonCAM-5-Background-3-Sand-3655,0.007546533830463886,0.9924534559249878,0.0,0.9907493790505477
COD10K-NonCAM-5-Background-3-Sand-3656,0.0029226590413600206,0.9970773458480835,0.0,0.9952407326699114
COD10K-NonCAM-5-Background-3-Sand-3657,0.011341644451022148,0.9886583685874939,0.0,0.9867933168991069
COD10K-NonCAM-5-Background-3-Sand-3659,0.004639418330043554,0.9953605532646179,0.0,0.9933139166828087
COD10K-NonCAM-5-Background-3-Sand-3661,0.0023320780601352453,0.9976679086685181,0.0,0.9959254921188352
COD10K-NonCAM-5-Background-3-Sand-3663,0.004644818603992462,0.9953551888465881,0.0,0.9932433284504818
COD10K-NonCAM-5-Background-3-Sand-3664,0.0014628070639446378,0.9985371828079224,0.0,0.9959766914441138
COD10K-NonCAM-5-Background-3-Sand-3672,0.06459429860115051,0.9354057312011719,0.0,0.9338190081152192
COD10K-NonCAM-5-Background-3-Sand-3674,0.09267762303352356,0.9073224067687988,0.0,0.9058225297712726
COD10K-NonCAM-5-Background-3-Sand-3680,0.0904369056224823,0.9095630645751953,0.0,0.9079944026274586
COD10K-NonCAM-5-Background-3-Sand-3681,0.005058874376118183,0.9949411153793335,0.0,0.9931746002921643
COD10K-NonCAM-5-Background-3-Sand-3682,0.004479719325900078,0.995520293712616,0.0,0.9937324333349479
COD10K-NonCAM-5-Background-3-Sand-3683,0.0028712961357086897,0.9971287250518799,0.0,0.9959048421446619
COD10K-NonCAM-5-Background-3-Sand-3684,0.0045963008888065815,0.9954037070274353,0.0,0.9936051601353482
COD10K-NonCAM-5-Background-3-Sand-3685,0.005938817281275988,0.9940611720085144,0.0,0.9921087148313603
COD10K-NonCAM-5-Background-3-Sand-3688,0.07429376244544983,0.9257062673568726,0.0,0.9241087912520278
COD10K-NonCAM-5-Background-3-Sand-3689,0.011266341432929039,0.9887336492538452,0.0,0.9868930988353793
COD10K-NonCAM-5-Background-3-Sand-3690,0.0024691398721188307,0.9975308775901794,0.0,0.995849134504411
COD10K-NonCAM-5-Background-3-Sand-3691,0.002806250937283039,0.9971937537193298,0.0,0.9958647717367621
COD10K-NonCAM-5-Background-3-Sand-3698,0.004639779217541218,0.9953601956367493,0.0,0.9935211415381391
COD10K-NonCAM-5-Background-3-Sand-3700,0.0018046926707029343,0.9981952905654907,0.0,0.9959762500706201
COD10K-NonCAM-5-Background-3-Sand-3701,0.0031029258389025927,0.9968971014022827,0.0,0.9955757666783697
COD10K-NonCAM-5-Background-3-Sand-3702,0.008957098238170147,0.9910429120063782,0.0,0.9891100548412872
COD10K-NonCAM-5-Background-3-Sand-3704,0.04943559691309929,0.9505643844604492,0.0,0.948850833666255
COD10K-NonCAM-5-Background-3-Sand-3707,0.07539385557174683,0.9246061444282532,0.0,0.9229845183833321
COD10K-NonCAM-5-Background-3-Sand-3708,0.078311488032341,0.9216884970664978,0.0,0.9200862708630946
COD10K-NonCAM-5-Background-3-Sand-3710,0.007917420007288456,0.9920825958251953,0.0,0.9902772039922361
COD10K-NonCAM-5-Background-3-Sand-3711,0.0034612088929861784,0.9965388178825378,0.0,0.9946086227734602
COD10K-NonCAM-5-Background-3-Sand-3721,0.004769146908074617,0.9952308535575867,0.0,0.9935811683332934
COD10K-NonCAM-5-Background-3-Sand-3722,0.0026494767516851425,0.9973505139350891,0.0,0.9958421355818667
COD10K-NonCAM-5-Background-3-Sand-3724,0.004397502169013023,0.9956024885177612,0.0,0.9935294645811645
COD10K-NonCAM-5-Background-3-Sand-3727,0.0029683331958949566,0.9970316886901855,0.0,0.9955438301534267
COD10K-NonCAM-5-Background-3-Sand-3739,0.0023424190003424883,0.9976575970649719,0.0,0.9959009958899303
COD10K-NonCAM-5-Background-3-Sand-3740,0.0020741408225148916,0.997925877571106,0.0,0.9959441243856084
COD10K-NonCAM-5-Background-3-Sand-3741,0.0030809815507382154,0.9969190359115601,0.0,0.9953693930433487
COD10K-NonCAM-5-Background-3-Sand-3742,0.0034850065130740404,0.9965149760246277,0.0,0.9946883852691222
COD10K-NonCAM-5-Background-3-Sand-3747,0.003582339035347104,0.9964176416397095,0.0,0.9946790218457183
COD10K-NonCAM-5-Background-3-Sand-3751,0.0025497511960566044,0.9974502325057983,0.0,0.9957328956421558
COD10K-NonCAM-5-Background-3-Sand-3756,0.0031154677271842957,0.9968845248222351,0.0,0.9954612302567334
COD10K-NonCAM-5-Background-3-Sand-3757,0.002458226401358843,0.9975417852401733,0.0,0.9959196281567035
COD10K-NonCAM-5-Background-3-Sand-3758,0.003994253929704428,0.9960057735443115,0.0,0.9940370125723351
COD10K-NonCAM-5-Background-3-Sand-3761,0.01578589528799057,0.9842141270637512,0.0,0.9823993491884782
COD10K-NonCAM-5-Background-3-Sand-3765,0.004836310166865587,0.9951636791229248,0.0,0.9930908339083803
COD10K-NonCAM-5-Background-3-Sand-3769,0.003842136124148965,0.9961578845977783,0.0,0.9942773404396991
COD10K-NonCAM-5-Background-3-Sand-3771,0.0027757794596254826,0.9972242116928101,0.0,0.9955795814064231
COD10K-NonCAM-5-Background-3-Sand-3773,0.008205841295421124,0.9917941689491272,0.0,0.989921362376214
COD10K-NonCAM-5-Background-3-Sand-3774,0.0866401419043541,0.9133598804473877,0.0,0.9118259028736189
COD10K-NonCAM-5-Background-3-Sand-3775,0.00640510581433773,0.9935948848724365,0.0,0.991948338619727
COD10K-NonCAM-5-Background-3-Sand-3776,0.002763568889349699,0.997236430644989,0.0,0.9959307255474044
COD10K-NonCAM-5-Background-3-Sand-3778,0.0028176181949675083,0.9971823692321777,0.0,0.9957406512049751
COD10K-NonCAM-5-Background-3-Sand-3780,0.007898343726992607,0.9921016693115234,0.0,0.9900379795586065
COD10K-NonCAM-5-Background-3-Sand-3784,0.007877865806221962,0.9921221137046814,0.0,0.9901178051076247
COD10K-NonCAM-5-Background-3-Sand-3786,0.006270009558647871,0.9937300086021423,0.0,0.9918242811412963
COD10K-NonCAM-5-Background-3-Sand-3792,0.0023189992643892765,0.9976810216903687,0.0,0.9958909073529296
COD10K-NonCAM-5-Background-3-Sand-3799,0.002545751864090562,0.9974542260169983,0.0,0.9957409034184002
COD10K-NonCAM-5-Background-3-Sand-3805,0.0032315501011908054,0.9967684745788574,0.0,0.9950712767749775
COD10K-NonCAM-5-Background-3-Sand-3810,0.004085084889084101,0.9959149360656738,0.0,0.9942129629629632
COD10K-NonCAM-5-Background-3-Sand-3813,0.006575302686542273,0.9934247136116028,0.0,0.9912922053945428
COD10K-NonCAM-5-Background-3-Sand-3816,0.006888745818287134,0.993111252784729,0.0,0.9912205452551596
COD10K-NonCAM-5-Background-3-Sand-3823,0.0029377772007137537,0.9970622062683105,0.0,0.9954248169434965
COD10K-NonCAM-5-Background-3-Sand-3824,0.0030267576221376657,0.9969732165336609,0.0,0.9956031633616622
COD10K-NonCAM-5-Background-3-Sand-3828,0.002698540221899748,0.997301459312439,0.0,0.9959219296042068
COD10K-NonCAM-5-Background-3-Sand-3832,0.0037147963885217905,0.9962852001190186,0.0,0.9946064159059913
COD10K-NonCAM-5-Background-3-Sand-3833,0.006136908195912838,0.9938631057739258,0.0,0.9920345010310486
COD10K-NonCAM-5-Background-3-Sand-3834,0.013462547212839127,0.9865374565124512,0.0,0.9847386602321979
COD10K-NonCAM-5-Background-3-Sand-3837,0.002672013593837619,0.997327983379364,0.0,0.9958360509329882
COD10K-NonCAM-5-Background-3-Sand-3841,0.0045029339380562305,0.9954970479011536,0.0,0.9937594201714247
COD10K-NonCAM-5-Background-3-Sand-3846,0.07103214412927628,0.9289678335189819,0.0,0.9273892051645238
COD10K-NonCAM-5-Background-3-Sand-3847,0.0029185921885073185,0.9970813989639282,0.0,0.995516370416778
COD10K-NonCAM-5-Background-3-Sand-3851,0.009891776368021965,0.9901082515716553,0.0,0.9881777163890304
COD10K-NonCAM-5-Background-3-Sand-3854,0.004465892910957336,0.9955341219902039,0.0,0.9934979694297155
COD10K-NonCAM-5-Background-3-Sand-3858,0.0025397781282663345,0.9974602460861206,0.0,0.9958847911773729
COD10K-NonCAM-5-Background-3-Sand-3859,0.004052078351378441,0.9959478974342346,0.0,0.9941963168769121
COD10K-NonCAM-5-Background-3-Sand-3863,0.004448572173714638,0.9955514073371887,0.0,0.9939809266119468
COD10K-NonCAM-5-Background-3-Sand-3864,0.003312094137072563,0.9966878890991211,0.0,0.9951720360382722
COD10K-NonCAM-5-Background-3-Sand-3865,0.015344582498073578,0.9846554398536682,0.0,0.9829445400333325
COD10K-NonCAM-5-Background-3-Sand-3866,0.012918967753648758,0.9870810508728027,0.0,0.9853894339221005
COD10K-NonCAM-5-Background-3-Sand-3867,0.03770522028207779,0.9622947573661804,0.0,0.9605972640896507
COD10K-NonCAM-5-Background-3-Sand-3871,0.035523753613233566,0.9644762277603149,0.0,0.9627062727496509
COD10K-NonCAM-5-Background-3-Sand-3872,0.035903800278902054,0.964096188545227,0.0,0.9623313259666836
COD10K-NonCAM-5-Background-3-Sand-3873,0.002643623622134328,0.9973563551902771,0.0,0.9958685234114593
COD10K-NonCAM-5-Background-3-Sand-3874,0.0030290705617517233,0.9969709515571594,0.0,0.9952426557972772
COD10K-NonCAM-5-Background-3-Sand-3877,0.004358247388154268,0.9956417679786682,0.0,0.9934489139185495
COD10K-NonCAM-5-Background-3-Sand-3879,0.003670198144391179,0.9963297843933105,0.0,0.9943107271918359
COD10K-NonCAM-5-Background-3-Sand-3881,0.004495063330978155,0.9955049157142639,0.0,0.9934956364555341
COD10K-NonCAM-5-Background-3-Sand-3882,0.00651520024985075,0.9934847950935364,0.0,0.9915881778488014
COD10K-NonCAM-5-Background-3-Sand-3885,0.0033605394419282675,0.9966394901275635,0.0,0.995191803265458
COD10K-NonCAM-5-Background-3-Sand-3886,0.013148073107004166,0.9868519306182861,0.0,0.9849266222871926
COD10K-NonCAM-5-Background-3-Sand-3890,0.004308400209993124,0.9956915974617004,0.0,0.9934225891423132
COD10K-NonCAM-5-Background-3-Sand-3891,0.00945296697318554,0.9905470609664917,0.0,0.9886594125041366
COD10K-NonCAM-5-Background-3-Sand-3892,0.0024282794911414385,0.9975717067718506,0.0,0.9957748261240651
COD10K-NonCAM-5-Background-3-Sand-3896,0.0040145330131053925,0.9959854483604431,0.0,0.9938326566447143
COD10K-NonCAM-5-Background-3-Sand-3898,0.004672135692089796,0.995327889919281,0.0,0.9933426690132607
COD10K-NonCAM-5-Background-3-Sand-3902,0.002826330251991749,0.9971736669540405,0.0,0.9957778211584872
COD10K-NonCAM-5-Background-3-Sand-3904,0.006112172268331051,0.9938878417015076,0.0,0.9918829522892911
COD10K-NonCAM-5-Background-3-Sand-3906,0.005150998011231422,0.9948490262031555,0.0,0.9929405777604258
COD10K-NonCAM-5-Background-3-Sand-3908,0.005710728000849485,0.9942892789840698,0.0,0.9924102044542912
COD10K-NonCAM-5-Background-3-Sand-3914,0.011315465904772282,0.9886845350265503,0.0,0.986821848542812
COD10K-NonCAM-5-Background-3-Sand-3920,0.030730880796909332,0.9692690968513489,0.0,0.9674743990762935
COD10K-NonCAM-5-Background-3-Sand-3922,0.004017113242298365,0.9959828853607178,0.0,0.9942463497151
COD10K-NonCAM-5-Background-3-Sand-3926,0.002399665769189596,0.9976003170013428,0.0,0.9957932061774133
COD10K-NonCAM-5-Background-3-Sand-3927,0.0027938084676861763,0.9972062110900879,0.0,0.9956055909158781
COD10K-NonCAM-5-Background-3-Sand-3931,0.007869203574955463,0.9921308159828186,0.0,0.9903652580042455
COD10K-NonCAM-5-Background-3-Sand-3933,0.0052672275342047215,0.9947327971458435,0.0,0.9926841082338607
COD10K-NonCAM-5-Background-3-Sand-3938,0.003174424171447754,0.9968255758285522,0.0,0.9952478261724901
COD10K-NonCAM-5-Background-3-Sand-3939,0.00480464706197381,0.9951953291893005,0.0,0.9932122116191702
COD10K-NonCAM-5-Background-3-Sand-3940,0.002368165645748377,0.997631847858429,0.0,0.9959219296042068
COD10K-NonCAM-5-Background-3-Sand-3941,0.10951746255159378,0.8904825448989868,0.0,0.888846044133314
COD10K-NonCAM-5-Background-3-Sand-3942,0.0038468241691589355,0.9961531758308411,0.0,0.9943100966582733
COD10K-NonCAM-5-Background-3-Sand-3944,0.003898676484823227,0.9961013197898865,0.0,0.9941691724070445
COD10K-NonCAM-5-Background-3-Sand-3945,0.003806841326877475,0.9961931705474854,0.0,0.9945226810488853
COD10K-NonCAM-5-Background-3-Sand-3947,0.010372512973845005,0.989627480506897,0.0,0.9878569954924419
COD10K-NonCAM-5-Background-3-Sand-3948,0.0032531798351556063,0.996746838092804,0.0,0.9954717286405498
COD10K-NonCAM-5-Background-3-Sand-3950,0.005680191796272993,0.9943197965621948,0.0,0.9924411636522121
COD10K-NonCAM-5-Background-3-Sand-3951,0.0021114330738782883,0.9978885650634766,0.0,0.9959976566850685
COD10K-NonCAM-5-Background-3-Sand-3954,0.008585932664573193,0.9914140701293945,0.0,0.9895887874486496
COD10K-NonCAM-5-Background-3-Sand-3955,0.004269609227776527,0.9957304000854492,0.0,0.9939489900870038
COD10K-NonCAM-5-Background-3-Sand-3958,0.0043700519017875195,0.9956299662590027,0.0,0.9939583535104076
COD10K-NonCAM-5-Background-3-Sand-3960,0.002322718035429716,0.9976772665977478,0.0,0.9958491029777329
COD10K-NonCAM-5-Background-3-Sand-3961,0.08608197420835495,0.9139180183410645,0.0,0.9123257268286482
COD10K-NonCAM-5-Background-3-Sand-3962,0.0029046351555734873,0.9970953464508057,0.0,0.9952389356492581
COD10K-NonCAM-5-Background-3-Sand-3965,0.0028938534669578075,0.99710613489151,0.0,0.995746073793613
COD10K-NonCAM-5-Background-3-Sand-3967,0.004685180261731148,0.9953148365020752,0.0,0.9932231513764803
COD10K-NonCAM-5-Background-3-Sand-3973,0.004428862128406763,0.9955711364746094,0.0,0.9936633899098491
COD10K-NonCAM-5-Background-3-Sand-3975,0.0030770390294492245,0.9969229698181152,0.0,0.9952686022533759
COD10K-NonCAM-5-Background-3-Sand-3977,0.006784570403397083,0.9932154417037964,0.0,0.9912488246854397
COD10K-NonCAM-5-Background-3-Sand-3978,0.002754930406808853,0.9972450733184814,0.0,0.9959823031928206
COD10K-NonCAM-5-Background-3-Sand-3980,0.002094188006594777,0.9979057908058167,0.0,0.9959910045559837
COD10K-NonCAM-5-Background-3-Sand-3983,0.0030762890819460154,0.9969236850738525,0.0,0.9952901349745369
COD10K-NonCAM-5-Background-3-Sand-3984,0.004064153414219618,0.99593585729599,0.0,0.9939445132987097
COD10K-NonCAM-5-Background-3-Sand-3988,0.0029730910900980234,0.9970269203186035,0.0,0.9953611961070357
COD10K-NonCAM-5-Background-3-Sand-3990,0.013689739629626274,0.9863102436065674,0.0,0.984507506628169
COD10K-NonCAM-5-Background-3-Sand-3995,0.004865854512900114,0.995134174823761,0.0,0.9930463182388646
COD10K-NonCAM-5-Background-3-Sand-4001,0.0016060230555012822,0.9983939528465271,0.0,0.9959781731979858
COD10K-NonCAM-5-Background-3-Sand-4003,0.0043824827298521996,0.9956175088882446,0.0,0.9934335288996234
COD10K-NonCAM-5-Background-3-Sand-4005,0.004604885820299387,0.9953951239585876,0.0,0.9934878808927148
COD10K-NonCAM-5-Background-3-Sand-4008,0.0029641506262123585,0.9970358610153198,0.0,0.9954734310811686
COD10K-NonCAM-5-Background-3-Sand-4009,0.006423745770007372,0.9935762286186218,0.0,0.9916583247076345
COD10K-NonCAM-5-Background-3-Sand-4011,0.0037579871714115143,0.9962419867515564,0.0,0.9945132230454472
COD10K-NonCAM-5-Background-3-Sand-4013,0.0049471184611320496,0.9950528740882874,0.0,0.9933478393884736
COD10K-NonCAM-5-Background-3-Sand-4014,0.005480538588017225,0.9945194721221924,0.0,0.9925274836969245
COD10K-NonCAM-5-Background-3-Sand-4015,0.0019950070418417454,0.9980049729347229,0.0,0.9959559468899061
COD10K-NonCAM-5-Background-3-Sand-4017,0.0019285111920908093,0.9980714917182922,0.0,0.9958849488107635
COD10K-NonCAM-5-Background-3-Sand-4019,0.006256209686398506,0.9937437772750854,0.0,0.9918451518022166
COD10K-NonCAM-5-Background-3-Sand-4020,0.005975460167974234,0.9940245151519775,0.0,0.9919779106438104
COD10K-NonCAM-5-Background-3-Sand-4023,0.04537130147218704,0.9546287059783936,0.0,0.9530448276575224
COD10K-NonCAM-5-Background-3-Sand-4026,0.0035416707396507263,0.9964583516120911,0.0,0.9948522609420276
COD10K-NonCAM-5-Background-3-Sand-4027,0.005219397135078907,0.9947806000709534,0.0,0.99298225602891
COD10K-NonCAM-5-Background-3-Sand-4029,0.008500519208610058,0.9914994835853577,0.0,0.9896920373195164
COD10K-NonCAM-5-Background-3-Sand-4030,0.004283026326447725,0.9957169890403748,0.0,0.9938013191266558
COD10K-NonCAM-5-Background-4-Sky-4035,0.030125930905342102,0.9698740839958191,0.0,0.9680794590829117
COD10K-NonCAM-5-Background-4-Sky-4042,0.0038991039618849754,0.996100902557373,0.0,0.994323148703018
COD10K-NonCAM-5-Background-4-Sky-4043,0.0052822730503976345,0.9947177171707153,0.0,0.9928183803560047
COD10K-NonCAM-5-Background-4-Sky-4050,0.0037879275623708963,0.9962120652198792,0.0,0.9941093978253153
COD10K-NonCAM-5-Background-4-Sky-4053,0.0040870485827326775,0.9959129691123962,0.0,0.9937091666464899
COD10K-NonCAM-5-Background-4-Sky-4056,0.0025950747076421976,0.997404932975769,0.0,0.9959154981618689
COD10K-NonCAM-5-Background-4-Sky-4059,0.003332387423142791,0.9966676235198975,0.0,0.9950520455013199
COD10K-NonCAM-5-Background-4-Sky-4061,0.0039659407921135426,0.9960340857505798,0.0,0.9940593965138055
COD10K-NonCAM-5-Background-4-Sky-4062,0.0035070001613348722,0.9964929819107056,0.0,0.9944736570643975
COD10K-NonCAM-5-Background-4-Sky-4068,0.0022377276327461004,0.9977622628211975,0.0,0.9959129129742624
COD10K-NonCAM-5-Background-4-Sky-4069,0.003020694013684988,0.996979296207428,0.0,0.9955720150036725
COD10K-NonCAM-5-Background-4-Sky-4071,0.008202449418604374,0.9917975664138794,0.0,0.9898079924416683
COD10K-NonCAM-5-Background-4-Sky-4073,0.00564300874248147,0.9943569898605347,0.0,0.9925162601995112
COD10K-NonCAM-5-Background-4-Sky-4074,0.0072471066378057,0.9927529096603394,0.0,0.9908750443895631
COD10K-NonCAM-5-Background-4-Sky-4077,0.006020318251103163,0.9939796924591064,0.0,0.9920335237040268
COD10K-NonCAM-5-Background-4-Sky-4078,0.007360907271504402,0.9926390647888184,0.0,0.9906140350213476
COD10K-NonCAM-5-Background-4-Sky-4082,0.001876120688393712,0.9981238842010498,0.0,0.9959376298899142
COD10K-NonCAM-5-Background-4-Sky-4084,0.002949221059679985,0.9970507621765137,0.0,0.9957438038727879
COD10K-NonCAM-5-Background-4-Sky-4087,0.005101995542645454,0.9948980212211609,0.0,0.9928466913129629
COD10K-NonCAM-5-Background-4-Sky-4089,0.008512932807207108,0.9914870858192444,0.0,0.9897233117842186
COD10K-NonCAM-5-Background-4-Sky-4093,0.0046670688316226006,0.9953329563140869,0.0,0.99326322178438
COD10K-NonCAM-5-Background-4-Sky-4095,0.032819103449583054,0.9671809077262878,0.0,0.9654215709567162
COD10K-NonCAM-5-Background-4-Sky-4099,0.004332931246608496,0.995667040348053,0.0,0.9935568612644572
COD10K-NonCAM-5-Background-4-Sky-4101,0.004116305150091648,0.9958837032318115,0.0,0.9940899773915889
COD10K-NonCAM-5-Background-4-Sky-4102,0.0025305526796728373,0.997469425201416,0.0,0.995935612182514
COD10K-NonCAM-5-Background-4-Sky-4103,0.0028075440786778927,0.9971924424171448,0.0,0.995877634621438
COD10K-NonCAM-5-Background-4-Sky-4105,0.009924229234457016,0.9900757670402527,0.0,0.9882257315198182
COD10K-NonCAM-5-Background-4-Sky-4106,0.003313088323920965,0.9966869354248047,0.0,0.9950309226269747
COD10K-NonCAM-5-Background-4-Sky-4108,0.00208457768894732,0.9979154467582703,0.0,0.9958001420466013
COD10K-NonCAM-5-Background-4-Sky-4110,0.006638669408857822,0.9933613538742065,0.0,0.9915099601603677
COD10K-NonCAM-5-Background-4-Sky-4111,0.0051265922375023365,0.9948734045028687,0.0,0.9931606970271102
COD10K-NonCAM-5-Background-4-Sky-4112,0.00207973038777709,0.9979202747344971,0.0,0.9959194705233129
COD10K-NonCAM-5-Background-4-Sky-4113,0.0026798625476658344,0.9973201155662537,0.0,0.9959141109880313
COD10K-NonCAM-5-Background-4-Sky-4115,0.004803022835403681,0.9951969981193542,0.0,0.9933811630872539
COD10K-NonCAM-5-Background-4-Sky-4118,0.005430357996374369,0.9945696592330933,0.0,0.9926262883061753
COD10K-NonCAM-5-Background-4-Sky-4121,0.0024825879372656345,0.9975174069404602,0.0,0.9959697240482477
COD10K-NonCAM-5-Background-4-Sky-4122,0.0033156857825815678,0.9966843128204346,0.0,0.9948410059179361
COD10K-NonCAM-5-Background-4-Sky-4125,0.002100918209180236,0.997899055480957,0.0,0.9959475607935242
COD10K-NonCAM-5-Background-4-Sky-4127,0.0031257893424481153,0.996874213218689,0.0,0.9953629616010108
COD10K-NonCAM-5-Background-4-Sky-4128,0.003534267656505108,0.9964657425880432,0.0,0.9945408088888085
COD10K-NonCAM-5-Background-4-Sky-4129,0.004156869370490313,0.9958431124687195,0.0,0.9936799098891878
COD10K-NonCAM-5-Background-4-Sky-4134,0.005101285874843597,0.9948987364768982,0.0,0.9929730187122185
COD10K-NonCAM-5-Background-4-Sky-4137,0.0027631281409412622,0.9972368478775024,0.0,0.995598875733437
COD10K-NonCAM-5-Background-4-Sky-4139,0.003405260154977441,0.9965947270393372,0.0,0.9950241443911773
COD10K-NonCAM-5-Background-4-Sky-4140,0.004137016832828522,0.9958629608154297,0.0,0.9937309515810758
COD10K-NonCAM-5-Background-4-Sky-4142,0.0038865392562001944,0.9961134791374207,0.0,0.9944608257063996
COD10K-NonCAM-5-Background-4-Sky-4144,0.005028496030718088,0.994971513748169,0.0,0.9929077900151735
COD10K-NonCAM-5-Background-4-Sky-4146,0.010533452965319157,0.9894665479660034,0.0,0.9876026697799893
COD10K-NonCAM-5-Background-4-Sky-4149,0.004556403495371342,0.99544358253479,0.0,0.9934737569409138
COD10K-NonCAM-5-Background-4-Sky-4153,0.0034486553631722927,0.9965513348579407,0.0,0.9945787985359518
COD10K-NonCAM-5-Background-4-Sky-4155,0.0019693472422659397,0.9980306625366211,0.0,0.9959230960912975
COD10K-NonCAM-5-Background-4-Sky-4157,0.002857917919754982,0.9971420764923096,0.0,0.9958886374321044
COD10K-NonCAM-5-Background-4-Sky-4159,0.0032029692083597183,0.9967970252037048,0.0,0.995244074497793
COD10K-NonCAM-5-Background-4-Sky-4160,0.0023917537182569504,0.9976082444190979,0.0,0.9958150226386773
COD10K-NonCAM-5-Background-4-Sky-4161,0.0029009284917265177,0.9970990419387817,0.0,0.995719812070733
COD10K-NonCAM-5-Background-4-Sky-4162,0.003625173820182681,0.9963748455047607,0.0,0.994575109914611
COD10K-NonCAM-5-Background-4-Sky-4163,0.0038733920082449913,0.9961265921592712,0.0,0.9939872950009284
COD10K-NonCAM-5-Background-4-Sky-4166,0.004958196543157101,0.9950417876243591,0.0,0.993417828613916
COD10K-NonCAM-5-Background-4-Sky-4168,0.004531571641564369,0.9954684376716614,0.0,0.993453989713728
COD10K-NonCAM-5-Background-4-Sky-4169,0.0044032856822013855,0.995596706867218,0.0,0.9936267559098653
COD10K-NonCAM-5-Background-4-Sky-4171,0.002785735297948122,0.9972142577171326,0.0,0.9956107297644128
COD10K-NonCAM-5-Background-4-Sky-4175,0.0026994363870471716,0.9973005652427673,0.0,0.9956714501464858
COD10K-NonCAM-5-Background-4-Sky-4178,0.0018705264665186405,0.9981294870376587,0.0,0.99596581474016
COD10K-NonCAM-5-Background-4-Sky-4179,0.0036240790504962206,0.9963759183883667,0.0,0.994586522572093
COD10K-NonCAM-5-Background-4-Sky-4182,0.0036240790504962206,0.9963759183883667,0.0,0.994586522572093
COD10K-NonCAM-5-Background-4-Sky-4184,0.0020393531303852797,0.99796062707901,0.0,0.9959421066782083
COD10K-NonCAM-5-Background-4-Sky-4190,0.004126290325075388,0.9958736896514893,0.0,0.994052366064583
COD10K-NonCAM-5-Background-4-Sky-4194,0.0026771402917802334,0.9973228573799133,0.0,0.9958356410861725
COD10K-NonCAM-5-Background-4-Sky-4195,0.003883003955706954,0.9961169958114624,0.0,0.9943162443605081
COD10K-NonCAM-5-Background-4-Sky-4196,0.0030097307171672583,0.9969902634620667,0.0,0.9958244175887593
COD10K-NonCAM-5-Background-4-Sky-4197,0.002723278943449259,0.9972767233848572,0.0,0.9959354545491235
COD10K-NonCAM-5-Background-4-Sky-4199,0.002664518542587757,0.9973354935646057,0.0,0.995697774922722
COD10K-NonCAM-5-Background-4-Sky-4201,0.004644196014851332,0.9953557848930359,0.0,0.993301873491764
COD10K-NonCAM-5-Background-4-Sky-4207,0.0029467232525348663,0.9970532655715942,0.0,0.9957352916696935
COD10K-NonCAM-5-Background-4-Sky-4208,0.004165350459516048,0.9958346486091614,0.0,0.9940178758787119
COD10K-NonCAM-5-Background-4-Sky-4210,0.002556383144110441,0.9974436163902283,0.0,0.995704427051807
COD10K-NonCAM-5-Background-4-Sky-4216,0.002151607070118189,0.997848391532898,0.0,0.9959130075542968
COD10K-NonCAM-5-Background-4-Sky-4217,0.003636764595285058,0.9963632225990295,0.0,0.9943611383501614
COD10K-NonCAM-5-Background-4-Sky-4220,0.002510967431589961,0.9974890351295471,0.0,0.9959635132926566
COD10K-NonCAM-5-Background-4-Sky-4221,0.0022905636578798294,0.9977094531059265,0.0,0.9959418859914614
COD10K-NonCAM-5-Background-4-Sky-4222,0.008679122664034367,0.9913208484649658,0.0,0.9896018710200725
COD10K-NonCAM-5-Background-4-Sky-4225,0.0036351908929646015,0.9963648319244385,0.0,0.9945901166133995
COD10K-NonCAM-5-Background-4-Sky-4226,0.002114801434800029,0.9978852272033691,0.0,0.9958863359846011
COD10K-NonCAM-5-Background-4-Sky-4228,0.00779439602047205,0.9922056198120117,0.0,0.9902853694018711
COD10K-NonCAM-5-Background-4-Sky-4231,0.004087095148861408,0.9959129095077515,0.0,0.9937707067221943
COD10K-NonCAM-5-Background-4-Sky-4232,0.0034621262457221746,0.9965378642082214,0.0,0.9951646272689123
COD10K-NonCAM-5-Background-4-Sky-4234,0.0035467101261019707,0.9964532852172852,0.0,0.994614266048845
COD10K-NonCAM-5-Background-4-Sky-4236,0.003706717863678932,0.996293306350708,0.0,0.9944172873639059
COD10K-NonCAM-5-Background-4-Sky-4237,0.0016442328924313188,0.9983557462692261,0.0,0.9959397421773487
COD10K-NonCAM-5-Background-4-Sky-4238,0.004573575221002102,0.9954264163970947,0.0,0.9935482544813284
COD10K-NonCAM-5-Background-4-Sky-4239,0.0029729888774454594,0.9970270395278931,0.0,0.9959565774234687
COD10K-NonCAM-5-Background-4-Sky-4241,0.004934402648359537,0.9950655698776245,0.0,0.9932529756139887
COD10K-NonCAM-5-Background-4-Sky-4242,0.005183367524296045,0.9948166608810425,0.0,0.9929949612801953
COD10K-NonCAM-5-Background-4-Sky-4251,0.003645491786301136,0.9963545203208923,0.0,0.9943728662744247
COD10K-NonCAM-5-Background-4-Sky-4252,0.003085767850279808,0.9969142079353333,0.0,0.9955137852291716
COD10K-NonCAM-5-Background-4-Sky-4253,0.0022280230186879635,0.9977719783782959,0.0,0.9959107691601498
COD10K-NonCAM-5-Background-4-Sky-4254,0.001805443549528718,0.9981945753097534,0.0,0.9959242310517101
COD10K-NonCAM-5-Background-4-Sky-4257,0.003988234326243401,0.9960117936134338,0.0,0.9940739303124222
COD10K-NonCAM-5-Background-4-Sky-4258,0.0051337359473109245,0.9948662519454956,0.0,0.9928602477845576
COD10K-NonCAM-5-Background-4-Sky-4259,0.0021914842072874308,0.9978085160255432,0.0,0.9959634817659786
COD10K-NonCAM-5-Background-4-Sky-4262,0.01034554559737444,0.9896544814109802,0.0,0.9877219352033446
COD10K-NonCAM-5-Background-4-Sky-4265,0.0035587078891694546,0.9964413046836853,0.0,0.9948614352053625
COD10K-NonCAM-5-Background-4-Sky-4267,0.005146060138940811,0.9948539137840271,0.0,0.9930240919307849
COD10K-NonCAM-5-Background-4-Sky-4272,0.012179208919405937,0.9878208041191101,0.0,0.9859708489201231
COD10K-NonCAM-5-Background-4-Sky-4281,0.0024445003364235163,0.9975554943084717,0.0,0.9959581852840531
COD10K-NonCAM-5-Background-4-Sky-4283,0.004844566807150841,0.9951554536819458,0.0,0.9933037650924517
COD10K-NonCAM-5-Background-4-Sky-4284,0.0034521124325692654,0.9965478777885437,0.0,0.9947496100780452
COD10K-NonCAM-5-Background-4-Sky-4286,0.0026359762996435165,0.9973640441894531,0.0,0.9959154035818345
COD10K-NonCAM-5-Background-4-Sky-4287,0.00290850643068552,0.9970914721488953,0.0,0.9956944015681625
COD10K-NonCAM-5-Background-4-Sky-4288,0.00459147896617651,0.9954085350036621,0.0,0.9935127869684353
COD10K-NonCAM-5-Background-4-Sky-4292,0.002968663116917014,0.9970313310623169,0.0,0.9954540106474422
COD10K-NonCAM-5-Background-4-Sky-4295,0.005342863965779543,0.9946571588516235,0.0,0.9927914880995621
COD10K-NonCAM-5-Background-4-Sky-4296,0.002748028375208378,0.9972519874572754,0.0,0.9958232511016685
COD10K-NonCAM-5-Background-4-Sky-4299,0.002912895753979683,0.9970871210098267,0.0,0.995716564822886
COD10K-NonCAM-5-Background-4-Sky-4302,0.025000575929880142,0.9749994277954102,0.0,0.9731141434731201
COD10K-NonCAM-5-Background-4-Sky-4303,0.006751840002834797,0.9932481646537781,0.0,0.9914345168196091
COD10K-NonCAM-5-Background-4-Sky-4304,0.004067434463649988,0.9959325790405273,0.0,0.9939731395224494
COD10K-NonCAM-5-Background-4-Sky-4305,0.004455675836652517,0.9955443143844604,0.0,0.9935576809580885
COD10K-NonCAM-5-Background-4-Sky-4310,0.005374426953494549,0.9946255683898926,0.0,0.9926763841977195
COD10K-NonCAM-5-Background-4-Sky-4311,0.0022971583530306816,0.9977028369903564,0.0,0.9959157503752939
COD10K-NonCAM-5-Background-4-Sky-4321,0.003109324024990201,0.996890664100647,0.0,0.9954952790691108
COD10K-NonCAM-5-Background-4-Sky-4323,0.0024420919362455606,0.9975578784942627,0.0,0.9959079317591183
COD10K-NonCAM-5-Background-4-Sky-4325,0.0022166932467371225,0.9977833032608032,0.0,0.9958762474476004
COD10K-NonCAM-5-Background-4-Sky-4326,0.0022736545652151108,0.997726321220398,0.0,0.9958734730999252
COD10K-NonCAM-5-Background-4-Sky-4328,0.002521494636312127,0.9974784851074219,0.0,0.9958296510173283
COD10K-NonCAM-5-Background-4-Sky-4329,0.0038501874078065157,0.9961498379707336,0.0,0.9942847176823808
COD10K-NonCAM-5-Background-4-Sky-4330,0.015225312672555447,0.9847747087478638,0.0,0.982928997381016
COD10K-NonCAM-5-Background-4-Sky-4332,0.0036751292645931244,0.996324896812439,0.0,0.9943816622176221
COD10K-NonCAM-5-Background-4-Sky-4335,0.003285582410171628,0.9967144131660461,0.0,0.9951040014668736
COD10K-NonCAM-5-Background-4-Sky-4336,0.001955849351361394,0.9980441331863403,0.0,0.9959389540103956
COD10K-NonCAM-5-Background-4-Sky-4337,0.0031446560751646757,0.9968553185462952,0.0,0.9956295196645766
COD10K-NonCAM-5-Background-4-Sky-4342,0.0024712104350328445,0.9975287914276123,0.0,0.9959087514527496
COD10K-NonCAM-5-Background-4-Sky-4344,0.003358643501996994,0.9966413378715515,0.0,0.995098894145017
COD10K-NonCAM-5-Background-4-Sky-4349,0.0027896645478904247,0.9972103238105774,0.0,0.9958814178228133
COD10K-NonCAM-5-Background-4-Sky-4350,0.011525660753250122,0.9884743690490723,0.0,0.9865764764069476
COD10K-NonCAM-5-Background-4-Sky-4351,0.0037537363823503256,0.9962462782859802,0.0,0.9943818198510128
COD10K-NonCAM-5-Background-4-Sky-4352,0.004301604349166155,0.9956983923912048,0.0,0.9937766337376822
COD10K-NonCAM-5-Background-4-Sky-4355,0.006807847414165735,0.9931921362876892,0.0,0.9915009435304233
COD10K-NonCAM-5-Background-4-Sky-4356,0.004838171415030956,0.9951618313789368,0.0,0.9929974834144455
COD10K-NonCAM-5-Background-4-Sky-4358,0.0021878581028431654,0.9978121519088745,0.0,0.9958835616369259
COD10K-NonCAM-5-Background-4-Sky-4359,0.002201867289841175,0.9977981448173523,0.0,0.9959297797470605
COD10K-NonCAM-5-Background-4-Sky-4365,0.015409663319587708,0.9845903515815735,0.0,0.9826660018320783
COD10K-NonCAM-5-Background-4-Sky-4367,0.002384545747190714,0.9976154565811157,0.0,0.995775299024237
COD10K-NonCAM-5-Background-4-Sky-4369,0.0027592931874096394,0.9972407221794128,0.0,0.9958706041722156
COD10K-NonCAM-5-Background-4-Sky-4372,0.002406834391877055,0.9975931644439697,0.0,0.9958357356662069
COD10K-NonCAM-5-Background-4-Sky-4381,0.002253291429951787,0.9977467060089111,0.0,0.9959282664665103
COD10K-NonCAM-5-Background-4-Sky-4383,0.0031057687010616064,0.9968942403793335,0.0,0.9954565643083706
COD10K-NonCAM-5-Background-4-Sky-4384,0.004382072016596794,0.9956179261207581,0.0,0.9939238633245364
COD10K-NonCAM-5-Background-4-Sky-4386,0.002388543449342251,0.9976114630699158,0.0,0.9959107691601498
COD10K-NonCAM-5-Background-4-Sky-4387,0.004585868213325739,0.995414137840271,0.0,0.9931760820460362
COD10K-NonCAM-5-Background-4-Sky-4390,0.0020120309200137854,0.9979879856109619,0.0,0.9959273837195228
COD10K-NonCAM-5-Background-4-Sky-4393,0.0022200471721589565,0.9977799654006958,0.0,0.9959032973374335
COD10K-NonCAM-5-Background-4-Sky-4395,0.0034995500463992357,0.9965004324913025,0.0,0.9946423247923782
COD10K-NonCAM-5-Background-4-Sky-4396,0.011386445723474026,0.9886135458946228,0.0,0.9867612542674514
COD10K-NonCAM-5-Background-4-Sky-4398,0.0019913462456315756,0.998008668422699,0.0,0.9958678613512186
COD10K-NonCAM-5-Background-4-Sky-4403,0.004887151997536421,0.9951128363609314,0.0,0.9931234009668857
COD10K-NonCAM-5-Background-4-Sky-4405,0.0026647732593119144,0.9973352551460266,0.0,0.9958960462014643
COD10K-NonCAM-5-Background-4-Sky-4406,0.0019566465634852648,0.9980433583259583,0.0,0.9959677063408475
COD10K-NonCAM-5-Background-4-Sky-4407,0.001982250716537237,0.9980177283287048,0.0,0.9958976225353707
COD10K-NonCAM-5-Background-4-Sky-4409,0.0024279470089823008,0.9975720643997192,0.0,0.9959289915801073
COD10K-NonCAM-5-Background-4-Sky-4410,0.002391418209299445,0.9976086020469666,0.0,0.9958638259364183
COD10K-NonCAM-5-Background-4-Sky-4411,0.0021979648154228926,0.9978020191192627,0.0,0.9958625333426151
COD10K-NonCAM-5-Background-4-Sky-4412,0.0019849459640681744,0.9980150461196899,0.0,0.9959397737040269
COD10K-NonCAM-5-Background-4-Sky-4413,0.002575869206339121,0.9974241256713867,0.0,0.9958792109553444
COD10K-NonCAM-5-Background-4-Sky-4419,0.09375670552253723,0.9062433242797852,0.0,0.9046572722210116
COD10K-NonCAM-5-Background-4-Sky-4425,0.003785772016271949,0.9962142109870911,0.0,0.9944480258750801
COD10K-NonCAM-5-Background-4-Sky-4427,0.002796099754050374,0.9972038865089417,0.0,0.9958810079759977
COD10K-NonCAM-5-Background-4-Sky-4428,0.006228368263691664,0.9937716126441956,0.0,0.9918823532824066
COD10K-NonCAM-5-Background-4-Sky-4430,0.003133125137537718,0.9968668818473816,0.0,0.9953413658264936
COD10K-NonCAM-5-Background-4-Sky-4431,0.0029246811755001545,0.9970753192901611,0.0,0.9958492921378017
COD10K-NonCAM-5-Background-4-Sky-4433,0.0021363478153944016,0.9978636503219604,0.0,0.9958862098778887
COD10K-NonCAM-5-Background-4-Sky-4436,0.006534371059387922,0.9934656023979187,0.0,0.9915194181638057
COD10K-NonCAM-5-Background-4-Sky-4438,0.0023460343945771456,0.9976539611816406,0.0,0.9959112420603217
COD10K-NonCAM-5-Background-4-Sky-4440,0.0021499863360077143,0.9978500008583069,0.0,0.9959707329019478
COD10K-NonCAM-5-Background-4-Sky-4444,0.002734233858063817,0.9972657561302185,0.0,0.995625168982995
COD10K-NonCAM-5-Background-4-Sky-4448,0.0026204888708889484,0.99737948179245,0.0,0.9958767203477723
COD10K-NonCAM-5-Background-4-Sky-4450,0.003874319838359952,0.9961256980895996,0.0,0.9940526182780081
COD10K-NonCAM-5-Background-4-Sky-4452,0.0031297204550355673,0.9968702793121338,0.0,0.995477245809222
COD10K-NonCAM-5-Background-4-Sky-4453,0.0038419917691498995,0.9961580038070679,0.0,0.9941803643777797
COD10K-NonCAM-5-Background-4-Sky-4454,0.00243155169300735,0.9975684285163879,0.0,0.9959314506610013
COD10K-NonCAM-5-Background-4-Sky-4460,0.0024997226428240538,0.9975003004074097,0.0,0.9958793055353787
COD10K-NonCAM-5-Background-4-Sky-4461,0.0020761771593242884,0.9979238510131836,0.0,0.9958665687574154
COD10K-NonCAM-5-Background-4-Sky-4467,0.002605276182293892,0.9973947405815125,0.0,0.995901910163596
COD10K-NonCAM-5-Background-4-Sky-4471,0.004785202443599701,0.9952148199081421,0.0,0.993312025082121
COD10K-NonCAM-5-Background-4-Sky-4473,0.002884176094084978,0.9971158504486084,0.0,0.995678921969202
COD10K-NonCAM-5-Background-4-Sky-4474,0.005265038926154375,0.9947349429130554,0.0,0.9929150096244646
COD10K-NonCAM-5-Background-4-Sky-4475,0.004421085584908724,0.9955788850784302,0.0,0.993635614906419
COD10K-NonCAM-5-Background-4-Sky-4476,0.002193810883909464,0.997806191444397,0.0,0.9958862729312449
COD10K-NonCAM-5-Background-4-Sky-4478,0.0024052371736615896,0.9975947737693787,0.0,0.9959473716334555
COD10K-NonCAM-5-Background-4-Sky-4479,0.0025132179725915194,0.9974867701530457,0.0,0.9958492606111236
COD10K-NonCAM-5-Background-4-Sky-4482,0.028405439108610153,0.9715945720672607,0.0,0.9699426857602318
COD10K-NonCAM-5-Background-4-Sky-4483,0.002079227240756154,0.9979207515716553,0.0,0.9959957650843808
COD10K-NonCAM-5-Background-4-Sky-4484,0.002457627095282078,0.9975423812866211,0.0,0.995951722315037
COD10K-NonCAM-5-Background-5-Vegetation-4487,0.0038808914832770824,0.9961190819740295,0.0,0.9943024987288447
COD10K-NonCAM-5-Background-5-Vegetation-4489,0.004364536143839359,0.995635449886322,0.0,0.9938253424553889
COD10K-NonCAM-5-Background-5-Vegetation-4492,0.00419203843921423,0.995807945728302,0.0,0.9935608966792575
COD10K-NonCAM-5-Background-5-Vegetation-4494,0.0033621033653616905,0.9966378808021545,0.0,0.9951512914840644
COD10K-NonCAM-5-Background-5-Vegetation-4498,0.004958828445523977,0.9950411915779114,0.0,0.9932341857138248
COD10K-NonCAM-5-Background-5-Vegetation-4499,0.039605431258678436,0.960394561290741,0.0,0.9586340663159891
COD10K-NonCAM-5-Background-5-Vegetation-4500,0.08062390238046646,0.9193760752677917,0.0,0.9178295597160682
COD10K-NonCAM-5-Background-5-Vegetation-4501,0.005017852410674095,0.994982123374939,0.0,0.9931195547121542
COD10K-NonCAM-5-Background-5-Vegetation-4506,0.015549842268228531,0.9844501614570618,0.0,0.9826250802038692
COD10K-NonCAM-5-Background-5-Vegetation-4509,0.007902835495769978,0.9920971393585205,0.0,0.990093561092145
COD10K-NonCAM-5-Background-5-Vegetation-4510,0.00733187748119235,0.9926681518554688,0.0,0.9908323887940569
COD10K-NonCAM-5-Background-5-Vegetation-4514,0.0542650930583477,0.9457349181175232,0.0,0.9440077053723477
COD10K-NonCAM-5-Background-5-Vegetation-4515,0.05383015796542168,0.9461698532104492,0.0,0.9443982893876662
COD10K-NonCAM-5-Background-5-Vegetation-4519,0.01056596264243126,0.9894340634346008,0.0,0.9877590421035005
COD10K-NonCAM-5-Background-5-Vegetation-4520,0.01980709843337536,0.9801928997039795,0.0,0.978364438815041
COD10K-NonCAM-5-Background-5-Vegetation-4521,0.004870466887950897,0.9951295256614685,0.0,0.99286727823378
COD10K-NonCAM-5-Background-5-Vegetation-4522,0.005827618762850761,0.9941723942756653,0.0,0.9922269083476594
COD10K-NonCAM-5-Background-5-Vegetation-4524,0.026725728064775467,0.973274290561676,0.0,0.971469901102072
COD10K-NonCAM-5-Background-5-Vegetation-4527,0.04265574738383293,0.9573442339897156,0.0,0.9556278083964876
COD10K-NonCAM-5-Background-5-Vegetation-4530,0.05634034425020218,0.9436596632003784,0.0,0.9419948846073137
COD10K-NonCAM-5-Background-5-Vegetation-4531,0.04772384464740753,0.9522761702537537,0.0,0.9505406320871972
COD10K-NonCAM-5-Background-5-Vegetation-4532,0.009344280697405338,0.9906557202339172,0.0,0.9889066447140102
COD10K-NonCAM-5-Background-5-Vegetation-4533,0.003370843129232526,0.9966291785240173,0.0,0.9949450754824342
COD10K-NonCAM-5-Background-5-Vegetation-4534,0.0196395181119442,0.9803605079650879,0.0,0.9783920877117583
COD10K-NonCAM-5-Background-5-Vegetation-4535,0.04788235202431679,0.9521176218986511,0.0,0.9504519160149472
COD10K-NonCAM-5-Background-5-Vegetation-4541,0.04240364581346512,0.9575963616371155,0.0,0.9558717933585142
COD10K-NonCAM-5-Background-5-Vegetation-4542,0.007454626262187958,0.9925453662872314,0.0,0.9906794844051396
COD10K-NonCAM-5-Background-5-Vegetation-4543,0.03794880583882332,0.9620512127876282,0.0,0.960259140466736
COD10K-NonCAM-5-Background-5-Vegetation-4548,0.006873345002532005,0.993126630783081,0.0,0.9912534906338025
COD10K-NonCAM-5-Background-5-Vegetation-4550,0.02728944830596447,0.9727105498313904,0.0,0.9709696357735487
COD10K-NonCAM-5-Background-5-Vegetation-4551,0.025215361267328262,0.9747846126556396,0.0,0.9729351034680356
COD10K-NonCAM-5-Background-5-Vegetation-4553,0.01346189621835947,0.9865381121635437,0.0,0.9846024649826882
COD10K-NonCAM-5-Background-5-Vegetation-4555,0.016306394711136818,0.9836935997009277,0.0,0.9818920218840547
COD10K-NonCAM-5-Background-5-Vegetation-4558,0.0035854836460202932,0.9964145421981812,0.0,0.9945621839765788
COD10K-NonCAM-5-Background-5-Vegetation-4559,0.0036927242763340473,0.9963072538375854,0.0,0.9945923234808685
COD10K-NonCAM-5-Background-5-Vegetation-4562,0.016005225479602814,0.9839947819709778,0.0,0.9822203722367497
COD10K-NonCAM-5-Background-5-Vegetation-4568,0.05408139526844025,0.945918619632721,0.0,0.9442559149092435
COD10K-NonCAM-5-Background-5-Vegetation-4574,0.013599646277725697,0.9864003658294678,0.0,0.9845957813269253
COD10K-NonCAM-5-Background-5-Vegetation-4575,0.003798538586124778,0.9962014555931091,0.0,0.9945176052537068
COD10K-NonCAM-5-Background-5-Vegetation-4576,0.004331154748797417,0.9956688284873962,0.0,0.9939546333623885
COD10K-NonCAM-5-Background-5-Vegetation-4580,0.06787875294685364,0.9321212768554688,0.0,0.930428282355956
COD10K-NonCAM-5-Background-5-Vegetation-4581,0.058498259633779526,0.9415017366409302,0.0,0.9397514146651009
COD10K-NonCAM-5-Background-5-Vegetation-4585,0.2577613890171051,0.7422386407852173,0.0,0.7413820879538833
COD10K-NonCAM-5-Background-5-Vegetation-4588,0.008262467570602894,0.9917375445365906,0.0,0.9899121250595226
COD10K-NonCAM-5-Background-5-Vegetation-4591,0.019152730703353882,0.9808472394943237,0.0,0.9791239795444824
COD10K-NonCAM-5-Background-5-Vegetation-4594,0.06866633892059326,0.9313336610794067,0.0,0.9295959150000404
COD10K-NonCAM-5-Background-5-Vegetation-4597,0.004578438587486744,0.9954215884208679,0.0,0.9933689307361406
COD10K-NonCAM-5-Background-5-Vegetation-4601,0.10915818810462952,0.8908418416976929,0.0,0.8893569970057222
COD10K-NonCAM-5-Background-5-Vegetation-4602,0.12497782707214355,0.8750221729278564,0.0,0.873575372468786
COD10K-NonCAM-5-Background-5-Vegetation-4605,0.01925448141992092,0.9807454943656921,0.0,0.9790231887545097
COD10K-NonCAM-5-Background-5-Vegetation-4609,0.00339716300368309,0.9966028332710266,0.0,0.995047852453129
COD10K-NonCAM-5-Background-5-Vegetation-4610,0.003300549229606986,0.9966994524002075,0.0,0.9954142870330019
COD10K-NonCAM-5-Background-5-Vegetation-4620,0.03286755830049515,0.9671324491500854,0.0,0.9653201496331808
COD10K-NonCAM-5-Background-5-Vegetation-4621,0.09523113816976547,0.9047688841819763,0.0,0.9032233443197502
COD10K-NonCAM-5-Background-5-Vegetation-4624,0.009581583552062511,0.9904184341430664,0.0,0.9887059458810523
COD10K-NonCAM-5-Background-5-Vegetation-4625,0.006751541048288345,0.993248462677002,0.0,0.991330667941858
COD10K-NonCAM-5-Background-5-Vegetation-4627,0.00329518667422235,0.9967048168182373,0.0,0.9949501512776127
COD10K-NonCAM-5-Background-5-Vegetation-4628,0.004301751032471657,0.9956982731819153,0.0,0.993782308539745
COD10K-NonCAM-5-Background-5-Vegetation-4629,0.04165634885430336,0.9583436250686646,0.0,0.9566599603116954
COD10K-NonCAM-5-Background-5-Vegetation-4630,0.04335637018084526,0.9566436409950256,0.0,0.9549800927943634
COD10K-NonCAM-5-Background-5-Vegetation-4631,0.006703734863549471,0.9932962656021118,0.0,0.9914359355201248
COD10K-NonCAM-5-Background-5-Vegetation-4632,0.004295590799301863,0.9957044124603271,0.0,0.9938511312780969
COD10K-NonCAM-5-Background-5-Vegetation-4636,0.039681028574705124,0.9603189826011658,0.0,0.9587024476808471
COD10K-NonCAM-5-Background-5-Vegetation-4637,0.0028821034356951714,0.9971178770065308,0.0,0.9958725903529377
COD10K-NonCAM-5-Background-5-Vegetation-4638,0.1147782951593399,0.8852217197418213,0.0,0.883760664844677
COD10K-NonCAM-5-Background-5-Vegetation-4639,0.050689298659563065,0.9493107199668884,0.0,0.9475517138406657
COD10K-NonCAM-5-Background-5-Vegetation-4641,0.003230714239180088,0.9967693090438843,0.0,0.9952762317094828
COD10K-NonCAM-5-Background-5-Vegetation-4644,0.03709336370229721,0.9629066586494446,0.0,0.9611389239465549
COD10K-NonCAM-5-Background-5-Vegetation-4646,0.01104219164699316,0.9889578223228455,0.0,0.9871398581450813
COD10K-NonCAM-5-Background-5-Vegetation-4647,0.032495953142642975,0.9675040245056152,0.0,0.9656589353163362
COD10K-NonCAM-5-Background-5-Vegetation-4648,0.01352674514055252,0.9864732623100281,0.0,0.9846223898432644
COD10K-NonCAM-5-Background-5-Vegetation-4649,0.03924626484513283,0.9607537388801575,0.0,0.9589778962676447
COD10K-NonCAM-5-Background-5-Vegetation-4650,0.042311374098062515,0.9576886296272278,0.0,0.9559478041794791
COD10K-NonCAM-5-Background-5-Vegetation-4655,0.014314450323581696,0.9856855273246765,0.0,0.9838540531706256
COD10K-NonCAM-5-Background-5-Vegetation-4656,0.007039354182779789,0.9929606318473816,0.0,0.991257809788706
COD10K-NonCAM-5-Background-5-Vegetation-4660,0.022737985476851463,0.977262020111084,0.0,0.9754679567887783
COD10K-NonCAM-5-Background-5-Vegetation-4668,0.006423266604542732,0.99357670545578,0.0,0.9915831020536229
COD10K-NonCAM-5-Background-5-Vegetation-4669,0.011880514211952686,0.9881194829940796,0.0,0.9863207319939793
COD10K-NonCAM-5-Background-5-Vegetation-4673,0.13708242774009705,0.8629175424575806,0.0,0.8615924604327578
COD10K-NonCAM-5-Background-5-Vegetation-4675,0.003711672965437174,0.9962882995605469,0.0,0.9946871557286752
COD10K-NonCAM-5-Background-5-Vegetation-4676,0.038198553025722504,0.9618014693260193,0.0,0.9600154392448126
COD10K-NonCAM-5-Background-5-Vegetation-4678,0.06962232291698456,0.9303776621818542,0.0,0.9286755251587936
COD10K-NonCAM-5-Background-5-Vegetation-4682,0.0729454979300499,0.9270545244216919,0.0,0.9253890896507753
COD10K-NonCAM-5-Background-5-Vegetation-4689,0.03746289014816284,0.9625371098518372,0.0,0.9607305904114509
COD10K-NonCAM-5-Background-5-Vegetation-4691,0.02568497136235237,0.9743150472640991,0.0,0.9726330148382203
COD10K-NonCAM-5-Background-5-Vegetation-4692,0.031937144696712494,0.9680628776550293,0.0,0.966311758240317
COD10K-NonCAM-5-Background-5-Vegetation-4693,0.031552739441394806,0.9684472680091858,0.0,0.9667312206928
COD10K-NonCAM-5-Background-5-Vegetation-4694,0.009184461086988449,0.9908155202865601,0.0,0.9886045876108731
COD10K-NonCAM-5-Background-5-Vegetation-4699,0.052329111844301224,0.9476708769798279,0.0,0.9457463701443871
COD10K-NonCAM-5-Background-5-Vegetation-4701,0.01649407483637333,0.98350590467453,0.0,0.9816527343970689
COD10K-NonCAM-5-Background-5-Vegetation-4709,0.015606706961989403,0.984393298625946,0.0,0.98267927456357
COD10K-NonCAM-5-Background-5-Vegetation-4710,0.007697178516536951,0.9923028349876404,0.0,0.9903597093088952
COD10K-NonCAM-5-Background-5-Vegetation-4712,0.005734371021389961,0.994265615940094,0.0,0.9924383577778588
COD10K-NonCAM-5-Background-5-Vegetation-4713,0.006657079793512821,0.993342936038971,0.0,0.9914475373376755
COD10K-NonCAM-5-Background-5-Vegetation-4714,0.005375155247747898,0.9946248531341553,0.0,0.9928390303301778
COD10K-NonCAM-5-Background-5-Vegetation-4715,0.04291810095310211,0.9570819139480591,0.0,0.9553615340730248
COD10K-NonCAM-5-Background-5-Vegetation-4721,0.023706238716840744,0.9762937426567078,0.0,0.9744314226653108
COD10K-NonCAM-5-Background-5-Vegetation-4722,0.007890678010880947,0.9921092987060547,0.0,0.9902439433468118
COD10K-NonCAM-5-Background-5-Vegetation-4723,0.0036508955527096987,0.9963490962982178,0.0,0.9944887898698985
COD10K-NonCAM-5-Background-5-Vegetation-4725,0.0036115481052547693,0.9963884353637695,0.0,0.9947440298560167
COD10K-NonCAM-5-Background-5-Vegetation-4726,0.06290779262781143,0.9370921850204468,0.0,0.935393229734147
COD10K-NonCAM-5-Background-5-Vegetation-4729,0.01408126950263977,0.9859187602996826,0.0,0.9840869722686296
COD10K-NonCAM-5-Background-5-Vegetation-4730,0.010866621509194374,0.989133358001709,0.0,0.9874434285287685
COD10K-NonCAM-5-Background-5-Vegetation-4734,0.00339211686514318,0.9966078996658325,0.0,0.99495592065971
COD10K-NonCAM-5-Background-5-Vegetation-4740,0.014928150922060013,0.9850718379020691,0.0,0.983428758282689
COD10K-NonCAM-5-Background-5-Vegetation-4743,0.0993010550737381,0.9006989598274231,0.0,0.8990525854902626
COD10K-NonCAM-5-Background-5-Vegetation-4745,0.0858868658542633,0.9141131639480591,0.0,0.9124679121470021
COD10K-NonCAM-5-Background-5-Vegetation-4753,0.01249978318810463,0.9875001907348633,0.0,0.9856008518256218
COD10K-NonCAM-5-Background-5-Vegetation-4754,0.0027736667543649673,0.997226357460022,0.0,0.9957223026783051
COD10K-NonCAM-5-Background-5-Vegetation-4756,0.06148548424243927,0.9385145306587219,0.0,0.9368696555975239
COD10K-NonCAM-5-Background-5-Vegetation-4757,0.0020110008772462606,0.9979889988899231,0.0,0.9959175789226252
COD10K-NonCAM-5-Background-5-Vegetation-4758,0.0037201675586402416,0.9962798357009888,0.0,0.9943620841505052
COD10K-NonCAM-5-Background-5-Vegetation-4759,0.003783363150432706,0.9962166547775269,0.0,0.9943745371883654
COD10K-NonCAM-5-Background-5-Vegetation-4760,0.019099505618214607,0.9809004664421082,0.0,0.9791552224825065
COD10K-NonCAM-5-Background-5-Vegetation-4763,0.0026282030157744884,0.9973717927932739,0.0,0.9957761817712245
COD10K-NonCAM-5-Background-5-Vegetation-4766,0.021770833060145378,0.9782291650772095,0.0,0.9763083634476164
COD10K-NonCAM-5-Background-5-Vegetation-4771,0.004920832812786102,0.9950791597366333,0.0,0.9934509631526277
COD10K-NonCAM-5-Background-5-Vegetation-4772,0.004345648922026157,0.9956543445587158,0.0,0.9938957100009688
COD10K-NonCAM-5-Background-5-Vegetation-4775,0.07130680233240128,0.9286931753158569,0.0,0.9270960701112967
COD10K-NonCAM-5-Background-5-Vegetation-4776,0.005470659583806992,0.9945293664932251,0.0,0.9928255999652956
COD10K-NonCAM-5-Background-5-Vegetation-4777,0.015178590081632137,0.9848214387893677,0.0,0.9830030220212587
COD10K-NonCAM-5-Background-5-Vegetation-4780,0.024126730859279633,0.9758732914924622,0.0,0.9740745091422323
COD10K-NonCAM-5-Background-5-Vegetation-4782,0.05766761675477028,0.94233238697052,0.0,0.9406922653204524
COD10K-NonCAM-5-Background-5-Vegetation-4784,0.0684160441160202,0.9315839409828186,0.0,0.9300980404025729
COD10K-NonCAM-5-Background-5-Vegetation-4786,0.02917635813355446,0.9708236455917358,0.0,0.9690132792890406
COD10K-NonCAM-5-Background-5-Vegetation-4789,0.006818841677159071,0.9931811690330505,0.0,0.9912232565494784
COD10K-NonCAM-5-Background-5-Vegetation-4795,0.05300990119576454,0.9469900727272034,0.0,0.9452603864010557
COD10K-NonCAM-5-Background-5-Vegetation-4798,0.07887964695692062,0.9211203455924988,0.0,0.9195390623108399
COD10K-NonCAM-5-Background-5-Vegetation-4801,0.002745368517935276,0.9972546100616455,0.0,0.9956207237213791
COD10K-NonCAM-5-Background-5-Vegetation-4803,0.05183809995651245,0.9481619000434875,0.0,0.9464002334487462
COD10K-NonCAM-5-Background-5-Vegetation-4804,0.0044610509648919106,0.9955389499664307,0.0,0.9936063896757952
COD10K-NonCAM-5-Background-5-Vegetation-4808,0.004279920365661383,0.9957200884819031,0.0,0.9937212728908907
COD10K-NonCAM-5-Background-5-Vegetation-4809,0.03737048804759979,0.962629497051239,0.0,0.9608595029983134
COD10K-NonCAM-5-Background-5-Vegetation-4810,0.0020016566850245,0.9979983568191528,0.0,0.9958770356145537
COD10K-NonCAM-5-Background-5-Vegetation-4811,0.0020634655375033617,0.9979365468025208,0.0,0.9959589419243282
COD10K-NonCAM-5-Background-5-Vegetation-4813,0.09659723937511444,0.9034027457237244,0.0,0.9019047725337562
COD10K-NonCAM-5-Background-5-Vegetation-4816,0.009639532305300236,0.9903604388237,0.0,0.9885870587778345
COD10K-NonCAM-5-Background-5-Vegetation-4820,0.08515728265047073,0.9148427248001099,0.0,0.9132543136062081
COD10K-NonCAM-5-Background-5-Vegetation-4828,0.01331283338367939,0.986687183380127,0.0,0.9849320133491524
COD10K-NonCAM-5-Background-5-Vegetation-4831,0.004130019340664148,0.9958699941635132,0.0,0.993961663811611
COD10K-NonCAM-5-Background-5-Vegetation-4834,0.0036198848392814398,0.996380090713501,0.0,0.9947515962587672
COD10K-NonCAM-5-Background-5-Vegetation-4836,0.08003154397010803,0.9199684858322144,0.0,0.9183993728965401
COD10K-NonCAM-5-Background-5-Vegetation-4839,0.02260972186923027,0.9773902893066406,0.0,0.9755457961570746
COD10K-NonCAM-5-Background-5-Vegetation-4840,0.03079298511147499,0.9692069888114929,0.0,0.9673817106425995
COD10K-NonCAM-5-Background-5-Vegetation-4847,0.005739550106227398,0.9942604303359985,0.0,0.9923763448019824
COD10K-NonCAM-5-Background-5-Vegetation-4848,0.071823351085186,0.9281766414642334,0.0,0.9264863441563158
COD10K-NonCAM-5-Background-5-Vegetation-4849,0.12024643272161484,0.879753589630127,0.0,0.8782621599658604
COD10K-NonCAM-5-Background-5-Vegetation-4855,0.06361347436904907,0.9363865256309509,0.0,0.9347656281526677
COD10K-NonCAM-5-Background-5-Vegetation-4864,0.0033445749431848526,0.9966554045677185,0.0,0.9951299794496504
COD10K-NonCAM-5-Background-5-Vegetation-4866,0.004014525096863508,0.9959854483604431,0.0,0.9941208735361535
COD10K-NonCAM-5-Background-5-Vegetation-4867,0.01859501749277115,0.9814049601554871,0.0,0.9796878341827882
COD10K-NonCAM-5-Background-5-Vegetation-4868,0.018435589969158173,0.9815644025802612,0.0,0.9797093038505928
COD10K-NonCAM-5-Background-5-Vegetation-4869,0.024412618950009346,0.9755873680114746,0.0,0.973757823660444
COD10K-NonCAM-5-Background-5-Vegetation-4874,0.0049909260123968124,0.9950090646743774,0.0,0.9931933901923282
COD10K-NonCAM-5-Background-5-Vegetation-4875,0.00529066938906908,0.994709312915802,0.0,0.9928404805573718
COD10K-NonCAM-5-Background-5-Vegetation-4876,0.003391474485397339,0.9966084957122803,0.0,0.9949380765598899
COD10K-NonCAM-5-Background-5-Vegetation-4877,0.010100469924509525,0.9898995161056519,0.0,0.9880795738400202
COD10K-NonCAM-5-Background-5-Vegetation-4878,0.005587645806372166,0.994412362575531,0.0,0.9926474742338768
COD10K-NonCAM-5-Background-5-Vegetation-4881,0.01653241366147995,0.9834675788879395,0.0,0.9816498339426811
COD10K-NonCAM-5-Background-5-Vegetation-4884,0.006407362408936024,0.9935926198959351,0.0,0.99171866676957
COD10K-NonCAM-5-Background-5-Vegetation-4887,0.0038188959006220102,0.9961811304092407,0.0,0.9945124979318503
COD10K-NonCAM-5-Background-5-Vegetation-4889,0.007262484170496464,0.9927375316619873,0.0,0.9907695876512275
COD10K-NonCAM-5-Background-5-Vegetation-4890,0.07998070120811462,0.920019268989563,0.0,0.9185481472906225
COD10K-NonCAM-5-Background-5-Vegetation-4891,0.006007394287735224,0.9939926266670227,0.0,0.9921515911136134
COD10K-NonCAM-5-Background-5-Vegetation-4896,0.05104600265622139,0.9489539861679077,0.0,0.9472993743089352
COD10K-NonCAM-5-Background-5-Vegetation-4898,0.037213705480098724,0.9627863168716431,0.0,0.9609462328898413
COD10K-NonCAM-5-Background-5-Vegetation-4899,0.05070756748318672,0.9492924213409424,0.0,0.9475943063828156
COD10K-NonCAM-5-Background-5-Vegetation-4906,0.06706758588552475,0.932932436466217,0.0,0.9313453618959993
COD10K-NonCAM-5-Background-5-Vegetation-4909,0.002740898635238409,0.9972590804100037,0.0,0.9953103435752164
COD10K-NonCAM-5-Background-5-Vegetation-4912,0.01854659430682659,0.9814534187316895,0.0,0.979601829404857
COD10K-NonCAM-5-Background-5-Vegetation-4915,0.003907619044184685,0.9960923790931702,0.0,0.9944437382468547
COD10K-NonCAM-5-Background-5-Vegetation-4916,0.021132810041308403,0.9788671731948853,0.0,0.9770873246107843
COD10K-NonCAM-5-Background-5-Vegetation-4918,0.03434842824935913,0.9656515717506409,0.0,0.9639212478713187
COD10K-NonCAM-5-Background-5-Vegetation-4920,0.006639279890805483,0.993360698223114,0.0,0.9916054859950932
COD10K-NonCAM-5-Background-5-Vegetation-4923,0.04622824862599373,0.9537717700004578,0.0,0.9519830721915531
COD10K-NonCAM-5-Background-5-Vegetation-4929,0.0352565199136734,0.9647434949874878,0.0,0.9630336142486462
COD10K-NonCAM-5-Background-5-Vegetation-4931,0.03503606840968132,0.9649639129638672,0.0,0.9632411543707577
