image,MAE,Sm,wFm,Em
1002,0.054099880158901215,0.7109156903248033,0.5958137107173641,0.6832755075399839
1003,0.10058251768350601,0.6257566239033676,0.6397478555897748,0.5887995847882462
1004,0.15027163922786713,0.559219074791498,0.09174734875341072,0.4620738409710674
1005,0.1937313675880432,0.4053067192952621,0.014336730330037222,0.24939698259049242
1006,0.5156058073043823,0.2756425204042645,0.24162126909265938,0.281978149391575
1007,0.051207125186920166,0.4958318675747884,0.018931592177301823,0.3902831112552929
1008,0.053612787276506424,0.5552269978247764,0.23559581788858205,0.410107865564579
1009,0.03584273159503937,0.8745744107141766,0.7536788042497952,0.8304122122704314
101,0.12088606506586075,0.4130694946241623,0.05421952203783275,0.6744641123539065
1010,0.040824588388204575,0.5193204331165853,0.018020928400293443,0.3807571458860203
1011,0.021060260012745857,0.9142101508617753,0.6391922507674231,0.9155103980543096
1014,0.2376810908317566,0.6809322837056027,0.738447293009138,0.6014350254792762
1015,0.026372665539383888,0.7953392280626024,0.49809559869886455,0.8394443403336607
1016,0.15734153985977173,0.5310842321646235,0.5096730093263429,0.4842909197521753
1017,0.08965816348791122,0.5277720876446641,0.1251206626043124,0.7553378951396894
1018,0.20460641384124756,0.7555937072393183,0.7308192619778844,0.7256256442049708
1019,0.03201768547296524,0.5056866388465957,0.14003651947577037,0.302457744995297
102,0.06355737149715424,0.8657662502673342,0.5600995465701435,0.8643011133935343
1021,0.0886225551366806,0.5011383275922987,0.3120865035610093,0.3566534797217613
1022,0.0920209065079689,0.4698829928536964,0.1947670649506276,0.306537336745205
1023,0.013127094134688377,0.5223620686165309,0.03161833489134964,0.3268632055420604
1024,0.07693185657262802,0.7691729012346116,0.4011139888079358,0.7676537705947455
1025,0.39182060956954956,0.33811536286886956,0.28662044376875545,0.3010176741867796
1027,0.22858670353889465,0.6184330888420158,0.6277227372852878,0.5549988829953068
1030,0.29332947731018066,0.4604162773933306,0.35801271892631004,0.3983485107997312
1031,0.05067825689911842,0.8615770155667963,0.5863483354348806,0.8924146071272137
1033,0.02462989278137684,0.8415668371302241,0.5179596946544764,0.8896406774167303
1035,0.008379645645618439,0.9586957199109107,0.7449508614037691,0.9471267865959704
104,0.04172789677977562,0.7422124338092511,0.6627898408352053,0.7908652454732826
1040,0.08609935641288757,0.6202684034927574,0.4126077115653952,0.4697895218330567
1042,0.024288715794682503,0.8097556319831236,0.6884688601845999,0.8930269865226748
1045,0.1709153950214386,0.44437104524966387,0.2655795479890154,0.3350300540680945
1046,0.1730596274137497,0.7375314564339758,0.7184814489905245,0.6865712568190045
1049,0.0660782903432846,0.46903348005412704,0.025297467016113614,0.2559027327437525
1050,0.10575265437364578,0.4501551461710331,0.03069757317422889,0.2608034582866853
1051,0.1403738409280777,0.7801202908200341,0.675871208715072,0.7518258885223219
1052,0.033920641988515854,0.5981387634283721,0.1830786947712714,0.5833757419264065
1055,0.09650599956512451,0.5355540511544581,0.18710357582196446,0.8266540300084774
1056,0.04254773259162903,0.8499871907360816,0.6630856351837355,0.7427826895165961
1057,0.07364780455827713,0.6979375063432909,0.5630428190583769,0.8378445877306221
1058,0.05345078557729721,0.48344429175365067,0.08926316653562383,0.2816478982473483
1059,0.1212974488735199,0.849895834834975,0.7596252732186589,0.7815316598418637
106,0.014462636783719063,0.8188159667760007,0.37851036387794806,0.8448162398878076
1063,0.2133616805076599,0.46679340016029347,0.4335181117305758,0.3918917979663745
1064,0.037603117525577545,0.9023531919273435,0.7730745784946036,0.8503417569855685
1065,0.027515623718500137,0.7758294348744097,0.7968216128742104,0.8016946051509154
1066,0.03301228955388069,0.805496253248668,0.4134988621022094,0.8352833936616284
1067,0.1415209174156189,0.5163026012119729,0.42573480961082666,0.450073328737833
1068,0.1301252245903015,0.43696923987476943,0.018866668726974678,0.2500183697883914
107,0.008052028715610504,0.9012500584037906,0.5831414574231496,0.8935832295026949
1070,0.2057633101940155,0.5878681635479411,0.47598097668164385,0.6414747917438101
1071,0.07277749478816986,0.8004498224184204,0.5626794099328907,0.8600802965825649
1072,0.10657975822687149,0.8197880186279616,0.7509237530936042,0.8345692672051579
1073,0.2014365792274475,0.6005767239387999,0.6584357584802629,0.5438276041072228
1074,0.1746399998664856,0.414923410283101,0.016070621663564617,0.24934971689202848
1075,0.021518759429454803,0.9006231301729923,0.8582667455264515,0.8834518093195001
1076,0.1723436862230301,0.7624361768115746,0.5503202658977071,0.722372708497974
1077,0.09500057995319366,0.7814214260702845,0.530069020586471,0.7753163066320021
1078,0.05427728220820427,0.4749378176877088,0.01609556709103699,0.25038840366853976
1079,0.0029838758055120707,0.9441957969984452,0.8023377276794106,0.9641324825656759
1081,0.09139063209295273,0.4282068655717761,0.005183519587176384,0.5875647059175624
1085,0.04968762770295143,0.7718249885764668,0.7990784774764306,0.8471517948606037
1086,0.09864102303981781,0.9204106337652904,0.8209538739979099,0.8658945483205047
1087,0.039772287011146545,0.7112946858232564,0.4976959501710732,0.8439923940306349
1088,0.024891167879104614,0.46804694829512344,0.00010879015890924077,0.3286465239932378
1089,0.012787611223757267,0.9075620641538213,0.9061157897302403,0.9165723269252237
1090,0.15585114061832428,0.42450506793367354,0.027798045944015137,0.25246501918200837
1091,0.10802597552537918,0.7464347877336117,0.4921333557690911,0.8307256769866733
1092,0.2747946083545685,0.5420525032220906,0.5751397825502554,0.5126165206026401
1093,0.1341552436351776,0.4320647919699805,0.002422491747488124,0.36450123282101254
1094,0.09603719413280487,0.7865760790528113,0.5469639781335613,0.8250079043035956
1095,0.05106385797262192,0.9493857750872214,0.8822881965106208,0.9136242178183411
1096,0.11007022857666016,0.8150247264643763,0.8010109670712853,0.773156721704229
1097,0.007693327963352203,0.8985862876679412,0.6277633325284877,0.9380264771013622
1098,0.015903176739811897,0.9250388576379325,0.7836489524832982,0.9475439588223202
1099,0.1641591340303421,0.4207542224207458,0.035311179876688324,0.253737256272616
11,0.02962690405547619,0.48670589349185417,0.0087865549288043,0.25028274831512587
1101,0.2152782678604126,0.5656192071973198,0.1570884582979049,0.5254271058667629
1102,0.06498740613460541,0.8513850033609394,0.8073399335362034,0.8616639451848386
1103,0.011472747661173344,0.8314827383340295,0.30886897517297984,0.7508039490636406
1104,0.04613436385989189,0.8847271424567531,0.6499601782377552,0.8822906551140685
1105,0.43978407979011536,0.46047335569351877,0.6800760697922438,0.39941469147328507
1106,0.05335081368684769,0.647731830550789,0.23285265488197618,0.6724462821203325
1107,0.02733965776860714,0.9247189357189025,0.62599011966311,0.8687375824721785
1108,0.019336428493261337,0.6384537535646456,0.2731625637489107,0.8329052442987684
1109,0.19160932302474976,0.40906365667729216,0.07650985916922491,0.26593353540081477
111,0.02769278921186924,0.5898725759224854,0.24456747598428283,0.8576198809688302
1110,0.4670003056526184,0.4906247157735262,0.725374702963744,0.37938051541603346
1111,0.054017797112464905,0.8506971911324103,0.5675034037571006,0.880002131332759
1112,0.09330005198717117,0.6124662020785141,0.34864203031519064,0.5181126688838729
1113,0.08317771553993225,0.7543090409820292,0.49741737654598756,0.8427194276882887
1114,0.09382491558790207,0.8637656538975785,0.6779643821008895,0.7658627835009055
1115,0.014348285272717476,0.860937070655408,0.5220514560337786,0.9209606640771235
1116,0.07973556965589523,0.7619357690578041,0.3455372443012984,0.7170395631087356
1117,0.015713119879364967,0.7932687759241308,0.5010368411824307,0.9048399510711863
1118,0.0892769917845726,0.45779480994893273,0.026442870417921625,0.25341202990000244
1119,0.48340263962745667,0.44667091249667845,0.6280911156434219,0.3391375608181465
1120,0.01779361441731453,0.9660821897908879,0.838878725809323,0.9402875030509872
1121,0.032767344266176224,0.8323057626903632,0.5512651410853662,0.8717485785490768
1122,0.039908524602651596,0.5466966700850217,0.04464878725290679,0.5961139837757508
1123,0.03619825094938278,0.7040406882332894,0.39188605021275086,0.4904701949898959
1124,0.04348531365394592,0.8434916170941633,0.5181509607765735,0.8485484472387886
1126,0.01451526302844286,0.8892036555641176,0.7606508013167279,0.9528426027172255
1127,0.07079379260540009,0.5509615602794583,0.28848898129241596,0.6708825745445243
1128,0.23567092418670654,0.38635634030132127,0.062245331168948335,0.2614178548698073
1129,0.036779534071683884,0.7955092712925635,0.6898833058535039,0.8520864651621876
1130,0.18746241927146912,0.40929154902492887,0.03912888838227645,0.2546377824551641
1131,0.03653620555996895,0.7726499895270723,0.32974778249460107,0.7795321351824178
1132,0.04267881065607071,0.8407535035933129,0.551133624633499,0.8807627073504087
1133,0.07276719808578491,0.9221328019178703,0.8314448496024636,0.8699477421642623
1134,0.025973554700613022,0.8713470523260023,0.6671106150384523,0.9168366867960267
1135,0.006457531824707985,0.8655738739686989,0.8073170355088576,0.9163575651287901
1136,0.11330367624759674,0.8280875482946554,0.7972608384007727,0.8136012993570085
1137,0.04298543184995651,0.6603171632547943,0.6060915222144534,0.5735704044445793
1139,0.19048525393009186,0.7155890299099181,0.5324885462523231,0.7408482193713211
114,0.05114186927676201,0.951197092884084,0.8742423278122537,0.9180677955844292
1141,0.029830025508999825,0.8204348330376995,0.7308167714941979,0.8475716484052727
1142,0.12032699584960938,0.8667401544375228,0.8397361513909186,0.8193631717170664
1143,0.006994184106588364,0.8367030639954176,0.49779939263007567,0.864321508884589
1144,0.02047722600400448,0.8922503242178658,0.7983791826044466,0.9354050256452924
1145,0.3004259467124939,0.511771482415633,0.5539138197350846,0.5158339013690911
1146,0.27511096000671387,0.3735447788199211,0.14768695502192228,0.2818324303693662
1147,0.07375311106443405,0.8769339691556064,0.7567337365402395,0.7922184304530402
1149,0.05824187025427818,0.6314454670261704,0.5766774609701255,0.6159604062980694
1150,0.05883732810616493,0.5606930671813684,0.2431899858151073,0.4033578425123033
1151,0.45524388551712036,0.5249418700998238,0.6819818162473116,0.3874003789244963
1152,0.015016515739262104,0.821493911459437,0.5749979231500123,0.8978951163712725
1154,0.04431259632110596,0.6608631370602944,0.170588524169414,0.7095391596181847
1155,0.2698565423488617,0.6893476804057439,0.8002475855227807,0.6384141172065881
1157,0.0061742523685097694,0.5575290156209652,0.03911907673258708,0.30120734746555555
1158,0.43385446071624756,0.5012397929124601,0.7502562079479193,0.4164956892646409
1159,0.09458212554454803,0.8961686675019906,0.8817814796350396,0.8766304643261472
116,0.08787776529788971,0.470810176127153,0.1924826158832896,0.31111436993549746
1160,0.07742433995008469,0.9263835708622166,0.8672861676262618,0.8816401130505888
1161,0.14130713045597076,0.8110702554529897,0.7627002043147637,0.8125293505166566
1162,0.18966010212898254,0.7936215569246393,0.8308778459014668,0.7448849879961797
1164,0.019869061186909676,0.9509901821169152,0.8504114115429208,0.9420555024668307
1165,0.1119188591837883,0.5601228257476345,0.4863066654632722,0.6106524046494674
1166,0.1321670264005661,0.5047822845366787,0.4851593881425709,0.43890863171052363
1167,0.03679601475596428,0.9113535792918265,0.8140480885273575,0.928493771862279
1168,0.14256887137889862,0.6913445406038906,0.7022355377377084,0.6577166464766713
1169,0.2973450720310211,0.5349956049800169,0.5268261819958179,0.4325261845345406
117,0.01755630597472191,0.7560972046920373,0.4145492748169862,0.8742827974554537
1171,0.08722662180662155,0.8731059721499363,0.6668014406243397,0.8450162117265442
1172,0.10212385654449463,0.8529396903219811,0.8383596309360488,0.8352206233656115
1173,0.31383225321769714,0.34517702299374164,0.03405438048253811,0.2553252073272292
1174,0.05198413133621216,0.48169565671033543,0.04613416816667014,0.2794902989500049
1175,0.21375250816345215,0.6902212894084104,0.7433287700318737,0.667073457109167
1176,0.10657022893428802,0.6401511194661691,0.5676813192228869,0.5560564242900385
1177,0.21916842460632324,0.7740477309427919,0.8037212746111213,0.6824679193100043
1179,0.18312479555606842,0.7180336995312238,0.7484202842080674,0.6641137077913746
1180,0.17789769172668457,0.7663171183471353,0.7949063446353198,0.719263231760225
1181,0.013047408312559128,0.893604648819343,0.7942903256856728,0.9280075712493212
1182,0.12424095720052719,0.7951540436139286,0.8201312241418658,0.7748915574142937
1185,0.08090110123157501,0.8316715846773782,0.7754708545249498,0.8195854258354454
1186,0.23301918804645538,0.4167040401093838,0.007395598871799757,0.27626055817386375
1187,0.07969783246517181,0.8860002215413139,0.8492039187235573,0.8764125472365889
1188,0.040027178823947906,0.824555219685979,0.4949889864102332,0.8731468885903224
1189,0.3195241093635559,0.6723676908313074,0.7480235235309364,0.5595887554467058
1190,0.07352463901042938,0.9013848877975248,0.8663220218803873,0.8850591081426807
1191,0.09207501262426376,0.7329049832724353,0.42805395438200183,0.6693108462850273
1192,0.27836593985557556,0.41728744050564487,0.3647840736474874,0.35821409359742173
1193,0.12392891943454742,0.5389186990028434,0.4711633484294594,0.4713844581945498
1194,0.459705650806427,0.4412134383374864,0.5814928590841323,0.3544180109122824
1195,0.07922685146331787,0.7917841162456423,0.459438108075387,0.7772611355629211
1196,0.15230821073055267,0.8388786692679447,0.8264314442227783,0.7997954150563166
1197,0.1626952886581421,0.42292315015426674,0.06064986603508132,0.2659439445297757
1199,0.0948719009757042,0.9244534937141053,0.8480357326207837,0.8576043436352868
12,0.07782575488090515,0.8902652856625155,0.7032899079497549,0.8589441802220638
1200,0.06910563260316849,0.9319643284168403,0.885890023805296,0.903902660238439
1201,0.3421292006969452,0.39438667452797194,0.37302516513980893,0.35712634099757345
1202,0.17943623661994934,0.7768564063706256,0.8506298143965058,0.7440626966939214
1204,0.03972693905234337,0.7964771982015832,0.5532255421441314,0.9191483525251988
1206,0.07165646553039551,0.872952230540482,0.6392523696153452,0.8422717871287335
1207,0.008366978727281094,0.7029285453775722,0.15111954305458594,0.7581546935323027
1208,0.06375239789485931,0.4670104489909694,0.0731649013403723,0.28370523180200186
1209,0.025157133117318153,0.852009526120936,0.7054097895024988,0.879454489525201
1210,0.007043350953608751,0.499516526500805,0.002260649016572244,0.2558889227800518
1211,0.02181142009794712,0.49447637285102464,0.0038416008205801916,0.49705135678283063
1212,0.04831565544009209,0.9015871983665487,0.6703048593296803,0.8921271813682193
1214,0.03960128873586655,0.5890440184478202,0.0969703262204861,0.35793751755999526
1215,0.0360875241458416,0.7040254127302947,0.2997309825109816,0.781275719818942
1216,0.0733431875705719,0.7413754243274778,0.46063184683546704,0.6904997728758115
1217,0.1538413017988205,0.8326088283503121,0.6625643897786783,0.7977319700532695
1218,0.017229774966835976,0.8672141283726318,0.748797487802606,0.8297105334000467
1220,0.11551900953054428,0.5647678810324279,0.11420940108345777,0.4640578285533065
1221,0.144375279545784,0.5900448481437236,0.394616273165683,0.662570724560341
1222,0.14795683324337006,0.7025711615558361,0.4712621882412309,0.7297783215114992
1223,0.08798369020223618,0.6201588640106056,0.6377294234525102,0.5973581109300017
1225,0.14152181148529053,0.6879418676049229,0.48977969997853843,0.7761599947486989
1226,0.1335381120443344,0.7885145283830388,0.5072832100783311,0.7859303136437676
1227,0.14157560467720032,0.7663829252378775,0.7534697234224883,0.7424139647765047
1228,0.09152641892433167,0.7405044883802077,0.6710379694917749,0.8149174075964476
123,0.02509910985827446,0.6975581828744852,0.7554601780272714,0.8334045570196109
1230,0.13572414219379425,0.7493787191451192,0.749343579768218,0.7563857951007233
1232,0.07476963847875595,0.6223675008696872,0.3921845784495989,0.5871775953594437
1233,0.09053095430135727,0.580167243049099,0.6018532088561731,0.6061785064851457
1235,0.13724011182785034,0.6555741352216311,0.48515911454282756,0.7930245173877323
1236,0.2675374448299408,0.6386790099949206,0.7411939388853432,0.5831659875760393
1237,0.09853043407201767,0.6757716445861491,0.6795892441569208,0.6429128292282682
1240,0.32025355100631714,0.6313598034134736,0.7447654747352394,0.552892433376146
1241,0.07384870946407318,0.6928599530876517,0.6687339303614583,0.7117968315960788
1242,0.06051919609308243,0.7229275076354412,0.424347297577276,0.7903001200175586
1244,0.0460970439016819,0.9284535898462623,0.8761331543532204,0.9166308912883642
1245,0.04760328307747841,0.8140040062706064,0.6451537555199681,0.8989142579124028
1246,0.039244070649147034,0.9098488647797889,0.835096782416485,0.8920296122452211
1247,0.13900622725486755,0.844840604046522,0.8472300316889944,0.7860449272326755
1248,0.07943312078714371,0.7816923866355027,0.6242186244102925,0.8073652958975368
1249,0.022340891882777214,0.8080203537667983,0.602232630937729,0.8985625749385879
125,0.09525950253009796,0.817463513553008,0.6835870153512063,0.8043905715556124
1250,0.07030271738767624,0.908530707828763,0.8510667504967571,0.879574632066958
1252,0.33434614539146423,0.4028593262114425,0.34347765673293046,0.3375529936397249
1253,0.09825406968593597,0.7125108047698978,0.4982632462139546,0.6219865099999977
1254,0.19707442820072174,0.7943027327444974,0.8257100363459517,0.7455313063563658
1256,0.12095735222101212,0.6692570059528093,0.688718798426751,0.6052897182933186
1258,0.031295083463191986,0.675924618037012,0.6484242031599211,0.6295994702847492
126,0.1119486391544342,0.44560339767370594,0.019549595911563106,0.2534487942261079
1260,0.006230134051293135,0.9397232607598861,0.7972582516073083,0.9590413376246422
1261,0.03321077302098274,0.9259936603638008,0.7339057662459362,0.9264084360254357
1262,0.05322960391640663,0.9262748295551093,0.9021131760764608,0.9112586205236023
1264,0.13343575596809387,0.642381097911498,0.7296533684100143,0.6534463942651996
1265,0.11215730756521225,0.6593552961009295,0.2375509825207998,0.6125547308551642
1266,0.009877409785985947,0.9534366418721376,0.7965666744233242,0.9518208005768036
1267,0.08127586543560028,0.49297927411613246,0.1309632557202547,0.6410375205882366
1268,0.3565499484539032,0.6012782486434579,0.6967223047817839,0.5015827761744305
1269,0.07500862330198288,0.4798738694511074,0.07528999022695625,0.7811384172812088
1270,0.05464755743741989,0.7823069033415655,0.5341452010745726,0.8671332730506612
1271,0.04585942625999451,0.8016103693660213,0.5894352007528932,0.8971122283469051
1273,0.15785041451454163,0.47860083271949183,0.30328120353356963,0.37971712621437353
1274,0.05441390722990036,0.635703551810271,0.4745398131570311,0.6218144878032659
1276,0.03893130272626877,0.8751827170067408,0.6822117096630245,0.9183167344572496
1277,0.11179541051387787,0.47051996693962767,0.25459574890515285,0.33316432690813613
1278,0.019714931026101112,0.822767040439649,0.7111160474951251,0.8728626996126593
1279,0.08747153729200363,0.543616561045188,0.3773475786492779,0.4182466016055322
128,0.020554428920149803,0.8597552041731013,0.8047962302776013,0.8906149070196554
1280,0.05517825484275818,0.6371987417970096,0.49956584860300507,0.6317535472379151
1281,0.09314718097448349,0.6681384654303075,0.5211892220483896,0.5639497560935408
1282,0.011395209468901157,0.49873663169343385,0.00852764748942489,0.26659301118555256
1283,0.06509687006473541,0.7772290486271659,0.5477350186932833,0.8195580118337729
1288,0.10245756804943085,0.6778195777458662,0.6215841433558219,0.7850923061344206
1289,0.16786791384220123,0.5180219839249185,0.450008839722617,0.4338975748462142
1291,0.11848049610853195,0.6458730441991705,0.46803759607284856,0.536506303989841
1295,0.14353998005390167,0.8421452449135598,0.7911150727665458,0.8017647771845391
1298,0.11031460762023926,0.7899715450473173,0.7262944248534117,0.8210206401487308
1299,0.05997338145971298,0.7711893233245843,0.6723681681907676,0.806479263076938
13,0.1158900186419487,0.44422593467583704,0.0268881541334588,0.24962251197675298
1300,0.08076688647270203,0.48617650034416654,0.05151968147462355,0.5788128339433973
1301,0.11919275671243668,0.7572442904202847,0.5134226521604681,0.8035514070068548
1302,0.07218331098556519,0.8716039328192839,0.5956095981565789,0.8597370843601001
1303,0.10048657655715942,0.6525075067795545,0.6000382786165143,0.5542654930168955
1304,0.35735100507736206,0.33550033843392396,0.16825356242424291,0.2853689642501035
1305,0.03223489597439766,0.7225462173865601,0.545049571816743,0.884975306743034
1306,0.022109828889369965,0.7311576261503678,0.7500555785579835,0.7870179089316828
1307,0.026851270347833633,0.8778289745365161,0.5836703478048465,0.8894960009955335
1308,0.00965202134102583,0.9086259881232356,0.7656219937330565,0.9151118505971254
131,0.021191677078604698,0.9098979106848862,0.8361430031970234,0.9546177292497646
1310,0.02011822536587715,0.665119516906274,0.2383678889320884,0.8360931183819861
1311,0.14407460391521454,0.5850758299119667,0.31176613992322,0.7503800153168273
1313,0.11216016113758087,0.8570479095324992,0.6628279842232652,0.8261585711874908
1314,0.13187608122825623,0.7862204001550201,0.7756503099132104,0.7784873644246955
1315,0.44554024934768677,0.2785993503022196,0.04191355124901474,0.2523089831236664
1318,0.14179301261901855,0.6110626874764817,0.47844815892846665,0.5886621607661735
1319,0.04448804631829262,0.9420309695682959,0.8956926371275066,0.9203636022673514
1320,0.07399149239063263,0.8854136616476276,0.6307490196691471,0.8632037846977547
1322,0.2019144892692566,0.7828410706363222,0.8357915872056023,0.7203307344121206
1324,0.12534721195697784,0.7080277838920362,0.49194577295517533,0.7539661114184056
1325,0.06150820106267929,0.8838901694365366,0.8124720561614075,0.8758178057817974
1326,0.0767175629734993,0.5454184278508131,0.37660890551749576,0.4184270592289011
1327,0.3347155451774597,0.3501276993642607,0.20618743376348544,0.2951260020244325
1329,0.23897449672222137,0.42509182652093236,0.3591428077782574,0.40959054278504764
133,0.022623201832175255,0.7554518680426581,0.6862552571622969,0.69884662533134
1330,0.18439553678035736,0.5413834811619163,0.28633911012879376,0.7213487857926034
1331,0.10283337533473969,0.8738553265639752,0.679561845782642,0.8130501209938032
1332,0.021244604140520096,0.6937179926005944,0.33849080222049444,0.875018594857889
1333,0.14517521858215332,0.6906391187271052,0.45426138213133127,0.7636831546664029
1334,0.142533540725708,0.4602809281368761,0.26139679238992364,0.37195001549945583
1335,0.11600060015916824,0.6103822497205925,0.49081673028176026,0.6364007410860749
1336,0.20867381989955902,0.5195371349431088,0.4108557202391074,0.5235039916741264
1337,0.13818466663360596,0.47293228284996996,0.1183451462022912,0.7099344417803792
1338,0.15716677904129028,0.6012085837955753,0.5566640729653647,0.6135024561429101
1339,0.06791780143976212,0.6224986212198143,0.36726382977102956,0.8637827128503051
1341,0.1828593760728836,0.5509385748279039,0.4328038433122378,0.49346536979332756
1343,0.01897375099360943,0.474370366324855,0.0015774201551146335,0.6015988790094879
1347,0.10597138106822968,0.8782748065953245,0.8818903122928919,0.8498658716206224
1348,0.07197607308626175,0.5673192659032217,0.4355086521701794,0.5084425161423891
1353,0.10846871137619019,0.8655865138820208,0.8558577267911753,0.8450810430044741
1354,0.05622480809688568,0.7885994992667672,0.5548774181407486,0.7386368826430786
1356,0.22495512664318085,0.40261027242115927,0.18374477484923743,0.3134088373990691
1359,0.06719738990068436,0.737400299352678,0.7836113838302377,0.7474910233978735
1362,0.06423570215702057,0.4696758633571955,0.025042335301095262,0.2541464505765108
1364,0.027583086863160133,0.6370169754979749,0.2428519649587152,0.822462514724354
1367,0.08131624013185501,0.7769928383369527,0.5866573445719735,0.8018652930213394
1370,0.031262822449207306,0.8676332180923136,0.7487371793979043,0.8821180211890691
1371,0.06656768172979355,0.77240132662106,0.600346477506956,0.7182844331759359
1372,0.019921479746699333,0.8804706509915834,0.7048183583728496,0.8983151606528205
1373,0.052268583327531815,0.8083937535227346,0.4510661860787865,0.8313104554345581
1374,0.016993602737784386,0.6236671648717449,0.3203533759022212,0.789337617682871
1375,0.07372553646564484,0.6123752499889819,0.599070453020027,0.6726233492688569
1376,0.02957955189049244,0.922407100196708,0.7611813099774444,0.9324160262293232
1377,0.031044555827975273,0.734383400677159,0.6061869484593895,0.8191775397423486
1379,0.08709683269262314,0.7026806157087482,0.43703433414957954,0.8203333833918531
1380,0.03470320254564285,0.7963872901710797,0.5998815338097482,0.7403381245931189
1381,0.08196708559989929,0.7322306083552614,0.5002743685843591,0.6481996226740603
1382,0.05245662480592728,0.838445178042737,0.63667511934404,0.7960840927280428
1384,0.03763024881482124,0.7622738925258906,0.6412529380076657,0.846395928947852
1385,0.06520014256238937,0.7675923322228054,0.6824016134664445,0.7811279695483225
1386,0.07482445240020752,0.896466971470274,0.8332536312376215,0.8938702182736205
1388,0.01738661900162697,0.5125829839855851,0.2840648552353677,0.3908552434506887
1389,0.06891471892595291,0.8626923591829687,0.6160235744154692,0.8576205933712293
139,0.02709018997848034,0.8565769785601376,0.7842124171542908,0.7974895645596662
1390,0.07012142986059189,0.6945770619552822,0.4738152873105772,0.7794364281130585
1392,0.28020402789115906,0.534587327519901,0.5943478554968072,0.48323726360001606
1393,0.0439700223505497,0.5488739653060268,0.1331825079591945,0.40135284621751743
1396,0.03514591231942177,0.4874826487312617,0.060141451972848856,0.26761508012034374
1398,0.03234175965189934,0.4846051293390908,0.008618512270732471,0.252059916570351
140,0.03133736550807953,0.8916622915456595,0.7010061837972024,0.9279225583364078
1400,0.023902151733636856,0.8997079115465565,0.7149935918642786,0.9085682515154501
1401,0.04233596846461296,0.6566984137061133,0.5545625301495914,0.6354092525248612
1402,0.17035630345344543,0.48447491031837037,0.39297092096131,0.3951344811978691
1403,0.02784479781985283,0.9486197332939044,0.8532021632165857,0.9436784525181481
1404,0.1266576647758484,0.5769289658425103,0.3850199142393018,0.4597629907271058
1405,0.12499167770147324,0.6275353019106175,0.21649176895059627,0.6236977317427961
1406,0.09305495023727417,0.6973272675643536,0.3935914371511544,0.6583192991321571
1407,0.06539513915777206,0.4701056222504315,0.02969445092939675,0.25553478056628276
1408,0.08983764052391052,0.644509545684339,0.4392978633285459,0.5339121389896682
1409,0.15688851475715637,0.6542504485869072,0.2765741744937863,0.6955493039538068
141,0.05837632715702057,0.6424256675072663,0.3869252186926007,0.8787561062053684
1410,0.15490980446338654,0.601787676441918,0.21864306944909537,0.5903661900650434
1411,0.11600984632968903,0.8139464463546626,0.7237295480753136,0.7841808104940245
1413,0.19699911773204803,0.622215973519399,0.5895791674395667,0.592951464357605
1414,0.11634858697652817,0.44772631825051346,0.08698261287339133,0.27481326952762614
1416,0.07164297252893448,0.6674000153786785,0.15008678011981239,0.5585319889007594
1417,0.17200808227062225,0.6249702892570177,0.25688880735920233,0.6510713819892334
1418,0.1724560409784317,0.7837706990908585,0.5816810664239321,0.7694636302987485
1419,0.1259421557188034,0.5427607167089987,0.4286650800902969,0.43507575354961514
1420,0.3516283929347992,0.3504391954544163,0.2553232433162291,0.3109365570057152
1421,0.12884366512298584,0.7435549041542948,0.6644829388134676,0.6740785822409354
1423,0.11364710330963135,0.6096059139936338,0.17670212664982168,0.6111633344259487
1424,0.13439129292964935,0.6830007742730171,0.1951547485876467,0.5647136602598299
1426,0.04365737736225128,0.8161702562539079,0.7054996535151105,0.8753422717138135
1427,0.072555772960186,0.6728593670393059,0.3446948989483475,0.6634064752541442
1428,0.3410741686820984,0.5713865411073604,0.6512848971483383,0.5091116012041765
1429,0.0671750083565712,0.8584559488092249,0.65008681002094,0.8288443856909246
1430,0.1209392100572586,0.7389958574834898,0.6647079911318619,0.6944028437941641
1431,0.07545836269855499,0.7059359710952245,0.3374563468174347,0.7547177342789207
1432,0.09973309934139252,0.8215475082304518,0.7614949702119488,0.8273646276157511
1433,0.05695653706789017,0.9339110011829006,0.7755427382192683,0.8819573112301489
1434,0.1907510906457901,0.7421355626581614,0.6911179874670239,0.719208185884207
1435,0.07691208273172379,0.9091220270093399,0.8761350503696527,0.8865090202881565
1437,0.33415985107421875,0.33805415002405803,0.07677058653828517,0.26207500987982524
1438,0.13146500289440155,0.7294101911675797,0.590196616952596,0.7857238788141161
1439,0.10717643052339554,0.8622250225826513,0.8312761832611516,0.8489459768570367
144,0.24204201996326447,0.6863960693474053,0.7137512432226436,0.6055998493886819
1441,0.08151985704898834,0.9175055388862152,0.8099178050792628,0.8613304496309996
1444,0.027997642755508423,0.8914999378009665,0.7191473973374823,0.897810028204137
1445,0.24226117134094238,0.5022194300430278,0.36430909811320644,0.41236878377755926
1446,0.6579617857933044,0.18106212486943324,0.11298596663475811,0.24977074903812585
1447,0.09499762207269669,0.6052753545541238,0.31338421073369377,0.45189249701675016
1449,0.08433476835489273,0.8917195209686352,0.6062822619955336,0.8302021311494902
1451,0.07062484323978424,0.8824919581115208,0.6660581200459614,0.8328214773038265
1452,0.1895640641450882,0.8006276699255119,0.7862029837800177,0.7158853945080718
1453,0.08821892738342285,0.4581217375600157,0.01643896314630511,0.25106986732598224
1455,0.14066550135612488,0.7749396309943262,0.7570032197733743,0.7436079163033056
1457,0.06923271715641022,0.8025985345867674,0.6138265979671359,0.8242759054704958
1459,0.19368788599967957,0.4088393179815899,0.04547968583455386,0.49974484124035157
1460,0.1606629341840744,0.6809825620695371,0.2958478888102909,0.6374866779154907
1462,0.1257524937391281,0.8206319890790263,0.7469677613425867,0.7640921329600232
1463,0.06164684519171715,0.9048804937813253,0.7174885332373778,0.8939907285736106
1465,0.2819230556488037,0.39879362959995107,0.29703460852679564,0.3297548425564012
1471,0.16435876488685608,0.8478629222842277,0.840483963321908,0.7721616037907928
1473,0.09474726021289825,0.8772380495913427,0.6796633972882345,0.7786636595724106
1475,0.050979528576135635,0.6218781472476871,0.35461843929510006,0.7868296964700225
1476,0.11075794696807861,0.8498641820883791,0.8010660050893447,0.805490309772056
1477,0.10113438963890076,0.6475014364776273,0.4294697298554012,0.7182208101106908
1478,0.04408644884824753,0.6535973965582293,0.2778821851351238,0.7399591618904321
1479,0.025021785870194435,0.9050444086575078,0.6686809455720398,0.940075707879048
1481,0.01827341876924038,0.7407856051878381,0.39138650344691445,0.8635930754550969
1482,0.12777940928936005,0.673740610085722,0.6066948183539156,0.5881413309243542
1485,0.015253517776727676,0.8087832174583002,0.46553140473899085,0.8548600036020193
1486,0.13497872650623322,0.4959518555342639,0.40868446021482413,0.40161691804009153
1487,0.26525405049324036,0.6745893017323217,0.7977621323746084,0.6175584717939686
1488,0.013859244994819164,0.8976306492527282,0.7652162712806606,0.9396843928783197
1489,0.02383456937968731,0.7425330938870542,0.46022768164191047,0.7599202022987712
149,0.0589895136654377,0.47620083697847054,0.09186851401276322,0.6195485060671897
1490,0.06781037896871567,0.9042946888877584,0.7741191830407587,0.8989743802844605
1491,0.05792384222149849,0.7136251597137862,0.6736511844699734,0.843394198607958
1493,0.048558060079813004,0.846506104100416,0.6927106311140199,0.8858679461681587
1495,0.04411139711737633,0.8504180479097146,0.8454156234730628,0.8777710053774765
1496,0.25479990243911743,0.37461882816736586,0.028931092580601878,0.2521993333481114
1497,0.13201390206813812,0.5569282183346892,0.41279434556819905,0.45188380244475457
1498,0.010047400370240211,0.8782694251102596,0.7613763890171306,0.9556515864624162
150,0.09065590053796768,0.8691095684584834,0.761507584451912,0.8046847940550603
1501,0.02539847046136856,0.749228397926549,0.5937498334090759,0.6645870185214422
1503,0.137233167886734,0.680284157933996,0.46209113491304155,0.5866816011129036
1504,0.16090267896652222,0.7513373426984289,0.8186620349852661,0.730283673970263
1506,0.027089467272162437,0.9026898706017518,0.7897753024469251,0.9415501582650508
1508,0.03945779800415039,0.7947109828686598,0.6473439741966206,0.8482960670087576
1509,0.10924828052520752,0.6336822569350089,0.18996471861462388,0.5847355664452529
1510,0.01923837512731552,0.5095482487315489,0.07068391172001828,0.28503969360328374
1512,0.049995746463537216,0.7428486307896942,0.7750098976486328,0.7932703889869832
1513,0.04010852053761482,0.7129035187433024,0.3106471371774316,0.7841570171238282
1514,0.549968957901001,0.40177102525121505,0.5812113856362806,0.30827017063671425
1515,0.11463285237550735,0.872969753118215,0.7602448541077689,0.8129030327778313
1516,0.06535392999649048,0.7297960726792067,0.6916437969272358,0.6438521268956324
1517,0.016782812774181366,0.8509477905043623,0.48851838075502496,0.7228208993427193
1518,0.11398455500602722,0.6824347079339779,0.66790984893302,0.6038327782208279
1519,0.007518909405916929,0.9403596209303848,0.8573120474984862,0.918128890759417
152,0.12957283854484558,0.6876968353926046,0.4589956118874978,0.7757124342028076
1521,0.01937772147357464,0.7066904632602748,0.326911896992893,0.7846207602750512
1522,0.12822866439819336,0.43789367472727136,0.04835540176312019,0.26043265036634067
1523,0.2754174768924713,0.6346338027787839,0.7282291541836202,0.5947265840795775
1524,0.08613365143537521,0.8964161783005957,0.8420919357570347,0.8396402763755063
1525,0.047326844185590744,0.8856165149776442,0.748101486882127,0.8094149585974804
1526,0.06158168613910675,0.8977037400991082,0.7733352316951866,0.8878029671133287
1527,0.017002306878566742,0.7885385154441382,0.6856044853480079,0.9065837013092485
1528,0.010883371345698833,0.9180648402004887,0.7528069230260341,0.9310169235320263
1529,0.009361617267131805,0.9311029742815342,0.7444737795920312,0.9664515509904823
1530,0.12634815275669098,0.4805359651079116,0.32322205559106965,0.3621765789053819
1531,0.011901135556399822,0.9173433778512461,0.7632553379201943,0.905954095997165
1533,0.11962903290987015,0.5241393284329202,0.25650707504284287,0.4517060460971719
1534,0.11003035306930542,0.7218945806683302,0.49036707018990155,0.8366507990847336
1535,0.08555414527654648,0.6634070600349204,0.3625789314810875,0.565767361421359
1536,0.10667522251605988,0.6884667453204198,0.6219929952813354,0.6963447725654615
154,0.03935876488685608,0.8229468873433954,0.6576925322315706,0.8074170615567571
1544,0.17824521660804749,0.4128051553097674,0.047866371194288604,0.25613985129453853
1545,0.0859474167227745,0.7676358914246749,0.6935899030917949,0.7361941815420465
1548,0.1212376281619072,0.44021264625819473,0.09441940252413715,0.4240078462667623
1550,0.04865645989775658,0.8744565412018932,0.7708387113382911,0.8862724920432815
1552,0.11863739788532257,0.6053606818228721,0.15587281094194552,0.5466269802210942
1555,0.08674191683530807,0.8385831060003504,0.6166119542307757,0.856754086335666
1559,0.2802623510360718,0.5238478753861915,0.512521407128714,0.504594871967306
1560,0.21885494887828827,0.6474085263648321,0.5332630256902433,0.7434134737473628
1561,0.14096100628376007,0.4595470654819709,0.25300655185111776,0.3364623157790244
1562,0.11877065151929855,0.7909141009398911,0.4790848780632348,0.7826545325325381
1563,0.021306272596120834,0.8550340007692725,0.5562439463345613,0.868975688373136
1564,0.060686320066452026,0.47184482207921147,0.018589682664650997,0.2546210605741821
1565,0.07424197345972061,0.939037683242403,0.8830428650141258,0.8877343931490709
1568,0.10918103158473969,0.820288914135025,0.6898646525303677,0.7787242585032558
1569,0.07983336597681046,0.7426901270018106,0.48230172893300166,0.7859551028280429
157,0.05543368682265282,0.5394668308905348,0.2369097795962143,0.4152250972488638
1570,0.2853316068649292,0.5790680061112475,0.38591706873854276,0.663465480337383
1571,0.10537096858024597,0.8123580851973524,0.5861761248227141,0.711543588818119
1574,0.34997451305389404,0.36646522195694226,0.35390779930044336,0.34044143049128894
1575,0.2014508694410324,0.769943339646887,0.8014809311487525,0.6791773290092926
1576,0.18412001430988312,0.621156851081496,0.5262966248402772,0.5141397860337757
1579,0.04954729974269867,0.7600549512015515,0.41991593843288977,0.8050840121126583
1580,0.12142402678728104,0.6338414782308716,0.503380728222327,0.7565909800115908
1581,0.03854035213589668,0.7889152024331019,0.7624391559178414,0.7449533497335405
1582,0.08858607709407806,0.8442261465945695,0.7194960024538195,0.8147561009037378
1583,0.08590153604745865,0.868030301237535,0.8776775436070698,0.8655745061016533
1584,0.0735941007733345,0.7692962936208185,0.7285190889923933,0.7633539348620488
1585,0.5406569838523865,0.3925202064814183,0.6749671412731288,0.3072865652087984
1587,0.3710022270679474,0.5796851004385698,0.7248244723011353,0.4957628946446232
159,0.4013024866580963,0.4592317656358549,0.5932556856789039,0.4088813648074491
1590,0.3721538186073303,0.42042033987916105,0.47144229707982377,0.3902209442946234
1592,0.13142316043376923,0.75691386621409,0.7347507591725277,0.7301269440785138
1595,0.2672457695007324,0.4492867517441476,0.4855224280794488,0.43231264516448725
1597,0.15675844252109528,0.6786286331589009,0.5156662239061935,0.5377107630147908
1599,0.29459717869758606,0.529129974359615,0.6210428291720141,0.505091406034418
1600,0.2934072017669678,0.5776675685854814,0.6644945505732256,0.5501138194803608
1601,0.2968205511569977,0.4811800668669114,0.3768614236103271,0.5753384453806989
1602,0.18368984758853912,0.43573352635877866,0.18963942412606155,0.31546893120013997
1603,0.36554765701293945,0.41547025322981834,0.4681312257232948,0.3821379077837799
1604,0.05259782075881958,0.7845946238951516,0.611682351860773,0.8727890777820229
1605,0.4698328375816345,0.36090109215408683,0.4889541836673245,0.35688630396644727
1606,0.36419031023979187,0.4773884782628695,0.4586121065144197,0.4240229412103246
1607,0.29827773571014404,0.3974564404286902,0.40823862380685944,0.3859644136934034
161,0.0825038030743599,0.6328020882473836,0.6568064265312211,0.732921961196731
1610,0.012886762619018555,0.6917807914476216,0.5855519792544117,0.5842007757411474
1612,0.12474945187568665,0.5754873929761372,0.3909568177824363,0.5533192396058715
1614,0.06347908824682236,0.47209690647245495,0.09976165692689828,0.2791969797350599
1616,0.10100407153367996,0.7711543242780096,0.7985117650835448,0.7614576866265348
1617,0.08503051102161407,0.8553929548811277,0.7898094818039626,0.8264980905883008
1618,0.33886227011680603,0.3357269889618828,0.08952432879562344,0.264175856775116
1621,0.08994267135858536,0.72699648789467,0.6460775898375488,0.6494923958279021
1623,0.12161657959222794,0.4261263649866477,0.013324816336457044,0.30609627464340705
1624,0.1053793728351593,0.7479693449731415,0.6177367649632287,0.7849045280931013
1626,0.31003648042678833,0.3781079070915495,0.22955696459378305,0.312914510699218
1630,0.3724459707736969,0.3605868596860039,0.2986647463650288,0.38488161152695294
1631,0.07951238751411438,0.6163503229273163,0.17512848877574522,0.45103087033104455
1632,0.1210799366235733,0.7920407469333186,0.6108352789058942,0.7283113872161115
1633,0.4515531659126282,0.4586605403782905,0.5753196829405939,0.3537455551674825
1634,0.2250167429447174,0.4079353689108567,0.09425570012687319,0.5864766572114464
1635,0.15681037306785583,0.6166521805551759,0.43684131646882507,0.7231721150151444
1636,0.12876072525978088,0.6436993215416549,0.6310833059113786,0.6824475734690485
1638,0.048341188579797745,0.7612646638214722,0.459052775777972,0.6852103138258692
164,0.009822709485888481,0.8859106107905805,0.8315495991635972,0.890141016294175
1642,0.0730898529291153,0.5245660729959931,0.0568218131419543,0.5529554743255073
1643,0.047205325216054916,0.6063833929029325,0.1074394844705905,0.7165459898260806
1644,0.05412015691399574,0.4746670294505156,0.009167407273890307,0.24947161354180075
1645,0.08394051343202591,0.7142310689185634,0.43444672383656385,0.7329911821968568
1646,0.2473413497209549,0.6556828149251726,0.7628457043537648,0.6651232318373377
1647,0.05945177003741264,0.4700134744681185,0.016051113699295544,0.45412900753131186
1648,0.056651875376701355,0.4841975757572547,0.046144180931596473,0.29383991051525693
1651,0.02292909286916256,0.8342090961255557,0.46083690125262833,0.8597786460789273
1652,0.05153317749500275,0.8151537101179265,0.7451585332095542,0.759094647329406
1653,0.04406309500336647,0.7550240027375601,0.7372676291389668,0.7669471564595718
1654,0.26724904775619507,0.537194736392292,0.2874875072020058,0.5595837838015196
1655,0.13016971945762634,0.695395415831043,0.46601491062877365,0.6462297255033083
1656,0.1252956986427307,0.8250389206206454,0.5202761119270842,0.707953644855756
1657,0.2798447906970978,0.38161662055745704,0.1691474651890417,0.29543633579563344
1658,0.06164250150322914,0.5321654889160244,0.3908165089044534,0.4030174843434223
1659,0.024408264085650444,0.7502154678232021,0.764350492971816,0.8272262741027507
166,0.061057768762111664,0.5295033918378345,0.1870580612580812,0.4446911942109418
1660,0.12427390366792679,0.4406557430243003,0.026738058316921904,0.25262018705297756
1661,0.1430635303258896,0.4303772018989945,0.021789612855370653,0.2513267630635887
1662,0.08229430019855499,0.5305857610000403,0.34066687505738613,0.40207987983362636
1663,0.026931898668408394,0.9388816687849276,0.8854349158946802,0.9356505726101347
1664,0.19263555109500885,0.405894817202342,0.01785589654984861,0.24948372764787918
1665,0.18772314488887787,0.40875796877173876,0.032064624582273105,0.25309883077936024
1666,0.03034486435353756,0.7222989311289378,0.6357904225647781,0.8527142651081603
1667,0.07145603746175766,0.9031861226699761,0.6422761697545858,0.8688608829311291
1668,0.037565093487501144,0.7490701774699322,0.31892910002491753,0.7621854626711948
1669,0.07571820914745331,0.7817146388136545,0.4939294586227733,0.8418193553354789
167,0.12914669513702393,0.5711644262358057,0.4665125672810061,0.5195642527652148
1671,0.04167310148477554,0.5833100781987629,0.13356503769809908,0.5348013539190019
1672,0.03712378814816475,0.8290964752896135,0.6159820016313915,0.8763902488551861
1673,0.09110219776630402,0.7519271185395678,0.516495979179462,0.8614804517192758
1674,0.14994464814662933,0.43234555098026745,0.0835053910236689,0.28321457927291305
1676,0.03155528008937836,0.6494164985809125,0.5156932771653693,0.6346451565586673
1678,0.020343495532870293,0.88080615097849,0.6173699249214912,0.9372849977893415
1679,0.011315187439322472,0.8065782005803441,0.6747335915114808,0.911422709594508
168,0.029970021918416023,0.49988109958512245,0.06132430278592421,0.6749142307360422
1680,0.018534310162067413,0.9329256796577079,0.7529610666235289,0.9496047825386049
1682,0.08729632943868637,0.45829654141718457,0.013078263134445541,0.24956207346666529
1683,0.014239531941711903,0.9272704388317806,0.6882680057055747,0.9334820929955101
1684,0.08160758763551712,0.805287745179242,0.7791735422951623,0.8203976132854749
1685,0.1262776255607605,0.6781193718325534,0.40396780328616516,0.5150823091152397
1686,0.07687217742204666,0.741654651023013,0.5185104202515843,0.6244336713389694
1687,0.08169852197170258,0.7943759735072843,0.7687865855749662,0.7644067022126138
1688,0.09038174897432327,0.7918026754609242,0.7444500691651942,0.7205255684960655
1689,0.023310700431466103,0.6438606648068889,0.1444625887938605,0.5573746033609532
1690,0.02615552581846714,0.8114891325630955,0.3440427538474592,0.786204322290831
1691,0.15892764925956726,0.7307458417931587,0.598566005094544,0.7682351341937605
1692,0.13436076045036316,0.6260979991857453,0.6351733520484173,0.5660642749196292
1694,0.006583332549780607,0.8177850997207072,0.35927499890578696,0.8663137038301516
1695,0.09856999665498734,0.4843715687563073,0.2021433817981367,0.342559186342608
1697,0.013802489265799522,0.5197744362686609,0.020522526926852504,0.3262066862462527
1698,0.010546170175075531,0.9044061451259822,0.8058754533245364,0.9298841029651902
17,0.048043470829725266,0.7604080557032475,0.3177880207592836,0.785095490556226
170,0.08329019695520401,0.7063761180457571,0.4502695736142136,0.684390634680452
1700,0.04089568182826042,0.9276183995957415,0.8100622123377572,0.9194747772310343
1701,0.06539053469896317,0.5957033043792397,0.4231445393384588,0.4889253455734063
1703,0.15790176391601562,0.423911763157522,0.038113681664986146,0.25529572962964153
1704,0.14099667966365814,0.436541589862378,0.08839735679014911,0.27166724479884385
1705,0.013623719103634357,0.8889025933098118,0.5285307702603075,0.9410403443914556
1706,0.10301224142313004,0.6749491426631715,0.2909537377720253,0.6974246923572069
1708,0.0833861380815506,0.4647122119156925,0.070077608861198,0.2677720068088755
1710,0.05440008267760277,0.7673603821071329,0.45603589678266887,0.8367765218086469
1711,0.23780220746994019,0.6580700117655651,0.6888987973295526,0.6021052596814473
1712,0.04403909295797348,0.921743814684457,0.8573279303593133,0.9226311524687048
1713,0.0852191373705864,0.7143990324876749,0.30122601952298916,0.7035229829403578
1714,0.018995292484760284,0.4730406852472053,0.0010088527401171338,0.9059688910198276
1715,0.05172162503004074,0.6349853923098857,0.1255899046557221,0.4837151350644401
1716,0.10482427477836609,0.5810359351236255,0.21927026099175603,0.5881701169560383
1718,0.024041203781962395,0.7982923434689044,0.4705429156295505,0.8353774869936312
1719,0.0354858823120594,0.9288363966546798,0.8606151715373542,0.9280830239386606
172,0.023248005658388138,0.4882422923261585,0.004151888339689477,0.26173113145620075
1720,0.08229028433561325,0.9237108533245308,0.84708228559072,0.8578707559620196
1721,0.16298964619636536,0.7516393344278288,0.7823466664528655,0.7558504760768452
1722,0.07360155880451202,0.7302225861921982,0.29711942687165527,0.7177961920250846
1723,0.11547242850065231,0.8121423511103275,0.6587963884469794,0.7935735059678704
1724,0.11454632878303528,0.4910598939987874,0.061742433845673385,0.4277733980450073
1726,0.07552019506692886,0.7733730019955236,0.36690511772789053,0.7548620727647986
1727,0.1207089051604271,0.657973259991911,0.36463296497310177,0.7652776862134072
1728,0.0638485997915268,0.777109960337943,0.5080037976170928,0.8867902784143453
1729,0.10665731132030487,0.7878674165436721,0.4229878491086209,0.768753444581203
173,0.06782789528369904,0.6094224750882137,0.414458786766117,0.6829122747814212
1731,0.07380826026201248,0.5694768640955163,0.43034331923821584,0.4620550629510009
1732,0.09798569977283478,0.7118510130224441,0.6743222376000406,0.7377085330837447
1734,0.1258900761604309,0.8137112985544985,0.6528255887308416,0.733774274483437
1735,0.035436976701021194,0.861831083945306,0.6800576475052471,0.9146157346184791
1736,0.03259146213531494,0.5351255862028237,0.03564681195352918,0.3993979626844195
1737,0.03251218423247337,0.9124560285893295,0.7016672494117223,0.8945739638525513
1738,0.1287936121225357,0.8551901899468224,0.8754375446362309,0.8063125489221967
1739,0.08075100928544998,0.9044304094048196,0.8035803261509442,0.8708560245866632
1741,0.049149733036756516,0.9197010400729642,0.8095890311344097,0.9149345052404998
1742,0.08182737976312637,0.8618753058793502,0.705519026806726,0.8807275515102109
1743,0.04479443281888962,0.9119528712915299,0.8613226252680106,0.9036699015954276
1744,0.16130731999874115,0.7095214823718015,0.34613446665838404,0.6901415626019249
1745,0.03507966920733452,0.9210553067284928,0.7850164387193473,0.9218357304831734
1746,0.04761704057455063,0.8878248096333978,0.6047736767332313,0.8796787643126389
1747,0.08089817315340042,0.8686188730710634,0.8442919820170947,0.8125486124118605
1748,0.17599725723266602,0.8055985415391941,0.8100961288502615,0.7333366131636382
1750,0.13672517240047455,0.5628051859832484,0.14165034736508023,0.5217946096294158
1751,0.057009078562259674,0.8964432160257361,0.8742145271274717,0.9011971516884854
1752,0.09205237776041031,0.6412579388928564,0.41346968618581065,0.8223771226665383
1754,0.06813590973615646,0.810018977647591,0.5763387447062882,0.8373784741443702
1755,0.04320953041315079,0.8451159303800754,0.4787877973044194,0.8292232983698733
1756,0.13037976622581482,0.8145945337034799,0.7581475724575284,0.7299817817582885
1757,0.06765655428171158,0.9027828726050713,0.7343844750128591,0.8882997984562259
1758,0.09625335037708282,0.8108491868117415,0.6833028691140488,0.8301550727793151
1759,0.16415290534496307,0.7282353556223295,0.7218965174143684,0.7484142518824979
176,0.08037791401147842,0.78088614470335,0.4641085631025021,0.7795801837443266
1760,0.061461299657821655,0.7915255325596016,0.7137252689027753,0.7759775089514309
1761,0.04739861562848091,0.5866527333321095,0.08537393816280207,0.542149034956315
1762,0.0778082013130188,0.7565076523240042,0.5277713937713954,0.7516542619649456
1763,0.12365477532148361,0.4494765310987065,0.014196977566915023,0.32956235423440106
1764,0.04612701013684273,0.8119035630906373,0.5481874047236708,0.9208257147410364
1766,0.10118215531110764,0.8965002762083305,0.8748007378284137,0.8274638030907981
1767,0.09820437431335449,0.8567742435685838,0.7002770375227834,0.8559748759426399
177,0.19996421039104462,0.5499268989725895,0.3607453583158856,0.6115161993738905
1770,0.06980063766241074,0.7739296524726419,0.5175844379674371,0.8056024730487179
1771,0.06814715266227722,0.8900557379971824,0.6992938057000886,0.8974997552699175
1772,0.048190888017416,0.8118750986891525,0.516347993003822,0.8468457681271366
1773,0.05724048241972923,0.921619602957109,0.8729253534464582,0.912670275215204
1774,0.03271101042628288,0.8179207799549995,0.48560998114431864,0.8859995017734718
1775,0.0172988660633564,0.9320820335721614,0.8018913477477678,0.9549354403449933
1776,0.06524916738271713,0.704041597725143,0.7360347773805425,0.7554255919533206
1777,0.018325231969356537,0.8978062840242704,0.8227399459581423,0.9194052363672649
1778,0.058414898812770844,0.8832987283783388,0.656747292227505,0.8810159444666232
1779,0.059443969279527664,0.8906842367925524,0.8175047624510917,0.8715951557343891
1780,0.040631454437971115,0.9448810056417027,0.8447837403910232,0.8967278378595658
1781,0.062403853982686996,0.5583595446806509,0.221877319415374,0.462027961651978
1783,0.11080306023359299,0.6032202874700039,0.4832053873100146,0.8406301246554674
1784,0.07161460071802139,0.45694785156259093,0.011031718824406978,0.5468379401816282
1785,0.045618049800395966,0.9116564829959186,0.8215429748922947,0.9089615825280178
1786,0.0612330324947834,0.6515968421665602,0.3085280758248121,0.717537083161143
1787,0.17343246936798096,0.7491155537957304,0.703306652340994,0.6351554713230888
1788,0.046066563576459885,0.841007696808699,0.5018461106385823,0.8705015942025471
1789,0.01667356863617897,0.9329659559453349,0.9106892535618928,0.93925477586085
179,0.13061749935150146,0.7163804426045053,0.7131609522127413,0.7814607736382766
1790,0.07996124774217606,0.8624052082375397,0.8061882805339405,0.8497815928820462
1792,0.05709769204258919,0.923856929998157,0.7886503591196169,0.8894151669692216
1794,0.06958452612161636,0.45017689832145547,0.008086594137140435,0.43959077276001535
1795,0.1721825897693634,0.6282669918849042,0.33660419423407484,0.5393618511918903
1798,0.02235919050872326,0.6716133960944521,0.19985889845311725,0.7005790472998605
1799,0.10673306882381439,0.7487083188578543,0.4960051184483054,0.8305633784983875
18,0.04014670476317406,0.6062259279072408,0.07974332531895198,0.47185093389253085
1800,0.2386043518781662,0.5648495094142004,0.6805196579782936,0.5441783117330616
1801,0.1834883987903595,0.46233808299754736,0.4064302977310048,0.388622287024755
1802,0.10156626999378204,0.9115470359296554,0.8788552805533704,0.8394754062096509
1803,0.05402504652738571,0.7670870699620292,0.5353175871274445,0.8665610682956845
1804,0.07843219488859177,0.7885892365261751,0.578955256248857,0.8036972443705992
1805,0.07738719135522842,0.8808699949003784,0.812829459151763,0.8861064139134157
1807,0.06915665417909622,0.6706152809890282,0.5898023948246155,0.608267850013692
1808,0.08189266920089722,0.8410837687049477,0.8187937794842239,0.824377497717669
1809,0.01813565194606781,0.8867434952953323,0.83490837804981,0.8849820921407392
181,0.10187771171331406,0.7502908201848251,0.5788576324579745,0.8229545661495797
1810,0.008872216567397118,0.9455184877311769,0.8429790067253622,0.9697679578068553
1811,0.04354444146156311,0.9607052482749334,0.8914393873116018,0.9258396627158607
1812,0.055850766599178314,0.9238346338981654,0.8737772387268613,0.8921946324722365
1814,0.06619802862405777,0.923136290934096,0.8988144629192568,0.8759378126001651
1815,0.041849225759506226,0.9279040389195692,0.8156923676261719,0.9156104582017663
1816,0.023678822442889214,0.9053768569017564,0.6616208275131601,0.9026897730112591
1817,0.09015269577503204,0.799905399386464,0.5061966262252153,0.8090394594607273
1818,0.06909183412790298,0.7331952131952755,0.5806918254206169,0.8642978920203619
1819,0.049114078283309937,0.9348145913209478,0.8927407380144494,0.9054382847351581
182,0.10325200855731964,0.7344199837797019,0.5667579187445178,0.815739478037576
1821,0.1480887234210968,0.79693246506407,0.7689193426389885,0.738626239698147
1822,0.11638965457677841,0.7863661098464768,0.6565823356631594,0.8498978441817939
1823,0.16748136281967163,0.655614601918714,0.45617277940174333,0.7168835595263635
1824,0.38676655292510986,0.5573909983239795,0.7364917781659628,0.4704727001777349
1825,0.0352063812315464,0.9338785159043328,0.7830397403581969,0.9274599108111019
1826,0.2242835909128189,0.603650571590486,0.7134293620884629,0.5946091791224999
1827,0.09698528051376343,0.7538419539771735,0.7633679746756756,0.8191763378412615
1828,0.1644834280014038,0.6377862571019038,0.4165465261091468,0.7355784189346313
1829,0.017816461622714996,0.4926975996107404,0.007896542732485237,0.2571578151182312
183,0.3325071334838867,0.4761179803879395,0.45995713330251103,0.42371607525764043
1830,0.07138579338788986,0.8914320634079966,0.6657434865177074,0.8712657894639365
1831,0.015863697975873947,0.8863162513121635,0.8271849863240883,0.887150789111937
1833,0.036708056926727295,0.9398497885812025,0.8238534785292814,0.9245007032533172
1834,0.06846645474433899,0.8714867047631618,0.8384185090331586,0.8710505435034435
1836,0.037510208785533905,0.9475033193272554,0.894828136253264,0.9282081971530634
1837,0.03449145331978798,0.8251101535943576,0.606350140658075,0.9227452829290603
1838,0.05745374783873558,0.9210057395365114,0.7653812223640314,0.9006784412657136
1839,0.08789403736591339,0.9100907465080628,0.8601122606643465,0.845958080194752
184,0.07290338724851608,0.6879318429751979,0.29139323045882015,0.7842332690922362
1841,0.06258365511894226,0.7274465936776382,0.27200519564896347,0.7205631286827248
1842,0.23294071853160858,0.3861639525309795,0.0386564739524174,0.25550006077473675
1843,0.07102540880441666,0.7795010381374152,0.4270523519450346,0.7953436752688409
1844,0.390423446893692,0.5002016542397172,0.6288265851274946,0.4514350692147414
1846,0.03022112138569355,0.8049103074440531,0.45391614573572336,0.8313726595033681
1847,0.07048313319683075,0.8514368276214723,0.7243831351853477,0.8905549257784315
1848,0.0508580356836319,0.5729900038974305,0.25593347884529166,0.4076326027418068
1849,0.05978620797395706,0.8632035513241474,0.71274741004235,0.7979887847433157
185,0.2772700786590576,0.6998444894018113,0.7700704610134668,0.6146289283312713
1851,0.08188362419605255,0.6738694696210533,0.262679330580617,0.6511847258604733
1852,0.09717409312725067,0.5626869649560352,0.0720854711890545,0.4550802653333637
1853,0.177125945687294,0.715551390749972,0.7141507877020802,0.6533421609603494
1855,0.10957059264183044,0.6408503038662731,0.6167307477921631,0.6669547715485569
1856,0.05662911757826805,0.8240212416875504,0.38448653806432914,0.7903916566104081
1858,0.15768884122371674,0.7861418311453277,0.5260076092568141,0.7748604433727544
1859,0.06418298184871674,0.7892237321808664,0.538650893652093,0.8567740974184154
1860,0.09297388792037964,0.6263131458689808,0.5517698023116124,0.6706784138097118
1861,0.03215888887643814,0.9595989753481351,0.9019611026658393,0.94159198631108
1862,0.08545490354299545,0.8945588907114892,0.8220518299512176,0.8749294292313569
1865,0.129112109541893,0.819669601906116,0.7195983059397622,0.7771528049349297
1866,0.09718763083219528,0.8298452947033381,0.6657042018611995,0.831097354865667
1868,0.03191918134689331,0.8036646213544607,0.7351786780338202,0.8902277919290684
1869,0.07722551375627518,0.6173569854345919,0.36115658327375827,0.6560195457128543
1870,0.009170201607048512,0.8159371145975047,0.8384597305528162,0.901345920897733
1873,0.26650270819664,0.5321059028583992,0.6261489503863307,0.4926968695901967
1874,0.03544576093554497,0.9401390054575667,0.8242090681348,0.9189756674602105
1875,0.01654694229364395,0.9592931649636214,0.8744439002052001,0.9421051237286934
1876,0.023581402376294136,0.9378256073029578,0.7609421114391917,0.9228146792528399
1877,0.009992524981498718,0.956391259575036,0.7922837155023887,0.9578891460380912
1878,0.1109863892197609,0.7814939847653721,0.47730730562965307,0.8037764585532848
1880,0.03818271681666374,0.47263868205251314,0.0007948083815566569,0.5608350544411891
1881,0.03673718869686127,0.932311567737258,0.8603613732283077,0.9118874761473548
1883,0.09307355433702469,0.7228272551405737,0.7210741146835724,0.723240449753872
1884,0.037495967000722885,0.8834043638709919,0.7604064098796511,0.9367158054908509
1885,0.13678477704524994,0.7467961188041454,0.441471784274035,0.7498687644893998
1886,0.3448632061481476,0.4742052845307145,0.5396103674443579,0.4101161224485579
1887,0.069337397813797,0.9192604687059027,0.7551846785023539,0.8602591332636382
1888,0.05604102835059166,0.7277470121619067,0.32117538010870794,0.7525516303014039
1889,0.035427697002887726,0.8915136048737717,0.7387280945698523,0.9008145485551775
189,0.0911949872970581,0.5927746362397195,0.32381072843129344,0.553417043825987
1891,0.041402433067560196,0.8885895540870503,0.6433932787039306,0.8925861406562999
1892,0.08029863983392715,0.7026040372479229,0.26127060348669934,0.6960231927288182
1893,0.011705020442605019,0.6712556392166958,0.23239440842159045,0.6701895726904448
1894,0.04279481992125511,0.7337006750106161,0.6534918786153588,0.8312684854030612
1895,0.046378131955862045,0.9320633671273884,0.8457634570192709,0.9184818758416735
1896,0.06503678858280182,0.8844491300880628,0.7684048394636018,0.8509162983612719
1897,0.06598813831806183,0.6233546172238131,0.043391289923677856,0.3422045273406993
1898,0.027637116611003876,0.6318535583477185,0.14035529500554658,0.6541460117794797
190,0.1355411857366562,0.6412261277563718,0.5604739629597179,0.597353908659426
1900,0.050884976983070374,0.8508939858864866,0.6557555745846,0.9055260548726374
1901,0.019326526671648026,0.9330489729211442,0.7892407547182799,0.9492765085762807
1902,0.026964861899614334,0.8906312570887821,0.7645529786260726,0.9446910139502314
1903,0.04895007237792015,0.9276697072796147,0.8614639013273319,0.9244265208148081
1904,0.017550356686115265,0.9456536449736619,0.8836900228630683,0.9450256660999117
1905,0.015653353184461594,0.9509042614225915,0.8772917508726029,0.9451356759536798
1906,0.0505962148308754,0.8998490241336502,0.7543545165722276,0.8935818396391758
1907,0.10339859127998352,0.8200969984878734,0.7373726173869967,0.8266437431674576
1908,0.0677570030093193,0.6501485267972109,0.7178849011897553,0.6608135633535686
1909,0.07695844769477844,0.8887544011744513,0.7897856141658258,0.7791593890055549
191,0.05197322368621826,0.4980042456110833,0.05044391445414033,0.5287016207310898
1910,0.18392780423164368,0.6756359450898046,0.6820053057229954,0.6686723935966525
1911,0.08860166370868683,0.8376549338278747,0.7265082241660367,0.84062948575475
1914,0.06614739447832108,0.879832240309671,0.7695029249156511,0.8973462893149966
1915,0.09181270748376846,0.8064478689309289,0.808972132777009,0.7748386408869028
1917,0.032031215727329254,0.777173041023503,0.5884810674378074,0.9029428167979919
1918,0.03801936283707619,0.9190503800988594,0.7698216308342729,0.9239262620129076
1919,0.08545316010713577,0.85939860922167,0.7573518625688259,0.8654316269804168
1920,0.0678999274969101,0.7424639323258507,0.39391623235016804,0.8264409986372618
1921,0.11530294269323349,0.6735140348431542,0.6626826051502013,0.6386266934816195
1922,0.0703379437327385,0.8537413752870151,0.7258991123792771,0.8268910915982827
1923,0.03703216463327408,0.8496161399244124,0.7595009972340468,0.9057451217943036
1924,0.08603578060865402,0.7787678282217287,0.6197597167441038,0.8334100291469739
1925,0.06077876687049866,0.4698500649314224,0.015211684652351011,0.26121458322853325
1927,0.05708643049001694,0.9051643633459051,0.8627295503773449,0.8755238210380498
1928,0.02004946582019329,0.6422620252955786,0.19656294112709777,0.49376234306098565
193,0.03080666810274124,0.9301254599443332,0.904384652448203,0.92544061715538
1930,0.13964980840682983,0.6288531171527418,0.6055515813746299,0.5814587811753887
1933,0.04120349511504173,0.4762504834921024,0.022637241664797348,0.32419960226976263
1934,0.09184576570987701,0.7785014087586539,0.5595654934132854,0.8162394960456373
1935,0.13396961987018585,0.575362712500134,0.19032970107726765,0.7558329508898447
1936,0.16745705902576447,0.6984351628041782,0.6169128887474356,0.6795452357099532
1937,0.06424640119075775,0.7864333624626956,0.4953063837367549,0.8869438774823094
1938,0.38764846324920654,0.3099670111474248,0.055023308697377815,0.2586785575451349
1939,0.029895402491092682,0.904405959569217,0.7421653411305393,0.9006850751103614
194,0.19694793224334717,0.5802217593477164,0.6432391120754947,0.6214645266796233
1940,0.010327723808586597,0.49966632101383524,0.003175866093377739,0.2965704657808409
1942,0.05434480682015419,0.884403850920514,0.7954901951404376,0.8660509738054849
1943,0.12467142939567566,0.7945278291208213,0.8346122154831456,0.795393488591327
1944,0.030930593609809875,0.5416425455153092,0.5723751151417349,0.5674988712568142
1946,0.07523513585329056,0.9200439569178922,0.7848433916783724,0.8634443290166829
1949,0.02894434705376625,0.8353413262995019,0.7228461098289521,0.8998245839167361
1951,0.043763238936662674,0.8444431531793233,0.6630992230644789,0.910350309443404
1952,0.05189962312579155,0.8465821469356694,0.6760412532567828,0.9070755689587373
1953,0.0425533726811409,0.7799450948314932,0.7186299860195166,0.8695979564089324
1954,0.08072629570960999,0.5364906070123882,0.09865354800824143,0.5828467232110347
1955,0.02959541790187359,0.48674383218573963,0.013517192107665194,0.25518189410169867
1956,0.013816037215292454,0.6496464763183977,0.6582571061152745,0.8324460850802203
1957,0.1540369838476181,0.6156136054015549,0.5116164184110638,0.638855909878332
1958,0.09449485689401627,0.8566053126121245,0.5913071989001161,0.8300459051478969
1959,0.050137586891651154,0.5229460062202121,0.17329539322410167,0.44222062637811765
196,0.14545093476772308,0.6132095219003918,0.30789529837331936,0.6314665760340759
1960,0.15097247064113617,0.6588834560871447,0.47769780143540963,0.6141309121278524
1961,0.11061190813779831,0.7040150651518685,0.6464035946274415,0.7262028857705978
1963,0.06829491257667542,0.7265794693263916,0.7460206046081188,0.7102175463863323
1965,0.01829058863222599,0.7461512947720067,0.2574836665816011,0.7244938779278769
1966,0.06813651323318481,0.5058936976545528,0.12497268280742466,0.38996721702843723
1969,0.04037293419241905,0.7946465409746337,0.7995981384007499,0.8961841335131823
197,0.28254854679107666,0.6748614445990491,0.6708680105954877,0.5753756356808616
1971,0.02798166498541832,0.9239042545697924,0.7765816229345369,0.919411771735571
1972,0.06432296335697174,0.8438375584720871,0.7327055853229759,0.881126108434197
1974,0.07616978883743286,0.7158525564243612,0.4817354550200626,0.8653570586894437
1975,0.024137355387210846,0.5557705506849183,0.06370183907670508,0.5403508516341046
1976,0.10263914614915848,0.5305709152139299,0.39199935179589546,0.4387158542644676
1977,0.1192309707403183,0.6837892636221516,0.5704318617903504,0.7402036803572583
1979,0.08546626567840576,0.8463337878947423,0.6830663346977357,0.8367299663644883
198,0.07816848158836365,0.6986853314601537,0.5176050241665834,0.6511909459988869
1980,0.029198354110121727,0.8312793543429318,0.6086752899134664,0.8960435853223324
1981,0.10413136333227158,0.8889823111585604,0.8365854264453945,0.838236359026541
1984,0.0072691114619374275,0.7626165757545702,0.4078546531457549,0.8598521496571492
1985,0.0636497512459755,0.4895731732552077,0.0904283429688515,0.3584286220289636
1986,0.2516930103302002,0.5470022191091517,0.6585329912202149,0.5516725739844812
1987,0.05141262710094452,0.8628914242764796,0.6561318436796133,0.918477034853445
199,0.12059549987316132,0.4147654801121924,0.007552322788464161,0.5299009060402511
1990,0.029605964198708534,0.8080316154752724,0.4622639031151472,0.8578969118334236
1992,0.09179233759641647,0.620586718731155,0.2626700742250954,0.712490460934706
1993,0.04634165018796921,0.7047140820134012,0.3363867554373443,0.8399049140278683
1994,0.05325242504477501,0.8393659932213762,0.7645960146646859,0.8996243401363687
1996,0.06990775465965271,0.6957235083077041,0.6803438760735468,0.7539687754559035
1997,0.022990580648183823,0.9465875043904307,0.8944069851287391,0.9117978899338042
1998,0.06925366818904877,0.7665354662265784,0.43064468081609714,0.8507057899835873
1999,0.13769853115081787,0.6282448818662594,0.6113133809443348,0.6448015204048663
2,0.12042221426963806,0.7978929033806879,0.7960017003706449,0.7368524497870241
2000,0.04101893678307533,0.8348573928925362,0.4790767551700195,0.8134497359597659
2001,0.0740116685628891,0.8541366336815386,0.7477577773526559,0.8858110054402839
2002,0.363037109375,0.35865934116672543,0.2733337068702604,0.3176655992091735
2003,0.08767326176166534,0.7565850085221594,0.6942416113938441,0.7474605020403964
2005,0.08588770031929016,0.6802838384877135,0.6333114140548203,0.817300568870843
2006,0.06082181632518768,0.8966959006331534,0.8146675718550951,0.9077728298068142
2007,0.037503164261579514,0.9296535826334378,0.7985180214308368,0.9179481829093691
2008,0.1274619698524475,0.5478775905819334,0.17952831361119664,0.6397419822814268
2009,0.024910053238272667,0.8029517025127048,0.533500588471481,0.8321628294810841
201,0.1043986901640892,0.6459751515527953,0.4464396095972929,0.8227498706725589
2011,0.11799515038728714,0.4543756245064928,0.10180328427091105,0.28058420673611395
2012,0.09195543825626373,0.8501292998006327,0.7348494306692231,0.7886785519269683
2013,0.03657902032136917,0.8225038985114689,0.7397207722578617,0.7864268018696354
2014,0.021834107115864754,0.8358143041165083,0.7413418610161626,0.9261944840884027
2015,0.022545866668224335,0.8471167083810621,0.8705751053972401,0.9008867882697345
2017,0.02605249360203743,0.7328918017372548,0.5485922066799013,0.7511883295828261
2018,0.0723818689584732,0.8350907319226587,0.7747695700295241,0.8547125359906852
2019,0.16957403719425201,0.6369122906615081,0.3586243554886902,0.7677488152131855
202,0.05860593169927597,0.47461248549658136,0.037212862010068244,0.2661223843301307
2020,0.027602292597293854,0.7747029669634312,0.3000425646819734,0.8249161608759554
2022,0.011376598849892616,0.8320940924964315,0.6965232417899073,0.9321624124238739
2023,0.04562617465853691,0.8481087435871463,0.7663767621396244,0.8725842453565822
2024,0.06599089503288269,0.8281714549583372,0.6134624900903856,0.8587863645497607
2025,0.060979388654232025,0.8315249346103712,0.7979258231647736,0.8721744242864031
2026,0.08224399387836456,0.6578983489609322,0.4685637614066206,0.617462976114018
2027,0.17990967631340027,0.7569688367858736,0.715815657953844,0.6690806519501676
2028,0.07758007943630219,0.7308125621157063,0.5506478527452753,0.6412124150796142
2029,0.03264348581433296,0.6791215168772904,0.4253083121385335,0.8135837002571047
2032,0.07594803720712662,0.4541185025148251,0.0013515699398706788,0.31846235998587336
2033,0.06654708832502365,0.7774620478538434,0.779892100121749,0.8241245980463526
2034,0.04430704563856125,0.853447834715745,0.6880315925364948,0.9100902091308621
2035,0.017013447359204292,0.9233667589669018,0.8050646322729219,0.928701073902265
2036,0.08290405571460724,0.7037687339646932,0.30245133063517665,0.8035320601641611
2037,0.07061824947595596,0.6360308391889556,0.21473180234257602,0.663672358323337
2038,0.011581801809370518,0.85681004140301,0.6875026365490383,0.8621954173989883
2039,0.18083342909812927,0.6704005790923742,0.6561991193534475,0.6152693151042522
204,0.05510972812771797,0.4572100810593653,0.013529072149021262,0.8504058431345891
2040,0.13385331630706787,0.6591862084431775,0.2956524254375859,0.7173126385395872
2041,0.055379945784807205,0.8520331087382118,0.7115655855675528,0.8800930326497349
2042,0.052939098328351974,0.8031275765658082,0.7372690954449542,0.8394692052509618
2043,0.09876909106969833,0.7632040627734573,0.7320345741945793,0.7906700957450247
2044,0.03227696567773819,0.5241834035024555,0.03986807768375502,0.3395540911312861
2045,0.03245975077152252,0.8773327974938829,0.7912526656362185,0.8864088880777381
2046,0.13368046283721924,0.6963117832024237,0.693446543904467,0.663665216995697
2047,0.05697306618094444,0.893371792317476,0.8563209313568131,0.8681173725699525
2048,0.08856341987848282,0.7607646440972677,0.43439318390488596,0.8303921113934333
2049,0.030242599546909332,0.8626177883798591,0.618701573313889,0.8995020774357937
2051,0.041874319314956665,0.8357729107899488,0.7392230969823483,0.8799293241156052
2052,0.023246590048074722,0.8035468951416895,0.4302176133876506,0.8295652163186977
2054,0.24417656660079956,0.5464504077144179,0.29556329098877526,0.5858784096720109
2055,0.12079548835754395,0.5704199872511322,0.15785051577607365,0.6034629665255689
2056,0.1517895609140396,0.7821930916890141,0.8312605098054172,0.7693999655386818
2057,0.059483274817466736,0.7763712920735992,0.5956408838246843,0.8664388808255796
2058,0.07779555767774582,0.7594161482592292,0.7273456077380452,0.7713449943616438
2059,0.0738905742764473,0.5635775584116867,0.12249396101109353,0.5631229383336102
206,0.06942175328731537,0.8844036987120936,0.864312844328528,0.8638136560937559
2060,0.0519254095852375,0.7216114741926637,0.5000546614340587,0.7794680864948532
2062,0.04163886979222298,0.8859848888062078,0.796081094982926,0.9094955092258954
2063,0.09222793579101562,0.8343328790306936,0.7395835983335768,0.8547314279730747
2064,0.030734775587916374,0.8515292144556252,0.6891064127117317,0.9094702941712457
2065,0.0452822670340538,0.5876259781701241,0.14210118057480126,0.6393523071472114
2066,0.036624304950237274,0.6757461626146449,0.6250458975385738,0.6682550622470563
2067,0.15461425483226776,0.6176290861402687,0.5297739486432566,0.5613765870804999
2068,0.03107929416000843,0.6959175492331547,0.6556105936550171,0.7488703191516717
2069,0.17549391090869904,0.41436416773263013,0.04230214818124546,0.25165422919761726
207,0.37186211347579956,0.4360540474036537,0.49456389785675575,0.3850809615018158
2070,0.0270763598382473,0.7927279257790849,0.5791617071880656,0.9078455172779287
2071,0.10485003888607025,0.8524509978636807,0.8519600436388455,0.8428676734159807
2072,0.019562367349863052,0.7639885826339832,0.6134854674027999,0.9319486181928098
2073,0.13843967020511627,0.671353350964944,0.7447829971930585,0.6843853984243674
2074,0.03573136776685715,0.9095075342159914,0.8647642962335742,0.8967188156045295
2075,0.019335923716425896,0.9177983894461812,0.8281244935925887,0.9384234298603207
2076,0.1614259034395218,0.6373016438884911,0.6951978947504062,0.6317623859609673
2077,0.09399441629648209,0.6691152149704589,0.24416091858445055,0.7255975736785807
2079,0.12478434294462204,0.7236871060330862,0.6685662265034392,0.8120993346476242
2081,0.14301998913288116,0.43044745985259314,0.019986942234679957,0.24945876159588593
2082,0.05899928882718086,0.550114210634252,0.06050717985557878,0.4662146613118977
2083,0.026803849264979362,0.5329905374168222,0.13975394400936822,0.8498790504998466
2084,0.05995652824640274,0.8957159735312495,0.8534832356317048,0.8761837190050477
2086,0.06172257289290428,0.7585732447998598,0.5846045079988695,0.8857765508623674
2088,0.01440601795911789,0.5094742345366342,0.012674468367885045,0.27125639386872247
2089,0.06694840639829636,0.6737109206327584,0.7089552359046174,0.6809279591299242
209,0.039998043328523636,0.7511600130912712,0.5750920029479849,0.8705336013259343
2093,0.07761002331972122,0.7504215565650498,0.47165323927619457,0.6003655704679268
2094,0.09976709634065628,0.8193477949247088,0.573177262538342,0.8276128135810391
2095,0.06149891018867493,0.5411498369332538,0.10699959916204878,0.743038948306553
2096,0.11869509518146515,0.7350583619935033,0.7440041293492373,0.6974997037507695
2098,0.1641307771205902,0.4552263444865126,0.2788438367321936,0.34181460874684744
2099,0.15074759721755981,0.665831432683096,0.358499974464356,0.7657026801117286
21,0.059717051684856415,0.6318209587708712,0.18496009228998686,0.5076038536680691
210,0.3131750226020813,0.6239936832433755,0.6565118843232315,0.5823671761565706
2100,0.08500445634126663,0.8623704649928945,0.807245425899437,0.8520781195892947
2101,0.05840058997273445,0.8053603876884948,0.6951463939424685,0.8397657166624124
2102,0.0679439976811409,0.8481362951850233,0.8025790870555084,0.8470240415680592
2103,0.04475080966949463,0.8562781247489396,0.860903816286784,0.9065683782999718
2104,0.09911792725324631,0.7002549737062345,0.49706356549256264,0.7947062765204553
2105,0.09380190819501877,0.7870747283455681,0.7101827597961238,0.8182107642448744
2109,0.09416260570287704,0.742025360475224,0.6780074898716385,0.679798379349638
211,0.09415755420923233,0.7671632793052723,0.5704524425378688,0.7369766107973483
2110,0.06908324360847473,0.8957890474788868,0.8360858299552929,0.8869408130862874
2111,0.11878541111946106,0.4602378536904625,0.16301244718719574,0.30067906510116865
2112,0.09276589751243591,0.7669599698638069,0.5271639985662939,0.8084582501503697
2113,0.21138691902160645,0.5986805845613081,0.6926690290938047,0.5669118663133969
2114,0.09039637446403503,0.8037860525549835,0.5710160840282213,0.8452025952240623
2115,0.049233876168727875,0.8259936141312718,0.7583738131031753,0.848776797173822
2116,0.10694601386785507,0.5712889556127903,0.16374408649962285,0.6839121004027884
2117,0.03770296275615692,0.8591987433733854,0.6323776979359851,0.8643089215019035
2118,0.09752977639436722,0.81916609480834,0.5941819712509442,0.7631960454953821
2119,0.1990363597869873,0.5141246211899049,0.48126439920360037,0.4234798443353255
2120,0.07770226895809174,0.5259175538134037,0.07685639677417566,0.6849414151836883
2121,0.05904648080468178,0.7527545096030107,0.4792411992365296,0.8068365608728816
2122,0.35772621631622314,0.32682826513782115,0.07582999013977358,0.26312669236458014
2123,0.13345713913440704,0.4229238051167606,0.00914467117650316,0.26797118541307097
2125,0.04331337288022041,0.8917733482855202,0.7846406727104781,0.9250961689245882
2126,0.10667824000120163,0.8026818016840092,0.6152485025992764,0.858896380196903
2127,0.11668479442596436,0.6443996244959282,0.32725193617064013,0.7537216671267278
2128,0.026394451037049294,0.8864133845187583,0.5710725915067446,0.7562221392608375
2129,0.05035250633955002,0.7913303248174149,0.6819831075573598,0.8086890623778845
2130,0.0325874388217926,0.7610822976324798,0.6526500663698362,0.800131866932535
2132,0.11723095178604126,0.7381907146966766,0.6404148386302764,0.7593042830022252
2133,0.09834476560354233,0.5040475235207588,0.08729712563073569,0.6253098592192833
2134,0.1001344546675682,0.5767314941171052,0.47428914114081594,0.4427136835997107
2135,0.04340473562479019,0.8970579733414247,0.8273590019443442,0.9180974901955424
2137,0.08527008444070816,0.7687152537746755,0.7587858941142647,0.8170697197640401
2138,0.06603412330150604,0.9062327068312404,0.8337767424498441,0.8844367961644397
214,0.09273490309715271,0.871455858797943,0.7164525369217755,0.8578725394396804
2140,0.09716043621301651,0.7578272098919521,0.682231924698826,0.8172166080391274
2141,0.04723544791340828,0.8935683065742632,0.8357795418239065,0.9151122184960582
2143,0.2153080701828003,0.580927717987185,0.5935296205401669,0.5195056035814235
2144,0.05323032662272453,0.8662792182191312,0.7448078598354277,0.774742668169421
2146,0.06623706221580505,0.8402603890604049,0.7071320121831083,0.8922658186796277
2147,0.08813783526420593,0.7302552435352618,0.5072605324826724,0.8379808176354211
2148,0.2881649136543274,0.554044311284778,0.6782337681285743,0.554487545459158
2150,0.06511148810386658,0.8786742112117154,0.7522798429004086,0.8765676030563085
2151,0.19425681233406067,0.6556943448357659,0.7635186592436458,0.6651070572272668
2152,0.08415550738573074,0.8177191074294007,0.6374441899611002,0.8292359650453343
2153,0.02821967378258705,0.7955874002769165,0.722776067606521,0.8494148460559741
2154,0.042066264897584915,0.9145692958665834,0.8734427123864589,0.8953567724001812
2155,0.02669128216803074,0.9261637174959214,0.8796950557552123,0.9472075008341707
2156,0.0932459756731987,0.7799333349464772,0.5286148439408458,0.8418583716368501
2157,0.053718842566013336,0.7356645202507514,0.5061846941966796,0.8320641838052414
2158,0.04635590687394142,0.5432045335386383,0.12111103334331542,0.5002586814949912
2159,0.0723467767238617,0.8779359193965857,0.7092429066055389,0.884378738667801
216,0.056309644132852554,0.8738217854394941,0.771246600182017,0.8349264831748671
2161,0.027255158871412277,0.6210406375727732,0.29613026499490847,0.8370706199447211
2162,0.23795194923877716,0.7334986220780142,0.7625547502267582,0.7010678730190089
2163,0.09535867720842361,0.8105438202566162,0.6221831188132563,0.8071567466299104
2164,0.07285606116056442,0.714917826016363,0.39068027003530703,0.8163204146832029
2165,0.06186557561159134,0.8567934345958563,0.7688723215199349,0.7930556902855725
2166,0.035539284348487854,0.9350457513921924,0.877690988546122,0.9292503290886394
2167,0.13582991063594818,0.409782115818828,0.027935590723218953,0.6980346726529607
2168,0.08891322463750839,0.5074259326357304,0.12213687637015731,0.41990476170787105
2169,0.04137250408530235,0.8065451853627716,0.5651419076566697,0.8984429439199436
217,0.06796935200691223,0.7076437876410182,0.49482671163503555,0.8830353394324184
2171,0.11012681573629379,0.7952931742109638,0.5886014109192064,0.8131641838339092
2172,0.04199790954589844,0.8510258511477742,0.7428168269461748,0.8938808736520527
2173,0.04590141400694847,0.9204215494826031,0.6906626441304566,0.9163320339948451
2175,0.13239948451519012,0.6806956058803073,0.35168326149127105,0.7516386110126654
2177,0.0329226553440094,0.8245395054728513,0.6623904678034634,0.7605975217096792
2178,0.062390901148319244,0.7382164040006591,0.6915188531315565,0.7453656686998507
2179,0.06032527610659599,0.8827051660353353,0.7746733384801032,0.8861623131891925
2180,0.24431239068508148,0.3830875273124352,0.08530270531833001,0.26835079548188556
2183,0.02654149755835533,0.8379550779952751,0.7105973860017983,0.936495976156499
2184,0.10462328046560287,0.7979357210718454,0.7970773900173683,0.8086097442692876
2185,0.3809775114059448,0.5455752025103575,0.749233361350434,0.48214711469551963
2186,0.0842098742723465,0.650249439369281,0.3018966891948069,0.781865572532911
2187,0.0751519426703453,0.706054545649708,0.5829750752793138,0.6784242234694963
2188,0.09484228491783142,0.7889225356000917,0.6371378630890342,0.7475051343432448
2189,0.040489550679922104,0.8240773483788408,0.7387729368296659,0.8744678229323131
219,0.09812095761299133,0.8770436566070048,0.8173667772525431,0.8457822657331935
2190,0.054671600461006165,0.803590240778099,0.6078228477655142,0.838247703582585
2191,0.053670357912778854,0.8885789582781881,0.8027876564172101,0.9083409544555401
2192,0.05895286053419113,0.6191275450496265,0.3415907974581093,0.7479848818890729
2194,0.011714591644704342,0.9295474917831249,0.8907937426158722,0.9468876531934146
2195,0.145893856883049,0.5145432142880073,0.047265763142074375,0.38571831925880307
2196,0.036513302475214005,0.9116322988547692,0.7849179840143812,0.9177874156967094
2198,0.033179957419633865,0.723812729463317,0.4028299758686058,0.6025954231426943
2199,0.056215550750494,0.8127641185343071,0.5627057409519144,0.8849376546991314
220,0.0452602319419384,0.47614165227110655,0.03593716007700949,0.2778374469402366
2200,0.17587201297283173,0.5359850797383258,0.3716262083951251,0.38008957917342967
2201,0.03619728237390518,0.625580023184943,0.2271266183831158,0.6961473186982137
2202,0.066879503428936,0.8407701424026015,0.8515194532522978,0.871057322056622
2204,0.10437024384737015,0.6722537821061799,0.5306451274485059,0.6840759699000083
2205,0.10518713295459747,0.8144148719965514,0.7628563061160535,0.7673287366928938
2206,0.09149978309869766,0.8484074436593058,0.7392519363493014,0.8103753431980385
2207,0.172964945435524,0.522803259669289,0.3833592112140738,0.5912149968528069
2208,0.03496713563799858,0.7696562417614459,0.6428928783499119,0.9189802462844261
2209,0.0783081203699112,0.6264615152770032,0.4996211530082961,0.5744585246616877
221,0.10489244014024734,0.4585454055511954,0.02896617140423939,0.4127332184135357
2211,0.04888397082686424,0.8603514141634774,0.7729180296286703,0.9104053360086498
2212,0.052375003695487976,0.8190570097087178,0.5318422720379562,0.8553406501059139
2213,0.024569431319832802,0.6743157105337458,0.5806779170168033,0.7127633269089378
2214,0.12667830288410187,0.7673905873017299,0.5900359482710944,0.7965488694081655
2215,0.10297545045614243,0.7715833416213761,0.607778801615079,0.8686873953941534
2216,0.034254103899002075,0.8895948956314426,0.8078716035167858,0.9180204479190944
2217,0.12324531376361847,0.5982809533024329,0.557028717832984,0.5430698789179708
2218,0.07644952088594437,0.8329546917305697,0.7796072636634839,0.7927766333440583
2219,0.3087795674800873,0.4119509148600671,0.3527138899918342,0.3492143404327313
222,0.14579154551029205,0.7982924828157083,0.808912292567876,0.6988418774271127
2220,0.05382678285241127,0.6769854221767296,0.3326046288545382,0.7691472057056434
2221,0.062341827899217606,0.8532942558425365,0.6842236042598722,0.891849919927613
2222,0.08754707872867584,0.8272600726487166,0.7530763166804254,0.8577006723519734
2223,0.052159618586301804,0.47635202272493343,0.017581175588892144,0.2526228100693475
2226,0.023160027340054512,0.9202382583731333,0.8910525327524883,0.9274295976189543
2227,0.028980731964111328,0.8878164806623969,0.5784827583885793,0.9022262830840163
2229,0.04427003115415573,0.8583991626215599,0.821463783776298,0.8535749556260893
2230,0.06500404328107834,0.8787065088056722,0.7232903649135338,0.8689311335487162
2232,0.06031787022948265,0.8732810587029095,0.8048524333801693,0.8785914750594435
2233,0.07624676823616028,0.681625586385004,0.3754347208939245,0.7420467556321317
2234,0.05629032850265503,0.7856041667003586,0.713241419423157,0.793818098136015
2235,0.03811441734433174,0.9212746747101553,0.7945016274780133,0.9185496742694991
2236,0.08616532385349274,0.7237144819857646,0.41818621344531903,0.8106558110871087
2237,0.039727889001369476,0.6631204265551622,0.47400674180827557,0.7970769966355187
2238,0.15912193059921265,0.5859694477411007,0.18528131499549505,0.5827461335681
2239,0.09251033514738083,0.6756268029826658,0.3387155898500467,0.7769938471915856
2240,0.15188796818256378,0.522921160874774,0.17749759846497035,0.5112042864861357
2242,0.07195992022752762,0.7977572174975068,0.7305839496518548,0.8463119901067924
2243,0.007621522061526775,0.9166031877286251,0.7412380026508142,0.9324254451248808
2244,0.1578017771244049,0.44996261779581637,0.04066864998646509,0.4325563087347972
2245,0.25222793221473694,0.477302164230488,0.4993576782720428,0.4293212082851031
2246,0.028268033638596535,0.9478983636364091,0.8312977790805403,0.9435498046787432
2247,0.06488125026226044,0.7215039680779327,0.6822454330491035,0.8137456877593571
2248,0.07054178416728973,0.7257564134426071,0.6592344520847742,0.7367994946248799
2249,0.15138283371925354,0.6804004091589082,0.5979865584107876,0.624276886254301
2250,0.12074199318885803,0.5079154700676602,0.32495565137688665,0.4232688012673429
2252,0.08181998878717422,0.5795887038282868,0.3961471347924845,0.4369368210238873
2253,0.10561100393533707,0.7410186513903658,0.729235765862289,0.681363635480718
2254,0.12840938568115234,0.8250157501613032,0.7999587504662297,0.8025324880463144
2255,0.11044941842556,0.6374902751216435,0.5841452609878166,0.605315580855235
2256,0.04318225383758545,0.8625865821935466,0.710254095052592,0.883929662037851
2257,0.07318071275949478,0.5785634985434899,0.39961436196010347,0.5769434636223338
2258,0.11921019107103348,0.6650199107105033,0.5092229328687595,0.8083549789474159
2259,0.044488999992609024,0.7757163782252793,0.651592025430038,0.886382506338057
226,0.12805059552192688,0.6027864207086298,0.4803484130149209,0.5244435930745368
2260,0.08329381793737411,0.8453842713967725,0.837861941208319,0.850253519630187
2261,0.13682644069194794,0.6579566291535398,0.28208341389313574,0.6929518830090152
2263,0.0853092223405838,0.6948566648097475,0.5773800750847593,0.6797353917291303
2264,0.09888993948698044,0.6341600618746317,0.4325829114818473,0.5490890220504987
2265,0.20080597698688507,0.674363089414548,0.7132660254704793,0.6216113499347524
2266,0.15987031161785126,0.4344360814859644,0.0614901474088163,0.46295092305110375
2267,0.038870669901371,0.4830876685604274,0.018707546577532045,0.25264605797421036
2268,0.02034507319331169,0.9483242285110123,0.8840841405571583,0.952436415548802
2269,0.062424637377262115,0.825821300795732,0.731974887948507,0.7982667696294892
2270,0.07174215465784073,0.8592502594872466,0.6954216097170349,0.8754404083677565
2271,0.044084612280130386,0.896811387625105,0.802841935098799,0.905232488956945
2272,0.12135057896375656,0.6987110322982194,0.6725512389450888,0.6846994729431548
2273,0.04426974058151245,0.6805731845056834,0.17460759003588808,0.5571003870910363
2274,0.14856135845184326,0.7710383657234836,0.6611193495747493,0.7300622009746763
2276,0.07043091952800751,0.7792370207253227,0.8161948431362035,0.8176974220659217
2277,0.21325714886188507,0.6987203669286348,0.7149439232632236,0.6409699211262283
2279,0.06170285865664482,0.8647600764882971,0.6347772266086994,0.829964696245102
228,0.10406780242919922,0.8086521189608352,0.706754459409337,0.8348594452662166
2280,0.09832698851823807,0.5580220931528358,0.39699515727287576,0.4593737012622584
2281,0.1257045865058899,0.7317390281265762,0.6563342441570312,0.730995566971495
2282,0.11103955656290054,0.5412808930104003,0.3150914574659676,0.6266544369562912
2284,0.11316867917776108,0.4798122584997348,0.30157323632883365,0.3764890357886439
2285,0.38077837228775024,0.46990815534586067,0.5100059378169809,0.3936043264286069
2286,0.16933193802833557,0.6690494315897852,0.5143244475968585,0.5645110498928022
2287,0.11050260066986084,0.6879654867369153,0.41827886801676506,0.6162373368188568
2288,0.019829116761684418,0.8365457217666481,0.6024194367406687,0.931338235628511
2289,0.13007457554340363,0.7292012703614048,0.6903053618565088,0.6828377650128706
229,0.1367090940475464,0.8301280151450947,0.718388771211164,0.8294275063132861
2290,0.03809007629752159,0.8999967925490597,0.759855609666125,0.9195681477949147
2291,0.05436523258686066,0.9230242127879407,0.8608876904324035,0.8849776052581031
2293,0.06292130053043365,0.8957717774722784,0.7379176908717286,0.8673745061935277
2294,0.029577575623989105,0.7687750705478711,0.7031733324961351,0.8309136600433904
2295,0.07402504235506058,0.8232681488075864,0.6736734245554272,0.8934101399671007
2296,0.06549178063869476,0.6835478113993283,0.652876526374418,0.6645144471433162
2297,0.2381528615951538,0.3904952485544319,0.12434396115299308,0.3682407764391924
2298,0.09823188930749893,0.7900786749463049,0.7318987002666671,0.7889251182458761
2299,0.056177034974098206,0.7238272084177856,0.23675776976290655,0.6203569738730943
23,0.01033691130578518,0.5073153095191937,0.01305783485144563,0.2615630152747863
230,0.22432458400726318,0.5253329646476635,0.23657444940245054,0.6070692388548943
2300,0.06443393230438232,0.8057136957450224,0.7345070409351513,0.8676772946277178
2301,0.033840764313936234,0.7514113365524817,0.6928302519262777,0.8269256642742757
2302,0.21097329258918762,0.624202585686857,0.5913438164498233,0.6092460250145555
2303,0.05610508844256401,0.9123180160141022,0.8757009325154266,0.8926276527729289
2305,0.10890092700719833,0.7689805927026374,0.5849840240847098,0.7925424127049799
2306,0.05495624616742134,0.8714007777227912,0.7477682568505568,0.8896406820985356
2307,0.07292675971984863,0.7333379811666121,0.6556942058238872,0.782497026652344
2310,0.03711477294564247,0.8476700693040768,0.7575153908459047,0.8064603204754
2311,0.0329035148024559,0.8481020738901965,0.7361551044404422,0.9143304750906531
2312,0.11757587641477585,0.7538455674276197,0.816901255218022,0.7889254399628842
2313,0.11621075868606567,0.8131126797652808,0.7362415036657364,0.7354516555230893
2314,0.10679987072944641,0.7041907524224401,0.5143772092166845,0.7617834068614389
2316,0.12347821146249771,0.7622734224907048,0.7161123399256442,0.7635478886526423
2317,0.056770116090774536,0.6150198078910311,0.21554100531328038,0.805670552666653
2318,0.047366876155138016,0.5245536468100084,0.0972453031488412,0.3705134515764358
2319,0.09139833599328995,0.6560461621846,0.3012944827750041,0.7277124634407468
232,0.12410625070333481,0.63770327809506,0.5663500260795588,0.6746303527252648
2320,0.029340552166104317,0.660774129362286,0.6213049451880945,0.7922135599570153
2321,0.05678350105881691,0.8512586738764558,0.658338822202603,0.8666388833178451
2322,0.0504927895963192,0.678202663598918,0.5716697482257949,0.6830787521943965
2323,0.040192198008298874,0.537699750009023,0.052294948379241035,0.31554654058790566
2324,0.11382507532835007,0.5068009015655652,0.14745225220714037,0.7253646906933362
2325,0.061567772179841995,0.9082793079324761,0.7936837552723518,0.8828977302511132
2326,0.05210311338305473,0.888657228716974,0.8089538390789103,0.9030537026910485
2327,0.15870007872581482,0.6892189841506154,0.6578229887954139,0.715435437771083
2328,0.23105619847774506,0.5061252080573772,0.18470177741079663,0.7072439857554292
2329,0.07359796017408371,0.8961506867846765,0.662065951080832,0.8288258710096674
233,0.19028154015541077,0.5411974696852344,0.40264786672930347,0.4645883067005451
2330,0.03784826770424843,0.7494892101399289,0.374202821015809,0.8636704997762785
2331,0.02719445340335369,0.4766692802548358,0.0063660939649841635,0.43504160282886073
2332,0.07031357288360596,0.9305669088316878,0.9003841467021556,0.8945206613522874
2333,0.02550770342350006,0.8339727348266308,0.6396042304392363,0.9182185926494528
2334,0.3051382005214691,0.36268582576705927,0.1457659356489654,0.2816190256274277
2335,0.044284552335739136,0.866133102887162,0.748573885796421,0.9078449794661869
2336,0.1461503952741623,0.7856088660633314,0.8143064172444388,0.7769344586780138
2337,0.07941193878650665,0.7979103073529183,0.7988782938425315,0.808876500849119
2338,0.04069932922720909,0.8077514969863129,0.8206247458854692,0.8895786192004529
2339,0.1507626324892044,0.705122890114195,0.5949016449954296,0.7844347198260835
2340,0.043306078761816025,0.734802994072443,0.4658108714420848,0.8713246845589633
2341,0.12815681099891663,0.8190039258729109,0.7377451363237038,0.8106952939485007
2342,0.0724337100982666,0.6372048533620357,0.43927539683387434,0.5611180133598477
2343,0.06170389801263809,0.894371155616591,0.8842902388350397,0.8710467165162553
2344,0.11240751296281815,0.8289951647727442,0.8110272106832332,0.7914696580565113
2345,0.12581536173820496,0.8859106283950186,0.7919480640817251,0.7890749807299677
2346,0.15557146072387695,0.6536847206443472,0.33642542175434614,0.6687342920674622
2347,0.044864460825920105,0.5150928225560794,0.09251051484339876,0.3189413909892248
2348,0.10002660006284714,0.8038047527932659,0.8271311956076645,0.7831909139809657
2349,0.06659117341041565,0.6287989191261821,0.4340235261176031,0.5645776175495637
235,0.028118498623371124,0.49831501986241333,0.041761866291054286,0.2759824963977313
2350,0.06066655367612839,0.879927420083825,0.728643428873134,0.8808306260317162
2351,0.10098142176866531,0.8334173759501291,0.6465471624621565,0.8257396717250758
2352,0.10867078602313995,0.4478608518864318,0.048122342485859324,0.2618547302187261
2353,0.04269438236951828,0.8878470620370262,0.7218357089722781,0.899764473494251
2354,0.09114360809326172,0.6529275241645327,0.2839896739100153,0.6616171329791223
2355,0.027172647416591644,0.7654534226475084,0.513283001087342,0.8803933945119908
2357,0.07512607425451279,0.8360110652816957,0.7225593046508919,0.7761698080127435
2358,0.10241106152534485,0.6995625646958867,0.6902786953755639,0.6458690613305018
2359,0.21190543472766876,0.4076871882184729,0.1849132004834728,0.29715343354628865
236,0.019465915858745575,0.8670317533713339,0.7433939348918439,0.8798788839182989
2361,0.10198111087083817,0.538486338665878,0.1640747359490986,0.6952969669855872
2362,0.04563290253281593,0.7618612288198141,0.43498733468483736,0.7945633255475675
2363,0.060761913657188416,0.7150735231971819,0.4522160614240937,0.8547584998251042
2364,0.07806606590747833,0.7215541563997298,0.3459319784779133,0.7699753825752438
2365,0.055204007774591446,0.47802512364792654,0.06111746473635746,0.27039300392301613
2366,0.04984953999519348,0.8054631288387322,0.5688101967623705,0.8864746397330195
2367,0.0632849708199501,0.8492610576590978,0.6868521761861835,0.8692370123475636
2368,0.11151452362537384,0.6252685815113164,0.5454194547330222,0.5986039358194908
2372,0.019573628902435303,0.944372242647187,0.8905635309971702,0.9475553205901691
2373,0.15001077950000763,0.7785629111974898,0.811902726432987,0.7284637111278448
2374,0.19134116172790527,0.637716973437863,0.23999198520810974,0.6118241840599528
2375,0.2825278043746948,0.6211318826722365,0.7568406493848105,0.5877894895510708
2376,0.0953117311000824,0.7159242960775573,0.4474333906205823,0.7367606571538385
2377,0.026390496641397476,0.9437334197097484,0.8070952046330837,0.9359754084516231
2378,0.08444511145353317,0.6008630483802916,0.3004570196466515,0.6578185181652936
2379,0.15741080045700073,0.6594349431898484,0.49002869621453093,0.5821920971385194
238,0.3797290325164795,0.5894721421502539,0.7622766228299998,0.4827607782315231
2380,0.041873104870319366,0.8261364677127783,0.654087920146325,0.8952853974528636
2381,0.04806189611554146,0.9187269631982107,0.8818964272445318,0.9216714889027731
2382,0.12927033007144928,0.69035195046574,0.5623576994511904,0.7789869886026188
2383,0.016903670504689217,0.9377789326835604,0.8428281453887803,0.9274398499241245
2384,0.12585553526878357,0.6024174028910152,0.11202042878103778,0.4982049817669908
2385,0.04890643432736397,0.8759126668592125,0.7633861282622956,0.9268084418277038
2386,0.04299761354923248,0.8526077568171615,0.6789431349786668,0.8877946651868027
2387,0.07016291469335556,0.5399342409976566,0.0445785853451704,0.37253137397386116
2388,0.07446539402008057,0.8069004838574203,0.7366734709518856,0.7718090779857876
2391,0.07898004353046417,0.8895532968774282,0.7427931137495253,0.8685730455279183
2393,0.08420795202255249,0.6867062887890991,0.5578661191623552,0.6693732657360709
2394,0.03597479686141014,0.9271670593190968,0.8668707605845095,0.9361121846780477
2395,0.09956103563308716,0.8706920140377981,0.7784539346693028,0.8430919860167798
2396,0.031224709004163742,0.7958576434984164,0.4741827818444785,0.8751623797428999
2397,0.08766914904117584,0.7034142553109137,0.5082087709014699,0.563646328663131
2398,0.0375632606446743,0.7964008090455901,0.4692304611461714,0.851143448909384
2399,0.02345094084739685,0.8874384606688126,0.8021848165049733,0.9216424589868996
24,0.07086198776960373,0.6498449577404569,0.24543314843720596,0.6976366340944452
240,0.09423734992742538,0.7993736944832528,0.7295972268762544,0.815856558056502
2400,0.05754508078098297,0.7640267209515528,0.6966489694799005,0.8141138492904095
2401,0.057897984981536865,0.5340176538748709,0.29134444050691255,0.4833579204166045
2402,0.0702604129910469,0.8171430456067821,0.7685251882483843,0.8596619511881244
2403,0.06642886251211166,0.6734148117969421,0.2284989740259857,0.6152631923594616
2404,0.06888758391141891,0.8354807294817438,0.6682211562326221,0.8769149536655569
2405,0.1456882208585739,0.7212680661535418,0.6083119391416135,0.720199094713365
2406,0.06147879362106323,0.6355139568607737,0.116406710149465,0.5184149904017527
2408,0.031511493027210236,0.9443472661813663,0.8270770755698293,0.907561504642598
2409,0.06902100145816803,0.8964168387516449,0.8253471910493588,0.8783981447536429
241,0.03525989130139351,0.4796302982240922,0.012181249701963201,0.6702920800405752
2410,0.12086617201566696,0.7351244718879736,0.7337619825415884,0.7549905496156224
2411,0.37234020233154297,0.5089107265287038,0.4348969522914625,0.41029639288645725
2412,0.09352561086416245,0.8362888486047267,0.569474050062809,0.8491757755922027
2413,0.0736621767282486,0.7425023405919435,0.32611924326645325,0.7253091016493423
2414,0.13099431991577148,0.7666498452751667,0.7591972623355414,0.817482412461096
2415,0.09267976880073547,0.8145551720037569,0.7057324247373493,0.8664360380123344
2417,0.14475786685943604,0.6119950331208546,0.5480820906234453,0.5888963677098803
2419,0.13413722813129425,0.6763377860954615,0.41794655163631506,0.7403836161014113
242,0.15256360173225403,0.733497837884319,0.7362341297369798,0.7032257046386049
2420,0.08346661180257797,0.8468737805010931,0.764630150352156,0.8476278825400537
2422,0.033806491643190384,0.6819004285510428,0.6506669653197223,0.6570205124342416
2423,0.27427545189857483,0.3672985006120674,0.06466255740529733,0.2593588336302334
2424,0.08713977038860321,0.8830062509381613,0.6351158840202153,0.7394296239941174
2425,0.2258976846933365,0.7403428124072934,0.8248022722418102,0.6944209781447933
2426,0.1306203007698059,0.825398891297307,0.799420752888533,0.7769989266903353
2428,0.18618537485599518,0.41209792424645714,0.06734691820441019,0.26536022845760177
243,0.18157243728637695,0.737918898425755,0.8113737859939659,0.7037020560578329
2431,0.031052622944116592,0.9055503342901692,0.7324230543218049,0.9169175329806107
2433,0.09202121943235397,0.46732911215597034,0.14167991696547427,0.2925114731132896
2434,0.07466002553701401,0.780850107941255,0.46064083945523626,0.821039282044948
2435,0.316593736410141,0.43534723161684996,0.46365222795092675,0.3921336448151206
2436,0.062363382428884506,0.708446644601926,0.3000378400125836,0.6979098090539728
2437,0.22252416610717773,0.39097346678647354,0.031634020107631514,0.25246033256924316
244,0.10560474544763565,0.6929773928325098,0.5200073228235138,0.8640883597462139
2441,0.13407287001609802,0.6524655852186352,0.6709246390099408,0.6075110683805962
2442,0.08853505551815033,0.8692340010822893,0.6644504519836175,0.8552731563330866
2445,0.06109858304262161,0.8978172297716394,0.7943182828416137,0.9067457667290458
2446,0.15815696120262146,0.712056376383799,0.7347083962107838,0.6752249441977568
2449,0.5165716409683228,0.24390428663311028,0.03378912550330113,0.25091804354512426
245,0.11592729389667511,0.5201991009313389,0.32998020417291657,0.5030089006264057
2450,0.30719828605651855,0.46169215548813325,0.4147077782241702,0.383760111569487
2451,0.1068931519985199,0.6848152157782273,0.4907314248030075,0.6742584616429161
2452,0.05026453733444214,0.8800748968478449,0.58934184749561,0.8465420844909723
2453,0.2972801923751831,0.5621007803777305,0.6220918380244517,0.4917432914760896
2454,0.1793118715286255,0.49504238363727004,0.34343510574811037,0.39631529127824594
2456,0.13838371634483337,0.7190117965155733,0.48317376376493093,0.7544996915735724
2457,0.16752400994300842,0.42125486683885266,0.07689525949435704,0.26499520210141536
2458,0.10198180377483368,0.8186208230854157,0.6854864998097437,0.852826598846339
2459,0.13538402318954468,0.7482835081394748,0.566636127038999,0.7540845811718782
2460,0.18561142683029175,0.800473101051162,0.7270805359715975,0.7075199601423381
2462,0.23374809324741364,0.5531050554219421,0.4767281412560733,0.42635646721468135
2464,0.031071603298187256,0.47207575853866074,0.006011802117306519,0.6987097141594494
2465,0.17253215610980988,0.8182446792081488,0.748077831895004,0.7213345936767765
2467,0.1491827517747879,0.762878481531289,0.7394598382684333,0.7002216201115906
2468,0.13329942524433136,0.686859249085082,0.4977762761473483,0.7811789643746616
2469,0.03485768288373947,0.9072530065408844,0.6844935003549316,0.898207266725258
2470,0.04060756415128708,0.7678998499125946,0.4754970381609781,0.8306334180407343
2471,0.36593732237815857,0.6014010654366146,0.7341818079557487,0.5107123221294205
2473,0.12885430455207825,0.8426846223936453,0.7738900667285791,0.8110228441962992
2474,0.10182566940784454,0.8825992974258552,0.8015192648190074,0.799798003190535
2475,0.10854507982730865,0.8270403758993534,0.5528422458843639,0.74070351972391
2476,0.263139009475708,0.46504052789243994,0.3533965580163806,0.395207411063371
2477,0.14826714992523193,0.7857226031136452,0.3954667892921336,0.713774294705305
2478,0.12960927188396454,0.4377052260599848,0.024302099000033033,0.2515869022901892
2479,0.10439736396074295,0.8163915294519766,0.7769681809284615,0.7541706499947167
2480,0.17108911275863647,0.41656625983004025,0.021749862885104634,0.2505656402189743
2482,0.14851270616054535,0.6474790975832376,0.566804140672984,0.5508719421121258
2483,0.06900443881750107,0.8369299671515835,0.805507556271859,0.832781835067938
2484,0.047043245285749435,0.8805506055142662,0.583624625019412,0.8709094647088936
2486,0.11396563053131104,0.75462496002523,0.7676038011315088,0.7817385814414548
2487,0.1511869728565216,0.7659060797554722,0.4451525615190573,0.7435341312356162
2488,0.22627779841423035,0.5582200392729999,0.49773330955204714,0.4645452225410641
2489,0.21033069491386414,0.6332231393057914,0.5693595548498129,0.534257003442643
249,0.03295407071709633,0.8896433453658517,0.5515604299365332,0.8613216165403599
2490,0.12249255925416946,0.5069640756146299,0.41083279005600915,0.40013214383204837
2491,0.12760834395885468,0.7622115466728471,0.44521934311352984,0.764349595241397
2492,0.12825274467468262,0.6778470415909579,0.6097900397451496,0.5654977288615631
2495,0.19900965690612793,0.6544617315478185,0.5663121694896275,0.6906521645376203
2496,0.13759006559848785,0.43297930939637325,0.04812314180758345,0.2558018623011356
2497,0.06964689493179321,0.8830120764432146,0.8385632323939699,0.8641603702238568
2498,0.016838081181049347,0.6353310207938752,0.6458153645981852,0.8092015932688666
25,0.6815468072891235,0.20120619915037571,0.2929822274439486,0.24147509402352138
2500,0.08050063997507095,0.8571503109951903,0.7337510145468582,0.7730102437531423
2502,0.11019433289766312,0.8412752531788326,0.6977603694976375,0.7655532981725346
2503,0.15003593266010284,0.43577966333169627,0.09254968771098826,0.2749586136219233
2504,0.0748298168182373,0.7952459850606008,0.7360427848510427,0.8220087397624478
2506,0.09638157486915588,0.7634063934308841,0.5335001425610522,0.8459858804829596
251,0.17482899129390717,0.4159651079429794,0.04638906516783364,0.256796143832469
2515,0.14380666613578796,0.8022508753184752,0.6934887390399602,0.8104756223246901
2522,0.05947575345635414,0.47253741728359616,0.01546505932300935,0.24981527189261446
2528,0.049643535166978836,0.90063686893963,0.6225089849720973,0.8749117069271239
253,0.040818918496370316,0.8552256619831372,0.746860460928759,0.8907133789061669
2530,0.02719421498477459,0.9379739496116255,0.8499792793613481,0.9146181566929439
2531,0.11371000111103058,0.6792766344571532,0.47189840659378157,0.7560342197370533
2532,0.23325204849243164,0.5699312472695357,0.21891400198445093,0.5747829089894085
2533,0.1253838986158371,0.744918170972262,0.3545891891489332,0.6954018417582774
2534,0.11921508610248566,0.7947858048793773,0.7023742346731924,0.8119069102988865
2535,0.1921972930431366,0.7615285747974669,0.5731319170711133,0.689062211173448
2536,0.09100327640771866,0.6331737577716077,0.33165242907482334,0.5838788369252862
2539,0.13110876083374023,0.6913981097254072,0.6980600161383748,0.7091838968884858
254,0.2947712242603302,0.3552618499532878,0.022492224623849123,0.24983014350791602
2540,0.12697896361351013,0.8123904799813724,0.7646803149424695,0.8038562574534192
2541,0.09237251430749893,0.8862049681291542,0.7785933288063627,0.8522536756153583
2542,0.18660229444503784,0.765893209654799,0.8095331824845081,0.7405906814374129
2543,0.11295310407876968,0.7290771615885547,0.5730200108355845,0.662917063668157
2544,0.039420295506715775,0.8927199444190042,0.6723168671479779,0.8908656110809186
2545,0.06628582626581192,0.8420802126093635,0.6001319465615627,0.8786921292531094
2547,0.044587939977645874,0.8732770794378469,0.7151401012644091,0.8937484996062236
2548,0.21974235773086548,0.6995213968645467,0.7709758356394284,0.6794797535432148
2549,0.04786066710948944,0.4930136363572255,0.06617000868537094,0.37523268996183723
255,0.02393483556807041,0.9299837976084617,0.8137911328350538,0.9393181079115555
2550,0.10577438771724701,0.7296037180252573,0.7023816608074284,0.7701798440579402
2551,0.15361261367797852,0.7887984725851891,0.8131586866870314,0.754093138413925
2552,0.08868426829576492,0.4575699201901938,0.02221002317498862,0.25408648207760165
2553,0.053031761199235916,0.6363235456207162,0.3982377725641159,0.48712813082617323
2554,0.1273926943540573,0.6492757848456117,0.2784213221293773,0.587543956642996
2555,0.08631488680839539,0.8747895593440942,0.8363464909518726,0.8561194629068745
2557,0.1101870983839035,0.5298428607374391,0.19738696570230077,0.43268720462386834
2558,0.10350854694843292,0.8789738310836576,0.5858720764206478,0.8040464112491976
2559,0.051827576011419296,0.788454092398811,0.5180849866284349,0.856454442488025
256,0.17457939684391022,0.43312610929837164,0.22795109170869762,0.3658018594368298
2560,0.1725105196237564,0.7651536415560518,0.8262458161494067,0.7420019580837125
2561,0.11994066089391708,0.6731683268817585,0.39449747640545596,0.802927343935094
2562,0.10125506669282913,0.452452008568165,0.02669933104891031,0.25196967767722844
2564,0.15005813539028168,0.7299347468505057,0.659211867161966,0.8098067135788821
2565,0.10260340571403503,0.635959385965292,0.17910730404230044,0.6982013919953802
2567,0.07073112577199936,0.8192565563749457,0.6019629161451783,0.765591871467036
2568,0.01597454398870468,0.9583666864942813,0.7877787549866554,0.9369293548932311
2569,0.15717697143554688,0.8185248692138766,0.6479995669009423,0.7773041330006317
257,0.10672871023416519,0.9102182678191928,0.8216397270569524,0.8382602387793998
2570,0.04643072187900543,0.8603390337956742,0.5535931793476828,0.8801899333205193
2571,0.09701509028673172,0.855940775351385,0.8067355028251856,0.820945717872085
2572,0.15946327149868011,0.5858581611088121,0.3535575889968816,0.685667906481787
2573,0.19383345544338226,0.652954309851466,0.593963679780993,0.585324078508155
2574,0.12209167331457138,0.7896265141845313,0.7371211814637578,0.7513285971714939
2575,0.08907096087932587,0.8616145962137687,0.5706671355918252,0.8445768994115415
2577,0.060033462941646576,0.8240112579284373,0.5869011834835687,0.7783443796851057
2579,0.06749211251735687,0.7994063157042613,0.456824389212415,0.7267697757313715
2581,0.34996241331100464,0.34988287757033,0.224105125384299,0.2940801927598524
2582,0.04430929943919182,0.8048713993886338,0.6286342728480485,0.8659184299716186
2585,0.09172377735376358,0.46469597977425753,0.06508577118029024,0.2706015816552173
2586,0.14449025690555573,0.5978639453192025,0.6560221884141837,0.591686621461587
2587,0.0616910383105278,0.7170168418694813,0.5677551556444321,0.6324563296517534
2588,0.05706178769469261,0.7377536807774405,0.49157369236759235,0.8220679461503894
2589,0.17551733553409576,0.522005736868205,0.4529018928781492,0.4409710197680945
2590,0.1614355444908142,0.6817717618619571,0.524925567800589,0.6386275888078856
2591,0.07490047812461853,0.8633717154254685,0.6440886564343253,0.8683395958772463
2592,0.022018441930413246,0.6584349813368284,0.674265896359848,0.7584050942047439
2593,0.05988699942827225,0.8612373015016471,0.64670632763538,0.904692660839699
2594,0.13527806103229523,0.5206683027529466,0.18207907456026834,0.6541397123107004
2595,0.16431108117103577,0.7910220797436478,0.8006842684748007,0.7712777307045253
2596,0.1539686620235443,0.5099599845738991,0.41125615577699964,0.4257266920950359
2597,0.6888687014579773,0.18893284521167228,0.2655494185278015,0.18656557871891283
2598,0.1448495239019394,0.7891238967714265,0.6353253907651152,0.7280424752491528
26,0.3541676998138428,0.571665286830364,0.5727254996623199,0.49069294925316204
260,0.034953854978084564,0.5071930901213542,0.09037241048073631,0.2706984774744645
2601,0.04163729026913643,0.826352360411551,0.6562412094932906,0.8761102048214091
2602,0.24963796138763428,0.489354476785846,0.521452234498479,0.44585984365962783
2605,0.0704212486743927,0.7844413787210632,0.4520595289850222,0.8253327048364407
2608,0.13000260293483734,0.798534823864343,0.7748898271693224,0.741403219375478
2609,0.11346706748008728,0.7893633544565613,0.5000833611762818,0.7642823897776484
261,0.2615169584751129,0.39341189468833515,0.16086140701502885,0.3217869300643283
2610,0.19398698210716248,0.7366563066081546,0.727957325638771,0.6588186551690698
2611,0.021341411396861076,0.4922695935037122,0.014206591552802536,0.25453158642806345
2612,0.12862354516983032,0.790837831332099,0.6948680962666903,0.7737317378664726
2614,0.1014896035194397,0.7895207938543047,0.42532415292793335,0.7577082214836203
2615,0.038783956319093704,0.808683528898802,0.5374551072420336,0.8936791976979356
2616,0.20051558315753937,0.4765506031454986,0.29392879091841273,0.6062490679793551
2617,0.23661202192306519,0.6408755278219971,0.6612950116539366,0.6344168468744529
2619,0.05935816466808319,0.5881619075762498,0.1698160574604415,0.53175389767507
2621,0.09188029170036316,0.6417186937869268,0.2403164724380149,0.6831551523164222
2622,0.07539601624011993,0.698835375528572,0.3666924809859251,0.781734659387361
2623,0.1602267324924469,0.8262894114974049,0.81856172460409,0.773161561253544
2624,0.17953020334243774,0.7289804441248341,0.542572340265906,0.7552350864848096
2625,0.1156373992562294,0.7834368349022265,0.5831338068819388,0.7245106447312322
2626,0.16409948468208313,0.42132601574147294,0.04796106953988847,0.2578888762412723
2628,0.10954213887453079,0.8189780011621548,0.5389929787470701,0.8307110241869866
263,0.08544562757015228,0.7577713118203537,0.6515034252935292,0.744707263886983
2630,0.1318756490945816,0.5013290317208642,0.17193768764953604,0.6083237373631087
2631,0.08845542371273041,0.8919488024515103,0.7863082314275205,0.8386325875986802
2633,0.07824894040822983,0.6127885329703184,0.37485737642821604,0.468180404363013
2634,0.09330450743436813,0.4589315962481703,0.07078030512501285,0.3506574281639358
2636,0.15175752341747284,0.5561328351549018,0.12885639540822527,0.6183428652880445
2637,0.16065073013305664,0.6939491115841241,0.650032115690522,0.5976017757808831
2638,0.18544137477874756,0.7998920908912981,0.8235212487538209,0.7353223534141651
2639,0.14795608818531036,0.7830091969119679,0.7505853241818814,0.7782646498826877
264,0.012868665158748627,0.5162218520049209,0.02180101786241651,0.29860174349608887
2640,0.06917991489171982,0.5004190888237118,0.10455742675485145,0.3563744015767273
2641,0.19361025094985962,0.7297591406166793,0.7958956733984782,0.6942434059624398
2643,0.5641104578971863,0.22254413299478565,0.058574300155220985,0.2549194977532969
2645,0.07043606787919998,0.5705846245550604,0.18053518513694874,0.4573172226915145
2646,0.12093371897935867,0.8106883409641368,0.6833584829588039,0.6716247718556927
2647,0.14989586174488068,0.7827227744134532,0.7442037072220978,0.7594415407114457
2648,0.06256576627492905,0.6740040166922647,0.2828428830187251,0.7557301437688175
2649,0.13880401849746704,0.8008545134840668,0.6965702863621515,0.7162937204366877
2650,0.12454075366258621,0.6939393787120887,0.439102725452477,0.7368116088455503
2651,0.04949449375271797,0.6966522545017916,0.42681106805622787,0.8324959752405312
2652,0.2272639125585556,0.3890590112338549,0.053049234780677204,0.2585735541952644
2653,0.14418429136276245,0.4215171952800838,0.030591994195316583,0.3029358077680392
2655,0.1400030106306076,0.5132960168741252,0.33873573880635943,0.6527011817973256
2656,0.07571116089820862,0.8684858827209045,0.7570384980729166,0.8288959823394004
2657,0.08184178173542023,0.7658486220570409,0.6007110353500185,0.7685622988976392
2658,0.13421578705310822,0.6629672179267201,0.6827569512723795,0.6600409108348708
2659,0.13832049071788788,0.8118820211282083,0.7522958997727334,0.7708349585309185
2660,0.34044981002807617,0.329969211381866,0.09866240069306764,0.2764591809469489
2661,0.1184346154332161,0.7244343223651428,0.3384144962573402,0.701224679312588
2662,0.35349220037460327,0.32678527771917093,0.048958297350113686,0.25741421887181537
2663,0.10780628770589828,0.4992902450049955,0.22616399951056151,0.35981602643986854
2664,0.1502811759710312,0.4817486371979569,0.278493042477667,0.39024285456490976
2665,0.1608762890100479,0.797262596318985,0.7604325651854068,0.7450316998962203
2666,0.1434091329574585,0.7661082069539229,0.6806666399919707,0.7409036736633117
2667,0.10915178805589676,0.8140233725378052,0.7460658794042222,0.768966154969792
2668,0.04990106076002121,0.6834186821832755,0.24710660705287812,0.6003609257042392
2669,0.17914560437202454,0.5804638045322119,0.3325477934057607,0.7125050450738315
2670,0.3056953549385071,0.3505641434108965,0.053108873360062536,0.25652027650900877
2673,0.14151296019554138,0.43348119362475845,0.08166699011565243,0.3706588979456933
2674,0.09781289100646973,0.7461314537979287,0.3035918515342233,0.6881209009685418
2675,0.04150761663913727,0.7909017422657634,0.712166506385076,0.8662423707326049
2676,0.15162065625190735,0.4312432867183624,0.09667970999712654,0.3009812002657325
2678,0.6266298890113831,0.3305203152161267,0.6480433694406419,0.21379060795458082
2679,0.2502056360244751,0.6265966951987569,0.631751900740242,0.5230744048154652
2680,0.053074032068252563,0.913606924688303,0.6978988924460107,0.8981078416665491
2681,0.28868699073791504,0.35777753348167596,0.024394299228022137,0.25176702862422673
2682,0.14433422684669495,0.801467216356487,0.47324623292644485,0.7321390273854005
2683,0.15727803111076355,0.7693310259683405,0.7351720993883212,0.7632663703855136
2684,0.2266971617937088,0.6436114900765275,0.4420849800982383,0.6707493184946777
2685,0.34289148449897766,0.3856027965174594,0.3452740391709499,0.33505154307166346
2686,0.10311003029346466,0.9094252842034032,0.828011570365244,0.8476263783559226
2687,0.19176563620567322,0.5702285190182075,0.530578016302044,0.5674272243180714
2688,0.12602265179157257,0.6160284234087576,0.3013115495490777,0.7590798003615407
2689,0.19937552511692047,0.7283231366196037,0.7527617172101785,0.697287680243696
2690,0.11798326671123505,0.7666381833197478,0.5012180366610586,0.7360212635499743
2691,0.05930761247873306,0.47360056733340405,0.025395598512978623,0.2575381873748277
2692,0.0619981549680233,0.9005965314252617,0.8798507733627602,0.8925999422247841
2693,0.05874151736497879,0.7621611030519808,0.5530603469676093,0.6064882700020212
2694,0.04771193861961365,0.918945390311308,0.7843836379999721,0.8968419473717348
2695,0.17366434633731842,0.7020911124222309,0.3875032021092786,0.6880944223135393
2696,0.18651209771633148,0.40940155134029993,0.04334492103695618,0.27227198858601637
2697,0.23700909316539764,0.5163320464956698,0.4778013792927493,0.45636330643397627
2698,0.0691375583410263,0.6180110296084325,0.18428455854756695,0.6628302789709212
2699,0.4389571249485016,0.3517670804005724,0.32471356325887585,0.3080663797108812
2700,0.1242937222123146,0.6059364224967143,0.2205371851477563,0.6678656808137411
2701,0.1316138058900833,0.8336117424938678,0.7022816144708792,0.7956383181826885
2702,0.07162347435951233,0.7091861503737013,0.3353288816028146,0.5683717277434581
2703,0.06929285824298859,0.9051702147353509,0.7555011132126616,0.8271541585477244
2705,0.07921086251735687,0.7900183263121876,0.7638665132405527,0.8028969099556167
2707,0.09321346133947372,0.7921441703903016,0.6680838566843048,0.8663279737876355
2708,0.07328446954488754,0.9116084831326217,0.9067230799318949,0.8787423409895998
2709,0.0778331458568573,0.7862930530770103,0.7135208417617096,0.8449013750524377
2710,0.09518547356128693,0.5552470271954967,0.5462957700735472,0.5873987841901236
2712,0.062490034848451614,0.7666340929350122,0.7040701189890783,0.775407376236238
2713,0.1876085251569748,0.6937172935772533,0.7280698551297216,0.6517878557810443
2715,0.06566458940505981,0.5390681890550134,0.29859652305154927,0.4093503905218602
2716,0.07998373359441757,0.718640880195859,0.5755729699147449,0.7872074073634711
2719,0.042620573192834854,0.7369230767002313,0.3792373710020236,0.7670914635501825
2720,0.3021467924118042,0.4381615012664258,0.4922363818558144,0.4060697199806981
2721,0.2775276303291321,0.5598870190024974,0.6383493382145852,0.52860313172321
2722,0.04032813757658005,0.8450995180212397,0.46856386733575917,0.824797924672022
2724,0.09520943462848663,0.7501299351854231,0.7272646975704313,0.7435307034459264
2725,0.055944450199604034,0.6972912943426988,0.32551039014658284,0.5452455506049693
2727,0.06612108647823334,0.7738500751586738,0.37909425829952653,0.749012627145774
2728,0.12157108634710312,0.7625937367604585,0.4986337926134989,0.6542458349329043
273,0.17346638441085815,0.8253655687616478,0.6297942134482132,0.6983515907636312
2730,0.03508402034640312,0.7149064820173507,0.49514825890189273,0.7592706271924923
2731,0.11976076662540436,0.7767355643499573,0.45018287833297443,0.7479931205477681
2732,0.049633219838142395,0.6784399574970206,0.7055190533539679,0.7585368936139925
2733,0.1224999651312828,0.5616908865156024,0.5143039894523822,0.5017514112546558
2734,0.07167072594165802,0.7039051296876364,0.36253678486765295,0.8234094723431795
2735,0.01425494346767664,0.5779557234521334,0.45965896768004827,0.5411286918754031
2736,0.20944903790950775,0.7005844935479537,0.7247915587685528,0.6708924345918531
2737,0.03271372988820076,0.7809106870182136,0.6624978910832255,0.8135932601552197
2738,0.028770627453923225,0.4796808236066027,0.040245028538640634,0.5041649512285502
2740,0.11695577949285507,0.472696287572055,0.29193398945931753,0.35327851650360964
2741,0.1624525487422943,0.4247235736447508,0.10031528810681915,0.4050157579525083
2742,0.1367085874080658,0.4655937567374728,0.29379433703820523,0.3413555897623216
2744,0.04701671376824379,0.6652657223996602,0.27422377911053714,0.7865354697753764
2745,0.015939947217702866,0.9556560388009288,0.8578699271383086,0.94522522086698
2746,0.09589284658432007,0.4262602712595372,0.0010497190722661208,0.873555017759186
2748,0.12915454804897308,0.6551180580168068,0.5960826351343461,0.6364903426820749
2749,0.057126399129629135,0.6314004991679372,0.5094946766121339,0.6977665261865721
2750,0.03071529045701027,0.5722485196357486,0.17059771252852476,0.7221106376029977
2752,0.04600241035223007,0.8903896601416443,0.7767103671066369,0.9004954326404795
2754,0.07449977844953537,0.5458416843085645,0.16188931161934286,0.6710254403008385
2755,0.07554122060537338,0.6947746741415798,0.45768120715071264,0.8238205699542778
2757,0.1308068186044693,0.6885368075043645,0.6860931728588826,0.7035344584533108
2758,0.0475686639547348,0.6167359895048253,0.26010965061197105,0.5625418798294557
2761,0.0405326671898365,0.7641041897222034,0.6090410814336474,0.8429511426909626
2763,0.01785600371658802,0.8859287638155461,0.7882884373908151,0.8955296093646106
2764,0.03034604713320732,0.8206436621351628,0.5120247652698466,0.7958740360894658
2765,0.13239426910877228,0.7332782176865535,0.7334311458957129,0.717923342286394
2766,0.07757566124200821,0.8591348523062446,0.737197282213254,0.8293744500178858
2767,0.05780848488211632,0.4732339417855706,0.015845949077977307,0.24980463175345705
2770,0.061414215713739395,0.7351378129536069,0.41455007334492433,0.8375313561874975
2771,0.10465088486671448,0.7271927586487252,0.6133104558198472,0.633720576303527
2772,0.04090172052383423,0.7754106271404776,0.7097160278844832,0.8827519437940394
2774,0.0656755194067955,0.5939760962851669,0.48706161283148275,0.588644338465411
2777,0.14870458841323853,0.6173164710733106,0.5860898077204327,0.545346470349083
2778,0.06770402938127518,0.8494919604184548,0.8250427212050525,0.8949399842343528
278,0.007854952476918697,0.8862345267560952,0.6264287612134298,0.9363698731269021
2780,0.03449421003460884,0.8794589788437546,0.6310442373733672,0.9144342354530893
2782,0.009824841283261776,0.9166584712596324,0.6355864482439847,0.8555320780153619
2784,0.13503064215183258,0.4411022715893896,0.11371567393584257,0.2821726748638172
2786,0.5586683750152588,0.2483799032871251,0.2527046307981335,0.26444633242980226
2788,0.3072938024997711,0.41258965600214487,0.37115321641175314,0.3568521699140397
2789,0.043969567865133286,0.6901106213138979,0.4005119703578625,0.8049295227860278
279,0.1455848664045334,0.8100898482670525,0.789822453268981,0.7580187561335201
2790,0.061618171632289886,0.9097682527128257,0.8689109949154307,0.8744176626541482
2795,0.09761540591716766,0.8336377841347408,0.6773128440909236,0.7859258445737776
2796,0.0750485435128212,0.8797928202314338,0.7278094897463396,0.8712063200697316
2797,0.060699786990880966,0.471514489169297,0.015564446453418646,0.251022358401099
2798,0.08797943592071533,0.7621853765281035,0.740180372878379,0.7393980612114961
2803,0.0324382521212101,0.8844578177985035,0.6549383095656512,0.8425811578721603
2804,0.05453592538833618,0.8094381384493052,0.614793983331115,0.8967989964866847
2805,0.0278798695653677,0.8283925460338689,0.45058757218772943,0.859522557417096
2806,0.04942967742681503,0.865461505868613,0.8241972740001211,0.8441393842206182
2807,0.06122969463467598,0.7527781993599609,0.5732947822804557,0.884134322418465
2808,0.21910370886325836,0.6168555629463232,0.44289823690495755,0.5658304937134735
281,0.12376707792282104,0.8001405379940045,0.7252064639336422,0.7850047363598907
2810,0.04405701160430908,0.7706629737151993,0.35160914372053736,0.7529939463511306
2811,0.1443033069372177,0.6811856109572654,0.5111279805287977,0.6943858346995704
2812,0.02192585915327072,0.6888658233503833,0.3668144333030033,0.869427358009601
2816,0.05632386729121208,0.9366480997334348,0.8756005030171067,0.8628137128542986
2817,0.15361946821212769,0.7816247419149499,0.8074835796104406,0.7592147249972596
2820,0.07130881398916245,0.8735087108125208,0.6901846119999664,0.8505252537949752
2821,0.1743488907814026,0.7180130779843152,0.7298898622961966,0.6606741589069108
2822,0.04143735021352768,0.8084534949969403,0.6752687913197434,0.8246045726316076
2823,0.010762033052742481,0.5028757844083769,0.009789566124682679,0.3914144979966352
2825,0.013171862810850143,0.960243697919434,0.7202729705444765,0.9115959795265538
2826,0.05749256908893585,0.8065441968739581,0.6293578058219967,0.772184848728372
2828,0.03169766068458557,0.6814733060735416,0.5602453590852999,0.7088444801677469
283,0.026506729423999786,0.9475664923519904,0.8782316306138249,0.9370339610284012
2830,0.05306342989206314,0.8546650167139036,0.6866127343161712,0.8281949175445764
2831,0.02218015491962433,0.6372850155508121,0.2177511371084351,0.7098115726869767
2834,0.09173817187547684,0.5030623331015399,0.10930613200380529,0.7009058064959374
2835,0.11414750665426254,0.7988467501795002,0.5536759050695352,0.830258158509285
2840,0.016473431140184402,0.4973035254975466,0.02662046825110667,0.26373353880946604
2841,0.13010519742965698,0.7651652116568446,0.7888775326488893,0.7824391139397104
2843,0.02716086432337761,0.8116869003129001,0.6354689983721463,0.8808951102625537
2844,0.2119918167591095,0.668005781996878,0.5565407878249901,0.6848056647416956
2847,0.1244339868426323,0.700064309850489,0.27622544478025957,0.7079557464901272
2849,0.03165842592716217,0.7123341272714692,0.5116600913393546,0.7094359877479227
285,0.23048366606235504,0.460561990561555,0.3277776705092802,0.35950564949392283
2850,0.05656932666897774,0.6950825158076515,0.7596989905486922,0.7500008217650345
2851,0.06985963881015778,0.7989296115893024,0.5014587025631564,0.8290681796205398
2853,0.060534313321113586,0.913941706517772,0.7345259642259975,0.8561337178252162
2854,0.14426933228969574,0.7686323149363142,0.6524081276189676,0.7390913541003044
2856,0.05393420159816742,0.8459442862862987,0.7909623147951186,0.8108100796850097
2857,0.13030719757080078,0.528637652289533,0.45162740603231727,0.4254615803893149
2858,0.12958559393882751,0.633414556254054,0.5699982780713254,0.5189260725118378
2859,0.043996889144182205,0.687538359241285,0.32111839661527974,0.766654989116095
2860,0.13968169689178467,0.6176984827716152,0.6911935896627741,0.6693637577753977
2861,0.05891108885407448,0.9450000328922503,0.8553959370486168,0.899039720716909
2862,0.08129174262285233,0.718265853217242,0.5824142864824154,0.8657125018630015
2864,0.022023340687155724,0.9084684636943072,0.7557959308479684,0.9380198125990706
2865,0.06666586548089981,0.7180968968145687,0.6777269331729618,0.7544162630648554
2866,0.0384615883231163,0.8766186853555323,0.7866543706652454,0.9012565898108784
2867,0.12415508180856705,0.6102897832254857,0.34284669408370777,0.6865402374812714
2868,0.08921648561954498,0.8514154813184163,0.829984859039564,0.8039889046000401
2869,0.05178462341427803,0.7851710412836292,0.4773923169838373,0.837610288789957
2871,0.0928030014038086,0.6743096466889359,0.24828792000744443,0.6793276806214232
2872,0.10248804837465286,0.5825683605961697,0.5299475237134239,0.5927775573817498
2874,0.08820808678865433,0.7745454379036405,0.38496452098861395,0.7474068676399488
2876,0.07910414785146713,0.8329264137746366,0.6382064471639882,0.8759430381443284
2879,0.11587211489677429,0.511196708252557,0.26507146461886544,0.3973327714399507
288,0.060778480023145676,0.8122849822159975,0.7982875942092852,0.8549438355344549
2886,0.13544166088104248,0.5588278057220702,0.26430418958410223,0.7448841975998524
2888,0.06254903227090836,0.45171323630885674,0.016503373350999752,0.7199067237689109
2889,0.20803020894527435,0.590828932392258,0.6135629990155917,0.551005851100236
289,0.21286553144454956,0.39784988707072705,0.06954544060144872,0.2645068169324518
2892,0.13949054479599,0.5733437818521734,0.22839912760896433,0.7500949880173191
2893,0.052726686000823975,0.7620379251653682,0.33350688886647206,0.7266376857077608
2899,0.01786506548523903,0.5506882977507648,0.1478910059618783,0.4916399395239507
29,0.06140388920903206,0.9104288373482536,0.6202097701164577,0.8312544882632764
290,0.2841973304748535,0.3621041908043291,0.055233340155958356,0.25822483367892946
2900,0.28697216510772705,0.35856636333191827,0.03353358792636687,0.25168080575733665
2902,0.08289755135774612,0.6317052819966356,0.2440295186928316,0.6889103625858709
2903,0.19205796718597412,0.6746223890775231,0.7332696230885178,0.6712426665455378
2906,0.06863284856081009,0.7587510549668702,0.6407319953095113,0.7027473851798456
2908,0.05087879300117493,0.861388332624309,0.6335400968225392,0.8751923909070181
2909,0.07077521830797195,0.7764932210509701,0.4038281369186683,0.8165386960646588
2910,0.13311651349067688,0.7726631817407706,0.7462991501551681,0.7790729946742792
2912,0.2917269468307495,0.44164527386987656,0.4020164011937958,0.38558423994476054
2914,0.18297351896762848,0.6491542542024218,0.3515741062862422,0.6974984059015299
2918,0.08319570124149323,0.9046906617368529,0.7868437812820689,0.8638196481722954
2920,0.06512587517499924,0.5157897027844425,0.3026500287080601,0.4190259201056383
2921,0.15173448622226715,0.6967622207241131,0.46460388594074875,0.6761870573743546
2924,0.11843422800302505,0.8139259946871397,0.6045015579495433,0.8168755397596944
2926,0.13499772548675537,0.703481174121338,0.6727165932846286,0.6615892608373797
2930,0.06072693318128586,0.7895387798462541,0.7206783759062116,0.865269474129243
2932,0.17180757224559784,0.7289654287581385,0.5533457494077251,0.7657167915026115
2934,0.1384710818529129,0.8417144895469246,0.8034936717487376,0.8228680156583829
2938,0.02729484997689724,0.8618969866889623,0.5731039252469448,0.8863134761607567
2939,0.7872020602226257,0.11553529723318275,0.10477076593723762,0.23585430339029892
294,0.19419218599796295,0.5923462720844722,0.5590955498903312,0.5073337581516091
2940,0.06496334075927734,0.6696119001977516,0.2306799261235838,0.7120848894642329
2941,0.0925365686416626,0.7454003554752421,0.4554881062472148,0.7737591088095833
2943,0.24164366722106934,0.4378758031955788,0.3639156658025233,0.3748757212302158
2945,0.2210628241300583,0.6376747878046154,0.7094123313484672,0.6146564712400646
2947,0.20773425698280334,0.3984516203719435,0.03470933848310359,0.2550275679186184
2948,0.07433363050222397,0.8531327033647909,0.6797414023567273,0.874299514734809
295,0.21395418047904968,0.3963499683286475,0.045358591732384296,0.25581031831322054
2953,0.10893067717552185,0.6770498890988381,0.3857009482054133,0.7570594205074946
2957,0.08723363280296326,0.6022545762082808,0.5169170329289801,0.5631771274314357
2960,0.04130363464355469,0.8870521302233201,0.8292900641181575,0.9081663800092532
2962,0.18524974584579468,0.731552886358986,0.7358061905974064,0.6701804340915207
2964,0.06261904537677765,0.8994427034478503,0.8870509301577539,0.8768474025329812
2966,0.13828293979167938,0.6215561022442244,0.5792581381399905,0.553868113760482
2969,0.03897114098072052,0.8884944730403435,0.6249164303756428,0.9033462598087002
297,0.16788338124752045,0.7134830981229143,0.775436210746247,0.7181466015735227
2970,0.03762536868453026,0.47585578989093885,0.01702555444330357,0.4656520938917723
2971,0.13825272023677826,0.5571975409457024,0.5519570010912431,0.4817737455777749
2972,0.12386100739240646,0.7980057996173546,0.8091923179015147,0.7780156248328245
2975,0.19773373007774353,0.4743760025813701,0.4471757691221202,0.40214924026368104
2976,0.1413833498954773,0.6814133566915865,0.6273081539339737,0.5811672137868441
2977,0.06628978252410889,0.5970880554667535,0.35259338210320645,0.8147991350468968
2979,0.16865837574005127,0.4800716491780404,0.16614136163296894,0.5074883672099365
2984,0.14605146646499634,0.8603646706112178,0.7126902646925438,0.8033091005163773
2985,0.057744599878787994,0.7920403326535292,0.6246750123192616,0.8759760156249067
2987,0.04643780365586281,0.46152443779886687,0.0049966567659120355,0.7186403581105032
2989,0.08791937679052353,0.5015449672596068,0.07427142079304731,0.5237541129087097
299,0.048689305782318115,0.9340534761452205,0.7249887866410671,0.902152490472674
2990,0.15544164180755615,0.7058032929927119,0.6442435459809873,0.7647979873694242
2993,0.16079895198345184,0.6796887917387459,0.6537683399667871,0.6922662883198165
2994,0.02645200304687023,0.6439877948707817,0.13426091797551903,0.5755352892082866
2995,0.13177788257598877,0.65760048212173,0.30454746004532807,0.6881796980115327
3,0.1283828467130661,0.747605772799897,0.5983239551623617,0.749617476114134
30,0.09808918833732605,0.8808860606613117,0.8370101199396349,0.8317136385132072
300,0.1093069538474083,0.5453555864755522,0.4027919968395544,0.4313449722926376
3001,0.05038648843765259,0.9335867588231659,0.8473692064567002,0.9198043380820413
3003,0.10796259343624115,0.7822670998296587,0.6845171504844534,0.7685961927823903
3004,0.13474835455417633,0.702699640450505,0.729478850423586,0.7252735226131164
3005,0.035647936165332794,0.4877206641354552,0.010510481155990015,0.41089429447837
3006,0.19125895202159882,0.40609584400303084,0.01529535215366512,0.25078520141932614
3010,0.03526131063699722,0.6465368949230597,0.5496706729802437,0.8602993502036951
3012,0.8841161727905273,0.08076156117796511,0.31697796821536306,0.07251865714963933
3016,0.04674360156059265,0.5308306478678567,0.30275194904254615,0.38857926895829453
3019,0.06480395793914795,0.818952199883719,0.6790292439270094,0.8799976053593804
3020,0.04216276854276657,0.46473319959634896,0.004658415445653613,0.7224935614824592
3022,0.10088590532541275,0.8802685141988695,0.6870172108017956,0.8166550490750633
3023,0.13532240688800812,0.7670344822077808,0.4299751573440456,0.7285834504096229
3024,0.10160724073648453,0.7051879673082542,0.6370923353788086,0.6074652587961343
3025,0.05643882974982262,0.9273102409267872,0.8332681770401904,0.9024401931436854
3027,0.014834231697022915,0.9305643842674798,0.7367075212602622,0.9389996466840635
3030,0.1599339246749878,0.4424420260218887,0.15840285562136192,0.5985676299715381
3034,0.01619439572095871,0.5037241877383075,0.025484688504621975,0.26713583023025944
3035,0.05630350112915039,0.4843506860725772,0.02922440315802477,0.37428941532135895
3040,0.13994301855564117,0.7221954532241208,0.7129679769868682,0.7089111024261519
3041,0.06938976049423218,0.8815472574917466,0.7800840122954182,0.8990973437049368
3042,0.011910906061530113,0.8488601979771906,0.6297863390790085,0.9464551597738511
3044,0.007620050571858883,0.9208395039628177,0.7446015720805716,0.9374792374368137
3045,0.04333027824759483,0.7676166211532341,0.5123214957929136,0.8542384891469097
3047,0.47477495670318604,0.39655457485655876,0.5095546589154843,0.3244789342030846
3049,0.018366137519478798,0.7382845924946508,0.6607909100338163,0.7260162477094532
305,0.05780591070652008,0.512976783149578,0.17242301563282522,0.33008935429673025
3050,0.2047540694475174,0.40358232518975073,0.09624550690537843,0.27099259547900895
3052,0.06411709636449814,0.7460693205950031,0.48080766092841676,0.8136379440351669
3053,0.15165020525455475,0.7282266017040568,0.70735524079076,0.6512055333741524
3054,0.06278734654188156,0.8532583821935508,0.7108867787027462,0.8323005479282843
3055,0.07829967141151428,0.8613985120594059,0.7590985513965144,0.8666986712870943
306,0.06135248765349388,0.723380590266528,0.5348377044803273,0.7219726385338073
3061,0.023417482152581215,0.849743790606138,0.6341766874899741,0.9121253269766365
3062,0.1506059318780899,0.8064431569495556,0.723065991637187,0.787514521453882
3063,0.054661355912685394,0.6769355761109848,0.2161980720436128,0.7189715640791098
3066,0.02105637826025486,0.9567230635493347,0.7834080701918724,0.9264849845666266
3070,0.09056828171014786,0.7485355263927975,0.5421555184119033,0.8372282937924499
3072,0.11096665263175964,0.5407765043489606,0.27998726241699795,0.43071333682950397
3073,0.06986230611801147,0.6598483945927641,0.5893568874745715,0.7221362835491093
3074,0.02137136086821556,0.9366324388900038,0.7425847929027156,0.9392109154906403
3079,0.030236119404435158,0.7422865649287749,0.25611782639788383,0.7236242505336932
3080,0.028194310143589973,0.6985152049613075,0.5428067053429796,0.7095427460578114
3081,0.09619227051734924,0.8534124270383372,0.7714209896895335,0.8509404073940694
3084,0.02836134470999241,0.49833212438917746,0.06137045509912889,0.27371554281550137
3085,0.08099906146526337,0.7566449202640939,0.39556036168616404,0.7959625097026006
3086,0.1778874695301056,0.5552937870346162,0.3851320348519622,0.5181981345551211
3089,0.05947275087237358,0.849198919659572,0.8314405197148564,0.8129391773349627
309,0.1429411768913269,0.8679855558359464,0.8834502260780752,0.8070670117884642
3090,0.39442309737205505,0.5357230089789006,0.7198406273355183,0.46480361415028204
3092,0.15038448572158813,0.5915880751503821,0.19776464537681698,0.6501335703496887
3094,0.351612389087677,0.3949284256095004,0.23490655415857634,0.34641150495939793
3095,0.1673777848482132,0.5370216260508376,0.4433213773283976,0.45825743116480555
3096,0.07098788768053055,0.8840922029175126,0.8336264730593145,0.8815225867612139
3097,0.27986374497413635,0.6174181826074288,0.7580276117170972,0.5976154817806387
310,0.17334166169166565,0.6849200328079919,0.7153601495188676,0.7358655779088246
3102,0.06799487769603729,0.7758145619156804,0.5088505256005997,0.8671106090546852
3103,0.258476197719574,0.5454403977554473,0.5642125034493559,0.5128047407611468
3105,0.09953498840332031,0.8321301932530003,0.6234385094752998,0.8506626885967822
3114,0.11572836339473724,0.7778799700247649,0.5394040307827445,0.7866615815903795
3115,0.27664056420326233,0.5070310988896894,0.4971141535358697,0.5233567711632994
3116,0.12190482765436172,0.6034160273795817,0.2716186817147661,0.7078744646109283
3118,0.07304952293634415,0.4941494504462093,0.17767035878541607,0.30840909438411745
3119,0.10776837170124054,0.7893243621222719,0.723595619830886,0.7500123812916386
312,0.17489838600158691,0.41570684314206147,0.05542636219169972,0.26047791707214457
3120,0.08932800590991974,0.8436923274545761,0.6677863337508047,0.8205594694295726
3121,0.049793791025877,0.8617906657272418,0.505747042705663,0.7825919125889083
3122,0.19780360162258148,0.6484976699621585,0.5509868584860644,0.6848719285358065
3123,0.05200853943824768,0.6077013746116062,0.1716351375130553,0.5699190571315256
3124,0.05575614422559738,0.4759962501062985,0.03903257440565065,0.2575683152557195
3125,0.06293661147356033,0.880709857238211,0.7283031765540356,0.8039378491497573
3126,0.17821358144283295,0.4745808262333018,0.3665457310468158,0.419092119358909
3127,0.21631251275539398,0.6159229988925956,0.4336291181146845,0.5225478074760115
3128,0.17257127165794373,0.7167781793753074,0.3229339131483022,0.6572728299996784
3129,0.10791189968585968,0.7989163602830867,0.4929574381064578,0.7898249945574229
313,0.025021597743034363,0.8925613655973399,0.6771780137994401,0.8937818315342886
3130,0.03913513198494911,0.49632271251551713,0.09346547677812232,0.27965626204545946
3131,0.10046932101249695,0.6649758208664281,0.3894617832558792,0.800406077009103
3132,0.04620103910565376,0.48463721251350245,0.033421406541858184,0.27506239994657733
3134,0.121195487678051,0.5734641149171287,0.15703225211693417,0.6229120972955268
3135,0.09646914899349213,0.7209947281573161,0.49509476201063385,0.7894417367727766
3136,0.08795405924320221,0.7905301431069471,0.6380249952229443,0.824667215639171
3137,0.059265073388814926,0.8827605803657504,0.6731254155200217,0.8873458071121518
3138,0.05448330193758011,0.8110658428389225,0.46699752160549896,0.7759967483721719
3139,0.0639854297041893,0.7190857855934871,0.29495190140958855,0.703993620705138
3140,0.07517115771770477,0.6693528259620594,0.5511558719102718,0.5409118749957296
3142,0.12791690230369568,0.6516887744101106,0.2876882087070882,0.7386073200805222
3143,0.11974485963582993,0.8115688957218328,0.7411519363141308,0.7350637052652542
3145,0.10013063997030258,0.6741875132669847,0.28753464971278575,0.6663204762437749
3146,0.09992921352386475,0.8007665385663043,0.7191286009861598,0.839970847019549
3147,0.16697359085083008,0.7647780355724516,0.730929702372535,0.7077469706722322
3148,0.2210862785577774,0.5779395935509368,0.5007879162998674,0.5435593887851382
315,0.17453987896442413,0.540805872689725,0.6034506975678123,0.5183296878356455
3150,0.31477847695350647,0.36316389296457996,0.16868407913250696,0.2916627019261133
3152,0.046840306371450424,0.8269752471547553,0.5735560490447119,0.8450318633209737
3153,0.050725847482681274,0.8895454379233558,0.7364329469753642,0.8610761176537323
3154,0.056686319410800934,0.8351846946775587,0.6051242409671331,0.7370622922607128
3155,0.10058149695396423,0.5913553991874803,0.4363712143357907,0.6082090165079292
3156,0.12119467556476593,0.7987957907654489,0.5819449741956488,0.755248545757141
3157,0.07482410967350006,0.701894800121795,0.5611344064464632,0.7162920809938172
3158,0.06920818239450455,0.638056413150422,0.30957223789183624,0.7849740642465493
3159,0.06902601569890976,0.7457207692743912,0.34635319845708046,0.7512454606197909
3160,0.0839875191450119,0.7389471033999285,0.40295245232573385,0.8034207955521993
3161,0.09065509587526321,0.8354488042372343,0.8370434831709577,0.8436710576532205
3162,0.07750972360372543,0.6595002149021393,0.30478522256011664,0.7550735207386836
3163,0.030437909066677094,0.9409688613829159,0.8429821626196833,0.9195025417686619
3164,0.2238244116306305,0.5829925986435989,0.6250352828648884,0.5224086348825383
3165,0.16772328317165375,0.5292248836950411,0.29522076200969205,0.5327622523242089
3166,0.11434369534254074,0.6560267046144012,0.2530719363460062,0.7144681739277008
3167,0.24797989428043365,0.4812473523084273,0.4603465599817718,0.4538713794906446
3168,0.10452216118574142,0.8430032562247285,0.7326806413312786,0.8374029731138255
3169,0.10614758729934692,0.7599829652421821,0.6613635625838589,0.7931754898984121
317,0.11983077973127365,0.7227777538518715,0.5762461920025999,0.703351658895838
3170,0.053580526262521744,0.46609954177429447,0.025470285757074815,0.41231741916849307
3171,0.1320541799068451,0.6987993932944847,0.45586910427675553,0.7757161357924578
3172,0.13179615139961243,0.44921305176685306,0.1997457620082998,0.31752554076005823
3173,0.24877521395683289,0.4948338460443801,0.5776045177131451,0.4801919683296483
3174,0.03214817866683006,0.9288975524591985,0.7301193227618772,0.9012822304744196
3176,0.09781413525342941,0.7676763629709229,0.5105975267617171,0.8471025038813813
3177,0.14710400998592377,0.7861725984543212,0.7633651269140848,0.745700594864942
3178,0.13332192599773407,0.5192223331384984,0.23321422025570962,0.5338006121696559
318,0.03444669768214226,0.6327118944236918,0.433250820230052,0.769896775905607
3180,0.17386823892593384,0.48570579303064354,0.3845211102488085,0.38994446270806526
3181,0.1063932254910469,0.4595137633171147,0.1355052464295365,0.2900249950311986
3182,0.10424342006444931,0.7963734148702089,0.4955305666312903,0.7759661015977313
3183,0.1390811800956726,0.6698262552913647,0.2198390924401926,0.6406474533791837
3184,0.19744665920734406,0.6064661136292395,0.5350961748802386,0.6168762591572211
3185,0.083192378282547,0.8087297568640845,0.6520743886105242,0.765564291039226
3186,0.09714321047067642,0.6237415180103906,0.29095685355768036,0.5411278082312792
3187,0.11810024827718735,0.44539157434523624,0.03531162864543727,0.2621297018556683
3188,0.03313131257891655,0.904724553129679,0.8273241350468622,0.9144433597932373
3189,0.32488813996315,0.5108228273068123,0.5505292858338188,0.47835817774710543
319,0.05360177159309387,0.8162032254736451,0.766054284579958,0.8018483376287237
3190,0.10086759924888611,0.764312564989315,0.4342393682044417,0.6900420928027294
3192,0.09363511204719543,0.7936356109275284,0.5056677125309909,0.821565324975656
3193,0.03367941081523895,0.750826899520059,0.3735251870015437,0.6291004162096457
3194,0.1422101855278015,0.6767483016803263,0.6843651070639979,0.6541047940682388
3195,0.17885352671146393,0.7390464671138341,0.6649371739218498,0.702819309358447
3197,0.2119385153055191,0.46184668929336425,0.4092551905920876,0.3927232255507739
3198,0.15609000623226166,0.43152121385683295,0.10121462354230165,0.27853606018996496
3199,0.04059489071369171,0.6315059880241689,0.24084108474461652,0.4702635739322709
32,0.09285011142492294,0.8402787007445326,0.7494544229227608,0.7882416090579741
320,0.06735333055257797,0.8374274934005287,0.7696369082134191,0.8698029302452619
3200,0.2252657264471054,0.4072254823125697,0.20961142770158453,0.31415249133114653
3201,0.08223842084407806,0.4917450133431429,0.20317423223103384,0.33511875043592265
3203,0.2417507916688919,0.4902206275698489,0.22463819086711673,0.5501480245049728
3205,0.10884071886539459,0.4546738726123765,0.07770613275128016,0.2911169010873944
3206,0.07478790730237961,0.4588210604832626,0.039322808561178785,0.3836285081867251
3207,0.22871465981006622,0.67427917911384,0.6091528652388797,0.6472915148018221
3208,0.015486380085349083,0.4933360178324546,0.006210876198111044,0.25425874344781635
3209,0.04104659706354141,0.6532023742949891,0.40757894998385885,0.8568958485487896
321,0.12987492978572845,0.8450744141795334,0.7592760507332914,0.7609031892978063
3210,0.05561713129281998,0.5236915627864008,0.118602411387735,0.5330974580636871
3211,0.02382483519613743,0.9049106576451623,0.6446838313670069,0.9092205178542861
3213,0.19051122665405273,0.7067760051674505,0.7590596071305596,0.6625946689342224
3214,0.21672266721725464,0.5969283736088964,0.5698232249904105,0.5800651724250627
3215,0.019512778148055077,0.49115713649317,0.007311632703849465,0.25086815964885856
3216,0.10495231300592422,0.6746848753176722,0.5247562457785993,0.6859246054944873
3217,0.10934349149465561,0.8046250669989494,0.5736373229131249,0.8388149892342677
3219,0.0769510492682457,0.7733687032252465,0.4356678354121104,0.7895583508930977
322,0.1774171143770218,0.5803425653337194,0.5453370696832978,0.4813241520780576
3220,0.1419798731803894,0.4448871197661239,0.179441971818446,0.2978492488015033
3221,0.034280627965927124,0.8438549672999001,0.7742111216598108,0.8685499158464931
3222,0.038746435195207596,0.7901086585767678,0.6910941839148387,0.8751690693487906
3224,0.026416555047035217,0.6099246115075205,0.46029097856003853,0.7150248642561721
3225,0.22975322604179382,0.6539762268624465,0.5260766283460429,0.6352803210828899
3227,0.10003474354743958,0.8742015730421419,0.6301977055928603,0.8178427539740156
3229,0.03235649690032005,0.5479003437587446,0.11301024670193341,0.36418750210546014
323,0.015905208885669708,0.7602047151458088,0.5302803307605635,0.8536442802130145
3231,0.03173531964421272,0.8936328241783469,0.678776459586594,0.9045347475340906
3232,0.16452926397323608,0.5906682573801029,0.5041356912513104,0.6073219343703617
3233,0.22672104835510254,0.5784991287525754,0.5335386429319022,0.5760695392796598
3234,0.13755908608436584,0.7093154036099795,0.33393026536063164,0.7371445092232743
3235,0.13202516734600067,0.5015589551747309,0.37017422437754083,0.39993928549439645
3236,0.408448189496994,0.4260212658317597,0.45096075647807066,0.37629155084895727
3239,0.16419139504432678,0.7032254492194248,0.6366304568022664,0.6505587941916763
324,0.12092548608779907,0.6542364739319981,0.6178502419791945,0.8128654989848934
3240,0.11213719099760056,0.7811946904165737,0.777465767603438,0.7656466332392239
3241,0.05194628983736038,0.7239748233378471,0.6308424958819231,0.7989895464930875
3242,0.08655992150306702,0.8043291729047637,0.5454761323986471,0.8258976109319272
3243,0.3784956932067871,0.457744093692859,0.4325040159096349,0.38788332730138814
3244,0.10621756315231323,0.48300332010912034,0.2812111589714352,0.34371596131523696
3245,0.01726498268544674,0.494849952944117,0.014682901944837632,0.2600935248289602
3246,0.12693744897842407,0.6825470866855722,0.5067666257511679,0.6593869010150457
3247,0.32846906781196594,0.3320787473669572,0.0627577155801012,0.2860367809893426
3248,0.052835214883089066,0.852105791474848,0.4344473386737927,0.7465167183764767
3249,0.06181444227695465,0.6947137618238419,0.5613627587377008,0.8545080438067048
3250,0.09037020802497864,0.7913079520602918,0.502380020178836,0.8198891568611335
3251,0.05758228898048401,0.870002204534621,0.6192211371425776,0.8414356880342195
3252,0.20954057574272156,0.47912488530566155,0.39447086123752745,0.42819961691472364
3253,0.2645493149757385,0.40896999782660115,0.31077106841422064,0.34909302571571144
3254,0.14544448256492615,0.8256492806941531,0.8421469517875283,0.7828013993800356
3255,0.18485906720161438,0.747521475828135,0.5906916082101832,0.6541566314443492
3257,0.030218329280614853,0.9287556729763977,0.7673885837971116,0.9133931161816607
3258,0.10119283944368362,0.74835985745531,0.6740226854564849,0.6877491836622027
3259,0.017631076276302338,0.7845932003125635,0.5852140906282699,0.8685042399918085
326,0.1107042133808136,0.8440467824196236,0.7211483403391629,0.7863135965706447
3261,0.05653134733438492,0.9403368463227397,0.8614187961890208,0.9074657561970317
3262,0.07304197549819946,0.8483440463094476,0.5720730015100888,0.7846728352121021
3263,0.15817058086395264,0.7511602651169924,0.5459345576053832,0.7095512033816871
3264,0.14828012883663177,0.7032275400772865,0.3590717146761314,0.6831156908713607
3265,0.4274168610572815,0.29278597880298013,0.09666434362598696,0.26121177934949324
3266,0.236776202917099,0.6103810524865114,0.6848984243847163,0.5983411972909888
3267,0.014390330761671066,0.5313090409291755,0.036909472715153366,0.2766162489663426
3269,0.06566599011421204,0.6502345989394345,0.4054985800215623,0.8387600445070906
327,0.03370427340269089,0.9446661690133411,0.8487108048485005,0.9172059951557707
3271,0.04964134469628334,0.8752504677525674,0.7895843468883121,0.8675492532597107
3272,0.07746285200119019,0.6058541858053598,0.3407515481001308,0.41913215390336583
3273,0.06949320435523987,0.8894565332409898,0.7099346210253363,0.8798696993299169
3274,0.10644163936376572,0.643580482241346,0.2685469447229945,0.7258643465267385
3276,0.11716639250516891,0.61457787004435,0.34932037165621893,0.7217885716534349
3277,0.22436141967773438,0.4444680471588861,0.3453213870714767,0.3741787953406025
3278,0.04561873525381088,0.5058239830597576,0.2763115841711835,0.3501343644854942
3279,0.01804056391119957,0.5165435236263448,0.03212695035281896,0.2643507407147553
3280,0.26518017053604126,0.3770729430447865,0.14756135819569008,0.2853109911699203
3281,0.06100068613886833,0.6248815276965489,0.26642811957646134,0.7865929616769627
3282,0.10549008846282959,0.7580942898584013,0.47869885072153373,0.7971270377190599
3283,0.11241713911294937,0.7751831972107627,0.6568001421930233,0.7520772439089505
3284,0.3346976935863495,0.527208166300797,0.5572448192939943,0.49000273835045066
3285,0.4178679287433624,0.4255108740736723,0.4748428528895415,0.36273891517208895
3286,0.09325610101222992,0.45787887769291546,0.09475529814590111,0.2754633959839351
3287,0.22052785754203796,0.4585045974560427,0.19411641650063596,0.5609190594813157
3289,0.092573381960392,0.7190712711470582,0.3871956620550576,0.7393373877097711
329,0.18514692783355713,0.5145954611096764,0.5079751127657219,0.45334250031286527
3290,0.05664075165987015,0.7872982228712082,0.5298269331373798,0.8922985110422346
3291,0.1499553620815277,0.785843058578767,0.7069002055455065,0.7339730250764587
3292,0.09720844775438309,0.766786737711545,0.46351540363152194,0.7927435962562658
3293,0.025484925135970116,0.49173495209015,0.005245796608335918,0.33718416877425494
3294,0.08388059586286545,0.5490663393106399,0.13263702308808992,0.617947522706334
3295,0.11598136276006699,0.5212411137843244,0.06303111358973623,0.4216093593534398
3296,0.2122235894203186,0.5736731322760866,0.5128890839166025,0.47773031834492746
3297,0.054040275514125824,0.47232275467715973,0.00915452846170144,0.5831407081722972
3299,0.19873827695846558,0.5842203675097498,0.5438661112326727,0.6157060802881424
330,0.36099231243133545,0.3238212686819635,0.059330802503533404,0.2598074905193012
3300,0.04790201038122177,0.8042358821362365,0.4789173860350535,0.8194797933592846
3301,0.025302190333604813,0.4932969980390117,0.03307353300252379,0.26213175537943545
3302,0.029881149530410767,0.8785227959444227,0.5059947794033757,0.7908994512620382
3303,0.05350108817219734,0.7237707609885627,0.3396168324446329,0.7142864799606771
3304,0.10509322583675385,0.7969159523781556,0.7429811289604263,0.7778961951583032
3305,0.03726479411125183,0.8566367709814611,0.6510894786621195,0.8515516165224879
3306,0.321283757686615,0.3493108914050691,0.13733615412189948,0.2789664963239371
3307,0.3209153711795807,0.5164971921649825,0.4782309794872928,0.4325693682708839
3308,0.044564761221408844,0.4837139631276437,0.0462340180869299,0.26575868724308915
3309,0.0417737141251564,0.8761773451164396,0.6729343079042117,0.8871965939948616
3310,0.07725854218006134,0.8287304612970512,0.7917235632917451,0.8760662916922966
3311,0.131536602973938,0.5503623033001805,0.4615974594914749,0.485482955784329
3312,0.1339288055896759,0.5770902420559475,0.24212444471964545,0.7205754490329598
3313,0.039450861513614655,0.7356581742957937,0.3961642622524673,0.5240321195783101
3314,0.07287205010652542,0.8706949423778986,0.7683719012009013,0.8676147421966498
3315,0.22464536130428314,0.46028062720215096,0.3920721068127942,0.39529551973962807
3316,0.0511142872273922,0.81936946290732,0.4654923869017585,0.7936678599301428
3318,0.2971198558807373,0.5023903814513067,0.5634279110205728,0.5174936140751203
3319,0.2614899277687073,0.516653460780948,0.507429901774398,0.4802922130806958
332,0.23991522192955017,0.7682321703818986,0.7896361445667692,0.6652679762594467
3320,0.12170646339654922,0.6905821710087503,0.30191189990830974,0.6997304485212958
3321,0.019525041803717613,0.9178309394244437,0.7619183466446625,0.9456715369233903
3322,0.06132744625210762,0.8370173414672867,0.5804772819023682,0.8602056401298954
3325,0.06125115603208542,0.5069623556800753,0.08233644088568716,0.4534616470382564
3326,0.06569942086935043,0.8720379678891945,0.6702099380645723,0.8462785844796548
3327,0.057223498821258545,0.8729802268275948,0.8068503799315319,0.8456702593678235
3328,0.022877484560012817,0.7371195559124216,0.38595856228762876,0.6369438860460022
3329,0.06504226475954056,0.9013416576352189,0.8384503181234243,0.8283303122144352
3330,0.3047865629196167,0.5503925669163406,0.6200479272899474,0.48646938633674386
3331,0.10639700293540955,0.6907456366202311,0.30891937951671056,0.6777167246383277
3332,0.06250239163637161,0.6903892329653462,0.6226282019894748,0.7448863735232727
3333,0.21105313301086426,0.4669975324023765,0.11438679037999717,0.5846233933406992
3334,0.04106802120804787,0.8153403350390652,0.4447830111984948,0.8429832669746385
3335,0.10073427110910416,0.8407724076029455,0.5944203519368073,0.8123873326073388
3336,0.055849507451057434,0.8695349258356835,0.6467499264055293,0.8418481889685622
3337,0.046756986528635025,0.4948668189032138,0.05798896790552302,0.3228953567463455
3338,0.045861583203077316,0.5597948624771261,0.06945899807684972,0.3408725531605711
334,0.11928340792655945,0.7513566075899825,0.5852440904178489,0.6344008826448209
3340,0.16277192533016205,0.4299031563534052,0.09143632535222164,0.2766303538125092
3341,0.04447333887219429,0.6824722749412135,0.4454414134106831,0.5948326552081569
3342,0.08587953448295593,0.601593906360034,0.6091964267177497,0.6114520673250048
3343,0.07669993489980698,0.7944293291531845,0.6903599882253391,0.7458476000848591
3344,0.01732325181365013,0.7700734564097027,0.6409867237464495,0.7983638379653528
3345,0.045300912111997604,0.8531718376048587,0.7759022152317385,0.870964618428006
3346,0.11967887729406357,0.6573941953578628,0.6826028022777535,0.6897582361752913
3347,0.06556544452905655,0.7893003156087204,0.4262490566452494,0.7843999508514002
3348,0.0239967480301857,0.8500522899919198,0.6912270150587878,0.8926754313732013
3349,0.08855464309453964,0.7699189813712674,0.6519796371078243,0.8621598019100905
3350,0.08050847053527832,0.6300056888204925,0.38857650997255416,0.7064918121280961
3351,0.022576238960027695,0.8562994475943655,0.7516551669327358,0.9237170533423754
3352,0.024518096819519997,0.5432700793632544,0.1906867788852038,0.8589951973225718
3353,0.43095842003822327,0.45692097729002157,0.5269564595235285,0.371964116160145
3354,0.02445490099489689,0.7310199073433892,0.17808884509811185,0.6913137762314647
3355,0.00874779000878334,0.7814972676574881,0.5328230423136606,0.9183769795788004
3356,0.40308326482772827,0.4422271181112618,0.5334214454230088,0.4382508222635728
3357,0.04952521622180939,0.6235626482615905,0.23240791025568217,0.8262868877178238
3358,0.04580020159482956,0.539885816715614,0.08684835200087763,0.5391824017053045
3359,0.05383094400167465,0.8201124259764064,0.6522019744688179,0.8220590608780792
3360,0.06274708360433578,0.6670615092195953,0.6683203661882344,0.7000579841050938
3361,0.05461945757269859,0.47710267444651805,0.012777079294979555,0.5708374509197002
3362,0.04915713518857956,0.7281891384521528,0.373945651796835,0.7080636331515172
3363,0.13602226972579956,0.5778252271837877,0.5831213700827669,0.5268937574003592
3364,0.07970240712165833,0.841773432552514,0.7655174827732408,0.8226263718364405
3365,0.07170763611793518,0.8476846245301246,0.6928350744877999,0.8774202063558035
3366,0.1107877641916275,0.7837778558453329,0.7907669145768195,0.7837629078810779
3367,0.02869269624352455,0.4779436757483054,0.008824477707267221,0.40159518151651624
3368,0.06954964250326157,0.82548514275457,0.7404889526654799,0.8552585972205491
3369,0.05446771904826164,0.7212303203386281,0.23492838147364947,0.6774589670393028
3371,0.1360972821712494,0.43086296062920665,0.0008819413585489133,0.3379062872546921
3372,0.16589419543743134,0.573621991241944,0.6550828688114126,0.5748911147218889
3374,0.0335007905960083,0.8924251355084525,0.8112379844584613,0.915760070173038
3376,0.15479622781276703,0.6378769741649195,0.732904391896771,0.6598851855502943
3379,0.1325543075799942,0.5961951546282042,0.6161848459944633,0.5960556010334097
338,0.03926560655236244,0.7978683922496401,0.42466960377429025,0.8800720505417141
3382,0.08895163983106613,0.7638707756568298,0.5527370198270407,0.8532991904265101
3384,0.10039862245321274,0.6532939151243522,0.632463687227426,0.5771325149245428
3386,0.017589736729860306,0.7485316674548429,0.5716399390656328,0.8787125667579828
3387,0.12577776610851288,0.7397139837550912,0.6932075448696713,0.7762274951798809
3390,0.08232010155916214,0.6003663393762998,0.18946671224904105,0.6150611152050791
3391,0.12091203778982162,0.8774384635556493,0.7313798623949115,0.7978102330307818
3392,0.06497634202241898,0.7749434647239579,0.6664645411721913,0.8356682975306848
3393,0.18629679083824158,0.5431712801222498,0.5018439558382845,0.4637611661336434
3395,0.028488148003816605,0.8602552161912378,0.6755915141969748,0.8988088923679874
3396,0.0436096154153347,0.6216096804109243,0.6190610067313745,0.7061621470569704
3397,0.10683350265026093,0.8064738881582281,0.7354509940578853,0.804048998821298
3398,0.04977365583181381,0.775273012757406,0.7649355132144952,0.7724006477326018
3399,0.12107723951339722,0.6927868896533791,0.3008778683653911,0.7184556983667929
34,0.13632413744926453,0.7733207766752839,0.4706773722156656,0.6594721423101599
340,0.3646957278251648,0.3323723965364614,0.17209735434848014,0.2837974312813475
3400,0.016225261613726616,0.7825923844721904,0.38020958400528926,0.7910237533605209
3401,0.05840873718261719,0.6034073800638105,0.3117759685124334,0.7276089736835877
3402,0.32127851247787476,0.44341579865980474,0.4449293952566257,0.4142417115259633
3403,0.03134452551603317,0.8272662047978405,0.6220770282091234,0.9085335377748744
3405,0.05691998451948166,0.7119174995666062,0.7094267957347807,0.7231750605988754
3406,0.09875400364398956,0.834159529834511,0.7377019203302395,0.8532207623367378
3408,0.02456342801451683,0.8809503717403662,0.775096323740182,0.91234142909349
3409,0.12138751149177551,0.5625426827722024,0.16042149163280642,0.5903382338112191
3410,0.12276039272546768,0.784494011259302,0.500941345892288,0.7981363379352447
3411,0.1993657797574997,0.6049118163898692,0.6589422238451691,0.6071346930258289
3412,0.13539829850196838,0.6002064607280172,0.520219363888289,0.6625880800174873
3413,0.09956632554531097,0.48293762499839804,0.07271646991072403,0.4099076257061927
3414,0.06441580504179001,0.6854158487757849,0.7142481225321662,0.7175263283163262
3415,0.03537782281637192,0.8879599612709745,0.6049141828940489,0.8943978059430494
3416,0.09943336248397827,0.7283490835977384,0.5957196269920836,0.8256130726863318
3418,0.18133120238780975,0.5199287141174611,0.5427284785807971,0.4674559299369149
3420,0.03237830102443695,0.644425586821463,0.25951581535290724,0.7564757485297426
3421,0.10083290934562683,0.6885959221465534,0.7133713542522327,0.6735140242554517
3422,0.06710192561149597,0.6546664899018853,0.4609514516021523,0.5229317572256517
3423,0.07048311829566956,0.8302878231769966,0.7464132859696964,0.8660435447228807
3424,0.10037985444068909,0.6550920149005489,0.7080486279912959,0.6683297342147452
3425,0.14511243999004364,0.713771886984287,0.37463843279477654,0.693423031626506
3426,0.024165436625480652,0.552628552168146,0.07909361690224637,0.3567351170650408
3427,0.012691255658864975,0.701017133572571,0.44907716880127624,0.8968825647237819
3428,0.1314600259065628,0.6312581177592513,0.5149105064269498,0.545954668747887
3430,0.10346958041191101,0.7654201261531862,0.8202578057051311,0.7868749455577935
3431,0.14275819063186646,0.6809955508611791,0.46359472793396905,0.7938413202739085
3432,0.12236902862787247,0.44970084497428436,0.08525159880879446,0.2743737791169917
3433,0.016549065709114075,0.9026633600834018,0.6815973857716311,0.875630763362612
3434,0.02419598028063774,0.9057158555266883,0.6173148892368746,0.9130216455684974
3435,0.04087932035326958,0.6513174326498208,0.12556984817029912,0.5022988885603928
3436,0.14512063562870026,0.8099669822997821,0.7721808277340988,0.7655041457150502
3437,0.178972989320755,0.7913703286119771,0.7797863252696356,0.7339519738325821
3438,0.06436430662870407,0.7670648037666495,0.710841623225591,0.7846773680483776
3439,0.03653983026742935,0.830193846397858,0.6574610641817983,0.9087619569719019
344,0.013298164121806622,0.8356411631883255,0.37069541688636704,0.8649649959950574
3440,0.11698150634765625,0.6388623120757186,0.5018280035591618,0.6649978667005593
3441,0.07658360153436661,0.8897231757943087,0.8654471945939216,0.8461192844390697
3442,0.06466162949800491,0.8385325669434144,0.5612438154641662,0.868333244930395
3444,0.11280029267072678,0.501252213707952,0.08835920326424308,0.4469012899352296
3445,0.10302500426769257,0.6440686572393266,0.5839432563588994,0.6819907384573053
3446,0.24293217062950134,0.389838600119595,0.1436349132207705,0.2887144489494865
3447,0.039939042180776596,0.5670131260977174,0.0824306205566945,0.6249692421776428
3449,0.021912802010774612,0.7143220722676424,0.4678350790883471,0.9260972765137512
3450,0.03462601080536842,0.5429398094379771,0.10257037771197516,0.575669486898591
3451,0.08460497111082077,0.46089946111284646,0.09439870282341506,0.2751608198118961
3453,0.008728209882974625,0.8368838987416584,0.5435842487974428,0.9433693629866262
3454,0.10740923881530762,0.6503855901153885,0.6433208807060862,0.6637118382480863
3456,0.10944349318742752,0.7625120430925414,0.5331623194705472,0.8314676168864561
3457,0.01494788657873869,0.7974782065528494,0.5312376659072271,0.83484573938223
3458,0.1490345001220703,0.8088551126665391,0.6246545984949281,0.7817886943239827
346,0.09020629525184631,0.6099230329307028,0.29424673327676076,0.5213183107082833
3460,0.11736412346363068,0.901092205001857,0.8219565988281339,0.8204162500057794
3461,0.16472990810871124,0.7706754313353541,0.6371432154310424,0.7385013716234559
3462,0.14233824610710144,0.6296738907106412,0.4802835518623951,0.60007354896642
3463,0.04033942148089409,0.4714428148709789,0.0037608451258809954,0.6519298489558025
3464,0.5938461422920227,0.20834989264078302,0.08421542426558686,0.2547158257707869
3466,0.1334068328142166,0.7068581335724307,0.509333624523184,0.7728519586137526
3469,0.047776490449905396,0.7769564120883037,0.7434210113414604,0.7844540243270888
347,0.06399159878492355,0.7694624472546818,0.6173035213425108,0.6450183187051477
3470,0.2166711986064911,0.6085342825322636,0.5916371551575602,0.5752017700123988
3471,0.22700083255767822,0.5361491578319068,0.3232547774249979,0.649881933561369
3472,0.23525743186473846,0.4349245577908415,0.3413369614010198,0.3561918434834166
3476,0.1389026641845703,0.4870028295510128,0.3989697396837572,0.39960405332067106
3478,0.019505204632878304,0.6731964069672998,0.5712361399439765,0.5764420102944398
3479,0.03316642343997955,0.7367251707526878,0.4902355838637017,0.9124321546349567
3482,0.0625908374786377,0.7271413944438916,0.6056341645518332,0.7027494381805613
3483,0.10631357133388519,0.4802057612388855,0.046647950087802044,0.5626927420036534
3484,0.06060473248362541,0.7882342314280766,0.380690072811851,0.7603873257261611
3485,0.027055660262703896,0.5126868846521733,0.04124840443736883,0.3899152655227791
3486,0.03763475641608238,0.748150351890015,0.42623811169264403,0.8169826624259553
3487,0.07550923526287079,0.8490319268215238,0.7877091081162737,0.8342371940483568
3488,0.06716874986886978,0.7678443075694235,0.7137602009406592,0.6661916634306813
3489,0.16631941497325897,0.6796464258056909,0.779079473079327,0.7182873660912782
349,0.07842378318309784,0.8263775252172443,0.7706492328461261,0.7727568324391421
3490,0.11740048974752426,0.6540246194886625,0.4109550917813928,0.7713052255040616
3491,0.07696156948804855,0.8080903941123814,0.5775132147268136,0.8408629649990104
3492,0.12468177825212479,0.6432623193958529,0.6522663697998912,0.6391698782955142
3493,0.03885573521256447,0.8538479749322636,0.7520052583426584,0.8620834343037298
3494,0.1354963481426239,0.6728578618693527,0.6955795771947024,0.6390791314750927
3495,0.11084502935409546,0.6737451094262403,0.49923225215619055,0.5954287884875021
35,0.32535290718078613,0.4379660920521792,0.39526083156148006,0.3798508833109669
3500,0.019031506031751633,0.8033467794163789,0.46280595100972977,0.8309924019555109
3504,0.21464119851589203,0.6803469424567326,0.7073893594102572,0.6495571612386398
3505,0.03395595774054527,0.6933485429759201,0.6564333491802526,0.6887171503865397
3506,0.10235551744699478,0.758423544167632,0.6443440756665669,0.7531302315104493
3509,0.06656467169523239,0.709143848320783,0.31490570951005464,0.7498067653766507
3510,0.07474619150161743,0.7914657200400117,0.778249531849826,0.7848732681811406
3511,0.02930346131324768,0.7217670385062486,0.7378720841985624,0.7742623106555461
3512,0.15945784747600555,0.5815378804406035,0.6342284029195914,0.6140234039822482
3513,0.08536048233509064,0.5599553508051629,0.4879895233605818,0.4549506219301923
3515,0.03512014076113701,0.6205636484840288,0.13865911989135038,0.5971355000500738
3518,0.1000484824180603,0.7050122148671618,0.5527092233188952,0.6937350889714418
3519,0.0714360922574997,0.545366669314928,0.20974447341390481,0.4284251079957358
352,0.2317461520433426,0.6033582321066189,0.5886093714142755,0.5217646031766454
3520,0.05385512486100197,0.6493370256501165,0.25142539642641104,0.6468023594110425
3522,0.06252102553844452,0.8734092980155903,0.6200019474748338,0.8889788544589301
3523,0.050362300127744675,0.7567272582953246,0.32216661723916695,0.7257332616583951
3525,0.10056239366531372,0.7892910067073338,0.7761952168901513,0.8139873174506621
3527,0.06604909896850586,0.7102413178089461,0.6425659872012941,0.6708178077706213
3529,0.02030867151916027,0.8158443788256906,0.5240403405051027,0.7622999403078334
353,0.05564441531896591,0.8927983362189796,0.760561263308127,0.8445423059067825
3531,0.06642153114080429,0.808145946905265,0.5160713440659704,0.842788726052078
3532,0.07692345231771469,0.6970111580650321,0.4726969314551212,0.8036712538302054
3533,0.1029159352183342,0.8517060775255467,0.6726066906269883,0.8413096044934913
3534,0.06309538334608078,0.5679910528694769,0.1403745732919901,0.4851842603992807
3535,0.010147681459784508,0.6902623272225227,0.37739981896897207,0.858505344623691
3536,0.2395741492509842,0.4001996784496954,0.01980257526606676,0.2947301942770413
3537,0.06372098624706268,0.5874702265721712,0.07371836314877539,0.6279967142562967
3540,0.021831069141626358,0.8323350871649782,0.4942893099325037,0.8763853050892692
3543,0.02153720147907734,0.5478389115750536,0.16111755378473014,0.3471807175786771
3544,0.10136941075325012,0.6337018151577217,0.5664388446193879,0.6055920260063291
3545,0.009288267232477665,0.9042537800669677,0.7827958333988814,0.947980520054124
3546,0.0661826953291893,0.8406840248057779,0.6114485810818355,0.871863314913288
3547,0.06802602112293243,0.6057596255276667,0.11953547644699293,0.6419877220681363
3548,0.05370844155550003,0.47976871051517467,0.07835143904805442,0.313956207763208
3549,0.011226258240640163,0.49965191363850536,0.004956586981371051,0.2517234908565817
3550,0.03630674257874489,0.468206335870875,0.0018866176842904992,0.40220234232321084
3551,0.11708357185125351,0.6650684353915705,0.29367537431214674,0.6890690603066598
3552,0.07102329283952713,0.7850281613952892,0.7655314664784986,0.8069071709768252
3553,0.03709001466631889,0.7955334908622602,0.3417934638758639,0.7895617419227996
3554,0.06135827302932739,0.5979946981316162,0.1601056234204956,0.5774610982075948
3557,0.02144629694521427,0.937564969419894,0.7776096485885935,0.9077564038863876
3559,0.00420010183006525,0.6657375354995607,0.22202092123853576,0.47372386197721894
3560,0.1255856454372406,0.7802356561620913,0.7779251402519946,0.7659850628267955
3561,0.024904552847146988,0.8696904563627288,0.841396397532024,0.8646825746109108
3562,0.12443523108959198,0.5256018315078483,0.10927675269607175,0.5317206744039574
3563,0.054127685725688934,0.8485468925805529,0.6517378985133784,0.8929018134048674
3564,0.18557456135749817,0.5291993624648877,0.09799936536294844,0.45500054357871766
3565,0.033299341797828674,0.7965431899664004,0.5708682530610788,0.8302755812910814
3567,0.029189446941018105,0.825223039165109,0.6382593086743285,0.8823029413626274
3568,0.010562477633357048,0.6383352596303935,0.31452595004141143,0.5321132714112726
3569,0.03331734240055084,0.6918276131986788,0.6848472994745898,0.8052812926713704
3570,0.03771021589636803,0.4988493345712393,0.009861201496063223,0.42830964161357665
3572,0.07095213979482651,0.7025894977255742,0.5242899976426281,0.7447424165249874
3573,0.026902204379439354,0.8818425210421792,0.7599408947789383,0.9047459875690927
3575,0.009761064313352108,0.4981371655423595,0.003593978235916108,0.24993780504341964
3576,0.008044333197176456,0.8222177083087681,0.4531910841234523,0.872311083301309
3579,0.10251876711845398,0.7252757460012795,0.6639074684287949,0.7189959701009895
3581,0.013858542777597904,0.5481885251240787,0.03227887408190213,0.5608595394259508
3582,0.10023945569992065,0.7274010237153143,0.5010192774225505,0.8268108340184593
3583,0.10998520255088806,0.5801673030200614,0.17585133982496912,0.7176882186377975
3585,0.08429164439439774,0.645789670384534,0.6125926198500227,0.6727954053591656
3586,0.05190267786383629,0.8232808820865886,0.6508310227548258,0.8390458602323985
3587,0.1754043847322464,0.5222386122902463,0.37849178542387274,0.4741820869853326
3588,0.0709717720746994,0.7431588680910793,0.6029928679509634,0.7825619085896598
3589,0.0628599300980568,0.5574056052729862,0.039268370118255555,0.4930150865217002
3590,0.017590442672371864,0.9273294893429656,0.7137427890902754,0.8856709650203429
3591,0.05386695638298988,0.6140399239701061,0.25580084263115016,0.7316916610990489
3592,0.0332283154129982,0.5743017534538244,0.07532679090241677,0.5696208447750715
3593,0.050262704491615295,0.7121115453733691,0.6851223888452402,0.6889929808906101
3594,0.052400726824998856,0.5040370154052622,0.10572840755330548,0.4434645334717704
3595,0.0060548982582986355,0.4986501497255256,0.0013384966322438586,0.2505477829693883
3596,0.06270093470811844,0.7077977396873883,0.7398625555571802,0.7682986107479386
3597,0.04749961569905281,0.9063944114053043,0.7524537635319553,0.9201572729862086
3598,0.0198953989893198,0.8444881699070783,0.5991154349802887,0.8631143326373294
3599,0.0119624687358737,0.4984383778687974,0.02363457000882469,0.2602680437932502
3600,0.016756482422351837,0.8203556937662211,0.5113209029995645,0.8652180293496406
3601,0.05327700078487396,0.7699144960377138,0.6177971500610198,0.8852002477240684
3602,0.19790153205394745,0.40303415872592296,0.029941604866919314,0.2545788055767398
3603,0.07430903613567352,0.6696709633175947,0.7298861247809352,0.7644023732463319
3605,0.09534209966659546,0.7505203359761106,0.3301965098362845,0.7245082956440327
3606,0.11203794181346893,0.6420832371383882,0.5831370315697478,0.6634567571800875
3607,0.07095164060592651,0.6926493116661585,0.3789895284985412,0.5556105339950643
3608,0.07683321833610535,0.7761791095917856,0.728482441722313,0.8303337645163259
3609,0.14646084606647491,0.42214083831325006,0.0173909600996215,0.295092972665715
3610,0.037227679044008255,0.7858374865123356,0.7105924009087096,0.7696244692147167
3611,0.11441771686077118,0.7779150601011213,0.6130294961721919,0.7056894908611637
3613,0.01802288368344307,0.8064553975812918,0.43647271853441744,0.85029058798193
3614,0.094301737844944,0.6917076700382772,0.6904100632927295,0.7117066955608649
3617,0.026349671185016632,0.7059668128204943,0.39760842090937426,0.8496299664545239
3619,0.041882604360580444,0.8941812855006608,0.7443502883736863,0.8798770601149906
3620,0.019375018775463104,0.7286749667525065,0.35751819566378334,0.8862151135937271
3622,0.10918240249156952,0.4915495373123397,0.08933562480990713,0.5223703071065553
3625,0.12232877314090729,0.7351145805321545,0.5953496740449169,0.7813681897980972
3626,0.03456579148769379,0.7763584040259828,0.5278669802897654,0.7052181144564293
3627,0.13846568763256073,0.7715154852020856,0.6779497166186021,0.738019154806772
3628,0.46010103821754456,0.38694821833191767,0.47653368038399246,0.329885752970388
363,0.05229594558477402,0.8042480656520268,0.4097625571822011,0.8171137687837551
3630,0.03384872525930405,0.8032049601199256,0.5174878318936214,0.8698930297377893
3631,0.04692422226071358,0.7560632293119176,0.483521662030047,0.862829011740725
3632,0.00976034626364708,0.8357172748073317,0.7627933859228564,0.9225014303381824
3633,0.06442225724458694,0.6055325617939873,0.2958966106741588,0.8417130605433925
3634,0.05711939185857773,0.6958699091782878,0.2795709530206557,0.7559552552568679
3635,0.0822247639298439,0.5091206506004056,0.29961759170475966,0.37119008027170486
3636,0.02874782867729664,0.8512084233864532,0.6618898125479773,0.9245463363500261
3637,0.0574256107211113,0.4912486705911838,0.1085212865735116,0.36495629374300065
3638,0.060963645577430725,0.839396481174257,0.7448278529408852,0.8166675527081126
3639,0.019135983660817146,0.6361091735851794,0.10914589546761766,0.5394116344769386
364,0.07010464370250702,0.4668673314606815,0.01768544844261198,0.2507106763034491
3640,0.05069364979863167,0.8642643655961209,0.809727041896619,0.8398606042909003
3642,0.06075390428304672,0.8144763417417117,0.5096141970844696,0.8556454228667063
3643,0.06666044890880585,0.7720289936699116,0.6948757294731412,0.771164794651503
3644,0.05504197999835014,0.6863716822976081,0.245529071508858,0.6669760960425005
3645,0.07224145531654358,0.4704712937512281,0.07786132966696008,0.27460592208387413
3646,0.056174423545598984,0.4681533253602954,0.01055787945398433,0.633729562168126
3647,0.023232676088809967,0.5107379560948256,0.017215136228212885,0.48194325942924277
3648,0.08023006469011307,0.8438063647696152,0.6165964191813217,0.8507865245101106
3649,0.01013683807104826,0.7769115897608605,0.62781152121011,0.7678820512925265
365,0.11404916644096375,0.8182791127259493,0.49686908963482607,0.8046938565362229
3650,0.0871223732829094,0.6376967807229776,0.19198104229729673,0.6116321290661544
3652,0.021591393277049065,0.7357111520485962,0.3711275437403924,0.8115401201873
3653,0.08402252942323685,0.5895397888366856,0.23850611789409298,0.8146728373378376
3656,0.037124451249837875,0.6166967800278242,0.10620175275246067,0.5813487812151638
3659,0.021865947172045708,0.8918919650078212,0.7586347886964514,0.9291943928161444
366,0.03439083695411682,0.7902443872527395,0.7013818931237684,0.8918442662425343
3660,0.018606068566441536,0.8888501216092297,0.6001180855738972,0.9193710266826844
3662,0.05656310170888901,0.7337948355147887,0.62354415790471,0.8400444799646498
3663,0.06251759827136993,0.8539120178016475,0.5513083336734368,0.786864084570887
3666,0.10066625475883484,0.5390026705752653,0.49248095682702187,0.4623337309246519
3668,0.22596143186092377,0.3911941361709216,0.053665887259246425,0.2616409771809042
3669,0.052006300538778305,0.8601548272083195,0.6568749060989149,0.9013221196768766
367,0.058257851749658585,0.8332619113024581,0.7444522246038402,0.8560766481245048
3671,0.09417770057916641,0.4776534814769305,0.22287062997685753,0.33690039984387754
3674,0.06130624935030937,0.6903222649862415,0.390739185589825,0.830123322647438
3675,0.04233688861131668,0.8344064694244161,0.5222903762673806,0.8943649028038191
3676,0.05572741478681564,0.834891544562081,0.5009878715626395,0.8467288734230993
3677,0.013101808726787567,0.9038409376265977,0.7508885262550251,0.9348970995624806
3678,0.02588680014014244,0.711177218844467,0.5311274770951123,0.6451770980030125
3679,0.07622679322957993,0.6602461650445017,0.32693354569367283,0.5211316884605568
3680,0.020953861996531487,0.8062775613595935,0.3696002834716811,0.7615554012925239
3682,0.15752840042114258,0.5198601941622001,0.40151496398477865,0.3970260725530575
3684,0.0821063295006752,0.6897100003713361,0.46937165503402273,0.6735502934054073
3686,0.07229281961917877,0.6959957841807469,0.4336205256419976,0.8426445262778808
3687,0.01472667045891285,0.8382086681203424,0.6911377425313963,0.9368679696648462
3688,0.06654254347085953,0.8373748827140775,0.7278360966347287,0.8442274047090288
369,0.21139918267726898,0.6617958689709524,0.6656862552541916,0.5868054948865362
3690,0.028422974050045013,0.9298677742383554,0.8335173681472822,0.9130058705609931
3692,0.2897929847240448,0.3577491261885521,0.02730087815543497,0.2514388580013789
3693,0.13894739747047424,0.6586693788984437,0.6727218356172453,0.6395490382130643
3694,0.144182488322258,0.7839513426569316,0.661759234101834,0.7273044280007417
3695,0.09860417991876602,0.7693965274436423,0.5725275160418761,0.8097640418227816
3696,0.1249174177646637,0.793370046172597,0.5467214802844056,0.7786977786748727
3698,0.03611935302615166,0.8373462573176893,0.7062348830744288,0.9104178822112965
3699,0.0023517105728387833,0.4991251411757301,0.001434911694011119,0.25733209027639103
3701,0.009123529307544231,0.9223564380777312,0.8689075884342596,0.9460724998163034
3702,0.015365207567811012,0.7762475278692438,0.5767122700710912,0.8552153794644051
3703,0.049297306686639786,0.8675376502960706,0.5553040848325306,0.8578886865729907
3704,0.13581664860248566,0.8683779651542005,0.5904814556606782,0.7741930599369888
3706,0.10080263018608093,0.6475674587935314,0.6008765587712179,0.5475879954382057
3707,0.06178828328847885,0.8522617353683728,0.48346127138722256,0.738054729552636
3708,0.19966596364974976,0.5495727513537351,0.47055353420139895,0.4558806487630942
3709,0.09665980190038681,0.4533823352122734,0.0241334076610096,0.2540760909945976
371,0.0473448783159256,0.6202038127064514,0.4905042414823444,0.710500348813978
3710,0.18638339638710022,0.5587587756489291,0.4957803293465906,0.4654853188957868
3711,0.032974909991025925,0.8558718596712418,0.6491145824826934,0.9056630985512806
3712,0.01650761254131794,0.9537915603568593,0.8511812365844842,0.9475004235897333
3713,0.03829153627157211,0.9128465981741287,0.7693383436276645,0.9200273053035131
3714,0.03331832215189934,0.7396932207399463,0.740501221507871,0.8346558875290646
3715,0.14985603094100952,0.4290237660543012,0.059043533523285466,0.26138867818703554
3716,0.09260381013154984,0.6227354099792611,0.2866596446633805,0.7878544865690478
3717,0.1265370100736618,0.543399288287717,0.3292868392723429,0.4386818000372895
3719,0.07205277681350708,0.8441898423958214,0.613593116829101,0.8391737266891104
3720,0.08668669313192368,0.873150235810735,0.69174307063651,0.7933207515015139
3721,0.03115803562104702,0.8958453980170538,0.6987984209392983,0.9316081259610598
3722,0.06428573280572891,0.7202286169534813,0.539731410625754,0.8019486853891682
3723,0.0030522169545292854,0.8799940682821557,0.6216856857627376,0.9285729875111679
3724,0.16253440082073212,0.5798609729039921,0.23958484686941373,0.71971719340242
3726,0.023167820647358894,0.8319467043521627,0.6472578435792242,0.9316192729073762
3727,0.005124295596033335,0.9414926211598296,0.8297768952207816,0.9396968249855229
3728,0.1992167979478836,0.4433857832999172,0.29763287947892636,0.35969053553419805
3730,0.2104913294315338,0.3973536529481194,0.026993062644609905,0.25279607215136457
3731,0.31986451148986816,0.3426653459081809,0.029256996023880988,0.2509161915587858
3732,0.23597432672977448,0.4214746234621479,0.25163703863974335,0.3465408262577674
3733,0.3087094724178314,0.3476273632891764,0.025519805941094143,0.25370610091514456
3734,0.23442292213439941,0.5245701042508926,0.4412363040019662,0.4647575863590034
3735,0.017666064202785492,0.8212845804125398,0.7876831065332716,0.9118840522542466
3738,0.08161872625350952,0.6753110934960389,0.3081672880678887,0.719402119638427
3739,0.0946972444653511,0.8389557195080702,0.7918044493258256,0.7919203831547046
3740,0.032796069979667664,0.9218765521686382,0.8267088977076793,0.9393150956355124
3741,0.06183431297540665,0.7310049969470371,0.6617095152472269,0.8023129975708143
3744,0.06242945045232773,0.7385323160473587,0.39092595943299224,0.8051106365375711
3745,0.09268969297409058,0.460426189762198,0.01988945329605571,0.6788022067895095
3748,0.0596061572432518,0.7115558643051281,0.6692173402928054,0.7815110430746766
3749,0.027061982080340385,0.9009108280124558,0.8211882951735844,0.9364024797727433
3750,0.07924607396125793,0.7489607974000266,0.6617140892535283,0.7215673338654504
3754,0.02390332706272602,0.6793260244949141,0.6061583241952677,0.7245927370186546
3755,0.04357430711388588,0.8600322472651727,0.726390361156565,0.9133366645058615
3756,0.05391079932451248,0.799793271291636,0.6675699244250728,0.8734265117723305
3757,0.1261071264743805,0.5617725806476713,0.20622508024723785,0.7495903848427026
3758,0.06903606653213501,0.8279031472220924,0.7008586259355299,0.8707248059777625
3759,0.029078582301735878,0.5997407953056397,0.6526577073064138,0.633138946588974
376,0.039017897099256516,0.5204196862997514,0.24264600501553868,0.35715685548255044
3760,0.21909748017787933,0.6215417060200854,0.5862898462850088,0.5582737120917232
3763,0.13808996975421906,0.5863793222224382,0.36461952884044424,0.7905570648094986
3764,0.05836181715130806,0.8972436517252381,0.8426413534034798,0.8977309684277044
3765,0.2539859116077423,0.3760148280300648,0.046891361215880244,0.2550189471875587
3767,0.09763345122337341,0.7590369769761671,0.7261351273769231,0.71134455965875
3768,0.10602456331253052,0.6580038380004971,0.429784302977952,0.5857540641826362
3770,0.05541049316525459,0.7799402617729497,0.6880515030917544,0.827889974542885
3771,0.03368794918060303,0.8441348267744131,0.5829833673613456,0.833653923325419
3773,0.27405062317848206,0.48427075936757924,0.397343402382185,0.39331510080046495
3774,0.09166613966226578,0.8016042708413316,0.8383016466203537,0.8152680839088193
3775,0.026298873126506805,0.6917290130544897,0.29773432830551616,0.7824937245383801
3777,0.058025408536195755,0.6819886764629852,0.2715560470053289,0.7358573843599965
3778,0.061845794320106506,0.90526943369157,0.7859582121196355,0.898053121587598
3779,0.0433715358376503,0.8219629769062695,0.6463918407312649,0.8803313583369873
3780,0.03660698980093002,0.8474499601108636,0.6001088584851934,0.914252997017521
3781,0.10792819410562515,0.7928319016268386,0.5917789151506824,0.8232871013141468
3782,0.0714867115020752,0.7543200798250274,0.4051481882656837,0.7961092834103244
3783,0.059010956436395645,0.7311945468339291,0.6093994692138726,0.7552149767169358
3784,0.09046193957328796,0.69570423464408,0.37917176830793176,0.7894370962309474
3785,0.04062636196613312,0.8868490133082796,0.801142129215263,0.864121790812644
3786,0.1719127744436264,0.671414991940986,0.6910645116389108,0.6698985917354073
3787,0.02514033392071724,0.8877325594040125,0.8030187139064363,0.9121588544326587
3788,0.3256133496761322,0.3492734006617524,0.13820613473788482,0.2766595220073402
3789,0.0567094050347805,0.8253965368546481,0.6327597506726133,0.8824247735615456
379,0.08995344489812851,0.8741023091562373,0.8435617606458767,0.8341551327077412
3790,0.021372893825173378,0.57258090129174,0.0832190997100519,0.6377634449357533
3791,0.05400438606739044,0.6913863112534242,0.6424108834751638,0.727655157565113
3792,0.0403665155172348,0.8162299429717464,0.6098111506132411,0.8277866516877544
3793,0.03904750943183899,0.8930209819516347,0.7455695529606863,0.8997255690437841
3794,0.06647919863462448,0.7904066770760556,0.6485740512892333,0.8675329574069119
3797,0.05030711740255356,0.85698520455166,0.7280142479341997,0.8710400669644969
3798,0.029910007491707802,0.698791453596243,0.5709107987630112,0.7604758463541945
38,0.07805829495191574,0.8819573951726403,0.7516885593431987,0.8553952351000538
3800,0.06922808289527893,0.7922014457985357,0.5483539639853131,0.8615140943154524
3801,0.052388325333595276,0.8470577356694879,0.7552779901284287,0.7976822347464735
3802,0.059935323894023895,0.8649010237294998,0.7895131532494564,0.8658652725159184
3804,0.033945515751838684,0.7920996750559472,0.6275189586650252,0.908901397531433
3805,0.1166304275393486,0.791642217865195,0.7400151207584381,0.7908566410893314
3807,0.01969338394701481,0.7364399766672187,0.5551670161031719,0.9126070869396995
3808,0.04530007019639015,0.7329727617249083,0.5888733356579315,0.7729058639407115
3812,0.05130242183804512,0.8520886821394547,0.6720320159025104,0.8466637435611484
3813,0.050611451268196106,0.8458081494946779,0.7342032509743163,0.8704277032019014
3814,0.08568178117275238,0.7357263030383832,0.4863903892118424,0.7187828514592842
3815,0.033898357301950455,0.8649447275590348,0.7604069220501507,0.9226660651004948
3816,0.16118183732032776,0.8097159101928969,0.8171726994122606,0.7802752564444831
3817,0.05779808387160301,0.7569838476322076,0.6703996456713227,0.6695891701423625
3818,0.02349981665611267,0.7601291025574061,0.7033079338978145,0.8702706920139305
3819,0.12270215898752213,0.8090435944700197,0.6024812909166629,0.7117628991500208
382,0.06569826602935791,0.9114387454312214,0.8073253557340774,0.8779718244145017
3820,0.024890663102269173,0.9483479418731249,0.8378615439335326,0.9397373526359156
3821,0.03827337175607681,0.850760819280125,0.618860817600561,0.8031906314723378
3822,0.20713599026203156,0.4363044541253869,0.2873840670913796,0.3377000993952475
3823,0.0907372310757637,0.8362592911803634,0.8101709045999111,0.8276818799760368
3825,0.05566994845867157,0.7215368185071731,0.7548046683979118,0.7563044433157888
3827,0.05118177458643913,0.7459728902763983,0.40893055522908217,0.8412023472720238
3828,0.009074664674699306,0.8317435465901535,0.7348650273193034,0.9273538849384049
383,0.03269921988248825,0.9415426206565864,0.7724910445871331,0.9430191167662612
3830,0.055213022977113724,0.8865413181653846,0.8414557109957933,0.9183603655620929
3833,0.0526806078851223,0.8894638400007813,0.7545665901305364,0.8917121504424699
3834,0.03759803622961044,0.7889579575958565,0.6326796074110932,0.857526555965699
3836,0.030250001698732376,0.8165843735645457,0.8498705277214573,0.9054277479953361
3837,0.04824463650584221,0.48047683560485405,0.04525965423604394,0.6696082938908006
3839,0.08741284161806107,0.8645278422641927,0.7319508344917584,0.8148393971739176
3840,0.06602548062801361,0.7399517696446798,0.6628625610223717,0.6890650207953049
3841,0.218281552195549,0.6052664857445198,0.5630724026524235,0.7343206437295935
3842,0.07025561481714249,0.8770167107567259,0.8353113049816866,0.8580661898068379
3843,0.11911797523498535,0.8341810427755582,0.7595864076877362,0.8415799901682103
3844,0.13386158645153046,0.5728249581624486,0.23993841308428754,0.7743097046845631
3845,0.05194836109876633,0.8451410417172228,0.7497696657714125,0.856945151566827
3846,0.061759404838085175,0.7176893491466321,0.44732044103124524,0.8745262245960983
3847,0.017087243497371674,0.825531576688258,0.7616440865886687,0.9314185476122412
3852,0.08483897149562836,0.8695314618747522,0.8235429293660993,0.8725468382186564
3855,0.09494534879922867,0.7309895843269114,0.46324511935196644,0.8076712894340815
3856,0.0903954803943634,0.6799431254937105,0.2731355290233364,0.7424142821627727
3857,0.09189633280038834,0.6910213582129686,0.5174184782933503,0.7754114242798186
3858,0.05563805252313614,0.6940348887255943,0.3195078469593223,0.8364879489726296
3861,0.09559699147939682,0.6871478816888867,0.5726947620498579,0.8213135622911879
3863,0.06252989172935486,0.754834743799738,0.6488224514092245,0.774448296843929
3866,0.09092708677053452,0.6722569875751061,0.4161106168882054,0.862377331821445
3867,0.05284881964325905,0.930998491437138,0.885412931869957,0.8794103291886037
3868,0.04594894126057625,0.8874838677950281,0.7515801236676523,0.922151724857624
3869,0.151224747300148,0.7637420222752208,0.7948912463697905,0.7674695802991187
387,0.14584065973758698,0.6830208500777665,0.6085873884422155,0.6257590315637822
3870,0.13670901954174042,0.8019264028608013,0.6532701885216656,0.6818410936018129
3871,0.09894495457410812,0.817694967537852,0.7147759146759535,0.7990774802032861
3872,0.02298029512166977,0.8529217514902028,0.6470763701331478,0.9006196890191113
3874,0.04203316569328308,0.5013742499969082,0.03124285626692004,0.37206210610144064
3875,0.04939611256122589,0.7657834647255602,0.5667094452629919,0.8882613053682715
3876,0.02636132575571537,0.7847114690598218,0.4747920451146742,0.8459852196922417
3877,0.07531099766492844,0.7264347348662473,0.6357207844204056,0.7813590307578637
3878,0.024202391505241394,0.760555557142568,0.6286071090864566,0.8534998760351061
3879,0.05795905366539955,0.7815242367815107,0.6998234435505236,0.8859808861612699
388,0.18921327590942383,0.6070163546693896,0.6228416328636409,0.5452056875793712
3880,0.03413499519228935,0.7432013033816083,0.806472015907145,0.8804725707719931
3881,0.04529717564582825,0.6168205492345468,0.1671198269783262,0.638629520223184
3882,0.011173795908689499,0.8741669459781187,0.6642848361334859,0.9333773050086396
3883,0.04906858131289482,0.8693831625006914,0.7920357824418414,0.9087638117971764
3886,0.051794249564409256,0.5679062339931107,0.06608076265776092,0.49156359654883447
3887,0.04787283390760422,0.4963051533681002,0.014986037907135335,0.3619765281397659
3888,0.057807765901088715,0.8521058702383308,0.7809273713703679,0.8662464921106783
3889,0.03993835672736168,0.9116839494905484,0.8737688811007746,0.898263851748011
389,0.1541544497013092,0.6987221969596387,0.5800530471855462,0.6028157128071092
3892,0.3167889714241028,0.34849480825333606,0.10501552077779351,0.26684569872696595
3893,0.051311980932950974,0.8336604594735707,0.7750472576125238,0.8794437848864762
3894,0.170913964509964,0.7505536244185802,0.5588206431663716,0.6868060944594764
3895,0.057806532829999924,0.7680262189910078,0.6198114298028049,0.8775463584340917
3897,0.04599696025252342,0.7796138217713214,0.3184562940699887,0.774027738150963
390,0.046494487673044205,0.9423448694957646,0.8216415192133516,0.9052940935381898
3901,0.17137505114078522,0.6848600550802713,0.5029624158827535,0.6479165087729217
3903,0.12799347937107086,0.7736934067993448,0.6007468377611719,0.7540486670862387
3905,0.08808890730142593,0.7872167081997206,0.690926739625907,0.742622543396022
3906,0.07235432416200638,0.870278923051483,0.8331299552613409,0.8924464999398721
3907,0.06786647439002991,0.7193033545820491,0.7276851946239842,0.777594378932484
3908,0.0898827537894249,0.48494545379294757,0.25813681134447625,0.34269221024349034
3909,0.21279911696910858,0.5821416046345423,0.5806836440836559,0.49391540127435885
391,0.16941261291503906,0.7775846861606912,0.7286908406688105,0.6735191547036756
3910,0.03740204870700836,0.7181330438226747,0.3982142914172397,0.8309744509927417
3911,0.04554378613829613,0.681863330598282,0.7012594916964604,0.7077783483323398
3912,0.05602152273058891,0.8758812585171709,0.673595256411818,0.8760149369724765
3915,0.06737560033798218,0.6804409374878495,0.3166671052425171,0.6981494806167454
3916,0.15222252905368805,0.749362351517362,0.6033320142865429,0.7740346860835325
3917,0.15974274277687073,0.7449790074880578,0.8292310351354669,0.7806779004858249
3918,0.07842618972063065,0.8301248107154059,0.7582465554659293,0.8502428015241073
3919,0.02317175082862377,0.9318357076185397,0.80672184745845,0.9317120224126666
3920,0.10053429007530212,0.7874709603585435,0.6895406009352355,0.8364955995908631
3921,0.16313707828521729,0.42132987145357925,0.03293058056861869,0.25671475628928264
3923,0.27602308988571167,0.3676092514564371,0.06477306612529876,0.2603302309787625
3924,0.04437281936407089,0.8433864780126574,0.7662819727206928,0.873390144058976
3925,0.034188129007816315,0.9058424237649507,0.8609016097885592,0.9058470193521343
3926,0.06470063328742981,0.7200918962638418,0.34570104069816815,0.7614695123029327
3927,0.06185503304004669,0.8221295423942333,0.47597388530678625,0.823277166947962
3928,0.03354343771934509,0.7437974335686807,0.4994758419239867,0.811376711494295
3929,0.13589680194854736,0.7788594430964494,0.7126742059182549,0.7887839127134617
393,0.04419887438416481,0.8267175075388273,0.38056577203316655,0.7888160252450935
3931,0.02271880954504013,0.8400915667182571,0.7369977167362308,0.9119400680762172
3933,0.13651829957962036,0.7024565199408532,0.3007073974968146,0.691938591331632
3934,0.06998676806688309,0.7802278460769994,0.6306364717966723,0.8032296039960084
3935,0.26582881808280945,0.6223099099707758,0.6559056116518804,0.6656167196774916
3936,0.056439805775880814,0.7991561210662229,0.7433257867198266,0.8834802199801369
3937,0.1741100400686264,0.7918684230349595,0.8149436507953738,0.7528207459820202
394,0.05071699619293213,0.8103011409593254,0.35131680612716903,0.7849658300238427
3941,0.053481388837099075,0.814113614242163,0.6040848329655747,0.8932478889839234
3942,0.056473907083272934,0.8974103190401699,0.7620595783227422,0.9046312593599932
3943,0.046339742839336395,0.8389109576623963,0.6666762678075379,0.9012712367484087
3944,0.0075486511923372746,0.8633245550504957,0.7103312339878018,0.9350329810776647
3949,0.03577203303575516,0.7714767275626335,0.6677348751304274,0.8660022238309949
395,0.21141491830348969,0.7095204618509097,0.4850265933548547,0.6278315935752546
3951,0.07645651698112488,0.8844573567815253,0.8175568764635669,0.8861368473196884
3952,0.05223693698644638,0.8724817643414554,0.8187155465566192,0.8725409753389677
3954,0.09574000537395477,0.528646647883728,0.09218709026619935,0.43882783201422604
3955,0.06542067974805832,0.8853161416356828,0.8401672312283132,0.8864197395633698
3956,0.03958722576498985,0.9088696202784206,0.826687952107369,0.898619564339632
3957,0.08931447565555573,0.8444527675157876,0.7763045100822489,0.8374288959968272
3958,0.17577975988388062,0.6546767736766186,0.5271931316021652,0.7493925068726113
3959,0.01958182267844677,0.7878006206426658,0.5085264472537694,0.919731072511933
396,0.11658841371536255,0.8144684693663713,0.6530841221639145,0.7285729538882484
3960,0.03041646257042885,0.807131375272986,0.554024060148883,0.9274833436815004
3961,0.05543128773570061,0.8264586645321794,0.6899548388991343,0.8687074266878194
3962,0.013567005284130573,0.7669348109686811,0.5034766526839326,0.9094453723437561
3963,0.12883614003658295,0.8390822774111297,0.8228392512178934,0.8156478530382514
3964,0.011262563057243824,0.8961790751474228,0.7306030702846629,0.9575202720423719
3967,0.030367320403456688,0.8027520529296247,0.5488357871507021,0.8013535007499246
3968,0.026010077446699142,0.720171359065723,0.4735433836386523,0.6311606593949818
3970,0.036788471043109894,0.9266684236993037,0.8478328494240701,0.9277927099611316
3972,0.11347946524620056,0.7488631842893914,0.45879796034001624,0.8113958174011275
3975,0.022922437638044357,0.7423675572648574,0.741630863942369,0.7940959671165614
3976,0.1367107629776001,0.7029163015209914,0.5848403330570927,0.7824818695378639
3977,0.03044082596898079,0.7194451733657506,0.7115660404762657,0.7718875038303051
3978,0.08758195489645004,0.6210506859182046,0.4707419298090787,0.509995409260446
3979,0.038831207901239395,0.7700247874406992,0.631339186590246,0.8812510536170154
398,0.07384858280420303,0.783433187770875,0.5846441055350932,0.8276408537330096
3980,0.04075537621974945,0.7268109783859957,0.30367462586974125,0.7889278665107542
3981,0.07137912511825562,0.7590182139385147,0.6974960352240936,0.8646444180778674
3983,0.022746605798602104,0.8372688138497137,0.65751138524415,0.8912330355588887
3984,0.042745787650346756,0.8891118451935858,0.852610731894303,0.9226756900053382
3986,0.02653803862631321,0.7866722034599514,0.5301389429880579,0.9342332108571063
3987,0.09006984531879425,0.6698578364013269,0.41911603294618927,0.7412814142320008
3988,0.01628577709197998,0.6844991451346323,0.6450483162872713,0.7797924007968102
3989,0.10181841999292374,0.7919118128403191,0.6745858272402304,0.7274286961261871
399,0.055563732981681824,0.7439156862899612,0.6486970904799215,0.634633550303544
3990,0.019980359822511673,0.532141959351496,0.03873648276955212,0.3513048008208939
3991,0.05708833783864975,0.6377511013101994,0.21326130806830274,0.7337051609523364
3992,0.025624217465519905,0.6499334419395888,0.380221007405705,0.8928748016434829
3994,0.05642140656709671,0.778235567221737,0.6015732950163672,0.8326293489183287
3995,0.030301537364721298,0.5882189068233541,0.38790803483198194,0.517762095730868
3996,0.13293690979480743,0.6412060845978532,0.5771451103057454,0.5236891886736712
3997,0.04540485143661499,0.5722930326481961,0.14075507333468848,0.5664811007175141
400,0.27101001143455505,0.6686911413694422,0.7375089880909252,0.6096215015033128
4000,0.031415876001119614,0.8529000616098946,0.7044954790523472,0.9063669705109166
4001,0.188406839966774,0.7378099755507382,0.6503949401424786,0.7160891835185967
4002,0.18806207180023193,0.41428561516053547,0.12535382222745867,0.27943483744129355
4003,0.06873038411140442,0.914385552709121,0.792601410007458,0.888326296566116
4004,0.10827231407165527,0.47507829013175257,0.1943635512553424,0.36144963452598916
4006,0.06706439703702927,0.9053211709259824,0.7057191211524307,0.89240752238361
4008,0.16592298448085785,0.4652440898886161,0.07009126098192137,0.46741522737777824
4009,0.10575924068689346,0.8996751449074212,0.8769124468769774,0.8558521854245975
401,0.015759751200675964,0.936294835228447,0.8477972608031699,0.9544357219578039
4010,0.24273471534252167,0.6962279212775416,0.613478042010867,0.6047426662057467
4011,0.13409899175167084,0.7967655779285396,0.4926910239861942,0.7776060260557157
4013,0.3112998604774475,0.5660163175137103,0.5832481106577825,0.5842272468639262
4014,0.22261980175971985,0.6922819701624705,0.7549363505455662,0.6540859456536838
4015,0.2805517017841339,0.3665203619390466,0.09219071131171873,0.2689292489416375
4016,0.25276702642440796,0.5765783797815329,0.5867828915294352,0.5256747596146201
4018,0.4007536470890045,0.46300043468396274,0.5395810005879765,0.3838930329305372
402,0.2738177180290222,0.45195839254729603,0.42213027705025385,0.37729140382602405
4020,0.08811815828084946,0.866993801354309,0.7224903330138517,0.8721259419762132
4021,0.1686137467622757,0.7284338487770461,0.4497805641171454,0.5832706570845299
4025,0.08659866452217102,0.8736866406479739,0.6823400299006455,0.8698436736737593
4026,0.11969520896673203,0.7411175546623641,0.6810017597972481,0.6841565607637188
4027,0.14304476976394653,0.825102946992772,0.7679378244480889,0.8005213381740268
4028,0.431627482175827,0.4410125132361201,0.6158934235532273,0.3819889125843805
4029,0.09489904344081879,0.8405782971453397,0.49897193622992225,0.8133370630035941
4030,0.34528446197509766,0.5557229183791601,0.7034526439162175,0.5062097769585043
4031,0.05444870889186859,0.9321795901553521,0.8843085261376401,0.9003001214651924
4032,0.17617465555667877,0.4137046672983008,0.01936130826116258,0.2515730493744174
4033,0.17655952274799347,0.5099127678984505,0.3732724663110254,0.6819635178863735
4034,0.08893667906522751,0.7227039177199288,0.30454479569803933,0.5710996151560832
4036,0.0776168704032898,0.8287520133459398,0.5731367988054521,0.7733970828891814
4038,0.23671141266822815,0.42073463343626694,0.3120547898916831,0.34026912418814126
404,0.12620402872562408,0.6482615508639848,0.5131996125228818,0.5685737585949024
4040,0.12214076519012451,0.8682352207179216,0.8641010790910367,0.8258428662769983
4041,0.18155790865421295,0.5625411716037747,0.5417288531042354,0.5196893564195493
4042,0.2559511065483093,0.7525264869444286,0.8553379944562997,0.6603339058631106
4043,0.16289636492729187,0.4204665692939214,0.019750273907005907,0.2517727113402406
4044,0.13658739626407623,0.7924780007657118,0.5028224442404842,0.7869963275351617
4045,0.1347462236881256,0.7790555594372296,0.6507068177117848,0.7341697677118253
4046,0.23643401265144348,0.7423229582614168,0.8808757650210646,0.6887303996110115
405,0.20716358721256256,0.7007963613990993,0.7423914330207607,0.6572965801137367
4050,0.10400798916816711,0.8675662197911458,0.7195085455886725,0.8518374955986523
4051,0.31331688165664673,0.6239499128699512,0.7367618355948463,0.5513955869580147
4052,0.19649754464626312,0.6338706603164044,0.41799947626755907,0.6987809864672081
4054,0.395504355430603,0.5686040661262508,0.7673509525752662,0.4649669626837011
4055,0.29823437333106995,0.4752495860545487,0.4959141021333381,0.4250253840566725
4056,0.3365989923477173,0.5024311685136365,0.5610363185294567,0.43973950952139423
4057,0.31462767720222473,0.3458044786625816,0.03747058791023836,0.25429534496324224
4058,0.2289751172065735,0.7259099099851178,0.6532175132232743,0.6195315387523972
4059,0.12629295885562897,0.699557365674639,0.3565429314358167,0.7553011000502274
406,0.061310600489377975,0.834538186483194,0.5666113314541104,0.8661575680052258
4061,0.2025240957736969,0.6867791966532635,0.7568281985807478,0.6369808744733265
4062,0.16398602724075317,0.4224053570715929,0.07422619483337087,0.26539790831842275
4063,0.1294669657945633,0.8384932951895325,0.6301691618166255,0.8181047771090345
4064,0.08611034601926804,0.8498290847062733,0.651045551858906,0.8578885082701813
4065,0.14882543683052063,0.5272384155167453,0.35432806654463267,0.40074734047944827
4067,0.4488554000854492,0.28213674354327994,0.08980574000210012,0.25918700001754835
4068,0.046203721314668655,0.860120450487267,0.8422970094615866,0.8816686646165935
4069,0.055740538984537125,0.8976387127287391,0.7527494925313837,0.8927940500913488
4070,0.07419901341199875,0.8055906376240334,0.622168245091277,0.8428016663788686
4071,0.39092856645584106,0.3608370881650528,0.34225545482770664,0.3342962728211799
4072,0.046793702989816666,0.9009193224097647,0.7658858567935397,0.8778874837875108
4073,0.39318162202835083,0.45317965388309867,0.397423674577132,0.40901629393007544
4074,0.08470184355974197,0.8103680785033784,0.561356144340964,0.8465515770148797
4075,0.009090665727853775,0.5099041386024217,0.016159736765361504,0.26417516726355683
4076,0.17162276804447174,0.7038112394683791,0.6542607650496614,0.6285366773105129
4079,0.19188715517520905,0.5357254168031178,0.36790504548261194,0.44650233505369646
408,0.0736023411154747,0.860207523177942,0.7440508253350369,0.8357452491296122
4080,0.0852837860584259,0.8308405324679173,0.7762693402674297,0.8447440928525839
4081,0.12326818704605103,0.8594271992914874,0.7790833063919046,0.8113978999848334
4082,0.20127342641353607,0.44462810153630467,0.04903187296139146,0.36418248905870065
4083,0.18710826337337494,0.725213259256323,0.765765739640556,0.6889751824782071
4084,0.16013465821743011,0.7739338096872908,0.662859724543057,0.6887927867464948
4085,0.32495519518852234,0.3679601855181427,0.24339693083827943,0.33635585454550915
4086,0.20251525938510895,0.40110109264011967,0.02336165379629653,0.25158948271577297
4087,0.12176638096570969,0.7614255033520694,0.43486226123691524,0.7551128819427763
409,0.043898262083530426,0.9235834245715482,0.8984251381081055,0.9006562796619553
4090,0.11428169161081314,0.7736278750765095,0.5696409400849636,0.7871599353908987
4091,0.07123745232820511,0.7997862329175562,0.5533472094535149,0.8358781769296546
4092,0.12007088959217072,0.4641865064725882,0.07890168863866069,0.3751222905558526
4094,0.25031206011772156,0.5941012628686599,0.6871666155462361,0.5651857709874111
4095,0.08037184178829193,0.8645776069481134,0.6330649039400613,0.8497844299463506
4096,0.2675558626651764,0.6836845950828097,0.8492013163785344,0.6455076191762551
4097,0.07282191514968872,0.8892590555410387,0.7738125372359388,0.8811406956078462
4098,0.0507861003279686,0.8848870057874704,0.7804327478163696,0.9228113294053845
4099,0.2667856514453888,0.604579635525665,0.6153351412814492,0.5326288309052257
410,0.09868064522743225,0.9032111229130568,0.8802921901732358,0.8607144251408172
4100,0.15754589438438416,0.7100733454608534,0.6168031354375032,0.6768293756538133
4101,0.11245856434106827,0.851113220519872,0.8076694879020975,0.7950893743988484
4103,0.18878662586212158,0.8140649392964323,0.8308614889300514,0.7628283915196759
4104,0.05751365050673485,0.8176565566574028,0.7758262697899952,0.877241292005182
4105,0.22978876531124115,0.40191136267247257,0.018634697342372185,0.28773911872509556
4106,0.23904186487197876,0.5174967726867841,0.574556816773422,0.5176165788957029
4107,0.02495461516082287,0.7739603930782246,0.2609261771075415,0.7738116665270254
4108,0.632334291934967,0.22175170704040123,0.27808696261138066,0.2328044162928536
4109,0.11581964045763016,0.5396965438363854,0.10379245310564293,0.5936698941619434
4110,0.11859817057847977,0.7693904921559321,0.4096246293769248,0.7676421015713194
4111,0.32144859433174133,0.5344502685202176,0.5713707185218792,0.44951410604544995
4113,0.08322224766016006,0.8291064402971546,0.47029136165407603,0.6893442422394889
4114,0.09513597190380096,0.895119306971914,0.8157841485020576,0.844794606668084
4115,0.06045754998922348,0.6357243689543415,0.19308999174036545,0.6846858765083761
4116,0.08126997202634811,0.4620491490385906,0.027123595144491957,0.25425905047634334
4117,0.06570381671190262,0.4703489410871507,0.03801940509176044,0.26004515049816856
4118,0.4385393559932709,0.4547959228197261,0.617661961768602,0.3977224475170195
4119,0.10239945352077484,0.8843260891219704,0.9078228589290886,0.8636866968257981
412,0.05497271195054054,0.8040453183713174,0.5511575827199507,0.8415225513182304
4120,0.123724065721035,0.6622108738142325,0.3537898062908716,0.7256329067132644
4122,0.12485159188508987,0.8095553856613932,0.6703704205703777,0.8376943851883124
4123,0.25923559069633484,0.6804573196525263,0.7464635482574612,0.6165050791232182
4124,0.10808151960372925,0.6683795985110491,0.3443560272212014,0.7755838427708268
4125,0.0802769586443901,0.906602485387735,0.7557657066334541,0.8811403828912894
4126,0.11567302793264389,0.6979331027868132,0.4227365008974707,0.8381799901425581
4127,0.09445204585790634,0.6337937625852026,0.49011773444339946,0.5008623437465254
4128,0.0829610526561737,0.860784042670828,0.7165421952062536,0.8461866208709419
4129,0.09309104084968567,0.7044626957831256,0.4296638800885797,0.6425445542655039
413,0.05737405642867088,0.9263990453954261,0.8445655540493209,0.8940695190953787
4130,0.32205435633659363,0.3411082143811246,0.02793873536654771,0.25306886224734504
4132,0.19285070896148682,0.43525514348922717,0.2772582415225054,0.32910469952177257
4133,0.19135670363903046,0.7674155196192509,0.7883131084444722,0.7013088237799094
4135,0.1713738590478897,0.7950984825600735,0.7857189335525623,0.7681629653810571
4137,0.49967145919799805,0.4574170476745316,0.6994479349240437,0.3503816785825299
4138,0.1627543568611145,0.6680464530972896,0.5096169283869474,0.7459679805151347
4139,0.320820152759552,0.4451280406840147,0.24792480719602342,0.49835499822629575
414,0.1418130248785019,0.7925710914997185,0.8238983591557357,0.748344936722456
4140,0.053214818239212036,0.5665827788470403,0.08689547185587236,0.3319769667703099
4141,0.24959798157215118,0.6183441795717153,0.6679409778809714,0.5395986130441119
4144,0.2677816152572632,0.3697005855892133,0.05563978252770876,0.25866111930286617
4146,0.09846178442239761,0.6735923039309362,0.4724287252484766,0.7014235792870609
4147,0.05885426700115204,0.8561735184795362,0.7273344888191043,0.9010100761634449
4148,0.1223602369427681,0.5720323807890272,0.5025519610079731,0.6187721661947078
4151,0.034222472459077835,0.9002175538683639,0.8551050426105102,0.9270515594381155
4152,0.0539250411093235,0.7339719913837811,0.583000214069093,0.8867979076346544
4153,0.14127416908740997,0.7544805105552395,0.7667737077819302,0.6825200707968572
4155,0.28517770767211914,0.6168747201595686,0.6759796713510443,0.5672757578624583
4156,0.2497675120830536,0.5960779791114292,0.33433427800453847,0.5860726837694671
4157,0.11148110777139664,0.7587348095574582,0.6546223157963945,0.7992905439097076
4159,0.11026191711425781,0.7618107573591004,0.7602630187060552,0.7664216457646487
4160,0.08079591393470764,0.8471105602842275,0.7401662795690608,0.8312025244067964
4163,0.06564381718635559,0.7482104038036674,0.5960530975859729,0.8635347433838967
4164,0.09679586440324783,0.8139257353268192,0.54340145599427,0.7049949759257143
4165,0.050593286752700806,0.9302958829340339,0.7848260466274813,0.8812308424850699
4166,0.06201429292559624,0.8951962565019492,0.7280742944564101,0.8979403468772392
4168,0.09023705869913101,0.7825754242358969,0.7108063921441845,0.8280434972903818
417,0.19398003816604614,0.6591587494265372,0.5712599994379053,0.6628784904746152
4170,0.10208701342344284,0.8405919294811166,0.7584678549068666,0.800496179193079
4175,0.07036631554365158,0.7898620773651521,0.5620741322792001,0.8244565895017146
4178,0.0844993069767952,0.8055533237078634,0.6653645711933971,0.8447604313690724
4179,0.07625765353441238,0.8729272441744129,0.7493748332470711,0.8654275666815316
418,0.06124076619744301,0.6949951962730415,0.2892790943733828,0.8035179053932372
4180,0.12252098321914673,0.537634457433982,0.3857726873766538,0.4134756388066108
4181,0.1237097755074501,0.7056323689884947,0.695176480089035,0.6921804487410526
4187,0.06225164979696274,0.7940740395001198,0.5841760070505232,0.8802837955613396
4189,0.16628366708755493,0.4882571854794546,0.343809170196547,0.3720878233887611
419,0.019977163523435593,0.9392518104417664,0.9011030728453029,0.9502904370243632
4190,0.15983553230762482,0.7956279676730005,0.8063260362079108,0.7661481075581797
4191,0.06974225491285324,0.8233819826094503,0.5186058242386077,0.7876459719855518
4192,0.11765777319669724,0.6332092635566609,0.6733796786626498,0.6724025820549208
4194,0.06108503043651581,0.8203103957192053,0.6987652852071471,0.8949937413898444
4196,0.055857956409454346,0.876588613977973,0.6115596867173563,0.8899000068745985
4198,0.052848268300294876,0.8351630195481633,0.5760128353258892,0.8571099157768063
4199,0.10764681547880173,0.8187596070186258,0.8028895886338775,0.857000314402792
42,0.061194345355033875,0.6801458872787614,0.6165539920348886,0.5831883321524107
420,0.07062999904155731,0.8241164879772274,0.7959390103665925,0.8344934398851953
4200,0.024227799847722054,0.8810469323371168,0.8384986820416267,0.9306700719510566
4201,0.06787215173244476,0.8731249871740059,0.7325101914094898,0.8739888602908796
4203,0.0610235258936882,0.8928400235895082,0.8587620173164208,0.8817352622114806
4210,0.09857063740491867,0.7178426361304545,0.6204912521454705,0.7604355391111971
4212,0.03633987903594971,0.8252240438650777,0.8219125800250969,0.917718907088557
4213,0.11745370924472809,0.8226585309680835,0.8333644912347787,0.8060569735611431
4214,0.045368045568466187,0.9372316330357133,0.8453447217422352,0.917651277610895
4215,0.07821794599294662,0.8431571975839615,0.8084245480835056,0.8532695106488881
4216,0.05819966271519661,0.5242144450321102,0.0494638868731479,0.7762348616820288
4219,0.10548027604818344,0.6663607529428585,0.5151497537282695,0.5606632304288475
422,0.09574449807405472,0.5314934414261403,0.013654412579446766,0.33653025928628555
4223,0.12127471715211868,0.6094763086547588,0.17625939524050596,0.5573596214172503
4225,0.09423941373825073,0.8272636897988273,0.7591474640660321,0.7419481853372912
423,0.05035483092069626,0.8404344177009925,0.819299591179575,0.8884030980989583
4231,0.14186367392539978,0.7444994566036047,0.5777502851301071,0.7434425952331938
4232,0.040624674409627914,0.7807706321183974,0.43404601456337705,0.8586597574578221
4234,0.09470370411872864,0.8559195473134531,0.730911478132777,0.7935124746478809
4237,0.04288307577371597,0.9162247333132248,0.8382950719680976,0.9304011167787838
4239,0.13458193838596344,0.47150457683100944,0.33691223067567777,0.36732826791551926
424,0.13694874942302704,0.7772868945777979,0.7907579528207237,0.7419334550931117
4242,0.12744614481925964,0.8160835895814009,0.7715455566402973,0.7929664269900962
4243,0.11270946264266968,0.5122553269939993,0.4188659046350043,0.5031218522018632
4245,0.11811496317386627,0.7906225824655816,0.6374576919009374,0.8158529681433153
4246,0.035319484770298004,0.7751007574389487,0.5621891180930472,0.9135600584194845
4249,0.10020230710506439,0.8156024798074628,0.6349499654655609,0.8040752537663259
4250,0.07276890426874161,0.8373181637115519,0.6389929572563191,0.8360260896685013
4252,0.03661157563328743,0.9058938073206466,0.8719457484582884,0.9174521504789129
4253,0.06245194375514984,0.8813015971835092,0.7619978577111189,0.8878687966695807
4254,0.05502371862530708,0.8989678824726881,0.8075618263303244,0.9072977223298608
4255,0.153387650847435,0.7416565590411888,0.6691667168394537,0.6304865556824204
4256,0.03574531897902489,0.8838846307349723,0.7552436538805811,0.9143227526419535
4257,0.11138050258159637,0.8019645663885626,0.5771506356086032,0.8251458842563358
4258,0.11672646552324295,0.7856823502080095,0.7473710218980457,0.7681651369634873
426,0.1419299989938736,0.43011226844749073,0.03321531258825392,0.26106217683346367
4261,0.1927075833082199,0.7336710189143885,0.8367502817755523,0.7366907983528752
4262,0.08272086083889008,0.8660917648484954,0.6630591881177327,0.8330886135806408
4263,0.15963135659694672,0.7419298783562563,0.7397555667875284,0.735802233880104
4264,0.4012041687965393,0.4247830083342345,0.5735521897858739,0.39808962186160435
4265,0.1482357382774353,0.5644597118711778,0.5289978708021013,0.4732796437165462
4266,0.030060267075896263,0.8529916475326591,0.7001891318899902,0.866223389468366
4267,0.09854775667190552,0.8340931632041484,0.6394295246224565,0.8105284314425015
427,0.20348510146141052,0.5216171476277023,0.31014648813328977,0.7565281455101618
4270,0.1327633559703827,0.7934912813949699,0.6813290571760652,0.7600313915699826
4271,0.03389780968427658,0.9272472251514308,0.7898217766310117,0.908821914857923
4272,0.0629110038280487,0.882988293963217,0.7567158847512603,0.9014438436147443
4273,0.06560221314430237,0.48833422257855313,0.016195445955464675,0.4422970454840211
4275,0.06682506203651428,0.8942051993254199,0.8422527992124414,0.8909150038087221
4277,0.1680394858121872,0.675536665479315,0.7260679917049021,0.6608391702896974
4278,0.03369128704071045,0.7993474634006889,0.5281795615022865,0.864305423539118
428,0.07036808133125305,0.7865599651141363,0.708106067445495,0.7021445863156522
4280,0.03873337060213089,0.8555320339136789,0.6255102059984947,0.9146021947559575
4282,0.09033530950546265,0.6686318376547076,0.5882898510756794,0.5839866363136891
4283,0.10125811398029327,0.821137879990753,0.6334513166785548,0.8250873776361763
4288,0.07828005403280258,0.838222137224355,0.7234994422706468,0.8906341120843567
4289,0.05534777417778969,0.8789426192810235,0.7195101043143949,0.8550384078675672
429,0.44917038083076477,0.3328375597225147,0.3015323033855939,0.35558240509136274
4290,0.06591737270355225,0.7900348126134599,0.6844487988080602,0.817586437717117
4291,0.08009949326515198,0.8374509390425664,0.7094015357207389,0.8284342746279578
4293,0.20570281147956848,0.7415115276918052,0.7536044160766499,0.6542665910200272
4294,0.06110701337456703,0.7856703006437825,0.5839384333013199,0.8980884069649537
4296,0.11372826248407364,0.823860457382992,0.8203478336324463,0.7997408485748381
4298,0.09040447324514389,0.8229419047669371,0.8056372149987306,0.835929046339406
4299,0.13516969978809357,0.45930173785620976,0.08177107529778663,0.31111702945315617
43,0.03030773624777794,0.9431501515394995,0.703520740402304,0.9150740968785788
430,0.019608112052083015,0.9525681801663481,0.858465919270406,0.9309765113018506
4300,0.15132606029510498,0.7476688404121979,0.5752439665381072,0.723964374459158
4303,0.11729539185762405,0.8177270272246318,0.722389249904309,0.8340517999830419
4304,0.1063317134976387,0.8340903035001159,0.8078183899822617,0.8221039926751849
4305,0.12495666742324829,0.8053693109911793,0.771605103644502,0.7867125210328831
4307,0.08639443665742874,0.7962733667403064,0.4866136720686154,0.8517898450553388
4308,0.06344316154718399,0.8875046104366355,0.7109253886961265,0.8260327177148948
431,0.03193853422999382,0.8762018994439178,0.6586870635045875,0.8094705423982839
4311,0.08960458636283875,0.7848103773777025,0.6896866229349343,0.8083954466086161
4312,0.4215855598449707,0.35761274472321913,0.4299830065152353,0.3498909991591159
4313,0.03386915102601051,0.8006210877390759,0.5860901519255598,0.9103914136469099
4315,0.040120936930179596,0.8846663693889654,0.7238123132620982,0.8762915907161241
4316,0.1306539624929428,0.5558191535218288,0.520896076292305,0.5080515440563331
4317,0.046848542988300323,0.8809261431671683,0.7312718076156733,0.909064767787978
4319,0.17427341639995575,0.46228377231034457,0.15437686057240288,0.6628123097936363
4320,0.038635943084955215,0.806454360663833,0.47670788234368666,0.8362512774211097
4321,0.09783072769641876,0.6467496833806445,0.3560437994247246,0.6243956792324277
4322,0.11512298136949539,0.7743781418949147,0.7397790088645089,0.7328078003261032
4323,0.1281648576259613,0.43755838505107225,0.033297467331235064,0.2579206044028849
4325,0.18119202554225922,0.4955181155838971,0.21958963393250272,0.6216060866769249
4328,0.07362547516822815,0.9042854996342518,0.7795569810949903,0.8620175677070526
4329,0.0630011260509491,0.9127598444020908,0.8709152147649624,0.8607959724370418
4333,0.07989564538002014,0.5836435264053039,0.17176311131606942,0.6823950168497631
4334,0.0512668751180172,0.8324426111661419,0.5492788997035075,0.8485782499630081
4335,0.044585663825273514,0.6203667466462675,0.5300416998157463,0.8093172243960265
4336,0.031770117580890656,0.528563548493843,0.0746117187733362,0.410627394347383
4337,0.015176027081906796,0.8858610384581599,0.6827609576603213,0.8763291556560457
4338,0.37042856216430664,0.4211427045649263,0.5153961867283549,0.4033636804573782
4339,0.023973342031240463,0.6947664802724318,0.4066971002534992,0.8584498029684344
4340,0.08795180171728134,0.7892541054493878,0.6010140343207987,0.838893657515777
4343,0.028917662799358368,0.7272888788963463,0.49734919228360436,0.6617937368410689
4345,0.08098756521940231,0.6870654961107464,0.3146862885962386,0.7626893584285812
4346,0.08044133335351944,0.6596650358926202,0.583300099474118,0.6029494253342212
4349,0.042041707783937454,0.7525387973580935,0.4405252935467667,0.5618240236493424
4350,0.1621941775083542,0.5296229313587508,0.5307407855651198,0.4970080186803032
4351,0.15269608795642853,0.5977572161834894,0.26205795429918116,0.6509621500390166
4352,0.2719863951206207,0.3659525820822623,0.039646688229639314,0.2537918384818433
4353,0.15548333525657654,0.7178225581090889,0.6675268919996036,0.6973697341130575
4354,0.08943338692188263,0.6085771237753889,0.30928498079090516,0.7212950274541281
4355,0.056363001465797424,0.8395188419543839,0.7455682554732523,0.7888361227736562
4356,0.0305421594530344,0.7561610491595954,0.4457427578778379,0.8485051309968271
4359,0.6511418223381042,0.18890515546215608,0.1619402468522959,0.23368768465850598
4361,0.022060254588723183,0.9370534992144204,0.7725985036486827,0.9259347848379866
4362,0.0181239303201437,0.7669268269767961,0.3601937026781442,0.8322952372284853
4363,0.09515233337879181,0.5462519284322627,0.48765540871725216,0.47011061294784884
4364,0.30829161405563354,0.34803642354659553,0.017736626661353193,0.24975450510116634
4365,0.06901076436042786,0.7060675610524922,0.3982283716336185,0.7807311956402277
4366,0.09107673168182373,0.49840298603764444,0.11639907160533244,0.5699995330870589
4367,0.1805655062198639,0.49496783680352974,0.45282998800254065,0.4114311041871963
4368,0.01796441711485386,0.7900757465354611,0.6895255593182553,0.880846307414512
4369,0.05412580817937851,0.907481571149122,0.7530988772300714,0.8786215347470102
437,0.09292979538440704,0.573275845681565,0.39539705679857995,0.4467730018718165
4370,0.12253160774707794,0.6280826972479046,0.18644917178977255,0.6073846836765727
4371,0.1670551747083664,0.7256948936928446,0.7224840853540888,0.663825462225851
4372,0.18209011852741241,0.513079881029181,0.4635777723523779,0.4355445794680731
4373,0.04084276407957077,0.48908721863475224,0.09358288880646327,0.27796284128418747
4374,0.010255771689116955,0.9119837652608964,0.6498103694211982,0.9376387953122999
4375,0.02390599064528942,0.7870123177882256,0.5000821121751693,0.8402788774198501
4376,0.06728504598140717,0.5778071476902074,0.10963071802363371,0.5145276603730856
4377,0.08110728114843369,0.6899665227830254,0.6650485399758892,0.6810901905179411
4378,0.08543656021356583,0.755132995515402,0.3777720928194505,0.7225675944478787
4380,0.15124423801898956,0.5742899402985484,0.40333149112031874,0.5643086858849258
4381,0.03522602096199989,0.5272220707821436,0.09434581724157158,0.45777863541548236
4382,0.022744711488485336,0.954902821751247,0.8842540691577938,0.9454953631789944
4383,0.14651267230510712,0.7008567222648922,0.7496837818629353,0.6948995081591453
4384,0.04160655662417412,0.789199231310798,0.3577949024652829,0.7742201757309899
4385,0.08348654210567474,0.8365951345130891,0.6017245697412223,0.8283072902286468
4387,0.06326258927583694,0.49219773907489417,0.1752991745729619,0.31950462259705414
4388,0.10115694999694824,0.7420802956765407,0.5469650961152679,0.8416788924769208
4389,0.0850934162735939,0.6697337657632219,0.5821712378916027,0.5662859222558312
4390,0.12908171117305756,0.7135597683468142,0.42695571214415584,0.7651794464522099
4391,0.11163981258869171,0.6137207143431638,0.6425984034619544,0.6972023194409744
4392,0.17192000150680542,0.4511846328809539,0.3018694813348982,0.3591196771971354
4393,0.1047905758023262,0.7444870906410956,0.5727758010880024,0.6719801685575091
4394,0.08845936506986618,0.4532555638693176,0.0406604420112252,0.3126126008414035
4395,0.04994674399495125,0.8872173916405641,0.7532412146822143,0.7550384778986194
4396,0.062430206686258316,0.48010959314252305,0.09148066389528793,0.5388852454838207
4397,0.014185048639774323,0.9201711087022513,0.81027954630895,0.9383734236248356
4398,0.06812626868486404,0.7566887321852156,0.45966840506900775,0.6318065324212057
4399,0.34747204184532166,0.4271666104610564,0.49825907157384797,0.39341883028642716
44,0.0899120569229126,0.8500051146814889,0.7915627046723669,0.843631287028304
440,0.07486758381128311,0.8096007876402687,0.5974220924243004,0.8664566769156443
4400,0.4366509020328522,0.2842898297331343,0.027714089906911925,0.25010771607260707
4401,0.03814944997429848,0.7568355603877478,0.7151087858304934,0.883420904361939
4402,0.01111886091530323,0.9498176013574782,0.8044146366248416,0.9527183570953891
4403,0.04567072540521622,0.7172779272496927,0.35821412772779754,0.8477390039893908
4404,0.051046233624219894,0.7656795740046601,0.29985541477782196,0.7039334986652764
4405,0.10918266326189041,0.4774282927987955,0.08735216571716695,0.4913902194744061
4406,0.02589157409965992,0.8089213595570257,0.6462572827907869,0.842137898783899
4407,0.04301975667476654,0.9248732809029709,0.8789519160824617,0.909650161943406
4408,0.18328304588794708,0.6517717254928038,0.5388414342914069,0.6305584996374274
4409,0.08081644773483276,0.7022141583340503,0.43604345798204003,0.6836897424572621
4411,0.013562982901930809,0.8841553353840685,0.6417888377971808,0.901395833883905
4413,0.02682320959866047,0.4897709809208122,0.024447098059536185,0.25580106801342806
4414,0.08015869557857513,0.79461645117203,0.5614837659149229,0.7688074297395653
4415,0.017492396757006645,0.9092999435511964,0.7219139005684854,0.919646825670053
4416,0.14588278532028198,0.7384476120468104,0.6999394516391623,0.7076542037220502
4417,0.04820694774389267,0.8492309228706695,0.831613651116312,0.8749767144518762
4418,0.14329849183559418,0.43049369860362435,0.025428981746414114,0.2528519373341872
4419,0.05475541949272156,0.66280800007366,0.20842410903267575,0.6604746455427978
442,0.09254065901041031,0.47471079110080944,0.11115002579509864,0.3992374650222291
4420,0.16677241027355194,0.5586240194469703,0.5713175212132624,0.5275722582791074
4421,0.06425634771585464,0.6676514192572091,0.4353256727585213,0.49720747114197167
4422,0.06621810048818588,0.7690267514214284,0.3982050391125384,0.7751932259408396
4423,0.1159987598657608,0.6923850135557634,0.4693632178439997,0.831395779829616
4424,0.2175113409757614,0.5426607419783479,0.5038387125610783,0.4822498120235733
4425,0.1324845254421234,0.5040352103685042,0.22881716754366918,0.33240274759532246
4426,0.33866989612579346,0.5985394973488269,0.7112356142163927,0.5636191317910233
4427,0.07329178601503372,0.616602991252919,0.36603158445143014,0.7454475804338055
4429,0.06530650705099106,0.8019633672232684,0.6643503136427099,0.8024441461177607
443,0.06622776389122009,0.9278512404920493,0.8462146807061544,0.8901448312019016
4430,0.020157232880592346,0.9322913707633687,0.8693648672990371,0.9380818646907876
4431,0.1363161951303482,0.5984649244938197,0.41785737914088167,0.5276165191943909
4432,0.057669032365083694,0.6510261644994316,0.35322228752832474,0.4645720161366267
4433,0.061927929520606995,0.7805720608738747,0.6871320866241424,0.724406160025042
4434,0.024468066170811653,0.8834517961304758,0.7967322896889139,0.9101306263567321
4436,0.1058964878320694,0.7432150506710022,0.711721446494952,0.730676296697018
4437,0.0748794823884964,0.44427090407823394,0.00036341155185695055,0.5178350596529419
4438,0.10635542124509811,0.8296831638454214,0.6535060457159866,0.8173142819901074
4439,0.09582758694887161,0.852605631068299,0.7296253300990102,0.852972731387608
4440,0.10892210155725479,0.8394918182161384,0.8101482235899728,0.7870142736696981
4441,0.13954046368598938,0.7032302830013999,0.7134011903496437,0.64794034392305
4442,0.2394430935382843,0.543649474970116,0.5400957909988203,0.5447698216579395
4443,0.03830016031861305,0.8365782757569913,0.6420332092007686,0.8974279941673844
4444,0.015672730281949043,0.5261769237787686,0.0477523784473606,0.2952662447586306
4445,0.17117562890052795,0.6764705470982526,0.7092489851204894,0.6188568720054168
4446,0.01431115809828043,0.6788377714681683,0.35705177591819914,0.8711522209114555
4448,0.12997454404830933,0.6783465095812554,0.6909712962384715,0.6676985822756077
4449,0.20066644251346588,0.5744125747256945,0.5841267125109137,0.525279370863175
4451,0.013415621593594551,0.9389698045776402,0.8592475546346976,0.9022405879149635
4452,0.0731232687830925,0.8191767356450834,0.6045180205638871,0.8079010766506918
4453,0.019282760098576546,0.9484233585695041,0.8135650030892625,0.9358455865114523
4454,0.0724722146987915,0.7330905709548929,0.735131593126306,0.7656002965471469
4455,0.027028163895010948,0.7836312418077811,0.4999530278845683,0.8543625876522185
4456,0.041684385389089584,0.6227008487592443,0.19302690563996955,0.7939736972495959
4457,0.06541959196329117,0.47028141824613906,0.03822274661746568,0.2685601200117843
4458,0.12296301126480103,0.7305337804755261,0.6829530054612133,0.6440145461876192
4459,0.025396574288606644,0.6512474932079879,0.21081701757547947,0.7318835688199812
446,0.11344101279973984,0.5321037357403076,0.3047753695409913,0.4185822010978463
4461,0.032817061990499496,0.8377451378112023,0.587958185445371,0.8977374342382971
4463,0.18617984652519226,0.5131852914256845,0.5199255745700682,0.453021118194747
4464,0.038234829902648926,0.8179427037234075,0.5205957606363959,0.7933471686407728
4465,0.04094114527106285,0.6067074516218979,0.38364710298071725,0.7779064759457734
4466,0.27163660526275635,0.3828998566794942,0.08051435180318339,0.2723316847640734
4467,0.05696648359298706,0.7908175167935564,0.6010624347464877,0.8126234426733006
4469,0.06297613680362701,0.9044726318651279,0.8301250096972769,0.8895511338507001
4470,0.5644658207893372,0.22086084642647336,0.042302206947770246,0.2529831786845044
4471,0.029639674350619316,0.965122215772664,0.7847316829671377,0.9176976075227625
4472,0.3211355209350586,0.3544945500800984,0.19796625291335296,0.29497151275426536
4475,0.04569447785615921,0.8414441543435989,0.5892354091075872,0.9016280781607597
4476,0.012706106528639793,0.9096965550756786,0.6925030498121802,0.9044717146422585
4477,0.04792340099811554,0.7422544603883197,0.7493803168944929,0.7614798568831406
4478,0.03061615116894245,0.8729003410941046,0.7366498511521351,0.9191583704760007
4479,0.18174710869789124,0.48279291627680554,0.349333572913762,0.37377821704659425
448,0.13563241064548492,0.7784913005017537,0.6032214690447797,0.7099514376359601
4480,0.15530231595039368,0.7610926674619626,0.7342460110090415,0.6501483286160903
4481,0.18009746074676514,0.6070770505140032,0.1393241516866377,0.5129004409855986
4482,0.01653089001774788,0.7218317357479099,0.21398804822782638,0.6560306278728847
4483,0.12701399624347687,0.7396331088549131,0.4337953919680574,0.7286756353196508
4484,0.11067520827054977,0.5566126384922444,0.49672242985965853,0.46240383848023453
4485,0.07601995021104813,0.6137798838656768,0.17653438975368108,0.6014102968874053
4487,0.20133225619792938,0.5583790030849136,0.4721225208396854,0.5463221005247889
4488,0.19407783448696136,0.41044718852507306,0.09224870386338889,0.27151503518057907
4489,0.10629887878894806,0.4490311993890339,0.01972133917998743,0.2494754886253105
449,0.4144420921802521,0.37990570023051523,0.4470126023768795,0.34580518694475665
4490,0.25176650285720825,0.5476968864161017,0.5604998543627523,0.5329722050307439
4491,0.2878039479255676,0.3747654794017804,0.18830436867145536,0.2923585704155408
4493,0.04277538135647774,0.4808952305557897,0.023510222863983472,0.2546663752761372
4494,0.168855220079422,0.42759907055336455,0.21960772531114892,0.3082498387011231
4495,0.18096093833446503,0.6577673225602956,0.40763649922862116,0.6530034366271886
4496,0.06327146291732788,0.7570449714485797,0.39616959342631747,0.7226973712488121
4497,0.09467856585979462,0.5222748822732926,0.3973394898559786,0.4206813315396802
4498,0.10066581517457962,0.5163261716575474,0.2535892061322291,0.34724234833408174
4499,0.28947535157203674,0.3583507826427105,0.03488184470675024,0.25289962834839164
45,0.17532938718795776,0.678299126622373,0.5397681767001314,0.605309523221967
4500,0.0845939964056015,0.8381165721973551,0.7050429412460699,0.8078993876100691
4501,0.11180892586708069,0.5883854159192348,0.1311055823573478,0.549214804339934
4502,0.1531039923429489,0.6449079457489624,0.4806263824290665,0.5457060679680316
4503,0.21970106661319733,0.40838694758346683,0.18280007376620133,0.29663176653938794
4505,0.20728376507759094,0.6572514978740708,0.7310162731422242,0.6266687400292617
4506,0.03294254466891289,0.7504741428404302,0.42597893005241944,0.8539286231524121
4507,0.15401601791381836,0.57558126307098,0.4511341354336605,0.44737556157220026
4508,0.025875788182020187,0.808965421978821,0.5362122448788256,0.622250014151573
4509,0.16763734817504883,0.6614655758859171,0.6058094482182207,0.6481527205068252
4510,0.03446241468191147,0.9294751558567838,0.855702381976222,0.8893970992069014
4511,0.08246014267206192,0.7536581906324927,0.4113479088384797,0.8170834097351274
4512,0.013419253751635551,0.9278697805128555,0.9195916815742377,0.9357752382638871
4513,0.15049590170383453,0.42682979857362835,0.032019334527527275,0.2551277258862219
4515,0.35804975032806396,0.38531895138681593,0.39044904417502185,0.3522570965415265
4516,0.018056195229291916,0.8510914855871718,0.6423537555484831,0.9221591582582185
4517,0.20279720425605774,0.4857139983897799,0.37610494860539523,0.38124558504350026
4518,0.2123047560453415,0.41889230947267325,0.050839692457145085,0.6040604745931697
4519,0.19885963201522827,0.585888945606286,0.6574181781295579,0.5654019951773694
4520,0.07627421617507935,0.537525764761386,0.40205274643104816,0.48666911869220447
4521,0.03999646008014679,0.774613118513112,0.4517285630099316,0.8597080341525163
4522,0.031543515622615814,0.7939602366625682,0.5031865627710146,0.8570207471177151
4523,0.15195907652378082,0.6587415897091757,0.6700888106314662,0.6364888193494842
4524,0.06524816155433655,0.8480863416804747,0.662996999888374,0.7906414024945835
4525,0.09752246737480164,0.6363861695332792,0.3156188609202107,0.7054938160008468
4526,0.16282214224338531,0.5856406371239185,0.6255257905909859,0.5626939994367648
4527,0.020954666659235954,0.7503817184831885,0.332028750754885,0.7390045928209795
4529,0.03241296485066414,0.8656606746718267,0.5585007232045747,0.8663535762182266
453,0.3770619332790375,0.3146425672952216,0.056828308991566774,0.2588620027923821
4530,0.07563205808401108,0.8186974086908584,0.8190283334707257,0.8251532640562298
4531,0.05643405765295029,0.8023609711297597,0.5934609630368226,0.8682775956226507
4532,0.017541145905852318,0.9442103294901508,0.8236270443196284,0.9330798449634199
4533,0.06552004814147949,0.634175080938286,0.24204116870671352,0.6565860975396195
4534,0.1132681667804718,0.5336736946332309,0.3152851321847193,0.398861651643887
4535,0.035463597625494,0.878818697725732,0.8239327004619376,0.8310474346473233
4536,0.026507539674639702,0.8557424041943948,0.8315593821575608,0.8817879728168528
4538,0.22640827298164368,0.614367773845777,0.6011104286052912,0.5594998620525778
454,0.05042894557118416,0.6312484413018778,0.6514967131302462,0.7321284735156712
4542,0.10240989178419113,0.5329303666471152,0.44503955727203487,0.4212064130034748
4543,0.08383004367351532,0.895157623677155,0.8372038124409434,0.8710898191377321
455,0.20689119398593903,0.3986145556858053,0.03852803457690568,0.2518613551119039
4559,0.22804473340511322,0.37508731124712746,0.06911526211428354,0.3669190974946136
4560,0.07298807799816132,0.8072268038202033,0.7605866278749502,0.8040153124361672
4562,0.0395362451672554,0.7242681732625756,0.3776370971577846,0.7573088843930178
4563,0.032184798270463943,0.4878942098391467,0.02027788718255496,0.2600264657515333
4566,0.08334116637706757,0.778476219171391,0.7017338827413114,0.7974620891863705
4568,0.31949007511138916,0.5061851775229662,0.6292011543454268,0.48424885718094784
457,0.170321524143219,0.5158506216578524,0.3876819776416181,0.41826263514749595
4571,0.07404135167598724,0.9141731365041719,0.8784614901041411,0.8776043421210846
4572,0.09635549783706665,0.5626262465725926,0.2232039246343541,0.7708294957377791
4576,0.018274061381816864,0.8363084717661201,0.5861791626606713,0.9106635815500277
4579,0.03576027974486351,0.9365050603339728,0.8397327114228618,0.9370096986447869
4580,0.018797829747200012,0.657703095957948,0.46777168248487505,0.6170248454463023
4581,0.08894087374210358,0.6925311793794485,0.5720691292746973,0.7782264136897823
4582,0.17985552549362183,0.5394021191245859,0.42942563331119527,0.41372162057284195
4583,0.1655384600162506,0.5270404395752247,0.5698328703450712,0.5823453310567654
4586,0.044487856328487396,0.6464150498245735,0.55636320592732,0.6853192397909245
4587,0.04482151195406914,0.6258072187340337,0.6497807816439238,0.7545135496709046
4589,0.2089487612247467,0.6950996177772324,0.6442528979542601,0.6892381844284607
4591,0.148601233959198,0.6666696779320734,0.6614559322128652,0.7033044232075656
4592,0.07016786187887192,0.7518957462571652,0.6090503322745863,0.8105487736072386
4593,0.08475755155086517,0.5998040766383801,0.2141674093239087,0.7201731221721815
4597,0.6402355432510376,0.22153813680967177,0.25358699064563217,0.21667769924848485
4598,0.07724617421627045,0.5507006146863103,0.16966907394529726,0.3979530344386423
46,0.09870312362909317,0.590054736837076,0.0873290550310156,0.45856987271315525
4600,0.15732645988464355,0.6339917483918819,0.5761437609597533,0.5647857224016095
4601,0.06871223449707031,0.62949784829283,0.6361023254351632,0.607087307648748
4602,0.11390937119722366,0.8049104534225641,0.6725678356920965,0.812466706574351
4604,0.5544483661651611,0.272120715444042,0.3187288623760835,0.25591546037791324
4606,0.11021611839532852,0.6768858271739551,0.4633627274149962,0.8041380666513326
4608,0.17139865458011627,0.4494554222653224,0.30065827195243305,0.3589662192960299
461,0.07582738250494003,0.8908642727415379,0.8319805053701331,0.8594446927070553
4610,0.1003301665186882,0.5223563329318072,0.39558581082047034,0.3934470180092839
4612,0.12751652300357819,0.7325313885419302,0.7321357406850697,0.6977894206662012
4613,0.0296931192278862,0.8790470936716297,0.7032282306281407,0.8419451425999538
4615,0.19351544976234436,0.5244459175094416,0.284593474584065,0.3782690017678522
4619,0.1633998155593872,0.4539981833417301,0.12019196732465376,0.5824885043895255
4623,0.02367345802485943,0.8730184622608048,0.7913459585481291,0.8963181715498592
4625,0.23547473549842834,0.48453400552842796,0.36935893698687233,0.4160906964817572
4626,0.18971353769302368,0.6149700651627221,0.41636776292078914,0.682029012626278
4627,0.03781620040535927,0.8424466393445162,0.6933949911119679,0.8550279132774881
4628,0.014935284852981567,0.9046013082944226,0.7415167048056317,0.9274248728059573
4631,0.1024925708770752,0.43827377916144133,0.027130244935676402,0.3083659575910588
4634,0.028245719149708748,0.8619639354289098,0.7481034669983333,0.9065310687496704
4638,0.02889608033001423,0.8428249120156526,0.6649368707111535,0.823346020858204
464,0.008047625422477722,0.9420318332419357,0.814904641524222,0.9652502941898627
4640,0.02858552150428295,0.650775046679557,0.25803289320587475,0.7172800631009428
4642,0.2605602443218231,0.429592226689388,0.2004285832795991,0.33413808914657867
4645,0.25544655323028564,0.3729113351592673,0.02949336096410024,0.25534216186059666
4647,0.07199987769126892,0.6591079779963929,0.3540241389976992,0.8365377977646
4648,0.19929537177085876,0.5152759456790603,0.4826703504906446,0.4849861132227062
465,0.17314036190509796,0.41528652872742633,0.031527333983389055,0.25387980195110094
4650,0.11936710774898529,0.7189367503481905,0.5758503264021354,0.7896411129974763
4651,0.049566883593797684,0.8528853747113071,0.7587732620191113,0.8513527677589059
4652,0.09486144781112671,0.9025336513276323,0.7855068379588371,0.8260304276557856
4653,0.03005208820104599,0.9090527262185886,0.7602156916503913,0.8470988893678039
4657,0.05876988545060158,0.7742747953216433,0.697944628743433,0.7318215623622444
4658,0.0640481635928154,0.8407267575398405,0.6542273665094313,0.879179750471458
4659,0.08931193500757217,0.7643864670813076,0.7359987257211348,0.762280641869499
466,0.03754426911473274,0.8312642292237843,0.7576145965560251,0.9039023140603248
4660,0.07635140419006348,0.4638435261213783,0.015481585161988465,0.2502646460459086
4661,0.11998244374990463,0.6929575729194088,0.5473983669840269,0.793325512267824
4667,0.043997909873723984,0.8864634141154302,0.7233575615970717,0.8906564748097958
4668,0.02065420150756836,0.5255599269104676,0.06284057870856813,0.6088453209861111
4670,0.025573253631591797,0.954171690646179,0.8415570193479279,0.9454404750055708
4671,0.0470568910241127,0.6388989013585213,0.4489138517284437,0.6419823876452398
4673,0.06182912737131119,0.4664434655958935,0.0012345310569648125,0.4620894451071775
4678,0.16081830859184265,0.43668040223677124,0.2203333605878176,0.30915922217633834
4679,0.31450143456459045,0.41166683413251315,0.3618752931703416,0.40004171328164995
468,0.20894229412078857,0.688494237800309,0.736126189017903,0.7036379141037086
4680,0.029896415770053864,0.5013785603456395,0.02717156536199214,0.26603359090933265
4681,0.03367755934596062,0.5911690685947633,0.2627105546659608,0.4481849510040836
4682,0.04142576828598976,0.751203314468776,0.48158644390349264,0.7927955214248221
4685,0.06301163882017136,0.7230573304662716,0.3531025165384654,0.7665405675029234
4686,0.39419472217559814,0.5142239582403333,0.6571839184332094,0.4438639641070361
4688,0.09945029020309448,0.7528569496974165,0.5894491434509278,0.7853437840430335
4691,0.14509303867816925,0.5151547385762578,0.3624545719300227,0.41743268863094013
4692,0.0831429660320282,0.9171692643773468,0.8032451054908408,0.8749959729514758
4693,0.5611749887466431,0.3333512279518315,0.5444004925468756,0.2817214721568241
4696,0.06898746639490128,0.8043014844692329,0.5200464920625096,0.8736377690961143
4697,0.04458256810903549,0.921116827930142,0.8161298570893594,0.907418329584438
4699,0.05058944970369339,0.4850876691443712,0.03913830406353761,0.28677350055100576
47,0.1143929734826088,0.5547382533642103,0.5470971266275819,0.5220396635246471
470,0.059402935206890106,0.8989992043909258,0.7958568951571546,0.8964944079090442
4700,0.3275022804737091,0.5555592269933908,0.41323103656899235,0.6023650042290909
4701,0.051184818148612976,0.4743547092131022,0.0574308831279442,0.6664827354473521
4703,0.17360186576843262,0.7028834762705564,0.5946467611425692,0.7600398736825237
4704,0.2719348073005676,0.5986499630579368,0.6973736689368185,0.5379044088423806
4705,0.056577518582344055,0.8107872383002227,0.5228630025516066,0.8749038982671142
4707,0.29287445545196533,0.45116151542178046,0.38681882761352876,0.35932636495991355
4708,0.07629945129156113,0.9035523318463854,0.8509047155192561,0.8881650224371584
4709,0.060280054807662964,0.5643669237476405,0.1759614469849425,0.7120715344377657
471,0.019738733768463135,0.9114721788857096,0.7077958476654016,0.9124236494451647
4710,0.24860331416130066,0.6423748320308336,0.6916302325314981,0.6691175582082666
4711,0.51589435338974,0.3861383782442701,0.6198792539603651,0.3484568927521453
4713,0.01385978702455759,0.7792742503122914,0.6490603733805365,0.9151285202862501
4714,0.13387446105480194,0.8150073090153291,0.8207547523154266,0.7834143252504288
4715,0.07605072855949402,0.867289689779599,0.7262893629141342,0.868548140525019
4716,0.2742919325828552,0.5118375767734467,0.480178546486051,0.5197369355222713
4717,0.48267412185668945,0.3045843336008513,0.3316077414105629,0.3313366150004857
4718,0.02293413132429123,0.7479374048742644,0.42164698844469833,0.7706645724104427
4719,0.08059670031070709,0.8906202368089777,0.7909875122472646,0.8639576090396092
4720,0.15462367236614227,0.6212000456244386,0.313901517701452,0.747984119423773
4721,0.19399069249629974,0.5458098885322931,0.5032001716012795,0.44592605432751464
4723,0.035837095230817795,0.7928326841383945,0.31373147361460707,0.8079496057003706
4724,0.0596364326775074,0.902380177903957,0.8065242232317917,0.8660656044646292
4725,0.1208195835351944,0.7550993248001486,0.6277524952607196,0.7734538575786468
4727,0.057026732712984085,0.7986386875909577,0.6306468974604524,0.8850789582256728
4728,0.17360201478004456,0.6497628802682418,0.6219968945518485,0.5807929056292817
4729,0.788658857345581,0.16385343188784535,0.4698782844996101,0.10836175529716172
4730,0.03597544878721237,0.906426132998575,0.5646976208371838,0.8963649738950543
4731,0.17454053461551666,0.7849104552633279,0.7852281963769479,0.7307657119001727
4732,0.2474600374698639,0.6760044130033444,0.7708159051515399,0.656444708506972
4734,0.0369509793817997,0.9455927494744087,0.8212154038347692,0.9084523253395763
4737,0.4619990885257721,0.38011791584556565,0.47627202501162064,0.3246439985671862
4738,0.03857448324561119,0.7274529925859419,0.1839050407529582,0.6794768972041269
4739,0.06141633912920952,0.7177171519815966,0.4667294020684964,0.7092747736888445
4740,0.04414449259638786,0.9590940460429014,0.9095880845899825,0.921307054271386
4742,0.1149827316403389,0.7122410226979854,0.6641036728903216,0.7474065470841162
4743,0.06482703983783722,0.5680318921032007,0.3200031332676582,0.48543053315595774
4744,0.1151142343878746,0.5034785413499242,0.13711813761728275,0.7109042904436832
4745,0.08096601068973541,0.5238575052678971,0.13499736020417785,0.6371435134768672
4746,0.09053673595190048,0.5516031389065549,0.44518928949345415,0.5857528353701544
4747,0.3628685772418976,0.5400364553914949,0.5946500800380787,0.5310687997525261
4748,0.03128369525074959,0.7986189969728876,0.6452526436552302,0.8515696421091421
4749,0.10118384659290314,0.7598800191112489,0.7522511946091237,0.777380331948718
475,0.03941598907113075,0.8851060646623821,0.8083971931064532,0.809084106985478
4750,0.023602204397320747,0.6326220989440121,0.7072544796496664,0.7130670820490241
4751,0.03979594260454178,0.8774555847088594,0.6922867044198479,0.8781395003968175
4753,0.015413321554660797,0.4994416048615017,0.023877568476954065,0.25933134849145256
4754,0.12312643975019455,0.6647597417108628,0.7018925507414212,0.7185014335350683
4755,0.17173601686954498,0.6365085420577931,0.5626899560705311,0.5674712585693791
4756,0.05471157282590866,0.7243933877041271,0.5639185336552639,0.7088945905943362
4757,0.03228132426738739,0.8600518561300731,0.6725870481019472,0.934120449788777
4758,0.48715299367904663,0.46553818311619843,0.5861291094448366,0.35177331116815524
4759,0.06706846505403519,0.8151290050884226,0.6532034949101466,0.8442751178709632
476,0.08384973555803299,0.4721987638473763,0.057841860380631466,0.3676388392242507
4760,0.09291523694992065,0.7097157301765873,0.4729303800755878,0.8623103632530807
4761,0.010536891408264637,0.4962979656755838,0.0037069270479427674,0.2837149611231987
4762,0.08048675209283829,0.7415722697558754,0.3695853617342792,0.7999035854614189
4763,0.008640136569738388,0.5003795489551135,0.007126422116300277,0.2563683342091665
4764,0.10991646349430084,0.4508240138890229,0.00044599569939008727,0.3669621275959277
4765,0.05040552467107773,0.823842210190502,0.44671103634990833,0.7946497411238927
4766,0.02400990203022957,0.5234873187594955,0.06989941016419161,0.5247977165761737
4767,0.027058396488428116,0.47600039198593486,0.0015034475648682865,0.6970923877883288
477,0.051423292607069016,0.5854312619076731,0.5427832841459759,0.6086927680998746
4771,0.1988237053155899,0.631772612087377,0.6584542207575693,0.6885950835688402
4772,0.16638126969337463,0.6365327319197467,0.7010562672495297,0.6294009156011533
4773,0.22129888832569122,0.5437151184328586,0.5219035614654727,0.519097758264212
4774,0.05956636369228363,0.5434830110682889,0.3699013545973995,0.6268836959600423
4775,0.1349703073501587,0.7483823866846647,0.5671490458113644,0.8236870087932628
4776,0.04226559400558472,0.838121147399485,0.6320848452709475,0.8721303071581218
4777,0.054727308452129364,0.8884369744036795,0.7667372360199268,0.8369539208273449
4778,0.11402738094329834,0.8257941633723804,0.6445535102618081,0.8079165565566844
4779,0.07619476318359375,0.7997989613062486,0.6451761199793332,0.8084073643434545
4780,0.11172039061784744,0.4667848656449882,0.06213358420123742,0.5270466527220437
4782,0.08433748036623001,0.6909402924779682,0.42020179745757114,0.8507717641818551
4783,0.3300509452819824,0.4940774685655456,0.3989264748052757,0.5256610636276999
4784,0.020249363034963608,0.5248158696584292,0.030858827563321378,0.28722039671984667
4785,0.02406814508140087,0.5406092186183455,0.12994324210880123,0.6871882140501081
4786,0.19016841053962708,0.6282382447843788,0.6766622794098403,0.6659250050101005
4788,0.19224248826503754,0.6650707642734981,0.6617140592341909,0.6058047379198703
4789,0.09654708951711655,0.8892923435205311,0.9008292467330555,0.8540788453894546
4790,0.1711113601922989,0.6153257620177055,0.5673877738816959,0.5675090074829977
4791,0.2438817322254181,0.6484925596473435,0.7338265138531439,0.6030990496494542
4792,0.00636065099388361,0.5116861010407325,0.005009562043219994,0.2689929470192527
4793,0.0632701963186264,0.4993642592889734,0.04068201859837283,0.5620189619853397
4794,0.1423008143901825,0.7559837321028147,0.7266050801189907,0.646983538919087
4795,0.15222735702991486,0.6545789239720409,0.5946400008887759,0.7007888345939233
4796,0.07782050222158432,0.8330238649391388,0.6201291016207917,0.8243043766394406
4797,0.052145715802907944,0.474408229231502,0.0016168319310057618,0.3641301990380065
4799,0.07665058225393295,0.7584716562592727,0.638731258776833,0.7882686894725798
48,0.17836670577526093,0.5303995402847728,0.10303475196562455,0.5872599513999696
480,0.08713590353727341,0.7582177367861473,0.757988521103463,0.773864045481613
4800,0.08854503184556961,0.8037232900139755,0.7448642874545842,0.805232456538495
4801,0.14180336892604828,0.6443158885287061,0.6229864083323612,0.6097812332013152
4802,0.019729355350136757,0.7729139604657567,0.6234502043730914,0.9297981691336796
4803,0.04383263364434242,0.9477567674450387,0.8807314834971968,0.9245411194922993
4804,0.28682827949523926,0.5760200784667051,0.5069303809483355,0.6171893911294948
4805,0.12195669859647751,0.8117670608811864,0.7297073416783351,0.7885015559901761
4806,0.04533768445253372,0.8038943750933215,0.8303546144251693,0.8655855576402859
4807,0.02795916236937046,0.8569876011001352,0.583861562272919,0.8874811558311189
4808,0.1368732899427414,0.6563244259048137,0.5346262806000704,0.7427219173835031
4809,0.10266885906457901,0.8999431621573938,0.9066543839933546,0.8564124068939576
481,0.13722948729991913,0.8360454858745048,0.8299552415097944,0.7945236435634673
4810,0.23727965354919434,0.4919155197375216,0.36723968119556305,0.40258236966943634
4811,0.15326400101184845,0.6970786622375396,0.6649022050915093,0.6302728955880108
4812,0.08056142926216125,0.7851640966889766,0.6790163406034889,0.7628986612950348
4813,0.0063843028619885445,0.7139410323471774,0.2916886783909065,0.7389464629109059
4814,0.045329734683036804,0.7410413731523018,0.5186252421710345,0.8684747667113417
4815,0.03558817133307457,0.4789379504468206,0.009408165632655554,0.2982392831748562
4818,0.10533927381038666,0.8104551123106711,0.6898242717211046,0.8534371402948424
482,0.12718835473060608,0.7608871804507233,0.8207888495380072,0.7616742354440398
4821,0.34568774700164795,0.559446232346684,0.7256896533055328,0.5086436859146175
4822,0.1082264631986618,0.830118042129226,0.8500736988003134,0.8076010736363544
4823,0.09431349486112595,0.5094035115404325,0.21837740852936552,0.3365412330815013
4824,0.0639030784368515,0.6991412580902746,0.3602152797728025,0.835980109529951
4825,0.06639907509088516,0.7010050786038267,0.3936098857515236,0.7906528723095522
4827,0.0622621513903141,0.879054416911593,0.6767991716928417,0.8834575641476955
4828,0.2699335813522339,0.44718734268974036,0.13418177388718763,0.5517078685472301
4829,0.030453559011220932,0.9399450887514003,0.878631071014977,0.9333389888937287
483,0.12330735474824905,0.5126797434095115,0.45307831613763483,0.4212491407147566
4832,0.0838584154844284,0.9216549051560246,0.8523084238012116,0.8579434918580396
4835,0.011620619334280491,0.9553666477270868,0.9154980987006516,0.9685255940073769
4836,0.13058285415172577,0.7764388424213573,0.6522674802393115,0.7807197401737732
4838,0.06715542078018188,0.8508610519837068,0.7486492322769143,0.8085431457072383
4839,0.11426132172346115,0.861176508565572,0.8239151127864652,0.8321800857312582
4840,0.03663385659456253,0.9025434171163309,0.8154612755759174,0.9041365982288456
4841,0.1194486916065216,0.6613262568642968,0.5752251926546456,0.6034681872323697
4842,0.012231600470840931,0.8704391222640626,0.6122128777177633,0.9136767116312546
4843,0.07567410171031952,0.8344734378811753,0.8084107313142005,0.811938717360204
4844,0.20745526254177094,0.774422461137644,0.8220283417345895,0.6916327112219831
4845,0.06321822851896286,0.9186729514198275,0.8113183841086598,0.8518314437958967
4846,0.040952473878860474,0.8615148855876755,0.6105917682987583,0.9040217276944555
4848,0.060386788100004196,0.47632654153474197,0.04902259023727407,0.26165389308962067
4849,0.060127824544906616,0.787315304391442,0.37836514900123636,0.7842057874435657
4850,0.07344914227724075,0.9006148888738277,0.8407958552793882,0.8831982624951098
4852,0.032364651560783386,0.8704560003815769,0.5969281770600433,0.8691402665423444
4854,0.01550972182303667,0.7806146325042815,0.2872965272319549,0.7510188642169415
4855,0.0971202552318573,0.8630049086261584,0.8169197595979328,0.7891541384414169
4856,0.07184135168790817,0.7790055199345478,0.4450964495585907,0.822822391051965
4857,0.09666889905929565,0.8687042164294754,0.7708491992252927,0.7757483371318254
4858,0.15001969039440155,0.8350641656678797,0.7912473349029033,0.7628892236039245
4859,0.14028561115264893,0.6629738246265393,0.28781460102321976,0.6588763698698672
486,0.25574949383735657,0.638436814729332,0.698086473473185,0.5569046647512739
4860,0.017671015113592148,0.9222384904662424,0.829331140401812,0.9279348262214255
4861,0.03245864436030388,0.8425750623203349,0.6109765740325235,0.9161125963845389
4862,0.048921726644039154,0.9483784367640711,0.8758341005108349,0.9126006200719017
4864,0.03726034611463547,0.9381671418975266,0.725755042424002,0.915158349679511
4865,0.026740791276097298,0.9352854878373493,0.6869273668494174,0.8896663218663527
4867,0.10114030539989471,0.8672058967302296,0.7773257256378118,0.8057320058624944
4868,0.043197695165872574,0.937967086377879,0.8031743905878148,0.9014848484556625
4869,0.12681104242801666,0.7028064887633403,0.5608000624495729,0.6860252758977159
4870,0.08382074534893036,0.7605041512298932,0.3641177911368488,0.7152743623608558
4871,0.1796019822359085,0.7081922717207646,0.7701210736487755,0.6756276410896039
4872,0.01619027368724346,0.9175325294883055,0.709452609242931,0.9468639965183845
4873,0.055039189755916595,0.8144579274022032,0.39376306615279183,0.7941471620928529
4874,0.09026433527469635,0.7854274555699241,0.5615218616267091,0.7344103708554408
4876,0.024696938693523407,0.9530850406972697,0.8150738427809675,0.9288653312583052
4878,0.07592713087797165,0.4654377973803302,0.02176396455098372,0.25143814700032296
4879,0.04621218889951706,0.9408756238241207,0.8976582098208946,0.9205406855474578
488,0.11741790920495987,0.7468700441071328,0.5202567178699865,0.8007226393537783
4881,0.08148752152919769,0.8594043983024011,0.6043675396147434,0.822050146141984
4884,0.037977609783411026,0.819627754639638,0.4697112780471038,0.8242353472437024
4885,0.3226744532585144,0.34053540324594844,0.022035307068507023,0.25230782150276676
4886,0.0837797075510025,0.8974759468799726,0.8465077108835483,0.8537090233500095
4887,0.040934666991233826,0.7332889749919291,0.2424190505506479,0.7647529884224902
4888,0.015069637447595596,0.932142568335832,0.7413821601228724,0.9581195430895825
489,0.3626652657985687,0.3213911712134358,0.035673859051225824,0.25449483458086253
4890,0.1891360729932785,0.673360183583711,0.6763334208294712,0.6095951562280197
4891,0.16473513841629028,0.6811179741064243,0.6721981881885871,0.620284940795884
4892,0.09139785915613174,0.8817047348708464,0.8171288568706219,0.8552134503492922
4896,0.138761505484581,0.7098988899120392,0.3921052293753466,0.7199828368518383
4897,0.06293018162250519,0.8737376988767962,0.674839161624609,0.8573962819263515
4898,0.05187615007162094,0.8416730062628973,0.5629917393212536,0.8747972966129085
49,0.208592027425766,0.42013101020673893,0.1893732611197039,0.6367897742188828
490,0.012703408487141132,0.7779920468174402,0.5736025401564174,0.9214902651782898
4900,0.05350222811102867,0.9458257380288005,0.8432801665407829,0.8982645641964768
4901,0.04625137895345688,0.8684429500061113,0.6086617430082938,0.8900571436592137
4902,0.08795201033353806,0.8874516252008195,0.7569383180373146,0.8258689371779908
4903,0.11816824972629547,0.4425751727477632,0.02097153842230415,0.2533225356932869
4904,0.1778462678194046,0.4225929755435447,0.11053842803284562,0.27856679400993595
4905,0.05777653306722641,0.9029172138813117,0.6874976227345609,0.8911403076474606
4907,0.014163937419652939,0.8149349748363007,0.4601796274141565,0.8822561164718108
4908,0.01031254231929779,0.9312908996411818,0.718444063254473,0.9233675717332379
4910,0.03682301938533783,0.6723029758968636,0.2962396216066282,0.6903991759261445
4911,0.03508603945374489,0.929095660849332,0.829676660740347,0.8666426502551805
4912,0.0750061646103859,0.8828423481099834,0.7465102527658644,0.7964643984376982
4913,0.22395344078540802,0.6218177250524903,0.6744512617066245,0.567968164875694
4914,0.058952245861291885,0.9103815196178743,0.6739336075761042,0.8776251056267239
4915,0.0835595354437828,0.8932644969403355,0.8688717400221035,0.8607697975520144
4916,0.1366342157125473,0.7563631748454476,0.4774020852241314,0.7581611195224554
4917,0.20525085926055908,0.5224699779881735,0.5207677301156123,0.4536628755389457
4918,0.0789027065038681,0.8154651693759682,0.5628549906410781,0.8200095038710491
4919,0.07191835343837738,0.9182976735115816,0.8201671219479734,0.9004637647940835
492,0.06606178730726242,0.7397989048811648,0.7125142534934672,0.757759861028692
4920,0.08619632571935654,0.8440836439005726,0.8257819580188449,0.7935046677772997
4921,0.05738626420497894,0.6890638906755793,0.32161765738779113,0.6231037635019938
4922,0.036685798317193985,0.9377941899409583,0.8912256873160029,0.9281518262365236
4923,0.07125115394592285,0.7097298801632919,0.6797365168795657,0.7010384892949104
4924,0.018875135108828545,0.8764498205932378,0.5399537123407018,0.8826090486613651
4925,0.062004454433918,0.9241309096413176,0.8724038330189263,0.8865067884422357
4926,0.04108317941427231,0.945957736425252,0.8518410758321456,0.9220159418256301
4927,0.08830765634775162,0.5942993115796072,0.3753876417602443,0.8153206455777274
4930,0.07096238434314728,0.736845697612471,0.6213665731069907,0.6146690907836849
4931,0.01324948389083147,0.8812338164706305,0.4936287593004979,0.8908914833059198
4933,0.04781502112746239,0.9325774350666409,0.8642269154549819,0.8768427370073786
4934,0.04238955304026604,0.6324828689128545,0.5060103790251199,0.7827850137037379
4935,0.07424658536911011,0.46498498354938905,0.01596081493255377,0.24990711292028597
4937,0.04397672787308693,0.7462287630847215,0.3188133546643477,0.7222309074907038
4938,0.09054884314537048,0.6962336726677651,0.3532852044422844,0.6675003161645857
4939,0.13753773272037506,0.535942377106205,0.4679961032690382,0.43470053139271286
4940,0.03157079964876175,0.914766249872952,0.6667648641779965,0.890516830500721
4943,0.05364890769124031,0.9389732081098329,0.8342620205098992,0.9048713284729525
4945,0.07549183070659637,0.9025963543522959,0.7578388680969937,0.8583452541261862
4946,0.13951793313026428,0.7294894443003876,0.5761886605129091,0.637881493850218
4947,0.08192939311265945,0.9218123838119501,0.8408243669957739,0.8629836163547762
4948,0.08972832560539246,0.9018496150409658,0.8878654351776962,0.849181372672918
4949,0.0769166648387909,0.5363946013428634,0.40342471449347805,0.40241165144047214
495,0.12410693615674973,0.7115609136555645,0.5753239582798255,0.657799595733039
4956,0.01031119842082262,0.7781803589506275,0.3575671419424373,0.81964722753791
4959,0.07707501202821732,0.468176402285047,0.0023975659361367345,0.29367193506494893
4961,0.034489285200834274,0.5812321641447058,0.10560224394965044,0.6288926157505663
4965,0.020370861515402794,0.8591986026984126,0.6171989782764196,0.933204107899165
4966,0.012970935553312302,0.8261517278517849,0.5502627699696019,0.913932980429604
4968,0.047841764986515045,0.6030661206705767,0.492735078560552,0.6304212286747612
4971,0.03036043792963028,0.48346188098767495,0.017727895595624397,0.2684154686283096
4977,0.17462438344955444,0.5059570697069473,0.3043483891469184,0.5778281413105122
4978,0.09703140705823898,0.6464265416553827,0.633820779016165,0.7143936532643909
4979,0.15837031602859497,0.5368247752478688,0.16055601931132968,0.6102078309898504
4980,0.006387639790773392,0.8822981800483554,0.5977889194113973,0.9348884145621895
4983,0.05758102983236313,0.644469815613168,0.27891190162841795,0.4830895337437053
4984,0.07684256136417389,0.46362642371300433,0.043432374742546936,0.26027075979027076
4986,0.13416990637779236,0.43755852942892387,0.016596971584254158,0.44682508133558985
4987,0.11388687789440155,0.7930645817183748,0.8358800680881383,0.7875309992799608
4990,0.1175893172621727,0.8413921629617541,0.6637435668246338,0.7472669742026427
4993,0.05045120418071747,0.8446450042027236,0.6274012201912956,0.8752740581763391
4995,0.038758665323257446,0.4696017388366096,0.004530150560860506,0.6697714408268169
4996,0.22686444222927094,0.4974257417169659,0.38160240905060516,0.4235407447699332
4997,0.07039105147123337,0.6120763673015771,0.4482870375181157,0.5572708661395597
4999,0.015535100363194942,0.4919425060357098,0.0065744081501811135,0.5928004148975516
5,0.1404966115951538,0.4318234541259494,0.021172218893693213,0.2527701309573911
50,0.08733657002449036,0.6605443898748722,0.23971832096681545,0.6462597176369669
500,0.05826321244239807,0.8857549801264399,0.7639954460691627,0.8763466380142415
5001,0.03348821774125099,0.7476329859837572,0.40366652015253857,0.848228643642639
5002,0.016820430755615234,0.9423367584880784,0.7985504919180758,0.953194915700902
5003,0.015581597574055195,0.48680025712022046,0.0017887525704593733,0.46951231206988525
5004,0.06863851100206375,0.6314690237350782,0.1632973474425891,0.5737054950803537
5005,0.051273684948682785,0.6039783948310375,0.4753852120248614,0.765881704593327
5006,0.04533887282013893,0.7786776415458672,0.611979067894399,0.8592669601606744
5008,0.028284264728426933,0.7284733875469582,0.49661150010027494,0.6730241026846739
5009,0.03750208765268326,0.8403287678313249,0.7536755524696578,0.8364039187964489
501,0.20416712760925293,0.778614627139891,0.4497932772887007,0.63978940234099
5012,0.014253785833716393,0.5299511354823013,0.05318043020239381,0.40817368120865055
5014,0.025051068514585495,0.48006267073594927,0.020406529681894568,0.5494976201944457
5018,0.11358799785375595,0.7183144946870741,0.3937757275248669,0.7882713285522939
502,0.16518396139144897,0.7761267658557375,0.7752418166217611,0.7636753177853874
5022,0.09080063551664352,0.45456226687989587,0.023089149377325376,0.2793656464167378
5023,0.03803093731403351,0.5998343470318721,0.21214895006282183,0.8473363991221363
5024,0.00944268237799406,0.5844259145883108,0.17586977332458262,0.6252656133130285
5025,0.04892129823565483,0.5905546826184925,0.3223438144758177,0.49920368451400954
5027,0.29502734541893005,0.5505374821056055,0.3855021107181503,0.5900890158402067
5028,0.12835678458213806,0.47181081299189054,0.3275636308219964,0.360990020097972
503,0.059385430067777634,0.9261905614429302,0.8270352045469405,0.9034457615406819
5030,0.10968749225139618,0.4545116062343906,0.10582567558603068,0.27828521198075473
5033,0.23137176036834717,0.4502435982686341,0.3910336046111898,0.3778089811253059
5035,0.060496244579553604,0.8074350213536272,0.6684419853808446,0.8811042422523035
5036,0.008549058809876442,0.9339280942579862,0.7908554079401451,0.9626237989396811
5037,0.02391830086708069,0.6299397944401864,0.07681417366651873,0.4636504053136643
5038,0.020363975316286087,0.7438886774957241,0.4787878118339208,0.6423977448404458
5039,0.09160545468330383,0.503173512720595,0.312692415412293,0.3656385237670974
504,0.07561919093132019,0.8364525680642629,0.7983337361005045,0.8412481885754504
5042,0.06241334229707718,0.6192552058711314,0.4699431497384797,0.5614077632429214
5045,0.13604357838630676,0.5014520468333756,0.09143032800032475,0.5175231546714039
5046,0.021442070603370667,0.8006818650358194,0.6306042344738851,0.9202029708023806
505,0.08782403916120529,0.9020244222297336,0.7264171843705641,0.8442662559606144
5050,0.04435466602444649,0.6929560290494099,0.6196854031836441,0.7248039406513941
5054,0.03959378972649574,0.6121762462860079,0.18177523099908274,0.6171436375261157
5057,0.04058745130896568,0.7324119567814922,0.6997344067077482,0.6830325422301073
5061,0.0437425896525383,0.8273030065119487,0.5189259267381265,0.8643439515438646
5062,0.06412666290998459,0.8024419734054941,0.6760251420358384,0.7043992352092681
5063,0.07724335789680481,0.8404053032641476,0.6315988735225397,0.8574527840023025
5065,0.2873530089855194,0.37053974480126584,0.17929966205575196,0.29129324759330566
5066,0.024509260430932045,0.7844520833474431,0.7517521757964456,0.8465033444656282
5067,0.3712155222892761,0.31785007097281914,0.054737009367686974,0.25448491752745306
5070,0.01099690143018961,0.49401526074252916,0.0003101494950286599,0.35774300683425997
5071,0.016390524804592133,0.4756747018805846,6.640489344944492e-05,0.5941472609175734
5072,0.057590607553720474,0.7838810984788549,0.5988959599369893,0.7067002168234692
508,0.004263065289705992,0.9480772552631069,0.8861232882704492,0.97286474786347
5089,0.05897783860564232,0.4653284347880387,0.0032238281082187835,0.2883249473780377
509,0.050131622701883316,0.9180873377468043,0.7629024490955455,0.8826918459236158
51,0.06015637516975403,0.9198955910275379,0.7699589726923136,0.9110438907508873
5105,0.08742054551839828,0.459510041194357,0.006108502483989287,0.5035504163074374
5108,0.08909086883068085,0.8402480227413981,0.788355035940792,0.8373092926713728
5109,0.04710178077220917,0.7501848925619429,0.5529673298494181,0.8758934190120546
5110,0.04723937436938286,0.8881262742651543,0.626620974858712,0.8833052369600944
5114,0.08071049302816391,0.5750828630967239,0.40326297244490195,0.46194364649901903
5117,0.025337986648082733,0.8418556002124866,0.6745874029918062,0.74628418003067
5119,0.09125935286283493,0.7384679208771427,0.7234712836890996,0.7282725120311399
512,0.363107293844223,0.5582719739503952,0.6157714947152959,0.5353263161512146
5120,0.01981489546597004,0.8763475216568322,0.6166873450564376,0.9396763979046556
5121,0.05345427989959717,0.7021475745094217,0.491231678562491,0.8396670647310497
5123,0.015995223075151443,0.9511745158461795,0.7850374484804213,0.9218533048537253
5125,0.0213612113147974,0.8531661038207307,0.47912111677547,0.849916810117638
5126,0.08373821526765823,0.8704278371077392,0.6320207039218295,0.8574933396760419
5128,0.10420195758342743,0.7123701708824637,0.36978046075002435,0.7772274011766205
513,0.1475907862186432,0.7739715939818209,0.6031717512959072,0.6735005542261314
5131,0.18958903849124908,0.6443705506523927,0.43914839919712356,0.6500529291512375
5134,0.05224640294909477,0.5649412485994306,0.42232581688662646,0.7458877244354454
5136,0.07621333748102188,0.7545680456113815,0.40989218679283485,0.7952350244179109
5139,0.41668981313705444,0.29370059730390224,0.04106698590983885,0.2503534944805206
514,0.13030201196670532,0.5991886564746746,0.21202833775029598,0.6901530897206963
5141,0.0359715111553669,0.6714219965701294,0.7711949391682412,0.8741553757834268
5147,0.09110502153635025,0.8267409702152335,0.6577925526593129,0.8540136065532786
5149,0.1306058168411255,0.8440011624501713,0.8324056246478402,0.8080251037472315
515,0.24323239922523499,0.7154327522996257,0.7076645530107223,0.6400558158592644
5151,0.11514249444007874,0.7643202230246207,0.7205926420466382,0.7226284295751348
5156,0.02451842650771141,0.613087380516117,0.15597621088716004,0.6728658797201569
5159,0.07199815660715103,0.6390606842296576,0.6411365475366023,0.7619537124622584
516,0.07595114409923553,0.7274139601006167,0.3063489980649485,0.7729665031266804
5162,0.008801321499049664,0.8816175797601276,0.6695636132482168,0.9502141458207252
5164,0.12578515708446503,0.5483088322952039,0.2192987470771581,0.6089083148046194
5165,0.05489049106836319,0.7414448120389625,0.4917646276560506,0.8003649984996123
5168,0.21925105154514313,0.602977169148594,0.6575250449803758,0.5577019706657549
5169,0.169704869389534,0.7419761411220425,0.743972603298811,0.6690786220176271
517,0.10028775781393051,0.8066911153798558,0.6437635623574413,0.800940030060886
5170,0.0580882653594017,0.5677310853508726,0.1395312612065557,0.7860744461362899
5175,0.03440980613231659,0.6696700305708647,0.48767962889007,0.8766800401577154
5176,0.0490877665579319,0.8790092450723733,0.7943302733853771,0.9158597240634712
5178,0.01584346406161785,0.960245576624584,0.8016172512649737,0.9482035188024935
5179,0.17885857820510864,0.41299602577493133,0.0408172406404739,0.25702044821473036
518,0.03132642060518265,0.9164877660762714,0.7970929998307057,0.9236969733435957
5180,0.39663368463516235,0.5217896214940019,0.5547841777637097,0.416228657858584
5181,0.1553897261619568,0.4274117786442814,0.07843562112261612,0.2700587243821396
5183,0.010799404233694077,0.850545510303573,0.658542135915987,0.7968875394830357
5185,0.24212616682052612,0.38140120016054946,0.02393445297045952,0.2500732553798687
5187,0.11932016164064407,0.8486186725268772,0.7434604093005911,0.8192205050568946
5189,0.07877682894468307,0.7344310018543512,0.6312915753630041,0.6518309679639728
519,0.12319941073656082,0.5778422880342304,0.35967971882916966,0.46517540656196477
5191,0.24585485458374023,0.3911233544773491,0.16967313214976829,0.2911966980098575
5192,0.008227331563830376,0.8594631037212404,0.5873408615173082,0.8475584466633166
5194,0.0882570743560791,0.7952672489420067,0.6546977242034708,0.8684805693685349
5195,0.04961790144443512,0.8353044953274961,0.7873812399811078,0.8707729348975816
5196,0.09331759810447693,0.5675349295635244,0.5949029922580682,0.6093895059206605
5197,0.18647076189517975,0.40742101500004263,0.07419575214003982,0.2697013614699855
5198,0.18828356266021729,0.6067215688826166,0.5890528616308487,0.5667512213307924
52,0.0457913912832737,0.4797613423233815,0.01746351335502045,0.25233107930383436
520,0.4174876809120178,0.30248139580130856,0.13765124584356409,0.27508191054719766
5200,0.11005447059869766,0.5076397175696663,0.3646134438214684,0.3765885104021562
5201,0.1576187163591385,0.4241304658746651,0.03914443583902891,0.2563696171101745
5205,0.04616784304380417,0.4904797149177606,0.005242567688129461,0.3971563452820413
5206,0.18264368176460266,0.410722607404992,0.014438052710397057,0.24946355180416613
5207,0.39621850848197937,0.47450923959919644,0.6084214503491148,0.43159960973989825
5209,0.05050918459892273,0.8371191933520641,0.6880298175950659,0.8805598228658775
521,0.019806282594799995,0.4969487401610805,0.009225523028917854,0.6103218215377286
5210,0.32907789945602417,0.3482256892729728,0.1588358891151801,0.2834555931976196
5211,0.2778884172439575,0.5946272813219154,0.6292115061465793,0.500694936295311
5212,0.20355525612831116,0.5326981133544316,0.5111505277969582,0.5164135183699521
5213,0.041419629007577896,0.539396782751462,0.20034453304104902,0.473751764220904
5214,0.11318681389093399,0.64563001688684,0.4908964783647355,0.5706445852576995
5216,0.22535699605941772,0.7551639302805873,0.836386041917631,0.6913002576588869
5217,0.09859385341405869,0.7642086286336933,0.61271520454336,0.757859012093631
5218,0.02037399634718895,0.7779243242873461,0.6280393898161648,0.8069795473219745
5219,0.10678473114967346,0.7842421229448575,0.6672086284357127,0.8028078049959654
522,0.14360159635543823,0.8426153359860322,0.7710899038229189,0.7545862146235456
5222,0.01730954833328724,0.8321299273985598,0.44621194110901186,0.8705889182655813
5223,0.04330803081393242,0.8905470722834214,0.875204246987959,0.8793539956379348
5233,0.08395146578550339,0.8277616541055101,0.5697901426044114,0.7914869454268589
5234,0.0671146884560585,0.6894222037704993,0.24905056179666718,0.684355363528692
5235,0.08520860224962234,0.538867000843852,0.24355547497031166,0.6618849952951577
5236,0.5569955706596375,0.361835016821334,0.631407529881413,0.2784448835690772
5237,0.06800667941570282,0.7473987573358035,0.7276647307696669,0.7378896112703637
5238,0.21108762919902802,0.39711264622611725,0.04535134185127628,0.25668700385904675
5239,0.061765752732753754,0.703341660820925,0.6254135599205075,0.6355561808777412
524,0.7101592421531677,0.14956608573081934,0.06823114040540908,0.2528934893327405
5241,0.14925037324428558,0.712120885434136,0.430705916334583,0.7089088850040075
5242,0.042037803679704666,0.8020335125409153,0.7594063777453375,0.8843288199759635
5243,0.10609705001115799,0.8065257939841044,0.49579314980881745,0.8222573386630531
5244,0.19220350682735443,0.6884357489121053,0.6442764654161625,0.722818290720434
5245,0.046175841242074966,0.8857297170180898,0.6962199912154542,0.8786511579264615
5246,0.14841391146183014,0.692759918354647,0.29493923467684585,0.6054373602829127
5247,0.19506682455539703,0.45398786979311256,0.27599076395810623,0.3436860395227018
5248,0.034980449825525284,0.7858919599391657,0.5901175593055744,0.8289935039194208
5249,0.11941070854663849,0.7273154116521083,0.6072812104301021,0.662635764405277
525,0.12631523609161377,0.8308162940901829,0.747151319883039,0.8228245671647832
5250,0.04115697741508484,0.8541211593975906,0.6194688225307033,0.8672379545062168
5253,0.04821889474987984,0.6426357584998315,0.14679188919831845,0.4634474496017072
5256,0.10537496209144592,0.6643836510990735,0.6711398161549533,0.6720991281397477
5257,0.05384491756558418,0.8212768498392904,0.689931239025832,0.8558988733723976
5258,0.10353180766105652,0.4687281921371804,0.1714415482033514,0.34900107487973886
5259,0.130950927734375,0.7726656685067077,0.6915385048895629,0.769442375802523
526,0.11133044958114624,0.8558752981994151,0.7180099595834727,0.8486877324395111
5263,0.0596904531121254,0.6561359027192732,0.27823570564615735,0.8288989717535107
5265,0.07500092685222626,0.8644417507249957,0.754852864631276,0.8663440514517791
5266,0.05404190719127655,0.8206223613672067,0.4687943417074132,0.8791004084726963
5267,0.1619880646467209,0.5273333761406207,0.1138995846608432,0.6395523213252042
5269,0.1009482815861702,0.6962038018266268,0.3932581021128993,0.6198199887859559
5270,0.06452973186969757,0.7541314872096726,0.3829947548064237,0.7768049135822064
5271,0.04053827375173569,0.6910280129447175,0.4897341619429103,0.8450918072424509
5272,0.0931471511721611,0.8131435996148821,0.4523831184814102,0.727966457401679
5273,0.08375943452119827,0.7346395925002578,0.32587134144160673,0.7328286861207296
5274,0.08086975663900375,0.7628210437298805,0.6965152381135299,0.7927126166501706
5275,0.03213559463620186,0.770304154638599,0.4183495440100149,0.8084137757433391
5276,0.09269178658723831,0.7680925107817704,0.5182860012133433,0.8175713960641109
5277,0.06817355006933212,0.8848854906219255,0.677601638112933,0.8578178694976416
5278,0.0833987146615982,0.5047117406566037,0.08948359025160987,0.4664357966692646
5279,0.05859571695327759,0.7384962579901091,0.5113342439125476,0.863840811008495
528,0.041390273720026016,0.4706471690884479,0.0020564512856064135,0.46465417865458347
5283,0.16522082686424255,0.5993575478530753,0.4319698249763975,0.5739935996263128
5284,0.13310135900974274,0.6924759345942635,0.5320446053908936,0.5449620354051331
5285,0.0789664015173912,0.8236807532942692,0.49839822250920085,0.7879023103316029
5286,0.10228672623634338,0.4724499389274777,0.011526809957108369,0.49351474551975133
5287,0.07278746366500854,0.6812265058821237,0.20771328979144665,0.47056808389940136
5288,0.1287258416414261,0.7794880863125822,0.5888013916593468,0.7629210699710336
5289,0.01970490999519825,0.49457789718159184,0.01067569583642293,0.27198155792016515
529,0.09736794978380203,0.46286731961743194,0.015048576298320196,0.33717000682687165
5290,0.08659935742616653,0.8119627597595654,0.6918207153993328,0.7701986291457122
5291,0.04614456370472908,0.5757828049316285,0.08595752979272656,0.36765368838534207
5293,0.1249813586473465,0.5220294446660142,0.0790911560874754,0.4162762886953171
5294,0.07080167531967163,0.8588091317628216,0.5900680867720083,0.7897079791094904
5295,0.0669882744550705,0.8566398675959905,0.7796178721927739,0.85831710552396
5298,0.1015503853559494,0.5284058293087954,0.14905615103013248,0.5394162261971654
5299,0.012038503773510456,0.8947666853789906,0.6158709775382097,0.9165556049819821
53,0.08422892540693283,0.6868892591766107,0.4462070546728085,0.6946202368193843
530,0.016424456611275673,0.9212979376941957,0.6403322618735083,0.8293825195388438
5300,0.040252428501844406,0.6594169915537625,0.2472062451446254,0.7945892937145422
5301,0.05823864787817001,0.9014550393038279,0.8297366235879364,0.8949304488074488
5304,0.12195950746536255,0.6510462375533673,0.29898887862004,0.7201240807308791
5305,0.1812158077955246,0.7885819332311237,0.7598548935075606,0.7030046283634699
5307,0.061673860996961594,0.47396135542507456,0.026928717485576667,0.2582295606990064
5308,0.05765939876437187,0.5576462942359399,0.1937857899057158,0.6379767819635885
5309,0.13019846379756927,0.5981329215662767,0.2299059143458487,0.6864932358542204
531,0.05213122442364693,0.9397162679539007,0.763085264540638,0.8811551341282555
5310,0.10038761049509048,0.7656886631941893,0.5108174380715743,0.8166820416090999
5311,0.03858167305588722,0.7277555430151503,0.4820732920528128,0.8589995502500971
5312,0.08300705254077911,0.7711978161018215,0.45351622389102564,0.7505835327273047
5313,0.3268555700778961,0.3421648290642622,0.09900378728566592,0.26723512645539427
5314,0.04809726029634476,0.8743274898427431,0.6802380548169957,0.8958922770082556
5315,0.04527902975678444,0.6960305813873768,0.33130529701897543,0.8143734052313116
5316,0.1642528772354126,0.6732913533862417,0.6582491277425969,0.6507829524192736
5319,0.1065240278840065,0.503833172569018,0.13423081024266886,0.4009945196873654
532,0.06017536297440529,0.8964747631475669,0.7260185709621682,0.8985448860989004
5320,0.07688447833061218,0.7061089577883977,0.39820686871094935,0.8199342334680004
5321,0.06442686915397644,0.8489661141245162,0.5526250679978195,0.8250715810281342
5323,0.056107718497514725,0.8455928343859691,0.8235811564029502,0.8900724104317569
5325,0.1631900519132614,0.5791894004358216,0.38368747410178644,0.5265359811636348
5327,0.05048266053199768,0.49918070126153924,0.1371858864318086,0.3509320833345093
533,0.13317926228046417,0.6851852156102245,0.4502744945302091,0.6913316647203394
5331,0.04798077419400215,0.7426186709655356,0.6165728972811475,0.8280893082813143
5333,0.06837613135576248,0.8627365129027827,0.500679611930348,0.7827769592011968
5334,0.1778555065393448,0.5143694424236476,0.4429104602574463,0.4650018562396964
5335,0.018240854144096375,0.5077253646426141,0.03880737193845613,0.26933733854571895
5336,0.10739682614803314,0.6367118354690943,0.1667486898132156,0.6613615255209329
5337,0.0981813445687294,0.6173612971039117,0.06736997330463469,0.5100310077305347
5338,0.1093548983335495,0.8367097016642623,0.6879356066373445,0.8238696229902989
5339,0.12672053277492523,0.8402081811186346,0.634476989067398,0.7893664014003755
534,0.253060907125473,0.569002547679334,0.4692983881658827,0.4801004599220416
5340,0.07017161697149277,0.46679736264121485,0.011151367576728907,0.24957118966034558
5342,0.02109425701200962,0.8799884484259193,0.6259192837048355,0.8805305052250227
5344,0.0882037803530693,0.7190685300166982,0.2668519321348713,0.6982693516448378
5348,0.1643451750278473,0.6741047024918951,0.41846325267358864,0.720141791646444
5349,0.036841992288827896,0.7793772200591833,0.45622593647802834,0.8521110283504529
535,0.09161999821662903,0.7305241119462887,0.4519702171905165,0.6474747206574238
5351,0.038812972605228424,0.5391197533846311,0.064023032317223,0.6510460782713383
5352,0.07150024175643921,0.5101477817517482,0.10797535973318625,0.5864388658882767
5355,0.03884376958012581,0.8695902926980487,0.6778014428582155,0.8955167345449067
5356,0.10637687146663666,0.61920569135413,0.3054258818474332,0.7900055371100775
5357,0.14556796848773956,0.6911188379386237,0.5123999455214944,0.7335609286273851
5358,0.04575526341795921,0.6330304080372778,0.26594827086360273,0.42701695280838836
536,0.089035265147686,0.824426165923186,0.48782365533912975,0.8164499719875478
5362,0.05914894863963127,0.6052422273034502,0.20506421500968097,0.7184469206162498
5364,0.1224922239780426,0.7511274739927868,0.6548230555051845,0.6654219900366704
5365,0.05140937864780426,0.8128184706280379,0.7014665666894726,0.91006982114049
5366,0.030146773904561996,0.8308456501861632,0.8254132861514771,0.909998759917154
5367,0.12291685491800308,0.5202209056695258,0.09823467383494737,0.669777741875941
5368,0.0745609775185585,0.831039507476749,0.5259990551392495,0.7934042559976058
5369,0.03651612997055054,0.829971041423381,0.4770084925449077,0.7888196390813598
5371,0.16953614354133606,0.48574542448818503,0.41727528697032085,0.40334752659210626
5372,0.026553256437182426,0.8809413409226245,0.6848325432880858,0.9040851636397824
5373,0.054869238287210464,0.6904927638746629,0.5225690837178152,0.6200614132660395
5374,0.08537083864212036,0.7766130084865146,0.42638286107951123,0.7260843175861389
5375,0.034009501338005066,0.634684555679105,0.1854028465596384,0.799987470298726
5377,0.031297288835048676,0.8863538537591726,0.7037952381755805,0.9236751487460348
5378,0.13983918726444244,0.7003163105225063,0.45690791308426754,0.8034506695860844
538,0.15700429677963257,0.8066169117171936,0.6115290070194748,0.7852703840444928
5380,0.056266795843839645,0.704138529746521,0.5016027417004496,0.6773818490898635
5381,0.033137425780296326,0.9025101057076802,0.6827790360152375,0.8381109574556088
5382,0.14376261830329895,0.6573697282563109,0.6703769697184752,0.6864461660999007
5383,0.0497233010828495,0.919864867668484,0.8391007994715584,0.885486033685027
5384,0.09415876120328903,0.8492767964832133,0.6427958000350891,0.8044707234868312
5385,0.1885002702474594,0.5845780296141015,0.3222989194696021,0.7005417807372699
5387,0.06862711906433105,0.8063448502609044,0.7797683920073101,0.8519284537763925
5388,0.08378766477108002,0.5398525212062251,0.4338286723757742,0.4539202840708006
539,0.04589452967047691,0.607874377269143,0.5401608066094832,0.6108733062373229
5390,0.1942264884710312,0.60733208084196,0.28259356362869453,0.6331608012728798
5391,0.09903360903263092,0.8840236864625646,0.8152471127326227,0.8639920995729073
5392,0.05399823561310768,0.7530112594127873,0.48715975576533793,0.7560569903390689
5394,0.05160972848534584,0.8294710830407832,0.6907468949753245,0.787413366436045
5397,0.14260615408420563,0.738678017795386,0.7304615371243922,0.712138534109463
5398,0.06598445028066635,0.8220826413333242,0.5337585952801678,0.8484856764401022
5399,0.27778303623199463,0.6936936258173417,0.7853287659513901,0.6181916719213787
54,0.07858426123857498,0.7514481661866672,0.6505148494527235,0.7983616383657142
5400,0.29214298725128174,0.6408878945720919,0.5787271517114991,0.6409631897607873
5401,0.140194371342659,0.6762813073740667,0.37191538315705874,0.7628199045735995
5402,0.05346071347594261,0.7276300150528591,0.4756528141534026,0.7948332229480073
5403,0.4164276421070099,0.29408051298879617,0.031004167332778394,0.2504365242534793
5404,0.23630152642726898,0.39321043443601517,0.12953352674200885,0.2808608272860723
5405,0.06683991104364395,0.8304800239103871,0.7248839915658116,0.8217419194947266
5406,0.1429848074913025,0.4898373618309737,0.47360037943674493,0.4289601626534954
5408,0.07633136957883835,0.8694076791963536,0.6525089423937415,0.822736913995689
5410,0.06888217478990555,0.6652017018392169,0.23916972183442764,0.7426916914683015
5411,0.06010410562157631,0.7136374554391754,0.45880406227508264,0.6465534121305418
5412,0.022630244493484497,0.9185054156628902,0.6854803754020452,0.8974716348186882
5413,0.10035097599029541,0.6468188861255841,0.5068819590768457,0.5334667095543725
5414,0.16603361070156097,0.6400124889498113,0.561694721044753,0.6108363302325267
5415,0.02769738808274269,0.6720780033991958,0.3445853415993008,0.8378513304837911
5416,0.08172707259654999,0.7031744444951967,0.5332082481806286,0.7549707555933551
5417,0.17220114171504974,0.6677651471807813,0.5948354252464013,0.7654662587401262
5418,0.13228297233581543,0.6523209575754834,0.31549849609880254,0.605085241156649
5419,0.142428457736969,0.6762295795245321,0.5842231004946612,0.7121600814645326
5421,0.13789981603622437,0.6490134633538523,0.37972001555722706,0.5972643793578567
5422,0.06857660412788391,0.5911890379978864,0.13111074276464774,0.5578235199883185
5425,0.06508950889110565,0.7761206821960692,0.3693513349282984,0.7737881921256609
5426,0.10629598796367645,0.5803658553367962,0.15667646939776103,0.5919232135136281
5428,0.20347921550273895,0.5845988169770902,0.5553119880889724,0.5767635528152215
543,0.08439061045646667,0.8611442676174439,0.5440272186632242,0.7797064276219807
5433,0.16450567543506622,0.5854523215506907,0.5562225694859158,0.5464701491339319
5434,0.057942621409893036,0.6757027179323007,0.3934153057191456,0.8416913637548762
5435,0.07142244279384613,0.5522784787571454,0.30228158703838204,0.40756643600168696
5438,0.08311198651790619,0.7185329310437953,0.562502456707571,0.7433852691305813
5439,0.07324995845556259,0.8919087791812768,0.701070148785417,0.8872425336168477
544,0.5278772115707397,0.24128035022388916,0.08569679090961907,0.2563434334266239
5442,0.18820632994174957,0.6500607806246361,0.6666559643765096,0.6043541020975411
5443,0.07670401781797409,0.8701652011912914,0.7003326096479837,0.881276919623635
5444,0.12753205001354218,0.7240306686794563,0.7352197499216868,0.6981864648057334
5445,0.11967356503009796,0.6820435468238459,0.5745289628900585,0.7695456574995903
5446,0.05435990169644356,0.8700985025966778,0.6133866633207204,0.8208999074673238
5447,0.08285927772521973,0.8041320211979516,0.7142924753859283,0.8274190789023925
5449,0.1771938055753708,0.5896444700973045,0.3546755778687924,0.6074303915619385
5450,0.12387385964393616,0.8574093746330773,0.8449804226039718,0.8309151606883158
5452,0.29486197233200073,0.3782627307663161,0.24400286561556775,0.3145958240319262
5453,0.10892177373170853,0.7532686753988805,0.5679103698296489,0.7415421880667246
5455,0.09388559311628342,0.9093414409396385,0.8116033522574019,0.8665870472746882
5456,0.061381153762340546,0.8381127515523157,0.4682858133599972,0.7995674646579027
5457,0.12164182215929031,0.8150890060912083,0.8481078171978514,0.793361867259289
546,0.021636679768562317,0.9269686582315001,0.828275656569486,0.9200637254090424
5460,0.0803883746266365,0.7644574720630002,0.43646294997229534,0.8120067944678736
5461,0.1274736076593399,0.661984118509801,0.23414502776679427,0.6305134058686298
5462,0.036906324326992035,0.897714382426247,0.7474814007596581,0.9226099790536894
5463,0.08290383964776993,0.6649097355709604,0.245518283431711,0.6968826652826283
5464,0.1255953460931778,0.7549297975089098,0.5860895732054984,0.7368434511246795
5465,0.16904859244823456,0.6041935715502971,0.20208017379907497,0.6416057478268675
5466,0.10124044120311737,0.5978523965160152,0.17563715113319275,0.6821219728368382
5467,0.12389453500509262,0.7788728134308844,0.5494855946403525,0.7731462025443318
5469,0.11828993260860443,0.5727127989638843,0.29366899750538206,0.42151298867214254
547,0.1298476755619049,0.760857735591215,0.7162906968967784,0.7202370824342563
5470,0.09697970747947693,0.6519494954996623,0.45408665175138957,0.7758377791655244
5471,0.01722697727382183,0.718148484960039,0.6489697561081305,0.8164169690007
5474,0.20459719002246857,0.44832252870101025,0.2546661972062924,0.34341185571096183
5476,0.06713750213384628,0.7779843486728799,0.7606226098904807,0.7548618698566736
5478,0.26673686504364014,0.44518453675288194,0.2545875384860299,0.3413813750665809
5480,0.024834521114826202,0.8907984212589555,0.6458773739602264,0.8994994753587973
5482,0.017762184143066406,0.9402728029174279,0.7302926942589067,0.937249374886877
5483,0.020852740854024887,0.805083044299575,0.8002017077259169,0.8536571535553614
5484,0.06120168790221214,0.7859408202968934,0.4671161423599676,0.8341298428815604
5485,0.15451247990131378,0.733470612016875,0.7659127763211963,0.6897145451795874
5486,0.2026611566543579,0.40190761260508656,0.04301361158924742,0.2580612053262946
5487,0.05363176763057709,0.7138222640726974,0.5826229530276751,0.7713818976907492
5488,0.08241613209247589,0.4612349788964866,0.031089431225705122,0.25390695373037864
5489,0.07475833594799042,0.7938435531387376,0.7399946076267693,0.796592910673787
549,0.011140142567455769,0.9501481940299874,0.8900502489306723,0.9576160407682154
5490,0.03570656478404999,0.8072476172344892,0.6902264184828804,0.7430664231932493
5491,0.007170152384787798,0.8674717732323504,0.5817648605198249,0.925403347988487
5492,0.2135138213634491,0.5517706130150042,0.44584489534414457,0.5535443097528798
5494,0.08591803908348083,0.4686229264404223,0.11650168714605919,0.2800545722282464
5495,0.10073280334472656,0.4943849748814949,0.32951375825961093,0.367651084729132
5496,0.19583682715892792,0.4040867132196966,0.014792484979328986,0.2495211699647843
5498,0.15232044458389282,0.687735575312113,0.6928605987027903,0.6095408397196745
5499,0.005675686988979578,0.9052597448428703,0.7902710469567731,0.8873001564688682
55,0.0620543397963047,0.6793780027941114,0.27731904233852134,0.7539652820172353
550,0.02688310481607914,0.4832014138789226,0.000311456501714547,0.4413745359802853
5500,0.09133778512477875,0.4923762829262799,0.2969679005397386,0.3593143142415472
5501,0.018071765080094337,0.916511488971619,0.6139603337415729,0.9300170847990883
5502,0.036447279155254364,0.8993252813106547,0.7036394520358442,0.8544659098197458
5503,0.19350363314151764,0.6148141464353645,0.25321459231351995,0.6181236003724162
5504,0.07125601917505264,0.6484853932572088,0.5518281868804968,0.7311074246745968
5505,0.039715707302093506,0.7120530105489244,0.3951297023138574,0.8872161311172282
5506,0.21897855401039124,0.4027681441506837,0.15040219353471548,0.29324425332398063
5507,0.015127459540963173,0.7378000544371135,0.41497491974376105,0.8661405141024142
5508,0.03633792698383331,0.889490960997638,0.7914281521794654,0.9162000653619885
5509,0.26450860500335693,0.40197630151009445,0.2562975169811329,0.31744678013976485
551,0.018594255670905113,0.9105178416590137,0.8153664860622717,0.9441278059445272
5510,0.0802028477191925,0.5349544296050898,0.40571933372722635,0.4086195137971914
5511,0.21461305022239685,0.39543692920206375,0.05478599738739272,0.255502212264743
5512,0.31405389308929443,0.3453250852368849,0.01963882316344593,0.24980841225974781
5514,0.03989705815911293,0.5135161602310145,0.11659586329609993,0.30338265373175255
5515,0.009168669581413269,0.7972276905062181,0.7635375839427565,0.8060616058185346
5516,0.017802275717258453,0.6824313377208601,0.26569580096959955,0.7007446135478073
5517,0.062096286565065384,0.7177665030316605,0.31616734529752905,0.7260635999231357
5518,0.13487136363983154,0.8044910221019436,0.7366658129738305,0.7389888656773436
5519,0.1488959640264511,0.6516896827778759,0.4093253071899719,0.5598476761411908
552,0.07179971039295197,0.4511191418050446,0.0002737282658252143,0.4131104616944057
5520,0.32428836822509766,0.3565944256189323,0.16883092501494235,0.28558980204901663
5521,0.051566556096076965,0.47412922837452454,0.016379751699618608,0.6751017392667582
5522,0.0406719371676445,0.8054908833573453,0.4797948112072725,0.8766991837033637
5523,0.055818043649196625,0.5580347927180825,0.4175884546354608,0.42731531707336606
5524,0.03825635090470314,0.8108818623631077,0.7818051385705871,0.8210726127744916
5525,0.2887498438358307,0.4262049439509208,0.2503355551766611,0.33892755717534084
5527,0.11238579452037811,0.5996701486919903,0.13800278563573942,0.5431724126673603
553,0.09538891166448593,0.7014720818173852,0.2726693843115684,0.6617496325374297
5530,0.008912644349038601,0.8733347870814874,0.4889193889551275,0.8639994439156475
5531,0.1080859825015068,0.6895294871285986,0.3563150832026333,0.6568441558676501
5532,0.0573963038623333,0.6107467548403578,0.19966061222450254,0.7059880439418929
5533,0.10242225229740143,0.825589426305251,0.7274613051783881,0.7624073295960627
5534,0.08516743034124374,0.5013006803240986,0.19003658130252332,0.3343024580174686
5535,0.10772280395030975,0.4806632768073055,0.22080187936962464,0.3290571744848582
5536,0.15823803842067719,0.4229388548404601,0.01599621125177414,0.24944774893361557
5537,0.09094549715518951,0.7497419556117132,0.7507587126110016,0.7455484265849234
5538,0.03099251724779606,0.796700043949351,0.8265045829845079,0.8206390569421234
5539,0.019953059032559395,0.6059602849565131,0.04164197861839351,0.42531356645595286
5540,0.019100485369563103,0.8504225685175074,0.6303777331917416,0.8987266812247285
5541,0.10257939994335175,0.6562932834513242,0.23403772638450676,0.6448078077681574
5543,0.029964441433548927,0.637108654880561,0.10842275181853674,0.5793579038305424
5544,0.06229623034596443,0.6765787323325644,0.4175455974353904,0.5629616142724824
5545,0.11221934109926224,0.44806800504988337,0.04864814220486238,0.2646989506529963
5546,0.12167808413505554,0.5290323779454253,0.35942142265733074,0.39634257667536527
5547,0.07415027171373367,0.4679663327593929,0.06033108967172599,0.26447250815503975
5549,0.30807623267173767,0.3479050207274451,0.015531839666093948,0.2500778050198852
5550,0.011535472236573696,0.9268224880937209,0.8825320737915999,0.9466709377826863
5551,0.16726054251194,0.6941061395231484,0.6843082657644848,0.676791450086635
5552,0.1099124327301979,0.7429867103409195,0.5938174007263392,0.7547854390683097
5553,0.03990914300084114,0.7838862100268937,0.6586752917673943,0.8632769487056356
5554,0.15077780187129974,0.427932016997842,0.04547501309819664,0.25697592767379596
5555,0.03378451615571976,0.7822468684527473,0.6638626579867697,0.8093277136617956
5556,0.04701211676001549,0.7300044271256039,0.7673548087615916,0.7736487347221324
5557,0.21033674478530884,0.466147005366618,0.3239442943118996,0.40478003396318696
5558,0.02538939006626606,0.8196696634526406,0.679719759447524,0.8109101367539094
5559,0.05166572704911232,0.66166364045784,0.6186723995559569,0.8150117981289644
556,0.4970611333847046,0.2573591909719221,0.07741070711135678,0.26028257298933133
5560,0.2471368908882141,0.3789962391680973,0.026314873440062832,0.25296058526400933
5561,0.21922536194324493,0.39359189501133396,0.050135149993720984,0.25466685667438005
5562,0.020045261830091476,0.8953274855711162,0.6649496555177274,0.9155939414735605
5563,0.030903510749340057,0.7207293993420711,0.2818010732288336,0.7595768420533002
5564,0.19614210724830627,0.6680475408793074,0.5384511797117544,0.5557897584026588
5565,0.015926167368888855,0.8788359946042399,0.8309812033936903,0.8931735108658918
5566,0.010714713484048843,0.8764280298225955,0.788178036229412,0.9424933764495014
5567,0.07082521170377731,0.4863286810141656,0.17146737779246574,0.30556159133029315
5568,0.060302067548036575,0.7238143783856165,0.6248946716475539,0.8077677851261184
5569,0.0608614943921566,0.8121626114624894,0.6771679937651864,0.8666213653754595
5571,0.05986759439110756,0.8614651070824484,0.6442902259095357,0.7923747965957232
5572,0.11267209053039551,0.46803035186666214,0.26778437886606826,0.33560669933637843
5574,0.11397989094257355,0.46893786080563615,0.15385944660113204,0.2997087664972603
5575,0.213979572057724,0.3950940088695903,0.02432695115439647,0.2523824456500643
5576,0.17405235767364502,0.6202401382930086,0.5713037502134544,0.6086737001408993
5577,0.18929855525493622,0.7582346432018026,0.664492753691819,0.6770056669122939
5578,0.1710822582244873,0.42525112347195365,0.16087746335217257,0.29367567281566775
5579,0.09646525979042053,0.5812577846143472,0.5052881963939422,0.5112796934713455
558,0.10239094495773315,0.8772205620299307,0.7934751893090306,0.8475583194295729
5581,0.14699314534664154,0.6731746379243551,0.2757566076538088,0.6672701289053038
5582,0.0041234418749809265,0.9487323356796995,0.8699410592625656,0.952570351527656
5583,0.2551192045211792,0.374357299430856,0.026889724163070127,0.2527722552357826
5584,0.045374441891908646,0.647054361874821,0.22633793221235818,0.7007595608569164
5585,0.07400160282850266,0.47067638519153965,0.11583607764694201,0.28479161953494714
5586,0.026549430564045906,0.6920505345882085,0.5455466176787319,0.5822776812272705
5587,0.032834336161613464,0.5595662367710997,0.41897496431785636,0.5644643565713663
5589,0.17791062593460083,0.41368295228724816,0.04965143050813432,0.26078821726691714
5590,0.11449430137872696,0.44511661190755614,0.05674710857584416,0.2631069904997942
5591,0.13269652426242828,0.43691992936095525,0.07222906921008017,0.26750247369429647
5593,0.15308324992656708,0.7485269976912278,0.3768383312350453,0.6983370826344152
5594,0.055096887052059174,0.7822795799174768,0.6832715214921522,0.7415210117518596
5595,0.2269839346408844,0.6726357720836591,0.7921441257678523,0.6532949006556273
5596,0.20596416294574738,0.6944138556930304,0.7373938992588486,0.6372267852975539
5597,0.09674661606550217,0.5201812017682637,0.3975429556427565,0.40611035278931706
5598,0.04899953678250313,0.8759682038842956,0.8108740884004985,0.9122488826601971
5599,0.037028968334198,0.8628447613343684,0.6917213278130715,0.9375190496731378
56,0.09243381023406982,0.6554128922916745,0.22655811359143246,0.642926071342482
560,0.0646270215511322,0.9208572736525311,0.8391547061854512,0.908688127130477
5600,0.0705670416355133,0.8810589003310858,0.8740308572313481,0.8667154915836432
5601,0.0062237754464149475,0.8556953822178143,0.5221474213793396,0.9067966879221212
5602,0.018142305314540863,0.8124697699835183,0.6356305360056969,0.9260692177332732
5603,0.10060127824544907,0.6720904454946566,0.6977140772888958,0.6370155800347385
5604,0.008116943761706352,0.8712909656669537,0.6614017977819759,0.9457757440911032
5605,0.07459162920713425,0.6270782296711941,0.5169187595757804,0.5073125331376596
5606,0.10346827656030655,0.6449189742526789,0.2754549073826598,0.5795272953415769
5607,0.022434893995523453,0.8467059462236285,0.7063234003604473,0.893872090641884
5608,0.15680581331253052,0.7464620950986942,0.7052009006350412,0.6748725492427382
5610,0.04400617256760597,0.7463871737934156,0.7200778008427497,0.8060881960450221
5611,0.06477176398038864,0.7705017070731157,0.722574049937315,0.7951428482233507
5614,0.024364478886127472,0.9271454327421254,0.7688712310988378,0.9256502321850757
5615,0.09122906625270844,0.5071370775933493,0.10354436390413416,0.5339393293669726
5616,0.11227666586637497,0.8052285625368361,0.7832577389545912,0.7633717472591308
5617,0.006379666272550821,0.8038088695463501,0.5246618926957398,0.9051133005583487
5619,0.13060510158538818,0.7380425546938544,0.7683539594512561,0.7001633061094302
562,0.1298438012599945,0.8570792628052646,0.6334786163748163,0.8095289574337168
5620,0.16691532731056213,0.5697104515705298,0.5304467343388214,0.5314818970164392
5621,0.04146597906947136,0.8227379301127689,0.633091092961277,0.8102213003022793
5622,0.14666147530078888,0.6829754588671804,0.3497655498609878,0.7138137769718134
5623,0.013273618184030056,0.8991495171711251,0.6416860948007053,0.9136160472407694
5624,0.01889861933887005,0.9230189090955868,0.8529090052131939,0.8980893577860488
5625,0.02093733474612236,0.872223117979543,0.7725619158141486,0.9171005406680552
5626,0.1260838359594345,0.5615457520330791,0.07155872658244244,0.4787940700621326
5627,0.045474980026483536,0.8474792151599471,0.7647567895947611,0.884616688258203
5628,0.019807692617177963,0.8672385576334184,0.6300603144788024,0.9040845552888505
5629,0.03948796167969704,0.8395279295055873,0.814277628756503,0.8736623034074826
5630,0.2263420671224594,0.5518880783805671,0.6021797191326993,0.5233980654944113
5631,0.0173311959952116,0.7985755546495452,0.7981293739157018,0.8649748772452629
5632,0.03358310088515282,0.704832104220226,0.39144687820093443,0.8104497940298901
5633,0.020077770575881004,0.7207942286968136,0.25715752598559344,0.7819175015732348
5634,0.011218558996915817,0.9042060215336285,0.6857629808595684,0.9290200881448807
5636,0.021803000941872597,0.8914916823895958,0.6955591287164843,0.9123918704041629
5637,0.04632258042693138,0.556685594373325,0.13185451744134097,0.383716051472593
5638,0.0835936963558197,0.6871224939595011,0.36513683406027503,0.8106448747101145
5639,0.10967187583446503,0.6782486066811129,0.6845198501027371,0.6143458243741254
5640,0.04504021629691124,0.8717528152584547,0.7429445995150896,0.8809003960846116
5641,0.11744631081819534,0.7362113379039595,0.5351533424029211,0.6317037109273373
5642,0.03188324347138405,0.7400798923346146,0.5021437606067529,0.8023655559399189
5643,0.18273498117923737,0.7024669769540692,0.7166888064495792,0.682244865411398
5644,0.015658745542168617,0.9279553666607167,0.6398847569931809,0.9249841738136486
5645,0.08756282180547714,0.7984795885275999,0.6770192420048083,0.8279570847861966
5646,0.0391012467443943,0.7897307160981302,0.38071944734068563,0.7437640659279714
5647,0.013479706831276417,0.8572863967353896,0.5542154699577331,0.8818255693578183
5648,0.03965349122881889,0.8709655214081677,0.810479979217619,0.9156316034434262
5649,0.26848170161247253,0.6176557770171474,0.7044497928477664,0.5560518031487736
565,0.012145360931754112,0.926191934540229,0.7395386580022273,0.9453028820564727
5650,0.02606239914894104,0.8553916405135862,0.7881085850012514,0.9073237031912804
5651,0.04341989755630493,0.9033835346373481,0.633525267306357,0.8404851979177017
5652,0.061098478734493256,0.84726818629528,0.7789956662487794,0.8782478062015622
5653,0.01153479516506195,0.9075749147331958,0.7535975512827906,0.9070090447377748
5655,0.026115581393241882,0.8756462503152226,0.7720688690590257,0.8888770331891556
5656,0.05133291333913803,0.665252831107372,0.288017973180283,0.8162113471623216
5657,0.24906951189041138,0.5988890238884479,0.5588369645007674,0.5324238068080069
5658,0.10615474730730057,0.8642693612182761,0.8457391677832077,0.8463777937958801
5659,0.08801905810832977,0.7679330131815827,0.5755792261654129,0.794954618727012
5660,0.0399913489818573,0.7720153018844362,0.6260508450527879,0.8085577918195519
5661,0.1296166181564331,0.7114684530746995,0.6586139225797916,0.7672001583296821
5662,0.07478126138448715,0.793983515847277,0.8290740399679367,0.8316746998060682
5663,0.09771699458360672,0.45558702024578185,0.06329490434330973,0.2636117531795411
5664,0.056340210139751434,0.8283913913001761,0.7802688176761299,0.8193140013240376
5667,0.06841351836919785,0.9010160726455682,0.7662784444497546,0.8919060199853615
5668,0.0814163014292717,0.830163663997351,0.5823335092992833,0.8211875515108464
5669,0.2618197500705719,0.5066208866835549,0.5956225767597818,0.48025989821952114
5670,0.05098355934023857,0.7991129379515647,0.8099063429259882,0.7903045093723047
5671,0.1302061676979065,0.46753706988179544,0.2560017001898059,0.33630515419207097
5672,0.004933580756187439,0.8995737535629871,0.7259985906904728,0.9481313337477165
5673,0.02422446385025978,0.8535746705340221,0.6368861466934732,0.9050825061972323
5674,0.08468891680240631,0.6139088134541877,0.6254706794386096,0.5820345183773947
5675,0.09184542298316956,0.7694666206563011,0.6424964945851014,0.7787922006015011
5677,0.2403218299150467,0.6399608506624783,0.6966284717110619,0.6018688514512205
5678,0.1226482167840004,0.6527291092439858,0.618534099508809,0.7643159875842315
5679,0.0797872319817543,0.7301977218667316,0.6800922371314421,0.7807824383139965
568,0.2443806380033493,0.5656498985212011,0.4787309583171686,0.5850095922921044
5681,0.026428567245602608,0.8661743586313999,0.6572223028543235,0.8995476382158504
5682,0.03129402548074722,0.8846917538719448,0.6070723110703257,0.9273914319753302
5683,0.07325581461191177,0.7913865055641052,0.4758400705014111,0.8023640099688311
5684,0.029740789905190468,0.7876880700552398,0.5084471108915269,0.8620830591691566
5685,0.12871581315994263,0.7142616407090666,0.4278764764633477,0.7763151639056529
5686,0.13633498549461365,0.7497952615899357,0.784087020204825,0.710499424691091
5687,0.03772175684571266,0.9517322460508814,0.8707886980466459,0.9340545231252759
5688,0.34727054834365845,0.33031062882350015,0.07815352719796365,0.2629398307711978
5689,0.0968659445643425,0.7835921691150209,0.5209582587714098,0.805259946006633
569,0.36921730637550354,0.31862124148702686,0.034787834468086656,0.25237214210530734
5690,0.02203216403722763,0.8904874802964556,0.7007856821419106,0.8954652124486249
5692,0.1252279132604599,0.6651810405317127,0.7298193314467168,0.6834893886721995
5693,0.15719322860240936,0.4357523141518481,0.20173037717201242,0.30709945315953047
5694,0.07626891136169434,0.6818873279278806,0.6892385797759744,0.6197788335389556
5695,0.04801388829946518,0.478926303613385,0.019336493812428846,0.25637338396693254
5698,0.0767657607793808,0.865118406208613,0.7712030172285206,0.7924219871608584
5699,0.03839581832289696,0.8981442169156982,0.8245113658311201,0.9122414858559789
57,0.16352541744709015,0.4929319794993169,0.04556898366111636,0.42833610675439693
570,0.1372136026620865,0.7114002104700596,0.5796184235848995,0.8031750008356889
5700,0.021718263626098633,0.8509938368400589,0.7906656332854678,0.8925675782565463
5702,0.1203005239367485,0.6628175764710191,0.4575087393211666,0.5780563065012964
5703,0.22080384194850922,0.4261884110736701,0.30412681520263374,0.34043650441627776
5705,0.010962809436023235,0.8372798137651304,0.5632633696947242,0.8985442870545534
5706,0.21260131895542145,0.6299667686122659,0.7407255793031439,0.6142463209398392
5707,0.08693418651819229,0.577367001990044,0.10258431300350039,0.595329094739009
5708,0.06204523891210556,0.828599173013995,0.7492375443545556,0.8173924481393355
5710,0.017411338165402412,0.9292269583526593,0.7042668325144007,0.9194887006926467
5712,0.025603799149394035,0.8972150795421675,0.8276825226062133,0.8771758430346221
5713,0.1443391740322113,0.6280434114206832,0.6277003595735156,0.5720506109356581
5714,0.06497537344694138,0.7442012647492351,0.6944702887392538,0.8102084937827188
5715,0.13637973368167877,0.8119520511794208,0.8109290318505991,0.8076885294591382
5716,0.07906438410282135,0.9019589941985944,0.8212647343150272,0.8591481019531179
5717,0.09576091915369034,0.6316279520215317,0.1205151146225298,0.569651531616953
5718,0.018849028274416924,0.8880467138800543,0.6859618848673313,0.9297405939048535
572,0.20178207755088806,0.6774064153413936,0.7659293201672901,0.6498287182783777
5720,0.01393134519457817,0.7417215925723841,0.3883312115869171,0.6948909409864648
5721,0.01709035038948059,0.8869912708719196,0.736153545612635,0.9339773117238543
5722,0.10832946747541428,0.7148036282891705,0.7292712688053179,0.6763445972165398
5723,0.1132248193025589,0.7555037218833994,0.7326116091701671,0.8110944054078384
5724,0.04371609166264534,0.6205871997195673,0.28750324183905873,0.8766141790650909
5725,0.04076625779271126,0.9149530834805013,0.771813556814987,0.9286546530900912
5726,0.021713638678193092,0.8219298132071529,0.6156945222948146,0.8560185892926568
5727,0.04258554056286812,0.7589589679963498,0.4734109427033388,0.8342989018195253
5728,0.08560257405042648,0.4617078567464276,0.08434450092083517,0.2725452009856063
573,0.04408140107989311,0.8850442113890726,0.7286570950779634,0.9101799814476262
5731,0.07893405109643936,0.7480017718095021,0.2985074811169128,0.7727891869686928
5732,0.34865590929985046,0.38331178323903675,0.45374634367087907,0.38005112166708555
5733,0.0731792002916336,0.513951252308506,0.13595230007801667,0.31765170006529986
5734,0.07830192148685455,0.8995304992289435,0.6530731970027694,0.8677998695637057
5735,0.04530685767531395,0.8066558906846997,0.5892741080043317,0.8568663981220523
5736,0.06466298550367355,0.6480350390536265,0.5178806123959973,0.5914106948125517
5737,0.06118544936180115,0.8858708191107907,0.8432863882905826,0.839174052817904
5738,0.026931189000606537,0.840064857259492,0.7795907583789824,0.8222143020988724
5739,0.028546346351504326,0.876060111952179,0.6072430189997302,0.8670874085568054
574,0.012911051511764526,0.5003157641406716,0.008161264042193576,0.25695522206282684
5740,0.08632618188858032,0.8599144999720024,0.7444658635749497,0.8655434715860693
5741,0.07216837257146835,0.5792641216424285,0.1631737621764236,0.5090718162301228
5743,0.0364406444132328,0.5460865100509518,0.06909414455505421,0.3223926169704333
5744,0.02427983470261097,0.929152251744088,0.7122322615672829,0.9227250922666124
5745,0.13715846836566925,0.5685458771579195,0.5942078293618437,0.6234577172325902
5746,0.020226413384079933,0.7375965392725694,0.658321335728095,0.7696701336656648
5747,0.06282629817724228,0.8710733914891322,0.5541822963349944,0.8023349364242821
5748,0.047227516770362854,0.8373286683062433,0.5126301877063583,0.7948082754832435
5749,0.008919489569962025,0.9305417623072234,0.8315527728408254,0.913623372717236
575,0.09190969169139862,0.8822075129801148,0.7277472337539997,0.8485920238129341
5750,0.13810567557811737,0.7342365635741337,0.750155864014796,0.6943648018503281
5751,0.20305848121643066,0.6173846533755581,0.5690428004453993,0.6200123384514283
5752,0.05770133435726166,0.65088222994404,0.2107325176262642,0.7320931824154792
5753,0.019796065986156464,0.9410211746384358,0.6768134729312036,0.913963139992106
5754,0.17502714693546295,0.5436138485706183,0.18528071387607928,0.6686132732279918
5756,0.27404719591140747,0.42187113362664497,0.38920073365535124,0.3715187479513719
5757,0.12181705236434937,0.8306177746150588,0.7687267739349211,0.8058059745501268
5758,0.1522166132926941,0.636473932685672,0.5584185409066011,0.5741485494924761
5759,0.011216936632990837,0.8158908860577051,0.7700778723947965,0.8826529425547298
576,0.12140367925167084,0.80222427460199,0.5660849230769333,0.7809751924234688
5761,0.015512490645051003,0.8016756038787967,0.6524135557561372,0.7693208639237313
5762,0.15811869502067566,0.6955890823865991,0.7286071639299464,0.7353980870053768
5763,0.02972135879099369,0.9132690495736968,0.7992826665143425,0.9204415078197781
5764,0.28766000270843506,0.43298254495321103,0.4251307207372952,0.3853596057789702
5765,0.015085986815392971,0.9548506569682691,0.8685440489727553,0.9462062401665466
5766,0.0530058816075325,0.8507390972200448,0.7523306928714877,0.7936071046491789
5767,0.07754267752170563,0.763180611625358,0.7760157499059411,0.7770995848497774
5768,0.06237642467021942,0.7917276318023768,0.7908492790499627,0.7934712317314893
5769,0.07865729928016663,0.8983762965755326,0.8510352107599806,0.8483013244612726
577,0.17914986610412598,0.5281116987632257,0.503625121870508,0.4539697266975983
5770,0.16000322997570038,0.6919236959557444,0.7483816426855154,0.6692532604127975
5771,0.03586146607995033,0.86056388888885,0.5187331118546585,0.8588239053718005
5773,0.08543726056814194,0.6862677690212731,0.339434848400265,0.7949724607559681
5774,0.6044274568557739,0.31739136274822743,0.5461793160490538,0.2678557355036464
578,0.059013426303863525,0.7312571160286193,0.5236109085836604,0.6468647765782822
5781,0.049982983618974686,0.7870004417578085,0.6133294649438144,0.818146067903281
5783,0.11060566455125809,0.7804328934884944,0.5583773005926068,0.7846343646843531
5785,0.020078973844647408,0.9575631247310497,0.827014695635559,0.9573078967565984
5786,0.05415528640151024,0.7859660919890594,0.474109383690267,0.7721977139258946
5789,0.0250902958214283,0.4955610559411857,0.007792748678549789,0.5757685134745063
579,0.032772284001111984,0.5952358391434747,0.4157292680490526,0.48713767915935624
5794,0.0944964662194252,0.7810640616986533,0.469741752492114,0.819506924246251
5795,0.05994383245706558,0.5218861668432286,0.35866626103913535,0.4339288311832814
5798,0.14837026596069336,0.792108909498228,0.6655196987925185,0.744582658481284
5799,0.03960287943482399,0.7769569660545499,0.4304570289578884,0.8561971829851015
58,0.25629955530166626,0.5145750896910906,0.5526331300789187,0.4941937475253738
580,0.11783824115991592,0.8381024680964915,0.5707012497144272,0.8195348830297876
5802,0.023131880909204483,0.47605925042984404,0.0007624827219817087,0.697571872104451
5805,0.07332240790128708,0.744562068990045,0.7072077120604247,0.779790329082079
5807,0.09626099467277527,0.8777654745677189,0.8450015314875253,0.8475602148145809
5816,0.2313000112771988,0.38640519135986445,0.017886087267172772,0.24985615709896714
5817,0.0697733610868454,0.8448589288054132,0.6451499462088045,0.8819710658884343
5821,0.0879027396440506,0.8055054033335174,0.7566535201992687,0.8691669608041024
5822,0.1964033991098404,0.42036493931941243,0.21190933499608774,0.30719676365638127
5825,0.3495127558708191,0.34802524452800443,0.19780742455340222,0.29296784185088753
5826,0.14717330038547516,0.7578573495323895,0.5900370906006565,0.7579164450650016
583,0.09625405073165894,0.6156797734116131,0.47577865437224726,0.6517255375668716
5832,0.08554582297801971,0.7761497344169608,0.5902390570084779,0.8532018481993251
5835,0.09469659626483917,0.8825461036529443,0.8680918587146423,0.8606036405926799
5837,0.061520759016275406,0.81711790956069,0.828435250562697,0.8166075348859915
5838,0.04196382313966751,0.6209209761213375,0.2533509033427536,0.5982201245601104
5839,0.1471114307641983,0.6817635717590331,0.6181269801399945,0.5750342257379677
584,0.08674278855323792,0.6088845854698128,0.3478565769972549,0.793697051560839
5840,0.08384854346513748,0.7781191371133216,0.6631304776004809,0.8918013016755999
5842,0.1838434338569641,0.6652699264470929,0.4646483336323674,0.7358401869251557
5843,0.058663006871938705,0.7457720512284145,0.6516599007235894,0.8728381471607104
5848,0.08400893211364746,0.7524355132578437,0.5274106000151014,0.7361888052952872
585,0.0344674251973629,0.5679552905157869,0.16263017529113835,0.7247711023432204
5850,0.11143206804990768,0.817940896277627,0.7221753352642252,0.8217318118795853
5852,0.05318383499979973,0.8594355295813317,0.6645888300285099,0.9114009089534254
5853,0.05737631022930145,0.7658903392076133,0.609517899414533,0.8813543231209615
5863,0.07086832076311111,0.889494547942004,0.8914681430458472,0.8819334003881546
5864,0.14316843450069427,0.6953045860031795,0.7351568403378782,0.6879453992239821
5867,0.04357035085558891,0.6731355312164453,0.2293801280030619,0.7286566725852147
5868,0.08042971789836884,0.7648918021124551,0.5372429603169203,0.8485465384439204
587,0.016684403643012047,0.8500663967089154,0.676168707607916,0.9199355207710769
5871,0.08596306294202805,0.8329011780570572,0.8346151253264904,0.8128093753347678
5873,0.12553256750106812,0.6962879658735657,0.7410478077420363,0.6733213724191665
5874,0.08425920456647873,0.8433769047174675,0.5907817690578244,0.7526956281040152
5875,0.1573166847229004,0.7990145620943065,0.714282189277674,0.7509878831560101
5878,0.07768126577138901,0.6085062309368823,0.5282253242940216,0.6952381316138758
588,0.1275176852941513,0.8148238404317398,0.7545235960520978,0.7588067822066917
5880,0.04324089363217354,0.8887096232604773,0.8131731624230812,0.9212301386331669
5882,0.07540968060493469,0.7741232548594643,0.6568559569397491,0.7075790638700401
5883,0.07671204954385757,0.692709771135115,0.6162361185935763,0.6172794218245607
5886,0.0972147285938263,0.8908078520233896,0.7914213222246691,0.8625544533589755
5887,0.12847407162189484,0.7800695821870514,0.796083617659462,0.7861177802203486
5891,0.0993729680776596,0.9148344492776858,0.860456034404473,0.8564986233242398
5893,0.09127622097730637,0.8064506435081427,0.7389311968517269,0.8426838347428769
5895,0.03092539682984352,0.4733467394067054,0.010083167151537868,0.7810745264470824
5896,0.061535608023405075,0.8061817106378566,0.5895746844035498,0.852189427092469
59,0.012557332403957844,0.7995629733615556,0.4429058650089792,0.8371846676264829
590,0.1999051421880722,0.4897191934668482,0.3950049985984859,0.47528218292647245
5903,0.00654830364510417,0.8888492069127929,0.748116522903054,0.8925900377348871
5904,0.06362041085958481,0.5225057436116624,0.019265882066681613,0.3332428165294833
5906,0.1628091186285019,0.6836704376708548,0.6003666793397315,0.7406938117694821
5907,0.19750888645648956,0.7013339863073592,0.7858813756043768,0.6921295008064167
5909,0.05547463148832321,0.8807274084521332,0.8871040538011425,0.8867366590913477
591,0.026196209713816643,0.641568784401028,0.49421461736130384,0.7150627510015766
5916,0.12106481939554214,0.8571708006672476,0.7123037499279015,0.8439296676985718
5917,0.17668280005455017,0.7264357055320765,0.6813388494486206,0.6504111356461693
5918,0.15274451673030853,0.7820266387107636,0.6801233304145263,0.7149573171957279
592,0.2593543231487274,0.5646377068109917,0.6227502382242388,0.5399972709303673
5922,0.032646581530570984,0.7520283255276572,0.3944442875133786,0.8630906838525152
5926,0.04900141805410385,0.6770475405142937,0.2655496473803617,0.6618761337908827
5929,0.0748259574174881,0.9169673913056234,0.7674392114083068,0.8898184609212473
5931,0.1664097160100937,0.7527736547562951,0.5414737706293549,0.7882825770543032
5932,0.04411356523633003,0.9068396305450591,0.8197573307858264,0.8965730536672535
5933,0.14600102603435516,0.6299397216867315,0.5634425514444213,0.5844206805487503
5935,0.011182312853634357,0.9428448440230176,0.7876623092648651,0.9522750399941358
5937,0.0313279815018177,0.7456033493158691,0.4889159669904067,0.8750264298075545
5940,0.05409887433052063,0.7253400081461848,0.706260629853592,0.7889592428281957
5941,0.0093897245824337,0.8110969590259134,0.6495304826536014,0.8892461274810203
5945,0.26370978355407715,0.7167591308761507,0.7945282225746967,0.6322170704681354
5946,0.04871118441224098,0.8312090511406918,0.5813197828199075,0.8920877560146785
5947,0.014630643650889397,0.6309563034332742,0.22724857522645106,0.493828104009599
5948,0.030718324705958366,0.9234789273526149,0.7766898690630294,0.92925599247937
595,0.11580078303813934,0.8439499107324778,0.7544987264959453,0.8309627061259425
5953,0.15237878262996674,0.70639589973162,0.6789977842588641,0.679926857288945
5954,0.07435331493616104,0.8170870085095873,0.7811654068418385,0.8194822973715604
5956,0.17034567892551422,0.6607008052469207,0.733249778631985,0.6283791338199192
5958,0.05611082911491394,0.877595763495836,0.8339682493589862,0.8637637556705517
5960,0.020661620423197746,0.7897656019043671,0.5765221835544666,0.7501045036274784
5963,0.21896879374980927,0.6204815634778527,0.27270765247570444,0.6155066526047039
5964,0.16423049569129944,0.5815504522132189,0.31996701492362695,0.7226978417417316
5966,0.13983261585235596,0.5148358739641758,0.3362343096989296,0.4463189772023912
597,0.11232927441596985,0.47912918148011097,0.37610923598376855,0.40197441112091326
5970,0.08499331772327423,0.8154953698517433,0.7541948539370211,0.8413834814643424
5973,0.08865858614444733,0.8126669245588116,0.7005631007191174,0.7519677146281893
5974,0.3524291217327118,0.6237696187466427,0.7301439522817657,0.5208336860390786
5975,0.12609697878360748,0.8284135285051218,0.8228843510240303,0.8208133898536212
5976,0.1293182224035263,0.775764366084281,0.6673438341068596,0.7698982620667817
5978,0.1043645441532135,0.886488988600735,0.7244229258216967,0.8202477975703508
599,0.06451313942670822,0.6864629223498383,0.5523338600680479,0.6792560500211877
601,0.08493120223283768,0.7425116220092478,0.665229588768312,0.7878359481109531
602,0.12183869630098343,0.5976588704484024,0.5184261398791671,0.6596308006124374
604,0.08616472035646439,0.8604202176854892,0.6959245001884365,0.8630391636901182
606,0.0804041177034378,0.6859048887490332,0.5875936492600641,0.6981010279282225
608,0.02818910777568817,0.829847532433347,0.5148782701961379,0.8574956086969059
61,0.07851877063512802,0.7229078969554621,0.5029219801554856,0.7623902988690217
610,0.09594255685806274,0.6625420602964058,0.5846193305477856,0.7286465250974516
614,0.07348613440990448,0.7082038924004591,0.5333574905794431,0.6751585995013594
615,0.07966608554124832,0.7549192251374753,0.7375937086531897,0.6714057210504488
616,0.27053502202033997,0.42506224048284336,0.44792251888784324,0.4106151263901135
617,0.04968053102493286,0.5109821280120347,0.07330693857874633,0.4399080311305903
619,0.1137806698679924,0.7549955389439238,0.7789223878924367,0.803286753341176
62,0.17078295350074768,0.48415936557182626,0.3892502271754917,0.39867632974932166
621,0.03945080563426018,0.7685334451389256,0.5405026484662218,0.7745040349228285
622,0.01796623319387436,0.8930417433882887,0.7270003440657441,0.9348007230443199
623,0.07160481065511703,0.749383727438237,0.4028759672032715,0.7896737730751971
624,0.12739592790603638,0.45721128465112626,0.12648148700963047,0.38677895205522306
625,0.17772042751312256,0.43939256321244247,0.31297004898265385,0.36230605169454155
628,0.34428659081459045,0.37290171937772876,0.3669389234571414,0.3528660959412931
63,0.10174219310283661,0.7676406456616481,0.69900536144097,0.7413037527302597
630,0.031533729285001755,0.8757099946900136,0.6156710800562132,0.9190321241577304
631,0.2927241027355194,0.6602637941207419,0.703853717329319,0.5779654867747241
632,0.1725604385137558,0.7160340656423667,0.5859050670482118,0.6959543726509396
636,0.06015894189476967,0.7134400601395224,0.46896471716805094,0.8292964750944386
637,0.157375767827034,0.5479177475311482,0.4250412524438265,0.6379567959342839
638,0.03956422209739685,0.8599690318661231,0.6670014159914447,0.8649533925615258
64,0.1256120353937149,0.4668041660895778,0.2455549251386943,0.353096708935018
640,0.05611422285437584,0.9177953109822854,0.7716658590575163,0.9106359006192934
641,0.11821307241916656,0.4432208590843174,0.03322863681579735,0.2560889201535371
642,0.058296382427215576,0.8504399651975394,0.6286994772190492,0.8278183616046155
647,0.10268235206604004,0.45023369761359155,0.03221151234674607,0.2705833716603545
648,0.22129245102405548,0.5824138410287583,0.6666208405699249,0.5809736162224468
649,0.1247788593173027,0.6343193310278552,0.4569774243338955,0.7620874811280323
65,0.11084653437137604,0.7531421151125152,0.65020502232887,0.7951664349663681
650,0.07539781183004379,0.8562007717383255,0.5992019587352303,0.8625242143493779
652,0.009433794766664505,0.9292011328096538,0.8048913534413973,0.8999217174361835
653,0.04181240126490593,0.8391506160521919,0.6866464298557602,0.9076153173648005
654,0.04288821667432785,0.7029223236431325,0.6169215383092543,0.5952053199953112
655,0.012404565699398518,0.7799254069624507,0.6426321617301951,0.741811152391909
656,0.09441876411437988,0.7437963807579127,0.6514313298197342,0.7472287929548219
658,0.02516847476363182,0.7805264083485421,0.5984522398023929,0.8856535627018032
659,0.373246967792511,0.44021244419297534,0.4777763602363342,0.3894374024387468
66,0.056820958852767944,0.7365180995396565,0.3834485447772358,0.7988961326043336
660,0.0541113056242466,0.5541039507894037,0.4486687821673521,0.6135158754462444
662,0.0534692108631134,0.9234317694205842,0.8949690081596726,0.9055588657766349
664,0.020859340205788612,0.7766737613986879,0.7489150774009649,0.8641735807419259
666,0.04298587143421173,0.9255594694211233,0.7355403279802387,0.8818763340954945
669,0.24703316390514374,0.7307899825040882,0.7903522489407644,0.6645805750857747
67,0.12644261121749878,0.8492980095043723,0.8204419730527748,0.8145038476615463
670,0.4238488972187042,0.49119369436552396,0.5446708464162958,0.37766152536558
671,0.12067928165197372,0.738216937876927,0.5649898107475858,0.82749492616815
672,0.1735120415687561,0.7215997366563337,0.5770815794453985,0.7863155312013087
675,0.14915205538272858,0.5868481647388811,0.33015136996380356,0.6895206544896448
676,0.07778932899236679,0.6921054932606844,0.5222617287847231,0.8140483773841798
678,0.22097696363925934,0.39939085766946664,0.12952393022912345,0.2787672976996257
680,0.07911181449890137,0.5597109084190526,0.2410575749936526,0.4326458386569446
681,0.3862228989601135,0.4876477303061035,0.6219304118424392,0.4368895435190585
682,0.07783589512109756,0.8708083681126946,0.855971436338131,0.8450015237685295
683,0.18893514573574066,0.41219210681184043,0.0962352922150949,0.2700898024330877
684,0.035983942449092865,0.48334132295137905,0.015887561293100514,0.37117833845588466
685,0.06277196109294891,0.8217164912064814,0.6687992458764938,0.8884111243384099
686,0.006826226599514484,0.5124643154210133,0.015460253139212982,0.34791906435856457
687,0.10208595544099808,0.8935330444255367,0.8300887140042943,0.8364808967957644
688,0.06832887977361679,0.6652590823872259,0.3258461862557011,0.5770374900995141
689,0.0981978327035904,0.8166280022915453,0.7412119965445528,0.8670665642535837
69,0.055568818002939224,0.6949911875160291,0.6197740069747214,0.6532795903177256
690,0.17489151656627655,0.4423146948883097,0.21611083314464616,0.3122118372900625
692,0.10669068992137909,0.4764675558701022,0.0612963039415416,0.6369267189423805
693,0.19821442663669586,0.4032903810474346,0.019781302650880257,0.2495475957828512
696,0.06093740835785866,0.7459680625083437,0.4441552079249646,0.8686723929834599
697,0.06943105906248093,0.901076094002488,0.7969700850589473,0.8652740875190406
70,0.04683157801628113,0.4940195849107557,0.05888203458182234,0.29489677833275413
700,0.05254697799682617,0.8746190314181295,0.604871477699261,0.8784493810828322
701,0.08474507182836533,0.7562444325434796,0.6376338524754825,0.6645272635345212
702,0.013444732874631882,0.6368647075255194,0.1934696181002755,0.5804072492634383
703,0.2077772617340088,0.5898865161933904,0.5892286429063355,0.5081488932478495
704,0.30438855290412903,0.36385514796152024,0.1800334508852182,0.29374452680821184
706,0.07046328485012054,0.8522126870734057,0.8630977230614586,0.8669672422514569
707,0.03346317633986473,0.8709381594289127,0.771027645617113,0.8653700349737946
709,0.07761647552251816,0.9166036917568464,0.7751258312158983,0.8827527694600505
71,0.116744264960289,0.776028500810662,0.44539748617738334,0.7884663120706457
710,0.24589987099170685,0.5287554253217345,0.5671251591424332,0.4799422737742576
713,0.0981992855668068,0.9007578677585437,0.8637531008827566,0.849017652599202
715,0.0426420234143734,0.7927356693888055,0.38378419674109776,0.8037733357572243
716,0.21407915651798248,0.39607346029896207,0.03939536880905191,0.2542637868500113
717,0.02581729367375374,0.9221217128036516,0.6114124146439338,0.9175040685417677
718,0.09884761273860931,0.4843675506953731,0.27851179700882234,0.3436726810753338
72,0.07392377406358719,0.7482265976074256,0.7127590090484932,0.7817562959315993
721,0.04836919531226158,0.845025317481509,0.5181439138063668,0.8126583205054642
722,0.06308216601610184,0.8032547205407985,0.7495819150976462,0.8229449620639122
726,0.11958365142345428,0.512507911026899,0.3529949440648616,0.4093191731868121
729,0.10923975706100464,0.44747827290936304,0.01603085756505707,0.24970491548785706
73,0.029847733676433563,0.6143966862510434,0.23511927711713798,0.8315442214195425
730,0.018354443833231926,0.8433761137955667,0.6713072352378866,0.9548120619770402
731,0.06120981648564339,0.7759787313971167,0.6594927605079494,0.8370166497064015
734,0.11552662402391434,0.8064274679570881,0.6891174554791185,0.8318940312700811
735,0.03147171810269356,0.7815314060655455,0.63297196776858,0.7209654235817303
738,0.07368185371160507,0.9178959288096995,0.7971790091672758,0.8851208421157473
739,0.07580188661813736,0.646431225687802,0.24575694993989494,0.6866442064198796
74,0.26794490218162537,0.5919285659951125,0.6661904962706435,0.543296447811886
740,0.061498794704675674,0.9170785165999675,0.8178408962215851,0.8947230461627446
743,0.22483935952186584,0.5299474517979816,0.22548327789204634,0.6277427055967426
744,0.18746288120746613,0.40833000852819346,0.02554617418502707,0.2539665982689382
748,0.028504034504294395,0.5030497024689015,0.018135915573869156,0.4480831350921682
75,0.1278935968875885,0.5951696428050591,0.3511309210404289,0.5909692569374896
750,0.024893086403608322,0.9504593350455959,0.7698528936893103,0.9314177997557507
754,0.04673575982451439,0.918083508745314,0.827457000689589,0.925345402943106
755,0.025076963007450104,0.49324842492352633,0.004096750689076134,0.30637899910458855
758,0.07655949890613556,0.7895875348074518,0.7558940947994439,0.8273287261121053
759,0.07848933339118958,0.8057808149242364,0.7886838638068449,0.8328164375144383
76,0.023873714730143547,0.630187901718285,0.2832947948183694,0.826649825640036
761,0.06602978706359863,0.6623791097617842,0.400098032922966,0.8644213409450547
762,0.04614483565092087,0.6048043278173442,0.14141886429087125,0.7438242449486075
764,0.026669150218367577,0.8795625462535481,0.6951768104471641,0.909083529456771
766,0.012297861278057098,0.9266653407131229,0.6759452589749991,0.9273176947221075
768,0.14508908987045288,0.587874473932986,0.635959130553936,0.5766276094004198
769,0.0204969123005867,0.9445395416968837,0.7990622700782319,0.9521070303182002
770,0.22299399971961975,0.6327569422621875,0.578585750533901,0.5597492383797419
771,0.04204419255256653,0.7577645373019034,0.4111270660867497,0.8217905733238706
772,0.06916569918394089,0.45222624199171746,0.03851196241211966,0.8131454896685559
773,0.09154386073350906,0.9135930770187257,0.83555690906978,0.8748405019525344
775,0.12381014227867126,0.8053782264197717,0.7754795579123018,0.8053739028453166
776,0.02479826845228672,0.8908147792728915,0.7961603158861885,0.9307735830693631
777,0.1099633052945137,0.4162435419797622,0.008974914783301563,0.654580845444064
778,0.04222983866930008,0.8995921799073949,0.6684887879848518,0.8122002653603049
779,0.08001907169818878,0.9082112403086575,0.8213794394621938,0.8512995390063658
78,0.05429370328783989,0.7047985142281374,0.42474415574848695,0.7552436829968411
780,0.08670729398727417,0.7839537251647211,0.41900642107008257,0.7094898646995156
781,0.06149649992585182,0.7348789737982202,0.25686158005063114,0.7327142930233428
782,0.07372648268938065,0.6467851142588339,0.2625168098368692,0.6521104082368098
784,0.06993092596530914,0.9171445792682528,0.7974663493402391,0.8926130848801146
786,0.04481710121035576,0.52517219686655,0.09070347250102126,0.7211345438297158
788,0.01687060482800007,0.7436477566169513,0.21619264204275068,0.4739691016894352
789,0.010498772375285625,0.9591144939638043,0.8375505926822515,0.9459535877150003
79,0.05063832178711891,0.8043501589736379,0.7576699342450846,0.8104916788359615
791,0.04285799711942673,0.8632573734519655,0.692795525112904,0.9241598515842758
795,0.07717400789260864,0.7942419755932404,0.5582312524881288,0.8383383449177579
796,0.10201290249824524,0.6941679706773183,0.2985247641963884,0.7234803049571248
798,0.10420473664999008,0.7194444823605305,0.7374762085418215,0.7348639889612607
8,0.1763085275888443,0.8393959063581423,0.8329784524523602,0.7621060844808757
80,0.09836888313293457,0.7284072819846095,0.5041966088577794,0.6807628250723718
800,0.19209910929203033,0.6687331088454372,0.6300605647589013,0.6814805316968674
802,0.07324959337711334,0.7899563498722455,0.6580856413992794,0.8505828612038271
803,0.06094272434711456,0.8621134929321128,0.6915757684713083,0.8733171981260768
806,0.01608278788626194,0.9431564243322628,0.8224650062014398,0.9297787873583147
807,0.029607567936182022,0.9208848480619696,0.6771723822247808,0.857456863503939
808,0.02873113378882408,0.7617169037337967,0.40032648594520565,0.8506109661703963
809,0.02228621020913124,0.900920741924899,0.7642453678544482,0.896286861339127
81,0.04934268817305565,0.8404935077092424,0.645321323682444,0.8917405028119494
810,0.03952297940850258,0.6102587456392288,0.1693072614014017,0.5685196125668224
812,0.15411879122257233,0.4641180636467269,0.04693362977737325,0.4731895761958423
813,0.13128410279750824,0.44496939081096815,0.12998465039921078,0.2844757253719824
814,0.045446284115314484,0.8819734950406258,0.7317910730619727,0.8748609237542818
817,0.10399395227432251,0.7271347127837801,0.37038441277375056,0.7580261971664786
819,0.06141195446252823,0.8818861049888003,0.7686941622550917,0.9090666317984049
82,0.015298061072826385,0.8399667452265684,0.7501532573754648,0.8206859669780814
821,0.08503503352403641,0.5705528776458819,0.28035615791543167,0.3894065887475373
822,0.10589408874511719,0.7893835359600041,0.5994367890180672,0.6744965267356645
825,0.03229769319295883,0.8353214451589661,0.6236316431984527,0.8924681643533852
826,0.12217701226472855,0.7037477022722611,0.36634936986084576,0.7662011746992168
827,0.16653452813625336,0.5877195476004715,0.1861925398125051,0.5549059492245435
83,0.011535890400409698,0.8682075989849571,0.6695388236684586,0.9518353237883791
830,0.062102265655994415,0.8995375148541411,0.8212936096126909,0.8985963834715128
831,0.16879846155643463,0.4597896401534147,0.31868946013184607,0.3529634490467562
832,0.07677678018808365,0.663801000869251,0.35613609937603513,0.847809415649393
834,0.16003850102424622,0.8067647288773981,0.8088999765943781,0.7452260823246788
835,0.1549801379442215,0.6017727405078361,0.5837900226785654,0.5483924757273091
837,0.051392246037721634,0.8583774403303502,0.5722167211768033,0.8868546091991855
838,0.06815861910581589,0.8445186566392089,0.44031249485433255,0.7624018747914665
839,0.06412570923566818,0.7988082461717195,0.7921415927597407,0.8771001045953041
84,0.12627843022346497,0.7008711774959747,0.5728440738075465,0.6804583457340839
840,0.0737556517124176,0.7541493289487953,0.5616286128952964,0.6289565526113083
841,0.07384313642978668,0.9041247141122322,0.7130164982872684,0.8620796410863387
842,0.017121296375989914,0.9163869558781772,0.754542150558763,0.9229928117321816
843,0.10469050705432892,0.862546048875106,0.7088204935958005,0.845139335817167
844,0.09984149783849716,0.45241689070457736,0.0365654781204128,0.25689912958657046
845,0.046600617468357086,0.8145712102777738,0.6133138960924991,0.8688207846734151
846,0.36053580045700073,0.5037858310822868,0.6174319342771972,0.45582681668510217
847,0.02408669888973236,0.49722986369722694,0.010090476420860622,0.3166832548040045
849,0.15327847003936768,0.8022348051394204,0.7115897941353422,0.7784897546805443
85,0.3379896879196167,0.4856396598456363,0.6311181616375933,0.46473671023435925
850,0.019360560923814774,0.8541700917634072,0.5212529539268622,0.8776716620051386
853,0.1544531285762787,0.7418105311248429,0.6682352324584822,0.6916540078699706
854,0.09648416191339493,0.6727810968263732,0.5462407284228851,0.7817610061311485
855,0.01661408506333828,0.6432148023332344,0.23522844157357167,0.6668289719134232
858,0.05062882602214813,0.6557059877153673,0.21227533333909995,0.7320557705350021
859,0.1841009259223938,0.7094077665599656,0.607073375076381,0.6828165589493911
86,0.04060179740190506,0.5753525766848517,0.22070304272837588,0.7825964752882995
860,0.13389812409877777,0.80949590920173,0.7382731789599437,0.7155297538945898
861,0.22914305329322815,0.7293563546007611,0.8307071050076514,0.692474861637639
867,0.18272101879119873,0.6833011079810778,0.6813955539355501,0.6703668354593776
869,0.04437385872006416,0.9302776284560017,0.8262566752636465,0.9046380250531861
870,0.39851170778274536,0.5059007233664006,0.6604706811457447,0.42929746854004136
871,0.0951957255601883,0.8594116288008062,0.7657300948126715,0.8456670729767446
872,0.10214520990848541,0.6120644701918283,0.27006898803473006,0.7480857947136068
876,0.15037117898464203,0.694334917012251,0.7051336541490605,0.6578311739118874
877,0.35292181372642517,0.5930154619558323,0.753166388235376,0.5174038272214714
878,0.21295130252838135,0.7238900367590229,0.7520225527784324,0.6672541871538453
879,0.2332783341407776,0.716825054566782,0.7455449727640349,0.6256750202254215
881,0.3204032778739929,0.6253612427009555,0.7459517153371771,0.5394792433813578
884,0.13992083072662354,0.8188731338681527,0.8323126113729493,0.7885132577636513
886,0.12108205258846283,0.6772143742424657,0.6478219650290405,0.7167378289813393
887,0.21001918613910675,0.6976649236253142,0.6801696023118823,0.5868686314911311
888,0.0965004488825798,0.6943892210287093,0.4817672436476824,0.6630955315902448
889,0.03700775280594826,0.8052401558014588,0.777728219859619,0.8628001947298132
89,0.04822157323360443,0.7335889012763701,0.5873858066246089,0.849294887033373
890,0.1567680984735489,0.6029515986407323,0.6000616954841682,0.5596480816210885
891,0.4022669494152069,0.3095446127352446,0.14174607213677132,0.2712103456766842
894,0.12137255072593689,0.445200585415185,0.0801623972000428,0.27354208761095256
896,0.13362862169742584,0.7287576611804734,0.7367167554075184,0.7461384634172019
898,0.1245889738202095,0.7823412186819895,0.555135589772153,0.7835506850260751
90,0.16038762032985687,0.7361703329220697,0.7317052484308747,0.7286425309839349
900,0.05448363348841667,0.873881849186965,0.8240782090766235,0.894728352272326
901,0.23698170483112335,0.7394106052541415,0.8142399010050964,0.6707020772087695
902,0.20300154387950897,0.6061350143810251,0.5180982968718039,0.7312334129513687
903,0.39907151460647583,0.568733942300095,0.778782508082489,0.46451276990876306
905,0.07768822461366653,0.7331382684308045,0.35949894786301917,0.7566117139324422
906,0.019245147705078125,0.8427811238155906,0.8527299518027049,0.924882075994159
907,0.31894055008888245,0.6030031321309078,0.7770294714068584,0.5631037178285825
909,0.05739850923418999,0.8709104585525602,0.7307171022660134,0.8767507133589998
91,0.12529921531677246,0.5863138656128715,0.14633203758497457,0.5742876976599153
912,0.0682605728507042,0.7008301852426495,0.6153514438692849,0.7353527634868019
914,0.05266980454325676,0.9007195888344682,0.8285601960603615,0.851385475676405
915,0.04269061237573624,0.6411533070358229,0.173837758736589,0.7151204667629572
916,0.1802935153245926,0.7166046982373422,0.728938977547189,0.7058475428513333
919,0.15190549194812775,0.4823622467868986,0.33661771715860017,0.35804788312793534
92,0.20571643114089966,0.7121554064459344,0.6834674743189224,0.66941746180786
920,0.14576731622219086,0.7984891488859385,0.5118320165474861,0.7438620481843627
921,0.01935187727212906,0.9346714998800016,0.840407243925277,0.9478183876650266
922,0.03516359627246857,0.6731284164727159,0.6062989759370261,0.5968071832671197
923,0.03439134359359741,0.7183580204254526,0.6139302444066289,0.7131477939921009
924,0.1094949021935463,0.820482482036711,0.7233560506870452,0.7995271549734192
926,0.1352873593568802,0.8038205645601493,0.7725880757760143,0.8058534570141754
928,0.060814812779426575,0.7837364499753381,0.5450856618080026,0.7709350516986951
930,0.03371141105890274,0.822174751041047,0.7944926608484829,0.9283966453448709
931,0.07410261780023575,0.7900356284025747,0.4867146726628727,0.8120852491114987
932,0.17827296257019043,0.7477717200918443,0.7485440329930936,0.6785376064179642
933,0.09421145170927048,0.8888392437401091,0.863611399317506,0.8588193729163986
934,0.1036730632185936,0.8550652529826046,0.6135106953957481,0.8042992180405377
935,0.0373636819422245,0.8915946000154431,0.739647691292034,0.934121584457152
936,0.05221489444375038,0.7886980873568511,0.7027503408050638,0.8137846792024956
937,0.13476775586605072,0.8538270728549933,0.8595529709028955,0.7874343563251817
939,0.11286364495754242,0.7626724661460365,0.758806112593208,0.7210326487485201
94,0.02299364283680916,0.6505438171448737,0.07679640765248295,0.6231105417099526
940,0.04246890917420387,0.8139745457669452,0.8062590200823145,0.8331069504587272
941,0.0906495675444603,0.824945090418924,0.7919365299161093,0.8412547092741047
950,0.22620391845703125,0.485852811022778,0.5081087944786281,0.43225764114804116
951,0.12942466139793396,0.4405674436153655,0.07585957807874386,0.26607507249690265
954,0.449016809463501,0.4759109111153949,0.7515377524689547,0.3955033823743133
955,0.09367857873439789,0.8778416705140548,0.8350215191368018,0.83794713453973
956,0.03139669820666313,0.4746516472192997,0.0005311363561432047,0.5953539752035384
959,0.07873295247554779,0.5898028947821597,0.13672231287005426,0.5915571985024743
96,0.05961509793996811,0.8933309780500125,0.8103255381077847,0.8800699303809876
960,0.4209387004375458,0.2922550909829122,0.03136344353332417,0.25290826284702483
961,0.11729808151721954,0.6933906820724796,0.42050911056744505,0.554589898785756
962,0.06043942645192146,0.7192516784348918,0.7227187255169879,0.8042626783620141
963,0.04630385711789131,0.7444538038924797,0.6859609514405074,0.7202954375996281
964,0.12678706645965576,0.8719334176267997,0.621349024953829,0.8123234742360655
966,0.02460261434316635,0.7779359258862532,0.43150401760887336,0.8694635700920929
967,0.0360611230134964,0.48290914281096275,0.002928647412323917,0.33626095948798973
968,0.05783775821328163,0.5784587880786136,0.2845343520762628,0.7777642678903718
97,0.13998165726661682,0.5949981518266633,0.4795962594648716,0.49094050215285656
970,0.05442401021718979,0.8119564525496552,0.736788689922704,0.800375088571454
975,0.10155422240495682,0.456811788693249,0.14240633655518925,0.29340196001056734
979,0.17739632725715637,0.49752369471559765,0.13938692789308554,0.6295177150681152
980,0.3344773054122925,0.33547187229347225,0.04320007232087219,0.25174373207293316
987,0.3245716989040375,0.649864508422193,0.5741749119717486,0.5923350100922784
989,0.11637979745864868,0.7788498985416501,0.4421949227086318,0.77058389777433
99,0.13009853661060333,0.5967968018280274,0.30418916354191256,0.7593977404441153
990,0.07526164501905441,0.8367989982606686,0.6368560788775041,0.8500073072811885
992,0.09350843727588654,0.8218685720068453,0.5214432670881066,0.8188666199282509
994,0.11268582940101624,0.8441211185356443,0.8465068208669067,0.7774650036770623
