image,MAE,Sm,wFm,Em
1002,0.08023407310247421,0.7059628012226586,0.393699986567166,0.8147480793820672
1003,0.14272671937942505,0.43587155678582923,0.1305229945769415,0.28493899982705584
1004,0.23384225368499756,0.5042206204776976,0.04523483957646717,0.3712604164315749
1005,0.1912943720817566,0.4050901446474066,0.007804044991136365,0.25028641910204863
1006,0.5320846438407898,0.24770418481339188,0.1468377632186641,0.26287645122043446
1007,0.03789361193776131,0.5167819103699065,0.03730846986150411,0.4032804273275368
1008,0.10090817511081696,0.6517180607598704,0.18535667573396064,0.6909074652819416
1009,0.07449573278427124,0.5897576953469177,0.2732765333913291,0.46162207092985597
101,0.07961561530828476,0.5695223000776244,0.3055441500549924,0.41486932861763703
1010,0.07388222217559814,0.4853165366662961,0.02297716531059342,0.34484700022956793
1011,0.07722087949514389,0.6767380464756878,0.2200880082879395,0.6757517619067755
1014,0.2461068332195282,0.6456165806435565,0.7196329982118462,0.6101875122161933
1015,0.09536192566156387,0.5732589484504407,0.18294522853079506,0.5502301846472138
1016,0.20383411645889282,0.3976375424040124,0.09717245774547857,0.3223579974922634
1017,0.07422998547554016,0.5788917551450365,0.2032118275823246,0.8173796191716021
1018,0.2781383991241455,0.6186645427616468,0.6658770146019359,0.5419342987103005
1019,0.042621076107025146,0.5873361872913165,0.12638749896566892,0.36182796266696116
102,0.055412035435438156,0.8644030476579867,0.6466652541588832,0.879327555000969
1021,0.09902077168226242,0.45263643646879714,0.039391237492486963,0.2609384375853908
1022,0.0672980472445488,0.775182145483712,0.5732019457412467,0.6392298994911303
1023,0.05799141898751259,0.4941912515188206,0.0647631522438574,0.43736071654233116
1024,0.10931213945150375,0.6399145915958244,0.24782597498925266,0.723612932800183
1025,0.29425689578056335,0.6143965642858971,0.6464983452407129,0.518312300981667
1027,0.18648037314414978,0.709761238433321,0.748373078521661,0.6596159173380033
1030,0.19066351652145386,0.6941850532934943,0.7025152464861834,0.672477557534041
1031,0.04443031921982765,0.8655199968294289,0.6499840825589728,0.9216443384203006
1033,0.06500138342380524,0.6118972226644963,0.14318433461996405,0.7074369621394104
1035,0.01854665018618107,0.9005797211084791,0.5058640622489302,0.8467319767664239
104,0.07013610005378723,0.7243726465276408,0.3989373050878623,0.8786290048483217
1040,0.06581076979637146,0.8463693648659478,0.5698529796883923,0.7109954494402584
1042,0.05055244639515877,0.49309975394254396,0.08470601452375655,0.29458547749364483
1045,0.15828905999660492,0.5098357770265259,0.4164329848165324,0.4364288050514077
1046,0.22250576317310333,0.6167910317825471,0.580324124834871,0.5588869305549913
1049,0.0653710663318634,0.46831223582349907,0.011836364064951978,0.251757171781144
1050,0.053931426256895065,0.8349187687958033,0.6068790754954161,0.88786263971791
1051,0.2032521814107895,0.5096265592628234,0.5269861445702417,0.49971363950548386
1052,0.06476011872291565,0.5211234933866531,0.10261154890698954,0.47156652289064893
1055,0.06565233319997787,0.47031935613973064,0.026622403388619598,0.29834001740396054
1056,0.04245772957801819,0.8992684618204403,0.5693715407240649,0.862552093728388
1057,0.09276135265827179,0.6631046648111437,0.430913277360531,0.799125806001959
1058,0.07638745754957199,0.5882883255624148,0.22526458528209758,0.8189464261562602
1059,0.2616674602031708,0.3855518332738507,0.20250595878632208,0.30153900310626897
106,0.04263521358370781,0.5869744228718323,0.10713392544871214,0.6173366128491002
1063,0.06433979421854019,0.9090995762141206,0.8803824892232845,0.8931668695946937
1064,0.10666121542453766,0.466633840675557,0.09351167793638282,0.39887654700925057
1065,0.03316396102309227,0.8432811648105416,0.6244786687260316,0.8725790841611862
1066,0.10006725788116455,0.5116868320967242,0.09146046893547796,0.6361951102663985
1067,0.12757210433483124,0.6952052101338005,0.5039736303835083,0.7027921782795008
1068,0.12879124283790588,0.43894263947458145,0.06500590558835274,0.2644143940072565
107,0.015835709869861603,0.493711092904386,0.010390251126499188,0.2516656174626841
1070,0.19641414284706116,0.6059934173358372,0.5094047605912491,0.7101924323993263
1071,0.10659158229827881,0.591919150399468,0.4114152744912905,0.6886826478682311
1072,0.11713951826095581,0.8075849338103298,0.6948502644281762,0.847745807961275
1073,0.22706831991672516,0.550153655790351,0.5617057040751315,0.4798212216340986
1074,0.1719614863395691,0.41597572999986576,0.03560276667873333,0.2554715329001523
1075,0.07260255515575409,0.6259675359042359,0.3115816448773703,0.7333756225552275
1076,0.18281503021717072,0.661188492880833,0.5321884791587547,0.748194319615586
1077,0.07900681346654892,0.7708582519036286,0.6258501051240962,0.8534885103962019
1078,0.051891863346099854,0.49306760275935657,0.1614879510011559,0.3051316320208468
1079,0.016672957688570023,0.7309964674879773,0.3201115855333801,0.7814869381778659
1081,0.1350444257259369,0.4526792460313904,0.07881466145346508,0.7407081763914396
1085,0.059937991201877594,0.7656731663433318,0.6661112341596085,0.9075290433266863
1086,0.13011331856250763,0.8468039523888511,0.8564227208398255,0.815323456976289
1087,0.0357089601457119,0.7958452237442207,0.5541112686395291,0.8668753372557388
1088,0.06137021258473396,0.4574783298437419,0.00015831310445233582,0.294759499962404
1089,0.01529182679951191,0.946528002151199,0.7583513805635959,0.9257299971937524
1090,0.15338587760925293,0.42631512503179303,0.05867593765147629,0.26262877636878
1091,0.12291855365037918,0.7026347844584613,0.4360031169488988,0.7705169621651412
1092,0.2970132529735565,0.5099536385241399,0.5014879278560554,0.5466562306672715
1093,0.12648826837539673,0.4485524690346295,0.009658965818436638,0.38342117064305714
1094,0.08833112567663193,0.796528967904137,0.5894551490067579,0.847569811486973
1095,0.08059164881706238,0.8805381133574357,0.7492956561011825,0.8921469384752924
1096,0.20219393074512482,0.5513723396029907,0.4591925501490043,0.4479533409635874
1097,0.06805400550365448,0.5803308816948489,0.10512584478430355,0.49601049107403594
1098,0.023548701778054237,0.9068431129234491,0.6707788859095887,0.8642906330887712
1099,0.16223856806755066,0.4206962279678034,0.035139502234163546,0.2563254079317724
11,0.033374905586242676,0.4857272590897625,0.015075137718062702,0.2893916422601729
1101,0.1572643518447876,0.6007150623435665,0.221874973649372,0.6677857686636195
1102,0.0810568705201149,0.8249726847169292,0.7112981284648138,0.8444876240623547
1103,0.012482283636927605,0.5003157493741194,0.01236476342685804,0.25480689426073655
1104,0.04476962611079216,0.8946274815500573,0.66466135930468,0.8986001348453849
1105,0.46226316690444946,0.4498056649655745,0.6446042911580543,0.3774492422709842
1106,0.05130434036254883,0.6704266378501619,0.23818004992167885,0.674474267982835
1107,0.07286404818296432,0.6055169994527155,0.2234924961875542,0.6745765892267106
1108,0.06355798244476318,0.5212857164381226,0.07444140791397098,0.534070598744268
1109,0.1420469433069229,0.6589607507192852,0.5742940398934915,0.5497153334434167
111,0.05527423322200775,0.5594171432276119,0.08970941512430416,0.5855205477074841
1110,0.517490804195404,0.4467508862869247,0.6649633897610974,0.3107942321062781
1111,0.04150037840008736,0.9035798143745634,0.6665320842900727,0.908785027036857
1112,0.08835723251104355,0.6329451544952756,0.4097646181782794,0.6101663514338957
1113,0.08574475347995758,0.758410623296953,0.487500372224311,0.8357277831602457
1114,0.1514197736978531,0.5210948764976953,0.44271910290907684,0.4330341873669261
1115,0.029815590009093285,0.730073868693919,0.32610129502317653,0.7858672318621112
1116,0.14260616898536682,0.6218129962123328,0.21114399288755073,0.5898612266957951
1117,0.032758764922618866,0.6837221642946011,0.2767659072656025,0.7536562287760912
1118,0.04493793845176697,0.8481328657828795,0.6990261230768157,0.8313384841143249
1119,0.5040988326072693,0.4160591773626625,0.5895904260703227,0.31595051625479686
1120,0.05731970816850662,0.828773089706778,0.49494166725924105,0.805627217558116
1121,0.13678398728370667,0.6085519334770658,0.16019784361021705,0.5542403944700374
1122,0.07753623276948929,0.5235385778763259,0.03453665659324993,0.39653522376691464
1123,0.07856916636228561,0.5800802687467289,0.1612167842829726,0.725236568331975
1124,0.039541590958833694,0.8638290593411231,0.5478526886381069,0.8699367933556306
1126,0.02076815441250801,0.8731977003115643,0.6244528235238151,0.9403053715019574
1127,0.07373976707458496,0.580609521279375,0.26443525176986316,0.5792046720351803
1128,0.09938374906778336,0.8043443137589488,0.7998640747487291,0.8379524652048514
1129,0.0422036349773407,0.782102662835077,0.591293279096607,0.9245505817666879
1130,0.18542376160621643,0.40941095204035766,0.03915116742874588,0.2566074264125604
1131,0.12382001429796219,0.6079736933508227,0.12615089209676075,0.47492088622507733
1132,0.039770547300577164,0.8636210221607381,0.5725630622251291,0.9022970593027749
1133,0.109940305352211,0.8022223540332079,0.805197391780123,0.7869212346780101
1134,0.0567171648144722,0.7738083057488903,0.40158718436968893,0.8028654070933705
1135,0.12387925386428833,0.542540261896865,0.05263735144737671,0.42933481926051625
1136,0.19719251990318298,0.6034905787596565,0.6200699495519562,0.5424649927248221
1137,0.05309038236737251,0.7771955060836107,0.4394099818331215,0.772101337219894
1139,0.19586342573165894,0.616453447531155,0.5556648866784519,0.6479529853374137
114,0.10494431108236313,0.8339437903320635,0.8440147334848824,0.8018603749664479
1141,0.04715031012892723,0.7910281967857957,0.46473676543429737,0.7978722580463721
1142,0.24842078983783722,0.5520632364495779,0.6500472824133215,0.533823001719713
1143,0.02486492320895195,0.6387964035072795,0.18726253621301164,0.6265193018486077
1144,0.062896728515625,0.7389010982263249,0.35662609252585814,0.7871159811075583
1145,0.33951741456985474,0.4007295753106878,0.4173831536213771,0.38700868592102
1146,0.1702841818332672,0.6906919897514008,0.7082485431551104,0.6199727914968237
1147,0.06973744183778763,0.8676660546411934,0.7674446776907874,0.841947930791934
1149,0.04725855216383934,0.8443477859767905,0.6045183949135154,0.854873153982775
1150,0.044429317116737366,0.8436983931812903,0.4913147035935897,0.8450757544642866
1151,0.35732364654541016,0.6279233284144825,0.7837983762359527,0.5251287265864566
1152,0.06021750718355179,0.6201151111508925,0.19113229420953934,0.5714220823164211
1154,0.04369683191180229,0.46943505956548387,0.009597384785131448,0.6029442691759452
1155,0.300601065158844,0.6467218886916235,0.7801274565629519,0.5863437739846246
1157,0.024396158754825592,0.4941427143131943,0.00444668684140179,0.5462049995601472
1158,0.48882564902305603,0.40557898880494253,0.6849076876828898,0.347211244816664
1159,0.19170109927654266,0.7450706280185169,0.7921073865851608,0.723100112921135
116,0.09240053594112396,0.45618669104724957,0.04382751458385909,0.25769235963696746
1160,0.17159226536750793,0.6466384594365331,0.7379199676589279,0.7196716614250585
1161,0.23195043206214905,0.6356179732166108,0.6504148715268009,0.5385486222609254
1162,0.261970192193985,0.6620191887355916,0.7739193825043952,0.624134067226495
1164,0.03651965782046318,0.893883840319236,0.7454518579584404,0.8388888360116395
1165,0.0981585830450058,0.7201484218682059,0.58104421353417,0.7594955351754982
1166,0.056064654141664505,0.8746112550426282,0.8431779673534032,0.8773051298262983
1167,0.05707062408328056,0.8286078729805838,0.6240534621357421,0.8920328698478833
1168,0.15612748265266418,0.6666610858512332,0.6369970328499743,0.6736520238267343
1169,0.3242693841457367,0.4855361839214434,0.4322392395613863,0.44385664682110637
117,0.04915652424097061,0.5973490608084611,0.1930386732407491,0.5660650313561488
1171,0.09647943824529648,0.8138681327059826,0.7135197347265766,0.8023294953939073
1172,0.11801937967538834,0.8218785853244945,0.7689818495829037,0.8218477190213432
1173,0.22056397795677185,0.5707090006344753,0.6360387261066903,0.537056421737043
1174,0.054428085684776306,0.49319769307921496,0.07792016318348582,0.3044217109317908
1175,0.26630115509033203,0.5929120614437762,0.617325300245868,0.6084255397596309
1176,0.06883276253938675,0.8508206962027591,0.7007021758981501,0.8541681885608468
1177,0.29580849409103394,0.6166447069923161,0.7147034971911106,0.5622348443550733
1179,0.2557029128074646,0.4881666131816133,0.5717094448390592,0.46386760601562693
1180,0.2071361094713211,0.6864781278740331,0.7592429899014449,0.6598038948636377
1181,0.05607721582055092,0.6589225892714006,0.2100717876024272,0.7612542666354001
1182,0.2674652934074402,0.3932983841420503,0.28372290202021594,0.3257347020524275
1185,0.11940452456474304,0.6596268788247246,0.646333990024995,0.6963128886167079
1186,0.09876206517219543,0.45552931898083443,0.0016342376969418332,0.3772052124364397
1187,0.11941639333963394,0.7742287737680708,0.81041408318151,0.7748978459169676
1188,0.0754135400056839,0.6685403300639653,0.24644751687184882,0.7508174152534175
1189,0.3378288447856903,0.6499127070830663,0.7327859744266213,0.5341976244011033
1190,0.1378166675567627,0.74844686128247,0.7375859609362052,0.760898253094618
1191,0.11155936121940613,0.4791218051496773,0.1464137095237636,0.3484972345640428
1192,0.10918154567480087,0.8624372070024195,0.842683496508836,0.8161472541373765
1193,0.1359594464302063,0.47794696621213484,0.3215938780343516,0.3710390465372158
1194,0.6021623015403748,0.2003213884823199,0.03720858980228439,0.2505283665115994
1195,0.09135320782661438,0.47029195671926904,0.1636470528208691,0.3096433395760777
1196,0.30156323313713074,0.5894440581429203,0.6792657194271811,0.5208731470464776
1197,0.15162713825702667,0.5576646625527244,0.3547927822292568,0.5912983671654874
1199,0.17127975821495056,0.7767193958054435,0.7814900432968456,0.7270440181241089
12,0.13519275188446045,0.7223856726820131,0.5587748757638643,0.5705099574925954
1200,0.10463225841522217,0.8626085830395778,0.8717184350493163,0.8538550521187105
1201,0.2764955461025238,0.5515757042441222,0.6071263898180739,0.5330492675052643
1202,0.27537041902542114,0.5982633158417641,0.7334429742095017,0.5674914296711806
1204,0.05358792841434479,0.7403947685515069,0.44048636924868445,0.8527101442987997
1206,0.1284668743610382,0.6828463016335822,0.41613254671773514,0.800794942679173
1207,0.0694516971707344,0.4763339638122865,0.03319692009433478,0.36118644493925994
1208,0.05498621612787247,0.8333620323723001,0.4483692902944109,0.7558352249663425
1209,0.07459301501512527,0.6651735355516264,0.2881326661272628,0.757195853694759
1210,0.08252160251140594,0.45859221905085795,0.006603205168846921,0.3030826331301746
1211,0.11724027991294861,0.43532002501198946,0.004290043891906457,0.287399597718392
1212,0.14816877245903015,0.675459848977272,0.33304678626147005,0.7132970586440213
1214,0.04893937334418297,0.5675006759614182,0.15557620555222684,0.7736550237480083
1215,0.11731793731451035,0.5487339812450931,0.09116959774114687,0.47040147399844123
1216,0.10513709485530853,0.5999880279993571,0.2672645011748758,0.7275453064624817
1217,0.1613035798072815,0.7880109261945263,0.7629060089772397,0.7721808449904988
1218,0.06250443309545517,0.5138614037063816,0.08432351114357277,0.8099655285117241
1220,0.1718331128358841,0.5142090029091834,0.07984300334950446,0.3849124718184177
1221,0.14068806171417236,0.6041275008317852,0.4128453664464864,0.6845476809644047
1222,0.13389213383197784,0.7424525475528747,0.5249603989912126,0.7495514380756734
1223,0.09467839449644089,0.7243009158050623,0.5333212614183919,0.721412697645655
1225,0.13403651118278503,0.66197682537932,0.5154957972965778,0.7290724011756546
1226,0.13713693618774414,0.7309542538576781,0.5441982622056247,0.6478195511525948
1227,0.10413680225610733,0.8499687084551596,0.8282540181829043,0.827846275959043
1228,0.0984482392668724,0.7652316071106082,0.6147021439962315,0.833350238010298
123,0.04811340570449829,0.631358639557665,0.4046476398439262,0.7994241198522243
1230,0.1770317703485489,0.6240398808302436,0.6390144824986154,0.6304439743710881
1232,0.07899349927902222,0.5091561799399463,0.26537513710418775,0.4149708308473681
1233,0.0952143445611,0.6669131292920839,0.5386822274851669,0.7383671746727665
1235,0.13934917747974396,0.6557616783350635,0.47716233949947395,0.774114509711077
1236,0.4236510694026947,0.3219549767629536,0.2948672078585075,0.30797002339751167
1237,0.15042336285114288,0.6352946110705886,0.3876866159759944,0.7582167579490381
1240,0.3804374933242798,0.5227013112332072,0.660388418310623,0.4556268838511191
1241,0.08606434613466263,0.7060836714284788,0.5430721068580678,0.762960792170244
1242,0.05910060182213783,0.7188495781056844,0.4309096718755423,0.8052550350362151
1244,0.10898879170417786,0.8029800925540451,0.7028144795026774,0.7210848485301178
1245,0.1314520388841629,0.6273082660388272,0.33792006495365057,0.7176087955624093
1246,0.06431233882904053,0.8594937042687578,0.6523293583681232,0.8477082997603045
1247,0.1514386385679245,0.7848840840788536,0.8218681051824633,0.7960645527631297
1248,0.06442907452583313,0.8228052707910567,0.6935777608983756,0.8694069083738005
1249,0.035394150763750076,0.8236125412451284,0.42055239703494307,0.844478190739403
125,0.1691066473722458,0.49829283148719417,0.363388649770038,0.3925836959235812
1250,0.11682029068470001,0.7968032217287345,0.7992915637057216,0.7206558051099701
1252,0.3221142292022705,0.43201131928395947,0.4134143892730377,0.37180881905196317
1253,0.09095336496829987,0.7321994016094513,0.5629653955634832,0.682509334223647
1254,0.30492711067199707,0.6352956684804133,0.7318700856022724,0.559821454344188
1256,0.19061817228794098,0.40526063659494566,0.0030706251525140934,0.250018419149836
1258,0.03303785249590874,0.8229916139206876,0.5498186866873332,0.7151655952271703
126,0.11328957229852676,0.4458225255249745,0.03779899214437019,0.2587715242229902
1260,0.0271441787481308,0.7350158235636098,0.3747242366249024,0.7920018124578091
1261,0.03763424605131149,0.9085637141950481,0.7272211773752416,0.8960844286683014
1262,0.11324524879455566,0.8177912524516165,0.7918797917816305,0.7642187478707994
1264,0.05546513944864273,0.9199269411887545,0.8423475728339397,0.9166556454320662
1265,0.13740311563014984,0.5830277005692616,0.22212565504543533,0.5891730082886681
1266,0.03966308385133743,0.7206118312065315,0.3505701782237648,0.8231181990573548
1267,0.10084191709756851,0.5099987527530376,0.16172704401222848,0.806987736102047
1268,0.40209949016571045,0.5316765085809192,0.6292531087235794,0.4300099748231608
1269,0.06179415062069893,0.5768634980668247,0.1619077606190835,0.7609261246795067
1270,0.06483512371778488,0.5933744918803278,0.32477912586767355,0.45844462965718985
1271,0.06093237176537514,0.7536112963368408,0.46733229418614164,0.8625519304795926
1273,0.1447582095861435,0.5240165345714782,0.4282340828676404,0.43880186088396234
1274,0.10000133514404297,0.5348662447092145,0.20821317937443626,0.8289048163566827
1276,0.05167943239212036,0.7966993399039106,0.6244320977255917,0.7805815638089734
1277,0.08480481058359146,0.688388082712777,0.5908646134371883,0.6415571663351237
1278,0.03566300496459007,0.495190389953207,0.09456516947693365,0.28731054320486016
1279,0.0901694968342781,0.5659406158207664,0.3598093460713777,0.4535176833597404
128,0.0375378392636776,0.7928059998690911,0.491654388113522,0.8619137980525118
1280,0.057163868099451065,0.6695815353446138,0.48424781113170334,0.7296842510161505
1281,0.1202961802482605,0.4478527909177096,0.10989456758677935,0.2772728979034409
1282,0.02640669420361519,0.5112492068484856,0.014925839826984748,0.484341984425973
1283,0.07043074071407318,0.6386543993454397,0.5387210469107578,0.6600110282634672
1288,0.12987037003040314,0.5865391900235672,0.46630607067069474,0.690320502946951
1289,0.17284290492534637,0.4954779059198667,0.4064289718126784,0.40617569091585803
1291,0.12440649420022964,0.6464343054011807,0.4348207273287457,0.7651388399146837
1295,0.24785183370113373,0.5988932603687508,0.6855541345536366,0.5955144813271323
1298,0.15369296073913574,0.6074699645902641,0.6109306926115052,0.6402226369801067
1299,0.08370004594326019,0.674053173720564,0.4681939076374363,0.7233441583526823
13,0.16075631976127625,0.492292988243103,0.1543714884980581,0.5829718773258115
1300,0.16171270608901978,0.40739766199004424,0.003611800127503376,0.529836014595742
1301,0.14704032242298126,0.645035247454925,0.3951055795586092,0.6746313409859668
1302,0.08911585062742233,0.6970400139131846,0.6447513794916178,0.6238880326349016
1303,0.1319447159767151,0.5088381300317096,0.2549885386025198,0.3518255111365908
1304,0.36518391966819763,0.3226699364427058,0.07783412397887293,0.26464176534219264
1305,0.06179429963231087,0.4748520272614932,0.06770573289075982,0.5659469524708931
1306,0.04268086329102516,0.7615737852629454,0.361962725977473,0.8102096256649846
1307,0.07066915929317474,0.727216397621107,0.29811009123051785,0.7072218995006607
1308,0.08467055857181549,0.6433343251405677,0.12671909386286442,0.6430378714224456
131,0.037633173167705536,0.8681317523261876,0.6247794705240614,0.9162515858632363
1310,0.06154875457286835,0.6144588884707445,0.09770944188932221,0.5274285736321245
1311,0.10980096459388733,0.627092071377739,0.475556555830334,0.6876547904668471
1313,0.1617855429649353,0.6745645904666755,0.6551897325851451,0.6427855651098768
1314,0.28667429089546204,0.36043599855431635,0.06675607119190241,0.26142585261000606
1315,0.41527846455574036,0.33385611482970506,0.2755093733864838,0.30505750622801486
1318,0.16298438608646393,0.590907371399215,0.3275489657439715,0.46176322483123244
1319,0.07212606072425842,0.8906434516904231,0.8041984447743638,0.88192449451456
1320,0.08410478383302689,0.8318326209009628,0.6292929119605507,0.8674061118163355
1322,0.2943211793899536,0.6218439991815238,0.7320545535497526,0.5710439506291248
1324,0.15794792771339417,0.5141685336366596,0.30630835133224915,0.4350674810264383
1325,0.0666850134730339,0.877950114720454,0.799776854428983,0.8611580317625327
1326,0.06897345930337906,0.7088238746772133,0.5004468479856748,0.7141702339891284
1327,0.34689339995384216,0.3325698471299864,0.08891303386454172,0.26571602849456954
1329,0.24472485482692719,0.45736353028266713,0.2921555218914624,0.3428083871177162
133,0.03825584426522255,0.48405875590570535,0.03501193025497488,0.259328074017931
1330,0.1853787899017334,0.452588889151738,0.17988805834998042,0.6240005173885125
1331,0.11047294735908508,0.7586348622151974,0.7706104395620573,0.7425405020415949
1332,0.029202789068222046,0.6847636285446201,0.2595448524774098,0.7593090362195931
1333,0.15744556486606598,0.5101158606280657,0.3658690538337356,0.5090280301855121
1334,0.13363349437713623,0.618595543795305,0.42252668061047854,0.6338346661946748
1335,0.130017951130867,0.6180992658926233,0.4085463086137044,0.6495956843111821
1336,0.19435429573059082,0.5398686040415822,0.4767935494820981,0.5100990478184539
1337,0.1247825101017952,0.5276767330466422,0.25593333329269335,0.8282338323502394
1338,0.15815018117427826,0.6249196325598791,0.5471285321032482,0.5631599355301135
1339,0.08672410994768143,0.4958186378260973,0.17256121659742488,0.8050577366692162
1341,0.2037612795829773,0.5924596421774342,0.37344251739223644,0.6480705572528052
1343,0.04355093836784363,0.4833069564492702,0.006653499124144606,0.4312033430952825
1347,0.3545820116996765,0.3417452848668941,0.20751803790959225,0.29313491864578156
1348,0.08530691266059875,0.6312265438168981,0.33102125702234736,0.630883657158638
1353,0.14248186349868774,0.7835500749413136,0.8435731092914244,0.7801019001485792
1354,0.08934153616428375,0.7149186695988559,0.33756363842896076,0.8115825187183152
1356,0.20822559297084808,0.5188930802658522,0.39699578490314463,0.5026746018193295
1359,0.08735614269971848,0.6501115389375177,0.6303901252869563,0.6219729471430833
1362,0.054337278008461,0.6144442550960338,0.4189421000851049,0.4866174417181756
1364,0.09479814022779465,0.5229339242565292,0.07034807102653443,0.555198221902162
1367,0.11648020893335342,0.44494289339777,0.056469778418126164,0.2624646173641749
1370,0.0745571106672287,0.7045725041564654,0.3431023757540384,0.799667424397905
1371,0.0899609923362732,0.6517668039747613,0.3883534471939036,0.7527169401967222
1372,0.03125552833080292,0.7459988052309751,0.48294991146977323,0.7176328231806127
1373,0.056347183883190155,0.7430721501888586,0.42942715241409546,0.8152899524734405
1374,0.03566312417387962,0.5592777041778817,0.1143645127724133,0.7659783563152243
1375,0.10191596299409866,0.5684662333287923,0.32632073642992654,0.5211203927531007
1376,0.05702097341418266,0.8419713364697273,0.5470331415789151,0.867305720327635
1377,0.04148935154080391,0.682343317840869,0.43831212991067736,0.9027147470883569
1379,0.11209012567996979,0.664950011337687,0.3316278810354817,0.7226365035941643
1380,0.10405480116605759,0.6265179168981735,0.1823999232553941,0.6684278299192115
1381,0.12840360403060913,0.6692787709279407,0.3193921503634989,0.7664053978624976
1382,0.12088791280984879,0.681134907842587,0.2902997388108727,0.7373035869992177
1384,0.07997509092092514,0.586030438859055,0.21957294745454933,0.6906656812820795
1385,0.08113148808479309,0.8067375747613221,0.5392597261593983,0.8174310511422767
1386,0.11542005091905594,0.7848599542457447,0.8115528540694753,0.8200912461803861
1388,0.02548128366470337,0.5242234101819672,0.06653746313702827,0.40523568165143087
1389,0.06076960265636444,0.8644098539733196,0.6696564584871036,0.8990209390424502
139,0.04839692637324333,0.6666439297925792,0.46755341237070064,0.7330414595435583
1390,0.0863310918211937,0.603343441725997,0.34651497745117343,0.8175007462342934
1392,0.2620157301425934,0.5661459581596843,0.6507980376877535,0.5266724042863749
1393,0.0727139413356781,0.4671757041208051,0.04214482594159265,0.7843665165591404
1396,0.046199072152376175,0.5819258294155272,0.1493945912420838,0.4826682733460568
1398,0.03694922849535942,0.4928351335077216,0.052605170055521136,0.37469414969932546
140,0.05318998172879219,0.816843899965549,0.5589232804245885,0.8721358705567855
1400,0.05787660926580429,0.7742090211454682,0.3901936464239976,0.7868732500465598
1401,0.04771310091018677,0.633115960454256,0.4316348497797357,0.5673709768037055
1402,0.11269401758909225,0.8307897845749124,0.6217964982586096,0.7637143142326055
1403,0.03787512704730034,0.9287329645550729,0.8294109095224116,0.91243765044275
1404,0.12823697924613953,0.7018021731334521,0.44684395341582206,0.8091354933781825
1405,0.07727429270744324,0.6905233934542181,0.3097225669838826,0.6212019009490208
1406,0.12630867958068848,0.5992482430422391,0.29092647896617124,0.762728613652287
1407,0.06537862867116928,0.469472121740055,0.02246751810962899,0.25335930427125786
1408,0.09960107505321503,0.6932844253057258,0.4262606846475796,0.8199519755741094
1409,0.08934739977121353,0.772751712156214,0.4813842897261576,0.7277520330041858
141,0.055586688220500946,0.6391889529081849,0.4117252510273425,0.9046198655673974
1410,0.09004957973957062,0.6187866138797715,0.3047935536091012,0.759544331103243
1411,0.2301703244447708,0.39192290613514746,0.08241612006091475,0.2719816691877339
1413,0.19760966300964355,0.6447114925243564,0.5747517535509169,0.6136579437635205
1414,0.09216402471065521,0.7207006467568947,0.49580543152032847,0.6123998864040654
1416,0.08093280345201492,0.6083742040384429,0.15160432487167558,0.5332470305655076
1417,0.1183403804898262,0.44422552001668186,0.04415305483908513,0.2586229011999329
1418,0.1162712574005127,0.8379135010493897,0.745134001297126,0.8444630385730981
1419,0.08816186338663101,0.7778207615859213,0.6399843164007952,0.8297306111498348
1420,0.3749362826347351,0.3151323318522159,0.04716949486591456,0.2570464128021255
1421,0.13398878276348114,0.7223344501899043,0.6477787013612186,0.6808104961242316
1423,0.10212919116020203,0.6326784797644205,0.22025031375591117,0.6433840398292939
1424,0.161798357963562,0.5782437653711432,0.19221554695950396,0.5483716847587133
1426,0.051010143011808395,0.8441041697920528,0.6314217510664248,0.8424288840198364
1427,0.10791098326444626,0.6262138762708473,0.26270193395470615,0.7188504976825159
1428,0.4271427392959595,0.39283695836683874,0.4403086705741522,0.3518369395451524
1429,0.06409166008234024,0.8255474491158856,0.7435374199138456,0.7743247474747821
1430,0.128202423453331,0.6749436850589927,0.640311016085671,0.687338564318604
1431,0.1066010445356369,0.6614396168868737,0.24224953032883412,0.6910444784794338
1432,0.22554154694080353,0.39533779386178125,0.12929262535161676,0.2793455023719992
1433,0.15487326681613922,0.5157833993348728,0.4115630879943619,0.46022078917344245
1434,0.22162288427352905,0.6877665460151009,0.6544810147723484,0.6022706861808317
1435,0.08180911839008331,0.9112069777693081,0.8450528352812405,0.8835521963049267
1437,0.22065384685993195,0.6110021759905059,0.6758011514140853,0.5772704910546114
1438,0.11735547333955765,0.7586876328187002,0.6668947855998285,0.7999922941146695
1439,0.11291764676570892,0.8495075374245332,0.8302797659685351,0.8407628902589435
144,0.1805197149515152,0.779967886089266,0.7825022056743554,0.7415265716247714
1441,0.11047911643981934,0.8654638918337394,0.7210585688408196,0.8379088257138108
1444,0.04943268746137619,0.8249223046591774,0.49874005708031194,0.8355245124825565
1445,0.26086440682411194,0.3787517605460183,0.13691658020250377,0.2805092324267179
1446,0.6531901359558105,0.1873278400475757,0.13983835081812263,0.2450202386179335
1447,0.0692446380853653,0.8620999799165425,0.5174405273075215,0.8022296125103543
1449,0.13419575989246368,0.5436425166556393,0.4644071817140058,0.446623007763613
1451,0.10988539457321167,0.784696563030778,0.4904066921354468,0.8070383383106533
1452,0.3045262396335602,0.5679299063413439,0.615044308806834,0.5034043335704949
1453,0.1740625500679016,0.42896398528700724,0.08165124133305604,0.700135650441667
1455,0.211943119764328,0.558998208097002,0.5409577782167707,0.4944489795600875
1457,0.08142942190170288,0.683403356939344,0.5473157593477124,0.626696537796468
1459,0.16186408698558807,0.4163663455952149,0.046984653825996335,0.6089716263867674
1460,0.08961690962314606,0.7895529728005116,0.49272226031340416,0.8039679624279779
1462,0.1037428081035614,0.8591189535728416,0.7714418932155511,0.8427132731858731
1463,0.08184906840324402,0.8886660120876493,0.6485948772645439,0.847271148135569
1465,0.29852455854415894,0.3598105666458418,0.13128112077558374,0.2779865949703082
1471,0.23062655329704285,0.6963840349936021,0.8047156770555289,0.665402615559925
1473,0.10862648487091064,0.7873208142240593,0.6710272516011155,0.7643291405066124
1475,0.052199121564626694,0.7932101818919085,0.395907062632907,0.7983270559619853
1476,0.11580373346805573,0.8392313502263968,0.811467343301678,0.781968204561303
1477,0.09311720728874207,0.6762483753069707,0.4795393164968516,0.7940614329263839
1478,0.11283042281866074,0.4517410816466828,0.07184267739331653,0.5830358963349702
1479,0.0470743328332901,0.8028087716518606,0.4737359804601184,0.854243688019243
1481,0.03501170128583908,0.6678816275890085,0.2308933916221886,0.689475320552493
1482,0.08089299499988556,0.8833855270469286,0.686607569025118,0.8655729584445687
1485,0.01754477433860302,0.6537238374050649,0.2894228918231754,0.47052083127147404
1486,0.15548868477344513,0.4302798121042195,0.11252557951810362,0.27840088381326683
1487,0.3350682556629181,0.5361302842818207,0.7024821487030771,0.4993924965170884
1488,0.04829535633325577,0.7242631758544085,0.34850797310186266,0.7523442715631936
1489,0.06351344287395477,0.5171169580356872,0.059452661713179006,0.631800265193095
149,0.059440672397613525,0.5041180274680813,0.18286743365416033,0.813515331081112
1490,0.16236984729766846,0.5889715667587225,0.5757497613877987,0.5070173560002665
1491,0.14442525804042816,0.47127216530887206,0.12371544811880837,0.5400491834321287
1493,0.04883495345711708,0.8567888959675446,0.6696092271073432,0.8951234442513176
1495,0.052881814539432526,0.8500769842696878,0.7336128713598785,0.8909231932968107
1496,0.2538248300552368,0.37560412051534564,0.042848087243701885,0.25697660292934815
1497,0.12649711966514587,0.61696819307085,0.47606312855356264,0.6178278019338346
1498,0.03315700963139534,0.6754039359524753,0.2519867928538639,0.641401315738183
150,0.10623457282781601,0.8037053711230657,0.75185293640061,0.7580990647495824
1501,0.025585072115063667,0.8329525398273063,0.5420789714426711,0.9124800088062468
1503,0.13258545100688934,0.6434720493570592,0.48913864803279267,0.5140849554685929
1504,0.23734663426876068,0.6055387352931271,0.6336496349090923,0.5669711057366509
1506,0.047545768320560455,0.853218831547756,0.6092677236465218,0.8725476917835167
1508,0.13197022676467896,0.627627667202211,0.24013512660952518,0.6556592464502153
1509,0.06843301653862,0.588958534309196,0.23291325212397396,0.46410895313141615
1510,0.022542063146829605,0.78147190154647,0.34645950041595475,0.7838334523699662
1512,0.060865942388772964,0.762286885553255,0.624466205684592,0.8450858137607445
1513,0.03316333889961243,0.7812541407178305,0.3314525611659091,0.7921249126538412
1514,0.621620237827301,0.2571392234711729,0.4303856533421261,0.22049747709764608
1515,0.19141502678394318,0.6638358579758113,0.6794869173571462,0.6206005852047549
1516,0.04713421314954758,0.8990359832406287,0.6694138270494144,0.9016950986258687
1517,0.04617336392402649,0.6785159888625228,0.20256126412937697,0.6844980191686721
1518,0.16215243935585022,0.44582019097954295,0.21971494948468556,0.31317954996285347
1519,0.019154511392116547,0.8295897969792548,0.5021067291572844,0.8948683734152241
152,0.1367172747850418,0.638648637302849,0.4324270861638728,0.778850442857304
1521,0.048242609947919846,0.5559144881109916,0.1816262465650806,0.5459251919893279
1522,0.12666474282741547,0.4550616956946055,0.14534188295013595,0.28955176848389136
1523,0.3518965244293213,0.49987091198674316,0.5617855560423678,0.48766247696545606
1524,0.16869214177131653,0.7387724412856609,0.6108008263640943,0.7289540282111646
1525,0.06032022833824158,0.8270316859786155,0.585344295045516,0.8999097388871071
1526,0.10503236949443817,0.7592707923596014,0.6239331859283616,0.7952767828083003
1527,0.04897231236100197,0.6766738076957237,0.21132132291271222,0.7407660291191223
1528,0.03522706404328346,0.7690656699296078,0.351605351090978,0.8458518830534305
1529,0.03925571218132973,0.7024489715855401,0.3275109275740788,0.7533119061654748
1530,0.12831957638263702,0.48368393710840746,0.3126045400703671,0.3575916823414409
1531,0.025225253775715828,0.7741338397177524,0.4658241906226579,0.8685277166784506
1533,0.11836205422878265,0.5071590843996148,0.2524012854219902,0.42850177987640775
1534,0.10029780864715576,0.737987813756305,0.551454342783064,0.8057723942627301
1535,0.0982741117477417,0.7249734317241774,0.3720777120606324,0.7901870757719126
1536,0.15202930569648743,0.4718500925044955,0.26626426080212734,0.37036567909798235
154,0.06898284703493118,0.4694619373908117,0.05154932067508878,0.2633867112029662
1544,0.1259547919034958,0.7394192716253333,0.5871463570247003,0.59375767684804
1545,0.07500852644443512,0.8555057192780289,0.6702200772455102,0.8481857604822769
1548,0.11861589550971985,0.7174856606587341,0.3869204514777253,0.781186016822769
1550,0.08282651752233505,0.7782039024373373,0.5361624568864901,0.8704620166696909
1552,0.14075395464897156,0.45594461068234204,0.06648778439997369,0.5720560815861975
1555,0.1548507958650589,0.6011522081219747,0.37444807420364534,0.5593526454646702
1559,0.3016526401042938,0.5367248416888756,0.4554546715637643,0.5681636241099008
1560,0.20980851352214813,0.5956514700917654,0.6099170446380994,0.6607703639861966
1561,0.15017366409301758,0.43400061685190083,0.10378823452163431,0.2747271124678857
1562,0.10693550854921341,0.7524555235367727,0.5344842231292232,0.7773353674529577
1563,0.05470871180295944,0.7042867140330458,0.26517012601710493,0.7004947910925776
1564,0.06954807043075562,0.4998983351472031,0.07418396322540531,0.41609333777967394
1565,0.10234645754098892,0.8679723241468971,0.8658197374529232,0.8545350606026986
1568,0.14744524657726288,0.6982751853800242,0.5759334955903672,0.6330009185234444
1569,0.08847460150718689,0.6112046008325673,0.37389324512536615,0.4812697575672327
157,0.054349880665540695,0.4749645631370312,0.03238036256232384,0.2565579215501804
1570,0.2937774062156677,0.5712877450289426,0.3785940938591587,0.6744614002184911
1571,0.10577592998743057,0.7910176816717027,0.5629990307965087,0.8209430208486561
1574,0.24800801277160645,0.6347509848813782,0.6309320743181311,0.6499263154959456
1575,0.21009454131126404,0.7305694540630293,0.7660187925069134,0.6881567306385675
1576,0.2044779360294342,0.5789759034897434,0.4342421604980668,0.5212879216745914
1579,0.05075525492429733,0.745773801954804,0.3836628719394874,0.8549076953001724
1580,0.1290280818939209,0.6799358453860553,0.4638714120466702,0.7474413491238329
1581,0.05566516891121864,0.6559145787953025,0.5321331174818064,0.5948132661801468
1582,0.11324844509363174,0.7800401469430265,0.6069497939050413,0.8063041681286303
1583,0.11270175129175186,0.824276832884246,0.8136048174937347,0.8211325696569163
1584,0.14028100669384003,0.5054381985349213,0.2209491922647039,0.3875364100644993
1585,0.6698049902915955,0.2425286412668613,0.46978566579246384,0.1852147545560497
1587,0.559857964515686,0.25632349088521905,0.2569269745427789,0.273447642195977
159,0.3292941749095917,0.5730922510879611,0.7257669834425827,0.5199228916359324
1590,0.410501092672348,0.34205351689749985,0.3106993936454808,0.31764891132178785
1592,0.21568018198013306,0.4803023044193609,0.39574319341843706,0.38643062601751305
1595,0.21301734447479248,0.5945591574958634,0.6734768076631217,0.6099302242478712
1597,0.17048561573028564,0.5361285054437759,0.4321176402980987,0.4923122660812903
1599,0.35260140895843506,0.4496981880130536,0.4372393453418752,0.398364541572337
1600,0.390236496925354,0.39705077412433937,0.40300122216538387,0.3649782739542596
1601,0.3254833519458771,0.42392669020107454,0.2936292932094196,0.5425425860845795
1602,0.19551517069339752,0.4074850882928588,0.11465719998195892,0.34813801473422046
1603,0.34397706389427185,0.4637807938144577,0.5362876018118424,0.4435436721450194
1604,0.06274418532848358,0.770063359233285,0.5481889358054604,0.8536922052280213
1605,0.5138745307922363,0.28301110820248154,0.3596136853993609,0.2903702261965597
1606,0.3748232126235962,0.3924984839219318,0.41532202490055914,0.3453524632343179
1607,0.32202744483947754,0.35428555775336384,0.2845308345611369,0.3483101013705927
161,0.07104453444480896,0.7438944458438079,0.6526070687870245,0.9094054718816084
1610,0.03999689966440201,0.662931580905319,0.19211086255043247,0.6797711845311005
1612,0.11114559322595596,0.6933333210162342,0.49324196057200215,0.6940818382729791
1614,0.04866715520620346,0.6721459862720144,0.55601443322626,0.651568308052896
1616,0.1441054791212082,0.6298374088958305,0.6402536286671378,0.5748905076630091
1617,0.1513374298810959,0.627887809597993,0.5847536786849491,0.612787392152355
1618,0.3432515561580658,0.3301960592750273,0.11314073107348888,0.2904262670038741
1621,0.1318259835243225,0.4349001818281514,0.024135707953933435,0.2513190687257564
1623,0.1735789179801941,0.41684157259043497,0.07103545859081448,0.6750287717751798
1624,0.1347399652004242,0.599178350588258,0.4806555620943601,0.6330172684300811
1626,0.32218828797340393,0.3416821459682159,0.07244429370047879,0.2587924927659829
1630,0.35725122690200806,0.3748026750777608,0.31993966700351567,0.346882165181378
1631,0.07517682015895844,0.6031392410456942,0.1796166766592867,0.496483775788422
1632,0.18811887502670288,0.4101465940310644,0.07905495464388776,0.26751520274971596
1633,0.4654249846935272,0.43997285282266824,0.542413958493444,0.3346402995760144
1634,0.18654848635196686,0.4651598213505471,0.13236355288082,0.443873150626617
1635,0.14125855267047882,0.674067660231613,0.5195839675031328,0.7683531720439525
1636,0.12700270116329193,0.6493666547171408,0.6227012059557752,0.7661985406573557
1638,0.03531961515545845,0.8991582634987175,0.579740488758884,0.8738137959930068
164,0.025664616376161575,0.5974839875973427,0.2752887244370701,0.4148661727166787
1642,0.08007582277059555,0.44747912606746243,0.0027492045725271363,0.6564560955990312
1643,0.10000856220722198,0.5317186523970341,0.061947202578590904,0.4584823960788115
1644,0.05307120084762573,0.4821451506315978,0.09466471886679345,0.2877865329699487
1645,0.10667767375707626,0.6352500046089822,0.3351272721690919,0.7914998629762539
1646,0.3522130846977234,0.47794701378888893,0.5996705701583406,0.4663054498641076
1647,0.07140800356864929,0.5866287693882452,0.1684417748868641,0.5832583391070569
1648,0.07157263904809952,0.6758973504964823,0.2430164904108705,0.8009153171682478
1651,0.058760110288858414,0.6328325485903789,0.2257932817298555,0.6384588861012709
1652,0.05448251962661743,0.8419798053338511,0.626648767828291,0.8637833754485691
1653,0.07163168489933014,0.5904659952699028,0.3724870581518766,0.4660702303213514
1654,0.21737131476402283,0.537036063059255,0.36023190882511774,0.5054661440155024
1655,0.11440165340900421,0.7462614512055616,0.5653652961071535,0.7465269240716554
1656,0.051933836191892624,0.9039606858733672,0.8070038472347923,0.9250515933961629
1657,0.2845901846885681,0.36000116794868925,0.043727158951604665,0.2551236157443925
1658,0.04714084044098854,0.8617443651311194,0.5602657823182241,0.79886325981219
1659,0.028035396710038185,0.8735777637175729,0.5655384624131339,0.9006062520350069
166,0.04372154548764229,0.6808698177938335,0.5066378847910981,0.6076312810162083
1660,0.12140124291181564,0.45601379863470076,0.13826923675089192,0.2896641560426285
1661,0.09373652935028076,0.7985760592284795,0.579253780900882,0.7411079079778007
1662,0.047154854983091354,0.8707395086222716,0.6204038590855264,0.893514484502639
1663,0.08083810657262802,0.7548618050230651,0.5394065459221404,0.8627946373525633
1664,0.18664218485355377,0.4226818309976542,0.15862460998081057,0.29129341735031467
1665,0.06908639520406723,0.8612023958103074,0.7564669956181225,0.905349101508874
1666,0.045936424285173416,0.5112290052538564,0.1933275901009865,0.3321383012859724
1667,0.060489580035209656,0.8808178209253101,0.8287305355596144,0.8565023025547241
1668,0.10304111242294312,0.5254792568596147,0.1527347600709867,0.5146842011218726
1669,0.109422467648983,0.6725732936880736,0.33361535356125,0.7378716590103509
167,0.11522176861763,0.7187960284003758,0.517626517589584,0.8145653243681055
1671,0.04806061461567879,0.6176147238748106,0.16228552742538194,0.6779989486183654
1672,0.06518443673849106,0.5127964891470632,0.15515497028166694,0.32304826708216394
1673,0.08915168792009354,0.6872658861468447,0.5565739457495679,0.8219983728177584
1674,0.08875463157892227,0.8301619642149436,0.6186957787459,0.7814751964936075
1676,0.03862437233328819,0.64004244725079,0.3297490755363083,0.5898345035415249
1678,0.06737881153821945,0.7125387189870269,0.2931593151646995,0.7123225063644532
1679,0.019900120794773102,0.7979692056526327,0.4231096760630144,0.8576051319175615
168,0.04739426448941231,0.5456534429995322,0.04295486963332759,0.5734311982443981
1680,0.024370303377509117,0.9156016577664022,0.7063861527766503,0.9417660022853427
1682,0.047892555594444275,0.8741757910588992,0.6535223270782994,0.7808724813625882
1683,0.12010868638753891,0.5092925131229276,0.05101689713008382,0.567436828889845
1684,0.12425151467323303,0.7458081579364038,0.5664325238498857,0.7351989129315062
1685,0.12679612636566162,0.6975886248742771,0.4273435382089468,0.7953424707382677
1686,0.08092431724071503,0.6617594635756805,0.4943078529724513,0.5651213539791534
1687,0.10435664653778076,0.7664861754577293,0.60306111337565,0.7372580554490666
1688,0.08800259232521057,0.8526064146458108,0.6454953454503435,0.8446557570204873
1689,0.048439063131809235,0.46025030544270124,0.0012805661720092858,0.445113769016667
1690,0.041523706167936325,0.7021714238993697,0.25360578235076303,0.7218560549453745
1691,0.15454533696174622,0.7264465614168261,0.632683911335708,0.7693051926051684
1692,0.08620205521583557,0.8414929995717404,0.723286247847099,0.8443654024299488
1694,0.014329183846712112,0.7148870510862637,0.13334969310225026,0.5840295191977871
1695,0.09932038187980652,0.4527048167297065,0.0465537565804305,0.26263822275517557
1697,0.012035873718559742,0.5112905605899051,0.013679286059396827,0.2622436126525094
1698,0.06309831887483597,0.5858769831213698,0.1114970795372075,0.5413298069686923
17,0.09774202108383179,0.6439276060790314,0.1769646486060884,0.5872787595264757
170,0.12685950100421906,0.5506497831668676,0.27392924128312585,0.8299378087811565
1700,0.06667672842741013,0.8324271616905259,0.79392927109448,0.7978223438552245
1701,0.06321576237678528,0.7166321912585714,0.4766654552829767,0.8796031831381091
1703,0.1418813169002533,0.47837027842406576,0.3354105179817692,0.36568091246548234
1704,0.11409655958414078,0.5889141375940047,0.4965392006214725,0.47373220556306395
1705,0.062298014760017395,0.645748482504685,0.15440418530542535,0.5745434674173049
1706,0.12438580393791199,0.6219609156532174,0.23040195186482026,0.6593615262678009
1708,0.09062247723340988,0.4812531431992008,0.11417309461525618,0.4335639389706394
1710,0.059421561658382416,0.7394792592383785,0.43394964379156054,0.8186356053362547
1711,0.33795204758644104,0.39396768362747936,0.38860960243885395,0.3504852797465652
1712,0.10018657892942429,0.8188183002101521,0.5976176660789042,0.8468422505748584
1713,0.18062259256839752,0.41626256580721327,0.027747435709545677,0.6481607469927836
1714,0.08350226283073425,0.4780986088615157,0.06417122283670103,0.3775886621220085
1715,0.11734028160572052,0.4545384185528087,0.06630553918764696,0.3623662790469281
1716,0.09951874613761902,0.5948798755068307,0.23325542252853987,0.6165135584429438
1718,0.0367514044046402,0.7304189969263841,0.3357164474838678,0.7484893700286703
1719,0.08975428342819214,0.846980083412033,0.5616890254868395,0.8087351045815661
172,0.07310245931148529,0.4458926661792389,0.0007589511867206475,0.6694714279673184
1720,0.15440921485424042,0.7966952410603811,0.7616449189130573,0.6952569982528009
1721,0.21940010786056519,0.6226547512577478,0.6816321322202208,0.6390414047509507
1722,0.11247040331363678,0.6928394403570776,0.20813765630207076,0.5956058032014935
1723,0.15128609538078308,0.6584434954295902,0.5648715458507942,0.7585980834426518
1724,0.05921902507543564,0.5854081279561875,0.12378312967806906,0.5273866554731279
1726,0.11238465458154678,0.6666772043271053,0.2611182027113299,0.6907173217260335
1727,0.13975678384304047,0.5390126665049413,0.22480570886683973,0.659667895081222
1728,0.07055012881755829,0.7418138504769468,0.4668268796813414,0.8111982574924659
1729,0.10155854374170303,0.7580733801449666,0.4355664177791945,0.7996681237511473
173,0.10333671420812607,0.48565172081165653,0.12109442625643997,0.688001417058814
1731,0.09848829358816147,0.673888619483201,0.33722218534983955,0.7612774606514784
1732,0.1232180967926979,0.6619629242405064,0.5114031250984667,0.781742870947447
1734,0.11871450394392014,0.7421274552286732,0.7454415858990447,0.7312801591670725
1735,0.04313378036022186,0.8601266833521555,0.6159811258719522,0.8659815097268293
1736,0.15452980995178223,0.4193903471688865,0.00996960854075275,0.27382346232262644
1737,0.05340292677283287,0.8542673542128256,0.5209035088776044,0.8527445606358433
1738,0.23853713274002075,0.6796459015673229,0.6815360270040656,0.649337999797321
1739,0.08029836416244507,0.9140505460423911,0.8040489341307647,0.8680926838986315
1741,0.07637818157672882,0.858755011411318,0.6919118138600354,0.8781668624311908
1742,0.10163640230894089,0.8291603053417895,0.6675486448914191,0.8462611376090026
1743,0.07415790855884552,0.8930789135437047,0.7009680156505008,0.8404228393915488
1744,0.044868387281894684,0.9085369189727595,0.7326183407194412,0.9074596949790739
1745,0.060468271374702454,0.8443359239523271,0.6129488051600487,0.8599813947468213
1746,0.044858433306217194,0.8914833850580466,0.6391856876055796,0.8984541004266303
1747,0.1030663251876831,0.8142628438551631,0.7263723056058252,0.7994062060919709
1748,0.37567025423049927,0.3547724499176418,0.32249329558098055,0.3253510410740795
1750,0.0943598598241806,0.5454475837053699,0.12440042606084427,0.7112963647609939
1751,0.0891156792640686,0.8365730931730794,0.7155316978836919,0.876964723270518
1752,0.12367312610149384,0.5587869788249441,0.2708260069134381,0.8149639657142179
1754,0.11918441206216812,0.5967342957181472,0.3280135298844761,0.7772740529605311
1755,0.07377608120441437,0.7647231562032388,0.30011153937973634,0.7337026379122966
1756,0.2558830678462982,0.37438339268499365,0.03634757997730689,0.2559007003988774
1757,0.07628758996725082,0.8687483996499323,0.7169158411013765,0.8814358712285544
1758,0.14934292435646057,0.5832171446090165,0.4525156913740089,0.49605524662708933
1759,0.15317681431770325,0.7452876721610155,0.7461059098013452,0.7718245179244726
176,0.09442770481109619,0.6200257886849122,0.3288062707135721,0.5993122390009822
1760,0.09243044257164001,0.753877052412222,0.4482740935214518,0.8069063966949461
1761,0.030471470206975937,0.5947370906749134,0.12978396755935884,0.7092812041011818
1762,0.1257322132587433,0.509729176634609,0.1598297061367575,0.38309136704387325
1763,0.1932981014251709,0.40949595253925297,0.011555672412765762,0.2818374909063664
1764,0.05594779923558235,0.7540060410152404,0.47975766178305346,0.9060445707184511
1766,0.11394765228033066,0.8723215347208291,0.8465500808820576,0.811473991806198
1767,0.09522708505392075,0.8506132588944789,0.6870185319752486,0.8729398740297561
177,0.2017337828874588,0.44549515597416933,0.2565703152177848,0.3854252217725762
1770,0.12654922902584076,0.42191649435221396,0.03379471915783142,0.531026511493644
1771,0.07928986102342606,0.875242104834997,0.6652701496154543,0.880499472245591
1772,0.11024647951126099,0.6611342779854581,0.2721722297600681,0.6605577484899045
1773,0.08751314133405685,0.8804175143014654,0.8164742550201669,0.8570304987887638
1774,0.05863944813609123,0.7520126433479655,0.32747345394700406,0.7482732767964579
1775,0.049735572189092636,0.7734377947446684,0.4680894116513186,0.848903312364036
1776,0.0803353562951088,0.7175186585100817,0.5536336739344829,0.8345224663192609
1777,0.03848116099834442,0.8168482276197772,0.5138081351730462,0.8892269211521631
1778,0.10855626314878464,0.7670477026900532,0.46399781850553706,0.7948392723216835
1779,0.06971533596515656,0.8720550505073059,0.6848833506660503,0.8958425659904421
1780,0.10451436787843704,0.6938618092465871,0.5949149733482335,0.6236275495493859
1781,0.04623476043343544,0.8176864670780866,0.5007408262476145,0.8520472410098473
1783,0.11164647340774536,0.5636160823969347,0.49183720299078354,0.7500098557858298
1784,0.150924414396286,0.42942293867850956,0.025577549738884372,0.45346499813127633
1785,0.11826443672180176,0.7795175324836501,0.4858670186197218,0.8022815224870368
1786,0.09790904819965363,0.572369769683512,0.16412705407731643,0.7406780820557839
1787,0.12282158434391022,0.8179890176019255,0.8191521756811645,0.7942101384994739
1788,0.04863668233156204,0.8477536871714004,0.48450622650542047,0.8727082102734548
1789,0.05618751049041748,0.8303267389797143,0.4856208179378698,0.8362924175218874
179,0.1414298713207245,0.6868470392363005,0.6645253344412848,0.7961028475836808
1790,0.14225655794143677,0.7603939973917684,0.5470661166289543,0.8031623204148224
1792,0.04520558565855026,0.9192583914393542,0.8310117379290825,0.9338155451650132
1794,0.09850620478391647,0.4240664930067943,0.004557549576476444,0.7782991622580268
1795,0.17092593014240265,0.4163914785739855,0.027901992265885977,0.2554035251253761
1798,0.02125581167638302,0.7341973145515629,0.21666984416513965,0.688041486031634
1799,0.12562988698482513,0.7080391775793984,0.43696753696936097,0.8034625293875832
18,0.05808993801474571,0.586030587625975,0.09166166972925824,0.5142240774228891
1800,0.2914697527885437,0.473825851925697,0.49573434269825967,0.4100988188410013
1801,0.1104649230837822,0.7481416384711428,0.6469454676660055,0.8468139328961364
1802,0.3533424735069275,0.3455444581552595,0.23585664955361108,0.3032146652198846
1803,0.18689435720443726,0.5398096668386466,0.16273480113387617,0.599733352370144
1804,0.09526742994785309,0.7890417177233262,0.4776078068947303,0.804571182528979
1805,0.12885171175003052,0.7809526437169859,0.6745598752807237,0.8142602641292651
1807,0.08117758482694626,0.6696453269893935,0.44741335144826044,0.6126796814049653
1808,0.09589451551437378,0.8352513094303216,0.7448389314467581,0.8055844766543274
1809,0.040639735758304596,0.7588790886412969,0.4365873243913928,0.8623951343976122
181,0.13042962551116943,0.6598250569567229,0.4606347370841827,0.7424766018873289
1810,0.027607684955000877,0.8228539142239866,0.5057655800315198,0.8922224867515252
1811,0.0672868937253952,0.9223763687560385,0.8455281154962522,0.8972048004692914
1812,0.07675297558307648,0.8795344587481877,0.788397310453825,0.8685202225036577
1814,0.15121448040008545,0.7253541541844217,0.7123480865799512,0.6990517151038187
1815,0.061379384249448776,0.8820803460616291,0.7341826175157614,0.8987823065696887
1816,0.10080290585756302,0.6509770854924254,0.23956071445910088,0.6287802155655307
1817,0.11811376363039017,0.7229934869560988,0.40457992080071403,0.7538589127408368
1818,0.09396540373563766,0.6829319707189047,0.4600639985868499,0.8179593124396415
1819,0.045450013130903244,0.9432119841724562,0.8827970501945294,0.9248678709319769
182,0.10088477283716202,0.7858964023370544,0.5590261083939455,0.8405422582047885
1821,0.1518063098192215,0.7817549353322933,0.7567788973369928,0.740868844295544
1822,0.14356811344623566,0.7086020128353732,0.6043317405742501,0.7884687152955887
1823,0.1614437997341156,0.680665244848607,0.4751836944521187,0.737023303166926
1824,0.4395768642425537,0.46409072234215776,0.6647772491774946,0.3978719409649486
1825,0.04205486550927162,0.9151851966228773,0.7370640978228304,0.9251647244817032
1826,0.24635444581508636,0.5578033479050781,0.6461060968493277,0.5502277299879911
1827,0.15947236120700836,0.5493157555368623,0.498591399727466,0.5090272339962792
1828,0.22602413594722748,0.530127267315698,0.26592193112766965,0.7299550779424268
1829,0.1314341276884079,0.4496170743538718,0.013627213657826787,0.413970394717065
183,0.3528134226799011,0.38899022607927747,0.3589310974659819,0.3385856161257124
1830,0.1077609434723854,0.7230984776523526,0.583690991129671,0.8207060359815742
1831,0.04170212522149086,0.7854847742749452,0.4041027166235431,0.8208316363006195
1833,0.06603188067674637,0.8611105286691654,0.635906320738022,0.8879393795561816
1834,0.1640162467956543,0.5292533258918896,0.41460167237034706,0.4495216611830011
1836,0.05322982370853424,0.9175278941185284,0.8325983159592183,0.9046371020762514
1837,0.03808807581663132,0.833003241174066,0.5922857327329666,0.8464530471407172
1838,0.06527964770793915,0.8798669090260649,0.7404414948748208,0.9060433710288762
1839,0.24376821517944336,0.4872126052833135,0.49390429580366396,0.42125415874274225
184,0.07955849170684814,0.5252635450449785,0.11710143930828297,0.7340189457764115
1841,0.1077696681022644,0.6627777508668979,0.17884747334799225,0.5678810172400383
1842,0.2235872596502304,0.40189591456399354,0.18335828556152106,0.29333722631150233
1843,0.16541002690792084,0.5710805995445132,0.22645038194396563,0.5688065721994158
1844,0.36545711755752563,0.5401150303124915,0.6769355347552425,0.4704471338068892
1846,0.06775770336389542,0.6662213974731847,0.24610646685779586,0.6526532111488119
1847,0.07598157227039337,0.8484695118379735,0.6755109489391036,0.8957645163153396
1848,0.07168954610824585,0.5576216485239831,0.16479913941335902,0.7374432503944737
1849,0.047656867653131485,0.8961327743430909,0.7188074126248316,0.9136129300156474
185,0.29308071732521057,0.6642318099064759,0.7543624099196896,0.5911180156252336
1851,0.20317594707012177,0.47094083772138595,0.12364857956019165,0.4391864035646403
1852,0.058201637119054794,0.5996726334150823,0.15702181473494503,0.6125267647957469
1853,0.17559102177619934,0.7430499961179982,0.6968341509334031,0.6789486545621318
1855,0.09389270097017288,0.7911656219275833,0.6313462872442414,0.8188730226685648
1856,0.05495379492640495,0.8225221131026048,0.38674649992739685,0.7810744407698711
1858,0.17085185647010803,0.6252287493407465,0.600269811850312,0.5574010360840549
1859,0.1338849663734436,0.5275500506816778,0.16315084378573974,0.67417067615014
1860,0.09778573364019394,0.700338456013464,0.4936007580407358,0.73659078227767
1861,0.08038989454507828,0.8590068051186108,0.7034015487716638,0.8915681986665993
1862,0.10590601712465286,0.8603202809483721,0.7688721298245548,0.8446576123421323
1865,0.26475805044174194,0.3710954309985846,0.06561166093428811,0.2606668329239673
1866,0.0937441810965538,0.8093117904059793,0.7385062026424395,0.8127112748927389
1868,0.07021873444318771,0.6626708311254492,0.3950505677489847,0.8804444344834305
1869,0.15277375280857086,0.42000555605228135,0.05727084793156106,0.7311202472887859
1870,0.0828067809343338,0.6308971776840685,0.13191551195632303,0.5590230102074493
1873,0.1095314770936966,0.8717093346795636,0.8766500055456092,0.8387164778059302
1874,0.07248487323522568,0.85236376350685,0.6948380682775555,0.7530892680913618
1875,0.037400104105472565,0.8951254367056273,0.6248837246008672,0.8924096724570035
1876,0.08916100859642029,0.7120014292940553,0.34457811460696297,0.7426310427185068
1877,0.04817650467157364,0.7428567899054781,0.2999520850205548,0.7622730031251524
1878,0.0889308899641037,0.7571416885113067,0.5652306974310105,0.8821396526605185
1880,0.08004821091890335,0.4585991355256649,0.0038731786473616,0.39667598277504973
1881,0.1276741772890091,0.7570288476671401,0.417383878515146,0.7809826550578556
1883,0.07261837273836136,0.858498360231834,0.7456644221933673,0.839675720300181
1884,0.086924247443676,0.7474437181168498,0.4772504841571785,0.8441411386768704
1885,0.08351854979991913,0.8234258634800189,0.609639008131857,0.8596673747801422
1886,0.4092123806476593,0.325567855563154,0.24555945790865533,0.2980706550622054
1887,0.10667248070240021,0.7580866766627323,0.632723443721555,0.8538662675776867
1888,0.09741878509521484,0.6237823567448045,0.21528536487581415,0.6206003580108543
1889,0.07058992981910706,0.6964851864819839,0.45175559710653646,0.6508979010822773
189,0.1109279990196228,0.5166654200008951,0.20792720899559294,0.6693764904218581
1891,0.07152758538722992,0.7914681814740179,0.46826796124637304,0.8301263535592253
1892,0.10021955519914627,0.6463942208137802,0.20057876314879486,0.6216529246978119
1893,0.08572737872600555,0.46959944022819433,0.03675443721703747,0.33918629933577327
1894,0.13251052796840668,0.45858425006770903,0.0840803545739672,0.7299655634819788
1895,0.06263291835784912,0.9032288382667677,0.8045640598523579,0.8838707664821845
1896,0.0890285074710846,0.7874025210721324,0.6182762846047791,0.8901792280156252
1897,0.0861615538597107,0.47733771560217586,0.035773118055350474,0.34795149863854413
1898,0.21228453516960144,0.4220340350874105,0.045085747344026775,0.3366226448006281
190,0.1527235358953476,0.6435779603887724,0.461238671636888,0.7268098203930851
1900,0.06998542696237564,0.776894312457266,0.5650508283446533,0.8571689428345108
1901,0.051514022052288055,0.8120088385785122,0.49338084216370176,0.8617964029672801
1902,0.0699014738202095,0.7637423243038719,0.4391672220576386,0.8335651855185371
1903,0.061665233224630356,0.8902714591902687,0.8401431337280139,0.9162596802927725
1904,0.053680162876844406,0.8082861539980819,0.5119674602174665,0.8682718446281882
1905,0.0733431950211525,0.7462877535223955,0.389476911458368,0.7792511889104851
1906,0.1005706936120987,0.7140758053015185,0.48477948603216947,0.8349432146195337
1907,0.13031147420406342,0.759839245358185,0.6757630580717131,0.7491375925358134
1908,0.06649476289749146,0.7894647735894007,0.6539079947979387,0.7260961566343447
1909,0.10980004072189331,0.7478114787790057,0.6920337564706333,0.6744151634188307
191,0.021974464878439903,0.5432878231450614,0.04746937917905823,0.44080615413481006
1910,0.2103283554315567,0.6441069276829708,0.5996338913983643,0.6124342719313
1911,0.1193389892578125,0.7828222837399438,0.6215308275940812,0.7829983083061591
1914,0.0693497434258461,0.8713298890728213,0.7484461514485661,0.8987494251099375
1915,0.10697042942047119,0.7784905591520603,0.731279760311143,0.7562014236163799
1917,0.09611403942108154,0.606455520450301,0.21540136516532793,0.6701430849591835
1918,0.04733143746852875,0.8612207285736475,0.746712181628866,0.9039680014298368
1919,0.1319049745798111,0.7167523134413336,0.7006854446676125,0.7897472054243826
1920,0.05383530631661415,0.7064846982715625,0.462805559503993,0.8550658746603492
1921,0.11831774562597275,0.6587027465623134,0.6565082597019092,0.6121217052970365
1922,0.0794726237654686,0.8074523651731548,0.6774660876887583,0.8508761546724917
1923,0.05702878162264824,0.8469335828353122,0.5922815361047051,0.8275317380543235
1924,0.10909925401210785,0.718263618955951,0.488448005048913,0.8449605613195476
1925,0.09845973551273346,0.4427327969264312,0.0299329074041622,0.7016850626868528
1927,0.11689379066228867,0.7574466176910312,0.602451676194483,0.7262892594376884
1928,0.053890541195869446,0.5542214647984687,0.1515757857308623,0.5511301381967
193,0.05297086015343666,0.8555732141256985,0.7995157968556226,0.8707128622261726
1930,0.14568334817886353,0.604334878444641,0.5678561527331385,0.5762401970190021
1933,0.0632048100233078,0.5413183290829042,0.10694515384327373,0.7653619907886453
1934,0.13983426988124847,0.5544194176791489,0.326944764161227,0.6578612197540995
1935,0.1160815879702568,0.6136212778939402,0.26745634420497083,0.825687691087924
1936,0.13503630459308624,0.7627336312591793,0.7331829196706452,0.7640056748342668
1937,0.06156231462955475,0.8232211723091176,0.5218835983223151,0.8286280245820475
1938,0.3850584328174591,0.3127092066856786,0.07759120400160316,0.26310961697925545
1939,0.03714705631136894,0.8715111397808205,0.6641992401553664,0.8929949283839977
194,0.250338077545166,0.47151801292655854,0.4334932123719078,0.45525087572298684
1940,0.10598717629909515,0.46566302193320996,0.015519515484572078,0.29722414864253033
1942,0.09022646397352219,0.7633260581758037,0.5477223131311931,0.8562170409922886
1943,0.10670329630374908,0.8170714954414611,0.8729766473278301,0.8324478220995022
1944,0.13743101060390472,0.540275345546482,0.12418645066731017,0.5590853093372423
1946,0.1353226751089096,0.7696228156520041,0.6963226309847637,0.6572619726745315
1949,0.036935146898031235,0.804557420270396,0.6203603627362135,0.8303712895273285
1951,0.05019497126340866,0.842069601607339,0.6343185798523014,0.8753959646658429
1952,0.05260138213634491,0.8159066432375509,0.6959743351807192,0.9268832841669274
1953,0.06377827376127243,0.7802212913464707,0.5225006534726004,0.8540401324858262
1954,0.07265953719615936,0.45202072605424415,0.026917427979537254,0.6409931663814292
1955,0.08485479652881622,0.5288017095371889,0.10802132246186794,0.6194262729044104
1956,0.04294365271925926,0.5464061820465992,0.21512293944283073,0.8016500779016291
1957,0.14461851119995117,0.6616245694835773,0.5386753625872408,0.7416816949384379
1958,0.06107579171657562,0.8914506157212925,0.7856926684367225,0.8825549768111817
1959,0.05912705883383751,0.6860489172030504,0.3277805501600533,0.8266245537697221
196,0.19786423444747925,0.43803957068058647,0.09654872878124118,0.5981129880476703
1960,0.1742336004972458,0.43337416296395315,0.23328658298256913,0.3216903295335497
1961,0.16902142763137817,0.43834796739674436,0.18491209358728347,0.3257013717231151
1963,0.06413766741752625,0.8190059182028216,0.6773201087811118,0.8852343264091505
1965,0.023209305480122566,0.6971269497597731,0.23300587355369484,0.6692764500950074
1966,0.06432820111513138,0.7378954230138612,0.36654067565866416,0.8248989669446162
1969,0.0729779601097107,0.7234471407011934,0.5329823030216141,0.902038254536673
197,0.300312876701355,0.6313359093549653,0.6561069237771326,0.5175466460671501
1971,0.05218520015478134,0.8197297587375747,0.5527394340761236,0.8635319834270492
1972,0.08751396834850311,0.7844837787588075,0.6443589022762264,0.8406501259768951
1974,0.05436293035745621,0.8155605980024115,0.6211446795026578,0.8916725268178409
1975,0.04636183753609657,0.4625330491840371,0.004310682021595328,0.4789946133373668
1976,0.11182671785354614,0.5829240339273778,0.3169376504331883,0.4926401099452988
1977,0.1247316375374794,0.6517051413791002,0.5502844736397289,0.7290480668759339
1979,0.10666007548570633,0.7747869956317385,0.6568935603140139,0.765382525268847
198,0.09617000818252563,0.5675384056563118,0.34035033938793213,0.5783844645528929
1980,0.04662102833390236,0.7208706832353571,0.38045818662417574,0.651977391479618
1981,0.24760954082012177,0.5607923941213501,0.6043180716328831,0.4965126161722634
1984,0.020759426057338715,0.6045320788944613,0.17636835512067467,0.6061637357899332
1985,0.06807521730661392,0.5349946407131136,0.19054826867964023,0.6585894655074396
1986,0.22720550000667572,0.6115521636887105,0.7011140196863714,0.6388859596533205
1987,0.04976046830415726,0.885510635468916,0.6768987757485234,0.917552056693899
199,0.12057158350944519,0.40917479386104605,0.012228941032634073,0.5449211848379639
1990,0.04712553694844246,0.6639783824234571,0.3192241352201312,0.8118687818213528
1992,0.0693611204624176,0.614856497869337,0.40135041087121454,0.8772355086093389
1993,0.07675883919000626,0.6042594482780137,0.22152685358975274,0.6738927133108296
1994,0.06841248273849487,0.8076868416414322,0.655791882084309,0.8519917722724726
1996,0.07599500566720963,0.7798591909547876,0.6079280824412702,0.754895252257165
1997,0.028195129707455635,0.939507105771836,0.7944461770358024,0.9255133163687784
1998,0.06539581716060638,0.7553593770050784,0.464144565703293,0.885466258880672
1999,0.143777996301651,0.6558293955655312,0.57618915021216,0.7020353765512827
2,0.2189883291721344,0.4737441576605884,0.43235463819994,0.4327881880102758
2000,0.08186815679073334,0.6326834361344399,0.18683759795363655,0.5936141633969279
2001,0.10214924067258835,0.7746456875921051,0.6690903296427513,0.8343062026787773
2002,0.3454671800136566,0.391402857253416,0.3626332602652834,0.3464683103019758
2003,0.08748391270637512,0.792395900675263,0.6286902473848786,0.8639215473966934
2005,0.10577477514743805,0.705145699093059,0.5150376744513894,0.8547160477561313
2006,0.08193851262331009,0.8478276062375856,0.7869497024834273,0.8351236833834685
2007,0.05474267154932022,0.8923378202068767,0.7119698159140496,0.8769761136720485
2008,0.13593702018260956,0.43788009502318875,0.06843675209027392,0.6513686528685048
2009,0.05315897986292839,0.655655325515389,0.27922113838420337,0.7417146691703129
201,0.12865662574768066,0.5026602847987046,0.1588014489972391,0.46439459170532926
2011,0.11654642224311829,0.45400728246815747,0.08964537060561686,0.2741215966038336
2012,0.17207515239715576,0.46950890795311595,0.2981928837378375,0.3455960973042741
2013,0.10000728815793991,0.6699718993031983,0.2768869552335448,0.7929010066113673
2014,0.03664356470108032,0.7789697245755375,0.5085719884560579,0.8867109084883211
2015,0.04890603572130203,0.7269628730507649,0.5071781635004861,0.8575555546968914
2017,0.036475978791713715,0.5971582045749908,0.24232216726170513,0.46739742741982054
2018,0.08668002486228943,0.7881481573287286,0.6521391892188623,0.87614659703601
2019,0.1571168303489685,0.6637867349945364,0.40000120467412426,0.7991557680897563
202,0.0646585151553154,0.5182938659856241,0.13706635757342375,0.5154132239702036
2020,0.09542587399482727,0.5598889163507305,0.06468454702573688,0.4968968761795999
2022,0.06061810627579689,0.6158115519820578,0.1957964640821553,0.6039887085246607
2023,0.08411373943090439,0.6579762914551832,0.4774852936710219,0.743030917494248
2024,0.07103461772203445,0.7883509044852277,0.5767766100788149,0.894955658169127
2025,0.09400110691785812,0.692969940133382,0.6620673407876285,0.6825427581832144
2026,0.09739980846643448,0.5599873713147672,0.3411054015639733,0.7308743815941712
2027,0.21542362868785858,0.6410658649555026,0.6256130926578611,0.5331442094828668
2028,0.09037908911705017,0.5841616168651687,0.4382030865399223,0.7531812494757878
2029,0.06745709478855133,0.5891284848584061,0.21986236284328944,0.7393315423095799
2032,0.048771243542432785,0.4818921950635037,0.011738942631488917,0.39834683097688967
2033,0.06508161127567291,0.8280186158689102,0.7418961087282302,0.8522616349443906
2034,0.05696271359920502,0.8174545534382482,0.5741904579805936,0.8986209942997123
2035,0.049970000982284546,0.7339050699768128,0.36646693547177944,0.6865044533015536
2036,0.06900090724229813,0.6760032023739846,0.35657399817228586,0.8654044952086283
2037,0.07450176030397415,0.680331281749162,0.24165121052893318,0.7319228972908951
2038,0.04736776649951935,0.722540110207575,0.22034744979379883,0.6651291054745965
2039,0.1891060620546341,0.6497453252175627,0.5926352561666708,0.6874845400020579
204,0.04544874280691147,0.5074381921134334,0.09179611117194607,0.7718018394381734
2040,0.10704255104064941,0.580728769162799,0.2830905757418802,0.6868305788904141
2041,0.08915635943412781,0.7095653207254312,0.556225680538969,0.7158169078994895
2042,0.10504085570573807,0.7267808607615813,0.4194848593807747,0.8128044282249365
2043,0.18062691390514374,0.4256837556836094,0.16213729845979866,0.30117082305093273
2044,0.03211000934243202,0.7166856970375404,0.23304930985441144,0.7587740217787164
2045,0.041743576526641846,0.854530615636647,0.6460067439768131,0.9162895477926631
2046,0.14633320271968842,0.655791477984811,0.6380509929526471,0.6257025933006154
2047,0.1016702726483345,0.7820691611488451,0.6689183482895347,0.7946513339223369
2048,0.060931943356990814,0.8243389489538002,0.5930389433255691,0.9018162904653533
2049,0.04089755937457085,0.8131794088259043,0.5254816366989096,0.8456272221713615
2051,0.09395638853311539,0.7356862582298738,0.40198600201650014,0.8143812670048469
2052,0.06811043620109558,0.6114004501404393,0.16736556401048558,0.6217406056610415
2054,0.17960543930530548,0.6046057713584395,0.49664392186038575,0.5917122281984082
2055,0.09415457397699356,0.5898040451668225,0.21351950465020436,0.7765974347615525
2056,0.19124558568000793,0.6740993520818247,0.7847662791755048,0.6931741053176947
2057,0.08918365836143494,0.5872207439625805,0.3601589548722447,0.5608205714033264
2058,0.1372770369052887,0.6509699049915748,0.4137775536450181,0.8105951096247292
2059,0.07600189745426178,0.563007257609836,0.1424509246507613,0.5876837392045197
206,0.05710703134536743,0.9294512206474956,0.8184156109957239,0.9134049316435304
2060,0.06186578795313835,0.708507159552614,0.3975868118674623,0.699292728136863
2062,0.09750692546367645,0.7557940871996169,0.4461296135412731,0.8160747407733094
2063,0.23288361728191376,0.4208932466278366,0.2724242108828476,0.3253126011317161
2064,0.10114206373691559,0.6359793302096771,0.2787041767707985,0.7341843021653719
2065,0.09907755255699158,0.5532665570149118,0.08412672610651423,0.46523557437129837
2066,0.06512226909399033,0.5105550901627672,0.11865734024797704,0.5386552433152472
2067,0.18647731840610504,0.5626653830574644,0.3681275714136924,0.6430809704443983
2068,0.10586195439100266,0.6405239100475845,0.21592268801070746,0.6452268389959895
2069,0.17477814853191376,0.41344143358137486,0.024960655278051306,0.2500148876080251
207,0.40370509028434753,0.3616301453433755,0.3781558309797594,0.33927724608402887
2070,0.054421816021203995,0.6957712244930141,0.3358599349153659,0.811469031246796
2071,0.17786896228790283,0.7220846094690683,0.697272784328497,0.7307808231748825
2072,0.03071575239300728,0.696969228873391,0.4241719589839181,0.8643858976602584
2073,0.1289961338043213,0.7125517117251485,0.7342308544370272,0.7704725895669018
2074,0.06815265119075775,0.7802142939678784,0.6758043086511191,0.762803909707606
2075,0.0323297455906868,0.8195913441683635,0.7049929293850568,0.8656361410854077
2076,0.15594401955604553,0.635031293614702,0.716750024232937,0.6454410069943579
2077,0.09534742683172226,0.4351941216908988,0.01642144769406025,0.652039697385779
2079,0.13747398555278778,0.6809042895011308,0.6364924628609492,0.7798173532577353
2081,0.1508048176765442,0.44502625870219353,0.15955680329682276,0.3803688615256131
2082,0.060141850262880325,0.4804217573576676,0.027927046104101468,0.583147249789421
2083,0.03917780891060829,0.5125226367462755,0.14336107604374734,0.6977594855217135
2084,0.08038081973791122,0.8517958101078317,0.7842723164081221,0.8286668435791044
2086,0.09370610862970352,0.6949758600876697,0.4256720549850017,0.8359944818815086
2088,0.016248831525444984,0.4953957630766407,0.007795736833674622,0.37552154599433873
2089,0.04705262556672096,0.8297937887996794,0.7993898991241829,0.8460462800959261
209,0.06472861766815186,0.6882739783690238,0.3726868828299168,0.8076698255351608
2093,0.11964511126279831,0.6989336493127162,0.30982144578716225,0.7369334698309377
2094,0.15512500703334808,0.7462221048363189,0.43352248715603064,0.7475317521669111
2095,0.0674801617860794,0.5955852605293375,0.17666752344703246,0.5993793725581291
2096,0.11298542469739914,0.7724201796098,0.7492881129561217,0.7352570781088507
2098,0.17636096477508545,0.4154591995938775,0.07356309294973892,0.2672796987954269
2099,0.177046999335289,0.551197107306395,0.26671598738453944,0.7020512307902981
21,0.09008794277906418,0.5511740956722997,0.13057844401772972,0.7504574368306273
210,0.38095444440841675,0.5014043024742045,0.5578675872099624,0.432413164372977
2100,0.12011101096868515,0.7639820023378188,0.7677988127349755,0.7255938799215191
2101,0.07949547469615936,0.7002784929578351,0.5547786318046155,0.6737240528231385
2102,0.09999141842126846,0.8182854724990033,0.5830924888589288,0.849444831607524
2103,0.043461769819259644,0.8629984637457861,0.8506665564719484,0.9234832819087786
2104,0.10168198496103287,0.7093024826726366,0.4840835242984062,0.7707476490372591
2105,0.08438174426555634,0.8060803592316041,0.7420647989206163,0.8528657512252623
2109,0.12381532788276672,0.6052858745119449,0.4690337420968181,0.5172891900799688
211,0.11583177000284195,0.5600482831874336,0.44134522127511383,0.444897701525914
2110,0.11203460395336151,0.7895122146628113,0.760976954398183,0.7710085119572367
2111,0.13335593044757843,0.5542211124812562,0.23640768465704198,0.5905644533737705
2112,0.148591548204422,0.5456472972924133,0.26595143930752996,0.7190517194326882
2113,0.1256854385137558,0.8178501778110948,0.8366144748659216,0.7993026026671326
2114,0.05908265337347984,0.8733044521334725,0.7371306310244857,0.899854436860341
2115,0.05678233504295349,0.8449703640966287,0.6839419963300886,0.8296339367748471
2116,0.07346028834581375,0.5418063966675155,0.150292372242858,0.3995718212308937
2117,0.05496944487094879,0.7898531150683701,0.495770410090456,0.866189382364666
2118,0.08922853320837021,0.8015738302464732,0.6387259080495555,0.7579059987177047
2119,0.24129337072372437,0.3804469175618327,0.024290253662793585,0.2516205713473374
2120,0.12430185079574585,0.5842685323515158,0.16235576135342533,0.5490402727491636
2121,0.08642580360174179,0.5005290054789935,0.056770629556777016,0.3337618765751217
2122,0.34581801295280457,0.3467901217024928,0.19432307131777768,0.2923628110723959
2123,0.14746548235416412,0.41649884850210617,0.008459211546028073,0.2638485825577402
2125,0.04731782525777817,0.8763759517431632,0.7586394889914883,0.9243646422937055
2126,0.08622855693101883,0.828040157248501,0.7008610508972583,0.8990013561890755
2127,0.1530090570449829,0.4929215321518824,0.1526500526588026,0.7640120103039273
2128,0.09935501217842102,0.6712162792179408,0.20700670216070585,0.5794315604121718
2129,0.049608875066041946,0.7988541511054555,0.6670475779150896,0.8429673740754601
2130,0.04302697256207466,0.8158319357937776,0.4934311768075836,0.8740720020413315
2132,0.11965549737215042,0.7492126320237049,0.5867644710683434,0.7936899726803199
2133,0.09194318950176239,0.43625328760515947,0.008727274561256432,0.6951338492128598
2134,0.12220457196235657,0.44003183325901185,0.012250834544281672,0.252001385988329
2135,0.05018029734492302,0.8791634268492106,0.7395786836187609,0.9355608234353355
2137,0.09101679176092148,0.7673798317801739,0.7284076780741994,0.8209213547438831
2138,0.08954975008964539,0.8783656379697824,0.7686725613019049,0.8364618678334436
214,0.1503141075372696,0.7825401297781377,0.5966007842849975,0.7801625765406792
2140,0.12775811553001404,0.6529246795583363,0.5764109944382741,0.5769525629531504
2141,0.045430492609739304,0.9161398661709408,0.7826535159910663,0.9338473341186899
2143,0.20026904344558716,0.6725398384988421,0.6004633412543429,0.647418155562657
2144,0.08066533505916595,0.830921365002314,0.5245864887381366,0.7456165456392393
2146,0.07703504711389542,0.8114363427067179,0.6402394052278847,0.886213942711545
2147,0.08764305710792542,0.7254651218465038,0.5097899534579872,0.8636817549256164
2148,0.34474730491638184,0.45924126038011076,0.5507083708370266,0.4252993239735593
2150,0.06303129345178604,0.8569148661875914,0.791373862898473,0.8838814494518961
2151,0.22519630193710327,0.5684907787024907,0.6998584318147342,0.5789713114602134
2152,0.0899619311094284,0.8015564090673215,0.5943023667356977,0.855619239487345
2153,0.04379540681838989,0.754372592236785,0.5068537823957561,0.8823900027867633
2154,0.03795085847377777,0.9180595877406188,0.8569414052569839,0.93514363480606
2155,0.03584514185786247,0.9111579151671862,0.7840919306651092,0.9466900965315077
2156,0.05558127537369728,0.8756770962997656,0.7539957408979447,0.8914545140581375
2157,0.05314432084560394,0.743658449870737,0.5065372201507138,0.7530870166949153
2158,0.08366904407739639,0.4953526192443614,0.06779887589405757,0.3896631552718208
2159,0.05414724722504616,0.889673807286805,0.7997651598899271,0.92667784747583
216,0.13179045915603638,0.5669183514530038,0.3404802606617132,0.6888563641966761
2161,0.053615499287843704,0.556290311578826,0.14485145552029124,0.6415925179007826
2162,0.4108820855617523,0.45911882545221216,0.5503538076992489,0.38780702181121884
2163,0.10908088088035583,0.7079735785750244,0.5648816401171975,0.8045886259998959
2164,0.0890202447772026,0.6200988448395828,0.2675727839999765,0.7786887282184383
2165,0.07611533999443054,0.7903262801757451,0.6824567397395074,0.7746301390036796
2166,0.04810814559459686,0.8882581066540669,0.852473466459246,0.9068443106557893
2167,0.09428457170724869,0.6633029385441542,0.2799945201047681,0.6473131454077952
2168,0.08732087910175323,0.5559128641660138,0.19730049069834354,0.6525222870001431
2169,0.08343636989593506,0.7001758978664865,0.310688173783941,0.7481995580824649
217,0.08120018988847733,0.6172988181665434,0.3698688320368619,0.6840692485746673
2171,0.07912606000900269,0.8504052609133632,0.7036453462297276,0.8843191096639199
2172,0.048284247517585754,0.8365863823167357,0.6868132592041737,0.884542663547323
2173,0.027210991829633713,0.9481483770483872,0.8204671200260975,0.9545459358259584
2175,0.11246317625045776,0.7201053759350575,0.42123038127233625,0.8044162742434434
2177,0.029526472091674805,0.8413153627412743,0.7101278899673819,0.7933661294956531
2178,0.09288448840379715,0.6267420294572865,0.4140518515509074,0.6545322885730059
2179,0.06182383373379707,0.8347836231833912,0.8151128373235363,0.8798521080386521
2180,0.13410283625125885,0.772645033658213,0.7201613314770283,0.718376701613687
2183,0.07924356311559677,0.7044912649586357,0.3174581946416588,0.7681222631269904
2184,0.09787986427545547,0.8072438787616723,0.8167401779606751,0.834029935663443
2185,0.38889268040657043,0.5333308087223498,0.7395955459268607,0.46817003060155515
2186,0.09880942106246948,0.5200073185336002,0.16831987348041746,0.7837175879752557
2187,0.08430927991867065,0.6924261988136322,0.4897588780965879,0.5837291925957875
2188,0.12430213391780853,0.728852637901285,0.4630615238171684,0.7863131247863977
2189,0.048205599188804626,0.8195309942926643,0.6591963431500885,0.8618827617673275
219,0.2459089457988739,0.49292853013625254,0.4566875581680787,0.4676649789873599
2190,0.039804235100746155,0.8748755592320692,0.698895667392462,0.911322829602268
2191,0.05147026479244232,0.8818286946613281,0.8256243643703061,0.9199344680261621
2192,0.09855271130800247,0.5228762174239514,0.14348538964478044,0.7547638265583827
2194,0.014188563451170921,0.9424182413961678,0.7866452561789549,0.9470788684519051
2195,0.06964702904224396,0.5297916867500198,0.08818789287206152,0.5826282270336717
2196,0.11230629682540894,0.6825947992509942,0.386168897380083,0.7903073757683661
2198,0.040440648794174194,0.8062422223682881,0.3669659306952389,0.8006165414409958
2199,0.05256643146276474,0.8295458245293174,0.5950709817966403,0.8945240654088185
220,0.1558680385351181,0.4126171769616543,0.0036502419194685055,0.5955167140473402
2200,0.21609953045845032,0.48155227857773936,0.19767175987936517,0.5086616013001188
2201,0.09315085411071777,0.4896937640330916,0.10315782145604045,0.44498496837784746
2202,0.0754643976688385,0.8057675169926222,0.8313741453659799,0.8521315864421016
2204,0.11115958541631699,0.608968358078584,0.46360837850529574,0.6114865915265157
2205,0.09702808409929276,0.8413941636183913,0.7377260729158683,0.8304647577630346
2206,0.13820643723011017,0.6581267583098521,0.5853542896795085,0.6986479473550598
2207,0.1977853626012802,0.5153161158354499,0.2960756114261259,0.6416399358544147
2208,0.08996477723121643,0.6764953821279855,0.2786848303793495,0.7564935122902146
2209,0.05833035707473755,0.8454594508424718,0.5903763113114607,0.8447067578271893
221,0.05484255775809288,0.4658080209668882,0.01457817592357641,0.6529999552874387
2211,0.049208249896764755,0.8631181309334113,0.7457981644139052,0.9273198106574094
2212,0.07976476103067398,0.7173531158295043,0.3476880153750386,0.8592103008799847
2213,0.05100034177303314,0.6492253411115927,0.17823630098782975,0.6413453326086319
2214,0.14088526368141174,0.7507368669718266,0.5884006645994884,0.7316617701991989
2215,0.09478147327899933,0.7824981371387758,0.6257769024488016,0.8903873879753085
2216,0.039083339273929596,0.8650311100731968,0.7373661935216932,0.9418451438557889
2217,0.13613802194595337,0.6259220751815276,0.4603374813343511,0.5423617987248559
2218,0.08633466809988022,0.8171286820032067,0.6752912792665491,0.8184145734042404
2219,0.3003239631652832,0.450998985813874,0.42448370498824173,0.417563330861632
222,0.26588866114616394,0.4191820176346765,0.4048252847217312,0.377583900028966
2220,0.08249485492706299,0.6502437912084833,0.21818313768051908,0.7103790122716522
2221,0.06462736427783966,0.8297375049826653,0.6639198501464866,0.9163217812157209
2222,0.08997495472431183,0.854037741143572,0.7493951950905943,0.8290131046603144
2223,0.03995512053370476,0.7498469979464903,0.4793159419595979,0.6689928999791476
2226,0.02908083237707615,0.9171403703096062,0.7804089291648351,0.9359383866820051
2227,0.04680190607905388,0.8185696852521408,0.438423584209893,0.8492147350153236
2229,0.11969183385372162,0.7074011161879568,0.39243078309597995,0.7741301970902569
2230,0.11925698071718216,0.6552895316150993,0.5051479812595518,0.6156444445732008
2232,0.05776656046509743,0.8735085615699114,0.7824811974297997,0.9159704812316187
2233,0.0751514807343483,0.4833957084745837,0.15085066084413706,0.31342274641157963
2234,0.04097907245159149,0.9026596929465496,0.7678699245814504,0.8815539322081121
2235,0.10828037559986115,0.5097967431768747,0.2978385324375891,0.3672609573993567
2236,0.08657283335924149,0.7298450190388939,0.4198273530810086,0.8368545010074734
2237,0.05071277171373367,0.6875903917518895,0.39344198147087006,0.8971940946742198
2238,0.1573203206062317,0.5127613871858259,0.14351634398634944,0.6715935111346177
2239,0.09037414193153381,0.6749501323199688,0.3467363649961348,0.7906274395017482
2240,0.13165047764778137,0.5484378026491441,0.2015067233869616,0.5559531777142688
2242,0.08574790507555008,0.7497058421408115,0.6594737244128828,0.8027701883757292
2243,0.02033497393131256,0.7878423434655759,0.41858633793049316,0.8328785331154342
2244,0.1401125192642212,0.5270697030517641,0.07341160548846527,0.44960997354462734
2245,0.1888652890920639,0.7109275378964707,0.6753690412243968,0.6738573936887591
2246,0.10296738147735596,0.5301378327876293,0.41097237470576736,0.42850058408449015
2247,0.07102613151073456,0.7136813377857718,0.6027943769953323,0.8751953772339525
2248,0.08602114766836166,0.7306434550012213,0.5258713734669969,0.797333618185697
2249,0.14080826938152313,0.7377101529167094,0.6179449173266359,0.7145868307190966
2250,0.13368329405784607,0.5522979643067432,0.26922231675863445,0.47940354447283184
2252,0.05090446397662163,0.7828456470988634,0.6985586868564296,0.8031547486964234
2253,0.10534512251615524,0.7610138644434871,0.7183019490329382,0.7127862825764766
2254,0.11685741692781448,0.833091813889602,0.8214173529468942,0.8340315536169233
2255,0.13911868631839752,0.612538833388228,0.4041195263958235,0.6995132277908958
2256,0.056274812668561935,0.7521459955695119,0.6291507493371895,0.8751491202633073
2257,0.08638609945774078,0.5588904995396076,0.2598166119750447,0.4997924324159949
2258,0.11958639323711395,0.6628460507404478,0.5121995387416409,0.7716311935860177
2259,0.07178150862455368,0.655194252276678,0.40724546389247,0.8753474883680019
226,0.13991181552410126,0.5880277612055649,0.42521658324972555,0.6834127228832512
2260,0.07586108893156052,0.8880845294921891,0.7671447792559687,0.893264300547469
2261,0.11042813211679459,0.5876356725656414,0.23617668804346728,0.6676281917733253
2263,0.16213098168373108,0.5273922460192801,0.23164552583350934,0.700884691758487
2264,0.10144225507974625,0.6145931617470468,0.40847034957675,0.5808301017928317
2265,0.2042756974697113,0.6502971014145491,0.7037487241505415,0.6291108651192375
2266,0.15228863060474396,0.4242186750786143,0.01383214000127268,0.5389947882120909
2267,0.07313592731952667,0.604760783665589,0.18354804748381479,0.7404573729929894
2268,0.04652814194560051,0.8695885391101894,0.7190098014755077,0.8614431991655218
2269,0.04814611375331879,0.9118198803045845,0.7450683132669714,0.8887133715975275
2270,0.0927421823143959,0.812246537062945,0.6045584178765656,0.8341540721405636
2271,0.07757502049207687,0.8032601033999787,0.6274781839458012,0.8007475433710547
2272,0.07781261205673218,0.8572349534539467,0.7370584742119075,0.8775302647754588
2273,0.03399461507797241,0.6236822544670649,0.17251262539190249,0.5420297630882311
2274,0.1564224362373352,0.7345405129057535,0.6725179314717704,0.6699368212064654
2276,0.09454452246427536,0.7273869842783727,0.6596160558082935,0.7722648101013267
2277,0.24200941622257233,0.608162682139529,0.6766294434492274,0.5522482178472765
2279,0.06645762175321579,0.8508304884128879,0.592806921400379,0.8409390526742481
228,0.16158820688724518,0.6172627260655135,0.5350900644350604,0.5360536550405335
2280,0.08693379908800125,0.7355330005672007,0.520818883724641,0.7621356209611845
2281,0.19794602692127228,0.5040766450910076,0.3144177765632634,0.5582892048524062
2282,0.16163770854473114,0.45748859029455174,0.10878115309553127,0.6967314359299157
2284,0.11245725303888321,0.48128334705809817,0.31285979947410897,0.38848862766962666
2285,0.3789108991622925,0.44600627504329243,0.5135715665801351,0.3861066230364736
2286,0.1926146298646927,0.6143902311685108,0.4153038006121181,0.6428700735828419
2287,0.1269291192293167,0.445784452106114,0.10950239369014697,0.3076262071588072
2288,0.03451601788401604,0.7739365407649965,0.40009618712372746,0.8433316613802337
2289,0.16997429728507996,0.6053496027796876,0.5177887903555062,0.5226499555360591
229,0.16098923981189728,0.7943677097890425,0.739797735275079,0.7703589316635415
2290,0.050727780908346176,0.8690678529580154,0.6585778632141378,0.8888445333655801
2291,0.05581945553421974,0.9189080753708729,0.8092468114597364,0.9148660585039601
2293,0.10142877697944641,0.8054491136146005,0.5779629321124191,0.8026777758542227
2294,0.040893394500017166,0.7542766669170407,0.525786606754374,0.9089718571292822
2295,0.0698147788643837,0.8482191928317704,0.7282058737811361,0.8803391380013563
2296,0.07912755012512207,0.5919112535111428,0.49078305889668894,0.4897597298963261
2297,0.14795266091823578,0.7032852962300751,0.575139631986171,0.7911680834499835
2298,0.1239275261759758,0.7234612111764328,0.623979277282219,0.6964053372645004
2299,0.036638274788856506,0.7275668205913086,0.366141236908577,0.7579756234503845
23,0.010360999964177608,0.5090159879823222,0.012894691839386904,0.2618999438617857
230,0.27177461981773376,0.3999802769956136,0.09645479776833708,0.6241369060275012
2300,0.0716523826122284,0.8125796834607776,0.6708053134401191,0.8532254206252743
2301,0.09553363174200058,0.613097670171393,0.2414047765356881,0.7196235088146098
2302,0.2630307078361511,0.5056797070381086,0.40062879521034084,0.506138973000472
2303,0.10122204571962357,0.822401838398849,0.6601520356907004,0.828238558598378
2305,0.06253461539745331,0.8873512069981273,0.7453050357903284,0.8906144762204016
2306,0.06090550124645233,0.8219683543766272,0.7801797343518905,0.8525417593743712
2307,0.09191888570785522,0.7292252259638116,0.5028420204346801,0.7328832582795481
2310,0.027937225997447968,0.909655632721066,0.7336869436887045,0.929480609654485
2311,0.05327345058321953,0.7803123470322251,0.5446788468643982,0.8946857178890621
2312,0.10092506557703018,0.805332158100337,0.8597199617989548,0.8322924409229797
2313,0.2229657918214798,0.41461087975640926,0.23057839289984997,0.3171518012518284
2314,0.14349588751792908,0.6146840000285052,0.3648870281929485,0.757839193811543
2316,0.16990217566490173,0.6953885282144272,0.5422390568012344,0.655730711157811
2317,0.08494551479816437,0.5359329649197319,0.11344436126084259,0.7540952110630499
2318,0.09706307202577591,0.48488608634594027,0.0744236372164337,0.6557039455341067
2319,0.0904541015625,0.5321983843361086,0.1481433792203114,0.4775908662248324
232,0.12702308595180511,0.6007959043799819,0.5659162553994421,0.6079123385885417
2320,0.030351931229233742,0.7091172895246622,0.5782782754181782,0.8996039722261187
2321,0.10369635373353958,0.7109765205845612,0.42299731874406893,0.8061512807834419
2322,0.131648451089859,0.5357333625018859,0.152448011158691,0.711299688901575
2323,0.05223245546221733,0.5830714471277085,0.14293422896551874,0.7829666103507822
2324,0.04281635954976082,0.8679156083823175,0.6457930523242776,0.9032094675102008
2325,0.10509397089481354,0.8299216393106064,0.594558245842285,0.8390797569818327
2326,0.10740122199058533,0.7155358758429088,0.5948556619073155,0.6520150050373633
2327,0.1673235446214676,0.6235514646911712,0.6812176886914161,0.6177859487757239
2328,0.16801227629184723,0.5417790913742038,0.22601642273873634,0.6023269686171059
2329,0.14348344504833221,0.5800171551105131,0.33272090808024274,0.5663319790090044
233,0.1805598884820938,0.577913911713206,0.45889711338097383,0.5141001576404521
2330,0.0577385313808918,0.6784433324522163,0.2900394737248407,0.7565029450200624
2331,0.09567054361104965,0.5098313328155825,0.0855888420215134,0.5351226083188875
2332,0.1479230523109436,0.7471784675741852,0.8190029069352228,0.7549077162603683
2333,0.10140170156955719,0.6500304762410075,0.2126760017855729,0.6644465258816947
2334,0.28539130091667175,0.4587731238239527,0.34953460724770685,0.37814958108077645
2335,0.08169042319059372,0.7091234554337094,0.5198341118062924,0.658737776480015
2336,0.15949198603630066,0.7491981270714811,0.8071735647473509,0.7400519465210795
2337,0.10649613291025162,0.7245738079808713,0.693703500185859,0.713075235899586
2338,0.044856347143650055,0.8328639788461334,0.7610775815651103,0.8855450674034668
2339,0.1283891201019287,0.7552972837465288,0.6920422393568975,0.7756903606918675
2340,0.06669758260250092,0.6946659544072408,0.323826447000399,0.7767507352788698
2341,0.1796322911977768,0.6523606933741338,0.6549447624249476,0.7231276599272595
2342,0.08505766838788986,0.6919259538185926,0.3688928718969287,0.7299509052411663
2343,0.11631909012794495,0.8306311144303986,0.6403166801710182,0.7776809784045576
2344,0.10773322731256485,0.8133279350765787,0.8276577410428109,0.8201913663922323
2345,0.18575209379196167,0.6913521973858348,0.7581776385760639,0.6695538154322136
2346,0.04889152944087982,0.849651098785029,0.6810190125296299,0.9163139663503896
2347,0.12683604657649994,0.4435659364864686,0.04380410601981999,0.6009129486752252
2348,0.08895491808652878,0.8435688129620793,0.8224105311851058,0.8410753637356005
2349,0.14844782650470734,0.6326063055305257,0.215949093651678,0.6491280972348894
235,0.09549406170845032,0.4630627456742999,0.04878111523182644,0.560617343990695
2350,0.10936054587364197,0.747459094444261,0.5423967896931399,0.7393105946348972
2351,0.14667648077011108,0.6500630422682392,0.5476148304287173,0.5672240555191398
2352,0.12449976801872253,0.5715420622612828,0.3075699138886988,0.811916509290838
2353,0.064642995595932,0.7871541994033902,0.5894117133705716,0.8482059701564082
2354,0.10961458832025528,0.5303839623508231,0.17950996414899767,0.745419638399381
2355,0.04551715776324272,0.5797903249260867,0.12280284092970317,0.4675213256706359
2357,0.07101289182901382,0.8442365981550256,0.6760955921622153,0.8594373410208882
2358,0.16122736036777496,0.42334675732164334,0.06793113519725824,0.264577876263403
2359,0.15168510377407074,0.6844126141731303,0.6203175467193253,0.5719660893689982
236,0.04437743499875069,0.5312290432819826,0.11026820093464863,0.32970139574427815
2361,0.11912549287080765,0.5029788402905794,0.14528984128498668,0.7839394558748733
2362,0.04390623793005943,0.803084849922929,0.4104895554963048,0.689237218983778
2363,0.06966863572597504,0.6601049148535,0.40345293344392363,0.8716939649952948
2364,0.09679362922906876,0.6675798023170041,0.2639771859538099,0.7160904356994635
2365,0.050726667046546936,0.6241703823786927,0.34887273039698496,0.5102502121768469
2366,0.04868673160672188,0.8124859109661926,0.5865024573432354,0.9013293412538749
2367,0.09703429788351059,0.7318896596060617,0.5124767535675935,0.7076758544322647
2368,0.1178031861782074,0.6454913666779327,0.4960131826773597,0.8110911584758108
2372,0.02588771842420101,0.9231140225109266,0.7939079898921183,0.952062776249396
2373,0.11148393154144287,0.8389292541541318,0.8637126455164226,0.8296446775330134
2374,0.11997533589601517,0.6893291391534206,0.3510801651902592,0.7810348300574723
2375,0.3858177959918976,0.5082513603134051,0.5616601764089044,0.4015940107645029
2376,0.14793217182159424,0.648355044127622,0.2883148187619538,0.7176683812952958
2377,0.05194323882460594,0.8685651410287433,0.5750603767938636,0.8732981184703501
2378,0.12119322270154953,0.5265581306821066,0.15523547549059713,0.671530425484775
2379,0.1389792114496231,0.7612854129929503,0.5624056469265349,0.7600796482163312
238,0.43575888872146606,0.5110192397867062,0.692062687622173,0.4109509130708301
2380,0.05259443819522858,0.7858790955476076,0.5596890902379345,0.8475252535789803
2381,0.08937009423971176,0.8538477127487105,0.792899821081287,0.7849566162904817
2382,0.1222534328699112,0.6785590947351767,0.6365262023405565,0.6842109042623843
2383,0.08141828328371048,0.7147328897556247,0.29823830281032626,0.7162637252777107
2384,0.05606823042035103,0.6384510106113362,0.22157469322621107,0.7574703385891912
2385,0.06625911593437195,0.835833938568707,0.6830738038721623,0.8924640298304797
2386,0.0726204514503479,0.7867228049422377,0.4327227311077992,0.7867307113080639
2387,0.07544803619384766,0.5349855488139478,0.047351759000471415,0.3700440732266726
2388,0.06991145759820938,0.8187209072468513,0.7333348540602932,0.8611431167893787
2391,0.12792456150054932,0.7943173446280805,0.6711087316095188,0.755694302854617
2393,0.10483361780643463,0.6486383607909664,0.4215288498545036,0.7980991082374241
2394,0.03845681995153427,0.9124489558277666,0.8744658879546924,0.9340059651795234
2395,0.13162961602210999,0.759594220091245,0.7920042917911109,0.7450799426847716
2396,0.06413179636001587,0.6337872968115,0.19890766225847123,0.746506117554223
2397,0.1644175499677658,0.45487369388556065,0.13146073544265538,0.7643602048907263
2398,0.08547303825616837,0.6537726537538774,0.229076392161648,0.6893039235477972
2399,0.040735580027103424,0.8240477109374104,0.5463219490203695,0.9118344379121723
24,0.09518212825059891,0.5613622988511868,0.19768540483536132,0.6325105265153537
240,0.15527866780757904,0.587607037831651,0.46212167057807474,0.45889118677479707
2400,0.07463302463293076,0.7879915813067548,0.5129576787302054,0.8486656679386169
2401,0.06085897609591484,0.7744106042138817,0.3978482136745456,0.8019216319761708
2402,0.10173837095499039,0.7348579890688735,0.6238219850495562,0.759263413491483
2403,0.05509214848279953,0.7465349732160776,0.2418556452659027,0.6851197582997257
2404,0.07096802443265915,0.8287322593572902,0.6829648142634651,0.8545539575500387
2405,0.1852959841489792,0.535519987212059,0.44385043262224155,0.44904136127641436
2406,0.02351362071931362,0.7455452129107643,0.25971228171741434,0.7191225373357848
2408,0.058536939322948456,0.8712567521876871,0.6778166094659316,0.8089007480089874
2409,0.08471225947141647,0.833740517638299,0.8184444684840484,0.8375304396142473
241,0.03923198953270912,0.4655189997218547,0.003047110574180667,0.8190217644949969
2410,0.11568533629179001,0.7725132457031709,0.7354900018201097,0.7595964353337233
2411,0.4067986309528351,0.3368362241889846,0.2496201859064967,0.2997731194479176
2412,0.07669661939144135,0.8460635425870322,0.7210468507635996,0.781641559956517
2413,0.061584386974573135,0.47207392212422455,0.03356339345181298,0.25787349696990985
2414,0.17741592228412628,0.7109365119724755,0.7040248166997058,0.6789380482429797
2415,0.13073159754276276,0.6864008994424433,0.6417913837824014,0.668721047320153
2417,0.20210590958595276,0.459067390167956,0.22722409654823691,0.5449376928978662
2419,0.13265545666217804,0.5856403758955971,0.3901858383880728,0.6605475005589478
242,0.17427362501621246,0.6676703794020977,0.706229650520232,0.6444671534578954
2420,0.0665753185749054,0.8675476041857939,0.8071484668297642,0.9020606678454117
2422,0.026213401928544044,0.8153514201782859,0.6710822537187275,0.9029246357706321
2423,0.23209555447101593,0.5922491792491708,0.45632802967856145,0.4540486948145003
2424,0.15774428844451904,0.4233193195385827,0.04142238056119818,0.257367474121169
2425,0.34362292289733887,0.5379450633503532,0.7011409477629451,0.4970082831874171
2426,0.18588736653327942,0.6622480126656326,0.6126975018499027,0.7531354369304728
2428,0.1855006217956543,0.4137782911327752,0.09197609067090867,0.2720190241376311
243,0.2997749447822571,0.48134656541890003,0.5481805640160212,0.4478606978502436
2431,0.04452674463391304,0.8375085033401983,0.6149518915509802,0.8968725139047784
2433,0.09470085799694061,0.4559270800818196,0.058192087201957274,0.26371240894731873
2434,0.09025978296995163,0.7055061470463068,0.3717717186144658,0.8203710630463563
2435,0.2833545207977295,0.5253133428336554,0.5848442280294105,0.46634995726403494
2436,0.09454266726970673,0.6013289168961375,0.2159769235810446,0.5953113149335842
2437,0.22399955987930298,0.39313321018396064,0.06490482149793798,0.26869246367466665
244,0.13046011328697205,0.6352138081168887,0.41526618447429553,0.806541166306481
2441,0.07995175570249557,0.9048519414805172,0.7022596923829385,0.8653032370406553
2442,0.11985747516155243,0.7295254328129275,0.6187432412729243,0.6529431953509506
2445,0.06941220909357071,0.8879190909400547,0.7822313155757256,0.8846470337164838
2446,0.18796870112419128,0.6281468812003338,0.6496293536333946,0.5898745030464158
2449,0.5167562365531921,0.24260577103538386,0.023663813600039243,0.2500795726980176
245,0.11045946925878525,0.5877642501646273,0.3958018320304649,0.5832222846734134
2450,0.3503764569759369,0.3291713277797242,0.06172827747461676,0.26102998053024706
2451,0.1146891713142395,0.618800327836548,0.43428123469023505,0.5067237063739131
2452,0.103810153901577,0.7407953187991223,0.34740636858427393,0.7157230483418018
2453,0.2485761046409607,0.6651133657936228,0.7258160036160394,0.6038247434177639
2454,0.15415337681770325,0.6258250578166907,0.5236013054630061,0.5259706970754068
2456,0.16257931292057037,0.6479890643106833,0.4119672354757147,0.7658759583716908
2457,0.062337834388017654,0.8754667790597217,0.7827032359584739,0.8972876036292492
2458,0.09749522060155869,0.8320503728126158,0.6423089443604033,0.8604216747066249
2459,0.1506926268339157,0.6975338297942069,0.542147021620481,0.6184572705660876
2460,0.19491471350193024,0.6981467869361939,0.7855038353307349,0.6858622537540725
2462,0.2817695438861847,0.3599396196872744,0.01957156602618471,0.2500250524924599
2464,0.04855385050177574,0.6965959502981685,0.18694810809321183,0.5783566867641319
2465,0.17846190929412842,0.7604009275799524,0.8054239180422549,0.6937213407751971
2467,0.23258250951766968,0.4808114524827276,0.47674317004640115,0.42134631285098
2468,0.18310889601707458,0.599679354549356,0.33436167564658537,0.7773700453420229
2469,0.054792359471321106,0.8309237150357061,0.5580638313248588,0.8607527595339529
2470,0.14267797768115997,0.5799868098113838,0.1694901974056868,0.5612799615806472
2471,0.5130109190940857,0.3643929602434722,0.48377340747349923,0.33034470363956625
2473,0.12789279222488403,0.8162029586816989,0.8120787789379251,0.8068323322101986
2474,0.26441630721092224,0.369180036232739,0.018495184891265726,0.25239505034751164
2475,0.10060324519872665,0.8268881606667533,0.5541567649086169,0.8301359500387067
2476,0.15144987404346466,0.7206530504175136,0.7509564149246796,0.7362635961557804
2477,0.07214415073394775,0.881628528704628,0.638550762479378,0.8635481150634217
2478,0.09396953880786896,0.6783230899354147,0.5327396278967783,0.6572423268652428
2479,0.13784879446029663,0.748665564786829,0.6327151056108259,0.6674942011811658
2480,0.07125811278820038,0.8514188303731058,0.7281106716482705,0.8825944241400066
2482,0.20080742239952087,0.4014121805516752,0.028460327493115643,0.25446653595274116
2483,0.06337987631559372,0.8817203581300328,0.755703407138511,0.8926282489136577
2484,0.07691547274589539,0.6738569776729763,0.4180751419635613,0.5898407227619933
2486,0.11446838825941086,0.7787455377913263,0.6961656048987857,0.8484154774322473
2487,0.169481560587883,0.43135079892503464,0.15483497926988993,0.29060511145841084
2488,0.1468074917793274,0.7713924435610182,0.7377357447592139,0.721394203318257
2489,0.243875190615654,0.5033274050428999,0.4297548785746391,0.4675782799733243
249,0.14912670850753784,0.5869398716269889,0.17605462917236964,0.5399464386100825
2490,0.1341354101896286,0.4700670462960079,0.250233443431515,0.3290658546975424
2491,0.09406569600105286,0.8220302469350446,0.5484827933104494,0.8061993558468835
2492,0.18156081438064575,0.4118430625914432,0.05252013899639505,0.2603185215112499
2495,0.2698621451854706,0.40879764087657483,0.2949098226896058,0.420850718912028
2496,0.11493367701768875,0.6181193216151644,0.4593376415440823,0.4709690381695495
2497,0.08180347830057144,0.8469271640573915,0.7382435667702563,0.8927756318866675
2498,0.02751174382865429,0.5904453581823543,0.3121074340030136,0.6416718193036512
25,0.7214076519012451,0.15188346736418334,0.12908740658989917,0.24695669134073694
2500,0.09974150359630585,0.8271204466270895,0.615313523335637,0.7762061466407759
2502,0.12019975483417511,0.7453051003430181,0.6892103799951778,0.787479354772304
2503,0.15212814509868622,0.4268025255693807,0.0490079354171702,0.26027538047298115
2504,0.10212467610836029,0.6767841106737474,0.6082247270114493,0.6104975796431468
2506,0.0840216875076294,0.8088257949180263,0.6189641847792088,0.8111902565381135
251,0.09753628075122833,0.8040731410753073,0.6870878582673917,0.7056121662054198
2515,0.20508241653442383,0.6935557243250516,0.6663472370121607,0.6519383773040621
2522,0.14222069084644318,0.4742153324377427,0.09603469657823116,0.6430010219085247
2528,0.11371830105781555,0.7406069514301279,0.38299373522990454,0.7551414438804356
253,0.06106220558285713,0.8269585062649734,0.5621513626724667,0.8698317338054142
2530,0.02986166812479496,0.9336450088322559,0.7647027882396333,0.9297314168586356
2531,0.16145186126232147,0.6296560788279129,0.32121858726439334,0.6961991852824618
2532,0.31449824571609497,0.4457260236116556,0.12521316000620222,0.5499761551560127
2533,0.07199499756097794,0.8304563004446097,0.5384543716711893,0.8303277602647818
2534,0.1457061916589737,0.705714584432352,0.6664205571353895,0.6707360852627287
2535,0.16548873484134674,0.7298966925849439,0.6808056224525088,0.7561300888678328
2536,0.1018209457397461,0.49883839664003327,0.1303612889675867,0.36616593242129925
2539,0.11746886372566223,0.8348916509700137,0.6423988169033163,0.8090625846820378
254,0.29063913226127625,0.3578034655975705,0.05520114319500958,0.26010200882521006
2540,0.10933588445186615,0.8417902893821232,0.7791764679053458,0.8527158835494087
2541,0.1299464851617813,0.8013172561504058,0.767348595071545,0.7283835690370433
2542,0.23470520973205566,0.6667530973944815,0.7750980414459165,0.6488028191503097
2543,0.16032247245311737,0.4267686253606041,0.10095156138882404,0.27426356995895684
2544,0.08825304359197617,0.4665862772816987,0.1396905269774947,0.29041165982483297
2545,0.08301477879285812,0.8053765700546608,0.5323288712821487,0.8351349888920891
2547,0.06951356679201126,0.8209469633618747,0.5071454888319213,0.881835670136236
2548,0.2733168303966522,0.5812071503645191,0.7013163069036228,0.5647160014570958
2549,0.08218284696340561,0.5532051823766354,0.09372330133425914,0.7327668653550453
255,0.04446520656347275,0.8555081229363596,0.6273534976650218,0.9061159447736172
2550,0.095121830701828,0.8212606128219698,0.6778596625780561,0.8430123761829009
2551,0.1428208351135254,0.7877882090722084,0.8296363964503967,0.7830822598242315
2552,0.07233166694641113,0.7005646609382531,0.44878399791969836,0.5581785786430393
2553,0.06815339624881744,0.5607742198468422,0.18288294630493368,0.44107900500156844
2554,0.11234152317047119,0.70366585980122,0.37347163604136435,0.7723311844356411
2555,0.26066821813583374,0.37253466345792635,0.05038313677102044,0.25913187078245625
2557,0.10655859112739563,0.5637305154473695,0.24744300233071945,0.5007436826215181
2558,0.09696109592914581,0.840923472662822,0.6240206424434082,0.8421643850084501
2559,0.08839713037014008,0.6978030718428916,0.3582791250054096,0.7543873302013342
256,0.16189759969711304,0.5306842549587801,0.40963667195754144,0.7229808656081862
2560,0.24483299255371094,0.6243367897432925,0.7280951857781137,0.5905212841554395
2561,0.12972180545330048,0.6413254632140836,0.3467708846344762,0.7969896161460731
2562,0.10180381685495377,0.5250765963233485,0.19950408961502358,0.4223652974044361
2564,0.1603279560804367,0.7088388534857302,0.6661779686530896,0.7451142964765202
2565,0.10787036269903183,0.6239129622578627,0.17536635895966543,0.6906038093715992
2567,0.10628116875886917,0.6529281995144964,0.36482062600871484,0.6240513726596117
2568,0.036764174699783325,0.8785130003776552,0.5473538143186991,0.8668801512109661
2569,0.19504500925540924,0.7373984828783282,0.5813776538832346,0.7397879943585478
257,0.13087639212608337,0.8148178085827363,0.8617706364221153,0.7953141762037781
2570,0.05240302532911301,0.8392957547744659,0.5248476456565757,0.8777335112630951
2571,0.17565827071666718,0.6146839612451672,0.6106562911414015,0.5519583276165181
2572,0.13750922679901123,0.6282441307575208,0.4356527184715633,0.7797352240748403
2573,0.2646489143371582,0.38951161668412926,0.19066226178732562,0.29822627945144875
2574,0.13910526037216187,0.7651407698109438,0.6182699248167479,0.7961281158822053
2575,0.06392914056777954,0.9144551678171859,0.6789165820611704,0.8683716925845114
2577,0.08906128257513046,0.7791491916891522,0.41869214644643005,0.7926622025848374
2579,0.06920142471790314,0.766052370676088,0.4485511879531051,0.7281645938960797
2581,0.22008155286312103,0.6567820397597041,0.6855946472511874,0.6622052608816549
2582,0.07402361929416656,0.6643787065020305,0.39915318814332895,0.8522417997121758
2585,0.0937236025929451,0.5258235085728148,0.15269662144509222,0.340403182095561
2586,0.09496650844812393,0.8404916913409832,0.7548287936548985,0.8243075426120042
2587,0.06056109070777893,0.7449653978614332,0.5676369855509703,0.6992372565454212
2588,0.061017848551273346,0.7663251015050363,0.4461800225389585,0.7121282766361736
2589,0.2018277943134308,0.42126827782036586,0.1989913040298167,0.31601330575560566
2590,0.14513251185417175,0.7047842442617689,0.5775423670550522,0.7896132674451943
2591,0.08414879441261292,0.8302984996420998,0.6434305649133898,0.8141356969713888
2592,0.0843619778752327,0.5273815928532076,0.1311944183315226,0.6838955460448521
2593,0.058494821190834045,0.866163558766743,0.6719397440547632,0.899699200927683
2594,0.1634330451488495,0.5216874990958775,0.16004210857915718,0.6089189126880767
2595,0.3223211169242859,0.4383702351369665,0.49570769540294535,0.4065530860460409
2596,0.09422457218170166,0.8176065780907082,0.7033247612062495,0.7631265023688001
2597,0.7246124744415283,0.14079528025461693,0.05661284402212028,0.25053957437214325
2598,0.22943651676177979,0.40974190227337703,0.25821633949648787,0.3230228443167938
26,0.39175674319267273,0.5032543379417891,0.48341564262490566,0.4640451606231347
260,0.13839994370937347,0.41669767727467355,0.005549659468491462,0.5646499148244339
2601,0.0482068806886673,0.8171469098673003,0.5891750648056313,0.8202849725920155
2602,0.3116437494754791,0.34711590290018374,0.048517467736989534,0.25833266076938666
2605,0.14576783776283264,0.642621800345849,0.2576297815203226,0.6540741421296318
2608,0.20946647226810455,0.5694380437170274,0.5271309684377994,0.520666914172521
2609,0.09591440856456757,0.8059833115303605,0.5523398041958532,0.8507491273222216
261,0.2556769549846649,0.413424731692511,0.20975517082108436,0.32639072348864673
2610,0.24294894933700562,0.5892187920445565,0.6554221295590243,0.5259693123103475
2611,0.18202731013298035,0.4497556266082747,0.024221605671370976,0.3503119561119486
2612,0.23460431396961212,0.40239579235164513,0.22075835963832394,0.30570294482582383
2614,0.11338043212890625,0.7660691085236165,0.4095498684457145,0.7652790121600499
2615,0.042282599955797195,0.8125544905517238,0.5244303633073129,0.78039009295326
2616,0.19193656742572784,0.41161036104212073,0.09932812642096932,0.2757939697426862
2617,0.21422596275806427,0.7015744883197574,0.6673943512434573,0.7140819326378767
2619,0.11307715624570847,0.5369949952359079,0.09101128105633897,0.4549585213542789
2621,0.05688687786459923,0.5929688506894888,0.20526918804438393,0.4099897313055202
2622,0.12620705366134644,0.6047890513782826,0.22916318690693793,0.6718136274018403
2623,0.1654166430234909,0.8223064236513828,0.8171907911073063,0.7704131882543053
2624,0.17711851000785828,0.6866460808236065,0.5876206149979715,0.7132536471931117
2625,0.1306646317243576,0.7036715429253566,0.5337211544078568,0.6930785119338615
2626,0.16292795538902283,0.41985149696952057,0.02130171250106338,0.2531005023766719
2628,0.06996603310108185,0.893355806294371,0.6901294425560867,0.8852987808802217
263,0.16762973368167877,0.41373247359832355,0.07516559927484363,0.5236981327167516
2630,0.13641159236431122,0.6091170726738916,0.2629419344714968,0.6402180471376648
2631,0.11090961843729019,0.842613003262312,0.6872476064606767,0.8230857867307694
2633,0.10488244891166687,0.6005535447948143,0.27364954957104165,0.796195146638397
2634,0.08977159112691879,0.4806485634200434,0.11503811772343958,0.32011517686050994
2636,0.07001197338104248,0.6938980160082786,0.35334706986098635,0.7905426907696554
2637,0.229086235165596,0.5466568358866379,0.35658708462458405,0.640864958838715
2638,0.22073215246200562,0.7195497707344749,0.7941734135370642,0.6782919763484646
2639,0.14791493117809296,0.7545276921797344,0.7795864764144207,0.7722405683090623
264,0.016929754987359047,0.5442799527460136,0.05517745520940491,0.5305361817491796
2640,0.09458868205547333,0.5068134808910062,0.13025087786677791,0.7349954115269176
2641,0.18090687692165375,0.7494443569021408,0.810224085442716,0.7271456343989
2643,0.3983655273914337,0.4745217485156169,0.6452424056080716,0.4321252438423577
2645,0.0661763846874237,0.5132220500340282,0.13393403237445725,0.32021365870106405
2646,0.21168024837970734,0.39814465557373396,0.07319580909270486,0.2641725084381005
2647,0.20625437796115875,0.6086031503003382,0.6598037169681606,0.57480192367407
2648,0.08455546200275421,0.6557957082909475,0.22211786985628243,0.6906319359082135
2649,0.20267771184444427,0.6460943024462502,0.5063946290471154,0.5536563363100535
2650,0.1398366242647171,0.4313843434113683,0.01939849618112558,0.25342268991455486
2651,0.045167259871959686,0.8214650559736976,0.45553576735437673,0.728775843751448
2652,0.18698304891586304,0.5105663692706697,0.4860682121970018,0.4550546427422333
2653,0.1289881467819214,0.61287076416235,0.375013908410523,0.6559859473560194
2655,0.1476639360189438,0.4370752440948847,0.10461750336087039,0.2883142395928544
2656,0.1519167721271515,0.5066429570532295,0.370147238582723,0.39026012336030774
2657,0.13533078134059906,0.4879286116563769,0.21195397802386687,0.6104879620974748
2658,0.14851465821266174,0.6955160811984709,0.5799603761012765,0.6473144375700379
2659,0.17844925820827484,0.7014182973319929,0.6842162760734519,0.6908247297849133
2660,0.31438010931015015,0.3960933769417486,0.30325333064575716,0.33339965065259536
2661,0.1338610202074051,0.6504452354358599,0.32180885971335393,0.6745337504670319
2662,0.3551996052265167,0.3236512919429716,0.014142992842326712,0.2509618611320875
2663,0.14001226425170898,0.7077924149478849,0.33700229196842896,0.6751678002452279
2664,0.1859845668077469,0.5303024121211385,0.2556668926592642,0.7203247687662258
2665,0.17651452124118805,0.7820368259862185,0.7473483870578265,0.70314348086185
2666,0.1469733864068985,0.7392698201264178,0.6510763887469202,0.7920295578105812
2667,0.13915807008743286,0.7348314942813574,0.6310598354028334,0.7359565509772967
2668,0.1060851588845253,0.6122888443261997,0.17332783091124473,0.6499486016539937
2669,0.24637629091739655,0.5055992709814127,0.20182718505255942,0.6284341794049392
2670,0.18392865359783173,0.6849372362541737,0.7039928115970849,0.6385791360953845
2673,0.1747446209192276,0.4722133459229496,0.14207515757884337,0.6685933772490125
2674,0.08536208420991898,0.7491441026456036,0.33945664168650247,0.7233365653410648
2675,0.07289031893014908,0.7292491878124758,0.4650535925075153,0.8367760488615703
2676,0.14147953689098358,0.47126557509458333,0.23916558409835212,0.3271516182873343
2678,0.6372066736221313,0.31741600570161915,0.6348637858044899,0.19536446810768016
2679,0.35685163736343384,0.32314470741895057,0.03170396928005451,0.2521356326721931
2680,0.1269608587026596,0.7800862402392259,0.43669932595532235,0.7552354007228468
2681,0.28529441356658936,0.36176991599327646,0.06946681929075998,0.26206112738635645
2682,0.1585715413093567,0.5799327280651616,0.426902793689511,0.5032206900365105
2683,0.14656323194503784,0.7574056582461979,0.7934869787838352,0.775458586180515
2684,0.16986441612243652,0.7302448285924532,0.663134979920004,0.6374051412970164
2685,0.273579478263855,0.5419623514882793,0.6230527795804891,0.5013168353427586
2686,0.13702934980392456,0.833725949924579,0.8340441462965372,0.7860386696032508
2687,0.2468482106924057,0.37781500609479135,0.01938896839986482,0.25294512234338423
2688,0.12932074069976807,0.4593547038484971,0.118101508614645,0.6084077781585104
2689,0.17658518254756927,0.7730459254698492,0.7841911597351919,0.7451044440229702
2690,0.12719109654426575,0.7039862631174439,0.4787294520536285,0.6307295625810524
2691,0.05566531419754028,0.47377376039272356,0.023608151562313197,0.25419950058883967
2692,0.07269521057605743,0.8878377113385474,0.8194435312372665,0.887061628270022
2693,0.09430602937936783,0.5945820864842617,0.2698355477666708,0.7757272860604094
2694,0.08946207165718079,0.793989229416102,0.5951276035670638,0.7807324430372217
2695,0.16604578495025635,0.7208482007216026,0.42622399072032346,0.7187642036170226
2696,0.18228092789649963,0.41043987959099715,0.022761474013250137,0.25380259594677285
2697,0.2836858630180359,0.36281795800035654,0.07775184695104369,0.2663086435526701
2698,0.04157537594437599,0.6444004629382196,0.20628246248359874,0.5455451535025373
2699,0.38179945945739746,0.4681608367056881,0.5353865437801065,0.3923864298715475
2700,0.08096060156822205,0.6907163702691006,0.3076975172450583,0.7251518877756551
2701,0.2730197608470917,0.37185644749390484,0.11642414660917773,0.2728959818759408
2702,0.05221687629818916,0.7958695462323453,0.4932111391839764,0.8556694913682437
2703,0.11586456745862961,0.7110233303755116,0.6129760547984613,0.6273522045610298
2705,0.09675069153308868,0.7331137132214942,0.6778121684390128,0.7512218055049005
2707,0.10190672427415848,0.7740159542628136,0.7161329756132483,0.7718050312486713
2708,0.14006751775741577,0.8517754278785494,0.7498159934802558,0.7321648811852042
2709,0.08141697198152542,0.8137569868455703,0.6417401915529293,0.8605154687672254
2710,0.12352265417575836,0.609140933633109,0.3521056142101816,0.6721086294714254
2712,0.1044711098074913,0.501895952559625,0.28842223016845436,0.3833151639334735
2713,0.28510627150535583,0.4195809544902283,0.3560872852275378,0.3536248513502322
2715,0.0706089586019516,0.6247599353586192,0.3226110194408976,0.632149588861121
2716,0.06859441101551056,0.7965542848683134,0.6162811181730574,0.8508600721281954
2719,0.043059173971414566,0.7274599470475418,0.3786519902131816,0.7788832849608878
2720,0.2056201994419098,0.6790128777941902,0.7496645478698385,0.6654546640933567
2721,0.32808947563171387,0.44160913398707585,0.4924528397119837,0.4107761764695267
2722,0.0565151609480381,0.7768656262806002,0.3735883111180411,0.7866461087388352
2724,0.1176408976316452,0.7518011336160625,0.562603856530053,0.7434637968271289
2725,0.05514495447278023,0.7111046674876625,0.37227964267283775,0.8396860232885446
2727,0.08013651520013809,0.7352542105654636,0.3322938104216421,0.7135178010209156
2728,0.09626974910497665,0.7947809627984179,0.6130306452882388,0.7716361591874361
273,0.1979164034128189,0.6284290609834593,0.6772281419016852,0.6042484022526862
2730,0.046164512634277344,0.7198085039296129,0.3860329859425701,0.8652495654992256
2731,0.14569860696792603,0.4910750267627827,0.2388593726343797,0.5856922049086595
2732,0.06469771265983582,0.7424812936437253,0.518974020332691,0.8671928809555558
2733,0.1287182867527008,0.5746049620046715,0.46095811021652267,0.5429672859043811
2734,0.05455021932721138,0.7450024339870112,0.45693921101910595,0.8716720860564453
2735,0.018225625157356262,0.5934277289499309,0.24355596854024708,0.4787952155010823
2736,0.15303640067577362,0.7798530785035475,0.8247393007947629,0.7720366575162712
2737,0.07590904831886292,0.7076289007203749,0.2399478458641895,0.6534501622147257
2738,0.057151421904563904,0.547108472124271,0.12484613206106636,0.6941257432453004
2740,0.12793196737766266,0.4384326595296217,0.04682723024542764,0.2604968872686729
2741,0.19305503368377686,0.44927327119402505,0.13962937462939112,0.6518916430058532
2742,0.10162229835987091,0.7188331025800043,0.6241506295252959,0.613409166984235
2744,0.10480394214391708,0.5119554537089585,0.10116007868945702,0.5992900256935823
2745,0.0304219052195549,0.9286741737569909,0.7486665503901258,0.8807912567489716
2746,0.09652101248502731,0.4379100429901433,0.01409584845677922,0.8134762140221907
2748,0.17707045376300812,0.4224322701020407,0.13891759112223992,0.2858207371410554
2749,0.08754599839448929,0.5377399728920922,0.15213002832098887,0.5363061236338225
2750,0.06391359120607376,0.5635577946301552,0.14382271578031333,0.6659119315319104
2752,0.059075430035591125,0.8799772897692033,0.665820030013725,0.8772856392663029
2754,0.08132612705230713,0.5415556121363283,0.1601261792967729,0.7679113964048115
2755,0.11642304062843323,0.6574342840733765,0.301242610315291,0.758454809222304
2757,0.15548959374427795,0.6251627743676753,0.5894988559228057,0.56424637120153
2758,0.042252134531736374,0.4863249134987756,0.05211908763241622,0.2761596682398008
2761,0.0740119144320488,0.6452458340769567,0.3117843161052465,0.838891422446855
2763,0.04448092728853226,0.7332336210919573,0.40149207418113136,0.8649688172237553
2764,0.031219935044646263,0.835033394896044,0.5048247461517958,0.878710065056842
2765,0.11307009309530258,0.7613047337609181,0.8082898072682695,0.7700738105347447
2766,0.10506799817085266,0.771559206680831,0.6134600646768783,0.8366042233356918
2767,0.04418320953845978,0.655589836069254,0.48702603996330673,0.5360891025399269
2770,0.08182142674922943,0.5703254653516947,0.27636423899647733,0.8471700237855833
2771,0.08140644431114197,0.742166050725993,0.7422375470409203,0.7802876500622815
2772,0.053568582981824875,0.8071274446995499,0.5803848880694659,0.8589460170802827
2774,0.08624624460935593,0.5335793051426915,0.26253274071912935,0.658356909213287
2777,0.15760605037212372,0.6291591204202485,0.5190830240350393,0.5552339035381952
2778,0.1785515397787094,0.5715497102647368,0.4243147777912423,0.6321498903015516
278,0.01241830363869667,0.846808717804665,0.4782408015815064,0.8707410525573684
2780,0.046298954635858536,0.8379763758996408,0.5309711402678167,0.8780326956299072
2782,0.058161329478025436,0.6491793841510008,0.17486006997955994,0.588333104601222
2784,0.1328762322664261,0.4414781351770102,0.14254867661537135,0.2906826021200777
2786,0.5611625909805298,0.24426453340842152,0.23783605794384524,0.25426965562134257
2788,0.3110915422439575,0.40685575218857933,0.35256730514588,0.3538600809008198
2789,0.08373995870351791,0.5926550549461346,0.17013433917924883,0.6333944645761165
279,0.29344442486763,0.401908767477382,0.2907265245590502,0.3295820344015706
2790,0.0708794817328453,0.9012762987282067,0.807843329159089,0.8735159512271031
2795,0.11028323322534561,0.7278248953697277,0.7180903363701614,0.6980153172265537
2796,0.10327839106321335,0.7993441034259043,0.7337466509344848,0.7409752516331372
2797,0.035140518099069595,0.8078968809690081,0.6676836021832258,0.697560131212148
2798,0.09429708123207092,0.7308286178891041,0.6981896272143456,0.7396943210879883
2803,0.06777984648942947,0.7405215757522281,0.3753707103094781,0.7838640805486567
2804,0.14663197100162506,0.5228157378195203,0.21455713397368525,0.805329185611596
2805,0.059228766709566116,0.661055570588783,0.2630610092076841,0.6732102571752341
2806,0.08180054277181625,0.6848058252565126,0.685098466685456,0.6442703238765052
2807,0.095150887966156,0.6963545521344622,0.3704053893205628,0.8051899600278511
2808,0.20509296655654907,0.5339674728441229,0.5017793795995646,0.486949010117226
281,0.13977928459644318,0.7511074753556202,0.6834063117779623,0.7771424082553451
2810,0.041859135031700134,0.5689260380624699,0.17336099188501014,0.4524433614623259
2811,0.1458030790090561,0.6225731819960696,0.5107952330735493,0.559203517722483
2812,0.027563918381929398,0.6752278243990298,0.26440804888023817,0.8634523066887518
2816,0.16412855684757233,0.5396184558522348,0.5343609863034414,0.4606990434925608
2817,0.11914584785699844,0.8378615019732216,0.857122523699943,0.8244108738162865
2820,0.1563236117362976,0.496144244513078,0.24872538860530974,0.43506312703918437
2821,0.12979653477668762,0.8287262746266645,0.747595679056545,0.8141525471226516
2822,0.04611470550298691,0.762589376085496,0.630702723604258,0.7745441643516917
2823,0.015098110772669315,0.5637487998194135,0.06299415271264588,0.5130098854526516
2825,0.038624342530965805,0.8010555273012612,0.3810010492555461,0.8330617209999769
2826,0.06982793658971786,0.7660461298168026,0.5219675666673986,0.7813024878436293
2828,0.10623855143785477,0.5724110176894914,0.17690567787166322,0.6674011190686873
283,0.11898201704025269,0.4680731605463787,0.2515711774763143,0.32701699124722816
2830,0.07386165112257004,0.7570212435037809,0.5217269560582585,0.8693734818147982
2831,0.050942499190568924,0.5441885283202573,0.054477995541014415,0.6519997714708634
2834,0.08429493755102158,0.6012353005252027,0.16252475229587815,0.7179618502626015
2835,0.10080083459615707,0.7958828267182978,0.6225075467991114,0.854282576905924
2840,0.0371602326631546,0.6519532994143192,0.15429087636406694,0.6594082050161324
2841,0.15365056693553925,0.7140413945508302,0.7575902781853504,0.699081510684104
2843,0.0834297388792038,0.6445673289834275,0.2228342271856313,0.7305291544536667
2844,0.24763111770153046,0.5054845092233333,0.4955049879395841,0.4601264297059305
2847,0.13608497381210327,0.664149806399037,0.2403207877541768,0.7114676344425055
2849,0.0350499227643013,0.722905426154907,0.4585112453850754,0.8106897279278815
285,0.23121948540210724,0.42760059611160095,0.2924389350601608,0.34264361881569916
2850,0.0748186931014061,0.6984255028104407,0.5599519319172301,0.686818904821852
2851,0.06502339988946915,0.778238586211647,0.5597674887285482,0.7759323096611401
2853,0.04649585112929344,0.9135458167951453,0.791192083365691,0.9158214876844559
2854,0.10555340349674225,0.8185290401992205,0.774729732317815,0.8195241235048518
2856,0.10384948551654816,0.5590115205324482,0.43922062879243495,0.43827784146825133
2857,0.1532132625579834,0.42839259573669797,0.0935443783514979,0.2705895378667955
2858,0.12156214565038681,0.6794527535756536,0.571047988091037,0.7091252451053469
2859,0.05789481848478317,0.5638854964133027,0.2036933452499573,0.8760750433074707
2860,0.15946277976036072,0.6312584241799984,0.5933535551963719,0.6119619575811988
2861,0.05273252725601196,0.9302828691702205,0.8554258916331436,0.9181416793409912
2862,0.09367600083351135,0.7787775614924048,0.49413015677203603,0.8320947593774521
2864,0.056735917925834656,0.7513893622074987,0.4022792310857119,0.8377843002199887
2865,0.07434326410293579,0.782393590220715,0.5790056167509392,0.8489499783613959
2866,0.07522659003734589,0.7541494560823282,0.5181049988970392,0.7983307593460771
2867,0.08877182751893997,0.7586020581061551,0.5232128277518336,0.8222749796312734
2868,0.07306521385908127,0.8786851863747728,0.8437702272219375,0.8773787189566221
2869,0.06624970585107803,0.7370817841504002,0.4081103165977918,0.7883640984836643
2871,0.12420692294836044,0.6053884699545906,0.20199696376037488,0.6262326882995212
2872,0.11410070955753326,0.5240659247041503,0.39978845179511113,0.4562269745611435
2874,0.057864122092723846,0.8558248819150287,0.5520990756732848,0.7463262524985423
2876,0.07328008860349655,0.8457784630960853,0.69089392914246,0.8755338772918411
2879,0.12180990725755692,0.49407319073982015,0.19620100849889247,0.37422045044850155
288,0.07624716311693192,0.7945492892297674,0.6634781342220831,0.8789324414225219
2886,0.1621170938014984,0.4557634042761053,0.1350947143917396,0.7661406150080874
2888,0.08870904892683029,0.4516359529373697,0.029053102126963225,0.7538794145726191
2889,0.22031494975090027,0.5463369522219189,0.5717294465533125,0.4870265723423207
289,0.2022584229707718,0.4424376091280428,0.2672181375641184,0.34045048373842374
2892,0.09940635412931442,0.5458923628128197,0.23577137090559977,0.5983515495772633
2893,0.07167515158653259,0.6793560560419825,0.26991754220446773,0.6635742405878504
2899,0.03990747034549713,0.4924583585077086,0.06727235400700507,0.38267650635349054
29,0.0704871416091919,0.8366363340301813,0.5464505441709818,0.8608029074908288
290,0.2706602215766907,0.3863451407288229,0.22420185773161475,0.3122846881425526
2900,0.23963221907615662,0.5572801261137053,0.47147033043519243,0.45519429309428977
2902,0.0729580968618393,0.5558483346835803,0.22960420115858668,0.783901708244461
2903,0.17298507690429688,0.734191522215075,0.7016866262074128,0.7824510125325703
2906,0.08737026900053024,0.6669967939203713,0.49199398304428366,0.7647115591158575
2908,0.06900599598884583,0.8368636647779748,0.5155357789154221,0.8300339802172625
2909,0.07514436542987823,0.4865955445919809,0.12793808702386908,0.30191217168873236
2910,0.14774256944656372,0.7814841457806863,0.683171870081808,0.7777045387687715
2912,0.2800549566745758,0.44700144144215537,0.4586318425900841,0.4144108108619663
2914,0.1514664888381958,0.5751848662971216,0.37450604460363063,0.7072894106113513
2918,0.07781334221363068,0.8903274442620948,0.8024893162960188,0.8868454357244734
2920,0.06700818985700607,0.599626023754285,0.36790265137493,0.6842956776678631
2921,0.1158904954791069,0.7737248466340048,0.6182605254630118,0.755001811408831
2924,0.15112492442131042,0.7640805258498257,0.5193636751552754,0.7767692200182132
2926,0.14394144713878632,0.7270673658915034,0.6362004403761565,0.6643974015726244
2930,0.06287818402051926,0.8126016114586709,0.6814087916765774,0.8872951463787713
2932,0.19958627223968506,0.546491873025179,0.47397554580911994,0.5385557208527414
2934,0.23811258375644684,0.6357082517726774,0.7400373016523705,0.636642962492382
2938,0.07379376888275146,0.6204759032152596,0.146539451464885,0.6654750184758897
2939,0.734860897064209,0.1725771113055236,0.3059053592165663,0.2086372540827176
294,0.2027757465839386,0.5760827402142679,0.5128929902672067,0.5001857186770422
2940,0.07246194034814835,0.6412471277746309,0.2339518445781458,0.7579490085129775
2941,0.08278355747461319,0.7046378177505341,0.4770130778870853,0.8650116811616221
2943,0.24494300782680511,0.45046264966010974,0.3687303561295379,0.40622911334007183
2945,0.25120317935943604,0.5446380945381718,0.6478704285533143,0.5256513427775429
2947,0.1390777826309204,0.6511753775654455,0.6548362467046437,0.6186396562350168
2948,0.10615665465593338,0.7513353556094696,0.5639409505313816,0.850529048845883
295,0.21151602268218994,0.3972419643974174,0.06314517400027794,0.26259439182720434
2953,0.13221320509910583,0.5267023003354495,0.1976360845919686,0.6340488741155627
2957,0.08745916187763214,0.6975624528674017,0.48983798452802585,0.7862809002066117
2960,0.06478508561849594,0.8515118296568835,0.6202102436670627,0.9034938303321696
2962,0.23173558712005615,0.6711867452694734,0.5900746059689376,0.5921026691351168
2964,0.07685119658708572,0.8776291535703495,0.8016173980851705,0.8682622734947849
2966,0.13602127134799957,0.6417847303770149,0.580018666500181,0.6117267316936402
2969,0.06844912469387054,0.7152992932772688,0.4167783973070047,0.8207060193844847
297,0.17480742931365967,0.6950112604893237,0.7574045270664719,0.702007864781325
2970,0.06726982444524765,0.4452603026013458,0.005961706484457774,0.8683354588294705
2971,0.17769332230091095,0.5791506833306398,0.34544769559530103,0.6675893788174592
2972,0.25452494621276855,0.4142762677415749,0.3364326667078254,0.3470581971724376
2975,0.23376768827438354,0.38448900527924634,0.020008329382993982,0.25295194858989356
2976,0.1842900812625885,0.4533794275036735,0.31594089729882724,0.35076912373544583
2977,0.10431580990552902,0.5820161343449657,0.21589618005336728,0.7909154587091926
2979,0.2006770819425583,0.41761183803034096,0.09891503352691142,0.6283838222602602
2984,0.18603019416332245,0.7217067088758238,0.7820326776431072,0.713201546786129
2985,0.08629661053419113,0.6597036219580041,0.4267754363794516,0.7538856675402354
2987,0.050602395087480545,0.47350453965196637,0.013539675061695516,0.7104099550509828
2989,0.06632205098867416,0.5320540585680129,0.14370348420303544,0.7184897236190856
299,0.07373932749032974,0.8297982491246887,0.6732247582975822,0.7696455347533322
2990,0.1779044270515442,0.6091360353963846,0.6026183974298417,0.6425864270774693
2993,0.15102989971637726,0.7350180241718969,0.6643506333502076,0.7541820854822794
2994,0.07143896073102951,0.5072176192191362,0.01649415406312933,0.4119794845401917
2995,0.10460496693849564,0.691860203419365,0.3541718796338061,0.7687715530180412
3,0.15254522860050201,0.6813138164394783,0.4906021463318178,0.8012191329855243
30,0.12248227000236511,0.8205455385333615,0.8070735917531805,0.789940903064414
300,0.11350596696138382,0.5870949543847501,0.4033143139470678,0.605684495013219
3001,0.08234356343746185,0.8927408635551872,0.7233712229964949,0.8668884124498185
3003,0.0830732211470604,0.8299657575100732,0.8034799885056049,0.8328660808132916
3004,0.224108025431633,0.41231251513455597,0.24156469800497693,0.3145688587355001
3005,0.03871709480881691,0.5558184369768164,0.07624300110896748,0.622953619796265
3006,0.18990455567836761,0.4069864262137764,0.03275974055611373,0.256871077228081
3010,0.13595499098300934,0.47339449239757986,0.12058689692972581,0.6091734626028715
3012,0.8802189826965332,0.08069058744591116,0.32785422670342695,0.07547586639566856
3016,0.05703047662973404,0.5283412618883391,0.15413376014324853,0.39127641010705827
3019,0.08770801872015,0.7748128535981288,0.5662640188276334,0.7905168499603239
3020,0.030905645340681076,0.481141348043886,0.011449194862056063,0.8165240480335791
3022,0.10399912297725677,0.8448610451373273,0.6941924700839711,0.8409658846441872
3023,0.1429351568222046,0.446081179027983,0.18009069880981882,0.3017329579026853
3024,0.15055012702941895,0.4264483453882663,0.030533413458423895,0.255759066053736
3025,0.17467154562473297,0.553404122465612,0.5114416691574244,0.4938406611381141
3027,0.03977920114994049,0.794919536786379,0.42593356702977214,0.8144383085546929
3030,0.12585769593715668,0.4547293300409548,0.17200267064726807,0.33860050115902585
3034,0.08635561913251877,0.5200242854712394,0.08498630891846612,0.4280338367972667
3035,0.03457651287317276,0.7788835365654245,0.42421040152935524,0.7797688111937815
3040,0.10187865793704987,0.7840968307776839,0.8391337272554927,0.8062930546530188
3041,0.10070592910051346,0.7714363133176236,0.7901254161072627,0.7655440934519032
3042,0.061197757720947266,0.5110605343344807,0.03502300266673958,0.665140128538868
3044,0.023136746138334274,0.7269584147348936,0.3344453348750053,0.6663157919013415
3045,0.09622271358966827,0.5691242057136328,0.17418858738500578,0.7323422532382033
3047,0.4537099003791809,0.4304169855798851,0.5628648131029107,0.35928469833514975
3049,0.024701310321688652,0.8393842099841669,0.4540448053794455,0.8779981761953164
305,0.07135229557752609,0.49224866501542763,0.08421620842158298,0.4076783479007049
3050,0.0539696104824543,0.92207185487237,0.8260415190377375,0.9139460859410224
3052,0.07728608697652817,0.7346223846302358,0.4171077418625884,0.7918947510706824
3053,0.1755310446023941,0.6375789990747232,0.6159315270766548,0.5615680384706947
3054,0.09551696479320526,0.6579832430549677,0.5213959736764524,0.5332765355772179
3055,0.09121039509773254,0.8473132717973466,0.72081544181958,0.8533099803739133
306,0.09728622436523438,0.6456719329778611,0.32617423534181916,0.8313755985994657
3061,0.05629537254571915,0.5918624304054864,0.2218789071567467,0.8209098324288864
3062,0.16228023171424866,0.7545648805603035,0.6815651402899628,0.8140353196370501
3063,0.15210098028182983,0.5095641269496056,0.04264639188264331,0.5007554553479945
3066,0.05481578782200813,0.7252175819787391,0.5070485692559018,0.5677245461881294
3070,0.12347396463155746,0.675266516952167,0.400075828822437,0.7388768126319338
3072,0.0833069384098053,0.7393890722346854,0.5333471859450434,0.8560960117265918
3073,0.12291698157787323,0.6051293863517052,0.2974010490639123,0.8204318580442469
3074,0.024634070694446564,0.9561715186419619,0.7098446689791673,0.9073004131541247
3079,0.04097793996334076,0.5495306263271088,0.07891288009298955,0.664860101437764
3080,0.08822454512119293,0.6416291000811367,0.19099526586734653,0.6484203775364978
3081,0.22155559062957764,0.4149757176792471,0.20778051170252876,0.31014587828991946
3084,0.024886349216103554,0.8121780895528463,0.4390641110695225,0.844434444778217
3085,0.07792220264673233,0.7216740683909615,0.38881346250240706,0.7933967018614977
3086,0.14876030385494232,0.7088405688825901,0.5169908944555811,0.7139080806219977
3089,0.11640401184558868,0.56201839544946,0.47128382007928615,0.46295469237196046
309,0.3000349700450897,0.6059245052515566,0.7447979608560081,0.5579653969410902
3090,0.4532421827316284,0.4796400839783411,0.6207067231224577,0.38941145222591983
3092,0.11445891857147217,0.6172513342801529,0.23026418645673238,0.7744097295994399
3094,0.36378130316734314,0.3148536320553922,0.07422139699289518,0.2786245220594525
3095,0.20368319749832153,0.39986002127292686,0.10383251823647323,0.3256398634282598
3096,0.07188022136688232,0.8701472595991178,0.8163382034732057,0.9025243993761414
3097,0.3304305970668793,0.5474503332716776,0.6942982243984133,0.5023209729577426
310,0.23952865600585938,0.4948445122864268,0.5288549942005575,0.48233943939874063
3102,0.06937462836503983,0.6974700161431182,0.5291702699372953,0.7821414757383106
3103,0.2321740984916687,0.5971345682760453,0.6470138132543254,0.5878344077207822
3105,0.11126293987035751,0.7629547595957366,0.704503787034539,0.7844313167930335
3114,0.13599012792110443,0.7336091946413085,0.5041941510006154,0.6478082175028055
3115,0.31241339445114136,0.3855010360115416,0.31216566783652105,0.3654140869667043
3116,0.18011531233787537,0.5178252725326368,0.14946674113150923,0.6437676026627923
3118,0.0657191276550293,0.6921447474479143,0.439731311868099,0.7422015648163331
3119,0.16559672355651855,0.635715682885374,0.45017079852404157,0.7012065018032485
312,0.08210310339927673,0.7988492019732243,0.7916372484381586,0.7895078184546687
3120,0.06731154769659042,0.8667237435580782,0.7755641159013579,0.8846624197267683
3121,0.06991302222013474,0.7604754939397869,0.4026708961660094,0.8130206201124612
3122,0.20370152592658997,0.6270264066462357,0.5345462273903192,0.6817838245832979
3123,0.05535506084561348,0.7134603400077255,0.27078144942323845,0.7619390000218029
3124,0.06857861578464508,0.728129307737244,0.2855405072124068,0.6129942365836543
3125,0.05329546332359314,0.9030171378106897,0.7167716085326785,0.8877684508981873
3126,0.16068115830421448,0.7119812915508985,0.4889636344423274,0.7474599997202209
3127,0.24529904127120972,0.4056581399952402,0.18713139973295168,0.3079230761831413
3128,0.11394049972295761,0.7736596140085034,0.45541127485937516,0.7764522636785275
3129,0.10725116729736328,0.7127392087217272,0.5213286218398289,0.7434311943672622
313,0.051659971475601196,0.7021990283336764,0.37340066226495505,0.772063360373734
3130,0.09479440003633499,0.4578426999330465,0.028851971228915883,0.6613877312196144
3131,0.10090360790491104,0.7226680436934396,0.40127260743547744,0.7657408912488877
3132,0.11363151669502258,0.550769470443522,0.11580365636368518,0.6016556836888227
3134,0.08638996630907059,0.6451793668498704,0.26172539941792744,0.7312460071710121
3135,0.10251220315694809,0.7454959845070077,0.4651793215596207,0.6776168948689936
3136,0.15560613572597504,0.6817507462328039,0.3920900287200333,0.7494189088152887
3137,0.08392614126205444,0.81238641582221,0.5613609130321671,0.8270264664860151
3138,0.07441701740026474,0.705963846072922,0.3438120779723402,0.7815871545899805
3139,0.08037037402391434,0.6553425615094417,0.2263011326089517,0.7188529287294054
3140,0.09443161636590958,0.6361191751182738,0.33529142834702824,0.4366721039719901
3142,0.13189174234867096,0.6351683463761053,0.268915030438721,0.7625031204227986
3143,0.134201318025589,0.7639400628509558,0.6691875279709735,0.7549998340852271
3145,0.07516008615493774,0.7307682602497129,0.3350186108578793,0.7868368250410969
3146,0.12377540022134781,0.7774218814391837,0.6293139041244393,0.8211796640145619
3147,0.2697940766811371,0.46510531494718943,0.4405339266281975,0.41268499219070737
3148,0.26568737626075745,0.3680077240350037,0.010986421642117645,0.250004762993256
315,0.1686040610074997,0.5711446278998857,0.6266042970538014,0.5490115564043546
3150,0.27558404207229614,0.5171513193409589,0.4697917191914325,0.4987652071155254
3152,0.0693853422999382,0.7066281521509531,0.40056856458537465,0.761035177961624
3153,0.0751555860042572,0.8467101438373339,0.5567527254653154,0.8548916650851556
3154,0.08638523519039154,0.7062121037564458,0.372068425983803,0.7099574387013123
3155,0.10292407870292664,0.7391600807763598,0.45478285090340104,0.7813613940660719
3156,0.1479586809873581,0.6738700857071536,0.49738404569777117,0.6343073167946729
3157,0.10238025337457657,0.47791275563837443,0.18181912086010735,0.3238322665196045
3158,0.06773003935813904,0.6428524385872652,0.2510282482840647,0.5003503444370014
3159,0.042018335312604904,0.7998111037309561,0.5145870663545937,0.8860078312337489
3160,0.07303393632173538,0.7768739538743055,0.44795089593335813,0.8239117696711222
3161,0.11008204519748688,0.7755775682490322,0.7735016112541777,0.8253388726147844
3162,0.06587327271699905,0.7630132801683457,0.36504662803367666,0.5947513030193634
3163,0.05679497867822647,0.8807724086599121,0.634773506240581,0.8799066927849162
3164,0.26708298921585083,0.47286953160458023,0.4354632025969104,0.4068583640513511
3165,0.16291329264640808,0.41996999066306717,0.021698144996994136,0.2544735204362436
3166,0.06894811242818832,0.7648580112485073,0.404011630476303,0.8564165602857033
3167,0.2831088602542877,0.3705934826596152,0.1680730101233931,0.2920818699171589
3168,0.16471125185489655,0.6769657724329916,0.5962518812537292,0.6557103896501386
3169,0.11358977854251862,0.8431785999380221,0.5766338111987336,0.7877866952348207
317,0.16335280239582062,0.43889689108422825,0.1813914151141183,0.3007571734986353
3170,0.12622961401939392,0.48312280642118177,0.07739617765831197,0.5894235532863235
3171,0.17580926418304443,0.5918624166662456,0.32350022089829117,0.695199168409394
3172,0.1249498799443245,0.5891164398674361,0.3804350046837991,0.4710483228617702
3173,0.29202428460121155,0.40805651323830117,0.3725148630551498,0.35718194340787485
3174,0.05434926599264145,0.8441107399171461,0.5807714522032204,0.8566359031121861
3176,0.10785694420337677,0.7232526980925835,0.48386645084157676,0.8377644897832133
3177,0.24088092148303986,0.5589157805716304,0.5353531576151792,0.5000148022836853
3178,0.15078680217266083,0.5288559375243012,0.21908764994521004,0.7443495452399851
318,0.06010889261960983,0.5588209999063389,0.1602031334495535,0.7796586907108617
3180,0.09871333092451096,0.8532956576183937,0.6742192585784595,0.8144571595501845
3181,0.10444965958595276,0.47682907432405525,0.1926895278231639,0.31221171330295255
3182,0.12380430847406387,0.7521028484468173,0.4291051402736283,0.7450197489972646
3183,0.07131250202655792,0.7372082819760408,0.37204010283061695,0.743779581425517
3184,0.1969606727361679,0.664822291991246,0.5322377544373306,0.6830512943463812
3185,0.06663113087415695,0.8618141513205549,0.7041826911479324,0.8743963367170224
3186,0.12134944647550583,0.6203865746103386,0.279960793023843,0.7299249256693282
3187,0.09280098974704742,0.7392332674633476,0.4831645083948985,0.7198779967955278
3188,0.0895061269402504,0.7243977538228732,0.4406923100862113,0.8341073982589693
3189,0.3678300678730011,0.3673342867313974,0.4006356268044961,0.35730566096620503
319,0.05188065394759178,0.8542998592761877,0.7249608723516122,0.8742767045225412
3190,0.1152607873082161,0.4621683831348983,0.13783692042886386,0.29510361699248855
3192,0.10027501732110977,0.7522716638551874,0.5025823078914684,0.786927919310279
3193,0.09876395761966705,0.5392140570897735,0.13578067838465305,0.6010232498433061
3194,0.13195644319057465,0.7596741866418706,0.6553470467321995,0.7486725481351695
3195,0.2538395822048187,0.5651798960732277,0.4414091375477188,0.5005821583076832
3197,0.11012448370456696,0.819598483983328,0.7837084006465992,0.7920794496026802
3198,0.14981815218925476,0.46142135390190564,0.2649685465104896,0.3534566495996547
3199,0.08872783929109573,0.6197800394636102,0.2177824191124153,0.6242779183825689
32,0.10375254601240158,0.8237460454322869,0.6534943549465572,0.8104612676599563
320,0.0614088699221611,0.8918885835656812,0.7550921978130481,0.8832607334800755
3200,0.2163863331079483,0.46315194491483236,0.3634708576300679,0.43327389292158774
3201,0.11323592066764832,0.6558487853039275,0.2615717806433561,0.6659588693933067
3203,0.20898814499378204,0.42871345412009654,0.17435848901694634,0.31458720990939193
3205,0.09865856915712357,0.7073423233912639,0.40233514626142086,0.7317820243931763
3206,0.0964699387550354,0.6016381603150085,0.22742152774812852,0.8092460710349584
3207,0.20197704434394836,0.6926363035825801,0.6732863342018188,0.7086280964698071
3208,0.04101385176181793,0.47080025101499967,0.00632930983078621,0.714965915324449
3209,0.1079569011926651,0.5930422777487385,0.1984288023824336,0.634917527075626
321,0.12590688467025757,0.8106805516388387,0.7768169089502682,0.7826270064946044
3210,0.07807065546512604,0.582302661853543,0.11958612453536664,0.5297082085076944
3211,0.059307534247636795,0.7378399464955157,0.3485321497524011,0.7865691969439624
3213,0.19848689436912537,0.6636761052863243,0.7604286643417566,0.6374064331499573
3214,0.2810947895050049,0.3692762192953821,0.11941906859699719,0.2758732238567654
3215,0.06317030638456345,0.45942699269538645,0.007618867507912463,0.6927583418563488
3216,0.1077384352684021,0.6736855598104103,0.5023617699736295,0.6906211344407556
3217,0.08816288411617279,0.8204251889036651,0.7418464362433856,0.8015560566233748
3219,0.07468564063310623,0.7677801969457032,0.4497804978140193,0.8266526900083273
322,0.1842963695526123,0.5433005638935832,0.5081462336723997,0.4563599049984827
3220,0.12425690144300461,0.5726474363979212,0.4425970604321419,0.47056966101770226
3221,0.07133731991052628,0.8277251678018095,0.4349716631562921,0.8252699214194488
3222,0.05162770301103592,0.8079317942406989,0.5460704099293731,0.7826649554370706
3224,0.04392291605472565,0.6042786598034913,0.21443466420152432,0.6087268786073815
3225,0.27411940693855286,0.5222942986843103,0.41553922660743353,0.5238963906829572
3227,0.09481897950172424,0.8530164267376009,0.7029435724454209,0.8057308729066854
3229,0.05130038782954216,0.6942994819865056,0.2273207829482192,0.6827357505418592
323,0.023259395733475685,0.6428659857691543,0.18602190813747307,0.47829930299107487
3231,0.07683393359184265,0.7371523334409662,0.40759158516116833,0.7845289883822182
3232,0.20705577731132507,0.4070201898619184,0.1478988186534697,0.3098307565868347
3233,0.24345187842845917,0.49268704217800663,0.46621642021267906,0.47727546905421736
3234,0.12889482080936432,0.6996618923515798,0.35778651508199405,0.7616522954461391
3235,0.06824292242527008,0.8864439022444731,0.7138134787508115,0.8350302643548928
3236,0.40908849239349365,0.41081734582218365,0.45042765139464147,0.3784420417282439
3239,0.1377095878124237,0.749397842557339,0.7383853666155477,0.7101328103791427
324,0.14542490243911743,0.5897244027300608,0.5077653085320438,0.6804594895125906
3240,0.1672825813293457,0.6128849015569597,0.6000486885217373,0.5752364525859097
3241,0.07469585537910461,0.6614853407228488,0.4454969953316057,0.8251403179693211
3242,0.06611300259828568,0.8485400644173531,0.6471807179922663,0.8859905216550099
3243,0.394038587808609,0.3866661270733785,0.34293513066991893,0.3259000704145243
3244,0.05655965581536293,0.8457109657380193,0.7137065876765659,0.8364553829522694
3245,0.03888890519738197,0.5432527151777049,0.0900465612188227,0.6197328290857166
3246,0.14078928530216217,0.6744191892453645,0.4432388542430457,0.6268282556085694
3247,0.2630466818809509,0.4832176926473838,0.4446134378508964,0.4049924109607395
3248,0.06781313568353653,0.7565429327475329,0.37855332281809273,0.7830683044376974
3249,0.07352768629789352,0.6452083761719636,0.4750160191975971,0.8951137706541245
3250,0.061454690992832184,0.8631689148854915,0.6279306612753586,0.8806950060248913
3251,0.07077649235725403,0.8438945997050147,0.5282422984850994,0.8496667065036257
3252,0.23734645545482635,0.41024409335590034,0.19558786853162816,0.34157376081874846
3253,0.27981802821159363,0.3803995354496743,0.2075558486327585,0.31887907839823204
3254,0.30769893527030945,0.5056280829557418,0.5563578559582796,0.46121274181919275
3255,0.22001227736473083,0.6127615242467082,0.5078781283931655,0.5572941706859043
3257,0.07509421557188034,0.829831331249248,0.45880496288134803,0.7778356557232191
3258,0.15341515839099884,0.6702677459196675,0.40888353411380907,0.7382544213343123
3259,0.046705786138772964,0.6745976349890286,0.2587451841524449,0.7004249400170336
326,0.17779138684272766,0.6448505455369793,0.5945344453140174,0.5413592679183515
3261,0.09024481475353241,0.8934903346221195,0.7392163293204143,0.8594475704252232
3262,0.08109134435653687,0.7530148371817018,0.5501769643097141,0.7570114529520938
3263,0.18889963626861572,0.47968439333565827,0.3783940962642913,0.43369872836753226
3264,0.10235831886529922,0.7106954309065607,0.4897733075776062,0.7722775747078314
3265,0.40103965997695923,0.38685048410947376,0.3033072817980557,0.3151335126196438
3266,0.2593175768852234,0.562964071811612,0.6186302744968765,0.5730765385377206
3267,0.020585691556334496,0.5110186357740004,0.015445357383622174,0.2968099097705251
3269,0.060432687401771545,0.6506596826741123,0.4387724049681849,0.8293517793518572
327,0.050012994557619095,0.8967694566765552,0.8050619835237839,0.860032392398142
3271,0.07555563002824783,0.777446352473099,0.6152841046320464,0.865274038189221
3272,0.08513356000185013,0.4591760895312871,0.01906973143110309,0.25267800939210794
3273,0.06094133481383324,0.8968730819052568,0.7380258256124286,0.9066015084784667
3274,0.1438995897769928,0.5840835915936694,0.21258395788523876,0.6430247280807511
3276,0.13304086029529572,0.5015247022052807,0.21838110717986603,0.7338356915730921
3277,0.23754224181175232,0.39614958073090745,0.1791730993805245,0.2968067250579366
3278,0.03405862674117088,0.8029429118301759,0.5721139765259814,0.8284941371475654
3279,0.04308445751667023,0.6028602962365291,0.14421504104388627,0.600975510180418
3280,0.2714623808860779,0.36799634305963,0.060222937874302475,0.26069338670484277
3281,0.04030630737543106,0.799359617606029,0.47745930467787784,0.8488969998011726
3282,0.08845002204179764,0.8224139187804844,0.5476893064563405,0.8432594735175244
3283,0.1213904544711113,0.7157826301278313,0.6475196900620325,0.6674971291889331
3284,0.39740312099456787,0.39764242399112754,0.3617938940334513,0.3614034912696349
3285,0.418287456035614,0.42764535908996554,0.4754455194888445,0.36767451255025607
3286,0.09470952302217484,0.4541114954368826,0.020502559609141657,0.2527366996919822
3287,0.15938648581504822,0.6159050090337448,0.4284398882198464,0.5081110444401273
3289,0.08828205615282059,0.7235227606425867,0.4359905847588192,0.8570871781159143
329,0.08296830207109451,0.8917224272893646,0.8282441330902212,0.8262220719870106
3290,0.05433879420161247,0.8041736476412717,0.551724610677045,0.8832006420584395
3291,0.24840059876441956,0.4783591262652047,0.3896332819106023,0.45728869291052876
3292,0.08353035151958466,0.7903266991187795,0.5486957112462972,0.724750659024337
3293,0.08843320608139038,0.4538675441315013,0.0016291747343576712,0.4049451164540965
3294,0.060880146920681,0.6258186929318794,0.2773352172554365,0.7913268359335368
3295,0.13864894211292267,0.4788012317754382,0.06737554945824001,0.3890622786505895
3296,0.21044807136058807,0.5771620486547742,0.5323065039658518,0.5448456497760314
3297,0.034294236451387405,0.4916431960552611,0.027407597626025546,0.4322874154035899
3299,0.22394715249538422,0.5306798621596034,0.4401361844799462,0.5029128789409183
330,0.2567732036113739,0.5722148195991692,0.6284077447397101,0.5319683002846523
3300,0.059900958091020584,0.8083843026751618,0.40632863370597994,0.7818454543204613
3301,0.04095473513007164,0.7337453040429803,0.23314788233874525,0.6863078949319654
3302,0.06290310621261597,0.6952099130090251,0.3097759388881329,0.717515872086127
3303,0.08895546197891235,0.6439111210850249,0.20133127652017663,0.594702993781121
3304,0.12037818878889084,0.7235365650265028,0.7082758095749834,0.7204241626977023
3305,0.0634496882557869,0.503795185567838,0.19888864323152822,0.32896064511791523
3306,0.32341158390045166,0.34648551459518073,0.1027601452028634,0.2706373740037272
3307,0.348112016916275,0.4743465720369522,0.4019495176396368,0.44515773301587114
3308,0.05756361410021782,0.7352318316983553,0.31241181950307173,0.7071198412902109
3309,0.07763725519180298,0.7435230486080263,0.4040760319319402,0.6435244819933863
3310,0.08013752102851868,0.8178674489522622,0.7636407482195953,0.8911355872292113
3311,0.1439087986946106,0.6893518119600867,0.4293809975587047,0.7856498633215208
3312,0.0928456038236618,0.6464037567434101,0.38541780943324294,0.7778511537850823
3313,0.042966458946466446,0.8229066699624871,0.40096538410237176,0.7696663382951519
3314,0.07626716792583466,0.8829133319019671,0.723714513866466,0.864484746762264
3315,0.11034045368432999,0.803381751590253,0.7819946154610987,0.8291949671937504
3316,0.0858885794878006,0.7006843706427702,0.28809732397320514,0.7384272979003379
3318,0.32846951484680176,0.4231149713310393,0.45265631019424263,0.41131850875498976
3319,0.28514572978019714,0.4330695862088597,0.3998396691998959,0.4047422239969223
332,0.26607033610343933,0.7182072134914728,0.7641861674325002,0.6327039412948751
3320,0.0926036536693573,0.5324080181096171,0.2214483244399991,0.3918377185494042
3321,0.055662237107753754,0.7776590108138615,0.43020988549381045,0.8298147554204244
3322,0.10691014677286148,0.7366603834942009,0.3974829396489214,0.8024458397209846
3325,0.046716075390577316,0.5041980672826648,0.09426836263814217,0.3406781318424338
3326,0.05709385499358177,0.851591693593514,0.768341994369736,0.8733339299031517
3327,0.08549008518457413,0.7875243045789883,0.6737599106702641,0.7457169712066871
3328,0.05434513837099075,0.6595258974780931,0.2201636323632065,0.6575668653165649
3329,0.08233192563056946,0.850339238375321,0.7417915949249035,0.8465120895881504
3330,0.3194763958454132,0.5120934353024865,0.5850262030101966,0.45100028019866845
3331,0.09853646904230118,0.682970637126022,0.34092397754250614,0.7308174734184233
3332,0.08517227321863174,0.7600067707734511,0.4525048807627431,0.8011333953448898
3333,0.21125076711177826,0.5132257049284539,0.13530019627199644,0.6024719163399246
3334,0.06940655410289764,0.7062262811958238,0.2881495882367443,0.7439914663138046
3335,0.08788637816905975,0.8305708047725813,0.6696838609971764,0.8495349903431781
3336,0.04258113354444504,0.9222582707452016,0.728492956648068,0.8962681212754378
3337,0.0669771209359169,0.6940291972567973,0.25977106575750114,0.7107924397872404
3338,0.08490583300590515,0.518989341592535,0.0833055987358652,0.5547620849178334
334,0.06525953859090805,0.8843915681051603,0.8077295935835846,0.8551248562097817
3340,0.1418115794658661,0.5805698974795815,0.42718831518749,0.5847348424568528
3341,0.08473131060600281,0.6625031155657176,0.2569252134938262,0.7624837369338164
3342,0.1153048723936081,0.7471551117424353,0.42049181253440554,0.7763125060589666
3343,0.0640425980091095,0.833697545817381,0.7117364075923786,0.8965544188865762
3344,0.04488353431224823,0.6400062925193698,0.24774451243513815,0.7993001312748313
3345,0.06313695013523102,0.8527818319000864,0.6064672077937603,0.851504353599146
3346,0.11310604959726334,0.7777597566465823,0.6395795830309338,0.8112950470058069
3347,0.06370394676923752,0.803687722724406,0.42264389808846575,0.8047815602433119
3348,0.024743322283029556,0.8520384045868329,0.6735696115776894,0.8852515907954115
3349,0.10533741861581802,0.7489773654840426,0.5633186718539405,0.8319275491397915
3350,0.06971097737550735,0.7840526504262149,0.4688552009593356,0.6297237295917617
3351,0.041396599262952805,0.8018613191444923,0.48593025715758725,0.8570141144936675
3352,0.05359969660639763,0.6157975234967266,0.18205569433194613,0.6436535109574764
3353,0.4604787826538086,0.3961886161942628,0.44337485826861484,0.32575643307858515
3354,0.03875797986984253,0.5673488736646215,0.0883912107074248,0.6665064478997178
3355,0.030455373227596283,0.6191735715818457,0.15660728134329266,0.6716038659792467
3356,0.4052845239639282,0.413993025916567,0.5291313091159977,0.446661107358132
3357,0.07613378018140793,0.6460728083304084,0.22036750233977997,0.6911547077690845
3358,0.06008581444621086,0.46400664993011387,0.03703846439046331,0.8175894046863224
3359,0.07630910724401474,0.766995794063444,0.48353640058022046,0.8537286029084951
3360,0.06219553202390671,0.7840386618751429,0.6079767911466937,0.8672726761778216
3361,0.036175940185785294,0.6676505236713881,0.15104310720190597,0.618347641454521
3362,0.07823111861944199,0.4629368045405642,0.03842048012914677,0.5386500154515563
3363,0.17123545706272125,0.43920369850234303,0.2547413323208023,0.3276987890013673
3364,0.08298242092132568,0.8284222680866646,0.7423244293654858,0.8382826518012708
3365,0.08155962824821472,0.7815245599937788,0.7091519746906073,0.8064680429365072
3366,0.19456085562705994,0.6604015958273785,0.48291109878616606,0.7567515886624898
3367,0.05682525038719177,0.6609917930938957,0.21488239100594286,0.6297188793469295
3368,0.07898605614900589,0.8195699197913885,0.666359928173674,0.8567643148821897
3369,0.06145472824573517,0.6614623645679606,0.2371454666105202,0.771758885167054
3371,0.12182886898517609,0.4274889365145457,0.0035191436734722846,0.3378654082342923
3372,0.14285071194171906,0.7066510753651858,0.7243269177189436,0.6625624050622407
3374,0.04631470888853073,0.8563067661857088,0.6806871080126046,0.9049650146797801
3376,0.20879890024662018,0.4965759041846312,0.5041139066459152,0.45029960018228177
3379,0.06820768117904663,0.8981636439008231,0.7518509996370351,0.887039465148776
338,0.04439885541796684,0.8083877193088578,0.40843749687631004,0.8143241543940133
3382,0.12317874282598495,0.6413287450976488,0.3917542810804869,0.7415352364534389
3384,0.07671339064836502,0.7793075628813808,0.7280053588922543,0.7710778081566245
3386,0.028272558003664017,0.7427294045395192,0.354719692535505,0.884101024602372
3387,0.2045767605304718,0.58933657817757,0.4276759167852973,0.6270091231035705
3390,0.09186556935310364,0.620206444557166,0.23921176300775515,0.7370868357585593
3391,0.12892691791057587,0.8338087591701964,0.7178966366090285,0.8013326069534501
3392,0.09190685302019119,0.721612530387397,0.45798678791584796,0.825634648759594
3393,0.1666271835565567,0.6314973745481711,0.581754807696119,0.65307330449468
3395,0.043055757880210876,0.791194681414413,0.5305875986778665,0.8645909608108006
3396,0.0735502615571022,0.6769022587659701,0.333389818417901,0.84240156437275
3397,0.18383675813674927,0.5768753016531196,0.47546015320983903,0.661427757802971
3398,0.06493734568357468,0.7700441937635764,0.6166179478155883,0.6728009083409869
3399,0.1820075511932373,0.5362378126707388,0.16914783107178022,0.6112886290256588
34,0.12150382995605469,0.7783783560973446,0.533364552334948,0.7163393794268997
340,0.24749472737312317,0.6442259170458191,0.6794764909473098,0.563232487099473
3400,0.03504403680562973,0.6288396973070371,0.18596426694039994,0.631943373806253
3401,0.11910348385572433,0.6119719690173184,0.23612232720301873,0.6163681876901621
3402,0.30679193139076233,0.48577880100912546,0.502499044876524,0.4620275488902254
3403,0.06865816563367844,0.6971538630970392,0.3313369775524864,0.8038773851812766
3405,0.06288114935159683,0.7266423503922621,0.6093440607967444,0.8053144556812155
3406,0.1074138954281807,0.7681788177066977,0.749385327592101,0.8293298570328996
3408,0.0290486179292202,0.8857247889134745,0.6630581801448447,0.9359772781804769
3409,0.09947392344474792,0.6370036029806534,0.26523710231966857,0.7628194730483135
3410,0.0994466170668602,0.6804896799750146,0.6519365131702296,0.7421837039863474
3411,0.19249935448169708,0.6396970189619982,0.6303690759581367,0.6884027554294858
3412,0.10578903555870056,0.7448933992408326,0.6473677722602548,0.789194996028415
3413,0.14384493231773376,0.4956763458324938,0.08320421008750933,0.7047661209972891
3414,0.08037631958723068,0.666268605770896,0.5526730532224304,0.6509955529261445
3415,0.03674248978495598,0.8572414224449668,0.6645637079435681,0.8550536596602754
3416,0.08760776370763779,0.7514299744843624,0.6778880940205871,0.8420137613877849
3418,0.23079708218574524,0.38703727690027434,0.04215389522136623,0.2578217054556673
3420,0.03864292800426483,0.6460251841183349,0.22563492809563573,0.7201467093381951
3421,0.09837489575147629,0.8298096157175756,0.5883453304947269,0.8493190041905574
3422,0.0883936807513237,0.6157296637825542,0.2722911648505713,0.6399416787854668
3423,0.11080315709114075,0.7351538262529674,0.5273383369778589,0.8471352232482011
3424,0.10541819781064987,0.7140016296360661,0.6575281247799978,0.6629339956878388
3425,0.14271165430545807,0.4987949416775467,0.1860327481064257,0.3354419578474539
3426,0.052960336208343506,0.641482409344262,0.09698059990185674,0.5976888875551523
3427,0.03705941140651703,0.5186991569780846,0.061804062317421714,0.70127376286298
3428,0.1730457991361618,0.4356396613434399,0.10551799946601784,0.31860401133794436
3430,0.2341620922088623,0.38597094663382325,0.054441801710617285,0.25979157387201657
3431,0.15292558073997498,0.56180198619289,0.3744345846470674,0.5183396609525313
3432,0.17795921862125397,0.5261338885114281,0.2228037656132317,0.7356647634922868
3433,0.021036947146058083,0.851725569719135,0.591145611728918,0.9207171897291018
3434,0.07248619198799133,0.7040341082319898,0.3055010841149503,0.7414769653421188
3435,0.09020797163248062,0.6157795103522326,0.09850590390549055,0.4712308694542673
3436,0.18381191790103912,0.7079244339386692,0.7253724064280385,0.6519234333146056
3437,0.2686719298362732,0.6087559722825436,0.6529532465191786,0.5281557443171765
3438,0.09097789973020554,0.6337750522040009,0.5058703310642655,0.5412458664670501
3439,0.0547039695084095,0.7629145787946696,0.5003350055816956,0.8494268972970815
344,0.043295279145240784,0.6116571982710081,0.15636979721214764,0.596477383743534
3440,0.18282350897789001,0.654949119269465,0.3247929977973587,0.6745910509376836
3441,0.057873088866472244,0.9273897047031209,0.8510715130905544,0.90195319121426
3442,0.055168285965919495,0.8119285055285062,0.6883019972259725,0.8167042252327041
3444,0.10612677037715912,0.487000419702624,0.06146895046960332,0.48448491100579694
3445,0.09930071979761124,0.7629009331661224,0.571813992531797,0.7605175048822718
3446,0.1788354367017746,0.6946427707297117,0.545727943113374,0.6577783687352521
3447,0.0910772830247879,0.4480112271623715,0.007423079417299743,0.45720489141688647
3449,0.0755583867430687,0.49225729866464274,0.08235824694001245,0.619502163469235
3450,0.09315401315689087,0.48396958600312134,0.06250649571839755,0.3866052273373916
3451,0.07870354503393173,0.7754430474555145,0.46025860567194543,0.8142546501078596
3453,0.04369703680276871,0.6110465318887163,0.1445852160906542,0.6365615598856785
3454,0.1656203269958496,0.6327409378681434,0.38300408841117733,0.7415922322981695
3456,0.10866965353488922,0.7789143769977105,0.5558790809636454,0.8112403419507225
3457,0.040574345737695694,0.6251926961876773,0.19573499665405641,0.6912803088169179
3458,0.14656655490398407,0.8167722493795759,0.6411899756754581,0.7776950742789877
346,0.08249953389167786,0.6235698449232031,0.3447154358040617,0.646317570472986
3460,0.17051073908805847,0.7758356778750113,0.7835226909366724,0.7295365677511885
3461,0.14868374168872833,0.7754647944603625,0.7005339312682161,0.7707785948723545
3462,0.14969758689403534,0.5828593681976659,0.4314076247612487,0.5108476652849206
3463,0.023761486634612083,0.47933031310029867,0.004405020651070669,0.5201178276109838
3464,0.5143861174583435,0.3100275860703028,0.43862107223724567,0.3040036801699314
3466,0.14342370629310608,0.5938597395172389,0.4793031364429596,0.6670323672053489
3469,0.07530225068330765,0.7196709012862581,0.4608946115089931,0.8298444601700666
347,0.10980822890996933,0.5116399585020561,0.19269580694045668,0.5818343088712659
3470,0.18952852487564087,0.71211677684612,0.6429632029260544,0.7044289444764168
3471,0.19714924693107605,0.5535465082673858,0.3756928016931548,0.5693596723466189
3472,0.24219508469104767,0.4051114158328119,0.2816266580228878,0.33146244511519374
3476,0.13174648582935333,0.6227108172180512,0.4844926219603618,0.7001046438759171
3478,0.10366551578044891,0.5097746916179556,0.05857366111279171,0.5509868946160035
3479,0.04316160827875137,0.7558887378653225,0.4066362573077587,0.8404356834498777
3482,0.0621519573032856,0.7658431554575258,0.595681778808878,0.8326987299254791
3483,0.13850024342536926,0.4740069018789004,0.046028502013331016,0.5009303891121826
3484,0.05882376804947853,0.7324898423430244,0.3455839373031309,0.7040036935324312
3485,0.03233154118061066,0.5521289936591306,0.0578954012880562,0.33495428793571447
3486,0.06128348410129547,0.6469491714429156,0.20836151514806453,0.6555144111969367
3487,0.08751537650823593,0.7958935018378137,0.7425865782654621,0.8227492223245209
3488,0.10552961379289627,0.47469833920638477,0.24194441280934198,0.329395065460789
3489,0.16390123963356018,0.697246604724066,0.7574509614106739,0.7563082666015609
349,0.09116540104150772,0.8069200274136212,0.6264082525171615,0.8097616466237428
3490,0.12144085764884949,0.7147424513071138,0.4207700546034253,0.7513612450444631
3491,0.16693495213985443,0.6605769252542375,0.3097156479734922,0.6722576132637672
3492,0.15060538053512573,0.6112272827770637,0.4971092024341406,0.6534956329280175
3493,0.07072111964225769,0.7108163428982218,0.4537018435733896,0.6822171398319568
3494,0.19516420364379883,0.44162247109814,0.2793093325422427,0.3331568062986676
3495,0.1254778802394867,0.5017062974470524,0.34113372193868974,0.3856835606240788
35,0.2863447368144989,0.47331683648193795,0.5494540980002949,0.45500695579272177
3500,0.048172809183597565,0.6289308792543818,0.23330448923572303,0.6451307646711362
3504,0.18394872546195984,0.6961677917670995,0.7674758204293443,0.7184315103167216
3505,0.03460293635725975,0.8005770939258252,0.5860259211819151,0.8736615490935874
3506,0.10371775180101395,0.7744787826306687,0.6130694624803612,0.8530481164655523
3509,0.1874292641878128,0.5385439824597698,0.1433168403417719,0.4898840018725982
3510,0.1272183060646057,0.5873910521909045,0.43593288684386355,0.4650434005565289
3511,0.06468312442302704,0.7543632734485863,0.3415872067817006,0.7862627285703079
3512,0.17074242234230042,0.5652241230095836,0.5777547923720338,0.5972131874969684
3513,0.08553803712129593,0.6206885055999387,0.4898375680019717,0.5724724806771386
3515,0.028455825522542,0.6843895872561618,0.17483668228660065,0.6683004809474198
3518,0.09708501398563385,0.7928665894655402,0.5358461908683718,0.8327071983194259
3519,0.07663922756910324,0.6726507576805072,0.34007331053621115,0.8582775962424218
352,0.3166739344596863,0.34457159548507205,0.046010792598816075,0.2578634363960971
3520,0.05024172365665436,0.6321713255171802,0.27601946949987266,0.6904993436742086
3522,0.12112770229578018,0.7854192480196016,0.4238217568890684,0.7664706088295248
3523,0.054816339164972305,0.6776682749807219,0.24616817556851117,0.7517318695989936
3525,0.09567922353744507,0.8129557459099996,0.7652426101394058,0.8513961883917343
3527,0.07355675101280212,0.6897614911745977,0.5611294837924317,0.6545753414230907
3529,0.048585548996925354,0.5387449527678329,0.08462883322476471,0.6767694838132884
353,0.0714123323559761,0.8363148299179837,0.6152721228651981,0.8899868552257759
3531,0.14683155715465546,0.6692218963403179,0.3002864586684948,0.6711857653621964
3532,0.09219250828027725,0.6985533215695089,0.38035744154266127,0.7998499493664162
3533,0.19389106333255768,0.5296196975047426,0.4603369846387686,0.4700700999783971
3534,0.03089960478246212,0.5941883865584703,0.08694924957898133,0.3588094798639755
3535,0.03288974240422249,0.5970636743580298,0.09790270249943886,0.6345931600801613
3536,0.2001297026872635,0.4327926941619687,0.01035115102689603,0.29643322198308275
3537,0.03477564454078674,0.5191716695651768,0.041169609659803166,0.5431385406551585
3540,0.028542496263980865,0.6849393869324406,0.266767694780537,0.5408270160222141
3543,0.0668344646692276,0.6066142044797939,0.1487772163227998,0.6170273941927442
3544,0.0994516983628273,0.665405624886423,0.5671887317599942,0.7674527863741423
3545,0.017452821135520935,0.840794962746477,0.5255311951368667,0.7719696671189163
3546,0.06518131494522095,0.8183932616787193,0.6338562009239784,0.848943861094787
3547,0.07565085589885712,0.5313295022254607,0.09871593719981428,0.6235800915327946
3548,0.07835984975099564,0.6602025575578141,0.20188270418112633,0.6913189526810762
3549,0.03557717800140381,0.4801500638906345,0.01433421757074813,0.574364898289899
3550,0.09894754737615585,0.4562773728732657,0.00927839108054151,0.319380016200932
3551,0.09642773121595383,0.4762999666372576,0.11327199011519351,0.3119315492841169
3552,0.11437342315912247,0.5529379832693301,0.48994399773532654,0.4912496093048172
3553,0.02978934347629547,0.7742149315755952,0.41691199614373875,0.8169644502136371
3554,0.18604257702827454,0.47631401841933046,0.06224212339741378,0.3858170553142131
3557,0.025261322036385536,0.9050797206513583,0.6852905757438065,0.9267338006081016
3559,0.014934290200471878,0.4942731151036516,0.003624313208412756,0.4258648190259309
3560,0.1122557744383812,0.8294881272204222,0.780421665174815,0.8099356604040284
3561,0.05390242859721184,0.8401569264846336,0.44835467545646096,0.8545065973596295
3562,0.0721014067530632,0.5246145885444817,0.0927588434290913,0.42337023843573107
3563,0.05817989632487297,0.8313276308904483,0.6262121018798571,0.895022061158196
3564,0.10978521406650543,0.5571740980836931,0.09705801992867558,0.5355870240131484
3565,0.08655334264039993,0.6984372219297861,0.2418700660477141,0.6915570357965184
3567,0.043929412961006165,0.7739094814162577,0.4538473909888202,0.8713044874470195
3568,0.09669166058301926,0.4935689497170936,0.06241684502715895,0.3775456926602565
3569,0.04049478843808174,0.7378471981790005,0.5476372208079768,0.8787183420507029
3570,0.03588554263114929,0.5073413443878442,0.024195967955954006,0.3701602326393895
3572,0.05229852721095085,0.873537787232409,0.5985007819800465,0.8585171949235875
3573,0.04849937558174133,0.7843233898535414,0.5024667123156418,0.7672522041058598
3575,0.007437411695718765,0.4970395831444456,0.0022345326632061298,0.25221957513594484
3576,0.019514653831720352,0.5733749099212218,0.054654648716368534,0.33630994939376635
3579,0.11099352687597275,0.6671424979739135,0.634356557859949,0.6586868160939326
3581,0.020725136622786522,0.5930907323477712,0.05476390658160495,0.47153429789012713
3582,0.11246687173843384,0.6214643560946306,0.4250772217417477,0.7591975467058122
3583,0.15370407700538635,0.5236326322581334,0.11165963627624055,0.7003250131187919
3585,0.10833762586116791,0.6056581132559533,0.39514504798757166,0.6235919117439468
3586,0.06239775940775871,0.8117484448366196,0.56048417867876,0.86932815844004
3587,0.16048181056976318,0.5999256864807584,0.47538896673227155,0.6346603911478244
3588,0.09399116784334183,0.6187803329255609,0.3986034638615601,0.511004526028307
3589,0.01595337875187397,0.5184407123986672,0.014073266978469893,0.2737698637735838
3590,0.048262402415275574,0.8400626246773206,0.3628569894476707,0.7574992986670752
3591,0.09004198014736176,0.6755877686727528,0.2456392307730945,0.692638139131255
3592,0.045337751507759094,0.5198466229925007,0.04829923027440785,0.5067352152349021
3593,0.04744764044880867,0.8345263566218075,0.6466730986271716,0.8374331369713058
3594,0.12766186892986298,0.5985206293261534,0.1377388775388292,0.5927560921463358
3595,0.005858968012034893,0.49794750449465097,0.0013238545420920997,0.2517298749522532
3596,0.0634317696094513,0.7593444166578402,0.7205774935121032,0.7554262335922665
3597,0.08718200027942657,0.8387943120463879,0.5686604830055615,0.855745553728299
3598,0.08096754550933838,0.576661857451872,0.20794626894903923,0.5991906614818056
3599,0.0781400054693222,0.4950931684116758,0.07975869624415859,0.4022736951187704
3600,0.03279731050133705,0.7287982714064493,0.31982941694732464,0.7368816530335575
3601,0.052266061305999756,0.7931434675429463,0.6245682831968665,0.8991545840932675
3602,0.06680435687303543,0.8861326468551101,0.8535806445060703,0.8491767261438776
3603,0.09220850467681885,0.680452797253687,0.6097691882703842,0.6729570501791127
3605,0.10795892775058746,0.7255033329874295,0.3023677861120289,0.7055152010497123
3606,0.141102597117424,0.6164080853323878,0.4204319225119201,0.6345234675295374
3607,0.09935878217220306,0.5143983138778352,0.08145305745674027,0.3341792971587336
3608,0.0841200202703476,0.8024993094745232,0.6355195126561239,0.8751622560681414
3609,0.1346767395734787,0.4512146607929088,0.019382094806437062,0.28897712221846794
3610,0.05799489840865135,0.6841195690138085,0.4160625137822338,0.57604875243893
3611,0.09307150542736053,0.8125484013971664,0.6832499220520203,0.8486852818809546
3613,0.05327492579817772,0.5246040784266386,0.04140980548710813,0.41010188397884517
3614,0.1207621619105339,0.7017406826289847,0.4947049685151934,0.8562679296780557
3617,0.06753245741128922,0.5519514493976714,0.11211312562099864,0.6696682263653195
3619,0.05782695114612579,0.8569308369177514,0.6395211183338612,0.7999284832581715
3620,0.0508008748292923,0.6101981578208723,0.1803808879328644,0.6134203798347061
3622,0.08749336004257202,0.46068241561284756,0.07351440895551568,0.6297207905904174
3625,0.1450216919183731,0.6337858347167928,0.5096100519441297,0.6115866847527676
3626,0.028328420594334602,0.9009302367670833,0.5902481622765442,0.8617845066930081
3627,0.1726297289133072,0.6091326385406985,0.6115902849603844,0.5644545844079573
3628,0.5199031829833984,0.2710773694026194,0.23464473190619248,0.26996688601475627
363,0.09533361345529556,0.6599794275551982,0.2778218052585025,0.6594412564314149
3630,0.07659024745225906,0.6876969874161185,0.26506793653136795,0.7215899093576724
3631,0.08460696786642075,0.6220570277918247,0.2887538335836404,0.7734709669089739
3632,0.017881350591778755,0.8033311042419463,0.5054658025409956,0.886593078039708
3633,0.12078222632408142,0.47950853264260124,0.09638471710687922,0.7118184426078209
3634,0.058788951486349106,0.6312327175884805,0.27945051030922363,0.8769803203172676
3635,0.08332720398902893,0.5293256022714657,0.32365513946924956,0.4119989932627806
3636,0.05376950278878212,0.7793615497445849,0.3904004900716422,0.7379698263470732
3637,0.0566738024353981,0.7314361904104418,0.3509578382494225,0.8297923550199171
3638,0.08492031693458557,0.8085076340064599,0.5382796478095148,0.8418016149131413
3639,0.025949357077479362,0.5987121436121193,0.058126359095851315,0.37947019007171534
364,0.061658088117837906,0.49642804287022735,0.3282511946881857,0.3986400569014508
3640,0.07116882503032684,0.8144321864074349,0.6496927096073464,0.8349355376476894
3642,0.07883189618587494,0.4717530949628454,0.13267666894014318,0.29235226530541547
3643,0.07720503956079483,0.7890605974054539,0.5657122225146279,0.8233313005060816
3644,0.08334912359714508,0.5793076105531294,0.2105270373266167,0.6276039125071236
3645,0.0722251832485199,0.46518836213914855,0.015667678855120628,0.25307732934871463
3646,0.03878524899482727,0.47020364512983104,0.0035371700408556826,0.4649104017100645
3647,0.02858075499534607,0.5243833610155864,0.034415558368225796,0.4560406279376772
3648,0.08650503307580948,0.8276666607452434,0.6129528405651743,0.8450421014520229
3649,0.030131123960018158,0.6767051763778251,0.1651205452451573,0.660716771056101
365,0.0842261090874672,0.8596942471144646,0.6034563597039453,0.862222768464673
3650,0.1649947166442871,0.4538681863205529,0.0818235915959717,0.4905943207400621
3652,0.13450001180171967,0.4771524480182167,0.07722363607135976,0.38756175886861316
3653,0.09618189185857773,0.5064659895077657,0.1395113500310723,0.8060709532843697
3656,0.030469048768281937,0.5594420057717151,0.0856861860337632,0.5467713290015599
3659,0.058037057518959045,0.6951545059578339,0.3536676794039363,0.7025272379525571
366,0.10496115684509277,0.654438571227135,0.29562303854356836,0.7034416451053785
3660,0.035332728177309036,0.48430340413127415,0.02465076385895974,0.2541932569672706
3662,0.12397236377000809,0.6766625538475313,0.30678054731280535,0.7203317342539397
3663,0.0773172378540039,0.6885000280055267,0.4307526900219979,0.5723492046282932
3666,0.057653576135635376,0.8559876308545897,0.7191377982621364,0.8578452235470234
3668,0.17863385379314423,0.5891702656966933,0.5162529972133779,0.577181811429013
3669,0.09730362147092819,0.7407250994237342,0.45704295469705564,0.8092168504363977
367,0.0575849749147892,0.8677958889107271,0.6588885450021867,0.9111799766063156
3671,0.09809832274913788,0.4541718085259687,0.07351385299908042,0.27123869755343155
3674,0.06345756351947784,0.7271529749584835,0.3352922115406021,0.7177506469235606
3675,0.06017877161502838,0.7010048674251772,0.3849117307579142,0.8569623965587649
3676,0.07641001045703888,0.473559658360092,0.1514245973867328,0.29642991642266325
3677,0.02835937961935997,0.784062458016682,0.40580333391411205,0.7550544424248551
3678,0.03609475865960121,0.4832065873041866,0.016061300351546973,0.2634004541402538
3679,0.08019351959228516,0.5010241608970956,0.1567854619565315,0.3324648960949359
3680,0.027547867968678474,0.6716785568850953,0.21210253457507242,0.7398015452289739
3682,0.14379262924194336,0.6216999487385428,0.5114501672069334,0.5763346057996848
3684,0.08860829472541809,0.645986188723143,0.4455022092310812,0.7037118378987612
3686,0.08875244110822678,0.5960670582510045,0.315529787829754,0.8522307615129997
3687,0.030934983864426613,0.7517693115964368,0.4450211142618512,0.8713547555482462
3688,0.09453374147415161,0.6890367080233384,0.6003648042556198,0.6576999172632205
369,0.3036040663719177,0.38450842856102085,0.2378099844400541,0.31289518344608475
3690,0.04463464021682739,0.8552651909041353,0.6615432775209772,0.9322255627627878
3692,0.1749962866306305,0.7270016321944118,0.6695433613744699,0.6769987120496286
3693,0.11863187700510025,0.780280625847448,0.6701970729815244,0.7855738038238926
3694,0.16208384931087494,0.7264728130508685,0.6141628961411062,0.7509803204524097
3695,0.10684274882078171,0.6359485403720191,0.6083077434138646,0.6543622015505439
3696,0.11395298689603806,0.7155884423811292,0.6037184850498021,0.8496998758368606
3698,0.044700488448143005,0.8182236141807716,0.6169305848894252,0.8883874721608397
3699,0.024296168237924576,0.4956613921074618,0.0491575601701809,0.36885213313127346
3701,0.043195221573114395,0.7505182351817465,0.3280692415102992,0.774458894132053
3702,0.0223846398293972,0.788355511235592,0.3953756665851122,0.8718013586849656
3703,0.1059156060218811,0.689414405972941,0.3018835970384353,0.7302182188749052
3704,0.11915166676044464,0.8050867433206867,0.6821983754842093,0.8299973315561195
3706,0.0650959312915802,0.8704181204951142,0.7318545758662853,0.829958668296175
3707,0.09747067093849182,0.668212169615137,0.2992484238444554,0.7575716719749226
3708,0.13812753558158875,0.7724119271739345,0.6679387592678565,0.7486926071248989
3709,0.06792782247066498,0.7631585005708503,0.5238244157445716,0.8792511398883436
371,0.0802203044295311,0.7175947467293906,0.3254726413195513,0.7578752700537614
3710,0.22128179669380188,0.4055258394307113,0.17127745652779605,0.2933985829321818
3711,0.04196811094880104,0.8173058766263315,0.5710018187785668,0.8588909899350011
3712,0.026810500770807266,0.9273630838164589,0.7262457343227862,0.920245781741029
3713,0.06395580619573593,0.805064219188962,0.6696909704174433,0.8184433090178422
3714,0.05281500518321991,0.6527224878064813,0.45542256812129706,0.8812479843833301
3715,0.14558005332946777,0.49204884921827546,0.24431939678391884,0.3653302056166777
3716,0.08982057124376297,0.6188631165618206,0.2616219111203278,0.797902935986872
3717,0.13377587497234344,0.4421796200048873,0.12522713280401768,0.2876030786449232
3719,0.11365646868944168,0.574909803872142,0.3532587629905378,0.5253604834647785
3720,0.10316015034914017,0.8043547073957269,0.6101069057475189,0.827174268602036
3721,0.07959344983100891,0.7541501571415599,0.4235739058036628,0.8101362110992687
3722,0.08312711119651794,0.6225196316970577,0.40505002511125543,0.8956883715246959
3723,0.022985542193055153,0.6526024615645034,0.10440633391158795,0.5471503946632055
3724,0.14266857504844666,0.5457537072371347,0.1885018015103927,0.6900584348885999
3726,0.07450630515813828,0.6447121652643043,0.23140515478973017,0.7478402934784327
3727,0.02459615468978882,0.7235328395523891,0.29739951254980934,0.803837313256332
3728,0.17194907367229462,0.5885459183719384,0.5026628610728987,0.5949195908330513
3730,0.20836715400218964,0.3975069086031621,0.028043556962126834,0.25440158552497927
3731,0.3108959496021271,0.35285436997877856,0.12915221871289145,0.27744154192296855
3732,0.1975620985031128,0.554425523114481,0.5156681610789235,0.5871337761295236
3733,0.2598520815372467,0.5401479794770511,0.4598733479621313,0.4716847201552955
3734,0.2593580484390259,0.3945128576776444,0.2263045225741646,0.3079357645199223
3735,0.04713332653045654,0.7808681281720913,0.37049950429593137,0.8237530575512614
3738,0.07532104104757309,0.49566090733921925,0.07839536176777655,0.3481653599169736
3739,0.2081313282251358,0.40445400027932826,0.13501017875287247,0.2813874788599689
3740,0.04768062010407448,0.8844729427147848,0.7032709840947361,0.9270947416057205
3741,0.08657757192850113,0.7371439356553893,0.45405847963440243,0.7792154460382281
3744,0.1163179948925972,0.5917391973624015,0.236953170066096,0.6493714681304794
3745,0.1780846118927002,0.5085047400942895,0.03895624730084119,0.45101401834202537
3748,0.09346267580986023,0.5401072612288375,0.28927198295768214,0.4912051766128485
3749,0.03952665254473686,0.8281895920297895,0.6689787455816636,0.9270858055042656
3750,0.0682690367102623,0.8134808960944755,0.6650380725775363,0.8735497275408315
3754,0.04016844555735588,0.6290108471198949,0.29379820710365756,0.8523311389863983
3755,0.054378874599933624,0.8040591282464153,0.6315519773809434,0.9075776494268266
3756,0.06659260392189026,0.7756975941782983,0.5687439614146598,0.7883766225384836
3757,0.12057008594274521,0.618151947862478,0.2374420345946783,0.7305879987178572
3758,0.12384288758039474,0.6414081877689587,0.4655655565118423,0.7887826119215859
3759,0.08258400112390518,0.4539758250292203,0.02599771086525926,0.8596264623383145
376,0.04159941524267197,0.7308580421599626,0.38289674247215216,0.8833496906599262
3760,0.23608796298503876,0.6011022448423347,0.519620795091597,0.5651119898674426
3763,0.08358021080493927,0.7699300720743704,0.6274913350146725,0.8508805281527475
3764,0.06681200861930847,0.8635821295804668,0.8231353914743105,0.8919891990731144
3765,0.16754859685897827,0.6559678154735258,0.6570733028221954,0.6267342553882709
3767,0.13726620376110077,0.6072138522268369,0.4882580347287664,0.46570026627794825
3768,0.13612544536590576,0.5632635551474232,0.2579405362717792,0.6693757626895969
3770,0.10299063473939896,0.6286853316630936,0.3793197891952806,0.8200769359300772
3771,0.04616080969572067,0.7671372927937337,0.43885849441728036,0.818207469398476
3773,0.23736070096492767,0.6220104667322801,0.5454246286003576,0.5886779864367874
3774,0.09434076398611069,0.7915137948612125,0.8085740252914552,0.8344155331939919
3775,0.09519324451684952,0.5675269742940295,0.10374239837702987,0.47753717195185225
3777,0.06250126659870148,0.6954525402695135,0.2578860387533028,0.7792277123747557
3778,0.07676725834608078,0.841389101455609,0.7386062232381805,0.8955483927299273
3779,0.06249351054430008,0.7408554756778019,0.4859303011574456,0.8764300331080948
3780,0.04952375590801239,0.793497034341534,0.5000227126770491,0.8820994675284721
3781,0.0940137654542923,0.8087260350930607,0.6824023411989169,0.8438314015542405
3782,0.07230760157108307,0.47708534905494615,0.10550287483538684,0.28499182532847805
3783,0.1396886706352234,0.657709992413118,0.2566648982345206,0.6810808307247384
3784,0.1733551174402237,0.6022361412316506,0.20185886234642814,0.6500973052239412
3785,0.04504998028278351,0.8474245884571177,0.7725800682474586,0.8720955925384983
3786,0.2617005407810211,0.5536632443832592,0.4239727432308087,0.6936842240464952
3787,0.0487702414393425,0.8056257544913257,0.5326527088746719,0.8992587273654933
3788,0.279794305562973,0.5169142490417749,0.46522973391600275,0.43090550813861833
3789,0.09356123208999634,0.7307841839801785,0.41725020447498445,0.8272516023177567
379,0.11598597466945648,0.8232480093409077,0.7873083226545762,0.7584481766016454
3790,0.0461292564868927,0.567618173596349,0.10425110926906044,0.586869487633415
3791,0.10640455037355423,0.6214259936997263,0.28455965648023573,0.8308976627540479
3792,0.06792615354061127,0.6577409224016924,0.31903980937007104,0.6517292996639371
3793,0.04497121274471283,0.839658042967151,0.7033558093029659,0.9226906543363307
3794,0.08540733903646469,0.7509968161420267,0.5533954684748044,0.7639660958633598
3797,0.09034522622823715,0.6683163495787431,0.4768683023618267,0.747243676251763
3798,0.04289451241493225,0.7544426103980111,0.36871287727395335,0.8460479882423169
38,0.1692553013563156,0.6112623845056946,0.4781777904309615,0.6334322333340017
3800,0.13053682446479797,0.6664873124771467,0.3288889960008046,0.7337909604844007
3801,0.05715145915746689,0.8604698118153448,0.6948871182212871,0.8312722553866552
3802,0.1269920915365219,0.7342101379376114,0.47511719720584766,0.814146514850814
3804,0.06368100643157959,0.7301831435689031,0.39310755046477525,0.8039017357941691
3805,0.17971956729888916,0.6067811679862408,0.5511694581146275,0.5202491734894029
3807,0.04010198265314102,0.6482464499415298,0.28633058502925757,0.843109532248653
3808,0.051800478249788284,0.7632241381799558,0.5014750313429517,0.8763341279272304
3812,0.08120406419038773,0.7126538916956876,0.42174734575786177,0.7129289920189301
3813,0.048884451389312744,0.8631897871887182,0.7131843826513307,0.9104826966222417
3814,0.1041700541973114,0.5843088428001535,0.3316083830840666,0.6048932845610246
3815,0.09830478578805923,0.6642660100194724,0.39061535231589345,0.7551283766796226
3816,0.21908490359783173,0.7384671585952172,0.7637304637872607,0.6715958910268341
3817,0.07472152262926102,0.7199605686483357,0.46139351412903024,0.8419930198364801
3818,0.04242168739438057,0.5161573269272592,0.17427011707633897,0.3253121897739347
3819,0.2321237176656723,0.5186159547136919,0.25570200956242406,0.7149953406759242
382,0.06981049478054047,0.8816724647665011,0.8389350910274712,0.868905928936639
3820,0.044456955045461655,0.8940661159422082,0.7775721988371794,0.8883156960309937
3821,0.05442719906568527,0.717862514833485,0.44800585843609475,0.6897031812910281
3822,0.21837152540683746,0.40605378336802483,0.16756080336497664,0.29639995669093927
3823,0.08669082820415497,0.8446107429262942,0.7487082903373032,0.8949618827319528
3825,0.06016462668776512,0.7770534948880907,0.6630993328280248,0.856393206365216
3827,0.037364281713962555,0.8222512674802804,0.5295236659704174,0.9062434234633365
3828,0.0682051032781601,0.5686263399519748,0.15316243570098695,0.5474125129576004
383,0.10288162529468536,0.7797019946944099,0.4755125838573951,0.8010463650660351
3830,0.0858045294880867,0.8157985132095864,0.8070399979625794,0.8389638939530097
3833,0.06057164818048477,0.8372537931841468,0.6818144800278872,0.9093691374429962
3834,0.05548970401287079,0.7283649954874658,0.43644032603348837,0.8793876363092281
3836,0.03849836066365242,0.7911207979008965,0.7853399098158651,0.8781938914127909
3837,0.08779416978359222,0.5141805043710798,0.08007363986557121,0.48375873969070515
3839,0.11514253914356232,0.7995081336872651,0.6434249350956147,0.742433697609421
3840,0.10180939733982086,0.486517328936795,0.26405525844375477,0.3566400552742597
3841,0.2813936173915863,0.4850739567407487,0.4169971649373188,0.5341089232677545
3842,0.16634401679039001,0.5602605872016466,0.4877848458923144,0.465412293349186
3843,0.20200172066688538,0.7111433330556935,0.6274531303734221,0.7303408155410969
3844,0.16365236043930054,0.49685463393120444,0.14900326129582414,0.729383701964341
3845,0.06106727197766304,0.7995697726714528,0.635636791140784,0.9104567026909981
3846,0.09956317394971848,0.6585989623026354,0.27789364856194443,0.7211230775203339
3847,0.03498358651995659,0.743715919142015,0.4880392674337907,0.8346313129411234
3852,0.13015545904636383,0.7679587016868721,0.7502403702237014,0.7690738325075271
3855,0.114193394780159,0.4484392802969662,0.10443447521868694,0.27308316010376055
3856,0.0748954713344574,0.5609332652008496,0.14746322208917753,0.48316132890549446
3857,0.09664621949195862,0.6646413955919938,0.4910713963175313,0.7383993820809512
3858,0.04848112538456917,0.7174517254190185,0.36199637504829135,0.8491396448669388
3861,0.13976703584194183,0.5986430815229177,0.3643326445628146,0.7566504339982816
3863,0.08277487009763718,0.6489497212641187,0.45140378840269724,0.6188433549375383
3866,0.10683514922857285,0.6330745597503513,0.3447470545322445,0.828875866723652
3867,0.050941288471221924,0.9191076767627986,0.8806415700684237,0.9148242078750535
3868,0.06834036111831665,0.8496464505849591,0.6442078211282269,0.8777230277499983
3869,0.17343981564044952,0.7483365961453147,0.72877321860757,0.7314652059408855
387,0.10774566233158112,0.795274756679434,0.7119623790274588,0.7859044335845593
3870,0.11194756627082825,0.8097208662642186,0.748279215350083,0.7916548279642637
3871,0.10924156755208969,0.7830460900423165,0.6911112210173549,0.7838989941059239
3872,0.03820434957742691,0.7844757576427485,0.4333110156576643,0.8896632910148162
3874,0.028438817709684372,0.5014528649368061,0.048718143456971175,0.5328510719095811
3875,0.054682407528162,0.7113075241641986,0.5583896934645964,0.8811469805376412
3876,0.04902667924761772,0.6989371887615969,0.2934790734600921,0.7130401747744686
3877,0.10081636905670166,0.6930073488894697,0.45181494184040943,0.8634053173382337
3878,0.060565151274204254,0.6440511738484678,0.25899255743084304,0.736760880814338
3879,0.08266601711511612,0.7298772760177099,0.5190479140319144,0.8584102006769377
388,0.18354417383670807,0.636534385599882,0.640725382472923,0.5599661655352286
3880,0.04274023696780205,0.7634883475022085,0.6965569101681324,0.838333642050227
3881,0.05075857415795326,0.61294678520066,0.14120220149302948,0.585349485674431
3882,0.04862242937088013,0.7217732121642686,0.20527879220892115,0.6972914579503515
3883,0.07240902632474899,0.7978079576570227,0.6467217941011634,0.8919064404688831
3886,0.08524282276630402,0.49499593247423784,0.10623987676847917,0.47694215026577574
3887,0.13740548491477966,0.4575552418639958,0.010300009907395323,0.27779844391353736
3888,0.13979472219944,0.6925387829879566,0.4026062156330962,0.7589610856926782
3889,0.04927270486950874,0.9116578878205687,0.7338294353726745,0.913053610252794
389,0.15856248140335083,0.6872789589822201,0.5893103838727082,0.5414982399933492
3892,0.3195863664150238,0.34271476241506726,0.062321712552515736,0.25710909140977556
3893,0.07669196277856827,0.7404867169362277,0.5795773618420441,0.8928450947577149
3894,0.2750667929649353,0.4577122982542648,0.20220575748876318,0.49546496117108196
3895,0.07432293891906738,0.6348284463049696,0.4963734071879499,0.5802248096080295
3897,0.054473552852869034,0.7037302070750683,0.31706615563579393,0.7279528606490897
390,0.10786572843790054,0.7344227029705555,0.671346832130034,0.6345595431063401
3901,0.17976482212543488,0.6247996483836253,0.4690239379497918,0.548944449160257
3903,0.1390901505947113,0.7045408840201138,0.5707619376208979,0.567796852259622
3905,0.11386503279209137,0.7088525460595847,0.5299521054891703,0.6900979694458896
3906,0.08025519549846649,0.8569036110671886,0.8522759570211103,0.8567461206459107
3907,0.08525801450014114,0.7368381033738007,0.5689440972331915,0.8422966973265005
3908,0.07187929004430771,0.7730893140325683,0.5125405240420077,0.8873965555841108
3909,0.24155595898628235,0.5391587694929144,0.43791276714892235,0.4804145236828684
391,0.28447824716567993,0.41666598016346124,0.345259018792714,0.3506262783462115
3910,0.04639650508761406,0.7297246321958595,0.35668348746372913,0.864891217291839
3911,0.05768232420086861,0.5976323464350015,0.5585611415984116,0.5669394684848481
3912,0.08140537142753601,0.7418482832866372,0.5781326682577738,0.6410617286702716
3915,0.059985216706991196,0.7163935251597049,0.3198771922447258,0.8015503834608639
3916,0.15729419887065887,0.7529390388658224,0.6408415805153717,0.7265488837943526
3917,0.2311309576034546,0.647849666195711,0.7397425816290076,0.6526284499821247
3918,0.0989345833659172,0.7851385627474707,0.6269599288777079,0.8475160041824641
3919,0.04984799027442932,0.871141692767899,0.541460726322758,0.8478703172326302
3920,0.16516254842281342,0.6432830343761995,0.4818424367825403,0.7914616484356187
3921,0.16219842433929443,0.42239228391718026,0.045593594706069246,0.260233031126194
3923,0.2575095295906067,0.4051983389829346,0.2622812000598934,0.3190010944067779
3924,0.08027049154043198,0.7213231401221766,0.5001937260959151,0.8556332041036614
3925,0.050974175333976746,0.8788674431701423,0.6972909280569795,0.8708751689074752
3926,0.06731048226356506,0.6619271963418288,0.27548951785262427,0.8540175310398729
3927,0.09521707147359848,0.7013413735243681,0.3656254523376156,0.7514039318370722
3928,0.04029388353228569,0.7294933695887045,0.4073812693924464,0.8649948389529606
3929,0.15002834796905518,0.7447065647993459,0.6946441815102969,0.7334565999628987
393,0.12171635031700134,0.5649925230433037,0.17182425562927683,0.5934038192332105
3931,0.03891216218471527,0.8012649324277046,0.5088657446710314,0.8774011964598148
3933,0.1519295871257782,0.6366132079889422,0.2803942654310212,0.6868896361118391
3934,0.08003190904855728,0.715699707020775,0.5791527907147666,0.7229289360909394
3935,0.3275986611843109,0.542311368227993,0.5588314360178747,0.5429511154735933
3936,0.06635589897632599,0.805709489430003,0.6580159294847963,0.8795972911002482
3937,0.1993178278207779,0.7503318856068588,0.7952973661420577,0.7118364626850318
394,0.05187735706567764,0.7815003939762639,0.3351450430217811,0.760720518528232
3941,0.0699099451303482,0.7422901203696295,0.49326703076468836,0.8384892263743764
3942,0.08165112882852554,0.8401774975638232,0.6534978487042911,0.8815214668836253
3943,0.06353120505809784,0.7886013438325543,0.5077317091033816,0.872583986914458
3944,0.03196858614683151,0.7249268762265602,0.23261955945244878,0.7145198827831585
3949,0.07280053198337555,0.6548857241895758,0.33004047256726216,0.8224825533347058
395,0.24981336295604706,0.467910288948583,0.30141362854172304,0.3865895173384525
3951,0.1215638816356659,0.7736511629903985,0.7473076472419243,0.7707257877881404
3952,0.07391394674777985,0.8434513684980267,0.6509911716395353,0.8776202977362528
3954,0.07930754870176315,0.520802497277603,0.11180859478522809,0.5309650998539817
3955,0.08673746138811111,0.8459939186011358,0.782041336688084,0.8410823665560085
3956,0.05984307453036308,0.8771717038322226,0.6489611784621145,0.8810156163822567
3957,0.20598404109477997,0.4235179931730434,0.21915228130911152,0.30950119156953737
3958,0.20053261518478394,0.6172040220123904,0.46103791706010755,0.7255347601643327
3959,0.03545145317912102,0.7151970251748667,0.32847747366976343,0.8023391200012003
396,0.11855537444353104,0.778205682196143,0.6890516827689455,0.6977830520931457
3960,0.08836770057678223,0.631711003226783,0.24043591613139106,0.687899791067244
3961,0.0803910344839096,0.7321064897297622,0.51900577395654,0.7819605332361197
3962,0.05260596051812172,0.5866338711847493,0.1469791944105405,0.6338579186611527
3963,0.12414420396089554,0.8516098800293325,0.8206007012455567,0.8234933104904198
3964,0.0879739299416542,0.5850102033916793,0.1702466530048849,0.5502934398573541
3967,0.13848190009593964,0.5561329165446279,0.1550566232100843,0.5221819542476379
3968,0.06946167349815369,0.6821548084113875,0.19059527614652705,0.7060699460268678
3970,0.04911155626177788,0.8944996393586633,0.7785904964062094,0.9120339883670414
3972,0.12058098614215851,0.704950898715367,0.42346584724041325,0.7926772940074093
3975,0.029027169570326805,0.7502682588510443,0.5668060743229673,0.8333162190827232
3976,0.15015541017055511,0.6791718854590079,0.5356607361595483,0.7618021128872132
3977,0.03473539650440216,0.8400383814284436,0.5715542601961469,0.8928792982857441
3978,0.1061776801943779,0.45947600666587923,0.12192740967478471,0.2815497647680716
3979,0.05780895799398422,0.7540375372614687,0.44670214768252214,0.8882118887647094
398,0.08051417022943497,0.7980430347270973,0.5465432059216886,0.7895497314598863
3980,0.06884993612766266,0.6095820612417211,0.1734850349406659,0.6897454003235126
3981,0.12751886248588562,0.5528321653441659,0.33906630231557366,0.456807338586488
3983,0.037860725075006485,0.6952387232159081,0.4178094518370328,0.8198493546159679
3984,0.05631542205810547,0.8619156373493297,0.7667179334740593,0.920122015037258
3986,0.03105160780251026,0.75922550933339,0.46763364330758045,0.9228025262237767
3987,0.10292307287454605,0.45022165688895704,0.025798469724412604,0.2544692332880675
3988,0.04518977925181389,0.6849847971726308,0.24659456348745332,0.7756442722600607
3989,0.14520102739334106,0.6127717021398476,0.47863481364819616,0.6322864762765903
399,0.0861448273062706,0.4578875122848553,0.01322988406420795,0.2527520998213987
3990,0.059982337057590485,0.5619619381166663,0.05726435381872233,0.43973236395451737
3991,0.09592405706644058,0.5576944560268362,0.1329309885161245,0.6782247800545739
3992,0.03458826616406441,0.7099396653184118,0.3136223189255469,0.7565676006493056
3994,0.10813219845294952,0.6966386628915948,0.3421489776208104,0.7689877182130034
3995,0.0567600391805172,0.688229852587706,0.26175606687589625,0.7608465218160829
3996,0.17661316692829132,0.4134844582785743,0.02421870809882062,0.25344455287683343
3997,0.10527121275663376,0.4674215542509375,0.0727709091898085,0.39886786063097496
400,0.26827362179756165,0.6834108155657053,0.761292223128342,0.5965373172678552
4000,0.07839721441268921,0.6801529216494896,0.3164884680788294,0.8236730262657488
4001,0.1941462755203247,0.7299630395112917,0.6496226335735267,0.6838779296191319
4002,0.18669360876083374,0.4181570509594713,0.14999022561233158,0.28837900431446595
4003,0.07186590880155563,0.9069614721015289,0.772124440298944,0.8880409673990088
4004,0.2199048399925232,0.40427562820905516,0.08557915889153321,0.6749755473591288
4006,0.07680315524339676,0.8535888295162347,0.6698608988948505,0.8855062392663002
4008,0.08716122061014175,0.5321716186727163,0.1289895611660882,0.6871838660710818
4009,0.23105168342590332,0.6967431007643772,0.7406362971010395,0.6685362232463743
401,0.0785292536020279,0.7271578493968849,0.3389693938014794,0.7252649833687493
4010,0.24350009858608246,0.6596641975748971,0.6328080115829303,0.5790045168986897
4011,0.10780296474695206,0.8425157066901553,0.5775933639275409,0.8087964214724315
4013,0.3210015296936035,0.5658672769652929,0.5562162157259698,0.5941918149865637
4014,0.2995378375053406,0.5486867906846258,0.609005573114899,0.4937274230147984
4015,0.16844074428081512,0.702123216817177,0.7085888294113816,0.6444963466991858
4016,0.16266092658042908,0.7815471183315341,0.751073667924192,0.7604684151949115
4018,0.3506699502468109,0.5546767870449723,0.6544700935281841,0.4690347407143858
402,0.2664836645126343,0.4605787204250894,0.4618788267769823,0.4010078322403937
4020,0.144929900765419,0.7083512598380569,0.6213043087135374,0.7566187265870339
4021,0.1963593065738678,0.4173017947942459,0.17034755528501166,0.2934187364696266
4025,0.08536335080862045,0.8699130110113913,0.7049782857228145,0.8659328501141081
4026,0.12674565613269806,0.7248945918449214,0.617377763102077,0.7297373267107654
4027,0.220232754945755,0.6405094368968831,0.6832456852013158,0.5789213501636158
4028,0.49614012241363525,0.3504476247020144,0.4581110794683925,0.3038290698786984
4029,0.0816173404455185,0.8140687906140118,0.5691127249791357,0.8307600930972849
4030,0.5086748003959656,0.2721995787340458,0.26281180038275365,0.28322136085138616
4031,0.07466313242912292,0.87321806197009,0.834569505096942,0.8844634761744722
4032,0.1753227561712265,0.4131532675586155,0.006736817305447144,0.25010384909639005
4033,0.21416456997394562,0.38765819434512827,0.10963676319230278,0.4707665980557289
4034,0.1211751252412796,0.6859289468622929,0.3023455310974525,0.6727920394138993
4036,0.09446703642606735,0.7046456631426172,0.4978936471048518,0.8254457226874172
4038,0.23930217325687408,0.4110292953255692,0.2920536439441329,0.32909943910915773
404,0.1857629120349884,0.44173430041787626,0.14760899802609131,0.4988832855029429
4040,0.1577799916267395,0.7906056198484817,0.8384812286317214,0.7724416550692995
4041,0.12379288673400879,0.800722360496845,0.6782386327102221,0.7933829428483898
4042,0.4010264575481415,0.5472457102551322,0.717907260763211,0.45376288309346435
4043,0.16207312047481537,0.42001969814861856,0.010700672882199258,0.25078681667868485
4044,0.12745000422000885,0.7829869257890928,0.5364894985512351,0.7984773095755919
4045,0.21115663647651672,0.415868591830717,0.1908578171716952,0.30156885916873544
4046,0.22455371916294098,0.743481039595745,0.8855837280025016,0.7064627312785462
405,0.303775429725647,0.4524381127371972,0.5227524216148898,0.418821203099236
4050,0.12417012453079224,0.8308899049324613,0.6760952396169527,0.8272045509478243
4051,0.39165154099464417,0.5041672586820368,0.6026674144168522,0.4178742242407163
4052,0.19164904952049255,0.6039187563303763,0.4268838886771983,0.7786270902473206
4054,0.429484486579895,0.5329701912793208,0.720673930272486,0.4342682880768484
4055,0.16707462072372437,0.774230875416877,0.8044611478534222,0.7273564467484143
4056,0.3449588716030121,0.4378110153111178,0.5393895156088715,0.41396144825793124
4057,0.3137305974960327,0.34453292520215206,0.018503044776613378,0.25242642004623017
4058,0.2632201910018921,0.5743935239464831,0.6459717816791113,0.5182483749833935
4059,0.12424931675195694,0.6828535549302204,0.3699043731885523,0.7844551707282812
406,0.04333500936627388,0.8895076016272551,0.6830583968020272,0.9138363937487114
4061,0.1021520271897316,0.8526401484682006,0.8680899397389801,0.861801581942766
4062,0.08351574838161469,0.8024079031820959,0.7560989411134061,0.7859751067085596
4063,0.12234535068273544,0.8256523029073417,0.6661579204003903,0.8335618030127468
4064,0.08524446934461594,0.8544602802300365,0.7088185880088687,0.8474178966636765
4065,0.15824458003044128,0.4849902326486598,0.2607540203623594,0.36050150499709854
4067,0.44618651270866394,0.2827548634153658,0.0949645799023816,0.26212643363705446
4068,0.047273311764001846,0.909440329861368,0.7166887992299396,0.9207952856405544
4069,0.1392633020877838,0.4934609067805062,0.33782332822319455,0.37052904590502383
4070,0.11035676300525665,0.6960901772386346,0.4976589180139128,0.8124984363887775
4071,0.4151156544685364,0.31363631715207674,0.19213180942378852,0.2870584903813058
4072,0.05729522556066513,0.8799018888861618,0.6686629501601327,0.8861090180092955
4073,0.38823002576828003,0.4575096880901553,0.40988676532314244,0.407288124357032
4074,0.05807024613022804,0.8752951378275757,0.7085355420370629,0.8927959027600717
4075,0.009746025316417217,0.6057697783189036,0.09203633613199733,0.3870045035792882
4076,0.13729259371757507,0.7979255717776199,0.6973551474743402,0.764110157162148
4079,0.20739026367664337,0.3999721145656518,0.07091719957194903,0.26429995385814375
408,0.08390424400568008,0.830263558151275,0.673205275018558,0.8545425591052773
4080,0.16169439256191254,0.6911239597845574,0.4731364577643802,0.7818897229889765
4081,0.18683694303035736,0.6826025980504622,0.7353029977857668,0.6405385619718431
4082,0.11839686334133148,0.5021275181770422,0.08705423974229905,0.45185269166845493
4083,0.19019633531570435,0.696475412268783,0.762689274679395,0.6922038973910178
4084,0.10683382302522659,0.8327547597835461,0.768725795509165,0.8631433249324896
4085,0.33936816453933716,0.33460856908694303,0.10189302860453342,0.28481557225526777
4086,0.20099103450775146,0.4006650051243095,0.013935589614022937,0.2520031906788778
4087,0.11199744790792465,0.7051027731588602,0.4732671183215284,0.738478003226508
409,0.07122844457626343,0.8726894567543778,0.8219605735685429,0.796602868968882
4090,0.15922538936138153,0.6564202697678163,0.4369428100358652,0.5383796125688314
4091,0.10474468022584915,0.7109170045042001,0.40805078391767663,0.8184854877770116
4092,0.17378659546375275,0.45401085399612773,0.0957202063950948,0.706655688546673
4094,0.18785251677036285,0.7205221051657703,0.7975652831494459,0.7089631130149092
4095,0.17700576782226562,0.6697426962379467,0.3685995515101196,0.7073800834299147
4096,0.3958071768283844,0.5095690592373374,0.7246025084992362,0.4595101568541672
4097,0.12522654235363007,0.7833630788620558,0.6488008720748221,0.7405943126392072
4098,0.06700807809829712,0.8514931028888237,0.7017899299094527,0.8991325575176837
4099,0.34379827976226807,0.4594874262094598,0.317578484688059,0.336981834635694
410,0.3369297683238983,0.4002826260190781,0.40155237507849906,0.36044603802753494
4100,0.23981186747550964,0.3834792451537065,0.07709063823033668,0.268622697289459
4101,0.166345477104187,0.6791166745262744,0.7150760683047226,0.6808899546503602
4103,0.41046571731567383,0.46270608845198125,0.6453651707454982,0.4318231399166963
4104,0.07953525334596634,0.7761743964932788,0.6190491420525802,0.8999969382412273
4105,0.1339430958032608,0.459020965158569,0.0285213681631507,0.3186712588918471
4106,0.2674986720085144,0.43663544881854827,0.454450179966141,0.3978519140749865
4107,0.048881132155656815,0.626573446967972,0.10683761288226187,0.5767847242853836
4108,0.5187231302261353,0.3840795240856714,0.5853800346868949,0.30687445959979703
4109,0.13819947838783264,0.5984047074898307,0.17888685793149287,0.634757468801153
4110,0.0654294490814209,0.877309930083901,0.6187968828361323,0.8618605736398706
4111,0.32942959666252136,0.5307055842908801,0.5381803434408591,0.4629444212570333
4113,0.08302351832389832,0.7941982787563615,0.4707602508606968,0.7760395212267107
4114,0.29360049962997437,0.35608564079752675,0.04548040602994381,0.25730404455671485
4115,0.10206126421689987,0.5355347359022715,0.13224366294490067,0.6214976973990246
4116,0.16698786616325378,0.5930379910126415,0.18657825063369496,0.624146108251375
4117,0.06801905483007431,0.4746317381373913,0.060177662802357396,0.27723654179788426
4118,0.5491346716880798,0.2663007236761876,0.3226257642550985,0.276248977926319
4119,0.18099957704544067,0.7413202732121829,0.8352554978165433,0.7438664484451261
412,0.09910496324300766,0.6971710263612164,0.36555525105609277,0.7743715040743493
4120,0.14037244021892548,0.6565315577500933,0.3162318655468465,0.7900946233682165
4122,0.14937733113765717,0.7709659664999958,0.6076993593627084,0.7952349803123875
4123,0.305328905582428,0.5706948468064689,0.6894356977785226,0.5178963562872014
4124,0.08431847393512726,0.7048863352204862,0.4250966209373848,0.8290149821205632
4125,0.10615094751119614,0.8660510000083624,0.7304338382990451,0.8303801318720769
4126,0.13108721375465393,0.665736292786843,0.38545467693578467,0.8080920642043775
4127,0.05717811733484268,0.8656032262061731,0.6243581623501147,0.885321476765814
4128,0.1003604456782341,0.8118664700295912,0.6902179277286264,0.7202620247304856
4129,0.16510973870754242,0.5603385639353209,0.23024161126264656,0.7052519558085103
413,0.10158876329660416,0.818856240825196,0.7257044886671575,0.8027233048956266
4130,0.28021082282066345,0.42177266261329194,0.39775126323311283,0.3687128437307648
4132,0.0733102485537529,0.8782629662111092,0.8127528485292077,0.8681649076459754
4133,0.17943042516708374,0.7800542651962481,0.8003809815597565,0.7390985293696832
4135,0.19121883809566498,0.7271692082231254,0.8190808167763599,0.715674859556015
4137,0.5085424780845642,0.4521521164048199,0.6848958306267912,0.33556046202134615
4138,0.19358472526073456,0.4613762484777935,0.36030641218146053,0.38157164575344177
4139,0.2833266258239746,0.5160353954196562,0.3525366410311878,0.5204032087166313
414,0.14866609871387482,0.7780758292686485,0.8155159375637924,0.7382434559215034
4140,0.11219429224729538,0.4622137782627046,0.060718226458188175,0.7401622359060618
4141,0.3712940514087677,0.31574750893075487,0.017797711419809972,0.25189451440879207
4144,0.2609732151031494,0.378120907634579,0.13678402184868324,0.2812076483157337
4146,0.08632805198431015,0.7172097489004081,0.5713538748691608,0.7521144911307792
4147,0.12545853853225708,0.7280020017054142,0.4614117685025746,0.7889170447070852
4148,0.14021223783493042,0.5671972239848058,0.4098462216302886,0.7787879284070336
4151,0.06107239052653313,0.8611984976486922,0.6268032601700184,0.8932463637730798
4152,0.11585158109664917,0.5987529691719724,0.2876604113885042,0.7810747240484224
4153,0.18412205576896667,0.6883291698035117,0.6092614292949876,0.5543085219333135
4155,0.2997361123561859,0.5529855830537824,0.6700942759148579,0.5167469986098443
4156,0.23226512968540192,0.5844629713432279,0.3606845149802152,0.5430437283412581
4157,0.1156744435429573,0.7407506996451749,0.6360012785230712,0.7917379142571921
4159,0.15130913257598877,0.6077003304804138,0.6529948256966761,0.5879480457654684
4160,0.0936368778347969,0.8238697493375653,0.6791652826195729,0.8186243298163951
4163,0.09895966202020645,0.6864601184049447,0.38243040405838086,0.6458825427825868
4164,0.1223321184515953,0.7563798332839763,0.4213082866698169,0.7577825748578636
4165,0.1549745351076126,0.42511291620220704,0.05107784104177928,0.2587425401831275
4166,0.12209502607584,0.7134974054052694,0.5037451894477017,0.8166105888057994
4168,0.0980975329875946,0.762364517829681,0.7046516861976837,0.7707566426334989
417,0.2475859373807907,0.4313995500680639,0.3078760717025064,0.33904490930440095
4170,0.0988231897354126,0.8125368123261252,0.793360289104844,0.8108973434477984
4175,0.05423280596733093,0.8418500678428509,0.6640900607497793,0.8692681651524399
4178,0.1174447312951088,0.7110648676217196,0.5043673249338726,0.7581535706989839
4179,0.08327086269855499,0.8424946218323517,0.7547482734942527,0.8458135010885418
418,0.06267623603343964,0.7473128784356016,0.28966089194585587,0.7828020883872028
4180,0.11006768047809601,0.6395526437402159,0.5185954260084034,0.6545973432177778
4181,0.10827925056219101,0.7556293219321195,0.7307930148197411,0.7801409273021191
4187,0.07803798466920853,0.7823779220486881,0.4923800273276713,0.8643192728435503
4189,0.17222951352596283,0.6328864747869157,0.39985664842773283,0.6955855271840292
419,0.042113326489925385,0.8514698901515076,0.673309126398728,0.9333560843555783
4190,0.23268349468708038,0.6575135994231457,0.6995945996665868,0.6238718484909859
4191,0.07312873005867004,0.8004977000781247,0.5112368206439346,0.796275550142217
4192,0.14166772365570068,0.6601787492039481,0.5105579881695419,0.6989333614019382
4194,0.06137993186712265,0.7980196024192818,0.6959770908835744,0.911782577168178
4196,0.055655285716056824,0.8645584780021007,0.6236791670499875,0.8961708607807415
4198,0.060870882123708725,0.7795953046210468,0.5314853660143978,0.8665773270679471
4199,0.11452291160821915,0.8075816597991722,0.7967123071790133,0.8435210291046793
42,0.12570807337760925,0.6077148149014537,0.24008021099445598,0.7228265927236949
420,0.0880964919924736,0.7916799286584634,0.705784444714561,0.7724861446198656
4200,0.04654811695218086,0.8285999438042994,0.5759476901981329,0.9064095440599726
4201,0.1584026962518692,0.42916236004937525,0.11042390100095008,0.2792555070934626
4203,0.06803780794143677,0.883172664496261,0.8297895817514962,0.8780916669912269
4210,0.14570759236812592,0.4479483200351169,0.19163499551835408,0.315083233970576
4212,0.13852500915527344,0.6707531046092373,0.3264548550726989,0.7206305058842517
4213,0.09865515679121017,0.8561042247488115,0.8612110110212384,0.8524785520547981
4214,0.0797513872385025,0.8821875397807963,0.6983979696411914,0.8687228674656737
4215,0.1190512552857399,0.7140179692435263,0.6888794919307173,0.7323905025881481
4216,0.12027717381715775,0.5201154715527728,0.08983695361444474,0.46111201301437676
4219,0.1391974836587906,0.5872749841666579,0.34216259057762954,0.7788248399913235
422,0.024132156744599342,0.6368721152573823,0.07411084461383881,0.5033008403782321
4223,0.10658296942710876,0.619158612761672,0.1868101991440874,0.672899417962965
4225,0.05734545737504959,0.896410142817422,0.8303730922520604,0.9008713793340757
423,0.06461538374423981,0.791208322696154,0.7616990792267639,0.8069953436167453
4231,0.15022622048854828,0.6878918519360202,0.5644950341646225,0.7599634736212271
4232,0.07412528991699219,0.6787558503434438,0.2695820157924502,0.7205053571079242
4234,0.0841769129037857,0.8513040595759267,0.7970476302690501,0.8206856178589873
4237,0.050792451947927475,0.9000409154938205,0.7876825963242349,0.928063964373134
4239,0.1317259967327118,0.51057795491973,0.3865934243732611,0.4118721381518464
424,0.19855722784996033,0.6249255941989865,0.6133388788861811,0.5745355292353984
4242,0.17239773273468018,0.6997377776489933,0.6957150986617051,0.6519533165944489
4243,0.18212592601776123,0.4680289868524139,0.18157478827721843,0.7277667217126926
4245,0.1949647217988968,0.5207317072250144,0.3881365580299187,0.43441417759116374
4246,0.0350198820233345,0.816658413568874,0.5722632850486143,0.8825115789502374
4249,0.13187216222286224,0.6200256735428716,0.5318811458232849,0.535050039874554
4250,0.08309154957532883,0.7263611258846685,0.661717865500951,0.6748178491225584
4252,0.04595943167805672,0.8882260712428747,0.778450856658778,0.9235423360476023
4253,0.10692296922206879,0.7764248134607517,0.6259808390398992,0.7771485491286491
4254,0.08392059803009033,0.8083689669659206,0.6690499085813144,0.8815342831163626
4255,0.16039526462554932,0.6444121933966147,0.6522191291794401,0.6515477871778331
4256,0.05414266511797905,0.8613086249152083,0.5773545450697458,0.8508415166249301
4257,0.18856599926948547,0.4995044591382787,0.22174031861391325,0.5395572922651635
4258,0.1853327602148056,0.5623069929470776,0.5225004768875439,0.4768281206917698
426,0.14280034601688385,0.4256983382854138,0.044785589433138755,0.27634325642724766
4261,0.3071611225605011,0.5705449737714444,0.6903178068698874,0.5320229773698415
4262,0.11397454887628555,0.7572740404905673,0.638542125652434,0.6375558899343197
4263,0.2233126163482666,0.6263341663819864,0.5899263865153473,0.5602318566866888
4264,0.38740336894989014,0.43294526168061254,0.6053758882016567,0.4167564968570489
4265,0.10414714366197586,0.741216135020397,0.6850405364350683,0.8042718040578967
4266,0.059626899659633636,0.5924387095965226,0.3420754050860658,0.4958083669222403
4267,0.14011871814727783,0.7335386175404071,0.5128700007097108,0.7706301975401458
427,0.1903778314590454,0.6125813403172035,0.3707192386858045,0.7560216081111144
4270,0.19682800769805908,0.6226011645688979,0.45466506994954736,0.6748062466416348
4271,0.042514827102422714,0.9009425135828544,0.7263931191149062,0.8921565331081727
4272,0.06563446670770645,0.8748537160484624,0.7789776708284933,0.8954246439683249
4273,0.05290964990854263,0.502681785991108,0.05184232183007785,0.7156107060396348
4275,0.0973379984498024,0.8420385556556953,0.7581005140301362,0.8313855382050537
4277,0.19177767634391785,0.5923069104661175,0.6704231422705618,0.5887448810709945
4278,0.07262185961008072,0.6450249552856083,0.2836179339044099,0.705587105349059
428,0.0719161406159401,0.8280525851145515,0.582569935308505,0.8749953659000795
4280,0.05987880006432533,0.7772103422658532,0.4823117782202228,0.8548210644177506
4282,0.12561792135238647,0.4391123347907329,0.030311260949636064,0.25490844414392616
4283,0.14120768010616302,0.6351684534496357,0.5841990931151737,0.5590046643774114
4288,0.13229960203170776,0.6587265426984773,0.5910506791984599,0.606236943216126
4289,0.10819235444068909,0.6089655918917558,0.4003923157317747,0.4585238560812657
429,0.4510763883590698,0.3031351709515849,0.3014136525215159,0.35839525593244814
4290,0.08950870484113693,0.712730977591518,0.5239421973834473,0.8190614215680622
4291,0.11597718298435211,0.7261266665589982,0.5423066760857965,0.6865597866245391
4293,0.219344362616539,0.7098413685649545,0.7090953973940936,0.6526926052292858
4294,0.08335534483194351,0.7247979279745617,0.44603257969130244,0.8666176506062094
4296,0.1330670267343521,0.8060766857975912,0.7529876788404414,0.7598011777004929
4298,0.1598557084798813,0.6039330623445927,0.6671381782171288,0.606389786016053
4299,0.12713542580604553,0.43814696546009296,0.024571138071635523,0.2543436437411898
43,0.03433039411902428,0.903903897413689,0.6761209156793002,0.9186137987777747
430,0.04763823375105858,0.8550256440946096,0.5709215675455287,0.8895691650008868
4300,0.19697199761867523,0.45644954891345946,0.3095417425484749,0.34773729522173585
4303,0.19127561151981354,0.6238388233994284,0.6245620607804104,0.588452926778037
4304,0.13858430087566376,0.7861408070232072,0.6808325560262259,0.7879027436944873
4305,0.19536073505878448,0.5976165975076534,0.5897276440999261,0.5380303107138058
4307,0.06416969001293182,0.8217883896335427,0.611058619505565,0.8849577010139411
4308,0.09583979845046997,0.7822695733954097,0.501107641972216,0.8474628440319063
431,0.06523877382278442,0.45905553899777857,0.02925859017282559,0.3589647804588719
4311,0.09335149079561234,0.7780491389786736,0.6670716577792777,0.8182150768816545
4312,0.4890502691268921,0.2576925099995783,0.04283884208334086,0.2529404472118846
4313,0.05210787430405617,0.721220764042986,0.40386006412303826,0.8929168910531408
4315,0.05450894683599472,0.829219460233229,0.6001135261145283,0.8889117864354565
4316,0.15092933177947998,0.4595474571560797,0.30015967003932065,0.34662590247405556
4317,0.06898139417171478,0.7776538290406712,0.676756175360801,0.8265964075489168
4319,0.11817418038845062,0.5083682179450345,0.1564103105510685,0.3255639223778553
4320,0.04846436530351639,0.6800944276540365,0.39466618819410615,0.8664320411290529
4321,0.09845311939716339,0.6761557478849046,0.3960796118297758,0.8099102346515566
4322,0.17890574038028717,0.5111877043289971,0.4928993586609768,0.47137069986071056
4323,0.07945839315652847,0.8102739494804703,0.6336064219743137,0.7218416899648726
4325,0.1521473377943039,0.6333674988518732,0.3907872854033406,0.8100962852814315
4328,0.1176832988858223,0.8077575735401255,0.6547971285858649,0.7941715676603851
4329,0.051842231303453445,0.9296756609152339,0.8952276008554935,0.8912670730970487
4333,0.08989662677049637,0.5701367243939894,0.15613882141971058,0.7046161475335235
4334,0.0636715367436409,0.7786209257554194,0.4868500514356211,0.8492819481581306
4335,0.03490673378109932,0.8009582163884417,0.5887947324156524,0.8871499754451371
4336,0.04991622641682625,0.5093963201397224,0.08853560080989199,0.8079199031989733
4337,0.0853600725531578,0.5960429027490262,0.15513412473475005,0.5851516081323547
4338,0.4369070827960968,0.3016469595395798,0.20276857094401143,0.28533945762107593
4339,0.14948853850364685,0.49650260332401197,0.08573430224977434,0.47384392164056477
4340,0.0836968645453453,0.7659882161597023,0.6378038697377387,0.8442299262493884
4343,0.0783679410815239,0.6744117781456266,0.22003038483600737,0.652995460769103
4345,0.06743867695331573,0.7209951723457111,0.384838814298018,0.8271729713089901
4346,0.05468824505805969,0.8357013518885622,0.7436736375576979,0.8478813101969297
4349,0.052339013665914536,0.49365294350066957,0.12533163403543157,0.2902621615637137
4350,0.18193157017230988,0.5541871872779824,0.4220908574213387,0.6000889785386497
4351,0.13968588411808014,0.6316754191879085,0.2726648891624244,0.7161494351577393
4352,0.2711145579814911,0.36535456028088326,0.02361846504236693,0.2500531609335629
4353,0.10370945185422897,0.8451094322037954,0.7436762908090613,0.8602467589915892
4354,0.09542235732078552,0.5877012502486794,0.2951986186641366,0.7701139141568165
4355,0.07394526898860931,0.7520727422629148,0.6323685510914809,0.719143873323556
4356,0.03345547616481781,0.7390360248857395,0.42908670299783475,0.8240124265589029
4359,0.6592043042182922,0.1793896885535294,0.11532921122175992,0.2378274472950324
4361,0.03736245259642601,0.8548970253297952,0.685957888964754,0.85833476112235
4362,0.023599373176693916,0.6127716453093858,0.18054580355412472,0.5390251719844952
4363,0.0754874050617218,0.7224648837060097,0.5971934879929807,0.808361833552689
4364,0.30649545788764954,0.34801835522802005,0.017216422342766293,0.2519118455974101
4365,0.0372648760676384,0.7908008272761355,0.5996360049561528,0.8869854895364503
4366,0.11424647271633148,0.45733013972051484,0.07620879362731618,0.5357349260831773
4367,0.21150821447372437,0.39908443904807983,0.08990760129741016,0.26840349360204807
4368,0.04008196294307709,0.7167962451007661,0.31516191511505853,0.6452390369744738
4369,0.076356440782547,0.830631516802395,0.6537293147588169,0.8335045803272149
437,0.05547992140054703,0.8245228227044625,0.7147757244674335,0.8216917220102878
4370,0.036930788308382034,0.8336440148246359,0.4666284340188143,0.6744258567280268
4371,0.1710270345211029,0.7394433440313559,0.6984629895547819,0.681783993780857
4372,0.17551225423812866,0.5369698431416019,0.507978678735285,0.48932970830211076
4373,0.03827378526329994,0.8504465331182864,0.394320273342376,0.771480971781944
4374,0.03190023452043533,0.7355768384177221,0.33092329761484746,0.8173041212495525
4375,0.06674876809120178,0.6457908739408691,0.21791683422897232,0.6783461445025561
4376,0.042097337543964386,0.6459468485043309,0.14674071614184203,0.6381815300181789
4377,0.12050660699605942,0.46455779953207577,0.19163983429893258,0.31477560344603156
4378,0.0893135666847229,0.7244067858147645,0.372423336151555,0.7603629114152606
4380,0.1449868083000183,0.5478229975562459,0.43450530177658764,0.45815766378764516
4381,0.07250797748565674,0.4641526187977852,0.04720723294567561,0.3391330612277655
4382,0.03812171146273613,0.8972262554313875,0.8043803706530104,0.9322477555417361
4383,0.23348376154899597,0.4555163161157113,0.36546505912228844,0.37557527309485494
4384,0.1510133147239685,0.5603067940070778,0.12237366089413645,0.48075320041358593
4385,0.11948227882385254,0.6409630168686348,0.44895696596667856,0.5704755690435701
4387,0.08586664497852325,0.6090337112241321,0.261815083080047,0.7959599556993833
4388,0.10098998248577118,0.7641741749924322,0.6032927719329931,0.7364632117607051
4389,0.07416707277297974,0.7643588270074525,0.6171642742088816,0.7305514479561188
4390,0.08903941512107849,0.7696949168909196,0.5427964186470856,0.8612772560311772
4391,0.12026359885931015,0.6853281721398937,0.5468926218044691,0.7993214204908152
4392,0.16369420289993286,0.47328778786139003,0.3841469274319308,0.38769180817239357
4393,0.07685387134552002,0.8092025738235671,0.709361176395801,0.8291190691430733
4394,0.08768797665834427,0.5083628357056035,0.25322563794163844,0.4688599938987303
4395,0.02643479034304619,0.947498846042419,0.8031196995073893,0.933278392234167
4396,0.09748014062643051,0.588569726519851,0.17704498962378656,0.6728448130861456
4397,0.04271112382411957,0.7966989186718654,0.4477057653662119,0.8348011453883069
4398,0.08823706209659576,0.4833666733175878,0.13953007527222483,0.36406039093207754
4399,0.24741001427173615,0.6237334769110314,0.7553392740232233,0.5968640200201488
44,0.11020345985889435,0.8228923063391621,0.6628201321558823,0.8509655848797917
440,0.06890007853507996,0.8137322310801662,0.6300066478037284,0.8793728614079457
4400,0.4221341907978058,0.30269844309674104,0.15933623541035205,0.277734957050528
4401,0.10280913859605789,0.6939228480615075,0.3168197103754753,0.6538651888873224
4402,0.021464074030518532,0.9070055452101385,0.6146062027772532,0.922485776958302
4403,0.07687556743621826,0.6086583241822467,0.23933274145692607,0.6938616807298489
4404,0.10073806345462799,0.5788378273314524,0.17978061886141736,0.5611846190448482
4405,0.10670951008796692,0.6390215251076038,0.30988352733147306,0.7255134723424126
4406,0.20332825183868408,0.5012925558993777,0.08629290606150204,0.44897258822933717
4407,0.13568899035453796,0.5649083876758701,0.5772495853910201,0.5116224313026101
4408,0.1660168319940567,0.6210446779835479,0.6049956046960874,0.7016940973283163
4409,0.1098327785730362,0.6331786332859002,0.22363328351673317,0.5738396484466013
4411,0.03916756808757782,0.7173882535985499,0.2450579599472022,0.7601359463659415
4413,0.036903925240039825,0.7052789994221063,0.2595047526486753,0.7023772665814155
4414,0.10092117637395859,0.6939492333745084,0.43018261693494514,0.6750745179584536
4415,0.04814878851175308,0.6951781662534031,0.3905835905301347,0.7774433388143027
4416,0.2150052934885025,0.5132168786464929,0.4382796360268863,0.41134474597477605
4417,0.0776652917265892,0.7461242950006377,0.614952353445109,0.8596096001990352
4418,0.1424982100725174,0.43004869487686753,0.01953665776175913,0.25311447195750036
4419,0.038224998861551285,0.7542320817749611,0.36908282713799195,0.7688139810966113
442,0.12538494169712067,0.513026240081021,0.17033069661331615,0.7637693429977775
4420,0.22652369737625122,0.38948439341552776,0.0654473828988255,0.272113162292012
4421,0.040336355566978455,0.8483258886340386,0.6047170400469245,0.8754707759060678
4422,0.08093366771936417,0.7281894099289752,0.3198321819952896,0.7953532444948124
4423,0.12729288637638092,0.6421550927795452,0.4134092795402401,0.804058467502133
4424,0.2697044909000397,0.3699653855092088,0.07894099237303137,0.2645900798896378
4425,0.10242882370948792,0.6887346901813585,0.5557700600443731,0.5807328456216987
4426,0.47499412298202515,0.35911581704725004,0.47890633845059344,0.32279344717024216
4427,0.12455982714891434,0.5587585789293465,0.24862426900925427,0.6793683038437559
4429,0.10364474356174469,0.5913875884077073,0.41853807877430965,0.4436124446938171
443,0.1092369481921196,0.8223070703513711,0.8220206257362144,0.7785110543743274
4430,0.03134697675704956,0.9090011447788564,0.7791434859214184,0.8654558162520388
4431,0.13817553222179413,0.4860859197622568,0.3584617755324086,0.3844087973526361
4432,0.06395460665225983,0.7343646270190791,0.3890905476825425,0.7884345206907313
4433,0.10359310358762741,0.4617883199415763,0.14176402856689466,0.2928010156808758
4434,0.13986286520957947,0.6261634809440151,0.21348607065277206,0.6005502921139052
4436,0.14116042852401733,0.6249495602878059,0.5699652651133477,0.5899343097748522
4437,0.07914040237665176,0.44660024488950917,0.00015623729821035898,0.5650246546982067
4438,0.12421274930238724,0.7485022023494703,0.6216897024143057,0.7697016267305556
4439,0.09968114644289017,0.8443242046272774,0.7450674128719055,0.8312081811125711
4440,0.14569665491580963,0.741646380531154,0.6970698693922107,0.7139271460646097
4441,0.16746002435684204,0.5917327215774427,0.610318371177147,0.5272881956895097
4442,0.2371191680431366,0.5815560844147143,0.5472456440106417,0.576420889450338
4443,0.048783499747514725,0.766210966132143,0.5528943499722291,0.9050123647937667
4444,0.04328757897019386,0.6044901034000347,0.12043271539526378,0.5334676008571562
4445,0.2636153995990753,0.38350521298465223,0.1994996700809411,0.2975676364405857
4446,0.01664358749985695,0.5535967358329319,0.1269723271075947,0.3874252275406689
4448,0.11538195610046387,0.7830182778651458,0.6591001381988637,0.8025213714870683
4449,0.10893382132053375,0.8724929759900548,0.7812201455778032,0.7968640231604365
4451,0.04042339697480202,0.7142088602956288,0.36675091209647853,0.5244587135410126
4452,0.11180958151817322,0.5207508028273756,0.296654121262985,0.40632928412959957
4453,0.030636295676231384,0.8531012391263649,0.7090823240130333,0.9180883891811897
4454,0.07854437083005905,0.7585068897540408,0.6927165162193263,0.7264030455091237
4455,0.03971244767308235,0.7407662235577059,0.3928054095595967,0.8230795336562675
4456,0.06323110312223434,0.4699608612209808,0.04300133100271844,0.7873257474673291
4457,0.07590260356664658,0.6168453371871285,0.2311086970955137,0.6209733482467629
4458,0.1956760436296463,0.4207469245998123,0.11012290467143244,0.2992312597131357
4459,0.08062782138586044,0.5938534409325702,0.08460510979363624,0.43045504990946504
446,0.06985069811344147,0.8328605290381457,0.6055758181451957,0.882566514317153
4461,0.07366526871919632,0.6890720876719008,0.3433673837401668,0.7674736277429298
4463,0.12963728606700897,0.7786474140968436,0.6824964776322199,0.7393192111557612
4464,0.06627064198255539,0.48453369858731415,0.06550494795083937,0.5189313337828031
4465,0.07433409988880157,0.6605089821518559,0.25016811681029927,0.6869673322268197
4466,0.22541944682598114,0.5653014271259038,0.4859600968651208,0.4610937436719077
4467,0.11328086256980896,0.6018780038601974,0.2484204799035299,0.6238386407487762
4469,0.10850793868303299,0.8108816476168843,0.7546961759018536,0.7687654271313351
4470,0.5319513082504272,0.25722778799376894,0.23836953603764957,0.271557924481193
4471,0.06181003525853157,0.8721092082197537,0.5647835053631464,0.8721760815629873
4472,0.2030980885028839,0.6121362493811728,0.740648924305104,0.6186375973333337
4475,0.04002385959029198,0.8492843786955313,0.7000940109935254,0.8733218564130989
4476,0.022299202159047127,0.7962789428979042,0.47726518776491095,0.9125856819334669
4477,0.052281517535448074,0.752525188410766,0.6918336487464256,0.7427830779265372
4478,0.08144007623195648,0.7900367936756343,0.4159452649380844,0.8074271116749963
4479,0.15427041053771973,0.6594180663700615,0.5595242156630202,0.5943739196323758
448,0.13917125761508942,0.6899097499125231,0.6440840052968737,0.6321297777258745
4480,0.1678323894739151,0.6768417432351228,0.7286484640187565,0.6319796019591103
4481,0.07618707418441772,0.6678249954775237,0.2704300879098537,0.7290777607950062
4482,0.047666192054748535,0.5277128583069123,0.04030305530109285,0.5234902741457816
4483,0.07982137799263,0.805910232515906,0.7063091924862326,0.7682331685554262
4484,0.08199945092201233,0.7180423750801739,0.7045154852340878,0.6940581770105537
4485,0.12906038761138916,0.5283268872489877,0.0878601578893223,0.5123615179116218
4487,0.1630730777978897,0.6251389073170772,0.6576645949908049,0.5822446544182373
4488,0.19485606253147125,0.40386080626621784,0.016270895334449913,0.2522569336660452
4489,0.10398739576339722,0.4514542951156392,0.056560244318534764,0.2636765872676484
449,0.35897400975227356,0.5051470426592817,0.6123741212190509,0.43857257088137325
4490,0.2870424687862396,0.415800922384856,0.40246106549311766,0.38186809224215973
4491,0.24271972477436066,0.5572992006948714,0.49725385977103614,0.4706954583855588
4493,0.040082890540361404,0.8188067153800966,0.40902417278892916,0.778994693480261
4494,0.1784273087978363,0.41229854280290246,0.03780822449329909,0.2542313320673706
4495,0.15205281972885132,0.6902218360250072,0.5157291842377829,0.7088452531051017
4496,0.08608750253915787,0.6668533963743435,0.30957249437990875,0.8374804715169435
4497,0.05206401273608208,0.8872808427475593,0.7138090851229721,0.8081402041187673
4498,0.06725047528743744,0.7398726926778003,0.6493888100453403,0.6617291500065606
4499,0.2872984707355499,0.35879388468296686,0.040923232764180695,0.256976351818429
45,0.21361011266708374,0.6217401991910494,0.40303228337471403,0.7280827224491074
4500,0.09970714151859283,0.7803058394522265,0.6522006433758202,0.7376881084008898
4501,0.1452154666185379,0.5375969495124886,0.13765523968973495,0.5078079343097373
4502,0.11669953912496567,0.7645939654577656,0.6531031281294972,0.7565950615571464
4503,0.1622476875782013,0.601005973095041,0.6224487842801792,0.5845275607739879
4505,0.21048656105995178,0.6379771995356258,0.732427738258904,0.6089012547175279
4506,0.03334162384271622,0.7275473972126654,0.43603758445818336,0.8340173361577278
4507,0.16492891311645508,0.4954081245649886,0.34211443772251376,0.37294774523657637
4508,0.022324159741401672,0.8719420084887898,0.567507179370619,0.8313615018364144
4509,0.2297990620136261,0.5310436734632082,0.3631123140593429,0.6531586403975729
4510,0.11679239571094513,0.44406659222206113,0.044826575740217214,0.2580067020086495
4511,0.07851801812648773,0.7188434455648123,0.4256584880032245,0.8528575099547073
4512,0.02135511301457882,0.9270968973840775,0.7518636913273078,0.9315169653131565
4513,0.12173391878604889,0.5488260981927862,0.48976610846262525,0.4735779325301474
4515,0.2234528809785843,0.6827709787881554,0.7731781700358639,0.6315892313462503
4516,0.054639484733343124,0.6924835012735343,0.30570814722889017,0.7167926657023853
4517,0.21807004511356354,0.4052921387479307,0.18547951705487778,0.2962544456373635
4518,0.11976134032011032,0.5467141037095471,0.17403487668873105,0.7486532519791838
4519,0.19648294150829315,0.5683671462144263,0.6747117547734233,0.5665682766564191
4520,0.06251134723424911,0.6944948725213912,0.5690771346249598,0.7401771577360247
4521,0.05272804945707321,0.7036748756610758,0.3669136691035459,0.8340023014260829
4522,0.04071864113211632,0.7530668761555359,0.4055272311652815,0.7819668266168722
4523,0.141180619597435,0.7024823979010684,0.715631087145135,0.6761055209909741
4524,0.09185019135475159,0.7070644203849868,0.4964372283979612,0.5637260262598132
4525,0.054190244525671005,0.740651672550069,0.4944252730358774,0.7498058202598055
4526,0.17233076691627502,0.5422049687546244,0.5823136178521485,0.510740877235815
4527,0.027010375633835793,0.704475959023433,0.26910891279282595,0.7161292995538092
4529,0.08327391743659973,0.6959754841619397,0.276679016640973,0.6826127580390653
453,0.3796384334564209,0.3123722411617969,0.029652173666072847,0.2542180371823618
4530,0.13572201132774353,0.5571002720383054,0.5634801478744818,0.5137647491232
4531,0.11412322521209717,0.7236682685224836,0.3666073439239562,0.734433540782677
4532,0.024465912953019142,0.895254812929184,0.7120604716258003,0.9382859327208689
4533,0.1271875649690628,0.6246734987558209,0.12441012882141503,0.48599797206573814
4534,0.049204882234334946,0.8880919094070719,0.7753200519272776,0.8392957974485741
4535,0.08854403346776962,0.45836356712902165,0.04690007328920957,0.25983083957430697
4536,0.03186407685279846,0.8273763239423745,0.7938492688711896,0.875255931244717
4538,0.2990754544734955,0.422059113284545,0.26451710476256435,0.36454941461808277
454,0.06992918252944946,0.6986172967518203,0.43760745005502916,0.8513494867205338
4542,0.10769544541835785,0.5568673908976656,0.3702647398471165,0.3997801682817562
4543,0.09667015075683594,0.8470811044379162,0.8235030969459333,0.8584090709793443
455,0.20593035221099854,0.3993301523095504,0.05211626108289088,0.2565753247047095
4559,0.20364736020565033,0.40260713815593263,0.10851939191557432,0.294052506221031
4560,0.0796637311577797,0.7732013027006852,0.7378008672723783,0.7856428457132383
4562,0.06844575703144073,0.6517781757698156,0.18021677046483875,0.6597114986429444
4563,0.03521121293306351,0.4959067785704394,0.04690101879902273,0.41493916660284835
4566,0.11669830977916718,0.627131983798526,0.4945201701932858,0.7760796730096089
4568,0.394747257232666,0.37599746464731953,0.3793240046843888,0.338974836014165
457,0.14878325164318085,0.6096198620574851,0.5415394476344495,0.6424877395611575
4571,0.11374163627624512,0.82375951410862,0.8478121491146747,0.7910117317252618
4572,0.10653476417064667,0.4779207622091968,0.1040450264158045,0.6937463308339916
4576,0.12255547195672989,0.5469431744191059,0.10346595309663638,0.4735151891748749
4579,0.0697486624121666,0.8662650186328065,0.6424329019466211,0.885690984260137
4580,0.036149993538856506,0.6780365472114482,0.26114648177366234,0.7720745638890572
4581,0.12142905592918396,0.44749539593386156,0.12231486217596804,0.2824398612525555
4582,0.20720696449279785,0.5178725500759577,0.2896963536171403,0.49240449809719006
4583,0.17758908867835999,0.5487477179779099,0.5155663956857071,0.609638604244189
4586,0.0754963606595993,0.5512352887172508,0.1541388649013966,0.6435106526017924
4587,0.05761033669114113,0.5869938236410167,0.4306466970987334,0.6212875348562948
4589,0.24976500868797302,0.5658073380271512,0.5658415454828316,0.5678857965864033
4591,0.22452111542224884,0.49286436094052427,0.3702022162436005,0.6333347540875274
4592,0.09080218523740768,0.6731074312588541,0.4679503578599544,0.8137091416790191
4593,0.07005622237920761,0.4618658314513529,0.01926321912150543,0.36677754962910525
4597,0.6045873761177063,0.26298991963171653,0.3825583959691813,0.23629946991586187
4598,0.07471752911806107,0.6247912538114823,0.3008755567388313,0.742956594393462
46,0.0719461441040039,0.5547785746551499,0.14527121729149575,0.5087800115191139
4600,0.19571109116077423,0.6072524176729095,0.3901420251979395,0.6737189740793784
4601,0.05436152592301369,0.7976697074688638,0.6857762133026957,0.8699814499197285
4602,0.12567196786403656,0.7769526866522225,0.6083812082548774,0.8249861064347467
4604,0.531651496887207,0.3230917777393741,0.4011150427582222,0.2714374827561458
4606,0.10662630200386047,0.6817430769458444,0.4863849764714824,0.7716361976505179
4608,0.1777184009552002,0.4424864511658527,0.22314016003556456,0.33987581115261273
461,0.10098044574260712,0.8309454726711546,0.7677520785894151,0.8235810506889018
4610,0.0845109149813652,0.6566209934273173,0.5780966260672489,0.6086404530576587
4612,0.12859952449798584,0.7360905618766878,0.7304495178652218,0.6820856341884678
4613,0.05019941180944443,0.7468883218361937,0.464736146680322,0.642498001443165
4615,0.14848877489566803,0.6628115363215161,0.5603705186260255,0.7060274370972893
4619,0.14801789820194244,0.4474761692671465,0.14261789703036792,0.5667096247044165
4623,0.03980613872408867,0.730214316498466,0.5719950815838453,0.7160409506619654
4625,0.2603307366371155,0.3772024397566164,0.08191719655193612,0.2742219814567799
4626,0.1923319548368454,0.48488279227520714,0.33008455470525605,0.4230653325005943
4627,0.05246654525399208,0.7713460762030377,0.557381739085491,0.7771813924189177
4628,0.026585301384329796,0.8470933526557939,0.5323856300305265,0.8970082130096413
4631,0.08204394578933716,0.6449615677398417,0.4604661791218591,0.6274771090253446
4634,0.038959283381700516,0.8599777185287925,0.5815327419207544,0.8905674623339552
4638,0.05118388682603836,0.6751547656957322,0.37583229020056075,0.8336059180523795
464,0.036504317075014114,0.710719781128774,0.35099065696591264,0.7664904995340478
4640,0.03540512174367905,0.7022701060985576,0.316618514983813,0.7759318351830117
4642,0.2642316520214081,0.3922833786514395,0.15227802763755655,0.3151538307570674
4645,0.2766512334346771,0.3644079224990758,0.11052080057231445,0.3580653603922158
4647,0.05908520519733429,0.7064331592456379,0.4448428564082956,0.8265119430737919
4648,0.23439164459705353,0.5168593024380197,0.36567247039932577,0.6657605243874747
465,0.1296800673007965,0.5933548476225354,0.5665342780020592,0.5236732240009841
4650,0.10801171511411667,0.7184322729524523,0.6582669874830959,0.7500795827574491
4651,0.050700489431619644,0.887767254029824,0.6939421662234242,0.872541046816284
4652,0.14149674773216248,0.793587136169761,0.7147405669949003,0.7198531529220542
4653,0.05000577121973038,0.7888595488370285,0.5535600988754034,0.7014216789618022
4657,0.08671718090772629,0.6365332884713,0.3858590972922498,0.5468847878157763
4658,0.07742220163345337,0.812029733217492,0.580993103865209,0.8666551393653426
4659,0.1253567487001419,0.6179028727944429,0.5536597294007342,0.5795126180323726
466,0.05098127946257591,0.857768515672358,0.5727193663457913,0.8821269516641796
4660,0.07476156949996948,0.4667730745915972,0.06624652372100649,0.2653818071820051
4661,0.12887869775295258,0.6487315404798228,0.5132553058494969,0.6668247748583319
4667,0.06869872659444809,0.6828156621721055,0.6167501962492977,0.6659631533200568
4668,0.0435606986284256,0.47889604904498606,0.022796519761269507,0.6430938582691903
4670,0.04910169541835785,0.8752510113115933,0.7054487722734066,0.9027840255161637
4671,0.05509297549724579,0.7820759598482104,0.39982326050609024,0.8518735837087976
4673,0.03780180588364601,0.5271382446100502,0.08237403017742227,0.4996624119114993
4678,0.14369072020053864,0.6276876137732159,0.45207700372393644,0.7507126203926877
4679,0.321587473154068,0.41562944310440875,0.34638470998325965,0.43322206622629583
468,0.19176504015922546,0.7049748727208454,0.8034264706759562,0.7020725751050663
4680,0.06597466766834259,0.6115171917586896,0.16613500110100388,0.5729330008230292
4681,0.07467776536941528,0.45159086834149664,0.02787721728312734,0.8142657852281517
4682,0.09787888079881668,0.5133863056205835,0.12904623202526277,0.8032429339978929
4685,0.1656084507703781,0.5543524024881419,0.15787366437440842,0.5104303401451509
4686,0.4696003794670105,0.40595053761524547,0.496513350701145,0.32850893156992
4688,0.15558777749538422,0.6356625772531603,0.3898594514445968,0.6946506325543311
4691,0.1049986258149147,0.735447321626878,0.625226311933284,0.7168296952289163
4692,0.09431590139865875,0.8652978240229426,0.8305576252790895,0.8616348224563064
4693,0.6167159676551819,0.2881846432633083,0.41363172167816764,0.20992094808469952
4696,0.0781780481338501,0.6872965480924571,0.46865944984179475,0.6534680577677651
4697,0.12521721422672272,0.7488249497098673,0.44065939508945523,0.7915247799917496
4699,0.07682722806930542,0.44719775736759265,0.019751662195241,0.795741196772235
47,0.1055692657828331,0.7350586283430429,0.5598427041943281,0.6588290348316661
470,0.08838383108377457,0.7896213170779784,0.7363353220180807,0.7963957703381108
4700,0.40358227491378784,0.3510200599059317,0.25088381649726077,0.49265626735520174
4701,0.06750936806201935,0.451778088667598,0.012300415474239223,0.671993709239182
4703,0.23139725625514984,0.4634975948804375,0.37082463910138314,0.5084808276246108
4704,0.30317893624305725,0.5815158213596163,0.5693930958401969,0.5516893395734137
4705,0.08854474127292633,0.7034770370672914,0.38031671179031273,0.7991131805738666
4707,0.28362077474594116,0.49127372408567155,0.4457681861016376,0.42499215761813536
4708,0.1352975219488144,0.7725491560343869,0.7806370912649543,0.770118200104668
4709,0.06176674738526344,0.5022904440840437,0.07907447363193423,0.7437484499446958
471,0.03861181065440178,0.8002774188981855,0.4894422360767617,0.8384251967554572
4710,0.2952159643173218,0.5600617319486578,0.61757105139741,0.5643893433593743
4711,0.6911147832870483,0.16354678603266187,0.10648373421644133,0.2532049467149493
4713,0.03519386053085327,0.649164946290407,0.2690582122918649,0.7809271703749121
4714,0.25184598565101624,0.5263486866992212,0.5620631294655773,0.4961342672348732
4715,0.1012304425239563,0.8155324986585457,0.6210936402704645,0.8539622276777745
4716,0.3013198971748352,0.4913106438666743,0.36962329527621585,0.3835528897325342
4717,0.47987473011016846,0.30476583581331657,0.329936525516747,0.32754927855085525
4718,0.03494320064783096,0.6327216269071037,0.28904694077734333,0.8562198428549139
4719,0.1042117029428482,0.8017100357321384,0.7721594702121323,0.8331546785598303
4720,0.16410820186138153,0.5442112814045484,0.24854608229930417,0.7767764514064603
4721,0.23820406198501587,0.3846808893421351,0.06503696931104436,0.2630374956589479
4723,0.02986021898686886,0.8128135069458216,0.3784344234197907,0.852306926513947
4724,0.07929559051990509,0.839030849270511,0.7073405682141283,0.8461816780023348
4725,0.19440947473049164,0.40819249470172414,0.10310053842722292,0.27412957167297836
4727,0.08175504207611084,0.7078406700569504,0.4910108367719587,0.8350208402185844
4728,0.23985038697719574,0.39556738110947975,0.16445428325177947,0.287819741525412
4729,0.7963193655014038,0.16043833848262318,0.45424382946812975,0.09056792241548836
4730,0.03560847416520119,0.8842740530548112,0.5871568512112808,0.8819587632354526
4731,0.3068597614765167,0.4479253583661057,0.47165393119122495,0.39466242834747467
4732,0.35487499833106995,0.5224445092507991,0.5900514466313606,0.44787088437733824
4734,0.04304830729961395,0.9121998482772447,0.8088747733892493,0.9260855568341348
4737,0.5185772180557251,0.27461166983629015,0.2581639169104951,0.2777043420805393
4738,0.055178869515657425,0.608994343156825,0.1703635731504287,0.5877255840228612
4739,0.10976501554250717,0.5048668439558965,0.15420616750017835,0.7495616667269266
4740,0.05238267034292221,0.9246084428247148,0.8892100298116934,0.9293812943764674
4742,0.13586904108524323,0.6144724462234069,0.5829685181738197,0.6281755749514984
4743,0.04919246584177017,0.7965285119976757,0.5445415211025568,0.8530232857758575
4744,0.24651500582695007,0.3796268964256449,0.03512642317109984,0.5717012638668088
4745,0.07191113382577896,0.531543177380951,0.1238945916630381,0.722074768439889
4746,0.16233649849891663,0.49918502178120294,0.19924481021580873,0.8036642935558475
4747,0.48166581988334656,0.29018343682292663,0.26936919465043957,0.2887124597520949
4748,0.04488610848784447,0.7999149431579597,0.45503899839784373,0.8498622336565015
4749,0.10189668089151382,0.8332195206207793,0.6687728556223832,0.8568283774548835
475,0.04638536274433136,0.8400623888716126,0.7319506664634604,0.8094798232490418
4750,0.05431903898715973,0.6037578769847285,0.3100786139058669,0.8098034878248986
4751,0.06035318970680237,0.7534421624821273,0.5245518206697054,0.7111089461295701
4753,0.03653788939118385,0.6333387266505812,0.1710324044946658,0.5990826482119409
4754,0.13459552824497223,0.7502924472772647,0.5881582702251102,0.7831629163936493
4755,0.18698470294475555,0.6474550429935456,0.481631610382386,0.6883638026062147
4756,0.11717938631772995,0.5819395866639372,0.23604172078747102,0.7359190977393842
4757,0.05485869571566582,0.7859975420024798,0.4736605487778714,0.8816650945435823
4758,0.6138189435005188,0.21540600890379782,0.19148021271745755,0.2564299972884987
4759,0.11574479937553406,0.7067229277797562,0.4483969682358312,0.8175223033070409
476,0.044033635407686234,0.5831006182450317,0.08640440700873818,0.4646547881238327
4760,0.10431159287691116,0.6642152970129638,0.42428013850428015,0.870702015491485
4761,0.06652197986841202,0.48068574812734577,0.02218951769851822,0.38088775442924216
4762,0.07759134471416473,0.7294510692005635,0.39845032045351514,0.8153805644754766
4763,0.04948670044541359,0.49716529164856726,0.06408294199497239,0.38593580150223294
4764,0.05819273740053177,0.48324141460677067,0.005034116756399039,0.4320706946567437
4765,0.052108071744441986,0.811727896779515,0.43457768223192156,0.7805415165524031
4766,0.042576443403959274,0.5005863147734533,0.09443119224095824,0.715998828986645
4767,0.020764848217368126,0.48334904423249847,0.0010284712384181663,0.56315513417891
477,0.07709424942731857,0.5321272370406083,0.22105825796677936,0.5994433880972612
4771,0.3032015264034271,0.3958044882569335,0.2617130218401572,0.35007481501231963
4772,0.1650475263595581,0.6734826283871989,0.7005755181359579,0.6337572866749022
4773,0.2636600434780121,0.4305241917343,0.3208496654244176,0.40520645138418054
4774,0.12577605247497559,0.5270480300229129,0.1749738628021136,0.653989665447847
4775,0.17231625318527222,0.5805409170187306,0.4620025360562387,0.6493230790696036
4776,0.04888976365327835,0.7857545386382523,0.577932327624499,0.8749181945953559
4777,0.11547744274139404,0.617680380555879,0.40572309529330836,0.4589526126586571
4778,0.186475470662117,0.44133665598634725,0.32430697250245005,0.3540070706327557
4779,0.15838851034641266,0.6150673125119015,0.311430822896805,0.7866715495951142
4780,0.13107918202877045,0.4925074146217097,0.057230049122753986,0.4714550675237106
4782,0.08925903588533401,0.6867754524564692,0.3953510435150372,0.8514487127407396
4783,0.31948864459991455,0.5130962865126604,0.43318099508442115,0.5462202515215047
4784,0.018891779705882072,0.5216192873571326,0.027902200436787837,0.27209228607490654
4785,0.07392538338899612,0.4551920677530967,0.042407381420210874,0.590398703657218
4786,0.21152260899543762,0.5957131419978061,0.5994282051061028,0.6555615584250309
4788,0.19229985773563385,0.6486633367273238,0.6651406783520207,0.632594331536034
4789,0.09556721895933151,0.9172304926454652,0.8736950590809193,0.8546291489463954
4790,0.20537696778774261,0.5940325906176884,0.406030757386713,0.5441205367421933
4791,0.3323187530040741,0.466896784555879,0.5288738882107602,0.4102573553873944
4792,0.0027391521725803614,0.4999062278180498,0.0007238444525845584,0.2516186355967599
4793,0.061423372477293015,0.5097162232705846,0.05204883925951482,0.6114612233593552
4794,0.165522500872612,0.6417859631944854,0.6306137773532033,0.5904169259955014
4795,0.21107682585716248,0.443262484000303,0.2639583164950429,0.3354813902335298
4796,0.10836978256702423,0.6865650343486858,0.45483082126534313,0.7131675965992975
4797,0.013650038279592991,0.4930841985829579,0.0035748549683880548,0.26925539852204794
4799,0.09790606051683426,0.7407802352307926,0.47864720538248895,0.8433546723791882
48,0.12311717867851257,0.6095686740475604,0.18877029486692243,0.6920835026702234
480,0.10097422450780869,0.7379655659392588,0.644618361283079,0.8414621121551692
4800,0.17626601457595825,0.4131751201536474,0.02024176101244007,0.25268261082226007
4801,0.2120782434940338,0.3997062463253352,0.0917638012468828,0.26944156917639983
4802,0.05695493146777153,0.6261473141621876,0.23859099404257594,0.7765257136210811
4803,0.05907993018627167,0.9280208760253397,0.8169095052254401,0.9072373280653703
4804,0.31420373916625977,0.5244278224822302,0.4301260460581335,0.5517330844314228
4805,0.12190712988376617,0.8310365268507873,0.704976606385203,0.7970677753201153
4806,0.0505901537835598,0.835860987995845,0.7437604031292335,0.8654020092617134
4807,0.09624764323234558,0.5820124673147683,0.17719290763387466,0.6486482463293198
4808,0.15090620517730713,0.6318039278489505,0.4760953780750667,0.647709183586444
4809,0.10064272582530975,0.8803483798852156,0.8601092190781562,0.8802157519119245
481,0.2756727337837219,0.5303838140336586,0.5922239976768195,0.47821264410211367
4810,0.2537479102611542,0.41247424847193603,0.2255087105644144,0.3322897303769775
4811,0.1705959439277649,0.661728597991765,0.5658784320933673,0.6584405690138304
4812,0.08265648782253265,0.8178784048168503,0.6051460611290496,0.8289721609068984
4813,0.08600369840860367,0.48998751039809146,0.026329053654367936,0.3306123523561545
4814,0.07198841869831085,0.6217307964389733,0.2908761358709383,0.7685376816157774
4815,0.10192960500717163,0.4947184663802253,0.06812047275403835,0.6319803516024035
4818,0.10655469447374344,0.8205651642520908,0.6611602068461591,0.8685060897499153
482,0.13541224598884583,0.7522869552882985,0.7968142398520156,0.7332968346876119
4821,0.5481933951377869,0.23496070372150638,0.10912994426617958,0.2638276075980376
4822,0.13325226306915283,0.7771122501256683,0.7812800787004714,0.7809216449548939
4823,0.053120627999305725,0.8464807828974676,0.5976675241667008,0.8631376519448972
4824,0.056253887712955475,0.7238660196461302,0.40642258397255654,0.8847732550635692
4825,0.11083193123340607,0.6095529237543783,0.23605475802705525,0.6560181675512645
4827,0.08523604273796082,0.8246668939801511,0.5661362909627713,0.8334919215242979
4828,0.1563671976327896,0.5862279330378329,0.37149177170423997,0.5256767428867828
4829,0.03089149110019207,0.937620348461298,0.8534517379544485,0.9431600120252861
483,0.11781150847673416,0.5942372640473708,0.5055743563053863,0.5458363887768473
4832,0.05855557322502136,0.9353449728122185,0.867088511658535,0.9159843570631097
4835,0.04055430740118027,0.8210501667453527,0.57499343026566,0.8922398183869553
4836,0.15666937828063965,0.6543489703768139,0.6540944874477309,0.6476325134778292
4838,0.09604707360267639,0.7251748366971513,0.6165955405368503,0.6991103720809486
4839,0.11816489696502686,0.8304228556235993,0.8227347352728883,0.8413142288941063
4840,0.0940738171339035,0.5671985300119359,0.4221287913715404,0.4329312563222364
4841,0.1856096237897873,0.5276424344031885,0.2704645511286121,0.7106218410075347
4842,0.03812045976519585,0.6729056545726666,0.2933758870728439,0.717983360538065
4843,0.11501367390155792,0.6679409288042606,0.6594294263024364,0.6227426186754468
4844,0.4218387305736542,0.33931051394811385,0.3296536328907901,0.322336291790176
4845,0.1857231855392456,0.4101757290487394,0.06027817889010809,0.26157893670197746
4846,0.049963198602199554,0.841888614122537,0.5423432631423509,0.8760898839663861
4848,0.09070341289043427,0.6601092549285202,0.2571083140527614,0.6852586147496846
4849,0.03407050669193268,0.8540470501791271,0.5442966627694562,0.8860660736446868
4850,0.1792984902858734,0.6372872586595263,0.6260884364703571,0.5852849806909117
4852,0.049863748252391815,0.7942213733074341,0.4447813410129148,0.822358131916948
4854,0.06230738013982773,0.5697502833564972,0.08141116149259404,0.47191766490063436
4855,0.1780584305524826,0.6505759478326121,0.5834434751588805,0.5684016827533269
4856,0.07127166539430618,0.7597256361413436,0.44246110949484707,0.8032726288944564
4857,0.08919735252857208,0.8408133910437767,0.8105484458672776,0.8255049195344571
4858,0.17498047649860382,0.7352559479461522,0.7775100114920873,0.7379301967154113
4859,0.03808145597577095,0.8923895276845174,0.6792924288176466,0.8975131362225313
486,0.3490165174007416,0.3923885681002364,0.3811249816787566,0.34812380332218273
4860,0.09811797738075256,0.6394432879045561,0.2522651853338317,0.6705994230692034
4861,0.03883019834756851,0.8800866240524989,0.5462389800924091,0.8585786685412642
4862,0.22496578097343445,0.3887492577038527,0.016438478928549816,0.25220488457941137
4864,0.03801420331001282,0.9066996177976002,0.7176486803473175,0.9262046514155025
4865,0.02507084049284458,0.9425891845216038,0.7219844387575732,0.8870602354236721
4867,0.09366966784000397,0.8633986799782305,0.8163946357352448,0.8239448166433208
4868,0.07591179013252258,0.8095633518016914,0.7341043948060317,0.7966926457290565
4869,0.19379839301109314,0.5412751021601551,0.28124842799049554,0.6698550901976476
4870,0.07110456377267838,0.5810920132080832,0.3563860222436212,0.48887428622242096
4871,0.14128588140010834,0.8032383091679914,0.838808425483644,0.7648381466198637
4872,0.1024627760052681,0.5986830353826106,0.2185087449030957,0.6106254419121611
4873,0.051459237933158875,0.7895664380430016,0.42792967227581413,0.8232697775013975
4874,0.09403780102729797,0.7632948033578698,0.5296079936323841,0.8620169261031636
4876,0.03686406463384628,0.9199296204218956,0.7491708489126858,0.8955525473629935
4878,0.07469625771045685,0.46639021172722284,0.03853392288239517,0.25952532889807556
4879,0.07975944876670837,0.891590021558839,0.826121793054813,0.8297127841987091
488,0.13147790729999542,0.6260200387535502,0.47609111430655326,0.5575861794170802
4881,0.07566201686859131,0.786874347560878,0.7231087705674425,0.7598833337815092
4884,0.07255738973617554,0.6709857004190469,0.29638703494258806,0.7050603039567513
4885,0.31425371766090393,0.3532650146035311,0.13419529709940708,0.2774317338194894
4886,0.25544464588165283,0.39644857137113737,0.20929437977047238,0.3031175440103595
4887,0.10285771638154984,0.5891694536605128,0.09558810705633843,0.5006307191242563
4888,0.046976227313280106,0.5692796901392486,0.22107547903979136,0.4472946254132779
489,0.3567425608634949,0.328258074356198,0.09714332303867067,0.267790263165671
4890,0.18767504394054413,0.6656582047869021,0.6881405305459981,0.6235433043407915
4891,0.230329692363739,0.43427541604626513,0.32353484719958775,0.35173924047393246
4892,0.1726617068052292,0.7023003627327382,0.6607013160311381,0.622809611418665
4896,0.11777620762586594,0.666326383853407,0.4536654688555817,0.7666218269757628
4897,0.0859612226486206,0.7992185169597261,0.5695669019879518,0.841366064923404
4898,0.07544055581092834,0.7734488312974552,0.43746769165933014,0.820230296657821
49,0.23758968710899353,0.4971931429268697,0.2347670028186555,0.6466039965442029
490,0.04927600920200348,0.6000492433639232,0.17001195922070103,0.6593302241809533
4900,0.05933408811688423,0.9110812513416994,0.8782263125433823,0.8843193599236459
4901,0.036013539880514145,0.9048829520269204,0.7115878869565962,0.9219095267177129
4902,0.20398880541324615,0.4124296575152176,0.20554037383632487,0.30244887288179234
4903,0.13815602660179138,0.7134641137666836,0.3594221547274678,0.7241852536590987
4904,0.18672530353069305,0.42018507909853386,0.1203482174476888,0.3334924560796164
4905,0.07629971951246262,0.8298558472762514,0.6482764734881982,0.857808920209062
4907,0.05058926343917847,0.7040908464230795,0.15998653094160342,0.6016884460902775
4908,0.020487027242779732,0.8898219956282273,0.4854739669472989,0.8441709758955255
4910,0.05620782449841499,0.6262839586339339,0.2024197480714998,0.6198999138664802
4911,0.03303941711783409,0.9046193346346709,0.768022878354677,0.9380078204065598
4912,0.1641753911972046,0.43343677872385505,0.19963070622293394,0.30184274272013345
4913,0.3415408432483673,0.33033844120330763,0.01154949697601141,0.25044042739948336
4914,0.09068222343921661,0.7310201982197384,0.6297081224330449,0.6446659934955792
4915,0.06552153080701828,0.9240475311037575,0.8723900650628086,0.8996043118601809
4916,0.1068442240357399,0.804619560581552,0.5664867405820702,0.8356117193214205
4917,0.15846863389015198,0.6555595869757861,0.705084662001605,0.6565281438234432
4918,0.09014928340911865,0.791228032954789,0.518933360553954,0.8143730556958075
4919,0.1816129833459854,0.6446058969235483,0.6977474094889012,0.6227579687948914
492,0.083335280418396,0.8181519205507402,0.500855543543573,0.8347914043599065
4920,0.1565425992012024,0.6053671102982308,0.5441313230354503,0.49661945025606424
4921,0.06476971507072449,0.6925287540728082,0.30696358953201636,0.7209073851497272
4922,0.06310197710990906,0.9128702604019183,0.7559661763978859,0.8622613167538028
4923,0.08511203527450562,0.7425376988191983,0.5204160523260799,0.8000475646515649
4924,0.0278363935649395,0.729015872337572,0.36610216301096266,0.5262842351297978
4925,0.06506448239088058,0.919041681131711,0.8647520361887531,0.8846381055500654
4926,0.04300171136856079,0.9324258768573036,0.862645489559894,0.9158990645292577
4927,0.08990669250488281,0.4562090687070946,0.01617033526127358,0.253438343136855
4930,0.030136702582240105,0.9421603421737179,0.8073451360779778,0.9323292417081768
4931,0.01947258971631527,0.8066984974618419,0.37505559267841865,0.8488537916298942
4933,0.058420754969120026,0.8947985273485879,0.8058287620561192,0.8934131829386882
4934,0.06918714195489883,0.6416779527208046,0.29441223408334843,0.7614466776487113
4935,0.07229794561862946,0.4657073513204042,0.03277123518684229,0.2571570555760533
4937,0.038363054394721985,0.7113859623965102,0.3227492122380099,0.7699570877881858
4938,0.07994333654642105,0.7299817857637714,0.3939364993991982,0.6508187573124496
4939,0.16567714512348175,0.4196702568781618,0.045682474918633954,0.2591822095954617
4940,0.02835974097251892,0.9267095492109343,0.7016469563779794,0.9026637482534718
4943,0.11732500791549683,0.7837201712958595,0.738372904405985,0.7953073996380112
4945,0.15026649832725525,0.6859773653489452,0.5620550004120596,0.6534443691714547
4946,0.0697488933801651,0.8807000894487658,0.7407167445272509,0.8844994059089804
4947,0.17296510934829712,0.7024754357819274,0.7307309013299372,0.6301063400341924
4948,0.14658811688423157,0.7952557549117413,0.8191717936563815,0.7415934036767767
4949,0.027925143018364906,0.9125035486293235,0.7880297819950304,0.9392463809384864
495,0.12209069728851318,0.6781015948563063,0.6111548277423369,0.6493653724486523
4956,0.05343879014253616,0.4981992767147431,0.027648796894982355,0.5246955478849761
4959,0.030555982142686844,0.4755053367733298,0.0005961905371371282,0.37340429107740025
4961,0.029970096424221992,0.49733910917562235,0.014295781048975149,0.42900393165472694
4965,0.029444992542266846,0.7335693931953824,0.4454916604577199,0.6897216226627372
4966,0.0677870437502861,0.6037887514207717,0.14311979431315336,0.6079863013260784
4968,0.06591334939002991,0.5069935955076939,0.1041366321364774,0.31068217993691283
4971,0.04122054576873779,0.5111886412141213,0.07722640609381418,0.4082293878421726
4977,0.17747528851032257,0.4137004152244586,0.037278669217075296,0.26761053256247547
4978,0.10299968719482422,0.687952190218184,0.5656322742591589,0.7669028670154834
4979,0.1399463266134262,0.6208485153861604,0.28766763753434926,0.7752361341395922
4980,0.08372963964939117,0.504261073133316,0.06868483010836339,0.3867361080230578
4983,0.06671157479286194,0.6040000860308063,0.22177241278637264,0.6100853051502018
4984,0.08429388701915741,0.5991978673480194,0.3070014165288983,0.7471815295435423
4986,0.0736701637506485,0.44603593354695353,0.0069357432170600395,0.7874642581417675
4987,0.14482080936431885,0.7224600593818022,0.7634136763140575,0.7259735125867597
4990,0.15207596123218536,0.6744469983720869,0.5911866081829483,0.6339893408557917
4993,0.10531783849000931,0.5802929325444582,0.2601035697441096,0.7437344376222201
4995,0.021044615656137466,0.4915870543292921,0.018303605273323816,0.26081129596493735
4996,0.24962878227233887,0.37724042908673383,0.04235557524952238,0.25641812395236974
4997,0.0861111730337143,0.576441751184834,0.2869434547913833,0.6377179582063588
4999,0.047276418656110764,0.4658501140643644,0.004254425885318908,0.48292229124551966
5,0.13957884907722473,0.4311958098418299,0.007532746151341386,0.25032291340205703
50,0.11084752529859543,0.6020530501319241,0.20315338154578164,0.6209389082156779
500,0.08890988677740097,0.731010475310496,0.6269897972868801,0.8320784735923591
5001,0.06122014671564102,0.4750294147569088,0.048817986410839294,0.8300451847488071
5002,0.03508661687374115,0.9224334344814231,0.5729084290240648,0.8776605295983437
5003,0.02373884990811348,0.4827628845506946,0.0011079732988878925,0.4841859272206838
5004,0.15728861093521118,0.46373747181040204,0.07359047233924132,0.3990328676402214
5005,0.07382046431303024,0.5649327031008201,0.2990979294298399,0.829498317557855
5006,0.10838358104228973,0.6097585989858836,0.2341500134369057,0.7530447887315683
5008,0.06920069456100464,0.6441904773210952,0.21571627109367184,0.6588912841306536
5009,0.12272662669420242,0.4374864927935382,0.05109806283533359,0.6989124558899746
501,0.09832677245140076,0.8842461850112784,0.7174797398182275,0.8312717683249589
5012,0.07854552567005157,0.45747974273710007,0.010487743612523484,0.2743737517388558
5014,0.027516845613718033,0.7249262095187365,0.29249980462368047,0.7844569831237549
5018,0.0896284431219101,0.6764492076869473,0.49269863434672323,0.6866692822820908
502,0.25814467668533325,0.5486200116991772,0.6579385985720908,0.5254410984516749
5022,0.14979754388332367,0.39854097602525157,0.003504877783037574,0.737738534854854
5023,0.05452612414956093,0.575049545877005,0.13016582005344868,0.718517169881795
5024,0.03483286872506142,0.4714650040513067,0.02643124578993822,0.3821317534169689
5025,0.10227882862091064,0.4991033422635648,0.13382906191457983,0.8026833932418972
5027,0.26151424646377563,0.5875197139476372,0.47793290856943405,0.480689505146538
5028,0.13892728090286255,0.4391128412614128,0.14451349490653606,0.2891838826488963
503,0.13512448966503143,0.7321673835984148,0.702760390413368,0.7081780771702157
5030,0.1115896999835968,0.4511360587614053,0.07111895785124285,0.2681341021100626
5033,0.18420961499214172,0.6274668940546299,0.6213169533037342,0.6031312861912623
5035,0.09946713596582413,0.5077898115193313,0.3334077830471384,0.39481849533693486
5036,0.05953923985362053,0.6723873560635858,0.23104885121748917,0.6544817293246183
5037,0.05847000703215599,0.48842334893488193,0.007878874494583809,0.38657331167071557
5038,0.03783591836690903,0.4846917595550367,0.012483296169223787,0.348946262132695
5039,0.10037526488304138,0.45125770787623043,0.0202763117211633,0.25276935677044277
504,0.12138014286756516,0.7280782906800893,0.5656711703429828,0.7622252289883158
5042,0.11243478208780289,0.5948109851365833,0.22837630732618766,0.7919646596490797
5045,0.07571659982204437,0.4456921478670191,0.013106496285355798,0.5612273283223054
5046,0.05830203369259834,0.6722746144025811,0.27689463900063105,0.7767759537514887
505,0.11590032279491425,0.7869634374526278,0.7492459150537356,0.7512666914515833
5050,0.05594780668616295,0.6630465795365107,0.45362053357805676,0.8563254404881525
5054,0.057604819536209106,0.5911435311057551,0.1270454221044231,0.5206065423482411
5057,0.06039414182305336,0.6272591614086953,0.39609208775777016,0.5388436523192459
5061,0.06523764878511429,0.7841740002537245,0.3883261821749876,0.7771040553887529
5062,0.0586036816239357,0.8318930216635378,0.7066720301339662,0.7693087155601004
5063,0.13258393108844757,0.435851871855572,0.04297450729195176,0.2588540192451747
5065,0.16722816228866577,0.6755914687773629,0.7512290155760777,0.6790579720973489
5066,0.05724406614899635,0.7085735273438925,0.3548465320591478,0.7986862356170266
5067,0.3727881908416748,0.3146684148733386,0.02436430304493904,0.25012553222217515
5070,0.04241371527314186,0.47509003838802927,0.0004754662394702123,0.4053024670273859
5071,0.06749440729618073,0.4527243859920868,0.00015840583284187348,0.3655006035590239
5072,0.09236849099397659,0.695809644866912,0.35543495591048396,0.8192213607044176
508,0.018646474927663803,0.6970510682737221,0.38315197346769614,0.5632991644452667
5089,0.10884619504213333,0.43390097367268443,0.005602187980309933,0.26541420746967115
509,0.07150782644748688,0.8249248541518199,0.6726820445382153,0.8652084983391715
51,0.06915254890918732,0.9016091416952707,0.7992603086391733,0.8816466469253149
5105,0.051532451063394547,0.45738799443430056,0.0023669242480841824,0.7360082010686406
5108,0.1188146099448204,0.7605508612242263,0.7108599483292326,0.7672521472432163
5109,0.09786603599786758,0.7049271037647397,0.3297784405577374,0.7129429772769793
5110,0.15441793203353882,0.6582035433292946,0.28119166471147333,0.6411133778071771
5114,0.05953072011470795,0.7096888425879964,0.6361908460942881,0.7676312656078104
5117,0.03189459070563316,0.8549417939432244,0.5163177577089603,0.8673036697698434
5119,0.15498627722263336,0.42544410050635806,0.06941304326859059,0.2654381556080533
512,0.295981764793396,0.6088254691320165,0.749770898453675,0.6039670763543331
5120,0.05198023468255997,0.691426673953734,0.313543099453372,0.7532837412063357
5121,0.0874168649315834,0.6254708911727982,0.27617695898916383,0.7788214003629267
5123,0.05424990877509117,0.4776476507034605,0.05304514117622558,0.2684905621920851
5125,0.034033384174108505,0.6419479112622417,0.22326269492435138,0.6865166591058992
5126,0.06872614473104477,0.8649961069236047,0.7143121603962502,0.8954686282461254
5128,0.13801442086696625,0.7056124537995441,0.31314220983141655,0.6840926683450279
513,0.12394463270902634,0.8060683065732558,0.6809831693345855,0.786151880178724
5131,0.17903845012187958,0.617474039994531,0.48163638031363865,0.6334055617631944
5134,0.09907813370227814,0.4780027902861386,0.08879179646695685,0.762489801487597
5136,0.08465011417865753,0.7078449896496525,0.38651159010945796,0.7858648547977878
5139,0.41516682505607605,0.29542120767809554,0.058370346528730625,0.2544178081645042
514,0.10456114262342453,0.626117179533236,0.28558865037827846,0.7778976439700762
5141,0.07244323939085007,0.6149511999028358,0.409438959496081,0.7971404924892458
5147,0.08919230848550797,0.8496642907964527,0.6631435198648572,0.8529098787344477
5149,0.37193769216537476,0.316494033524686,0.03774544373094476,0.2555552346945429
515,0.31187814474105835,0.5250356934107663,0.6290247831805876,0.47518004129699687
5151,0.20421835780143738,0.4003124585549848,0.04393798352833535,0.2584080531957166
5156,0.08482060581445694,0.5270537259871332,0.025133080833603813,0.3935884776370058
5159,0.13006813824176788,0.5216052673283873,0.21792224063053076,0.6553394318365913
516,0.07642468810081482,0.6150773406037515,0.22239559655580343,0.660185345306082
5162,0.017539167776703835,0.830925413862283,0.38574572728053347,0.8349316549120989
5164,0.14261244237422943,0.5384734294671276,0.1937486879285411,0.6659698558380642
5165,0.056296806782484055,0.7913709264592925,0.47719721638780965,0.846531961626858
5168,0.18457907438278198,0.6671002992882856,0.7506746551889208,0.6531170933937347
5169,0.15194454789161682,0.7236493094870999,0.8013165376902923,0.735707214412734
517,0.1067514419555664,0.7865954028418702,0.6630612707228272,0.7965036399335124
5170,0.07759328931570053,0.5237049507639748,0.09562916464048796,0.7309485286555162
5175,0.0648341029882431,0.6375705158997825,0.2714124406753665,0.7708239833883992
5176,0.06830118596553802,0.8159975938985047,0.6821071439443036,0.86261955584738
5178,0.030955947935581207,0.8878659587400446,0.6197549452818265,0.9147583596875938
5179,0.1783335953950882,0.412576694722586,0.03228332195680006,0.2554789366253865
518,0.10984702408313751,0.7343471524720602,0.34865621926173945,0.6962331855957693
5180,0.4759138524532318,0.35655284279353905,0.2928771530060403,0.29435335422902764
5181,0.14353592693805695,0.49978993780841363,0.32033072318911493,0.371460262354799
5183,0.02349933236837387,0.7098830032278476,0.22726722313159697,0.6125189579238061
5185,0.2409190982580185,0.3803738565013169,0.008292298631895543,0.25030695147472426
5187,0.13133344054222107,0.8387771193133755,0.7062957912362218,0.7946923925811173
5189,0.12109578400850296,0.4435971366811772,0.05853433415997804,0.2610470959297158
519,0.08132737874984741,0.8175439772843014,0.5827994616985462,0.8642584729640147
5191,0.2514533996582031,0.37886647213883595,0.0819953300377755,0.26676245659698206
5192,0.026653656736016273,0.660518221844507,0.13853565133150036,0.5618094575531251
5194,0.08030332624912262,0.7663472707458014,0.7385656346039392,0.8186391176584049
5195,0.05684811249375343,0.8359637981345527,0.6835372643921516,0.896093781431482
5196,0.1325269490480423,0.43957939340110963,0.08813116211845334,0.29429134609743657
5197,0.18858492374420166,0.4058045061239948,0.03703201107766812,0.2571219480316099
5198,0.14576545357704163,0.7160731017301887,0.7354492586739515,0.6850407045930129
52,0.045209191739559174,0.47863784141828575,0.012023909945730958,0.2586512982150898
520,0.36234235763549805,0.4234832148822555,0.45617493831692524,0.39000645358900266
5200,0.11097408086061478,0.5236014069408522,0.3606221693197264,0.38693784426849903
5201,0.04798319935798645,0.8959967404767593,0.847762207024663,0.9001613481535669
5205,0.033357780426740646,0.49072902751709324,0.005017239355840719,0.43108759088383547
5206,0.1771620512008667,0.41717237684198477,0.10416640462240599,0.27413640712008114
5207,0.3337079584598541,0.5605166381040981,0.7236531322140596,0.5134335397414366
5209,0.04945548251271248,0.8273796626593408,0.6976465740805641,0.8920170544677356
521,0.051402073353528976,0.4813737988180612,0.021620879726048942,0.4584801579599448
5210,0.3387110233306885,0.3342005742420219,0.05641351252295554,0.2594110564941111
5211,0.23405280709266663,0.6770952568654651,0.7056642473325856,0.6255867342773147
5212,0.26512426137924194,0.4456418710205954,0.23317067510453704,0.45572299292644153
5213,0.07953934371471405,0.4598321052007324,0.04170785366505614,0.760749770244505
5214,0.10155298560857773,0.6408163889936296,0.5858871008504091,0.5925516789399922
5216,0.39163100719451904,0.4714427025543019,0.5953652937754972,0.40761052511397905
5217,0.1569235473871231,0.45633544972940027,0.11886297782970075,0.34808632117651284
5218,0.0297281201928854,0.6783025342040009,0.34422943075323786,0.5824922504625502
5219,0.10656020045280457,0.7810527474872423,0.7324985438778694,0.7507201368318193
522,0.1594865322113037,0.7441265544046876,0.7983849781407443,0.7199403058877609
5222,0.04750780761241913,0.6727238137670369,0.21488912157360388,0.6277058289200436
5223,0.07598269730806351,0.7196334169603906,0.7560921236786333,0.7106015183346068
5233,0.09759780764579773,0.7775019245229333,0.4964043674496977,0.822484812351076
5234,0.20016419887542725,0.5015495245876569,0.08770748469935717,0.44129765070991656
5235,0.12361258268356323,0.505262278438158,0.13749161732825305,0.7673951183823708
5236,0.6304387450218201,0.2707154295692884,0.5033287542641487,0.20466926919063283
5237,0.07133105397224426,0.7799952821772094,0.6709674996111147,0.7940130843608398
5238,0.20991653203964233,0.40478032536946595,0.07938170516699047,0.26640095042915846
5239,0.06788577884435654,0.7047241553141597,0.5431068866528314,0.665410895961546
524,0.5236095786094666,0.4158647896020968,0.6172584703822307,0.3340587328212238
5241,0.10791924595832825,0.7987463930829344,0.5760973082926243,0.8076265961334764
5242,0.08572626858949661,0.6911730902400397,0.43182164607524276,0.7661277440778911
5243,0.08473806828260422,0.8391503229763582,0.5809258105687345,0.8552725134611358
5244,0.23382538557052612,0.553258926807771,0.5572719196336341,0.56182795199961
5245,0.052114006131887436,0.868796866544403,0.6392502666457042,0.8883557125199395
5246,0.11099798232316971,0.45001474350536913,0.0838119819183376,0.27319474334599636
5247,0.18920157849788666,0.5323042652372926,0.3739047016893182,0.47712840333819595
5248,0.07527223229408264,0.6463835221895735,0.3030846206025744,0.7714041123355886
5249,0.12944528460502625,0.6981400086753762,0.5452282106591211,0.6836444133613353
525,0.2816873788833618,0.4536789421087753,0.39033906079419883,0.3671344594340229
5250,0.055363573133945465,0.8049702762808566,0.4941554375966003,0.8637594869494014
5253,0.0584845133125782,0.6681714826868723,0.1872004289245188,0.6938488749686667
5256,0.13119149208068848,0.6089457475925037,0.4990662002423944,0.5584795678062151
5257,0.06582926213741302,0.7587297379729813,0.6285657026358822,0.7632302355061784
5258,0.06997151672840118,0.5927245756289924,0.5802080813825594,0.6246895084515881
5259,0.13733212649822235,0.7626850217817422,0.6832836873589582,0.7204911275783241
526,0.1470310240983963,0.735050229867177,0.7125037021678791,0.7754129062493951
5263,0.06880859285593033,0.6212662950785401,0.21381142486020996,0.7777597938408163
5265,0.08729143440723419,0.8285462416347442,0.667044747381228,0.8794376292551983
5266,0.052149854600429535,0.8059772274360771,0.4874309234239114,0.8873083395870183
5267,0.0938526839017868,0.4712647733002751,0.059017487086004364,0.35275776773142686
5269,0.15380237996578217,0.5723859586641484,0.20406400882222103,0.661882876207762
5270,0.09481906145811081,0.699602282100692,0.2677942844713498,0.710810097919482
5271,0.056423645466566086,0.6922009908776091,0.32773797546230876,0.785910868250886
5272,0.09760436415672302,0.8009814041855887,0.4470927249483467,0.7911938265866786
5273,0.044494420289993286,0.8097796188672479,0.637816071141854,0.7595741918039471
5274,0.09591549634933472,0.7650875203560165,0.5684226586512463,0.8451859273416901
5275,0.0338716097176075,0.7505588170094822,0.38168515083950316,0.7518898306337114
5276,0.10764531046152115,0.6105887820393505,0.3813149073168526,0.45032914733235646
5277,0.07072577625513077,0.8732777988520573,0.6473250019664434,0.8747595645656085
5278,0.08220354467630386,0.4942899049503702,0.07414083523328266,0.5264721637134243
5279,0.09680283814668655,0.6859268483727403,0.3144050383435681,0.7612524469548122
528,0.07916861772537231,0.444647551092075,0.003382748047534077,0.7047406092198876
5283,0.18658503890037537,0.485301650079743,0.2763706440047928,0.44565556275970136
5284,0.15643784403800964,0.6392993415695292,0.39648238472070724,0.6270777524832468
5285,0.12170647084712982,0.6900001075264195,0.33283150018277624,0.7456104828522088
5286,0.12189377844333649,0.44383041628624453,0.01297854652657652,0.41300151203215213
5287,0.06656113266944885,0.5809118729676618,0.17285609883399514,0.4028632287593775
5288,0.11115088313817978,0.7858449090533798,0.6540802755748515,0.8565657307318568
5289,0.11898673325777054,0.489987668396101,0.06674233415664844,0.4142190274315973
529,0.03917541354894638,0.5149943604779111,0.02773243204361824,0.44048875911128277
5290,0.15283161401748657,0.44605560752049517,0.14730626874008065,0.29287478227391694
5291,0.08336783200502396,0.5471442968452084,0.1389935812539159,0.6241669561433489
5293,0.06577414274215698,0.6487589507270078,0.11706513871265509,0.619726448146596
5294,0.088487409055233,0.7728146755489418,0.49284677989548004,0.6626072040870805
5295,0.08028924465179443,0.8079182233267266,0.6732824665965977,0.8676651536207011
5298,0.08577091991901398,0.5043128677757269,0.11923364481788276,0.3196557233169519
5299,0.05816749855875969,0.6055321984640423,0.19236687385138224,0.6396673130664225
53,0.07879690825939178,0.7043422408387425,0.49618632466340346,0.857988963980116
530,0.029763128608465195,0.7713794192110439,0.3721986625245252,0.628970189663269
5300,0.08065749704837799,0.5684470037666561,0.11506228356491706,0.6307823220364281
5301,0.13805578649044037,0.7526974943058853,0.5649983029587267,0.6046158349546803
5304,0.09136947989463806,0.707491666067003,0.43080962906869774,0.8302620233086717
5305,0.18557409942150116,0.7646866489760413,0.752185562743657,0.7154432722956052
5307,0.0636674165725708,0.4725434943653533,0.034543443844135706,0.2747411881619447
5308,0.07911544293165207,0.545099765743387,0.17774316081293032,0.7260213215450286
5309,0.18736322224140167,0.5464841948527721,0.19273713102065423,0.5766593817762359
531,0.1488819122314453,0.4630087202291936,0.21854549248426008,0.31718729281060315
5310,0.14280565083026886,0.6766638251090819,0.3864180618015008,0.7642871320507394
5311,0.06228858232498169,0.6941647040838935,0.29363123769597566,0.7712655880241159
5312,0.0866319015622139,0.7569682980125372,0.4423649568527462,0.6797797768639833
5313,0.2883307933807373,0.4922328232476122,0.4404649793855502,0.43593971764134565
5314,0.054531678557395935,0.8224754130159033,0.6931516484389285,0.8412197430367725
5315,0.09112130105495453,0.5468042882966617,0.19171145903494693,0.5920456439602425
5316,0.17966361343860626,0.6614318862911357,0.5916326625954186,0.6857287360018394
5319,0.14436233043670654,0.5200266593613629,0.11109377309171972,0.6596379676657025
532,0.09877829253673553,0.7945219499620313,0.5915227196008781,0.7990682107459327
5320,0.12230660766363144,0.5972529714287609,0.28542218681222037,0.6879915412679773
5321,0.08186575770378113,0.7408099844032854,0.433096011028641,0.6717731261540762
5323,0.07607537508010864,0.8207332499807642,0.737067034442338,0.8655436848691347
5325,0.1923551857471466,0.5068660258456896,0.25251660448859164,0.568314430555093
5327,0.06285033375024796,0.6330890937047879,0.2931997593194245,0.8348316218599546
533,0.10774744302034378,0.7994121417588996,0.5231455416619025,0.8189843075870904
5331,0.07816468924283981,0.6777984416301006,0.35884617318748796,0.6859660789019355
5333,0.05044812709093094,0.8851349983994549,0.6208799251214054,0.8544599755674722
5334,0.16096170246601105,0.6329831471502627,0.5435764602202062,0.6514903029856212
5335,0.19256776571273804,0.4558355159984108,0.03845493157109936,0.3393697597754569
5336,0.0726475864648819,0.5060396839711269,0.08303547922973545,0.37423129942345335
5337,0.0465499572455883,0.6740169852098897,0.19890363582818185,0.7295655096486307
5338,0.1393626183271408,0.7769539951620532,0.6085654746062621,0.7876550710583959
5339,0.15365274250507355,0.7637084667333114,0.5962649803782878,0.7377537653744762
534,0.23085027933120728,0.5844966733970051,0.5633691009373453,0.49772295649898884
5340,0.067758709192276,0.4673705163351404,0.01692874287136455,0.2529032400637591
5342,0.05348153039813042,0.6829219813223144,0.3069477859170901,0.8101813668571025
5344,0.1582898199558258,0.6027265910463766,0.18313177273703402,0.5552558505534133
5348,0.19883017241954803,0.6387238011337104,0.3440450307990166,0.7180533849199895
5349,0.04674505442380905,0.5003389184109451,0.06799330762769205,0.2841757264111654
535,0.10872109234333038,0.4634963594222349,0.12880877475959582,0.29113569429409436
5351,0.028304753825068474,0.5016013955174655,0.021444945399475012,0.31433945633955407
5352,0.0780867338180542,0.5449929498913482,0.16069818497309918,0.7675458398333825
5355,0.08840274065732956,0.6533472339928593,0.38497894137027255,0.8042790172179597
5356,0.14892823994159698,0.5388191920299313,0.20427026393652087,0.706065482512422
5357,0.11680898815393448,0.779041265031239,0.6569879584149293,0.7552686970446765
5358,0.09183713793754578,0.5985175450060767,0.2335725210448241,0.6516477853236315
536,0.08099789172410965,0.8173952885030646,0.5152242336233854,0.8458677688051934
5362,0.1206054612994194,0.5312821983397256,0.10625070812220189,0.5373300069692742
5364,0.17086482048034668,0.6062008418658199,0.42591083037026134,0.6085110634093778
5365,0.08014439791440964,0.7902281932663343,0.5116737927585807,0.8184045258138215
5366,0.07451294362545013,0.7526071132955601,0.5035877404940513,0.8457348664404388
5367,0.09439333528280258,0.44547123369978325,0.040538186307975316,0.6368795226754222
5368,0.10815728455781937,0.7573963902612504,0.3977293403409027,0.7621588633024654
5369,0.08600062131881714,0.6005397053962833,0.15243480546175606,0.6560453986435977
5371,0.20472633838653564,0.5002070152492937,0.3021127370860756,0.5929537899480591
5372,0.06394698470830917,0.7566262130213078,0.37954689809633335,0.7908146547556061
5373,0.08629664778709412,0.6056880460796699,0.2822829761588169,0.7547410337057573
5374,0.10416484624147415,0.6956011184776718,0.3245124818433424,0.6521159758725554
5375,0.038593824952840805,0.6076971553414052,0.1969438551068855,0.7494044722085061
5377,0.09670912474393845,0.7289678932577082,0.3216249599915922,0.7500650780454649
5378,0.17448751628398895,0.6121426067427268,0.3402341446905676,0.7520861148330196
538,0.17429281771183014,0.7117207690943408,0.6518510826219253,0.7351106586443735
5380,0.07509031891822815,0.6865651488109297,0.3649175620041526,0.8153213619680768
5381,0.06392893940210342,0.5487499356682253,0.24505509570245723,0.35844193240153954
5382,0.10428958386182785,0.8312320237583177,0.7712782924081312,0.7961523410664071
5383,0.1534794121980667,0.4772816648803889,0.2774535333215099,0.34195545572778024
5384,0.0909813642501831,0.7920649794361534,0.6904499150750323,0.8437828783818014
5385,0.0999753326177597,0.8455038405703184,0.6004650352830078,0.8219804987771473
5387,0.07703645527362823,0.8413934625697121,0.7083134795294151,0.844014179381296
5388,0.08563095331192017,0.6703975786654035,0.4485925291613001,0.6744938636308733
539,0.05803598463535309,0.5214360340456268,0.2540116176603723,0.39516480683637356
5390,0.1471465677022934,0.6170057480480508,0.3540417053105935,0.7127777009660087
5391,0.15931367874145508,0.80733842327519,0.7194162461523965,0.7446219457379435
5392,0.07266140729188919,0.4703638939650825,0.04473978937645161,0.263494185298773
5394,0.1323162168264389,0.6074736501814663,0.2585218754170219,0.6996649249476694
5397,0.21247461438179016,0.4864409711422129,0.47982366388041336,0.42679834749583273
5398,0.07524216175079346,0.7721665659217354,0.4737643701529816,0.8206512677390421
5399,0.4443069100379944,0.4212217267106188,0.5059022513163838,0.3589256495325631
54,0.08332666754722595,0.7572847100242419,0.6043632711447159,0.8608191008593807
5400,0.3774290382862091,0.4380266012693059,0.45189544318335084,0.5048225076990871
5401,0.11676650494337082,0.6757930702847466,0.4550233028364968,0.8510227746088037
5402,0.17078275978565216,0.5659052210541599,0.16568688486813357,0.5727724681559936
5403,0.3575016260147095,0.40993319605937223,0.4247322159088467,0.35583025663188583
5404,0.15801827609539032,0.7074721985827976,0.6091109127654234,0.7457783925239263
5405,0.0737372636795044,0.801121408086904,0.6769301379051053,0.8008775401747406
5406,0.13584646582603455,0.5540769097493731,0.5248745805104073,0.5178614880091981
5408,0.10198072344064713,0.7777095712296531,0.5373326678196104,0.8163405953155949
5410,0.10334089398384094,0.6314796962128221,0.19774245481266392,0.6052992496422123
5411,0.0543019063770771,0.741750074447292,0.5088010521711477,0.7895046962597889
5412,0.0598493255674839,0.7254079461501661,0.3661023652018984,0.7972780452775261
5413,0.12733973562717438,0.5849516340884624,0.2693544059911501,0.46057516609529037
5414,0.18626900017261505,0.5731214081045242,0.474726761995851,0.6531940492025259
5415,0.08289767801761627,0.5232205794807564,0.13365807680976782,0.5480918967353693
5416,0.11031610518693924,0.6341463184434778,0.3301884653852807,0.6827236227685314
5417,0.18700078129768372,0.6572659976504474,0.5490707164526815,0.7496093657044327
5418,0.10906501114368439,0.623359944365252,0.40631284621858316,0.4874665534173699
5419,0.16863861680030823,0.5249303491850467,0.44628743764332535,0.4754395176021516
5421,0.153945654630661,0.49960074008478433,0.22062031160101445,0.4756420023687398
5422,0.08722054213285446,0.5214480042817186,0.11593829457000296,0.7312827805698066
5425,0.15500037372112274,0.5638945381305214,0.1802459238573409,0.5746246874821571
5426,0.05471380800008774,0.5359951349352741,0.13643667531495982,0.327578070007442
5428,0.22098441421985626,0.4971725233572799,0.4843443598826377,0.4939053611027766
543,0.11784569919109344,0.6722896923097913,0.4004456035723112,0.5706779542361784
5433,0.13768431544303894,0.7238203034757025,0.6420136104020255,0.7519718751500533
5434,0.09503179043531418,0.5927633421238501,0.20124025680248137,0.7839516151310354
5435,0.08202026039361954,0.5422826582361763,0.18537202175753048,0.35831899813353085
5438,0.1252642273902893,0.7517394954542855,0.385993078620309,0.737231626490368
5439,0.2003949135541916,0.4041855206412998,0.07760068016951531,0.2661683692574588
544,0.5303373336791992,0.23742636593198263,0.05967930136340254,0.2528215899262256
5442,0.18269646167755127,0.6780124208032721,0.6791133302934339,0.6155213031731709
5443,0.11434487998485565,0.7813408427472877,0.6440670701492489,0.8094161827665809
5444,0.128567174077034,0.7276826786307546,0.7216271464612201,0.7212281538929333
5445,0.12369702011346817,0.674493461826156,0.5569052616763047,0.7851088385223558
5446,0.11445819586515427,0.6830615031263229,0.3160587637916207,0.7264530561110989
5447,0.09083957970142365,0.8269066544415029,0.6610673947811644,0.814263998909588
5449,0.11633306741714478,0.7582157363306357,0.6030213672171529,0.8074380359547517
5450,0.2141532450914383,0.6638395743154342,0.7366448829994319,0.6764549065263477
5452,0.30402758717536926,0.3564026762839146,0.11109667102430615,0.27240323235226316
5453,0.1140361800789833,0.707789072811874,0.5497329522930325,0.7147135753772424
5455,0.13344784080982208,0.8508628019077421,0.7484228269907824,0.8271266012895975
5456,0.0771293118596077,0.47092298515036907,0.11403362942808977,0.3001275323372755
5457,0.12609025835990906,0.8104102621479068,0.8397303173392145,0.7815207440970071
546,0.034493882209062576,0.8901027228035581,0.667565493300092,0.8906464739872446
5460,0.09949349611997604,0.6211160551186139,0.2936488821877669,0.6797978477590395
5461,0.11121563613414764,0.6689694756667913,0.2555291147383061,0.6729393947371338
5462,0.054463837295770645,0.8349876797550974,0.6545223330097444,0.8809307062767364
5463,0.05819646641612053,0.4816190347279392,0.0914962185375326,0.2760407480817307
5464,0.12572386860847473,0.7344986564298321,0.5630873565245177,0.8302759241248472
5465,0.10257889330387115,0.6694604245315404,0.37042264784205287,0.7650447948935338
5466,0.07853683084249496,0.6448223358964152,0.2354264875852431,0.7388255543855545
5467,0.16670842468738556,0.690991287911691,0.4395479671775823,0.7603397334103221
5469,0.1264527589082718,0.44044056859244135,0.08822959272623034,0.2992763853184386
547,0.11158133298158646,0.8348650518234707,0.7270838053578004,0.8171412495052469
5470,0.10198338329792023,0.6181767946935454,0.42875856810703517,0.7747843438109
5471,0.028966646641492844,0.6387606331784796,0.38416278878518817,0.8992132632757635
5474,0.1394023299217224,0.6814610115666553,0.6344517158685578,0.7653966048625076
5476,0.12386676669120789,0.4471381814357348,0.1515154211784985,0.2878208207698028
5478,0.266561359167099,0.39537899073138355,0.18984039547374584,0.29832683947391114
5480,0.03968963772058487,0.7799097252162439,0.4651456383337582,0.8863253202928012
5482,0.040211550891399384,0.7430954338685272,0.4619487240450159,0.635698747239726
5483,0.026272151619195938,0.8476847445539955,0.6266059521093456,0.9383702310986131
5484,0.052360180765390396,0.7405781333045618,0.5647006803262591,0.7642934904006666
5485,0.14639146625995636,0.7547297983281975,0.7652923927469978,0.7524325406211687
5486,0.20043019950389862,0.4063524549845894,0.09953978804262835,0.2724831052483335
5487,0.1098698154091835,0.6151582883149455,0.22261068708373888,0.7006261097527904
5488,0.07757921516895294,0.47930953511737345,0.19723260197830011,0.31234583397603144
5489,0.09741639345884323,0.7445166625289954,0.5945833942683882,0.870320694949417
549,0.026758544147014618,0.8708021328401868,0.5957472846127164,0.9139631324965036
5490,0.032291024923324585,0.8389082836465807,0.7225938361931077,0.8233820794209624
5491,0.017665095627307892,0.7355023658806346,0.2524264693233214,0.7222398552496333
5492,0.2011573612689972,0.5950571299095911,0.5070973907921781,0.688815472262317
5494,0.07144413888454437,0.6308575887387171,0.46689722771180125,0.4887363065349031
5495,0.11131151020526886,0.445495087550709,0.014817310610793074,0.25263828634849417
5496,0.19405509531497955,0.4037367441263493,0.005924792673677218,0.25002452982105117
5498,0.12290172278881073,0.7658139229030461,0.7503522239711425,0.7623632102973725
5499,0.10418099164962769,0.5558867845556272,0.07006879604419455,0.4130504272771174
55,0.07985712587833405,0.619550232461731,0.23114939766945738,0.738836434375675
550,0.16333992779254913,0.41472193469120366,0.00015384524022110646,0.2880305871202764
5500,0.10205061733722687,0.45839755793713743,0.057101076873922886,0.26386516400351573
5501,0.03267671540379524,0.8054380264684733,0.43513740350991503,0.8914681108082421
5502,0.059610094875097275,0.6816480414485075,0.5351980548305135,0.5554155113168752
5503,0.07741520553827286,0.779948876512073,0.48969639108531393,0.8727971918411932
5504,0.07938583195209503,0.6141327327111836,0.4675533313377356,0.6914700080621303
5505,0.0709858387708664,0.44226991260197085,0.009984468561448157,0.7473576003830411
5506,0.1950930953025818,0.5178350253059947,0.4301699883188056,0.5397713254598616
5507,0.04420287162065506,0.5672330038314606,0.17690415293671619,0.583306389420724
5508,0.06775043159723282,0.7741162038291765,0.5556161272539862,0.8665787601745425
5509,0.19289812445640564,0.6462222040078627,0.6018955880031372,0.6688238682720384
551,0.04109269753098488,0.8052040734020836,0.5209965249181128,0.8475277920802491
5510,0.0929061695933342,0.45695914364522966,0.06551412063156264,0.26564847900853306
5511,0.21742764115333557,0.521620386828385,0.2907857775864874,0.572850562675581
5512,0.3107265830039978,0.3471993763709123,0.04124839026631002,0.25687861055160144
5514,0.05137178674340248,0.4737717679669771,0.03572448317624161,0.48848813743338837
5515,0.07626017183065414,0.577382499679095,0.12461336040478185,0.5087616630016474
5516,0.013491504825651646,0.5183680881073318,0.05089439458334462,0.3216987377344459
5517,0.08420441299676895,0.5667315557686072,0.11377680719324479,0.4927444642749837
5518,0.25160837173461914,0.37750257693711503,0.05858343565746202,0.2609444238635664
5519,0.15193426609039307,0.47119421942085493,0.3137482288415456,0.3558546448340829
552,0.048468273133039474,0.46154459407284787,0.0006335035315979388,0.47705932499879583
5520,0.28566837310791016,0.5400555168581426,0.4451679467032518,0.43603815153281583
5521,0.07144971936941147,0.46012669502313075,0.03550707578617782,0.5556385868141218
5522,0.13244739174842834,0.6127079721515216,0.15933727952875382,0.6128714010652586
5523,0.06211106479167938,0.7973185419489138,0.4228201888807643,0.8371475914342938
5524,0.0520784966647625,0.7690248359129088,0.6177831975067823,0.7435515050822652
5525,0.2548646032810211,0.5598534231033437,0.4417624138407266,0.4963370644488275
5527,0.06272613257169724,0.7097926316703553,0.21309367045174696,0.6393963745866507
553,0.09316767007112503,0.6670683879190838,0.26481548891873397,0.6948614485228409
5530,0.14887911081314087,0.5456468606900042,0.03573716552508338,0.3414082015038229
5531,0.16982409358024597,0.4895795687817473,0.19234624717874987,0.7595776027347976
5532,0.08080897480249405,0.571346084614773,0.1377125460345942,0.6218769640105093
5533,0.2021276354789734,0.4031208348140518,0.0675414980316014,0.26405344868702085
5534,0.0815773606300354,0.48702249816829085,0.22355509239579188,0.32873943045953713
5535,0.1041874811053276,0.5934457280226582,0.3342852814253886,0.45329740902946103
5536,0.15658126771450043,0.4224280918257476,0.005048849644593928,0.25012387947142434
5537,0.11929022520780563,0.7114114892473458,0.5891271062849069,0.687745675010653
5538,0.03431691229343414,0.8745564637713649,0.6915542223681963,0.8555596860668107
5539,0.019528953358530998,0.583672166765569,0.03218214308280079,0.39158540905300115
5540,0.04430026188492775,0.6871542323343367,0.2347135494807983,0.642085500466886
5541,0.11207062751054764,0.6650941745618157,0.21972925526485665,0.6280720798928868
5543,0.02115746960043907,0.5226766550532168,0.032967882932889256,0.7635577763696293
5544,0.0684671476483345,0.6626441468337103,0.37987601655038267,0.7296857065316389
5545,0.0718310996890068,0.7647725620928512,0.6036885164255008,0.6723257570563317
5546,0.13404972851276398,0.4346998218930009,0.0340082429333848,0.2558937091060521
5547,0.07142750173807144,0.5427204456433536,0.26577104096314347,0.38348101501337617
5549,0.3063773214817047,0.3482831420044113,0.020707283883388227,0.25275609055023107
5550,0.02122415043413639,0.8990488253579734,0.6771356938943706,0.9131067898125055
5551,0.20777444541454315,0.5603542783335675,0.5609987054627176,0.4934623485146146
5552,0.15144339203834534,0.5398454728319719,0.25951644312414407,0.3867446101988017
5553,0.0669410228729248,0.6580568744348737,0.3548543618677566,0.8485123741264011
5554,0.14972099661827087,0.426555278870132,0.02378884212664673,0.25388524202352025
5555,0.08065498620271683,0.6843601531703454,0.2798937364556022,0.7866795610163324
5556,0.06299004703760147,0.7916872248921143,0.5488360212854811,0.7693903582112971
5557,0.1943473219871521,0.5434304131307546,0.4297518619476252,0.5027923814984749
5558,0.06583626568317413,0.7215131047961151,0.2607582917575721,0.6871781326962972
5559,0.07891342788934708,0.465607474537065,0.08008308293012883,0.27592665718191445
556,0.3698188066482544,0.4809764316540754,0.6097096900443985,0.4365994429287255
5560,0.14106376469135284,0.7087749032888,0.6939117060762741,0.7150378941593847
5561,0.20893369615077972,0.44260581700501167,0.2091032043789757,0.30883245021174666
5562,0.04896831139922142,0.7517652534391606,0.3824596462370696,0.7829693102426419
5563,0.039491988718509674,0.7112901960869649,0.23558235176597414,0.6828986909437831
5564,0.15329042077064514,0.7655805504414829,0.6251393876183602,0.806700519679135
5565,0.030911272391676903,0.830861436513489,0.5111934837188932,0.7905089193879784
5566,0.02138288877904415,0.8546689826512937,0.5439160807555831,0.8687946223356234
5567,0.038512103259563446,0.8635641646374078,0.6033112262087597,0.9103232263199138
5568,0.07736235111951828,0.6877046821339234,0.4867755730346207,0.809722255642509
5569,0.07403668016195297,0.7586823954145228,0.6009091399374223,0.8414400359527645
5571,0.0877041146159172,0.726892097575664,0.4657459070096517,0.5792914295996299
5572,0.10744448751211166,0.500414540492131,0.3640376269098352,0.39201337409890374
5574,0.059063274413347244,0.827146458170259,0.7285050560540083,0.7940155225514693
5575,0.21266284584999084,0.39583525122134855,0.03325372794821343,0.25595520064941146
5576,0.1666189432144165,0.6820698846905274,0.5708879718259852,0.7210248778209298
5577,0.24965186417102814,0.4930951637514955,0.5745690194841339,0.4858283505105145
5578,0.14214107394218445,0.6170996405578638,0.49031120947267104,0.5308448645648316
5579,0.11270365864038467,0.4730775296671961,0.25746789914089824,0.3398678630872878
558,0.25362342596054077,0.44252751540220264,0.3936176134063179,0.3722037224625818
5581,0.16590987145900726,0.5337058415957975,0.16331660809744716,0.6889223623864525
5582,0.022254422307014465,0.7144487780467635,0.3259653472354596,0.8034486616479868
5583,0.17571893334388733,0.6303600728309734,0.6175001868125177,0.6511608162186361
5584,0.05562150478363037,0.5876691767268549,0.2061262132988709,0.642066689163218
5585,0.04393794760107994,0.8164868356244372,0.5951271709619016,0.8959381383476208
5586,0.05869261175394058,0.5333526447384467,0.13072847363081666,0.8209379971865034
5587,0.041395097970962524,0.5418477664067068,0.22157228816420527,0.4585144026058555
5589,0.17535388469696045,0.42102038316533386,0.12260529093325982,0.28303977118242385
5590,0.08977428823709488,0.6653809595165754,0.5291787426432997,0.6135988809487659
5591,0.13314542174339294,0.4370518093237515,0.06532321502586362,0.2653421067552363
5593,0.12520477175712585,0.5916623658398353,0.40125256354726946,0.521135114570823
5594,0.0641731545329094,0.6966613988351833,0.587971044147804,0.834983763223436
5595,0.232393279671669,0.6615228866363212,0.7867685182871412,0.6433437487728448
5596,0.2839176058769226,0.49290254034595354,0.5333760987312272,0.44071783418878935
5597,0.09825583547353745,0.6355342506920432,0.4289736358792945,0.6758733163374011
5598,0.07511842250823975,0.8071682699728955,0.6793182681342292,0.870086766896097
5599,0.038062699139118195,0.8989725194447782,0.6827398894245335,0.903452883986861
56,0.08896830677986145,0.5920020198406892,0.25286957664659676,0.8122221861378577
560,0.1674194186925888,0.6764294774013863,0.7187068251519749,0.6567932239186325
5600,0.1301770806312561,0.7917886701707935,0.6530867217457602,0.7257289804045943
5601,0.04984234273433685,0.5614528357549666,0.08611746159268346,0.47602106844808134
5602,0.057694852352142334,0.6266442813294753,0.17627845845608361,0.7333920251066535
5603,0.15898992121219635,0.4223046817047657,0.03322921834853041,0.2567127849302372
5604,0.04386264458298683,0.7360615847221698,0.18753603947586825,0.635620092853546
5605,0.07106505334377289,0.7473914022758708,0.5282799230544042,0.7541122189715721
5606,0.08413500338792801,0.5879764697692187,0.37131814371928623,0.6201251180760744
5607,0.05016018822789192,0.7464450251893897,0.3781523900082012,0.8008696814673131
5608,0.2094234973192215,0.6424487670929653,0.4930715434104578,0.6958487123456256
5610,0.053343452513217926,0.7543593877270046,0.5652281266805128,0.834248083590972
5611,0.07079070806503296,0.7513809128380555,0.6829148197386384,0.7506269051361009
5614,0.0440424419939518,0.8521861152214798,0.5858606042863395,0.8872289745910211
5615,0.08919689804315567,0.6220845794259267,0.23326561673419974,0.6438657269636517
5616,0.13634955883026123,0.7294188624708544,0.7144557635714547,0.6939431740110393
5617,0.020640302449464798,0.631210432375156,0.2168981723820907,0.6465454167210821
5619,0.15161581337451935,0.6789161601239518,0.6822537132886969,0.6397506287108862
562,0.11652293056249619,0.8362655485108491,0.7141230385450993,0.8360157790875954
5620,0.1567075401544571,0.6575863875613179,0.562867210827998,0.6214708719219708
5621,0.06126844510436058,0.8453913206195584,0.4502899775769027,0.8012031438706985
5622,0.11583604663610458,0.6881111272013728,0.49086587677143956,0.7726245594051855
5623,0.0659269466996193,0.6983961251802775,0.17883529050996244,0.6599747691631962
5624,0.04943511262536049,0.6084933090745064,0.42413517427874325,0.4560278673829255
5625,0.04316389933228493,0.8214705386101013,0.4507641684523236,0.8387819198762885
5626,0.18593639135360718,0.5055014913871732,0.05967620315701469,0.40890140533708613
5627,0.11616171896457672,0.656240253042399,0.36229150831571444,0.8003153106291526
5628,0.07302024215459824,0.6765792173008087,0.260303984486848,0.6889980069661703
5629,0.04819928854703903,0.8380838711407621,0.6745026915667679,0.9136821704530673
5630,0.24190527200698853,0.5874689114063968,0.5274284037683559,0.5447149483710363
5631,0.032815590500831604,0.785551190083585,0.45925447106804984,0.8731328902979565
5632,0.028350379317998886,0.8629523073789361,0.4817060437417686,0.8460003842064242
5633,0.04486142098903656,0.5968470819369432,0.1154989628515521,0.549793980364626
5634,0.030219020321965218,0.7377549943319961,0.3629190319917104,0.8124977243176723
5636,0.10721229016780853,0.6422157360113984,0.2077949460215076,0.6297044209352314
5637,0.06424442678689957,0.6817719900330992,0.23061893509468648,0.7368570583626504
5638,0.05234728753566742,0.8151643577533774,0.5682807196208695,0.8657921982448483
5639,0.16812904179096222,0.4204439828126511,0.07724984324595338,0.26493393583409053
5640,0.06657136976718903,0.6925679269326592,0.6379853293049831,0.666878164633988
5641,0.1065073311328888,0.7390050229807812,0.6021142262317073,0.6870434083682047
5642,0.04604766517877579,0.6312440598855618,0.2468101688312444,0.5528900782127751
5643,0.23122917115688324,0.55114224434398,0.6129599844955088,0.5239055085641469
5644,0.021034883335232735,0.8977142186946048,0.5511101571044356,0.8983647334007787
5645,0.10501641035079956,0.75255557930418,0.6166091613744398,0.7454484315115566
5646,0.06929584592580795,0.639495882905436,0.23588980137762278,0.659745378833809
5647,0.046293653547763824,0.6418048435749821,0.21399478887727252,0.6318688390967113
5648,0.04673336073756218,0.8753926149085856,0.7037659262724657,0.9314957226242709
5649,0.27602943778038025,0.6078895864834868,0.6771570163393539,0.5602840315161399
565,0.026004478335380554,0.87378820209125,0.49090869184031644,0.8931529919686302
5650,0.03821510821580887,0.8421135671004867,0.5870660051170146,0.9099280183248084
5651,0.05047456547617912,0.8417576930299959,0.5601545963315963,0.889226845210328
5652,0.08036844432353973,0.7930271098753443,0.6786439842470305,0.8510127774158879
5653,0.02669777348637581,0.8571942893473481,0.3967995888170575,0.7644560536123329
5655,0.08739956468343735,0.7249959082862786,0.3303020562115578,0.714198508475371
5656,0.11385797709226608,0.5458862019724817,0.1164246896281364,0.6491319522526957
5657,0.22623006999492645,0.6295515144056973,0.6378049053927666,0.5897214257323614
5658,0.26714637875556946,0.4763516397422665,0.5124788416970039,0.43005812967885826
5659,0.10140141099691391,0.7415615170207295,0.491921124888986,0.8297917186264044
5660,0.04849828779697418,0.7086225966603131,0.507890442172627,0.719592847720946
5661,0.12324246764183044,0.7880749203431514,0.589955439329925,0.8399065016239723
5662,0.07511790096759796,0.8252985609904999,0.7994477147823614,0.8390378957093007
5663,0.0970512181520462,0.4548867519518437,0.06834324593020652,0.26539655011528873
5664,0.055271174758672714,0.8860148443738782,0.7268899454941599,0.8570181282826147
5667,0.04861628636717796,0.9342869236118092,0.8496214879328734,0.9178703575492888
5668,0.07628972083330154,0.777379640214305,0.6522565572049621,0.7651750980099556
5669,0.26117464900016785,0.5157253662767823,0.5938550158401916,0.48446001454144033
5670,0.056096263229846954,0.8979985658711782,0.6309448966244698,0.8618313803833815
5671,0.1460379958152771,0.4342912215274856,0.15123458973725637,0.3919459230154604
5672,0.0127114187926054,0.7710019711754484,0.4096052770206147,0.8321949994960864
5673,0.033107940107584,0.8577906118951459,0.493645021666753,0.8361725469840013
5674,0.06854762881994247,0.7545536031432403,0.693011632075763,0.7972722116571113
5675,0.12390147894620895,0.6982209861531081,0.4635416658759721,0.7997072300909778
5677,0.2624153792858124,0.5714269590936432,0.659610732098152,0.5477718082416164
5678,0.11910153180360794,0.6636739129189871,0.6569481690996715,0.6899632279039253
5679,0.11307063698768616,0.5188426823307241,0.4026039438097936,0.43789377972503496
568,0.294038861989975,0.35493709311856136,0.032008012640430086,0.2558461308029676
5681,0.043655335903167725,0.7840445350023688,0.4471545142298443,0.8637083526256168
5682,0.061827439814805984,0.7600120610724976,0.40264764055276914,0.78204820216932
5683,0.07745678722858429,0.7592582983535167,0.46120129280986094,0.8331548510852455
5684,0.05253399908542633,0.7305068791077636,0.3174957097127058,0.7533963879318615
5685,0.14293818175792694,0.6785705056748935,0.3877302671379849,0.7665617695590656
5686,0.2613235116004944,0.3809453041110957,0.15162587943460965,0.2828423221204884
5687,0.0669492557644844,0.8624177560056459,0.8270289147296245,0.8917131664502287
5688,0.20596376061439514,0.6950532371313181,0.7111887954200657,0.656258299528355
5689,0.0923972800374031,0.7724571328239714,0.5396239652500436,0.8161699745817722
569,0.36088764667510986,0.32747834367731143,0.10560257421965545,0.2699653043144048
5690,0.03568180277943611,0.8585804298806952,0.49170055690636355,0.7892889175003779
5692,0.17680969834327698,0.5896473375142779,0.47341183132066944,0.5189046076977161
5693,0.14397217333316803,0.49045296996058596,0.39709818801424085,0.4025520435467283
5694,0.07539746910333633,0.8465389512966148,0.5603288133263132,0.8502376595441155
5695,0.04988594353199005,0.47916205768595166,0.022785003223042923,0.277788546219504
5698,0.07070434838533401,0.8871280135588843,0.7398728764703788,0.8611879415259633
5699,0.09171199798583984,0.6723898400133834,0.4714602732507682,0.5932683612849284
57,0.0568770095705986,0.6395581780023972,0.13340410027270524,0.648125638991244
570,0.16782410442829132,0.6579087583805636,0.47934831667768096,0.7873456109357364
5700,0.0429740808904171,0.8004333062819713,0.46469063679338246,0.8421463703204175
5702,0.08950133621692657,0.7382886021407076,0.6372802189917374,0.7682717711452346
5703,0.14076511561870575,0.7495384073238538,0.7013118422354448,0.7005165174668448
5705,0.0334368571639061,0.6595223075826645,0.24264091784722452,0.6940833774472706
5706,0.3448699116706848,0.3392783375122177,0.16239589029949097,0.28248936663516966
5707,0.11458896100521088,0.5653000860456576,0.12433368631927967,0.5838237731029485
5708,0.128521129488945,0.43963501747593975,0.07423504487296984,0.26683766959450395
5710,0.0906069204211235,0.5891413054228531,0.1848446065828305,0.6777776385961316
5712,0.05084589496254921,0.8255435021676978,0.467853649847311,0.8561312264646533
5713,0.19264627993106842,0.4443554593359635,0.2775140350181632,0.33643256499491747
5714,0.08252418041229248,0.6190884108464887,0.5804957870240017,0.6075964527725553
5715,0.2206711322069168,0.6200607367095856,0.7040172711327106,0.5951696886686058
5716,0.24459005892276764,0.37954494983796266,0.03311083679649383,0.2548972657679537
5717,0.04855450242757797,0.712869490341677,0.32651324773361834,0.7822658994705676
5718,0.02645270898938179,0.8321512921947697,0.5834865635853359,0.9172484493619001
572,0.17949512600898743,0.7277245433457851,0.7991056787781486,0.6952371703476861
5720,0.0512600839138031,0.6541816776926798,0.12333094960083772,0.5889881968994263
5721,0.04269852861762047,0.7455704413627944,0.40561023206081626,0.8460153191501665
5722,0.1106182262301445,0.7699291423127596,0.6267845562764294,0.7864510588046596
5723,0.13774175941944122,0.6998894197785055,0.6594187406012477,0.7482729785107154
5724,0.08407095074653625,0.5610829701369818,0.1517936733938359,0.7059556469091302
5725,0.05069945752620697,0.9099434512807189,0.7097575244351445,0.8945281834140076
5726,0.022789157927036285,0.8335381640896846,0.5773862377937744,0.8858615090629459
5727,0.040108807384967804,0.7929896970314254,0.5039618109061199,0.8375611657771602
5728,0.06530649960041046,0.6398549124504556,0.550327361673802,0.5893645664947644
573,0.07381638884544373,0.8244917021709328,0.5247152304582506,0.849871743272429
5731,0.03634466230869293,0.8513250679162272,0.5337344574552312,0.8882088543574213
5732,0.26906508207321167,0.6279831202074044,0.6635772370773816,0.5820523615045691
5733,0.1577334702014923,0.484704150006822,0.13283572794788853,0.6655160644725341
5734,0.037683743983507156,0.945868995831014,0.8551666271478028,0.9345258734273052
5735,0.09030429273843765,0.6483262616766186,0.32590877050052536,0.7886725114252653
5736,0.07071200758218765,0.6852468116283469,0.4555637983201113,0.6762605334845156
5737,0.16545866429805756,0.5472506122128736,0.37022356494051123,0.6940665909965638
5738,0.046460628509521484,0.7799082789521987,0.46075716798579125,0.8560676139207579
5739,0.04915668070316315,0.7587347846552515,0.4311066905546883,0.8033166450439488
574,0.025039657950401306,0.49228954258946767,0.011303015350901696,0.5315973486516663
5740,0.09832000732421875,0.8266673857086283,0.7487744722946017,0.8053417224351264
5741,0.031354449689388275,0.8449467919059577,0.5847357492008552,0.8791893604201235
5743,0.0940580740571022,0.4442039757013579,0.011725385859568617,0.7116618690503964
5744,0.034672219306230545,0.8922902455418674,0.6050755295327643,0.8791676855907617
5745,0.19080029428005219,0.40567145227960083,0.01441302354280715,0.25186270477865
5746,0.03133015334606171,0.7546202185742085,0.41677803744542585,0.849848210750177
5747,0.16422845423221588,0.6800512811187138,0.23791716919441802,0.6758504057881627
5748,0.10095399618148804,0.6834707666025277,0.28046202905834233,0.6744689463617071
5749,0.056476302444934845,0.708092731323051,0.22603948354309242,0.6650940086439745
575,0.11573157459497452,0.8115734525008238,0.7002271934518509,0.8159830084494173
5750,0.1687750369310379,0.6643088804047225,0.6543667408775595,0.6088648493169815
5751,0.26017874479293823,0.4185963141911219,0.32010128169200136,0.343466114314406
5752,0.039753369987010956,0.6439927567303823,0.22921575364265315,0.8084252593504686
5753,0.0711899921298027,0.5568601657071677,0.1413256074076381,0.6619567593938855
5754,0.15295621752738953,0.4508536727716042,0.10854989415996692,0.7472149663749914
5756,0.23231995105743408,0.5545787160636519,0.5706549128361709,0.5647857691896655
5757,0.15528430044651031,0.741093019896333,0.7137474504596514,0.7248192908829963
5758,0.1519084870815277,0.6704848008214749,0.5349601929841348,0.7219188981827598
5759,0.06472361832857132,0.6612863334550616,0.18326827042450258,0.6197240032494727
576,0.08909974992275238,0.8254745910466283,0.7030829040918243,0.8684405505886339
5761,0.03299064189195633,0.7666636856955691,0.36455445152183474,0.7895996296773533
5762,0.15949903428554535,0.7749498591304441,0.6555604269244518,0.7791142384455387
5763,0.04529576376080513,0.8583042214287293,0.6365371517586158,0.909780305171772
5764,0.2047947496175766,0.6866571460366473,0.6484400972627636,0.6950683778662834
5765,0.032499805092811584,0.8862023035342459,0.6397384533847025,0.9114415249467955
5766,0.060392431914806366,0.8455385982541004,0.6316057405605082,0.8829677279125958
5767,0.14841899275779724,0.4822290299720964,0.3007360621715317,0.35042728159823866
5768,0.07180320471525192,0.7888787768449699,0.6838200152025349,0.8439588056443698
5769,0.12155953049659729,0.8107838959513941,0.6961533047034458,0.798609153534846
577,0.1708754599094391,0.6524724053914446,0.5273677200498321,0.5798482427934988
5770,0.25727856159210205,0.4184916760572114,0.3220134300155882,0.3400921358101199
5771,0.05666482821106911,0.7893712869591393,0.38285279969044844,0.7705861068518574
5773,0.0694321021437645,0.7534337583345716,0.4215297874039866,0.8131735182612035
5774,0.6305954456329346,0.2939425679451189,0.49305773063904984,0.226085315061123
578,0.10722306370735168,0.5527876661881532,0.20932680200070236,0.7741527145573811
5781,0.08473530411720276,0.705067645697861,0.3841434845458943,0.7994064544799027
5783,0.10077835619449615,0.8085424536617198,0.6054926638433136,0.7956880757524641
5785,0.04398433491587639,0.8940545002956546,0.6255852532141485,0.888907667043001
5786,0.05922291800379753,0.7497415294762222,0.4333021917767859,0.7945182651566807
5789,0.05155080184340477,0.47862045453658825,0.013722172108286638,0.471735437766658
579,0.09804007411003113,0.5267084864026452,0.14414924854510391,0.6676784587877244
5794,0.159052312374115,0.6712174322398071,0.3267476575083557,0.6917921797822901
5795,0.15462113916873932,0.6025419413458852,0.1888970403128023,0.6124302364299917
5798,0.17632617056369781,0.6745086628009487,0.6506858783335299,0.6292573215306337
5799,0.05491955205798149,0.7480814671142926,0.3527182688584692,0.7578572249019153
58,0.2539517283439636,0.5345000500524377,0.5597039648980644,0.4950320598826228
580,0.09014631807804108,0.8714860796151023,0.6696310694040075,0.855327768088449
5802,0.04101588949561119,0.47029483713578646,0.0025170694786398238,0.605132364397476
5805,0.1004728376865387,0.7054170933602795,0.5137783435806956,0.6459390821265687
5807,0.16415317356586456,0.7357148726440899,0.7233822385496983,0.6919497387454928
5816,0.23042351007461548,0.38648660034911325,0.021680826925700322,0.252535274948787
5817,0.0959419533610344,0.7731070532691827,0.5785480587578136,0.8266400075415455
5821,0.09413877874612808,0.7797090872241278,0.7265279799054826,0.878566295896508
5822,0.10444709658622742,0.812022670145818,0.7404525489429709,0.7380432308117016
5825,0.35361799597740173,0.3325788786444625,0.13181683836310226,0.27371181001292955
5826,0.17663109302520752,0.5956192611248601,0.4998584821993004,0.5759102018427172
583,0.10220344364643097,0.5561941835565141,0.39735521803409435,0.5048379402813902
5832,0.07796787470579147,0.7691847274994454,0.6444554604045245,0.885447394969102
5835,0.17472264170646667,0.7314570435450374,0.7444081949286339,0.7056622507157501
5837,0.09044152498245239,0.7078710624555611,0.6632931685363948,0.7416457295600425
5838,0.048350200057029724,0.6435044609995255,0.2813067858392069,0.8446718966407427
5839,0.15789800882339478,0.603971210705625,0.5575751077597619,0.5146278186311837
584,0.140931636095047,0.49025508503965026,0.13349164095701108,0.7616370279454996
5840,0.09341182559728622,0.7424712547404947,0.6638029832231978,0.8220468685113939
5842,0.17021240293979645,0.6956847587371152,0.5165043919479226,0.6664924613940548
5843,0.07145240902900696,0.7267879925390317,0.5317800910997417,0.8418678886424407
5848,0.17573916912078857,0.5549127715849764,0.22574071941294852,0.7359591743427528
585,0.06707090139389038,0.5866337868168283,0.10576286060694819,0.5151716693091857
5850,0.16156645119190216,0.6856365064286201,0.5953579311562186,0.6384748759351548
5852,0.061003152281045914,0.8220183999685097,0.6198440863919797,0.902633417451133
5853,0.09408150613307953,0.6884996794945704,0.3946395676860444,0.8355707933118226
5863,0.10993624478578568,0.801213187095906,0.8207326412121143,0.7920714488374297
5864,0.13297119736671448,0.7837142734732033,0.7139643465035599,0.7353354677745496
5867,0.09867274016141891,0.5050573561312618,0.054966581791112336,0.6240634550429904
5868,0.09209996461868286,0.7202689950818042,0.4725433814626793,0.6591628498878688
587,0.026518747210502625,0.7948571909983424,0.4558256006750414,0.845147365207333
5871,0.10563930869102478,0.8147152590685103,0.7152069485987732,0.8006832119677052
5873,0.20894992351531982,0.4111571277683911,0.2017173046335918,0.30119681716585767
5874,0.06975399702787399,0.8381975626912741,0.6669251110298512,0.8519541403740323
5875,0.18286395072937012,0.6903661041178925,0.7064405237242847,0.6713733134924097
5878,0.10769505053758621,0.7129365052814293,0.3858598339133336,0.797337518146011
588,0.25224021077156067,0.4025789256922083,0.2701078791169296,0.32343505897341057
5880,0.09119266271591187,0.6925554169215715,0.5831566441733367,0.7828955858123725
5882,0.09548280388116837,0.6937268494474499,0.4975028398658611,0.5967036102490562
5883,0.12308945506811142,0.5137203042051324,0.2638339863213857,0.7555996503142322
5886,0.11785402148962021,0.8119584971116416,0.8389125077936412,0.8091475790830516
5887,0.1375644952058792,0.7704292157535896,0.7736638303439705,0.7655203024567429
5891,0.07361967116594315,0.9127913855449425,0.89563767959838,0.9083088106283729
5893,0.10233554244041443,0.7790112565026679,0.6897325750784857,0.8332589416827079
5895,0.09478408843278885,0.44865347521740045,0.017317576028949414,0.49103398565849143
5896,0.08845638483762741,0.7101996058077207,0.439918606321165,0.8272461883472959
59,0.02629096619784832,0.6710675210134693,0.24040748132838927,0.7496802110710479
590,0.17564377188682556,0.6114994153340502,0.5212990338751601,0.7010300292337641
5903,0.01957882009446621,0.6856387238094539,0.31232062783294706,0.833259070395042
5904,0.06550987809896469,0.49368605938885474,0.02220845831348832,0.3339218125698461
5906,0.16329991817474365,0.6663184261083489,0.6119773153535286,0.6965207426585729
5907,0.19023497402668,0.6976785103848648,0.8054585802530538,0.7068346300356534
5909,0.0473073311150074,0.916831783421977,0.8695986271008151,0.9154630248538933
591,0.026697490364313126,0.7545135623193647,0.49286234382027966,0.8908759256770045
5916,0.11942892521619797,0.8550985537844076,0.7284570019362409,0.8509425919312843
5917,0.22359593212604523,0.5780111933775767,0.5652121639178749,0.4853529378179602
5918,0.10707411915063858,0.8362686184906236,0.8210684989710514,0.819631909159906
592,0.24681827425956726,0.5947079660610265,0.6458170944024827,0.5908228837737941
5922,0.0633634701371193,0.5753035383591623,0.20238404690324213,0.7096112685742098
5926,0.042096544057130814,0.7035062403076083,0.29380890768686363,0.7658545561536052
5929,0.2164449542760849,0.4372352672735164,0.3698951978944206,0.36573061026368303
5931,0.15421611070632935,0.7581325448563245,0.5933133629847481,0.8043025678472957
5932,0.0665774866938591,0.8327012861311537,0.6412445207930472,0.8959051713538161
5933,0.1741376668214798,0.4924776093547777,0.36013244871968525,0.3900341827306375
5935,0.07389309257268906,0.7097092714142793,0.24798539061211927,0.6746145189093895
5937,0.05173587054014206,0.670346238330916,0.33986278027428457,0.7426250871436622
5940,0.07135657966136932,0.6802497481843618,0.520876107810092,0.8634828786171564
5941,0.026459623128175735,0.6086588413059432,0.19620485050823105,0.7836452740809554
5945,0.39986559748649597,0.5133575120865015,0.5767080588775683,0.4113061575128685
5946,0.06319431960582733,0.7847551940665596,0.4957346452504901,0.8515532912198744
5947,0.03230481967329979,0.6860885554923797,0.18467046501093415,0.6523023843077035
5948,0.042693838477134705,0.8820644644765576,0.6957902453144607,0.8827235745042705
595,0.20946627855300903,0.5694258239634528,0.613905330028019,0.5280947875632725
5953,0.14867611229419708,0.6941194523180229,0.7126468420732665,0.6979162390702365
5954,0.09065855294466019,0.7846690292052891,0.6824936436825424,0.8086045543847888
5956,0.1295982450246811,0.7535021162795797,0.802781145006901,0.7690510442470492
5958,0.06509359925985336,0.8403223244019851,0.7701003357069383,0.8912197957401253
5960,0.11860357969999313,0.5342199817410677,0.1052163796783118,0.5283068919336381
5963,0.09975193440914154,0.7158171699645337,0.5188861547948938,0.6740846095320663
5964,0.15435409545898438,0.5981331065417131,0.3356527310142396,0.7928256891430906
5966,0.14580951631069183,0.4964300689571276,0.2910794224111774,0.4415060261595546
597,0.08665403723716736,0.6831297110941308,0.6250442174038658,0.7443500777792207
5970,0.13029630482196808,0.760452295151492,0.538224581104578,0.8065030535945359
5973,0.10156543552875519,0.7527592522685962,0.6160497075894817,0.7677300970202265
5974,0.41437578201293945,0.49955661947351576,0.6413742469804565,0.42612048568035366
5975,0.17255717515945435,0.7152715244457795,0.8016564518614614,0.6977706911167848
5976,0.21278057992458344,0.4304986432118443,0.23080132663463285,0.32068524491011025
5978,0.20177887380123138,0.5430078519604913,0.49310821351190676,0.46598823666237754
599,0.07372409850358963,0.6546642390913773,0.4461913721036041,0.7213005032972577
601,0.09265319257974625,0.6798792141119449,0.6342960747986921,0.754835345078879
602,0.0916290432214737,0.8134821776377714,0.6273359990333063,0.8460453164271124
604,0.11940617859363556,0.6747861984168863,0.6629069777136988,0.7109734739571595
606,0.06889337301254272,0.8237453459656896,0.6149845544851462,0.8503477995538221
608,0.031666241586208344,0.7833277949677008,0.47533411218673155,0.9160787111896594
61,0.08058453351259232,0.7584926454608729,0.4942039028105597,0.8498102862695271
610,0.10224045068025589,0.7439586102937303,0.5253171168696277,0.7481513003242866
614,0.08958552032709122,0.7170580712847303,0.4380803696768217,0.8772740543690016
615,0.13362853229045868,0.4444037528886643,0.15214196398631472,0.2948242485115724
616,0.274848610162735,0.4379387914886562,0.43405236122146656,0.46432279637935997
617,0.05620109662413597,0.4809495752893212,0.03806496894096967,0.4468793523896454
619,0.12370461970567703,0.7671685114127613,0.7391858562122366,0.7802202364213361
62,0.10923291742801666,0.805324884365662,0.6770991823069801,0.7863770377122493
621,0.039801206439733505,0.7549193592069046,0.5349288865003071,0.7757477353577167
622,0.03993914648890495,0.7731772992575954,0.4653326843143145,0.5975361312149865
623,0.07872132956981659,0.7125717402917398,0.38640891383440584,0.8073207678165211
624,0.13160303235054016,0.5084181896179688,0.2118382455236793,0.6119416661112438
625,0.17554225027561188,0.48872698617397814,0.35709139139616364,0.42420036743479944
628,0.3461476266384125,0.41439596339814855,0.3813635253355401,0.3945308721282807
63,0.09559300541877747,0.7427456994007247,0.7462233156845294,0.7255067058444035
630,0.03116052970290184,0.8623931178348935,0.6633011655138968,0.9261550327119421
631,0.26230910420417786,0.702411766379102,0.7453288935182191,0.6346182026564128
632,0.22730009257793427,0.5009675156241201,0.4257705862345503,0.5229186770135765
636,0.05971715226769447,0.6843373200763818,0.4723791758649793,0.8344889639149331
637,0.14739961922168732,0.5718613628382729,0.4783704996343775,0.6476631568303378
638,0.052329253405332565,0.7542055997917338,0.5785175239870063,0.7704566367133058
64,0.13328860700130463,0.5376433666635421,0.310896519058703,0.6168229663394162
640,0.05342581123113632,0.9179032582931894,0.8015915623632283,0.9224006936968723
641,0.051899947226047516,0.8689899336244898,0.7603754113450935,0.84434891391078
642,0.08500690758228302,0.6166804909812142,0.36306129612842075,0.4693338755413778
647,0.1421814113855362,0.4152855736865573,0.03628426322940366,0.6172391085956113
648,0.3189805746078491,0.35038325500998196,0.17455344428939568,0.28460401676309927
649,0.10963371396064758,0.7112680373725156,0.5385941678063428,0.7480182670653361
65,0.12127696722745895,0.7563258517062218,0.5961841361809986,0.8032245597706174
650,0.07032474130392075,0.8652303138726769,0.6594210138836198,0.8658247374895939
652,0.0191069133579731,0.8605584860785422,0.5396359033766335,0.8716016496964039
653,0.04541606828570366,0.8430297772534512,0.6588617241679061,0.8709095854407749
654,0.026882419362664223,0.8510831880944811,0.727636636562617,0.9313883890452649
655,0.104185551404953,0.44970891859586426,0.00639211348520644,0.44304796864402807
656,0.13716718554496765,0.492181881072921,0.34281253970723874,0.3969950489764266
658,0.06488639861345291,0.6287700932385212,0.23431401418864284,0.7645422537783932
659,0.39677318930625916,0.3630510310589736,0.3821398573841971,0.33259405319162577
66,0.0899086594581604,0.6398136504107952,0.2439605916386503,0.7018666827322606
660,0.08830652385950089,0.6001562537395218,0.24466322346442418,0.7819012464258412
662,0.08840715140104294,0.854452931958443,0.8138770975751116,0.8198400051705033
664,0.025951771065592766,0.83415156001907,0.6112249529645193,0.8954117633332344
666,0.09254969656467438,0.6298544181081536,0.4589438368133993,0.5070179515129132
669,0.45535650849342346,0.3692457198706861,0.4395201071875169,0.3466513035367726
67,0.24591034650802612,0.5631387763831694,0.6329993031945107,0.5158439359090857
670,0.37967267632484436,0.5583543401174276,0.6444437182380803,0.44057636317916926
671,0.12760435044765472,0.7026742928998628,0.563847885159235,0.7724200920607488
672,0.17501649260520935,0.7041484607941506,0.5922224513003878,0.7606349228860043
675,0.15839678049087524,0.5455064634382377,0.2821734286011132,0.6754465429708894
676,0.08134966343641281,0.6819903155250128,0.4882397493329882,0.7286951189263104
678,0.12814000248908997,0.7328298696674039,0.7295109725352567,0.7107720761914155
680,0.08096229285001755,0.7337270517421653,0.3770991923568939,0.8279189280020685
681,0.4314884543418884,0.4029928053933578,0.5074493877709587,0.35587118559367
682,0.0871729701757431,0.8574361345028723,0.783815314602913,0.8579934516445884
683,0.13260523974895477,0.6085876617162056,0.6352345507226037,0.5781694877930696
684,0.12295345962047577,0.45987695325893324,0.013406888789047715,0.4697781583939852
685,0.07991817593574524,0.7838801627804108,0.5982550723535758,0.8046740513661831
686,0.06921133399009705,0.45617204047177473,0.00140539936587202,0.36943768206904426
687,0.2034190446138382,0.6351828269797626,0.6608269103267207,0.6526382937422581
688,0.12439586222171783,0.4354896323529188,0.049511029811817625,0.7802189998819424
689,0.11651010811328888,0.7916295710956279,0.7058407186718852,0.8208154550159362
69,0.06337911635637283,0.6990307500152467,0.5157578822260449,0.698384083463468
690,0.17710480093955994,0.5644850196489948,0.3365573171441236,0.5796561509103018
692,0.14274440705776215,0.4894513730653225,0.0974009499491373,0.6344963085781608
693,0.1959167867898941,0.4032878245502862,0.01872051554848378,0.2526409438675633
696,0.06471502780914307,0.6463106771901034,0.37912786137338694,0.8102778547766343
697,0.10556351393461227,0.847126847662717,0.6199747914748321,0.8262411894735051
70,0.057694513350725174,0.6518536594955362,0.2788385114609045,0.7954973812707793
700,0.056611381471157074,0.8108143384048961,0.6581577021492659,0.8488618444948861
701,0.09067441523075104,0.7155775248140228,0.6022435824206903,0.6995494181177548
702,0.05848165601491928,0.5046898307049954,0.0482455392446164,0.37732332913137534
703,0.19721384346485138,0.6380297601119548,0.6157009081383523,0.5857409112004734
704,0.30554959177970886,0.36160892067160344,0.16223941763787658,0.2869577584715892
706,0.07458797097206116,0.8747255692928779,0.8174511376621388,0.8610840321831617
707,0.04674738273024559,0.8452419415941985,0.5971737888787074,0.8746745448007813
709,0.08955267071723938,0.8561180518877238,0.8330224317690109,0.8677905152532198
71,0.10314251482486725,0.6317461668180754,0.492286589394734,0.5963110872121513
710,0.2746116816997528,0.46091630689135527,0.4387334343544432,0.39933720747312773
713,0.15435948967933655,0.7771621436250349,0.8114531811968435,0.7426313672787485
715,0.07791879773139954,0.6338618585695945,0.18788712858824158,0.7051864675956214
716,0.210235133767128,0.40086797923272965,0.10156923109549988,0.2742876816285405
717,0.023748578503727913,0.9064318922218616,0.6430954515144395,0.9248645584173784
718,0.057301852852106094,0.8156612471566247,0.6754538244492487,0.886937050361873
72,0.09150117635726929,0.7926393799830177,0.5458574362775858,0.7835223027768512
721,0.05861964449286461,0.8108396265782607,0.45896298657299656,0.7878099468849611
722,0.08481185883283615,0.7361058995624807,0.5977388694879662,0.7383938361016823
726,0.11969196796417236,0.5425209217927572,0.37539330929938075,0.4519462941897098
729,0.10731562227010727,0.4474118587477002,0.014930161343628255,0.25290258704533763
73,0.062210407108068466,0.6448996500338545,0.14741227057394382,0.6206519169222078
730,0.025614064186811447,0.8159158348813316,0.5270868738267798,0.9335450388989454
731,0.07297688722610474,0.7275917925957934,0.5618064067512226,0.856640386857844
734,0.18218141794204712,0.6532829888297129,0.5315752825090162,0.630704048288911
735,0.07450708001852036,0.5818905776838601,0.20349063412497562,0.8199402686019241
738,0.1686701625585556,0.6927703261435685,0.6412486823122565,0.6370031000098442
739,0.07427487522363663,0.6495933973058523,0.2151575783361433,0.6837517140328482
74,0.2614944279193878,0.589839126120947,0.6852533807220509,0.5546470648597908
740,0.06477436423301697,0.8974101451840849,0.7989583103704626,0.9052751718330306
743,0.22442683577537537,0.4594780680236555,0.1530736244349941,0.6900647825314702
744,0.09791332483291626,0.7905962955075723,0.761392500075344,0.6917727217117169
748,0.06270568072795868,0.4563179726419521,0.022349007986998556,0.30167791987152404
75,0.18341536819934845,0.4525908414868492,0.1712409879972286,0.7380323897632567
750,0.11349962651729584,0.6966655086395364,0.3200878541507196,0.731691634571244
754,0.07234882563352585,0.8557960753486493,0.6976778480916929,0.9023210957468606
755,0.02838868275284767,0.4719235099103466,0.0024401733847472136,0.6360618699265906
758,0.11896306276321411,0.6393874510264291,0.5361297230643307,0.6769061845353109
759,0.10768672078847885,0.770899765601487,0.5960968918926199,0.8556833129354717
76,0.09077942371368408,0.5154073746579472,0.09012995450729532,0.4955828206051335
761,0.08608609437942505,0.5922852311254393,0.31114327294549043,0.8546651869597212
762,0.07484668493270874,0.5958831001050191,0.11294691603371994,0.5989877734763678
764,0.0746353343129158,0.696391951064943,0.3689734602485957,0.7463470006327486
766,0.04741515964269638,0.7246073548873739,0.2728821170878927,0.7166486639737807
768,0.13053302466869354,0.6797064297616027,0.6546023304861287,0.7277418257522381
769,0.023765018209815025,0.9407451789128245,0.762132860803007,0.9516653526550319
770,0.22345176339149475,0.6191089337627279,0.5646863215781057,0.6267527940604214
771,0.10594945400953293,0.6024341965397806,0.1540864881663492,0.6592757621099605
772,0.04425365850329399,0.5629644684418774,0.19203443632786357,0.7079668707074477
773,0.31676286458969116,0.40897315810632834,0.3885237639794259,0.3628319218702191
775,0.08528980612754822,0.8861714039517212,0.8848409179270244,0.8561531861099851
776,0.03174974024295807,0.870473519494711,0.7200321085154636,0.8799541344963724
777,0.12907470762729645,0.438546525192182,0.06167993117740264,0.8465309381712531
778,0.09356218576431274,0.5104616834540069,0.1434398368282285,0.4758518231823672
779,0.047319214791059494,0.9264850008807874,0.8635201275345795,0.9367422038202599
78,0.054681673645973206,0.7734733696552849,0.45088830184786843,0.8336644575915007
780,0.07372092455625534,0.7805196555319844,0.484999040398311,0.7195682655484975
781,0.05313098803162575,0.7292739012572662,0.30516123201286954,0.7669512843944899
782,0.06993982195854187,0.6567326498492622,0.2866291328178926,0.6860178214609507
784,0.13451796770095825,0.7485330889171145,0.7384890433554079,0.7024989831579971
786,0.08267583698034286,0.4907910156914918,0.031930495211420676,0.7152845634694875
788,0.028599584475159645,0.7071309293850209,0.19528575794188913,0.7606916193134325
789,0.041540127247571945,0.8067394930466627,0.4115183910538048,0.824992138682104
79,0.09197088330984116,0.7915956215182345,0.43316328616615557,0.8215356697815379
791,0.09231702238321304,0.6567171305980777,0.43998844836039364,0.8210924219531928
795,0.12188314646482468,0.6590159439341583,0.36069352254268783,0.7899878908483011
796,0.10611289739608765,0.49530913871181986,0.14797557342064618,0.799006100150764
798,0.14746984839439392,0.6491752312620664,0.5115893608235962,0.6375474287298315
8,0.3798813223838806,0.4618833115929386,0.5880608294240306,0.43410862331875777
80,0.08581825345754623,0.770293760366016,0.5937770044219226,0.7435298008980529
800,0.18764445185661316,0.6913075617977966,0.6157870312381754,0.7327610825854274
802,0.10378845036029816,0.7378215067363054,0.4686117009442079,0.8466021051753441
803,0.049990810453891754,0.8999316393166007,0.7411257482518898,0.9004301077711073
806,0.1952543556690216,0.5502844422502436,0.1456350724478289,0.4866960368791148
807,0.036183226853609085,0.8271122898864083,0.6246120121440076,0.8651513234968491
808,0.0634651854634285,0.5679127098086619,0.15205692505783897,0.7059372407675392
809,0.05780237913131714,0.48778740570253293,0.11567899475718026,0.28080820117747607
81,0.1217024102807045,0.6267585702077639,0.23283768368516405,0.5833338191526121
810,0.024780400097370148,0.6309276530017827,0.20291914431930708,0.7483670446351223
812,0.09338320791721344,0.5490238416910456,0.1599569884886807,0.5402232403269688
813,0.10409636050462723,0.6918315296907318,0.5131845959256239,0.57388226614251
814,0.04515942931175232,0.8318239964867185,0.7622938026196584,0.9043304029677417
817,0.06633810698986053,0.8028846229649083,0.49338164112047705,0.8479840947369554
819,0.0701819434762001,0.8676571827385356,0.7289235083927554,0.9006367234135646
82,0.06860895454883575,0.6003318834435454,0.1414772412278173,0.694012013822131
821,0.055853694677352905,0.8637785980252775,0.5675510737206039,0.7891160699855361
822,0.11357984691858292,0.6774169271423988,0.5985109319959381,0.6077463374933878
825,0.046755705028772354,0.7453460594735146,0.4801841648419767,0.5899656214084164
826,0.10693386942148209,0.7009280369620456,0.41582899588094735,0.8139202313650153
827,0.069289930164814,0.735820236844559,0.334992984452058,0.6988262248843717
83,0.05621817335486412,0.6837398224341846,0.2017666790278888,0.6210250393267054
830,0.06323118507862091,0.9111473480531658,0.8131606719304662,0.9004035168597326
831,0.13438336551189423,0.7023280039560538,0.5738934695450628,0.5965948819244733
832,0.11118734627962112,0.48333837870997587,0.12686612948533524,0.7978647589116235
834,0.21513117849826813,0.6527907511699924,0.7451987057518378,0.6378436258676339
835,0.19259236752986908,0.4468112378039688,0.30201214618772315,0.343741905287943
837,0.06349821388721466,0.8237878330280068,0.5134105140510299,0.8616351718232297
838,0.10834336280822754,0.7116443306400589,0.28931014557234624,0.7078585164988067
839,0.08736136555671692,0.7808145699160887,0.6041196826762218,0.8898427964121074
84,0.13371410965919495,0.6504497361462385,0.5449349510187285,0.7267283445044546
840,0.07791878283023834,0.6142286657814613,0.5635494663873617,0.5275113837189984
841,0.08224416524171829,0.8385795609996405,0.7933770140894558,0.8153168212772596
842,0.021326841786503792,0.8866645645315918,0.714555553217535,0.8582935796177925
843,0.1708926558494568,0.6305734476918048,0.6432381391503619,0.5800933293196989
844,0.04925820231437683,0.8127692430079562,0.7253371897317824,0.8794618035960879
845,0.049637190997600555,0.81822559426305,0.5899789449379487,0.9012502138401619
846,0.3641281723976135,0.48912528208215994,0.6152742380097126,0.43538759434413044
847,0.07398921251296997,0.5027384568121666,0.024372954192505958,0.46608459985955314
849,0.18059572577476501,0.7560329786216544,0.679890187002088,0.6726501736331127
85,0.3209799826145172,0.5031688198900488,0.6692930165129838,0.494448061943974
850,0.04989536106586456,0.7233224356940751,0.26201227873722716,0.7050224995294276
853,0.2534555196762085,0.40359673430977805,0.1679527105892134,0.3499957653422169
854,0.0955803319811821,0.6655447409461602,0.5625493088412923,0.7370538349070026
855,0.022377535700798035,0.5285047906874619,0.038128002666346424,0.3182810521114122
858,0.03934095799922943,0.60629508462708,0.15981525425145593,0.42004437097444797
859,0.21062491834163666,0.5624842034927435,0.5586330716676409,0.4838068983501347
86,0.06066989153623581,0.5740066411810183,0.18739411534305753,0.6628147875202384
860,0.1466287523508072,0.7814405078329905,0.6743989362997235,0.7117300691407542
861,0.31713780760765076,0.627667155008886,0.7347483947914014,0.5543585202553329
867,0.2027805745601654,0.6212306969963217,0.6103448744869503,0.6670573165831387
869,0.042957767844200134,0.9081800610234179,0.8485169328471768,0.9154368724708635
870,0.396780401468277,0.49745001325986776,0.6639435400121946,0.4297904979582204
871,0.1297779679298401,0.7362238973270048,0.7030075784602666,0.773212399445284
872,0.07844077795743942,0.6131668476515508,0.25815474418977025,0.8542522600669729
876,0.17640239000320435,0.7036968412896838,0.5566619039451514,0.7293658508013432
877,0.6030855178833008,0.20194819860621813,0.0448157243200372,0.2539147702746467
878,0.26170191168785095,0.6258539247398905,0.6768047350702796,0.542427073191454
879,0.26250091195106506,0.6400298214557593,0.6815108761913441,0.5891701647698977
881,0.3439098000526428,0.5927706218343907,0.7128303403343343,0.5006534045434134
884,0.1962917298078537,0.705641230766306,0.7482975264251162,0.680502617768938
886,0.12073224782943726,0.7039878698564044,0.6298330026991037,0.7612445098276113
887,0.22253257036209106,0.6520961321997646,0.6353443286496132,0.5560940155328474
888,0.10773881524801254,0.6165362234407601,0.39936032396573584,0.7085368554790603
889,0.04640434309840202,0.8078195513717628,0.648489823752763,0.8861812778835269
89,0.04902249947190285,0.7820553285635203,0.566825176891058,0.9056634890217892
890,0.15676501393318176,0.6231853596281213,0.5905489514562928,0.5686479454607254
891,0.3514752984046936,0.42798533527949223,0.45800891035657665,0.39691892162997566
894,0.11608399450778961,0.6598326538467404,0.35942848319608,0.7244696140542375
896,0.15537674725055695,0.7317862906958743,0.6719267555870526,0.6756530548443089
898,0.1892983764410019,0.5885543367063009,0.3333030408820029,0.7268550814835226
90,0.17925381660461426,0.7262228646139888,0.6531386719553479,0.7217119646196359
900,0.08676464110612869,0.8084057340488857,0.6112489207434812,0.8709900439158312
901,0.46045583486557007,0.3207556486630835,0.3379267442727075,0.3042188341115154
902,0.2371542900800705,0.5012699493444532,0.4382538169188959,0.6513665002915252
903,0.4589751958847046,0.5032570584404643,0.7173986285206567,0.39053932559849974
905,0.08154256641864777,0.5647886323711726,0.23948014707005216,0.763481817036186
906,0.028224479407072067,0.8353351904876691,0.6969880404744675,0.9071878445976534
907,0.3492884635925293,0.6061068549102065,0.7373569699011508,0.520752535831001
909,0.12538954615592957,0.5490491708887475,0.249350114429499,0.3993603832934104
91,0.11076122522354126,0.6094156810723907,0.1741699229708427,0.6294138822373947
912,0.12063192576169968,0.6364166712480575,0.324933105502501,0.7549762061334955
914,0.1213570237159729,0.6859966100911548,0.39389247191293336,0.7640697449376186
915,0.04748406261205673,0.6673923936061419,0.21242620606888218,0.6362089005373059
916,0.16431647539138794,0.7501168980101554,0.7232818974047348,0.7844664863331487
919,0.12873166799545288,0.6024893189562001,0.5567736458281073,0.5099715435494042
92,0.2261507511138916,0.6723669132023287,0.6309909794460433,0.6323495640862564
920,0.12271736562252045,0.8001500517303245,0.5790455866736266,0.8165540490508312
921,0.03299793601036072,0.8780504751874051,0.660663352343196,0.9164386890838567
922,0.04691170156002045,0.759630202388191,0.4097310992822168,0.8520653793572375
923,0.03788449987769127,0.7783029253467834,0.5163744240797268,0.8367681917819008
924,0.22423426806926727,0.4026827250681055,0.17166271581744108,0.2906019077136984
926,0.19895097613334656,0.679966324502419,0.6833712199495222,0.6255611232213338
928,0.0709366649389267,0.7248338120351042,0.4842920832214576,0.8294559148311811
930,0.05864701047539711,0.6958791517263458,0.5901253845786595,0.8862028991116405
931,0.07609538733959198,0.7608992712921645,0.48396683343645913,0.7850835269276464
932,0.2013033777475357,0.6320452365120173,0.7268640159391297,0.6318736834782518
933,0.1545363813638687,0.7581833660078352,0.8041823859914232,0.7374455287617733
934,0.0773739367723465,0.8580699135843621,0.6820060014328716,0.8866153539707423
935,0.057552777230739594,0.8143616769775519,0.588719015157383,0.8826985341842493
936,0.08417779952287674,0.6331799479461011,0.41313501098252825,0.7794065398561689
937,0.17570658028125763,0.7660089509751347,0.8109804607929917,0.7181603723489054
939,0.12851855158805847,0.7337057714756217,0.674843607292415,0.6911619754632984
94,0.1247561126947403,0.47220194385448,0.026041249382100395,0.31028423674997097
940,0.05724287033081055,0.763654902739255,0.6174021198318347,0.8826076610191267
941,0.11681797355413437,0.7892528950362339,0.669158087869327,0.8174934883408878
950,0.27765700221061707,0.36583581666014425,0.07475060174598445,0.26369985747138225
951,0.1219668835401535,0.4843653892047844,0.2587820313603062,0.3376063172750831
954,0.4718586504459381,0.45140599817604843,0.7259535212529342,0.3620106298863334
955,0.1196017935872078,0.814997979513366,0.7789309601164319,0.8028524901879621
956,0.14810208976268768,0.45857100876907714,0.005741092977090878,0.31055706352204304
959,0.12851908802986145,0.4998807725382919,0.12519339032485685,0.49768058699371953
96,0.0934370681643486,0.8273182022624723,0.634790501596513,0.8125977736985588
960,0.39542245864868164,0.32397909826873955,0.22887323314106386,0.29130693045130845
961,0.07862933725118637,0.7444412020453132,0.6814549030453101,0.7506044549898276
962,0.10701026022434235,0.4546023711672213,0.10406748855091279,0.27960338149764874
963,0.06251951307058334,0.6394664886227722,0.42180786621127014,0.5351403449659681
964,0.10032442212104797,0.8450564879216664,0.7840404313860229,0.8508597321489464
966,0.0653962790966034,0.6512174969011864,0.14460686496395367,0.6587500084215326
967,0.020717987790703773,0.4845910372326247,0.0006893420943127181,0.3847959959777757
968,0.05078022554516792,0.6664871399000571,0.40381632960189556,0.8403212763697594
97,0.18361398577690125,0.5730168472058368,0.2960502240120446,0.6647965235494989
970,0.09078490734100342,0.5771334529052734,0.3945789740784163,0.4277384426391821
975,0.08739782869815826,0.6089722565912201,0.46817945095419267,0.6191470287264622
979,0.12526558339595795,0.44590581009109354,0.04837523054012846,0.42681888970214643
980,0.3320273756980896,0.3369458997236012,0.05918585446279133,0.25744648634137035
987,0.3050537109375,0.6057019796778786,0.6893954868943489,0.5543284879660839
989,0.12252218276262283,0.6997032586179155,0.42644571251961183,0.8047964519991466
99,0.10819705575704575,0.5625193858553802,0.33258815320071605,0.717764712377073
990,0.08493626117706299,0.7879433720594732,0.5872452483747788,0.8688811144985852
992,0.07080291211605072,0.863951873388267,0.6301453611613639,0.8669028377523738
994,0.25186997652053833,0.4389211290464334,0.38991219432682056,0.36794278251464374
