image,MAE,Sm,wFm,Em
1002,0.0841713473200798,0.6868957060852371,0.36779447076591654,0.8186452931511692
1003,0.1502915918827057,0.4303673435205037,0.08158529790239535,0.2825062172982348
1004,0.19765523076057434,0.49373307947869033,0.04157045888724858,0.3985342538451134
1005,0.19181010127067566,0.4057023386045158,0.020755560885192176,0.25223818283513766
1006,0.511168897151947,0.28443469222099144,0.26247602895637845,0.27935999635287434
1007,0.03910866379737854,0.548085795984191,0.047364331324116146,0.2914890886891188
1008,0.1025356873869896,0.6469353935921243,0.17817379143101564,0.6884777412834251
1009,0.07114599645137787,0.5656413470358972,0.29819364301289136,0.4240872826300976
101,0.08224024623632431,0.5288430956883008,0.217051608501584,0.343484973470267
1010,0.05216921120882034,0.502345559015025,0.02102122851102588,0.3748145925272969
1011,0.06823847442865372,0.6680394661315785,0.2300121174792172,0.720258985444258
1014,0.23979707062244415,0.6495153556411102,0.7410697897341304,0.612359634288333
1015,0.08438876271247864,0.6004342383795539,0.20317849746844732,0.5887653533997276
1016,0.20752261579036713,0.39962348997006825,0.10135560038454407,0.35720133715989755
1017,0.06532958149909973,0.5927141088932719,0.21195511041506904,0.7607882520670972
1018,0.22372862696647644,0.7160788231959911,0.7597712059323027,0.6571837290200828
1019,0.04351108893752098,0.6561969088515704,0.19758356284635836,0.5353427167077898
102,0.0590914711356163,0.8445869432626067,0.6601254403354182,0.8042110553868727
1021,0.09722807258367538,0.46516507782802485,0.1473562237218334,0.31644853467055845
1022,0.0752723440527916,0.709150522441599,0.4976879007113716,0.5590558913263839
1023,0.05351334065198898,0.5012409126073628,0.06005802737441007,0.4725967696506144
1024,0.07911518961191177,0.5670558644850086,0.21298316587280444,0.3811301074371587
1025,0.3111549913883209,0.5788705010841617,0.6029723176334051,0.4909352378525062
1027,0.18310624361038208,0.7260925307967199,0.7463279280518128,0.6738195222771969
1030,0.23811504244804382,0.6023675413269547,0.5866527529544685,0.5267272827149345
1031,0.038797661662101746,0.885516002680238,0.6903603445325615,0.9294855847919108
1033,0.06153229996562004,0.6547465669336126,0.17665943719852623,0.7039795908542565
1035,0.016230447217822075,0.9192692296906794,0.5545212601206105,0.8793143253683358
104,0.07019682973623276,0.7202549384110426,0.39309976659255047,0.8681414006144321
1040,0.09179237484931946,0.6497045420153453,0.371350996529348,0.48370576738869026
1042,0.05043179914355278,0.4863255218991331,0.05883068640202249,0.27156956926204334
1045,0.1540328413248062,0.5355656761290736,0.46006377159019085,0.4787611116082757
1046,0.21402056515216827,0.6371631903130079,0.6137066354135255,0.5649599498350903
1049,0.06640693545341492,0.47002840948424957,0.03966984346589042,0.25719356166182905
1050,0.046942874789237976,0.8637485020877179,0.6731601632334496,0.9159124223178272
1051,0.2269754707813263,0.4550357365029252,0.39972476879533586,0.4365971310548543
1052,0.06830599159002304,0.5040746387158566,0.0970357575859041,0.4618843375283964
1055,0.06516612321138382,0.48683215931065676,0.048992587332552025,0.3207486665963327
1056,0.05618907883763313,0.8056315965243778,0.4929480978307644,0.680360231175273
1057,0.0927746519446373,0.6131637652305257,0.41040565894795916,0.6632382004677833
1058,0.0770609974861145,0.5819225022353818,0.23208999995535567,0.8374931935791303
1059,0.2697528600692749,0.37067041995405736,0.09450197767830361,0.26956281186598685
106,0.03661602362990379,0.6494061630154369,0.1341709999173688,0.649280730235805
1063,0.0689764991402626,0.9017316979917065,0.8792824579874191,0.8808246000218667
1064,0.10216498374938965,0.5147740085674615,0.15900578795267722,0.3848547615542719
1065,0.0308926310390234,0.85334630369797,0.6426738644689685,0.9153252361889287
1066,0.0992802307009697,0.48648832382651064,0.05502115130244027,0.6451924283352926
1067,0.13073401153087616,0.6139754851410831,0.5045874535105378,0.6094889180918116
1068,0.12721902132034302,0.4548593267440771,0.1692800291338501,0.2977038446772422
107,0.017390433698892593,0.5172103106965826,0.07086397804666969,0.2920103583118355
1070,0.20606055855751038,0.5921703311163885,0.47862279734545127,0.6844798258224485
1071,0.11718010902404785,0.5833275972686118,0.33825157475146994,0.7094472767737758
1072,0.1255854070186615,0.7884846284901732,0.6925981360452523,0.8155860344343551
1073,0.23206265270709991,0.5334621663006082,0.5385505966722242,0.4623353305868773
1074,0.1698167473077774,0.4213850853214176,0.10580616269498466,0.27266506935968515
1075,0.08325366675853729,0.6570148134482765,0.3029423747378661,0.747015656443176
1076,0.18365080654621124,0.6827082320772497,0.5296573005020059,0.722132113084063
1077,0.0810939371585846,0.7359899218165666,0.6636391043847861,0.7856460357447413
1078,0.052108339965343475,0.5030273685437318,0.18767083890770553,0.3230563096513145
1079,0.022513078525662422,0.7215675797909276,0.2510463164812537,0.6923871449359758
1081,0.10442976653575897,0.4655046464176601,0.05808674699621385,0.6104735940292092
1085,0.06038864329457283,0.7620774504880266,0.6748438394940846,0.89089161056738
1086,0.13897180557250977,0.8360678299543929,0.8618450115407198,0.7941358747215468
1087,0.04020991548895836,0.7641199189251079,0.491266416326824,0.8500127400548327
1088,0.05839432030916214,0.4595521251924788,0.0002216994937926358,0.2945085309879441
1089,0.01360256690531969,0.9538763697758343,0.7718456404070768,0.9459820806123532
1090,0.15303923189640045,0.42907895778977256,0.08958833110913433,0.27041629621440505
1091,0.1252523511648178,0.5213986599590194,0.3743006895537205,0.4109826295122374
1092,0.2991948425769806,0.4850486089948233,0.5001664011556495,0.47044789101538076
1093,0.12236752361059189,0.4301914372177519,0.003359479676754275,0.38457825119842587
1094,0.08665341883897781,0.7983397128043364,0.6065555323341512,0.8584241240657202
1095,0.0866735503077507,0.8708089482623772,0.752258806607424,0.8848909253251135
1096,0.18903733789920807,0.5895635123210827,0.5358473288186347,0.49980124510673174
1097,0.0582183338701725,0.5948424285066878,0.12631688131825725,0.5178649563173247
1098,0.02303728647530079,0.9209008440812307,0.6698569800622798,0.8773798778204596
1099,0.16189317405223846,0.4228990783245984,0.0706981224096494,0.263441804627799
11,0.03071989305317402,0.48774464540273366,0.018144243012468086,0.2634741798514305
1101,0.14821091294288635,0.6140401000891932,0.23096291641833533,0.6608468532287504
1102,0.09198866039514542,0.7842841790841323,0.6816748614155893,0.7884713559344283
1103,0.014411966316401958,0.5052562350328333,0.014369700361589507,0.25608029126416354
1104,0.04086661711335182,0.9041964158255658,0.6919641438535273,0.9102782970188187
1105,0.48554787039756775,0.4184046073109517,0.605554340169393,0.3492101378308075
1106,0.04218221828341484,0.7292923607771011,0.26925612732068116,0.710163176724157
1107,0.07776608318090439,0.6490126073100487,0.24073162475537624,0.7175472426823241
1108,0.048923421651124954,0.5420459429520068,0.08833559738094157,0.6109673991129099
1109,0.14085753262043,0.6534042807474101,0.5807822957665197,0.5529418344288224
111,0.05149739980697632,0.5019808387381508,0.057065237206055594,0.6913507903120089
1110,0.5483143329620361,0.41357795357097504,0.6204828235478297,0.2793067944749995
1111,0.043781016021966934,0.8791504325802544,0.6583714524132156,0.9130674087360133
1112,0.0831298977136612,0.6741822695287315,0.45593275002169115,0.7021078524929332
1113,0.08335606008768082,0.7453372543219492,0.4995588014938146,0.8596630302694843
1114,0.10382552444934845,0.7635918820409442,0.6839435412440578,0.7314602292066054
1115,0.024441948160529137,0.7786708229931707,0.37000950751093026,0.8301330096901511
1116,0.10844409465789795,0.6800117070022291,0.26385393600849044,0.662881273404949
1117,0.02948354184627533,0.69825812510985,0.2953591695017262,0.7877439903833491
1118,0.06603491306304932,0.7290472606831102,0.5296430157620865,0.5715033042866793
1119,0.5240313410758972,0.37731195529841716,0.5503822625441038,0.2893813764542076
1120,0.08818688988685608,0.7272835947789154,0.3334254095177663,0.7125277204686045
1121,0.1640828400850296,0.5500534977770956,0.12152544906546535,0.5147213670359256
1122,0.0652918666601181,0.545528287329127,0.04491199484712797,0.42917796495418925
1123,0.07890895754098892,0.44781047903347676,0.03916888367930638,0.7780988070268917
1124,0.03177187964320183,0.8890942419880857,0.6163369886873029,0.8965638437985808
1126,0.019409475848078728,0.8831856247446266,0.6549238594125483,0.9346790288597114
1127,0.06917703151702881,0.5768785709373863,0.27861991983229545,0.4533205970699218
1128,0.10368892550468445,0.7891156070703123,0.8046747703205648,0.8121499044081593
1129,0.039789967238903046,0.8017947177950218,0.6120676460912057,0.9165610894371001
1130,0.18640901148319244,0.4143663367484753,0.09231516231921623,0.2659456624326575
1131,0.12369725108146667,0.6034576537550964,0.12678798653651346,0.47544764427832176
1132,0.03660299628973007,0.8930051583561736,0.6011726441470471,0.8948570513850912
1133,0.15439407527446747,0.663284337491494,0.7036462984452627,0.6366008465513358
1134,0.045958176255226135,0.7969576287088609,0.459308583550713,0.8463772004096721
1135,0.09088275581598282,0.5832327878552299,0.07242435322427669,0.5501390148811632
1136,0.182148739695549,0.6380271829841696,0.6672188615852498,0.603548012371238
1137,0.0588412769138813,0.7994169497789857,0.41805403933389473,0.8023163372143997
1139,0.20153123140335083,0.6077804581627453,0.5346989618118027,0.6218602982658519
114,0.1787693351507187,0.6184598403817609,0.6856736705343742,0.5770356551688911
1141,0.05100775137543678,0.7437597058220626,0.43401307853276,0.8732177504691192
1142,0.26549389958381653,0.504524356232309,0.6035526950498019,0.4820934355674051
1143,0.025160007178783417,0.624547217798576,0.18381375991107082,0.6228949767903883
1144,0.05434649810194969,0.7820163153914359,0.40622276815176594,0.7987652922962983
1145,0.34572577476501465,0.39511486156563863,0.3877799695137015,0.37163430865996844
1146,0.1723896861076355,0.673927250232942,0.7012620961598198,0.627145619025681
1147,0.0674196407198906,0.8538694375136933,0.8127597163501755,0.8378604460000465
1149,0.04587264731526375,0.8258898744714613,0.6432829855649661,0.812995493859723
1150,0.034324321895837784,0.8892609717491491,0.5738424241980687,0.8836413529157555
1151,0.3656875491142273,0.6210127453105837,0.7829533404016609,0.5085350108960875
1152,0.04497798904776573,0.6658234061898773,0.24757396481926722,0.6643884780588961
1154,0.06680559366941452,0.4565754053568685,0.004992027933487903,0.5888849972746357
1155,0.31925052404403687,0.6242662247040729,0.7604330103085909,0.5526847813083587
1157,0.02867146208882332,0.5182674255961452,0.013202971151246056,0.48648946993691394
1158,0.5111569762229919,0.38985029043313413,0.6535117728470178,0.3272030462746548
1159,0.1494932919740677,0.8253495020676261,0.8324128873413369,0.7933737083818913
116,0.09368883818387985,0.4560958931709648,0.040398856562824215,0.25559355597366523
1160,0.18823716044425964,0.6097338116543062,0.7222492372988784,0.6491380635865991
1161,0.24370284378528595,0.6160607255941914,0.6116178197085994,0.504883803620783
1162,0.26167619228363037,0.6625996510432015,0.7718288491057785,0.6256189183372147
1164,0.0387115515768528,0.8613711321846758,0.730056334857016,0.8521439031409149
1165,0.10139511525630951,0.7131645907249509,0.5606543577925571,0.7398730906361378
1166,0.06010980159044266,0.8487557251803997,0.8391649874060344,0.8626897330995659
1167,0.045779719948768616,0.876978270439383,0.6996024533597472,0.915013178561124
1168,0.1580958068370819,0.6482142266868933,0.6378539714409741,0.652737414818783
1169,0.3227686882019043,0.4869495274348764,0.43294412637073537,0.4252798373235652
117,0.04005523771047592,0.6372328910835158,0.2283579031705429,0.6175737323418449
1171,0.0868966355919838,0.8730641554288063,0.7009406704569859,0.8352127514867549
1172,0.1167423278093338,0.8362167346071443,0.7876972099386419,0.8052856933417093
1173,0.2409946620464325,0.5237902493671212,0.564342026734396,0.46902442999892824
1174,0.05208291858434677,0.5372197436725115,0.1437499319556712,0.31739948261675166
1175,0.28808701038360596,0.5643613084343058,0.5603751500018013,0.5840523548184856
1176,0.08360518515110016,0.7527663897339046,0.6971033670282494,0.7401049720591177
1177,0.30982330441474915,0.5885297183243572,0.6990104667974144,0.5324896402349275
1179,0.2759982943534851,0.44302055693619946,0.4820303784940846,0.4061120820071953
1180,0.21954745054244995,0.6636965342995294,0.7361840324451058,0.6327941614076327
1181,0.05461796373128891,0.6598025193011069,0.1890058146525403,0.6430747555269363
1182,0.28510335087776184,0.36230387323072316,0.09259170608317929,0.2692517331202421
1185,0.1384280025959015,0.5661044656528393,0.5672626778338499,0.5318109550538198
1186,0.10004352033138275,0.4673449410190195,0.005791808203989459,0.3654465058090439
1187,0.17144876718521118,0.6219591137398717,0.6917749925388865,0.6002238056462763
1188,0.06411416083574295,0.6876299142313174,0.30307707807218615,0.7689642895011704
1189,0.3819703161716461,0.5878015525098208,0.6739018965012222,0.45909758056739824
1190,0.1320149451494217,0.7566772864498034,0.7614259061058984,0.7659787073875641
1191,0.0948350727558136,0.6058705285094497,0.37929185894427525,0.5132821816105699
1192,0.19523970782756805,0.6471117128040837,0.7018326361053341,0.5947580123336493
1193,0.14368118345737457,0.4365596700333628,0.17784629861111634,0.3081971873271909
1194,0.6004849076271057,0.2025193305957367,0.05143423270967601,0.252590628276539
1195,0.09235488623380661,0.45937804280744865,0.10054442950425187,0.2823584415446545
1196,0.35051843523979187,0.4868421839435182,0.5643088768762532,0.42746124342985775
1197,0.16058216989040375,0.4246817338936959,0.11144016140604987,0.29984857461245473
1199,0.20017658174037933,0.7148136538995186,0.7491079652680794,0.654940103168585
12,0.1444087028503418,0.7118345087176858,0.4976759646312018,0.5544920611324835
1200,0.10679367929697037,0.866251958127684,0.8708449225324469,0.8460599018968211
1201,0.34468334913253784,0.38197266685738995,0.34769532562459915,0.33556348754606574
1202,0.32681775093078613,0.4928996630533298,0.6286257892389587,0.4635894942118993
1204,0.046674810349941254,0.7868664773126,0.48796784303027146,0.8301820031508423
1206,0.12022111564874649,0.7119848937528916,0.4410579768970621,0.79244264101114
1207,0.0556427538394928,0.5056856936808473,0.039724351047836344,0.4113267506352655
1208,0.05267283320426941,0.7296076091561929,0.4712459317390897,0.6408796251697271
1209,0.06527750194072723,0.6914683526444261,0.32367865967496834,0.791936521343936
1210,0.07228384166955948,0.4633858403698175,0.0036604458689382304,0.3171568903583474
1211,0.07978272438049316,0.45534956811274735,0.004431758411949042,0.3099276074836218
1212,0.12868259847164154,0.7174104697344401,0.37485045165407305,0.7310169803030258
1214,0.05194909870624542,0.6139357073517501,0.16356489104298072,0.7228908568651812
1215,0.09415452927350998,0.5996818507351407,0.09722963591041661,0.49904624252737045
1216,0.10113838315010071,0.5934874196044274,0.27830485019535495,0.7260805014969242
1217,0.1710478812456131,0.7823717318964427,0.7528002212950892,0.7430538374396263
1218,0.06975838541984558,0.5945633610294327,0.14854887685596832,0.7658234691790602
1220,0.16214238107204437,0.5347901980753124,0.0787470097578414,0.3902161610299601
1221,0.14232558012008667,0.5984322664541026,0.40983342794077127,0.7090388895987302
1222,0.11648262292146683,0.7725350723859989,0.6015523207596748,0.7726081303018957
1223,0.09801337867975235,0.7052339919970219,0.513188912371405,0.7069057598952223
1225,0.129808709025383,0.6620229396632393,0.5382236827602399,0.7048991030863018
1226,0.11273006349802017,0.7975926500266419,0.6071924948292239,0.7861175144866204
1227,0.12714777886867523,0.787553187264087,0.8018162593108976,0.7718589422580453
1228,0.11764936149120331,0.76100653620315,0.5210734872663682,0.8101092663647671
123,0.041891034692525864,0.6666683689017429,0.4670098268003331,0.7860188323991794
1230,0.17536115646362305,0.6347586158129748,0.6382602197605862,0.6343119236648594
1232,0.08044731616973877,0.47159287329113386,0.14316161507930558,0.3069053789901309
1233,0.0961318388581276,0.6594305405523437,0.5318051884227887,0.714886447423444
1235,0.13425426185131073,0.6560191200056479,0.5039177871429155,0.7304945161097686
1236,0.3898259699344635,0.37950306044333765,0.4507403364472394,0.36204778361850737
1237,0.12192554026842117,0.7197433066033224,0.48466979223657936,0.7944948512196331
1240,0.35350465774536133,0.5564644931858379,0.7043054919365095,0.4915851181850871
1241,0.08767371624708176,0.7084194057087193,0.5318662444636131,0.7588723780726504
1242,0.05914483219385147,0.7438947677556453,0.44004053425866313,0.8211005929478381
1244,0.10242754220962524,0.8421592353606082,0.6961036337606679,0.7601998108124176
1245,0.09404657036066055,0.6730467502804041,0.4282885570451456,0.8066153469052155
1246,0.07649894803762436,0.7750998556032023,0.6155127962566809,0.771093310214459
1247,0.1848980039358139,0.7366425005241354,0.7728716771128773,0.7346939097033469
1248,0.06454695761203766,0.8162385679735347,0.7045510862317518,0.8659031000601212
1249,0.0425848513841629,0.802802659078777,0.3652846312628391,0.8037488822387762
125,0.14401645958423615,0.6934568429401462,0.5323371909438676,0.5968500041720163
1250,0.07856202870607376,0.8868490297961829,0.8729048602189204,0.8454222388940323
1252,0.3122968375682831,0.4593492210601944,0.4595626972101338,0.3934222255515721
1253,0.09082028269767761,0.7313804675747712,0.5715678390990383,0.6539139239520504
1254,0.26918789744377136,0.6948261884035952,0.7752822250970189,0.6227728076557778
1256,0.19111168384552002,0.4058812031571533,0.01810909287772665,0.2527761642768176
1258,0.030456438660621643,0.8763486878217387,0.561967413516993,0.8520753538402717
126,0.11334835737943649,0.4463793114482622,0.03690947580678948,0.25789057319968933
1260,0.019457684829831123,0.8288076382481806,0.4598186611284563,0.85766624943485
1261,0.04392622783780098,0.8576836928990585,0.7095800834156297,0.8635153066971918
1262,0.11113305389881134,0.830460020308782,0.7948708415326152,0.7548340874868978
1264,0.057156410068273544,0.9105827072151417,0.8657724151015341,0.9093280120720937
1265,0.11028435826301575,0.6468944404425949,0.26322285221427394,0.6473148867194697
1266,0.03867289423942566,0.7552275915431906,0.3668708361777473,0.7940927158716333
1267,0.09713854640722275,0.4906641952707717,0.12935585574901415,0.7614094854878557
1268,0.4014652967453003,0.5366600793302578,0.6347316328918218,0.4315180406912138
1269,0.06150141730904579,0.5224988363211006,0.09039905980466047,0.6240670944712319
1270,0.06376466900110245,0.5889855066622512,0.33628526045238255,0.45872488948142776
1271,0.05319436639547348,0.7792643280065901,0.5311290534103844,0.8725080042829263
1273,0.1554790735244751,0.4726104971663698,0.3054082112989031,0.35982394193106054
1274,0.08258683979511261,0.5559518418275361,0.23520158998992619,0.8050028122825345
1276,0.04917105287313461,0.8093012997321232,0.6559641991025836,0.7894099616148028
1277,0.06432357430458069,0.8028641808133028,0.6872616288869979,0.8450167972910987
1278,0.029861552640795708,0.7067564731726668,0.4362398653450544,0.5817456950717314
1279,0.07282605022192001,0.771506117059694,0.5498801435511262,0.7271610453112037
128,0.029734335839748383,0.8521810135836502,0.5872201088317343,0.9090654651880181
1280,0.058118049055337906,0.6488472182952364,0.46254337314637106,0.6769832023073624
1281,0.08149120211601257,0.7688771468800437,0.6128224204123045,0.6608178775895611
1282,0.023854058235883713,0.5139562260402185,0.013836199948134219,0.2771119841613069
1283,0.0760270282626152,0.600774281346227,0.47413363396697655,0.539734811898912
1288,0.13184966146945953,0.5209046949160715,0.4125813430363807,0.5170633046724011
1289,0.15542858839035034,0.5903478871707791,0.5307950375725066,0.5201707344463573
1291,0.11156801134347916,0.6823452975898425,0.5083944199622848,0.7278679367394484
1295,0.3011941909790039,0.49950351462525855,0.5604422286701221,0.45270104006175893
1298,0.16103847324848175,0.5902108410073322,0.5764812169413606,0.5894656194137473
1299,0.09184996783733368,0.549184731429904,0.3466642100450943,0.5132620220791648
13,0.16744931042194366,0.43598342235431153,0.09091769635398922,0.5744071264042712
1300,0.11179724335670471,0.42485535674538766,0.0034908504249296294,0.6389157018405219
1301,0.13858555257320404,0.5899321407972751,0.40570831185807854,0.5684165169595321
1302,0.1005653440952301,0.6481792498948341,0.5641163934838456,0.5345151793310249
1303,0.1352209895849228,0.4527111670147881,0.17124505916110763,0.30365914609552447
1304,0.3686452805995941,0.3184053943661133,0.03785268693166831,0.2556974395993695
1305,0.04258282110095024,0.5476648515485337,0.26291021488993566,0.44258275304199846
1306,0.05287545546889305,0.7238775000528971,0.3102015820487659,0.8030016637921111
1307,0.06403670459985733,0.7464609173841259,0.31677079330577923,0.7367471825834466
1308,0.0796879306435585,0.5982426620468262,0.1038100438032073,0.6931266865221617
131,0.033438101410865784,0.8813587887572542,0.6722529110431031,0.9282536050838177
1310,0.06669053435325623,0.5933046367549487,0.08591628106009266,0.5182744684904689
1311,0.12838926911354065,0.5564651674621025,0.341578301859751,0.6182070089161567
1313,0.1762681007385254,0.6157590379939891,0.6183096466493934,0.5490264896529364
1314,0.2861131429672241,0.36236870567430274,0.08451250441945649,0.26392586232412096
1315,0.3563244342803955,0.46871027534671306,0.5304426699443112,0.41482618053960296
1318,0.16815561056137085,0.5027263612538834,0.2488510461900015,0.3744286773572409
1319,0.09103909134864807,0.8459909862449742,0.7728765033402457,0.8358398971013041
1320,0.07764656096696854,0.8533837444724992,0.6712732401720577,0.8622732423783548
1322,0.3529822826385498,0.4999144713008844,0.6324105270571181,0.463038501069746
1324,0.15700314939022064,0.6082210353613035,0.39086701782710465,0.7249334231493266
1325,0.06729058921337128,0.8885578846372567,0.7944922125796066,0.851504790862236
1326,0.08402445167303085,0.5517112054966304,0.25775158216288696,0.3750635187264213
1327,0.22249552607536316,0.6182108284416147,0.7040760421044856,0.5778142917222951
1329,0.22723299264907837,0.5622361324903512,0.4257169817571113,0.4427527751020756
133,0.038981832563877106,0.4829229827032559,0.0219429965886066,0.25526436056869173
1330,0.1843622475862503,0.4451957520921663,0.15979237845770675,0.5900274398943866
1331,0.1376713067293167,0.6420672006741717,0.6917947722833617,0.62234130285852
1332,0.03197629377245903,0.66661574850632,0.261219411473578,0.7066632802809744
1333,0.14173512160778046,0.6254572575821014,0.47795314429437097,0.6694138357838437
1334,0.1340445578098297,0.6032026917135359,0.41494100980297094,0.5940290411897584
1335,0.13956080377101898,0.6458643093406383,0.38554871231342897,0.7120562798163554
1336,0.19824513792991638,0.5212094843685605,0.4524698158548206,0.48814439744107996
1337,0.13526010513305664,0.4829582482614135,0.18383877686620795,0.7849949296921195
1338,0.16474196314811707,0.5791478528170986,0.5110468702274112,0.5100781888445018
1339,0.0900956317782402,0.49387662308390573,0.16893195156815993,0.8283291887313815
1341,0.19156555831432343,0.6113666599132046,0.4150170654917741,0.613630729759225
1343,0.04588758200407028,0.47784187123886007,0.0064339367599322945,0.4571426237059509
1347,0.33485153317451477,0.37812507575807436,0.34642284594053147,0.3393161174582976
1348,0.08933445066213608,0.614173519451866,0.3010029041562703,0.6363254395598369
1353,0.16287128627300262,0.7267287489814751,0.8125363937985851,0.7363623243776076
1354,0.09241338074207306,0.701913531607118,0.3173325811316809,0.7960308360543765
1356,0.2082694172859192,0.5164034670988848,0.40113239046612503,0.5243180975495884
1359,0.08833371102809906,0.6486351758136494,0.6189362862326387,0.6124007990862487
1362,0.06280307471752167,0.5518914587150664,0.2600223273408732,0.3803822135515299
1364,0.08756505697965622,0.527105113569342,0.0505672818423101,0.42710708956429966
1367,0.11703350394964218,0.4432852598797713,0.023402623839554354,0.2529860799542555
1370,0.0675671324133873,0.735094321346045,0.3924243731961441,0.8208993795850225
1371,0.0796792209148407,0.6210010614969865,0.4589140889698357,0.6284639158203664
1372,0.036579541862010956,0.6169728263496335,0.32823677531899315,0.46293107722138493
1373,0.05570878088474274,0.7362467333629962,0.4260368501580927,0.8319444223782246
1374,0.026701312512159348,0.5876901625681793,0.15833736711792817,0.7551601819427596
1375,0.10173510015010834,0.5392222997582424,0.3088874691108868,0.4677979465203143
1376,0.0661504715681076,0.8106959023920706,0.49422473445542914,0.848774432661204
1377,0.03933779150247574,0.6709620463015455,0.45807713484879614,0.8801360603873218
1379,0.1338338553905487,0.6249744891229763,0.2871237101055784,0.6882690290158799
1380,0.057592716068029404,0.7467430834367592,0.33918125050497283,0.6959575186064384
1381,0.11021402478218079,0.6877929983910029,0.3508224075331038,0.7366370722619324
1382,0.126929372549057,0.6841502260231541,0.2901186868298375,0.7112929926514151
1384,0.061729878187179565,0.5609889256245636,0.2170927705258299,0.42827981742209864
1385,0.07751892507076263,0.8158228971801642,0.559306524419328,0.8208654659924044
1386,0.13149040937423706,0.7517661563762257,0.7793605758980954,0.7792777054408334
1388,0.06828079372644424,0.49139379939095285,0.05800106921793262,0.5869869919135348
1389,0.05224088579416275,0.895737010223995,0.7184000368267998,0.8984842448809629
139,0.05059005692601204,0.669378907736913,0.4426183138750683,0.7761934888394084
1390,0.08512938767671585,0.6060622304807773,0.34034740540520025,0.7385595293124393
1392,0.3197875916957855,0.4114339462377703,0.4502404907598626,0.37749498554439154
1393,0.0557764396071434,0.5024551391914815,0.052037966566799036,0.558963957735713
1396,0.04392825812101364,0.5285241946723745,0.06862841667117921,0.3111938406333683
1398,0.03644116222858429,0.5401290060837718,0.13631127760824496,0.4796598538503859
140,0.05184559524059296,0.8245596812855769,0.5650186691881421,0.8741241213846209
1400,0.05553864315152168,0.7452804276028796,0.36352261348619375,0.750481249260976
1401,0.04988976567983627,0.6427335655751545,0.4067918716116299,0.633825843855688
1402,0.1144421175122261,0.8379559156077152,0.6264431379625077,0.7359531452591863
1403,0.03656356409192085,0.9330387456926834,0.8296887010399818,0.9187921016380848
1404,0.12819814682006836,0.7095433366912614,0.4463344515183083,0.7975547531444078
1405,0.0776565819978714,0.5294859493837609,0.13745866854407024,0.3580968090991187
1406,0.11698173731565475,0.6151067130373885,0.3010466073139435,0.7710285687389259
1407,0.06685523688793182,0.4707890404421508,0.0354646879209197,0.25783403593501786
1408,0.10511796921491623,0.6736887665891776,0.3976446283901828,0.8068008516545201
1409,0.10855815559625626,0.6907702671080785,0.34738226840355974,0.5102502559942307
141,0.054817039519548416,0.6382671567866716,0.41032876002452107,0.8776084442540557
1410,0.09590273350477219,0.5604979708098552,0.24583720131159892,0.7521196531068469
1411,0.22416852414608002,0.43468872115244855,0.1893415463958319,0.31513951048968136
1413,0.22144101560115814,0.5617445430533414,0.5000664163260299,0.4970351017726529
1414,0.10460678488016129,0.6033589591283907,0.3728147239654256,0.4593970300936723
1416,0.07564786821603775,0.6301564194060008,0.16018895727459867,0.5370812647562895
1417,0.12644748389720917,0.45040154104370395,0.10877000033297538,0.3341126025182206
1418,0.1138918399810791,0.8520420157449937,0.7590920089749623,0.8362641432837281
1419,0.10240292549133301,0.735240623902222,0.5845557741805623,0.7654359146549983
1420,0.36388519406318665,0.33010504062732937,0.16485045939988943,0.2843742069387041
1421,0.13734778761863708,0.7115460491773785,0.6339329015359676,0.6736383460757503
1423,0.08836878091096878,0.6389017221623756,0.22814407394993166,0.7160785854604587
1424,0.15184825658798218,0.5861282063630726,0.19718645678837463,0.5983847610374452
1426,0.050243981182575226,0.8477246788258648,0.6407763971825381,0.8640575856437822
1427,0.09160326421260834,0.6788153168585325,0.27584537552093635,0.7199900474302431
1428,0.4481227993965149,0.3398638314649205,0.3635542157104334,0.3197038142802191
1429,0.09101755917072296,0.6571687891839242,0.5921431457963889,0.5761180042096967
1430,0.1295318454504013,0.6555320169064924,0.6554826439940287,0.640535935422459
1431,0.07639250159263611,0.6945813502551631,0.2397305294176306,0.5546289184319713
1432,0.21001793444156647,0.4326164376834664,0.31680991881018333,0.34886648893842775
1433,0.13738961517810822,0.605588921811127,0.5389254075567789,0.561932961253226
1434,0.2761920094490051,0.5241068686463628,0.48552239908397354,0.42633124644808607
1435,0.0961340069770813,0.8835352885564254,0.8623083817023943,0.8523411890528998
1437,0.24246832728385925,0.5518025124916426,0.615614214223449,0.5164410362461045
1438,0.12698297202587128,0.7382689980574995,0.6344271393071141,0.7694475029115815
1439,0.13213486969470978,0.8107202197241639,0.8124815990940778,0.8028049032231173
144,0.2268368899822235,0.7010778932296082,0.716679749595413,0.6587818002177276
1441,0.10957439243793488,0.8625730711862696,0.7453355177227777,0.8352390032571989
1444,0.046082619577646255,0.8644266619098233,0.5296047269785122,0.772286297308721
1445,0.26027438044548035,0.38078696581788696,0.1541220553708918,0.28407594458488283
1446,0.6270077228546143,0.22447288971678211,0.26346413065371543,0.2539178424841336
1447,0.06279268115758896,0.866877751898525,0.5631974096069068,0.799538413957985
1449,0.13672076165676117,0.5312344088389717,0.43905596917140094,0.41903252436672705
1451,0.07321673631668091,0.8597432165258413,0.6261910656678946,0.8727418470273889
1452,0.29040268063545227,0.586593901007127,0.6469456789252369,0.5434636450660894
1453,0.15666691958904266,0.44280311645757103,0.09507694600334923,0.6961933966489869
1455,0.2072022557258606,0.5892608868269086,0.5579021646512258,0.5358488178433787
1457,0.08838186413049698,0.6190621131360283,0.4764171769610067,0.500124848422422
1459,0.16575181484222412,0.4682166583404927,0.09215204602273037,0.6401688771228415
1460,0.0993821918964386,0.637262739900595,0.44042207879535566,0.5382907813877705
1462,0.10839361697435379,0.8493759841592217,0.7923688689958297,0.8122933266117788
1463,0.0702611580491066,0.9004529107740227,0.7372396779474698,0.8591763837500206
1465,0.29418638348579407,0.3706193246964915,0.18361599514199176,0.2920685986471151
1471,0.2539146840572357,0.6635471039293126,0.7807608835566521,0.6182458072247291
1473,0.15505778789520264,0.5460892228029097,0.49064124125521014,0.462093183419713
1475,0.04269002750515938,0.775122648106074,0.45997170169913665,0.8200093582516
1476,0.15540733933448792,0.713905386761857,0.745789667879358,0.6587291896667885
1477,0.08115106076002121,0.6891428405121968,0.570073015626986,0.7747761739244751
1478,0.11057065427303314,0.45637864945244255,0.0667396259786388,0.5788894540298368
1479,0.03977816179394722,0.8390957317486474,0.5245101699783935,0.8960172985360706
1481,0.03382407873868942,0.6707488247051846,0.2324169002756289,0.7067885998409615
1482,0.07061462104320526,0.8947250759909382,0.749445510960055,0.8729400720543405
1485,0.014188898727297783,0.847111739745892,0.4577815983347458,0.7008915471988575
1486,0.15100884437561035,0.45326341872786635,0.22639240578419167,0.32220725060298716
1487,0.40309813618659973,0.4196458885048305,0.5588119131052609,0.3926624574487631
1488,0.04285893589258194,0.7559878348724709,0.3786699849826882,0.7778106769376231
1489,0.044339802116155624,0.5810398701955631,0.1655817715494008,0.7245613439169791
149,0.057002998888492584,0.4909072421703934,0.1113263691048951,0.6299123509894728
1490,0.07396810501813889,0.8876687587733028,0.8255020885264892,0.8630253882426179
1491,0.1732814759016037,0.4805794547387736,0.12970422059877745,0.6691209519731616
1493,0.0519091859459877,0.8614881419429756,0.6738879122206628,0.8537839101160793
1495,0.056962013244628906,0.8323661649126326,0.7289752694163629,0.8559776485187764
1496,0.2501685619354248,0.38429879231100084,0.11049908477366288,0.2740083457653265
1497,0.13074518740177155,0.598989207523379,0.4419915552760993,0.5585376697593787
1498,0.02434537746012211,0.7578123759479054,0.43972884007412766,0.8740486412656155
150,0.18930673599243164,0.4515824356291872,0.3463320550787239,0.35853631277181747
1501,0.02165045030415058,0.8880210617314391,0.6111013023067977,0.8829890174827775
1503,0.12122055143117905,0.6878846846503079,0.5745133137870712,0.6087205695599491
1504,0.2277888059616089,0.6249478958077475,0.6639879286693589,0.5786722012659277
1506,0.04471351206302643,0.8631844628427539,0.6419848124968031,0.8631579146826875
1508,0.11718495935201645,0.6571851449199897,0.2477868608168178,0.701086292968554
1509,0.08185504376888275,0.5466582468064427,0.16653668724133802,0.584879118393958
1510,0.03114672563970089,0.7507628511987549,0.2738982534675138,0.6993328871525394
1512,0.06384080648422241,0.7598333170923768,0.5992413301882582,0.8267979403352552
1513,0.04767568036913872,0.6839466346992233,0.22425685351248092,0.7427427793251504
1514,0.7036506533622742,0.16241022899253343,0.1372442447332311,0.23543559819266402
1515,0.19503839313983917,0.6527498058371188,0.6787179934492052,0.596451526162604
1516,0.05952273681759834,0.8716663816657158,0.597354775102106,0.8699154379161061
1517,0.053205255419015884,0.6865808211118404,0.1827323361974195,0.6478431733841975
1518,0.1701880544424057,0.4205569718852341,0.08517843200223615,0.2670931390467291
1519,0.018231812864542007,0.8411184612595197,0.5173319930243071,0.9026849638956331
152,0.13725368678569794,0.6353366695669329,0.42546342118496305,0.7109803542834147
1521,0.04567519947886467,0.5667892071617932,0.190194244010837,0.5488351589895775
1522,0.12499736994504929,0.46110324878339437,0.19698383861515395,0.3092310208973106
1523,0.3561488389968872,0.49568197748747667,0.5553686880787684,0.46681678416932065
1524,0.1690487563610077,0.7360975063055691,0.6229658539781708,0.6946432748119455
1525,0.0635715052485466,0.8274622445101154,0.5760145372664587,0.879968352991364
1526,0.08346480876207352,0.8697859932594488,0.6760218809286475,0.838802314043761
1527,0.0519983172416687,0.6584946327275565,0.1984338140671968,0.757405930173162
1528,0.02671746164560318,0.8130235533360353,0.4345101233640462,0.8547623795797514
1529,0.030397282913327217,0.767279504291946,0.387696649093122,0.8187242666687549
1530,0.11001277714967728,0.6068613457306633,0.5109765101915581,0.5155204014173285
1531,0.023418352007865906,0.7334249524702163,0.5026657714619641,0.7204304252347928
1533,0.11706762760877609,0.45198506319321724,0.127085334517406,0.29480133618795235
1534,0.1050059050321579,0.6953033175105034,0.5463445612180124,0.733667168655461
1535,0.10213081538677216,0.7104924215875967,0.36175297444920185,0.7963656914855177
1536,0.14752566814422607,0.6015683896591635,0.37660432656026566,0.5898432160914525
154,0.06827382743358612,0.4761637074953013,0.10478080185919506,0.28288908355978193
1544,0.15603649616241455,0.6531260078964667,0.4175628945676453,0.47788500839645476
1545,0.07868809252977371,0.8480003719320125,0.6542797492137793,0.8420438427991227
1548,0.11686122417449951,0.6437240710701617,0.36478792412016336,0.7901241934175354
1550,0.08693575114011765,0.7789050094882729,0.5172279230587462,0.8449704441680702
1552,0.11307977885007858,0.5121990181255961,0.1005248288812399,0.5997311114051924
1555,0.13337662816047668,0.7340557729454098,0.47226815254789845,0.7577739141558872
1559,0.2997930943965912,0.5160615260532575,0.4558264673528824,0.5422676072006255
1560,0.22859784960746765,0.5599834709232896,0.554353345150806,0.6175826059042131
1561,0.15128669142723083,0.4378205718710865,0.11921998323669354,0.2806661240667645
1562,0.0998627245426178,0.7737387876409809,0.5654961345812249,0.7942241063651081
1563,0.04338088631629944,0.7310213601439535,0.3183824977403717,0.7500540184956995
1564,0.06982041895389557,0.47531872778028517,0.03494571629252555,0.3578931015029708
1565,0.11587958037853241,0.860790552157455,0.8549844048598041,0.818998378704243
1568,0.15669724345207214,0.6317173889727847,0.5483658412515648,0.5426306317377441
1569,0.09982705116271973,0.5276716752286061,0.19215069747974928,0.36669158196383667
157,0.05495555326342583,0.47542396800238257,0.03449483276967231,0.2561692530470766
1570,0.2943536341190338,0.5708532135114477,0.36910756543055756,0.6522223749660658
1571,0.09289280325174332,0.8081236201966124,0.6373436180124008,0.8289686798015516
1574,0.32151925563812256,0.48154630277150706,0.4864615715313083,0.46001887673140834
1575,0.2016456574201584,0.7559086085632644,0.7498720313810742,0.7138530647175354
1576,0.22110240161418915,0.5608466030502545,0.3659080372217006,0.4622441958928415
1579,0.04553639888763428,0.7283157858313457,0.42660674480607014,0.8805505602089179
1580,0.12650418281555176,0.6653294314732076,0.4725067130171839,0.6963430414067842
1581,0.05037904530763626,0.7573026602458587,0.5836739196127854,0.688006662988004
1582,0.11488551646471024,0.7717055252027814,0.6138408511432787,0.7712191456588822
1583,0.11575958877801895,0.8102572339900999,0.8266942044345698,0.8071163724871301
1584,0.1366320699453354,0.47833194886200014,0.1976531552876341,0.3292427672502064
1585,0.6782455444335938,0.23306503263846234,0.45094044684596213,0.18191054513779653
1587,0.5629810094833374,0.2569668614666517,0.24405789325172564,0.27183288865757493
159,0.3553348183631897,0.5397835055666089,0.683462267506392,0.4769295824509132
1590,0.41190049052238464,0.3330377572408316,0.30100054808831256,0.31369386742759586
1592,0.1821327656507492,0.5905009080399908,0.5930380908030894,0.531907197792651
1595,0.2460162192583084,0.5062527819582727,0.5748894715544519,0.5050465618618678
1597,0.1776016503572464,0.5269594573671859,0.3811701967676022,0.46406199706120677
1599,0.34273970127105713,0.4609785631651896,0.47356030618822376,0.42093115500089084
1600,0.3777008056640625,0.42532747514824626,0.44901023592758094,0.386308051458222
1601,0.3208051919937134,0.4326907518787785,0.30343402783298773,0.5391818309954353
1602,0.1904715895652771,0.4117010768441654,0.12160552638888719,0.3194013139865729
1603,0.3888534903526306,0.3643256615530463,0.3749914193446479,0.3457298854384513
1604,0.06678281724452972,0.7039324393718538,0.5320772611241475,0.8060799254263138
1605,0.5357022285461426,0.25217523716719303,0.2750247489409175,0.2710985630540519
1606,0.41285422444343567,0.31118184969452134,0.19760869336054654,0.279724675569177
1607,0.3305947780609131,0.336794631075021,0.2203705229939433,0.32143971609395744
161,0.0679776668548584,0.7368013537333502,0.6838564876662413,0.8942015802106994
1610,0.04406794533133507,0.6575161499022123,0.165213097543598,0.6413293227501375
1612,0.11294817924499512,0.6359020349099185,0.4809486278305526,0.6192331172087109
1614,0.05029793828725815,0.6397193356293676,0.5340848630875279,0.5948989244542382
1616,0.13103653490543365,0.6864050200259175,0.687876868779484,0.6455260852988185
1617,0.15565930306911469,0.5862097248531164,0.5716542833114461,0.5426429849249358
1618,0.34199684858322144,0.3436979321050174,0.1700742889392023,0.32242072699724045
1621,0.13158400356769562,0.4381532410300531,0.06851678460864069,0.26358950562242767
1623,0.1734393686056137,0.3936293692683124,0.035748577565612845,0.6298090019297713
1624,0.1328749656677246,0.6156802102124371,0.4915487650801153,0.6967494757105355
1626,0.3286265432834625,0.33449700331654614,0.07159717499440985,0.2680397158390052
1630,0.3557133972644806,0.38291863639760615,0.33438775812757365,0.3561153914494831
1631,0.06642584502696991,0.4940360601546345,0.08716664670080851,0.3113336318975989
1632,0.18868280947208405,0.41193174328002724,0.09832139034326286,0.27032476126432536
1633,0.4752923548221588,0.4180897323441968,0.517483343229737,0.3266520376405164
1634,0.18937958776950836,0.4392738877665159,0.10012951925713,0.42669898801443173
1635,0.15237313508987427,0.62218852721353,0.46240690028065184,0.7130464302753492
1636,0.13392965495586395,0.619288162234616,0.5979918401048424,0.7162133667046326
1638,0.03315446153283119,0.9005746499963718,0.6174327779033397,0.8421456341982247
164,0.014387314207851887,0.8919195643398146,0.6556409148210857,0.8282009259821823
1642,0.05765591561794281,0.45973111750641327,0.0041723812818897105,0.7090377494050581
1643,0.08261195570230484,0.534064787762708,0.05744247959783143,0.5135361230250686
1644,0.05338156223297119,0.4848260333904254,0.09629976440274225,0.2818568364439038
1645,0.09922213852405548,0.650896164929398,0.3570137597006501,0.7590337407796763
1646,0.3115718364715576,0.5396082339363919,0.6749896082303299,0.5512672539436121
1647,0.06316011399030685,0.6307786226259626,0.17296232996436245,0.6170830909354316
1648,0.07663863897323608,0.6395489087375597,0.21093177767903296,0.7994622575593474
1651,0.06173631548881531,0.6317354836598656,0.21786578931454373,0.6330389041798394
1652,0.06540565192699432,0.8033877162074465,0.5770951691625963,0.7444313000945975
1653,0.06852659583091736,0.7078220274596744,0.44142580979015605,0.6269857422682582
1654,0.18016578257083893,0.6293146705976718,0.5151239470916439,0.6464077822639043
1655,0.12001299858093262,0.6906055123429493,0.5376379849572281,0.6754442739862918
1656,0.04815651476383209,0.9092725561173072,0.8476635233767269,0.9191042644008446
1657,0.2847623825073242,0.36057407541439956,0.049185602866442385,0.2553516132574807
1658,0.04189247265458107,0.8664584147706942,0.6197840995379125,0.8106624661912389
1659,0.03164733573794365,0.8677913364436989,0.5289273562008233,0.8884877315335359
166,0.03507399931550026,0.7998072912832959,0.6390362789222944,0.7604883755028051
1660,0.11855236440896988,0.47391658520408453,0.21582295089812087,0.320619866635262
1661,0.10734721273183823,0.6978914070685587,0.5303834970940874,0.6355593732176651
1662,0.036862485110759735,0.9035771755277666,0.7034934892331349,0.9133087137375233
1663,0.07834730297327042,0.7567088862445439,0.5522384382271733,0.865939775563026
1664,0.15216155350208282,0.7182595759833976,0.4895237715586542,0.6686697495669869
1665,0.07191522419452667,0.8635038459877324,0.7893113473678227,0.8742926909820978
1666,0.04478224739432335,0.5299179919866408,0.24460364484395095,0.3633309586282678
1667,0.06942901015281677,0.8466440088080711,0.7830211946898922,0.8385313999186494
1668,0.07391150295734406,0.5902731270811222,0.20136817451975111,0.5943739141011618
1669,0.10390745848417282,0.662847676649735,0.34583282324018216,0.7620770503524182
167,0.11071429401636124,0.7035721373214908,0.5449704945557867,0.8023200766019825
1671,0.041210025548934937,0.6380057087177899,0.20309733046631392,0.7116557620854543
1672,0.06691896915435791,0.5122290932526938,0.1336653054194783,0.3094193046306424
1673,0.09171203523874283,0.6710140939078127,0.5430338312619071,0.798231235381414
1674,0.08827836066484451,0.8378556883969921,0.6211244313525577,0.7629956863784367
1676,0.03686850890517235,0.6611987367373606,0.3837256953217586,0.6436822361903105
1678,0.05856750160455704,0.7351874898432655,0.3201088700475076,0.7502117714344101
1679,0.02559189684689045,0.7312433719476117,0.31745445037561365,0.8173174332235592
168,0.04938670992851257,0.5570219492568619,0.05592623136317754,0.5316374019379937
1680,0.021695544943213463,0.9294842333598763,0.7525784916695517,0.9366319185231302
1682,0.06117189675569534,0.7556085911031574,0.5625102126426573,0.6262155552036215
1683,0.11458306759595871,0.4870576443184312,0.048842559055305074,0.6269911731600342
1684,0.13793256878852844,0.6769785290479169,0.5004086589095202,0.59767603343964
1685,0.08814229816198349,0.7774540511506113,0.5986306693878751,0.8239538402806079
1686,0.07923004776239395,0.6815501965515096,0.5074165191245839,0.6176500840493051
1687,0.10200200974941254,0.7293734371982992,0.6430879593359788,0.7098354864178351
1688,0.10510340332984924,0.8424830591670951,0.5840692909813417,0.7834332387570546
1689,0.047107189893722534,0.45920299262665387,0.0006359388949497087,0.4575006569259392
1690,0.03190487250685692,0.7509855348317287,0.310709372040602,0.7873231698336718
1691,0.1851995438337326,0.6329759605084199,0.5613742767931356,0.7003026118255062
1692,0.1002541184425354,0.8161973920010994,0.70668304313182,0.764829252509153
1694,0.015894319862127304,0.6844438934141734,0.15554221423281606,0.6727973438177037
1695,0.10013461112976074,0.4536648248045543,0.049096841979503314,0.25954822082021056
1697,0.02078700065612793,0.5060267589713427,0.010015193685049899,0.3365219400814232
1698,0.10700590163469315,0.5826718138076319,0.10072899427147242,0.5797199095326078
17,0.05866977944970131,0.7268843412655744,0.2718313292232559,0.7327016978386187
170,0.10392377525568008,0.6033659511973644,0.34839796155335184,0.8387751682380187
1700,0.07075934112071991,0.8141108618675561,0.7776337735519877,0.787433921253912
1701,0.053744297474622726,0.763397961888248,0.5512386977296675,0.8893643973569486
1703,0.1531980335712433,0.4374156353085754,0.15880496258295426,0.29110239489630396
1704,0.12638793885707855,0.5152374647138194,0.3635145668819703,0.38703321909008126
1705,0.040652964264154434,0.6852083903851331,0.2204504746725994,0.6837537145074617
1706,0.12502679228782654,0.6306787517780876,0.23594555927075067,0.6501984740093466
1708,0.08428013324737549,0.5508573430733879,0.26385666927405355,0.585607621819265
1710,0.05449715629220009,0.7576022463147848,0.45886496916473285,0.8366582854157688
1711,0.2607812285423279,0.5723060918845697,0.6684123083915855,0.5315944307396541
1712,0.10008636116981506,0.8274805252824583,0.5955164143788458,0.8301385914149482
1713,0.15601767599582672,0.41925007765146716,0.023797111568175426,0.6864356729662722
1714,0.06760771572589874,0.4994786345686081,0.07591518735246562,0.3980739552564694
1715,0.11286971718072891,0.45995320440865944,0.06847466869382611,0.3659862390832006
1716,0.0877474695444107,0.6222982130783481,0.2578503290346981,0.6476358187727572
1718,0.030089447274804115,0.7530894473705975,0.39027117695395275,0.806761621694162
1719,0.06852598488330841,0.8743958956762732,0.6562783153391121,0.8657806092702871
172,0.05509094521403313,0.4560754881045862,0.0010223450429914175,0.7180836369848858
1720,0.22077608108520508,0.5795128715068029,0.604949993300243,0.5019699978164626
1721,0.22889578342437744,0.5939900627990446,0.6718234156434788,0.601682535014272
1722,0.1009182557463646,0.7247138419586103,0.22509960697945947,0.6268972129017418
1723,0.15429113805294037,0.6541016843284222,0.5589201077926006,0.7400196373643627
1724,0.034988947212696075,0.6375848528205337,0.1648786346796055,0.6435633780196113
1726,0.09018775820732117,0.6754934723224003,0.291457087752475,0.7896276177746213
1727,0.11273796856403351,0.4689300488282668,0.23601442295009772,0.35804090966626007
1728,0.0664435625076294,0.7526573101531691,0.4982270556192183,0.8107192464013335
1729,0.10539727658033371,0.7403991014716255,0.41842921846041375,0.7981704446191096
173,0.0961909070611,0.5328379804667362,0.15346436600209482,0.5769456902119044
1731,0.07630515843629837,0.745573483974959,0.4464543633275873,0.8105106273356913
1732,0.1160702183842659,0.6852942313247558,0.5341427248637586,0.7919106583809817
1734,0.128620445728302,0.7021271556243911,0.719145469725146,0.6951667292010091
1735,0.03985581547021866,0.8394370478822188,0.6735282086732217,0.8593950473956203
1736,0.12550990283489227,0.433670318299434,0.010975578713875963,0.2820343702101469
1737,0.05240572988986969,0.859476359750413,0.5308546692167504,0.8281939685529326
1738,0.23527024686336517,0.6853290227871467,0.6870123867557026,0.6522106908436694
1739,0.08224166184663773,0.903714278569129,0.8284846865743962,0.8595315007574185
1741,0.07311464101076126,0.8735585471923135,0.7268030093694815,0.8603342963774927
1742,0.1067480742931366,0.8150337712692154,0.6661405858649156,0.8471803940440148
1743,0.06842348724603653,0.879946862821247,0.7046505956913708,0.8756334119523709
1744,0.03465030714869499,0.9366100365880701,0.8366021011994912,0.9170955933693232
1745,0.06374137848615646,0.8439041634920701,0.5866803629156535,0.8543331846741924
1746,0.04291241988539696,0.9001145696005555,0.6562035531169783,0.8967117334200702
1747,0.13576897978782654,0.6903550084512667,0.6717443380552721,0.6649351974002868
1748,0.2794392704963684,0.571702539962271,0.664814931861837,0.5260988832896909
1750,0.08183895796537399,0.555018705262202,0.14100211732793294,0.7592227543043089
1751,0.09310887008905411,0.8307351696560871,0.7136136954665118,0.8586645618710889
1752,0.11476052552461624,0.6172782290570693,0.3154549142885522,0.8185824919039176
1754,0.14018774032592773,0.5047247411266684,0.20760993326790173,0.7028894046389358
1755,0.09915712475776672,0.6687085555264665,0.26050118553780377,0.6664353726213397
1756,0.24981573224067688,0.39745253181978435,0.17744401114742603,0.293510116637814
1757,0.08531641215085983,0.849715997516125,0.6914659191582657,0.8733555407578755
1758,0.16399049758911133,0.4849476071816461,0.33824090456252714,0.40990695577583314
1759,0.14276520907878876,0.7620675643434314,0.7839058929834796,0.7761502996461946
176,0.09669604897499084,0.604671592165315,0.29499637062971024,0.6171445966250684
1760,0.10971847176551819,0.6946796680932115,0.377449358033967,0.7964946395912798
1761,0.02933538891375065,0.624009001889354,0.15363839808038046,0.6525879142972741
1762,0.13391269743442535,0.5853959259455532,0.20829237803422979,0.5240399748862116
1763,0.13388289511203766,0.4390685373069632,0.014561896409805137,0.305329881016786
1764,0.05601571872830391,0.7612333582316483,0.480885579432806,0.9009817129886311
1766,0.12830200791358948,0.8516144747020955,0.8244406096346731,0.782416025213696
1767,0.09286907315254211,0.8567143011004739,0.7410832920228143,0.8554388018228064
177,0.1993330419063568,0.44346957086560773,0.24772951213850675,0.35709360307270455
1770,0.13421396911144257,0.4393460869571493,0.0691269501943263,0.6087400890221218
1771,0.07344561070203781,0.8939895587544722,0.6946079200149335,0.8875720916923611
1772,0.13426059484481812,0.6295499479311033,0.2282895040222448,0.6294129819097877
1773,0.11455940455198288,0.7811241257185277,0.7890129933139607,0.8079107626175459
1774,0.0468958355486393,0.790131750625778,0.3735672373278466,0.7975344163667806
1775,0.04949580878019333,0.7817407059960209,0.4655766072341818,0.8558230413734969
1776,0.07536515593528748,0.7420335912400906,0.5920189272767552,0.8156684926728399
1777,0.0398334264755249,0.8087987400935985,0.5006294735675504,0.8868859113284944
1778,0.11952102184295654,0.7539964521469895,0.4328352187118004,0.7697765907367436
1779,0.05667811632156372,0.9027023989505489,0.7535281143017455,0.909390219706715
1780,0.10433650016784668,0.6603457295418753,0.6230670467766594,0.5960323882677426
1781,0.04227199777960777,0.84791515165033,0.5389774723146273,0.8161225421025454
1783,0.11838230490684509,0.5796156192035391,0.45474139847808537,0.7992779141180129
1784,0.116277776658535,0.4293212911346678,0.007127659710398503,0.5410321076626903
1785,0.09228571504354477,0.8321308382925809,0.5705539812253111,0.8430533360565449
1786,0.08816210180521011,0.5599789738863215,0.14203527247686798,0.7147895874265211
1787,0.14527975022792816,0.7786554859050225,0.7736099521021338,0.7488568914147169
1788,0.03752902150154114,0.9018743481739644,0.5705070095740533,0.8791545778428899
1789,0.04081478714942932,0.8734421802751889,0.5969136951925662,0.8699155519295548
179,0.1415572166442871,0.6862823585289287,0.6657305212678262,0.7943791371539374
1790,0.13767381012439728,0.780490733244914,0.5594025375569026,0.8008880339949349
1792,0.06152590736746788,0.8703126224477011,0.8332445572440937,0.8823036742226897
1794,0.09342571347951889,0.42797434643032967,0.006598115226404279,0.7266190363261562
1795,0.17296139895915985,0.4189773676875808,0.059104827326717645,0.2621686359908445
1798,0.016483251005411148,0.7907536244255351,0.2552428271896758,0.7068714145027608
1799,0.16746987402439117,0.6183120073134565,0.32613253769384726,0.7324066903156976
18,0.052870023995637894,0.5654489221179977,0.06624495337469553,0.4733942738731372
1800,0.300506591796875,0.45095289631722035,0.45425518959394945,0.38679904833954026
1801,0.13135190308094025,0.7240636263336476,0.5845052093005456,0.7883672170286729
1802,0.35638153553009033,0.34121280262548864,0.21151174204818643,0.2955624668881761
1803,0.17390742897987366,0.5855046895877911,0.188291989444309,0.586642468996573
1804,0.07754217833280563,0.8367472693137439,0.54956158270427,0.8277022219080106
1805,0.12821394205093384,0.7807402705273452,0.6776889888583959,0.8169390264127627
1807,0.07784483581781387,0.7102236469602065,0.4821916739914796,0.7334907298465443
1808,0.10809475183486938,0.7807160292254065,0.7289143749714259,0.7632556811420784
1809,0.03728367015719414,0.7740558545611018,0.47989929980014084,0.8140831578434659
181,0.13479778170585632,0.6683958459805139,0.4427477043053881,0.7551621100038867
1810,0.023628050461411476,0.8468727022255899,0.5500983718352647,0.906618926907536
1811,0.06530792266130447,0.9277067627746258,0.8724077623711308,0.890897739849613
1812,0.07035127282142639,0.8874127071687825,0.8264448253950507,0.8688160677328591
1814,0.15339751541614532,0.7080403652065659,0.7198727436673561,0.6722671182047251
1815,0.0492856428027153,0.9034838227613764,0.7586875840698746,0.9204846343810321
1816,0.08792245388031006,0.6621114222905874,0.2533071051395877,0.6913751425066401
1817,0.14984722435474396,0.6526461271543329,0.3370441405351862,0.7177446313011884
1818,0.11211808025836945,0.6480444965321347,0.38531903418241326,0.8029569061356441
1819,0.048125628381967545,0.9422899466909347,0.8806821989158219,0.9130858027480613
182,0.10001028329133987,0.7569220801255501,0.5848769127643225,0.8202242017965145
1821,0.1484632045030594,0.7949336254688946,0.7534168812191634,0.7481591637112643
1822,0.14068542420864105,0.7224558330135601,0.6105048003058746,0.7996689215778517
1823,0.18017059564590454,0.6416116620755933,0.4185173355257777,0.7125465628861254
1824,0.4319544732570648,0.46892503580327555,0.6763470009949424,0.4124410168895762
1825,0.04377326741814613,0.915497374906735,0.7427309167719929,0.9172233009409569
1826,0.23789867758750916,0.5920766833650881,0.6617548654339965,0.5692104269324867
1827,0.13755974173545837,0.6809072439543451,0.596897334960622,0.683123567635517
1828,0.2379385232925415,0.4601457333490295,0.2042343169960554,0.7081242747825955
1829,0.15308678150177002,0.4420371946346829,0.009105900164561276,0.3785774310168688
183,0.3489462435245514,0.40278447655575866,0.3807341197726046,0.3516394935584006
1830,0.10087805241346359,0.7543807657478518,0.6025922855988386,0.8337746785676552
1831,0.039165202528238297,0.7924536724388662,0.42062231681175394,0.8350854492714361
1833,0.058318331837654114,0.8778539957547236,0.7132945996839185,0.8908656087263009
1834,0.1510067731142044,0.6165988358074632,0.5073417456415193,0.498277941480465
1836,0.05339008942246437,0.9169062713893383,0.835188957279916,0.9054166842688569
1837,0.03383224084973335,0.8474848227295824,0.6384430666458978,0.886956495745296
1838,0.06595763564109802,0.8778338711686702,0.7359147662885308,0.905594604302326
1839,0.23359842598438263,0.5144249378225176,0.543267439451027,0.45047056481982145
184,0.07299691438674927,0.5615908507357193,0.15073520663368217,0.5973162562590382
1841,0.09177156537771225,0.6772001824464317,0.1992296345779194,0.6077515837369749
1842,0.08967076987028122,0.8745433403413525,0.7905932894577893,0.8177193386593464
1843,0.13537542521953583,0.6159154058212204,0.2685262615964272,0.6285081181651047
1844,0.42448803782463074,0.4616611579071966,0.5608502711224342,0.3782032132869919
1846,0.06021544337272644,0.6928112001655888,0.26933052437770527,0.6641298988275814
1847,0.06940625607967377,0.858346677302591,0.729186745120091,0.8892566790737904
1848,0.06052367761731148,0.5431050700422173,0.16642068761056436,0.5414425705716183
1849,0.04107313230633736,0.9229463469327552,0.7790257796407055,0.9067016081989299
185,0.3516610264778137,0.5701848762542683,0.667010091419572,0.48766718100168727
1851,0.15851256251335144,0.5317712902061259,0.1504848274441534,0.4927925229117845
1852,0.09649775922298431,0.5233600980567555,0.09578758037256467,0.494595871222696
1853,0.15629062056541443,0.7724813589086835,0.7112976454825428,0.7616449517774763
1855,0.09297164529561996,0.7800862850083783,0.6401345057354362,0.8215035706316085
1856,0.04717811942100525,0.8371368583209535,0.44003955002395523,0.8294627853349175
1858,0.2064189314842224,0.4821434315039992,0.41069450133297525,0.39873619673690236
1859,0.11987726390361786,0.5459685992439988,0.20310601377405266,0.6400632603392336
1860,0.0879058986902237,0.7994085321868647,0.5468417092202041,0.7706050349654918
1861,0.0711316168308258,0.8831605227035046,0.7567247199923334,0.895293200770088
1862,0.11777344346046448,0.8593924238726734,0.734016327973726,0.8178066304145309
1865,0.2665148079395294,0.36867966373998906,0.03512534516048166,0.25375541191243545
1866,0.1011977419257164,0.7706603252265746,0.7366781900490567,0.7609196522558814
1868,0.06701826304197311,0.6726280455690671,0.4076108252571316,0.8868040542828975
1869,0.12462412565946579,0.40392461523193274,0.01457313245264779,0.6279289918738219
1870,0.07244927436113358,0.6381500060024479,0.14357579905531234,0.5656816568396263
1873,0.08207236975431442,0.9179863146597432,0.9052352108898246,0.8798391684704996
1874,0.07035404443740845,0.8874088449847802,0.6205695273425312,0.8606349773758194
1875,0.03523973375558853,0.9228821056682921,0.6582869472935822,0.8683923335381156
1876,0.06722655147314072,0.7697591197113343,0.4209989398901977,0.8035741499415168
1877,0.03997517749667168,0.7805920353182363,0.3705141123257929,0.7991249527425968
1878,0.09239374846220016,0.7565694302580045,0.5480984161149564,0.8741556306879756
1880,0.08874644339084625,0.4510312029899774,0.003437841894489394,0.3847318175830421
1881,0.10071482509374619,0.8001746187614673,0.49406230163290255,0.8233379651687742
1883,0.07554075866937637,0.85465433696272,0.6949466011415513,0.8589069971282459
1884,0.06746794283390045,0.7968564930045337,0.5604861866843457,0.8838297011852545
1885,0.08219636231660843,0.8196872013209738,0.6079511931683065,0.8674922895325701
1886,0.35205599665641785,0.4859597819207237,0.5133994168398095,0.40618483647558623
1887,0.08706803619861603,0.8056997683751814,0.7225418015495395,0.8579226888082301
1888,0.06277146935462952,0.7320699657983676,0.30649243731167675,0.7218862827274924
1889,0.08728331327438354,0.6144340805455,0.29307443287063795,0.7145556699983535
189,0.10963286459445953,0.5122313124606884,0.20638290010632426,0.6522093910205129
1891,0.0732203796505928,0.7612985038952926,0.45899651285567317,0.8390314899193927
1892,0.10233182460069656,0.6408667228297904,0.20559076573191593,0.5928216080239447
1893,0.0701574757695198,0.4724518331071112,0.04414177207651792,0.3489273338961442
1894,0.13201329112052917,0.41022570624989646,0.025542730971457397,0.7665559886631059
1895,0.0589984655380249,0.9058208166556396,0.8129418402547657,0.8939665372551293
1896,0.08626965433359146,0.814365978883802,0.6516246081926319,0.8630485059262213
1897,0.05228249728679657,0.502913318440282,0.05848878667895027,0.4169211470305708
1898,0.1706235110759735,0.4493098953197672,0.05623537836286911,0.3629306647907016
190,0.15010763704776764,0.6556879980715767,0.469146669855032,0.7194541382897439
1900,0.08143331855535507,0.687178131451637,0.5149367702650124,0.6197969910407172
1901,0.05272418260574341,0.8146343165586161,0.48319976600958015,0.8457257644047818
1902,0.05662325397133827,0.8143671279380301,0.5024366153904026,0.8634074931221807
1903,0.06613433361053467,0.8924473741649193,0.8381898230319094,0.894180126318732
1904,0.035529445856809616,0.8731003293686168,0.6401003701742515,0.9226378805877958
1905,0.05710906162858009,0.7912164218725133,0.4671692803701784,0.827027217503679
1906,0.09969402849674225,0.7047034850173919,0.4887483391101005,0.8011759556941136
1907,0.11378342658281326,0.784489128967776,0.7135865145299237,0.8027590818539987
1908,0.0643068477511406,0.8317180689434152,0.6304298850405774,0.8062939798448309
1909,0.17595434188842773,0.4368687980494152,0.243549157179884,0.31569641278454186
191,0.02039835974574089,0.5274016846070878,0.0327172916145734,0.31347230305459495
1910,0.20501647889614105,0.6536883805637198,0.6237756754978364,0.6052470442860982
1911,0.13138888776302338,0.7643260077387484,0.5708335793428604,0.764143898562437
1914,0.06574694812297821,0.8712595123975804,0.7875508717260397,0.9029911865219677
1915,0.12513084709644318,0.7162685048415043,0.670528262356192,0.6877026976576033
1917,0.10197952389717102,0.5824383887616984,0.2097500793438072,0.6672400414732867
1918,0.04470257833600044,0.8670286241664893,0.7606784277689089,0.914619721641351
1919,0.17165760695934296,0.6104340188248513,0.587870115358701,0.6373237698585332
1920,0.05698264390230179,0.6452417961614976,0.413522702930235,0.7421404466705496
1921,0.12298169732093811,0.6345297942565254,0.6308164591896662,0.5855008352303279
1922,0.08538511395454407,0.7782844822993262,0.6616389399457592,0.8170779866469574
1923,0.06075761467218399,0.8261425530248595,0.5458597565652803,0.8605873575234547
1924,0.11928169429302216,0.6811474509220976,0.44544447274535537,0.8365558895699678
1925,0.08556661009788513,0.44286649174972637,0.025584871625516013,0.6220591291612214
1927,0.10558606684207916,0.7703067096233163,0.6708804124761667,0.7146587114915601
1928,0.04606810584664345,0.6036430144130517,0.1618983027322783,0.6291834829644787
193,0.0597374252974987,0.8240294380034439,0.7731467880454139,0.8382414658920506
1930,0.1425304263830185,0.6192870965022972,0.5881337890651508,0.5804995813750699
1933,0.06251241266727448,0.5055275133283875,0.06818272953656809,0.7382717510455445
1934,0.12983372807502747,0.5823068815186891,0.38131106958633326,0.639976341170573
1935,0.12492363154888153,0.6110291850483365,0.24426575744836582,0.800604338951594
1936,0.13619379699230194,0.7668957452546128,0.7239524907160838,0.756907403544137
1937,0.05732718110084534,0.7444577614154999,0.5920475570725982,0.737017092902434
1938,0.383175790309906,0.3156421797708832,0.09914263536992565,0.26767469047108056
1939,0.04450509324669838,0.8220411272450661,0.6091261742260629,0.8568195276235635
194,0.26627498865127563,0.4116671924721694,0.3309669538940808,0.3728103795148346
1940,0.07386859506368637,0.4897426900336187,0.00888249453582305,0.3190359086754167
1942,0.07696456462144852,0.7953068185643157,0.6200440845354991,0.8704628661782614
1943,0.11277544498443604,0.7914100610790014,0.8693620233585334,0.821033074783549
1944,0.08280399441719055,0.6024110438045478,0.171432220462818,0.623293553034534
1946,0.08830313384532928,0.8839143009273446,0.800937573217862,0.8244052769051895
1949,0.038268133997917175,0.8076679067495829,0.5993934182710808,0.868446367967053
1951,0.05212579667568207,0.8290606162635006,0.6332393391549511,0.866758014301039
1952,0.05463457480072975,0.811858818338567,0.6808372618577359,0.9199675895550935
1953,0.07094750553369522,0.7425226426819066,0.47123367637319447,0.852115251882817
1954,0.07471160590648651,0.4542239855451572,0.03199024748728395,0.6686020527905263
1955,0.13148483633995056,0.5108010451038,0.060115073339766116,0.5260670980943014
1956,0.02689472958445549,0.5976463019823353,0.33801866271629233,0.8913063518541522
1957,0.13859888911247253,0.6743969249751922,0.5803071958736666,0.7031318713882178
1958,0.07488395273685455,0.8443730262707624,0.7679579913151777,0.8330889462673113
1959,0.04810679703950882,0.7308336893527065,0.40566193076686113,0.8422159963671573
196,0.20714545249938965,0.4299238520686156,0.10372281346833884,0.6694719616194205
1960,0.17679375410079956,0.43298590074742754,0.22119698436993032,0.3156886325145917
1961,0.1704551726579666,0.46672572654015587,0.2303629375019716,0.39258914549553603
1963,0.07654639333486557,0.763356787003638,0.6304691704603186,0.7910142848700392
1965,0.015087643638253212,0.7759622268674418,0.28218424857817426,0.7185509855930821
1966,0.09206865727901459,0.6731225694939695,0.21155185153248954,0.6785318610387825
1969,0.06541768461465836,0.7476695796443076,0.5785933174411783,0.9123436771338083
197,0.28159773349761963,0.655179732910089,0.6957509691792362,0.557774372084723
1971,0.06357471644878387,0.7469353084508318,0.47308594639496176,0.8394498121168465
1972,0.08564095944166183,0.7878353298498796,0.6621543896436797,0.8399951716121578
1974,0.05585874617099762,0.7941749519792729,0.6284362246353351,0.8446228308840289
1975,0.02874818630516529,0.4729355713304661,0.0036483870723804527,0.6001476499807508
1976,0.09257537871599197,0.6869194479323862,0.5031415150017272,0.6678356077575078
1977,0.12476015836000443,0.652974252180164,0.5502815003339465,0.7259809193724911
1979,0.10525775700807571,0.7975489738087481,0.6458098834690473,0.792538024606492
198,0.09529448300600052,0.575501183427465,0.36187151022655717,0.6079010790459443
1980,0.04933988302946091,0.585949889977327,0.2245329127811346,0.37943096135856014
1981,0.26505929231643677,0.5071246630252134,0.5381250913858617,0.4500140955079498
1984,0.015493964776396751,0.6763156234877287,0.22250391436512754,0.6991775768832829
1985,0.06225356459617615,0.634423512691333,0.28396008829205455,0.7077173397606974
1986,0.237812340259552,0.5816895024853965,0.6877109054675549,0.5945038467752567
1987,0.0489436574280262,0.879581679934212,0.6830703085143295,0.9177367420342492
199,0.11461687833070755,0.4193528121501693,0.022100674075647402,0.497984018914157
1990,0.03779307380318642,0.6732368542819425,0.3619669629929827,0.8749291867735949
1992,0.07391507178544998,0.62660153100491,0.372570337589032,0.8455903545807151
1993,0.05615580454468727,0.6494132093592441,0.29848769018180565,0.7685808993721135
1994,0.0682523101568222,0.7934735399567228,0.6595412711696013,0.8543898397823173
1996,0.08232178539037704,0.7523255976278113,0.5780308993436,0.6816923738599314
1997,0.027608336880803108,0.9444496395771782,0.7761130259181513,0.9316531670732342
1998,0.057570554316043854,0.7754370602038514,0.5216804222518654,0.8824987626453229
1999,0.13789422810077667,0.6719468756595552,0.5931143036249852,0.7259803343207013
2,0.24707908928394318,0.39116650947075154,0.18372142440676145,0.3000271403221605
2000,0.08435075730085373,0.6231665896539538,0.17539309969915554,0.6338651517965419
2001,0.11651008576154709,0.7726018070271723,0.573370115178814,0.8199155151046783
2002,0.31276679039001465,0.4990054132124998,0.5130441855857517,0.42696581732690864
2003,0.10220744460821152,0.7414691221688836,0.5758341897947202,0.8172551267278727
2005,0.10314986109733582,0.7138530343385631,0.5265190708023519,0.8601600453510996
2006,0.07499253749847412,0.8564469380916935,0.7922116224732585,0.8722791324495324
2007,0.05629700794816017,0.8759704430135926,0.6739519919906308,0.8960525794445826
2008,0.12717077136039734,0.4353306193353703,0.05022902934577049,0.5965403929074895
2009,0.04547334834933281,0.6753901773248459,0.3335197207773527,0.7759976587574562
201,0.13215337693691254,0.5230176007027678,0.19553300435152196,0.5333830979347529
2011,0.11518435180187225,0.4478430307481249,0.07177931033253349,0.27157319307168554
2012,0.08346731960773468,0.8459038939894805,0.7946455894743694,0.8260138687109424
2013,0.09909768402576447,0.6808423039831193,0.27404964927506714,0.798211381530435
2014,0.031189845874905586,0.8047796575210526,0.5722179145642775,0.9100867468289481
2015,0.03395957499742508,0.8360274386273611,0.6636433363412856,0.8788301564590839
2017,0.03803856670856476,0.6083172463315363,0.2527023499887938,0.5684894455913443
2018,0.0946662500500679,0.7810454325456124,0.620523364813822,0.8589021420952082
2019,0.14682337641716003,0.6845368529986171,0.4272109089486522,0.8042195608951899
202,0.07982545346021652,0.5389592130592056,0.14429261264781473,0.6930761940239276
2020,0.08067508041858673,0.6488593448463186,0.1142426831180708,0.5352576125573552
2022,0.04100064933300018,0.6665549957864121,0.26931346364483605,0.7055644956268698
2023,0.07498336583375931,0.7042231318818213,0.542164117441215,0.8075239041924782
2024,0.065282441675663,0.8005448533586546,0.6209762650640501,0.900548065185671
2025,0.07842312008142471,0.7702857793344275,0.7206954780942302,0.8078686906269485
2026,0.09181720018386841,0.5664042026121974,0.36808228208977134,0.6623842833993554
2027,0.22451189160346985,0.6140628627338668,0.5924771422069484,0.502122487636972
2028,0.10256922245025635,0.5587798486200627,0.36273623722069526,0.8042379951043268
2029,0.0668138936161995,0.5887445110120182,0.21235823239084597,0.7429392555078749
2032,0.038244444876909256,0.4999647791099454,0.014121215261064015,0.42950914450839073
2033,0.06103165075182915,0.8142926180720025,0.758336514305792,0.8830527199338313
2034,0.04844088479876518,0.8349190652603133,0.6384699621716278,0.9185965054867253
2035,0.0534188412129879,0.7813068233262321,0.37230094108152745,0.8043515961325389
2036,0.07878739386796951,0.6763795494535328,0.31314086503170613,0.8223212291219093
2037,0.07570242881774902,0.6390725441333154,0.21267982948061814,0.751883996886155
2038,0.04375345632433891,0.7004146846860166,0.20905293138920822,0.7198878947851324
2039,0.2081996500492096,0.5734982744169306,0.5405156177991393,0.6025315199735892
204,0.05459395423531532,0.5046336076725576,0.07864196622488519,0.7606109128954224
2040,0.09929352253675461,0.6196820560872841,0.33176046207705046,0.7086774940078479
2041,0.11118701845407486,0.5146911828245543,0.34017910740709356,0.38241570173792594
2042,0.09500513970851898,0.7243442654838912,0.44880349351234944,0.8456262142212689
2043,0.18034794926643372,0.4223683573798296,0.17184770466473026,0.3108606253333942
2044,0.029063144698739052,0.7312382756273226,0.2710194454706671,0.7873410958811238
2045,0.036751534789800644,0.8595106395867177,0.7059932494447413,0.9231236450241593
2046,0.14836116135120392,0.6451244940422188,0.6334506681814313,0.60548646914998
2047,0.10073234140872955,0.8005767979459857,0.6370529192988521,0.8422332171299254
2048,0.057186421006917953,0.8344176672128165,0.623551836833404,0.898484369991763
2049,0.04118453711271286,0.7606712991479562,0.5274124959941542,0.8249801197454549
2051,0.07650452852249146,0.7663145681332051,0.4693634855722265,0.8536467113312858
2052,0.042342688888311386,0.6992893421252977,0.234179706964262,0.7226636308174745
2054,0.1897953599691391,0.6051749765047016,0.4500160442457338,0.6101450052577428
2055,0.09901799261569977,0.5795929216595247,0.2042530385945255,0.7689751808475707
2056,0.16606763005256653,0.7388667344754629,0.8130411905125826,0.749811147790352
2057,0.09121520817279816,0.6222010510211501,0.3446585641052088,0.5675116320268161
2058,0.1298159956932068,0.6645083008340316,0.43034792423682705,0.8302159936973952
2059,0.07162585109472275,0.5848938702447335,0.1475971016766729,0.604618672465944
206,0.06519918888807297,0.9133118930557678,0.8325951761652527,0.8942747209514984
2060,0.06123717129230499,0.6550609960439516,0.39694923180362324,0.6998469518572392
2062,0.07774178683757782,0.7983564597222346,0.5269443135534109,0.8440644492222116
2063,0.1367514431476593,0.7778005623096298,0.7148294721661705,0.7205280758754254
2064,0.11553937196731567,0.6240107785426107,0.2603184482415616,0.6814583491696204
2065,0.09309782832860947,0.5584330402347801,0.07717861595822857,0.5001830865419783
2066,0.07534430176019669,0.46549672449019186,0.05466077854958774,0.6114224948423777
2067,0.17994876205921173,0.5788238727271259,0.38454733795085383,0.5680888561809654
2068,0.10955210030078888,0.5322130610485732,0.1540236484755078,0.6975782880506903
2069,0.1753339022397995,0.4141347088243599,0.04088830709444138,0.2524589792610835
207,0.40768003463745117,0.3476058184525743,0.352232618122831,0.323611250131836
2070,0.04265711456537247,0.726322914731306,0.4015371099578894,0.8779738530656461
2071,0.2098800390958786,0.6311299266065815,0.653522438105428,0.6077840086219098
2072,0.0280901025980711,0.7294693969526764,0.4495041755394738,0.8637223281694555
2073,0.11191291362047195,0.7502556559210105,0.7708506193223176,0.8163313447055465
2074,0.07496828585863113,0.7473757261791324,0.6037803818478416,0.8131331749177784
2075,0.0363745279610157,0.7697817852961191,0.6813662186533114,0.8308520984939131
2076,0.1586960107088089,0.6590749171128871,0.7029573964216793,0.6358051547382493
2077,0.0883539542555809,0.4414720641155539,0.018274857339836005,0.5750854474187368
2079,0.1377081274986267,0.6778532524719408,0.6429377254626414,0.7633406269054969
2081,0.1663457155227661,0.4201204608057114,0.05158758916456834,0.39771515496396975
2082,0.0649651437997818,0.4865713203868666,0.0332956634576815,0.5430907372421778
2083,0.03248222544789314,0.5259836448716904,0.17458728637238008,0.7577074310040904
2084,0.07522764801979065,0.8708636530311391,0.7985560655425415,0.8329699774062125
2086,0.10297290235757828,0.6895432493895159,0.38059382267288805,0.8012224726666427
2088,0.017854223027825356,0.5030298448806071,0.010645765083777124,0.28704771123712075
2089,0.049943313002586365,0.799884375533449,0.7884007997669673,0.8377157423119915
209,0.06834083795547485,0.7053009472633399,0.34805775002684985,0.7692802019640465
2093,0.1118873879313469,0.5577395221625115,0.242869068556114,0.6772135557302799
2094,0.15704400837421417,0.7624125585092141,0.4273890477304702,0.7314183697432366
2095,0.06335237622261047,0.6084556413778269,0.1929271192325226,0.620286449872572
2096,0.12742018699645996,0.7325521253238638,0.7122616320102061,0.6600028040555581
2098,0.1735348105430603,0.4347433350917248,0.19150636656371875,0.3248340050971034
2099,0.14960965514183044,0.6100134148579768,0.339923110309272,0.7044579755120202
21,0.07934027165174484,0.535357842618957,0.12740987907956036,0.7689275098709216
210,0.38527384400367737,0.48229007523245954,0.5488639956706765,0.42397121804834126
2100,0.11385314911603928,0.7890773527816248,0.7797477731587916,0.7519144499018698
2101,0.08132664114236832,0.7314639404368322,0.5316610717467689,0.7328514159314371
2102,0.126397967338562,0.7715929874467813,0.49485543635104146,0.7945940023472058
2103,0.045247770845890045,0.8514078793824831,0.852289732486248,0.9137370826153276
2104,0.10479549318552017,0.7027401659996689,0.46468906851722713,0.7672464495698181
2105,0.09243511408567429,0.779750613741339,0.7049687456345805,0.8381336739968666
2109,0.12006539851427078,0.6116209637311635,0.5024513179859371,0.5229763860841411
211,0.13154198229312897,0.4597594897470354,0.21033949869903176,0.3198092392820839
2110,0.11412057280540466,0.7719121797502995,0.751435632856798,0.7823860438216006
2111,0.12427721172571182,0.6101397421860636,0.30400205750141485,0.6263541647570365
2112,0.14341691136360168,0.5235364280312236,0.2525901471598313,0.678806576182742
2113,0.19730354845523834,0.6432652348016042,0.708933013291706,0.6220445018564084
2114,0.06245506927371025,0.8495825291396661,0.7744185726757427,0.8607658853133116
2115,0.05687549337744713,0.8431674022396118,0.6691938641852204,0.8614345045065853
2116,0.0965796560049057,0.5452399709489667,0.12709106029509368,0.6240771971932109
2117,0.04648204892873764,0.8502614774688657,0.5482427784767303,0.8587094557883523
2118,0.08790872246026993,0.8255778942292862,0.618174356548286,0.7993663796845244
2119,0.24070565402507782,0.3826594345335723,0.055095114761593685,0.25802294597562303
2120,0.08057741820812225,0.6700337129761578,0.1899316326596168,0.7098623521525959
2121,0.08217543363571167,0.4728605527099313,0.039174304563168554,0.3014191289099163
2122,0.35285064578056335,0.3368407429995656,0.1398792551909459,0.27820269549647086
2123,0.1220233142375946,0.42466817190414596,0.010268657990619233,0.2672059536196718
2125,0.04566830396652222,0.8876240455438089,0.7807716947262282,0.9179325546359526
2126,0.08675149083137512,0.8208214387968743,0.7300638400042527,0.880963107062835
2127,0.11670709401369095,0.5889801521753935,0.27048096531017396,0.7921012994525065
2128,0.07220600545406342,0.738732924922497,0.2612836171863079,0.6736834733836925
2129,0.053304512053728104,0.7688753383247424,0.6520583644009095,0.760349164694108
2130,0.03556828573346138,0.8104797320490806,0.5808495816485156,0.8571224009510975
2132,0.14295834302902222,0.7366035699242255,0.49774001285547087,0.6616062151108537
2133,0.08114814013242722,0.438431774390872,0.004939286546877055,0.743489833005726
2134,0.12274321913719177,0.44045908340945733,0.021962433893807375,0.25181114048561803
2135,0.0430067777633667,0.9012111375413495,0.7992217877491037,0.9348966091372558
2137,0.09604796767234802,0.7281433212381843,0.7351885622092229,0.7598661034382852
2138,0.10687173157930374,0.8339683936386291,0.7518625343611838,0.7640614563454875
214,0.1406421959400177,0.7857779606728844,0.6283673147539759,0.7954667215971889
2140,0.13362209498882294,0.608202310823482,0.5403164350220644,0.5592924232501975
2141,0.048697032034397125,0.9183371900284693,0.7693772782474414,0.9220850496348807
2143,0.21486961841583252,0.692506961268292,0.528917865777844,0.699517284381419
2144,0.12104868143796921,0.7334072263176468,0.3888636205961739,0.7333882460987711
2146,0.07954179495573044,0.8165647170141626,0.6444304120231893,0.8700001959109129
2147,0.07124524563550949,0.7758409930681722,0.5941902437360287,0.8827627742784783
2148,0.346720427274704,0.45074552677657975,0.5452621764937673,0.4175353514785963
2150,0.06380133330821991,0.8554328719147672,0.800323251310981,0.8598212355278368
2151,0.24136199057102203,0.5305920908074541,0.6573307205333043,0.5321850612468262
2152,0.0855254977941513,0.8119278663679146,0.612621289791012,0.86113017345208
2153,0.05315598100423813,0.7218157148927526,0.4453165875293288,0.8510712440105577
2154,0.03996577113866806,0.906517541107427,0.8760656066285616,0.9202576042633346
2155,0.03413451835513115,0.9147836325014731,0.8111350319669103,0.9442090979984246
2156,0.05807788297533989,0.8730014640709541,0.7480653856785838,0.8788958588354154
2157,0.0589444525539875,0.6775533161850338,0.43341271294353734,0.6482559534094985
2158,0.08006034046411514,0.5147020285066707,0.06077474086977278,0.39336902145211416
2159,0.05775399133563042,0.8891878242127508,0.8009815863139294,0.9088924524162671
216,0.11859326809644699,0.6195486658448592,0.4210446543612651,0.7490115865960457
2161,0.045893412083387375,0.567094355070411,0.1641282803613192,0.6980592225559267
2162,0.3987365663051605,0.49366032393639114,0.5774079819367739,0.41322150728265195
2163,0.10821595042943954,0.72992570525876,0.5687425282541285,0.8045400592482679
2164,0.07098826766014099,0.6871246310062882,0.3764512698278384,0.754318719696009
2165,0.08291924744844437,0.7647020920174985,0.665088536716182,0.6977887725337839
2166,0.049280330538749695,0.8805691754206153,0.8635538861805706,0.8889719277008747
2167,0.10584928095340729,0.6260846330241973,0.21608505880562914,0.5958872298803294
2168,0.08475186675786972,0.5507414848539283,0.19699821939138043,0.6440296851243681
2169,0.08785587549209595,0.7004395201139563,0.3028770012697813,0.7477087802609561
217,0.08083067834377289,0.6167591065398308,0.3706065641799903,0.6718348693836748
2171,0.07323335111141205,0.8600514041914702,0.7592709230810193,0.8684056006744109
2172,0.04660533368587494,0.8481754711277547,0.6922037619410728,0.8969592077949482
2173,0.027532976120710373,0.9494959429375549,0.8209209600575604,0.9519937136643855
2175,0.10580336302518845,0.730901367245487,0.4376251056951897,0.8103453068211248
2177,0.03114607185125351,0.8195099298084383,0.6896189896483537,0.7600898739541797
2178,0.10920785367488861,0.5593003694344766,0.27377818987795555,0.6116797318225533
2179,0.06252766400575638,0.8361983226972749,0.8215862105121015,0.8641080369479852
2180,0.17149387300014496,0.6450722487941053,0.6145310553419631,0.5777790897712309
2183,0.07182160019874573,0.7304594131179962,0.3301715319774246,0.8108503284533779
2184,0.1037813276052475,0.8018090860598199,0.7979259805224427,0.8123968545970475
2185,0.42391902208328247,0.4818882215196666,0.6931392928435272,0.4172375889135486
2186,0.10055512189865112,0.4980022722371886,0.16350882883371462,0.8333948248235294
2187,0.07219143211841583,0.8201899741209773,0.5512455248441934,0.8097894984542024
2188,0.14171217381954193,0.6815291802893664,0.412946616614338,0.7696878781610276
2189,0.041672483086586,0.8350779380997282,0.723455406675325,0.866913681522294
219,0.25926026701927185,0.450574756619257,0.38260466124309817,0.4046417007570833
2190,0.03770819306373596,0.8682670103763808,0.7402256917404612,0.9021829450671448
2191,0.056172654032707214,0.8610406534193564,0.8311868046199915,0.8917706568215175
2192,0.07369456440210342,0.5129247673304308,0.09483029459536638,0.5742905215128948
2194,0.01475896779447794,0.9359301199782888,0.812299521107928,0.9265109335320354
2195,0.05713498219847679,0.5768649071307327,0.11085102572705646,0.6582453488434254
2196,0.14945334196090698,0.6237747989977269,0.27393989127184104,0.738450214195036
2198,0.04414494335651398,0.8046155293349178,0.3328846604181264,0.7760913079401079
2199,0.05464773625135422,0.8192149062338716,0.5885789173306523,0.8846033866596743
220,0.12612400949001312,0.4230898474624575,0.004529686284674171,0.6639374009686894
2200,0.22831663489341736,0.49973011267969747,0.2091700476420244,0.6082759423744427
2201,0.07580644637346268,0.5191530475354019,0.12286507205789438,0.4921634120026478
2202,0.0734281837940216,0.8148079945093154,0.8473602150180902,0.8449323355953853
2204,0.10878550261259079,0.6284213916700334,0.4863006042798256,0.5705352294739763
2205,0.09123340994119644,0.8613998988834854,0.7407683477111899,0.841760993624497
2206,0.16171923279762268,0.5405468479832554,0.4759635373757197,0.5067973722055488
2207,0.18325065076351166,0.5793753830428758,0.3815107858025662,0.7284382932815712
2208,0.08559463918209076,0.679660412130219,0.28749556895527245,0.7812715487271984
2209,0.07087535411119461,0.8024371741747351,0.5214331479549241,0.798385877221464
221,0.08896065503358841,0.45445777468497206,0.02415759606737842,0.5024646787435783
2211,0.047424446791410446,0.863727506196194,0.7758729992701601,0.9142205834141678
2212,0.0781019777059555,0.7013132548618263,0.3433356143265018,0.8343516238714148
2213,0.03516676276922226,0.7383921170839065,0.3498654168746886,0.6591555240720164
2214,0.12412441521883011,0.7832551794542206,0.6311299603198288,0.7790528760217676
2215,0.10124043375253677,0.7712935575833391,0.6058522734396423,0.8768206857659975
2216,0.04118986800312996,0.8737050046115282,0.718999720381827,0.9304135408249004
2217,0.11849334090948105,0.6869658093175408,0.5761874703449632,0.6078383991550373
2218,0.07380889356136322,0.8601653636992588,0.7282882718878119,0.8493255355853839
2219,0.3239370286464691,0.3916452689662345,0.2828267099132391,0.3396015326556729
222,0.3028024435043335,0.3532881876361846,0.07930122201051762,0.2653056467047602
2220,0.07652683556079865,0.6486551557196691,0.24812288528190646,0.7513435494633959
2221,0.06336656957864761,0.8391613851172818,0.6749468973936984,0.9092113152948001
2222,0.10436724126338959,0.8228492022199023,0.7065103898315275,0.8097824576252296
2223,0.05323241651058197,0.6536722432233539,0.3040005890042666,0.6263315081208198
2226,0.03044755384325981,0.9217702710699702,0.76432145493441,0.9308614228792178
2227,0.06402744352817535,0.7626870550362761,0.35513967809897734,0.7815856810289842
2229,0.12133192270994186,0.7472237977005787,0.37730425813971546,0.7297518594909789
2230,0.11577676981687546,0.6218709109395573,0.5390109507782959,0.5681517419268138
2232,0.06336034089326859,0.8595127990177277,0.7873248661511815,0.8857602395490527
2233,0.074021115899086,0.4817441463676966,0.14850158297635635,0.30561079469556557
2234,0.041305460035800934,0.9041698951636241,0.7711060218941922,0.8761133618665743
2235,0.06350909173488617,0.7937544011397564,0.716123173718287,0.7934012533900603
2236,0.07901927828788757,0.7112171931625002,0.4482547240401218,0.8684870414381054
2237,0.04762832447886467,0.6906421286725416,0.4064469788715957,0.8851423201288
2238,0.18634295463562012,0.5160452875681442,0.15870066870545643,0.5646405498186611
2239,0.08074434846639633,0.6941992961688126,0.37815964796057255,0.8109153671910984
2240,0.08340868353843689,0.6655805543039609,0.25970674003364375,0.7065753674393465
2242,0.08134108781814575,0.7523001632056113,0.7029922727709074,0.776661135370265
2243,0.01930461823940277,0.8005693037533286,0.4363975901453718,0.8509261146486933
2244,0.15780945122241974,0.5128838944506735,0.08200252537081656,0.4351079192020403
2245,0.19989393651485443,0.6994190909237548,0.6447710746604766,0.6473209444921367
2246,0.07375086098909378,0.6949487083923682,0.669269249670313,0.6750763786923648
2247,0.06740599870681763,0.7246230023418222,0.6380837296633989,0.836170766911585
2248,0.08190857619047165,0.7851300060202632,0.5512165207286702,0.7909662187371733
2249,0.1459885686635971,0.7225987277459458,0.5986126767021333,0.6920384789572498
2250,0.13488177955150604,0.5414391447903555,0.24033279582783457,0.41409165113343105
2252,0.06774000078439713,0.6611447154462419,0.57856913780626,0.6040570213221559
2253,0.05704233795404434,0.9159220588839179,0.8091064897121246,0.8981752293584958
2254,0.12455976754426956,0.8132409225624864,0.8253413417143859,0.8109141945795938
2255,0.13118214905261993,0.5816454427981593,0.43370473067339516,0.6174166680533086
2256,0.059930477291345596,0.7158817511128481,0.6158303867407905,0.8149622840353564
2257,0.07655200362205505,0.5883694930393765,0.3695143359660276,0.5376316151201294
2258,0.11475509405136108,0.681208256367991,0.5331249596353854,0.7671950134335136
2259,0.07465299218893051,0.6316334345483671,0.3841065621179541,0.8778215991428651
226,0.13995832204818726,0.5679747631208325,0.39377583958688545,0.564911967942992
2260,0.10584026575088501,0.8558941333678376,0.7220431445632937,0.7959383535581748
2261,0.11099445819854736,0.5025599940198918,0.13656518602342033,0.5050939935860399
2263,0.15043513476848602,0.530598632073012,0.25054240789395094,0.7202042832645904
2264,0.0931398794054985,0.646623426800446,0.4822126632497812,0.6940825355237933
2265,0.19426029920578003,0.6646876681384025,0.7277342211359801,0.6551309613468008
2266,0.18723303079605103,0.4138764392934321,0.012202206774051146,0.48323133163217036
2267,0.08822266012430191,0.596049568302516,0.16909198738178025,0.6915864339793751
2268,0.03309471532702446,0.9350959676231007,0.7999482386888472,0.8975415292501892
2269,0.058489665389060974,0.8577947581602807,0.7552295182407177,0.8032576390952977
2270,0.09406720846891403,0.8157909523102764,0.5920390739938585,0.8383710437079742
2271,0.06978243589401245,0.8371751659373818,0.6699025223883116,0.8125006578613307
2272,0.08242815732955933,0.8486560156616714,0.738324381008999,0.8618190468864781
2273,0.03149885684251785,0.598764346444886,0.17308399846113437,0.5110317379403357
2274,0.1686667799949646,0.6892278204904443,0.6360273656280733,0.6201074156279365
2276,0.0978584811091423,0.707934590836059,0.6505715905076451,0.7543915681843665
2277,0.23270727694034576,0.6293394706158644,0.6952017699814437,0.5841490509042484
2279,0.06204412132501602,0.8535954990601073,0.6219799988156616,0.867621642905996
228,0.19278523325920105,0.4553577581746392,0.29821001491157434,0.3505402890119449
2280,0.10140500962734222,0.6167735788308645,0.38283520102967167,0.5236427451337027
2281,0.189862459897995,0.5273406195238489,0.353743023757659,0.5570910639265713
2282,0.16076284646987915,0.48798051628149824,0.17279732661178918,0.7446403538300809
2284,0.1040954664349556,0.5386230013432113,0.4490281115467433,0.5260844582779014
2285,0.36224815249443054,0.4795389639521991,0.5606978555706689,0.42257129872417865
2286,0.14970523118972778,0.7160169592572483,0.5872612946375196,0.7150543641385074
2287,0.12832726538181305,0.4351300408313327,0.03347554744733896,0.27964963600096937
2288,0.030161630362272263,0.7624375109343513,0.4439587044021703,0.8928505656409925
2289,0.16666445136070251,0.6022514938680281,0.5347661277931355,0.532455847625877
229,0.14363515377044678,0.8141401936788939,0.8010598782396375,0.7802629207776494
2290,0.05274752154946327,0.8575404565959426,0.6612845873650244,0.8614450908851907
2291,0.05578427016735077,0.9162129025179204,0.8295406679221133,0.9059089388654082
2293,0.11221052706241608,0.7887713792879121,0.532913963971371,0.7882268561226872
2294,0.041775330901145935,0.765247608321532,0.5104826646579567,0.8880106202132754
2295,0.06948602944612503,0.848813648473349,0.7133593134957251,0.886028853127852
2296,0.07627478986978531,0.640938589146626,0.5265689169576019,0.5665670758485701
2297,0.16199181973934174,0.648800487330373,0.5474549257861393,0.6981711737835503
2298,0.11882925778627396,0.7194545057659322,0.6559090408827919,0.7089736299762669
2299,0.030521905049681664,0.7772904062217743,0.411886619384639,0.8052724364925806
23,0.010835656896233559,0.543691322065384,0.04651632570862204,0.32422467566056024
230,0.29097792506217957,0.37846906788680623,0.07996982386199844,0.6123085079971085
2300,0.07230928540229797,0.7884744093330136,0.68730283690169,0.812768285814661
2301,0.08667637407779694,0.6118029676732506,0.24574509469961597,0.7465524938738284
2302,0.282095342874527,0.417702720732017,0.28985979979773807,0.4048453400749637
2303,0.0837707370519638,0.8644257391249396,0.7494697524938942,0.84640626929682
2305,0.06484121084213257,0.8819944306388436,0.7283826825845057,0.8875334049755556
2306,0.06578783690929413,0.7916248247136096,0.7801422167233905,0.8176227913050909
2307,0.08916723728179932,0.6808538094475893,0.5312569807794927,0.6507853604144354
2310,0.027459347620606422,0.9163129080894366,0.745048886389384,0.9224291187379159
2311,0.05124472826719284,0.7774743694175783,0.5561353169714358,0.8918427737164927
2312,0.10692288726568222,0.7844326564403236,0.8515658679733438,0.8144933361224892
2313,0.23811842501163483,0.4194658961400414,0.24342864689786678,0.4270969390212188
2314,0.14381006360054016,0.6324630416429362,0.37121544387234906,0.7721658857048843
2316,0.16049011051654816,0.7303173194984207,0.5828761563708433,0.6805720326505864
2317,0.094630166888237,0.48060306481792137,0.06462331543712256,0.7530079128171745
2318,0.11632183939218521,0.53421196097491,0.11387014377255192,0.599541188154579
2319,0.08671768009662628,0.4776113261549921,0.08890998196500396,0.3091159986445674
232,0.12756186723709106,0.5842697961443193,0.5624642668820744,0.5587097651469289
2320,0.03703102096915245,0.580969309479104,0.46842825091567014,0.6074778038012385
2321,0.10157136619091034,0.721867750072315,0.42332099974200693,0.791214945598395
2322,0.09170335531234741,0.5581220259047133,0.23335084913004658,0.7134705669333239
2323,0.04387795925140381,0.6098196321963931,0.1569795079734066,0.7786444504891512
2324,0.03839265555143356,0.8832064968022235,0.7260024668785446,0.8790166780620348
2325,0.09335959702730179,0.8502894998164255,0.6484770936924885,0.850184528870549
2326,0.08313903212547302,0.8040626286890933,0.7270686014943915,0.7519930041526555
2327,0.18595652282238007,0.576557195088214,0.60571116078739,0.5544550827776044
2328,0.1772950291633606,0.45681976120684586,0.13950066181733978,0.5532916919238728
2329,0.13022065162658691,0.6390556787492563,0.4179927952275399,0.608035659726744
233,0.20190908014774323,0.523746201903392,0.3279647838078405,0.43880359006137226
2330,0.06100961193442345,0.6718616921233611,0.28028636658468153,0.7148208699665569
2331,0.07863347232341766,0.5022828209469873,0.08936112180855305,0.5817753043698186
2332,0.12192033231258392,0.8273393225047807,0.8575299897769233,0.8093652156704714
2333,0.11120923608541489,0.6632704205246422,0.19598908717582736,0.6146327005593373
2334,0.2752346098423004,0.46407942693524135,0.3946823333371204,0.3796582127519352
2335,0.09100014716386795,0.6155377448177582,0.4317716730575711,0.5344387315800678
2336,0.1715938150882721,0.7321418565810429,0.7836395836624631,0.7086495422149848
2337,0.09519866853952408,0.7538880395847678,0.747154730616481,0.7602113971950715
2338,0.04928337037563324,0.8102489030812673,0.7131814680504779,0.8885764032862089
2339,0.12267385423183441,0.7610379320715399,0.7103894248452925,0.7961044537699569
2340,0.06947203725576401,0.6835836413574043,0.31729102951377586,0.770339777327691
2341,0.1750296950340271,0.6638595603152551,0.6605604011408944,0.7446857201640432
2342,0.07674489170312881,0.6774545875532263,0.40583025526126765,0.6521717152358947
2343,0.09839681535959244,0.8677178449174194,0.7118110792970136,0.7997284527079702
2344,0.08614601939916611,0.8776731883995283,0.821284349330868,0.8745668554442545
2345,0.19049805402755737,0.6832858489585629,0.7529882687006443,0.6460685825115857
2346,0.04595930874347687,0.8702081064534999,0.7332424152054767,0.9248150041286374
2347,0.12141034007072449,0.4432282923774623,0.037042234544543105,0.6336998835907498
2348,0.10159722715616226,0.822897627933141,0.7920048148658453,0.8044686634669562
2349,0.13595576584339142,0.6354433568430939,0.2357914772412219,0.6768686619316697
235,0.06121101975440979,0.49355932557953897,0.04559962487881125,0.6174204581879708
2350,0.08431559056043625,0.7861162553845967,0.7055047924282729,0.7786481104066536
2351,0.15107063949108124,0.600030645442081,0.5333741029652254,0.5062926401952219
2352,0.1162274107336998,0.6096851397912185,0.3384260085845155,0.7829069615588897
2353,0.06313744932413101,0.784509635757944,0.6094186729261721,0.8286538318038226
2354,0.11664701998233795,0.5028708673821872,0.14893710569883534,0.7723529008358315
2355,0.042292892932891846,0.5161900239652321,0.0641215661703148,0.32695347430273103
2357,0.09146475046873093,0.7876419697680566,0.5919422241191977,0.8005544326827416
2358,0.16016775369644165,0.4359509545611886,0.15089881984100484,0.3044269732664843
2359,0.1875540316104889,0.5457127102710615,0.4438223997059592,0.4404760999312034
236,0.04948734864592552,0.5525260466093433,0.11700906291093226,0.43013151189399146
2361,0.11649609357118607,0.5008378326529399,0.1375074259615873,0.7826435656842983
2362,0.03992285951972008,0.8158066875191459,0.4674950734072158,0.7696793576061102
2363,0.06616666913032532,0.6900130943188408,0.4255204614657091,0.8666773184359016
2364,0.09075570851564407,0.6372776952616362,0.2677919765544241,0.7648794195919864
2365,0.047595202922821045,0.7541039761168006,0.42544478054237334,0.6639673454600197
2366,0.052406422793865204,0.8156191619783746,0.5641773394680561,0.8798727143164913
2367,0.10033643990755081,0.710175536599507,0.49239488790004865,0.6648143075486499
2368,0.1181475967168808,0.6494587175085599,0.493259898768056,0.8308118495046031
2372,0.029692472890019417,0.9144293617118194,0.7557733570158668,0.9391990985721783
2373,0.11829499155282974,0.8273274362836611,0.8506736735582078,0.8189357354140714
2374,0.10286445170640945,0.694254288732925,0.404294030623161,0.8013488641576226
2375,0.38674965500831604,0.5044920427831973,0.5595845602572584,0.39641811878448335
2376,0.14093655347824097,0.6568193026860176,0.3097857348000913,0.7393328828496921
2377,0.04881298542022705,0.859617553033152,0.6171558153077099,0.8953557995483497
2378,0.10104398429393768,0.5299972503212412,0.1800900191543011,0.6287314332648053
2379,0.1470884084701538,0.7226425835479197,0.5397228824492257,0.6726560523507739
238,0.45410284399986267,0.48462712458778123,0.6692023024538107,0.3817281495715829
2380,0.048403043299913406,0.7903360379908786,0.5993708182409582,0.8773611915191531
2381,0.06340152770280838,0.9081937896837056,0.8407568233439742,0.8791121880350089
2382,0.13785453140735626,0.6149878540632656,0.5622216766714682,0.6172477534666907
2383,0.0902746170759201,0.6829199431091688,0.2565412634770292,0.6799950898099455
2384,0.05022163689136505,0.6448746388003761,0.22620944693737063,0.7488914125850975
2385,0.07235601544380188,0.81321248571085,0.6615268855644099,0.8819725468570149
2386,0.0739499107003212,0.7314308979479649,0.3924454804310425,0.5957969262780247
2387,0.07822290807962418,0.5213181179961117,0.04484904037484132,0.37354175016492247
2388,0.0837128534913063,0.7442179063575597,0.7091219652134642,0.7674021969872197
2391,0.1147504448890686,0.7999957966827669,0.6940572894326561,0.8140472316804184
2393,0.09931512176990509,0.650820957055429,0.4369751108468206,0.7284611459721061
2394,0.04753812402486801,0.8796369797594672,0.8708187032294489,0.8960633985809217
2395,0.16263729333877563,0.6804001731911463,0.7208039554850656,0.6584277592416548
2396,0.05192680284380913,0.6538556426466825,0.2372214802733746,0.7279692521895476
2397,0.1558840423822403,0.4442474941373089,0.10117686981161403,0.6874908241058806
2398,0.09713009744882584,0.6448314920290243,0.22056037210866097,0.6412889841878834
2399,0.0391630195081234,0.8403310834000006,0.5652826614643038,0.9037716510713112
24,0.08741813153028488,0.5757006095668453,0.20300895131415922,0.6508125254021595
240,0.1589968353509903,0.5476918793589689,0.42585769330487994,0.4158224069469801
2400,0.06313608586788177,0.8210640856760755,0.5719497247594459,0.8555270952380174
2401,0.06638184934854507,0.7540241761927272,0.379324228623178,0.821309909372383
2402,0.11144722253084183,0.6759351904375193,0.5874356620423966,0.7065569832101188
2403,0.03659050911664963,0.7516261314201356,0.32278304276022945,0.8056000217809376
2404,0.05992807820439339,0.857931184601939,0.7602099420332494,0.8654789659373268
2405,0.19192111492156982,0.4809343198525686,0.3860991017917691,0.3968898841179769
2406,0.01976448856294155,0.7757888358972551,0.3139939518689098,0.7567448214404853
2408,0.06462742388248444,0.7777082046359949,0.6760149830741823,0.7959365424485276
2409,0.07081720232963562,0.8778929741377937,0.8481591538384221,0.8691386688026305
241,0.05359422042965889,0.4608668023626055,0.004977357519489799,0.7159690476793963
2410,0.11660243570804596,0.7725680477673593,0.7240203537286231,0.776846098090647
2411,0.3816750645637512,0.4126286303975514,0.38736463805482746,0.3465273658411161
2412,0.05301312357187271,0.8933426915055225,0.7653347428691809,0.9120939942245908
2413,0.06259211152791977,0.4736505370225254,0.045234472024467315,0.25868672049848473
2414,0.20474988222122192,0.6661681008783902,0.6402597010961447,0.5991923503564228
2415,0.10554531961679459,0.7658860680825801,0.7409564364706064,0.7537439890802039
2417,0.20079094171524048,0.4449949967972198,0.2072368346509515,0.480862019178317
2419,0.1354803442955017,0.5834986468589896,0.3770840803499898,0.6725616158119356
242,0.17755775153636932,0.6529754726130218,0.6917635375441746,0.6376128622044765
2420,0.07108250260353088,0.8697935508454326,0.8115347481541844,0.8724711850642792
2422,0.02591443993151188,0.8180909768709163,0.6860431512483661,0.8851584288628218
2423,0.2586515545845032,0.44555195931421987,0.2721018000935013,0.32921423014713685
2424,0.15261884033679962,0.45089666391062455,0.21042082461240544,0.31512229026051936
2425,0.31281569600105286,0.5941483607036921,0.7473037732760355,0.5466519672747714
2426,0.17492082715034485,0.7082569197073401,0.663504309997296,0.7397929103329276
2428,0.18025647103786469,0.43598009934156456,0.2137816123479402,0.3098082864934456
243,0.3219515383243561,0.42959041033660617,0.46266483199398256,0.38728781377317895
2431,0.04275055602192879,0.8459377898949945,0.6287550619308391,0.8977656195667676
2433,0.09452641010284424,0.4618234000055141,0.10750254414507374,0.28300860563977714
2434,0.08527883887290955,0.7236060280959601,0.3910908074028523,0.8049133206588702
2435,0.18607911467552185,0.749869772771061,0.79358283550575,0.6809460695281226
2436,0.07422757148742676,0.6038366813344634,0.21893722098675142,0.689661477321857
2437,0.23194919526576996,0.4243781054023348,0.18065846080091955,0.3974981913300254
244,0.1318303495645523,0.6466012838344901,0.41205685329072,0.7960045376570949
2441,0.06994529813528061,0.9181237055686284,0.7574348426533205,0.8756835302813483
2442,0.1335420161485672,0.658124364848633,0.5574386205976896,0.5628086614595427
2445,0.07287758588790894,0.872274247647324,0.7966267147006088,0.8694664858123078
2446,0.1517600268125534,0.7258173397819475,0.740895731297244,0.7114818796052275
2449,0.5165817141532898,0.24316060220152702,0.028151595362823727,0.25076322971571874
245,0.1163378581404686,0.46728541539653473,0.2322282278030218,0.35322999399155824
2450,0.34608766436576843,0.33723268599131323,0.11699667579919691,0.2728628069590281
2451,0.11435218155384064,0.5897104649327275,0.429906181160333,0.4760801390880128
2452,0.08366133272647858,0.7951715012087108,0.40521871181754754,0.7480870654100004
2453,0.28612780570983887,0.5775125458008101,0.6506732551593836,0.5188487853920207
2454,0.12703275680541992,0.7608031562140338,0.6183475046852869,0.7257474217388713
2456,0.13176192343235016,0.6936754824700818,0.5131897886451978,0.7475663967745924
2457,0.06250870227813721,0.8535663702656824,0.8341115634023629,0.8661280719486275
2458,0.08513642102479935,0.8523354950754076,0.686530152430185,0.8784505925331986
2459,0.140670046210289,0.7379992351368732,0.5787751440923006,0.6553739596019926
2460,0.24424482882022858,0.5957359233244955,0.7017393210468672,0.568655953797397
2462,0.28188034892082214,0.36139785471808383,0.038245421977538656,0.25387998115883587
2464,0.039977893233299255,0.7172767483762367,0.22043789745406986,0.6444430528590728
2465,0.2292526662349701,0.653789427425948,0.7128521475726817,0.5804742850528193
2467,0.19980429112911224,0.5850849333667255,0.6150377175149911,0.5429827193856598
2468,0.1856730878353119,0.5889156816166428,0.3210491731568633,0.7717987772763304
2469,0.04486095905303955,0.8487298080139947,0.6522804971367284,0.8707707661220674
2470,0.1360243707895279,0.6020516064629442,0.17448295420077461,0.5725918500015983
2471,0.5082123875617981,0.3779560545775612,0.4950952291143402,0.322171578168857
2473,0.14259150624275208,0.7792348521970991,0.8068488243479598,0.764243901205514
2474,0.2623509168624878,0.3734120716521651,0.07054691207718526,0.26196834433375704
2475,0.08468151092529297,0.8508559864696379,0.6511817904237136,0.8293194521854539
2476,0.14390341937541962,0.7596145871778027,0.7673878025434557,0.7398682079328136
2477,0.06805677711963654,0.8916193999011771,0.6659672620942095,0.86491254631576
2478,0.09554784744977951,0.7291139248547525,0.5094675915301764,0.72825717623159
2479,0.21941545605659485,0.40679451653630194,0.14421621525657735,0.28306430946509814
2480,0.06757307797670364,0.8782514872522513,0.7666211406018654,0.8572655911204944
2482,0.20074129104614258,0.40347457628090594,0.05847885722367102,0.2591446554278446
2483,0.06385207921266556,0.8646779790232385,0.8000263395125661,0.8634269246098557
2484,0.04998132959008217,0.8688074619003434,0.5900238543367654,0.8563470968881309
2486,0.11110825836658478,0.7753678230292942,0.7319456766864578,0.8328005874621969
2487,0.14171060919761658,0.6383898710939159,0.47089827654811917,0.5020350763711091
2488,0.20441019535064697,0.6274230424569837,0.5851290449818016,0.5328135014572897
2489,0.23392097651958466,0.5471031405889782,0.4773504126683658,0.5160413890628455
249,0.12326766550540924,0.6287910882581486,0.20057676160972657,0.5721362140122616
2490,0.14115668833255768,0.4857601034588376,0.2449888153129213,0.3402318914163044
2491,0.11165527999401093,0.7302676680672882,0.5019363607890887,0.7771974744244541
2492,0.1825549602508545,0.4113049968802602,0.04161401238005989,0.2564925727257866
2495,0.25139138102531433,0.44425879664484164,0.3652182304902081,0.39175999906537057
2496,0.12251163274049759,0.5329794170416872,0.3663077953950336,0.3944773479178523
2497,0.07274063676595688,0.8630477597598502,0.7882085704982478,0.9007270506357081
2498,0.028816495090723038,0.5180228173044007,0.19401683388216598,0.46215226104923823
25,0.6317705512046814,0.2867657269785955,0.44159287293797356,0.25689381258468424
2500,0.10142926126718521,0.8236349525996949,0.6073350685463197,0.7620891629135743
2502,0.1297537088394165,0.7189310711814177,0.6864843056230465,0.7384492199962023
2503,0.15006518363952637,0.4346560122204418,0.11693692382511228,0.27804531594631066
2504,0.10554683208465576,0.6614468537359074,0.5855950359768735,0.6101652674029638
2506,0.08639881759881973,0.8029159050766959,0.6156364426180218,0.7679445922619508
251,0.13377054035663605,0.5876113657280042,0.5383480999858811,0.5056586697426004
2515,0.20989544689655304,0.6713957180243209,0.6647664276723028,0.628510873893397
2522,0.12723375856876373,0.49319021122679274,0.09836359930428408,0.6818175623957472
2528,0.09897397458553314,0.7771964288450947,0.41807939833900787,0.7809576935422289
253,0.05943929776549339,0.8251408374975571,0.5750575706642972,0.8731919418471197
2530,0.03166621923446655,0.9327892557780761,0.8076206447239885,0.897898255144816
2531,0.20053605735301971,0.6162280191283958,0.25570315398433,0.6536270812521526
2532,0.2866579592227936,0.4473234947888441,0.12851001221261327,0.6002956139731611
2533,0.0675625130534172,0.841017272877336,0.5599364553535678,0.8414513593214216
2534,0.12925171852111816,0.7804270506032769,0.6653915190227765,0.7915971117218867
2535,0.16437476873397827,0.7235358196968067,0.7156368884391069,0.7206472681723564
2536,0.0975516140460968,0.4641953392959127,0.08897940708592302,0.2907148179721165
2539,0.11871027201414108,0.8348335400411531,0.6331359387836922,0.8210236395581816
254,0.2910706698894501,0.35828657313642354,0.05875248101318893,0.2594611797465066
2540,0.10384820401668549,0.8526864570832416,0.7903579092655838,0.8552194114085894
2541,0.11218295246362686,0.8201769440685218,0.7957419737502477,0.7976745629067595
2542,0.27005383372306824,0.5910235268790911,0.7289489104629717,0.5751388902281869
2543,0.15703198313713074,0.44551712062302545,0.1993908922914632,0.3114605307582079
2544,0.09060695767402649,0.46348251851356653,0.09247315054187598,0.27413555677900403
2545,0.08258460462093353,0.8023232920222996,0.5360854918332703,0.8349118330783687
2547,0.04520680010318756,0.8831347366996856,0.6944931096943222,0.9002156397226702
2548,0.29975244402885437,0.5326733775149267,0.6517055300499255,0.5057776066405761
2549,0.06981303542852402,0.532986744160617,0.08642187839547666,0.8018044661325942
255,0.036721840500831604,0.8978938337155328,0.7057249193965399,0.9151768314359955
2550,0.09850125014781952,0.8124080841386464,0.6732323217980855,0.8336171302189237
2551,0.15082043409347534,0.7780615159005333,0.8187633979349891,0.7684170397964567
2552,0.08623208850622177,0.5020155980204346,0.20467247972050992,0.34901563679354053
2553,0.06966092437505722,0.5646375400976442,0.19681938020915235,0.561241374206952
2554,0.09965629130601883,0.7229232691629779,0.4104121800729181,0.7967932924851697
2555,0.24755741655826569,0.3977408086670275,0.23006109610197584,0.30844664173702296
2557,0.10892312228679657,0.48044522792794475,0.12207645585036273,0.34525039262113266
2558,0.09859925508499146,0.826360291116,0.6335313861432109,0.8286957594312133
2559,0.0726039856672287,0.7031664315294235,0.40593459187553127,0.8268479928433348
256,0.15174245834350586,0.5636701075947592,0.4557425984486938,0.7501174333275715
2560,0.29091790318489075,0.5197538296998672,0.6260000759308162,0.4920477679487287
2561,0.1259525716304779,0.6166804191185227,0.3433452852079372,0.790881233893818
2562,0.1015404462814331,0.46790945007069545,0.13298462091250696,0.3182181248793199
2564,0.16829398274421692,0.6939158700274999,0.6546509221075062,0.7020984390678345
2565,0.08785630762577057,0.6263728557716193,0.17231562935194425,0.7720348000597994
2567,0.13382764160633087,0.6320439776920839,0.2776492392708519,0.6537040212264701
2568,0.05324225127696991,0.5761493011410883,0.299945170829794,0.47571499441371773
2569,0.18646058440208435,0.7445823409740371,0.6009726982977797,0.7481487143171341
257,0.14893068373203278,0.787312541445754,0.8334784431521131,0.7584573164637551
2570,0.04474762827157974,0.8683939148258227,0.5809063781131071,0.884358763572805
2571,0.1565786600112915,0.6844747286926507,0.6725559636131496,0.6311179433872206
2572,0.14468593895435333,0.5976803483406796,0.38785580464428426,0.5606502522229365
2573,0.22765524685382843,0.5451105804398974,0.4704107800731997,0.4678241915673431
2574,0.15318503975868225,0.7433370355668902,0.5844561031861286,0.7657622553363799
2575,0.06355439871549606,0.9180648299550631,0.6892205771917831,0.8647658105701318
2577,0.0726231187582016,0.8006060085430431,0.48764814756669433,0.8238597417684275
2579,0.07175160199403763,0.7652410272334091,0.433211139649869,0.7199046842846211
2581,0.2522481083869934,0.5832038370336603,0.6372997689994493,0.5609782812719357
2582,0.0712314173579216,0.6590444734649409,0.4119818474894443,0.8626464762544408
2585,0.09699615091085434,0.48047895502562304,0.09600402866481778,0.3221772183792052
2586,0.13159134984016418,0.6939258565817228,0.691398126237919,0.6560954497389487
2587,0.06352061033248901,0.7078122820193101,0.5410809644798825,0.6260223411351715
2588,0.054094720631837845,0.818896222294057,0.5035429072243238,0.7154537062803669
2589,0.20675083994865417,0.40280525926172595,0.11473379877917408,0.28847964938003023
2590,0.14670777320861816,0.7033159080274811,0.5739494552485608,0.7722734960925237
2591,0.0717044547200203,0.8583529254112398,0.711450401503428,0.827549836269913
2592,0.0769520103931427,0.5380019499066131,0.12986456964920637,0.7067547541560849
2593,0.06366939097642899,0.8640606308051036,0.6317797770991345,0.8826880981901446
2594,0.1426093727350235,0.5273716020497636,0.17936055965175265,0.6614623754958958
2595,0.24976767599582672,0.6072200619781611,0.6924863828032979,0.577309725631372
2596,0.08309680223464966,0.8552676921333933,0.7323838618528277,0.8142430565715638
2597,0.718835711479187,0.14743516577521387,0.09148084807771575,0.2520581623808566
2598,0.20995493233203888,0.49163245190278093,0.4311124032511634,0.42819041008515707
26,0.3984648585319519,0.48623695609516876,0.4683338405340368,0.4394206919340926
260,0.11090710759162903,0.4261878077798555,0.005648293917878801,0.664085173741259
2601,0.056696996092796326,0.7566877586460454,0.5123579623568592,0.8667821966503222
2602,0.3032490611076355,0.36042621522123913,0.15864851352266393,0.2855651905592422
2605,0.11624784767627716,0.681658685174357,0.2946601815652315,0.7245929411636426
2608,0.2067582756280899,0.5761411856216181,0.5386547344127032,0.5057632821867741
2609,0.10267886519432068,0.7923210741469796,0.5319992741918406,0.84174496839808
261,0.25792741775512695,0.41660879593560296,0.19872980347363223,0.3356070536021396
2610,0.2446557730436325,0.5729197994989776,0.648276217254135,0.5243341252303874
2611,0.19369670748710632,0.4471890543202074,0.023862449812653258,0.34895143525902317
2612,0.17313691973686218,0.6411347456529181,0.6082209228001942,0.5796914015978893
2614,0.0842796266078949,0.8422628159953591,0.4956296581342783,0.8181280622175765
2615,0.0520455427467823,0.7579653645334622,0.4129686229710887,0.7518697154876176
2616,0.1940193623304367,0.40584320919750266,0.043270032967440177,0.25844591878814727
2617,0.22230765223503113,0.6875615747091823,0.6631403791379923,0.6896172962714191
2619,0.08101952075958252,0.5605175087727752,0.12284694836787612,0.5194312862710946
2621,0.055260226130485535,0.5286344441115054,0.15720949922327887,0.3306930276204044
2622,0.10291994363069534,0.6485879125767305,0.26953139272279775,0.7071525848638991
2623,0.18560080230236053,0.7738315790417405,0.8126205660126735,0.7327276705919876
2624,0.20133866369724274,0.6188890393146192,0.5209600188980261,0.6370191578241959
2625,0.13520705699920654,0.7018684992898493,0.5046358019875681,0.7050614655686956
2626,0.16369254887104034,0.4212742484470504,0.04700356036335842,0.25627233163585295
2628,0.06588862091302872,0.9084914027088118,0.7367278897257796,0.8749364740668428
263,0.1664852648973465,0.44569818455484655,0.13032250839302556,0.5804335320646974
2630,0.12157667428255081,0.7241355730778847,0.3601321855219143,0.7048933107499742
2631,0.10261307656764984,0.8563479479084437,0.7103632076258285,0.8433363055734884
2633,0.11902374774217606,0.5706809282876101,0.2223416219633889,0.7895347916749624
2634,0.09573329240083694,0.44246061327153396,0.033181871011566125,0.3731444555418427
2636,0.06225617229938507,0.661668339258568,0.3671791297389136,0.7344890043724513
2637,0.21099688112735748,0.596003024412588,0.41418787393375284,0.643075308375269
2638,0.21558545529842377,0.7166635235523898,0.8138368595500168,0.6828950098397017
2639,0.16451944410800934,0.7121050653065002,0.7665513706088994,0.7180323786207906
264,0.01865379326045513,0.5236183159729785,0.048240312896036565,0.6194890549996894
2640,0.0900619775056839,0.5169144715641567,0.14894251726203897,0.7203154433614379
2641,0.20143809914588928,0.7104764721350411,0.792113244031294,0.6797379378312295
2643,0.44817203283309937,0.3953259774468041,0.5411920671381824,0.35786241225085386
2645,0.06213222071528435,0.6274392995390308,0.3218524232588442,0.5315855203518967
2646,0.20140080153942108,0.42562003481351673,0.24451417469888978,0.3149704629082605
2647,0.24002499878406525,0.5184270669513628,0.5449960972389151,0.4656273671685409
2648,0.08338859677314758,0.63269563706702,0.19556346496943997,0.7441596495572385
2649,0.14576850831508636,0.7616852705062167,0.6510236323842176,0.7716741549640749
2650,0.1407688409090042,0.4319772738858617,0.0318266462216698,0.2539111503083725
2651,0.05428053066134453,0.7267739229304101,0.34218090488270897,0.558909194928419
2652,0.20749689638614655,0.43164742903725556,0.32061747060380424,0.351796040485119
2653,0.11873476952314377,0.6507253570903603,0.4340727798126548,0.6444839253660011
2655,0.147354394197464,0.4417026421024737,0.10534962683415092,0.29461475646145063
2656,0.16509762406349182,0.4291671299265531,0.1613833350300949,0.2905724484275881
2657,0.18038448691368103,0.44197925731206666,0.13286624005326234,0.7455406729596841
2658,0.1493290215730667,0.7196830774460858,0.5550202927959624,0.6999289685925403
2659,0.18237604200839996,0.7011214956364591,0.6810655477259261,0.6627800575961669
2660,0.29410576820373535,0.4517466548101667,0.42116347425055173,0.383332957694399
2661,0.10795591026544571,0.7125496521749659,0.3730664751890527,0.7307607718241497
2662,0.3546738028526306,0.3247351962625767,0.026552468483044097,0.25331615667606866
2663,0.12121528387069702,0.7329311570116592,0.3688396133868679,0.7240364471280683
2664,0.17816364765167236,0.5246353077933443,0.26567972724370414,0.6899342444999865
2665,0.1960238814353943,0.730789652213514,0.7133443009484757,0.6473364501278385
2666,0.15913139283657074,0.6865264446306986,0.6659169979356828,0.6928909940125864
2667,0.13771700859069824,0.7365890302935125,0.6560109382826683,0.6914707437399106
2668,0.09695654362440109,0.5814706430969218,0.14961721215285773,0.6728918264572752
2669,0.20508983731269836,0.48717771375144175,0.2125109001370244,0.6096655739391553
2670,0.24920491874217987,0.4846669452997051,0.49560936656182986,0.4288295636474652
2673,0.15835872292518616,0.45420904865532175,0.12171320208021123,0.5652596051473405
2674,0.06899978965520859,0.8002801053078897,0.39543245495417045,0.7716403259201914
2675,0.07230810075998306,0.7550726891780059,0.4668517226074849,0.8322682540558585
2676,0.1260998249053955,0.5968387855544923,0.4274837795295806,0.47276855450447597
2678,0.6453935503959656,0.31099907407615934,0.6245162657234218,0.1827286848727399
2679,0.35675936937332153,0.32378106399945594,0.039065924870580596,0.25324069214220335
2680,0.11045888066291809,0.7982283764869305,0.47429486201986204,0.7882952484189898
2681,0.28418266773223877,0.3643312547829223,0.08934442547180795,0.2662264471703045
2682,0.1390002816915512,0.6864549745990789,0.5267613960024567,0.5726938809117241
2683,0.1521579921245575,0.7499666794169244,0.7937381017385897,0.7491882610835853
2684,0.19509495794773102,0.5988820742843421,0.588653023332325,0.533119534756481
2685,0.28132978081703186,0.5196625018029192,0.6019263814391007,0.4789725525214718
2686,0.1642094850540161,0.7872599508421301,0.8034858529283758,0.7223724218910998
2687,0.24323643743991852,0.38733032176595067,0.1287047379570292,0.2797351511347519
2688,0.12897388637065887,0.43669476150050063,0.06474221414652837,0.5397069171565034
2689,0.19089843332767487,0.7372698593969302,0.7873733640708929,0.7047147002652472
2690,0.13286758959293365,0.6805247098728746,0.4535192205687936,0.7333342787654129
2691,0.056743916124105453,0.4751376459050114,0.042331365973220014,0.2579408163381611
2692,0.06951075792312622,0.9068128609290442,0.8208779885397107,0.8845478426641327
2693,0.07021797448396683,0.7210432966896045,0.4232227690451431,0.6724929020363328
2694,0.09084074199199677,0.7873949315491191,0.584024944273967,0.7836707634585284
2695,0.16841985285282135,0.7195844561866103,0.42151080657134243,0.7107647137910881
2696,0.1856994479894638,0.410605709484321,0.0455078996352587,0.2624879593054743
2697,0.27300989627838135,0.3888660789994911,0.23393449943658107,0.3180761836399605
2698,0.0367669016122818,0.5387457309757585,0.1675782208357922,0.3468738589933008
2699,0.4031503200531006,0.4302269790788539,0.4685266454349092,0.35726057664523814
2700,0.06763992458581924,0.6618045617401631,0.3312068555896277,0.6445006293095822
2701,0.20017607510089874,0.6086642806819209,0.5915918896297717,0.5426374424711424
2702,0.06576123088598251,0.7562340892511693,0.4108465004085942,0.8328171200390903
2703,0.1453462690114975,0.5602451153284651,0.42616405827924775,0.4507433575914203
2705,0.10851522535085678,0.6874930149789945,0.6341614707164411,0.6543577611797128
2707,0.11617525666952133,0.6695727996386012,0.6655121215361418,0.6982290852740581
2708,0.11455754190683365,0.8811065460961545,0.8084436392114757,0.7945478584008148
2709,0.07770051807165146,0.8271715775985271,0.6783558279395951,0.8435502038095622
2710,0.11827956140041351,0.5915162534499587,0.37238915646809995,0.6236051228696639
2712,0.08579038828611374,0.658882590432898,0.5204582300509587,0.6179969185223438
2713,0.3114135265350342,0.35599191857707396,0.13734382802531733,0.27909150123960763
2715,0.06686921417713165,0.6143985473533514,0.34382437852912445,0.5408905890288686
2716,0.09757637232542038,0.5953609993463335,0.44949548880102347,0.6370724344462092
2719,0.043160274624824524,0.725646426260247,0.38003610322522313,0.769772760622969
2720,0.21992149949073792,0.6450717975294258,0.729506175383765,0.6259234292165168
2721,0.345272421836853,0.39944295767107174,0.4175304912256838,0.36616861791190725
2722,0.047599777579307556,0.8156497420021942,0.4186032391044122,0.8088879154801419
2724,0.11064916849136353,0.7332829574001738,0.6089797656280305,0.7277937021733781
2725,0.04308696463704109,0.7682052363101326,0.49296290705487295,0.8356688886809883
2727,0.06156841292977333,0.7929888445368791,0.3909606532370088,0.7639355908759695
2728,0.09244831651449203,0.8059128485651266,0.6404058301414312,0.7680753508517498
273,0.2094617336988449,0.6124065133126961,0.6329504751964148,0.5721740431157694
2730,0.042877648025751114,0.7298935655077827,0.4132346568506092,0.8668675080514949
2731,0.13217702507972717,0.5011061640636624,0.2736428066926345,0.45265655273472694
2732,0.0622088797390461,0.7381363678626605,0.5403301921192974,0.8206231607523259
2733,0.12499344348907471,0.5666748309087606,0.4919842150852697,0.5317811839247313
2734,0.04586558789014816,0.768162126640269,0.5370852954088181,0.8394243699751003
2735,0.017449598759412766,0.6176434896975664,0.29405041826391565,0.5047531368001565
2736,0.15490293502807617,0.7777177422260553,0.8284117906615196,0.7625826522422019
2737,0.07098139077425003,0.5658069901158396,0.13578801054606682,0.36380378853151263
2738,0.04685644432902336,0.5337132422586208,0.11354172496515778,0.7588286179482153
2740,0.12632401287555695,0.443867783081441,0.11132553145876259,0.28343117320846606
2741,0.16889894008636475,0.48954361420142123,0.17290815067597762,0.5379794784689192
2742,0.0908832922577858,0.7569578517784595,0.6843632484462824,0.68769270519683
2744,0.09702334553003311,0.4559683134741342,0.05160992752814915,0.7080426369086164
2745,0.029716208577156067,0.9248157597859799,0.7718235035520274,0.8743894828425185
2746,0.10608123242855072,0.42297164349048566,0.009019901087717844,0.8129175270449552
2748,0.16650782525539398,0.4836998470965551,0.3222352136251065,0.37855900039347884
2749,0.07981518656015396,0.5643346507010312,0.22984060233126613,0.6205131858377604
2750,0.06217075139284134,0.5630304919766546,0.14808402426241127,0.6763353442571105
2752,0.05667290464043617,0.8350279382974768,0.7403184905242776,0.8541045248214587
2754,0.07444863021373749,0.52959619272398,0.1553234186882068,0.7211114846069488
2755,0.11366280913352966,0.6763080222794304,0.30338382912604656,0.7311105497925783
2757,0.159977525472641,0.6141417127814002,0.5690148812318154,0.5305143447543283
2758,0.042443953454494476,0.49055797356908254,0.070964607943838,0.28579670355577425
2761,0.0566275492310524,0.7068717916161101,0.4381709736664737,0.8449057120035685
2763,0.04013585299253464,0.7381933420937994,0.4404479949471696,0.8815085048914209
2764,0.02515724115073681,0.8745861492394476,0.5858283728463497,0.8964112139006032
2765,0.13064293563365936,0.7161212518552718,0.7674744080719071,0.7116351804245882
2766,0.0940852239727974,0.794789003258662,0.6817886521291546,0.809428980918278
2767,0.051315680146217346,0.5437512955817497,0.30320394912109006,0.3831542979815915
2770,0.07895802706480026,0.5787078397243847,0.28405766725339493,0.8470777054896239
2771,0.0806431919336319,0.7694569389870707,0.7336895666125457,0.7932489216641849
2772,0.07413690537214279,0.7359943107761326,0.43475287236891974,0.8104663452815504
2774,0.08608261495828629,0.5449533937574016,0.2882821673284796,0.7189769941941856
2777,0.16766715049743652,0.5619353001420417,0.4562351460352261,0.46199070418756144
2778,0.17546211183071136,0.5672937743064885,0.4341237875852008,0.6221795797331939
278,0.013850483112037182,0.808906275966101,0.4523729212474976,0.8596050667641202
2780,0.04209192097187042,0.8468642704201905,0.5719058249885498,0.8772143206265376
2782,0.032756105065345764,0.7687612072844112,0.2622127670179874,0.738813283032705
2784,0.11468502134084702,0.5322010128045528,0.45169173349758823,0.46274293383982523
2786,0.5319147706031799,0.2845766746250529,0.3619368532886407,0.2667578724458464
2788,0.320173442363739,0.3833139301492404,0.30178340428282197,0.3403654662614929
2789,0.06943049281835556,0.5367649319974437,0.10109778118936615,0.36027761035910344
279,0.3075757622718811,0.3631039269928819,0.1617356979609222,0.2867874033250143
2790,0.09260188043117523,0.831311071508914,0.7811442214799496,0.8132111738404151
2795,0.12295866757631302,0.677634099854038,0.6632841003761633,0.6292551410387662
2796,0.11827956140041351,0.749145088758156,0.6893919824955171,0.6777788840202488
2797,0.018500449135899544,0.9426418384782678,0.7898357688312886,0.9372298791284208
2798,0.10098912566900253,0.6918490779268235,0.6815568474191352,0.6959909689475985
2803,0.06302805244922638,0.7561706741232431,0.39842401917466685,0.7930825804258175
2804,0.1402561217546463,0.5299815909817284,0.2291040809958749,0.8091536098944764
2805,0.051790595054626465,0.7146687701857118,0.2737634439356288,0.7192233426541353
2806,0.055112507194280624,0.8233281367526042,0.8206737580600311,0.8161932077654797
2807,0.0885591134428978,0.7147032464095061,0.3963862143580427,0.8093867705110378
2808,0.20471318066120148,0.5397347084458142,0.5034589263161655,0.4935665775124386
281,0.1396934986114502,0.7462931170376077,0.6838719396968826,0.7849005400520885
2810,0.03819671645760536,0.663328430093001,0.33789495129385866,0.7349077150045089
2811,0.15567752718925476,0.5698749074685772,0.4412024918288153,0.48645017026041515
2812,0.024892617017030716,0.6440205391337047,0.25844717054944233,0.7577127309292635
2816,0.1564542055130005,0.563344153845452,0.5795234676960365,0.5040052593514921
2817,0.13797666132450104,0.8116935639638543,0.8404008448467256,0.7771300371071094
2820,0.14469653367996216,0.5663606037502411,0.36129016378642104,0.5266870740818516
2821,0.1427595168352127,0.8282097074303675,0.7378188255077113,0.7707599982986658
2822,0.05816793441772461,0.6061023180967897,0.4655174722127098,0.5076601404911248
2823,0.0180019810795784,0.6024371726589945,0.11188321689669231,0.6170583347177202
2825,0.031022489070892334,0.821359812626896,0.43940717150651865,0.8734466942531944
2826,0.06789633631706238,0.8338655548618019,0.5286974055095712,0.8307821064152724
2828,0.08303268998861313,0.6166399718647624,0.19401111542150096,0.6958336554095814
283,0.11013639718294144,0.5276831519450704,0.40460781569314686,0.40229800976895375
2830,0.07405774295330048,0.8030408766618216,0.512131920678745,0.8317845749805077
2831,0.03219262883067131,0.5599831117099567,0.0859391488547033,0.6687994126305776
2834,0.06372587382793427,0.6220719258949311,0.2183195337768347,0.7280211753960055
2835,0.09346398711204529,0.8146376231150887,0.635029621082194,0.8712423222328157
2840,0.031575072556734085,0.6709898606649387,0.17239267016328108,0.6736625295581407
2841,0.1895255446434021,0.606643949743482,0.6696306254393535,0.5720627134545364
2843,0.06811627745628357,0.6959563193611957,0.22253901382523894,0.6597914555443511
2844,0.243961900472641,0.5099289597438829,0.5121697845821243,0.4640379623756469
2847,0.14044195413589478,0.6603034738677305,0.23311740690492727,0.705475513983598
2849,0.04046002775430679,0.7277408390805088,0.39838895293131626,0.8125676226293521
285,0.24823209643363953,0.38137362494957183,0.08281551836128387,0.26683597187536223
2850,0.06323914229869843,0.75903522325553,0.6539076508574606,0.7684469001036685
2851,0.06943679600954056,0.7274158391464758,0.5308885854583434,0.6720206169367137
2853,0.050472550094127655,0.8992181242181394,0.8308805808346624,0.881272258637365
2854,0.13766668736934662,0.7492591976995353,0.6960687362086532,0.7203991616840081
2856,0.10883638262748718,0.510967504124583,0.37154294034331403,0.39446459647724497
2857,0.11288412660360336,0.6556987411102432,0.582085570725158,0.5562373145198005
2858,0.1267635077238083,0.6608442285254257,0.556225382717262,0.6380670071516581
2859,0.05731041356921196,0.5923561378954578,0.23332866929834872,0.8650892232002403
2860,0.13816633820533752,0.715058533926398,0.6564130527225139,0.714745717453309
2861,0.05557828024029732,0.9297695711304921,0.8303557681014059,0.9174752632843303
2862,0.11894383281469345,0.7207622826415445,0.39178961624274056,0.7371866053805769
2864,0.057619500905275345,0.7602179115350076,0.395434997052661,0.7917131481530975
2865,0.07318361103534698,0.7574820068632695,0.6039213230793409,0.7946451101756657
2866,0.06631028652191162,0.7638709064531106,0.5894119727049081,0.8019168133868204
2867,0.10035711526870728,0.713977530915266,0.4698071581819533,0.699942257042083
2868,0.07495240867137909,0.8653488559665028,0.8607531574246768,0.8642934258937208
2869,0.08446968346834183,0.704988565302308,0.33956698791054774,0.7347500855002868
2871,0.06582027673721313,0.7695360702975633,0.31690937475183956,0.7574750924174004
2872,0.1169164776802063,0.49437576400372135,0.3467204012743031,0.3981166157734126
2874,0.07265773415565491,0.8281547411923598,0.4573481661373641,0.7840620544092508
2876,0.0771499052643776,0.8376257213454736,0.6623714882609768,0.8732632194464534
2879,0.129042848944664,0.44579908034182186,0.09672644207045998,0.3493186821416331
288,0.09152109175920486,0.6964968179085593,0.6146871186017799,0.7959749622102599
2886,0.14226941764354706,0.5678058565714665,0.24508365278960595,0.7966664248729155
2888,0.08509797602891922,0.43539340958397516,0.013315083372635081,0.7690547306151486
2889,0.2609398066997528,0.4164573381823357,0.33490511902830267,0.34482375138510124
289,0.20643159747123718,0.41611811152567946,0.19293239447404026,0.3035441823876205
2892,0.08678977936506271,0.5760491686542702,0.32100230419406456,0.5830267755387135
2893,0.06626324355602264,0.7058637032602797,0.28204559851556377,0.6740620674863427
2899,0.03808470442891121,0.49613961339591073,0.07001329734843038,0.3847338507414447
29,0.06255901604890823,0.8724926628996961,0.5794857650154797,0.8753874877107032
290,0.2816959023475647,0.363469929762538,0.07913328190021966,0.2665722833719948
2900,0.27249735593795776,0.4052467750907517,0.23867535750899851,0.31483724128422386
2902,0.06750573217868805,0.5306927338279435,0.226385950192973,0.7537765304367705
2903,0.17824113368988037,0.707419323436835,0.7048255603161813,0.7704648350628268
2906,0.07713798433542252,0.7770522868873521,0.5464154854577717,0.8110415391942841
2908,0.10147995501756668,0.7697150411569587,0.395658662097333,0.7626980508485964
2909,0.06961444020271301,0.6194191247750295,0.30444909312012863,0.439859212900076
2910,0.13994930684566498,0.7884295069895719,0.7213226334347389,0.7724677665520718
2912,0.2885679006576538,0.43047236862474564,0.4155074299092417,0.391719186514777
2914,0.1468762904405594,0.5283591301018413,0.35060431671447445,0.5929438861740173
2918,0.08585517108440399,0.8770282362807895,0.822667859678834,0.8501132983840584
2920,0.0710795447230339,0.5741662315919773,0.3204952421466733,0.687107089791396
2921,0.13496699929237366,0.702184542267257,0.5354762663830192,0.7457582029326817
2924,0.14086416363716125,0.7832872741363894,0.5461490884056368,0.795840104765428
2926,0.13921500742435455,0.7475686846833607,0.6565699192974709,0.661766864187637
2930,0.06245362013578415,0.8105741265258528,0.6943066624778476,0.8819372563926736
2932,0.20360632240772247,0.538881256177986,0.45325746260944344,0.5199389822276008
2934,0.2512693703174591,0.611750059048946,0.7249912851371324,0.6008042020559754
2938,0.09387720376253128,0.5670353118658782,0.1397540510794591,0.6668921665469639
2939,0.6673440337181091,0.25447363347299345,0.48094318674759035,0.20302613613346293
294,0.22319357097148895,0.4666121481606932,0.3739858914031511,0.37607209997097546
2940,0.07610877603292465,0.6370708011471604,0.23884578883680557,0.7327106255805995
2941,0.08414632827043533,0.6410228147423842,0.4479658920867235,0.8031863864510231
2943,0.23601843416690826,0.4786884698510022,0.42676675319678264,0.4379481756338676
2945,0.2634262144565582,0.5282438492312522,0.6105452085413505,0.49406991267769484
2947,0.07712791115045547,0.8609098101827306,0.8086286670933633,0.8637659053409262
2948,0.09630214422941208,0.7642717125022145,0.6215006027639552,0.8509246837136988
295,0.21239733695983887,0.3968204003410293,0.06167001381974861,0.26243777137924373
2953,0.1268082857131958,0.521101680299058,0.20572321616363093,0.6172969054477248
2957,0.09696231037378311,0.5980210939466494,0.42030244098736397,0.7180331349782221
2960,0.051992181688547134,0.8803823563042256,0.7018477300916413,0.9194481974460427
2962,0.22271481156349182,0.6954912219658915,0.6069288084382657,0.5994740863138955
2964,0.07474738359451294,0.8721835537382823,0.8361951241077477,0.8639181175688386
2966,0.1477368324995041,0.5779809461496357,0.5185786381813722,0.5188844557547028
2969,0.06468311697244644,0.6747126396835144,0.4468864330181118,0.7610675726114792
297,0.2882770001888275,0.409821774687502,0.3382161748603668,0.34522280662562194
2970,0.06283136457204819,0.4496979431041552,0.007327035561680239,0.8534095678389241
2971,0.1688731610774994,0.5627848917729599,0.3488173579587443,0.5604570222071011
2972,0.2745357155799866,0.3744148793450709,0.14933723773547897,0.28352141224891303
2975,0.2333403378725052,0.38599757037594,0.04409053156625375,0.2569835728131895
2976,0.1947544366121292,0.4209055146876933,0.19575673019635792,0.300660178525297
2977,0.14552444219589233,0.5169074826592721,0.13806485727945367,0.682363458643954
2979,0.19954676926136017,0.41135595183701856,0.09163297513865344,0.6321780730969511
2984,0.2123953104019165,0.6728438175330209,0.7476853820527237,0.641147406744646
2985,0.07974838465452194,0.6688853168576705,0.47890566496603176,0.7056066889493211
2987,0.04870673641562462,0.4648191021399377,0.009410249679445657,0.7167178551416435
2989,0.06447650492191315,0.5299062668059085,0.13927696217772842,0.73287429637992
299,0.09861677139997482,0.6494791195080478,0.5639021616743618,0.5542512729741932
2990,0.1763210892677307,0.6022493839928031,0.6148408183599272,0.6326345722475508
2993,0.1596209853887558,0.7000610541262989,0.6550519505484963,0.703698963992446
2994,0.07548173516988754,0.48739416071602637,0.013073745312242655,0.37561513861116647
2995,0.09309876710176468,0.7220999174372241,0.390311320242537,0.7893356810509528
3,0.1413877159357071,0.6953886558060176,0.5575960611866085,0.7195604791311363
30,0.1620810478925705,0.7139358017097112,0.7444867195603772,0.6790207351487859
300,0.11568792164325714,0.5671338195512389,0.36435404362404694,0.5245664151081121
3001,0.10438276827335358,0.802923733380356,0.7373952834737563,0.804256235229303
3003,0.10698926448822021,0.7386931658025404,0.7453756807830758,0.7494662751656157
3004,0.23193909227848053,0.39268009091393297,0.1393023062009232,0.2831283467713456
3005,0.02664145827293396,0.5432270587646617,0.055811978638989145,0.705795957761868
3006,0.18835411965847015,0.4115293307057102,0.0794195932101238,0.26942325115019505
3010,0.11995469033718109,0.4677877555125891,0.12238731871290846,0.6487108599570943
3012,0.8961251974105835,0.06991072802497608,0.28328856954190373,0.058815515951316934
3016,0.059302885085344315,0.5581542558929655,0.1866524908053719,0.43324128095676684
3019,0.08337341994047165,0.7574065347461223,0.6049328492782075,0.7765703667818202
3020,0.034287504851818085,0.4768063655185747,0.008795290042451926,0.8020146431941431
3022,0.1286027729511261,0.7307828065375006,0.6676480963965353,0.7765431115948376
3023,0.11248916387557983,0.7075853751300427,0.5167981975814636,0.5746708764563497
3024,0.15174472332000732,0.4260468184637262,0.025039724265814946,0.25396978015456906
3025,0.17741484940052032,0.5434313137333845,0.4959467474100289,0.46567467586098243
3027,0.03849209100008011,0.8102311474071326,0.43643002743295356,0.814015896156139
3030,0.1423640251159668,0.4418944651753007,0.14845863383993602,0.47601762583489354
3034,0.061543192714452744,0.5537742584054031,0.11716041607362876,0.4882865162179784
3035,0.040074422955513,0.6589124581276979,0.31377182874569387,0.6707509998853851
3040,0.09996021538972855,0.810673642112328,0.8331227703772769,0.8065194656036048
3041,0.09875152260065079,0.7874321148740953,0.8009543034944407,0.7685456940447657
3042,0.07909248769283295,0.5345644299318694,0.04362389941371486,0.5154628256986015
3044,0.023180555552244186,0.5641713009697711,0.2108058527327346,0.38144935225973164
3045,0.0955343171954155,0.5845232310697176,0.19073683435235114,0.7386595765204026
3047,0.49099162220954895,0.3776807171034996,0.46320032752192664,0.31701133488057054
3049,0.024459395557641983,0.8322578691778462,0.45785051014730777,0.8657733608770315
305,0.059823036193847656,0.7137218067190408,0.3270154510306725,0.6105097274598473
3050,0.04638965055346489,0.930515385329291,0.8547153040429638,0.9295462275775856
3052,0.06326986849308014,0.7700668837802935,0.4834358975149569,0.8330157501329065
3053,0.1861601024866104,0.6104858984396684,0.569320749868045,0.5035765384747535
3054,0.09355922043323517,0.641470681148239,0.5439890727078681,0.5289792448787076
3055,0.10411142557859421,0.8261441876975008,0.6946325064835381,0.8023800111108046
306,0.07665316760540009,0.6857759836647402,0.408337201902847,0.8413586212942719
3061,0.050897128880023956,0.6312678216998436,0.2768325679370217,0.8598669381910039
3062,0.15419189631938934,0.7658732048228956,0.7154962491664212,0.8115327547206184
3063,0.15621216595172882,0.4748185335917914,0.05135556402980017,0.4902906085456756
3066,0.06605926156044006,0.5879323446235065,0.311652061380267,0.4010449346748113
3070,0.12136059254407883,0.6473381441729018,0.4017323898086878,0.7685508851038417
3072,0.08030977100133896,0.7540109755004447,0.5569174813591875,0.8132091581993992
3073,0.11995857954025269,0.5627330896923168,0.26084114842293654,0.7780466365215964
3074,0.028463007882237434,0.9530828324419918,0.673191689266953,0.8875660314596547
3079,0.03388025984168053,0.5587567891200872,0.07793918749621107,0.485564209520516
3080,0.08507338166236877,0.628094401446063,0.18469962080347674,0.6576577860925499
3081,0.1816960871219635,0.6116387368918631,0.5385247847596205,0.5453697810902813
3084,0.02817964367568493,0.7861281015032449,0.4006312728198432,0.8067095713046541
3085,0.06684137135744095,0.7605491431398068,0.453811279001138,0.8229463900862959
3086,0.1365351676940918,0.730383290428783,0.5855918959535965,0.6875717092428892
3089,0.09722140431404114,0.6540669834073461,0.6333643629769318,0.6058695342798667
309,0.38171544671058655,0.45790111637282516,0.590403042941967,0.41923709822766964
3090,0.47924214601516724,0.43017565762626053,0.5771405076289351,0.3483651907840677
3092,0.11565276980400085,0.6105230411311459,0.22387138464110518,0.7648308933141639
3094,0.3720739483833313,0.3062217804342358,0.06940362688268714,0.2891851207075604
3095,0.20361657440662384,0.39981052096353664,0.1076987075761748,0.3335417538740003
3096,0.0713716596364975,0.8715861124295694,0.8371192810364285,0.8917074415036174
3097,0.34793248772621155,0.5047170913269642,0.6623633607458185,0.4727955892654572
310,0.19815181195735931,0.6063879217010343,0.6688098530719291,0.6399811427102644
3102,0.06542438268661499,0.716205538180936,0.5713520887649011,0.7649488143035699
3103,0.2644573450088501,0.4980848566092227,0.5558475305372804,0.476590683646832
3105,0.12735523283481598,0.7160368838310809,0.6344288292832521,0.7540031190049501
3114,0.1634112298488617,0.584048192298265,0.340629199593702,0.4440131539799541
3115,0.3315260410308838,0.3381475050002775,0.08397609596543183,0.26678022385160416
3116,0.16647785902023315,0.5053902674030697,0.1308085977894502,0.679835457913829
3118,0.06772282719612122,0.6785023083917386,0.4215134322124989,0.7428456900679394
3119,0.18818318843841553,0.5797306549515521,0.37280049028320267,0.6762387549126343
312,0.0566762313246727,0.8841029601646233,0.8343765567401847,0.8873832866370117
3120,0.067591592669487,0.852708379834348,0.7725572307725165,0.8864572431613318
3121,0.05398453772068024,0.8117075039200269,0.4822326407023513,0.8552281047048176
3122,0.21633410453796387,0.5884532375907308,0.4938768849750583,0.6359382297986772
3123,0.035004276782274246,0.6887173379890166,0.3738549261862767,0.5861798069143557
3124,0.061599552631378174,0.7809450709992074,0.3576731647332265,0.7491695846948987
3125,0.06267191469669342,0.8769384610028308,0.706850838572825,0.8509396798937574
3126,0.1851099282503128,0.6659256467885977,0.41193324912532825,0.6605836336362989
3127,0.2446744590997696,0.4584833348075745,0.2551348661919405,0.3513652577018214
3128,0.09686869382858276,0.8202546042797092,0.5189463956054009,0.7737016038435738
3129,0.10401177406311035,0.7129115730671451,0.5610460239612767,0.6700212535579863
313,0.05027616024017334,0.6774111969239496,0.37300379331465855,0.7244307800038192
3130,0.054163336753845215,0.47535727663431543,0.02856726879740156,0.43586111372954434
3131,0.09851674735546112,0.6668364014417161,0.3844704627860293,0.7646764731564604
3132,0.09626905620098114,0.5656726546992004,0.12466732020165197,0.6382358998899262
3134,0.06877240538597107,0.6799812879061581,0.32351330847612275,0.7765299041025819
3135,0.09023752063512802,0.7775971881500808,0.5277374231174687,0.75874464371815
3136,0.15095195174217224,0.7243046253517555,0.39899010269328483,0.707825280446346
3137,0.07906042784452438,0.803140568961747,0.5939768502127182,0.8497584854499517
3138,0.07144329696893692,0.6882232501057303,0.32272422866783945,0.7479968866532863
3139,0.06490284949541092,0.6806719664855463,0.2798503786754053,0.7511145146841358
3140,0.11406933516263962,0.5627034503755364,0.18408788322933747,0.3628633730509855
3142,0.14414112269878387,0.629722691900559,0.24883997038053085,0.7281039324701912
3143,0.11918078362941742,0.8121239507420996,0.7025289885611168,0.7779292706108749
3145,0.06311517208814621,0.6696453008963666,0.36313238265247527,0.8502859567653931
3146,0.15582753717899323,0.7368161928210418,0.5279282058658903,0.7647342683261574
3147,0.2711946666240692,0.47264850264722597,0.431713673439395,0.40452277726175245
3148,0.26601722836494446,0.36966453094843593,0.03829226138676801,0.2553916895550974
315,0.17050117254257202,0.5669833003898213,0.6167531878502847,0.5488026467995369
3150,0.29296454787254333,0.4249959223805655,0.3538164026525033,0.37002356721244345
3152,0.07706645131111145,0.6818638497835099,0.3347464616446241,0.6366245200450207
3153,0.06955511122941971,0.8460038409453281,0.6283702470756255,0.8015746223176754
3154,0.0762399435043335,0.7405847287606587,0.4389567929004398,0.7261058261378609
3155,0.09410421550273895,0.7538132862157495,0.4802227493940439,0.8119979488738436
3156,0.1587270200252533,0.6212689810741803,0.4431280095632427,0.5690401439019839
3157,0.09560006856918335,0.5635980822514234,0.33052079307811616,0.44266655337031086
3158,0.06810604780912399,0.6979865073039213,0.31343850076325636,0.6909469989290133
3159,0.04099547863006592,0.7993367168393859,0.5206836711327143,0.8432674302774474
3160,0.08432285487651825,0.7368717292497037,0.4071167716595692,0.7835300330620076
3161,0.10690852254629135,0.79612484467914,0.7886830563732757,0.8201308995271384
3162,0.06536561250686646,0.7547160361003469,0.366868184686437,0.623146431374678
3163,0.04565683752298355,0.9198920234503243,0.7088978960672913,0.8984705354994076
3164,0.24233044683933258,0.5431423581897044,0.5491759328340238,0.4846659719804953
3165,0.16408000886440277,0.42113961853582266,0.046771780272029405,0.2588835313392815
3166,0.06253483891487122,0.7331299085138073,0.4424256899237064,0.8727410208031259
3167,0.2855664789676666,0.36644237126331936,0.14198528314827277,0.28319925408741425
3168,0.1466979831457138,0.691915842299083,0.6714302860942558,0.6760761066737081
3169,0.13052009046077728,0.8186572213819192,0.5233584475083304,0.7263731382312613
317,0.14806285500526428,0.5296839332876665,0.39539862312224977,0.41961519275749753
3170,0.10667923092842102,0.5121514428374887,0.10635815474591662,0.6211346656500023
3171,0.17914143204689026,0.4692601614227923,0.1998706919161619,0.5089253616794506
3172,0.11412806808948517,0.6412524532790356,0.4711993935784439,0.568371679097403
3173,0.25820618867874146,0.5227519805302145,0.534574042755535,0.4641831450054576
3174,0.07208697497844696,0.7986215730205506,0.4700360828506347,0.8229563920276751
3176,0.10898958891630173,0.7192767264714712,0.48044396655240706,0.8270766137046734
3177,0.23965668678283691,0.5671566465081652,0.5390404222338603,0.503694934240225
3178,0.14400723576545715,0.5204810771596887,0.20525801831951712,0.6740888786215852
318,0.05939651280641556,0.5530203571190142,0.17124185894503863,0.7936404342116703
3180,0.11169635504484177,0.8061107932624091,0.6412369796506237,0.7834241210023657
3181,0.10689953714609146,0.4840868682704644,0.19137338405753512,0.3176450387847934
3182,0.11457429081201553,0.7168921667547846,0.4450258584652347,0.6767449827972023
3183,0.0681728944182396,0.7450753298960963,0.39695002105543525,0.791227549278682
3184,0.20504559576511383,0.6091233958857278,0.5140903609853587,0.6102806551091347
3185,0.07357173413038254,0.7898235373752459,0.7042536355075049,0.8490928795576799
3186,0.11371453106403351,0.6328731112417988,0.2902035222083314,0.6984988599579722
3187,0.11161339282989502,0.6340988002923832,0.3397344090214297,0.5304470898744944
3188,0.06995673477649689,0.7791062513639054,0.5345450842464633,0.8776614307101595
3189,0.3816940188407898,0.35125252056994105,0.3294857513918559,0.32781305082853895
319,0.05568520352244377,0.8098825468777973,0.7452390509511244,0.8109053774882266
3190,0.1148272305727005,0.5296870381096092,0.21094337228893165,0.3435348807094589
3192,0.08045683801174164,0.809040786127351,0.6128783214827708,0.7982470506593563
3193,0.058835554867982864,0.6025896383732593,0.19828963942688527,0.7793588296544978
3194,0.11435674130916595,0.8133138678761929,0.7130007028074865,0.7830909097991097
3195,0.26700299978256226,0.450961515999141,0.3670250164734317,0.3775093301908122
3197,0.13871248066425323,0.7831932180354525,0.6759408813055067,0.7521884358933708
3198,0.15529589354991913,0.43655717504243596,0.16439972215459456,0.29749038314362586
3199,0.05501936748623848,0.717464850348297,0.3143729539381759,0.7509240460339297
32,0.1050361767411232,0.8158908542665484,0.7019299871733956,0.7704798344611462
320,0.07618868350982666,0.836201289037658,0.7450970115749015,0.7908303931377086
3200,0.204230397939682,0.530944455127619,0.45802595351892456,0.5323305317113989
3201,0.0944877564907074,0.7481303959963033,0.36743180408202547,0.7448724934402771
3203,0.2071375548839569,0.4287979129776019,0.18063253948393365,0.31165125494642204
3205,0.09702535718679428,0.7084965951518509,0.40343611092124115,0.7069300437806432
3206,0.09309710562229156,0.5881666411160555,0.21646272279645096,0.7671106678754708
3207,0.22782374918460846,0.6345489034010454,0.627588205844403,0.6351664048547464
3208,0.03950981795787811,0.466963471602375,0.0028390897375639365,0.685112539390609
3209,0.07896756380796432,0.6484980834763757,0.25545275151635854,0.7285419163913953
321,0.1445145159959793,0.7614883413889625,0.7355773037642657,0.7363824212149805
3210,0.05906324088573456,0.5129965800722434,0.08038171372075145,0.3997290310098551
3211,0.05179543420672417,0.7504864619133043,0.38717095585126793,0.8210554050524886
3213,0.26316508650779724,0.49765891775309373,0.5905971617872817,0.4701711198571413
3214,0.26382726430892944,0.44471605947427284,0.33677475977648513,0.3620764448863155
3215,0.07043159008026123,0.45216561171549813,0.004649545640059241,0.6588537179502694
3216,0.11660536378622055,0.6175906114571776,0.4343081832713391,0.5778134089365409
3217,0.09602244943380356,0.7917627148390467,0.722625924559643,0.7537095212440199
3219,0.06639557331800461,0.8008530352600851,0.49538025281138187,0.8406645026349264
322,0.18493331968784332,0.5643794227497869,0.5021143528154024,0.47011359609502423
3220,0.13250575959682465,0.5617693294234228,0.3691315867315483,0.43241243719201916
3221,0.05542906001210213,0.8422804037144005,0.5281963735538887,0.8401898453186423
3222,0.049002181738615036,0.8257838991303195,0.560413311552702,0.8496099390570171
3224,0.06836067885160446,0.5726950236275599,0.1603132670414984,0.672281268053389
3225,0.2611510455608368,0.5373373279140112,0.4573737512862232,0.4986612862321782
3227,0.09703607112169266,0.8568497358452094,0.6729639509160823,0.8210461427828576
3229,0.030600767582654953,0.7361399797789387,0.30514632729685814,0.7773210295823463
323,0.022256584838032722,0.581835256837657,0.15146952264936406,0.37536062618872923
3231,0.04928850382566452,0.8036912706538795,0.5385848750532293,0.8514084422167165
3232,0.2071533501148224,0.4039134458578248,0.1038885267675207,0.27392251064121864
3233,0.23780633509159088,0.49086616552875306,0.4901537693574884,0.47622587596741905
3234,0.12193233519792557,0.6929275485154909,0.3660676930372236,0.7641843637681796
3235,0.08312798291444778,0.8571218187394184,0.622846471469977,0.817507479154475
3236,0.414570689201355,0.40055604825409163,0.42809292090752865,0.3583221407308018
3239,0.12556271255016327,0.7601040185003967,0.7813685530700791,0.7520507155882566
324,0.14726607501506805,0.5763417246616536,0.49280642704372046,0.6243524162713371
3240,0.15791302919387817,0.6396816339107925,0.6477951134246956,0.6002977887450456
3241,0.06518612056970596,0.6874541387505363,0.5175756682450918,0.787650722587115
3242,0.07258686423301697,0.8213940809535014,0.624610376835449,0.8820005439446785
3243,0.40213099122047424,0.3610058118917811,0.3050445715660773,0.3140464966328256
3244,0.05756041407585144,0.8273697846856282,0.7232659834659094,0.8113666207867408
3245,0.029569679871201515,0.5562405748630895,0.06423627190654659,0.4188531958460389
3246,0.14113284647464752,0.7208521484800496,0.44312446970808633,0.6424111702881898
3247,0.2417442500591278,0.5755357750465004,0.5380899736764572,0.48898444899360993
3248,0.040679190307855606,0.8362469099836016,0.5482879925865976,0.880938201843533
3249,0.07345937937498093,0.6467717776149969,0.4720526544386955,0.8942626200747498
3250,0.06313033401966095,0.8587007212442656,0.6234346894839439,0.8914708950652925
3251,0.06684854626655579,0.841145237968049,0.5546653554574846,0.8414134803651943
3252,0.24175751209259033,0.3893194696233224,0.10263740637835216,0.2731917867507796
3253,0.2666550278663635,0.4212534382666798,0.34404543428027556,0.40556394879335705
3254,0.32300636172294617,0.47356655023094507,0.5072722638033103,0.4230193085590376
3255,0.20135602355003357,0.6476957962139694,0.5710889198011051,0.6261360785047888
3257,0.10830753296613693,0.7101747463739937,0.2726407168978889,0.5127750046619735
3258,0.15130570530891418,0.6767363204008665,0.4104277192487283,0.7303564821490909
3259,0.026247669011354446,0.759117041282544,0.39363165461543237,0.8052739537184874
326,0.23001235723495483,0.4346516686858331,0.2603005123129573,0.32020607540317303
3261,0.21105793118476868,0.5316732915659985,0.4837283289096336,0.45595203525363315
3262,0.09009449183940887,0.6664955145383626,0.4793236598021651,0.5742584626525262
3263,0.20118430256843567,0.4258286624667487,0.23959911045624532,0.3320394695028147
3264,0.10691741108894348,0.813792166632227,0.47598066523587956,0.7562010126150912
3265,0.40581080317497253,0.35437576828298645,0.2684595210426726,0.3013923984393009
3266,0.2885500490665436,0.5097709297991748,0.5423556014830895,0.47690942878635584
3267,0.02475721575319767,0.5465662936917288,0.038711893363328524,0.4238220267537653
3269,0.05807891860604286,0.6448358446337027,0.4404668902359802,0.7160293021626024
327,0.03770799562335014,0.940403010885784,0.7908465183959644,0.9192158089960707
3271,0.07450254261493683,0.7847139437800141,0.6258883817363861,0.845907405861192
3272,0.08584554493427277,0.45948644337741046,0.025917189264161932,0.253660484769861
3273,0.06864267587661743,0.8829989664372995,0.7041288824865543,0.8930569342803787
3274,0.15329845249652863,0.580494024289651,0.20196701672570552,0.6251294800629852
3276,0.1291428506374359,0.4880674929139255,0.19918446365846076,0.6498964025825478
3277,0.22612076997756958,0.4237641150770365,0.3129929012458445,0.34896282162479825
3278,0.03741098940372467,0.7711434453265545,0.5274464134595497,0.7682180727391688
3279,0.03794879838824272,0.6182964947657694,0.16851309716776489,0.6032933081000244
3280,0.27225515246391296,0.3678129263552821,0.057185445379596876,0.2589275291383929
3281,0.043291233479976654,0.7195011516425716,0.4416260858472962,0.7540502322890392
3282,0.08555957674980164,0.8377049320828336,0.5603216073796912,0.8338473828269933
3283,0.11749231815338135,0.7284886665662451,0.6621845768347785,0.6839946559035222
3284,0.3809654414653778,0.43355622268503397,0.42530393226912033,0.4012366692052673
3285,0.4177386164665222,0.4087357987729185,0.4723271596071948,0.35559181571270243
3286,0.09583869576454163,0.45589741624674057,0.04653389274424279,0.25781239568802716
3287,0.17851410806179047,0.5118302690841152,0.2853821567467743,0.4030432401695674
3289,0.08797519654035568,0.721844318495215,0.43241702796629694,0.8377794672772184
329,0.17111390829086304,0.6045833568869592,0.5799691243374767,0.5125021429048517
3290,0.0605350024998188,0.8029614781415608,0.5119821021839982,0.8199302784466513
3291,0.2632486820220947,0.41778539869589815,0.2662389498495562,0.3510389239442423
3292,0.09311511367559433,0.7110585863042425,0.5017518893218036,0.6701981674843902
3293,0.07736649364233017,0.4583132513539343,0.0024964656075336946,0.43276727288609496
3294,0.05082867667078972,0.6747503506888679,0.3526019782210256,0.7809529227181531
3295,0.11978284269571304,0.4987857001242803,0.07465730470247223,0.44538015868147995
3296,0.2224850356578827,0.5166509586124439,0.4722780610467577,0.45288838359167455
3297,0.0396043136715889,0.483482791255114,0.019435717365639326,0.5052709822703838
3299,0.22679629921913147,0.4856795214628165,0.4087359059841851,0.42661317842268975
330,0.19065704941749573,0.723344149479276,0.771385407643493,0.6898926324351363
3300,0.06141286343336105,0.787384018674409,0.36968587023006344,0.7029667077968133
3301,0.03302411735057831,0.7141294323716888,0.20891588747091874,0.5929225388491097
3302,0.05842190980911255,0.6977428318549755,0.32751620662351816,0.727794884188116
3303,0.07130388170480728,0.6561201830799788,0.20491882728678557,0.6790635779334477
3304,0.124815933406353,0.7055561148496603,0.6993255075714044,0.697462800446827
3305,0.06529679149389267,0.4814912445513516,0.11612243141509723,0.28703368561056475
3306,0.32259270548820496,0.3478689475779522,0.12145280204989217,0.275976361236309
3307,0.3481539785861969,0.44736399799907994,0.3630598368938044,0.36911665787789477
3308,0.0503685399889946,0.6456660537816176,0.22697793687740228,0.5366612293292452
3309,0.09612704068422318,0.7682650200439513,0.36139511053635065,0.7723903047031511
3310,0.07961760461330414,0.8123556412146645,0.8093038452847491,0.8734231976250111
3311,0.11826300621032715,0.7390389336118007,0.5215652995253389,0.7747351210359628
3312,0.10049711167812347,0.6201868728988078,0.34882617301429875,0.8026713068793501
3313,0.03831207752227783,0.7241799210116027,0.4135570508245891,0.5780453234022574
3314,0.0695047527551651,0.8891514504404208,0.7394997628993722,0.8854609300162117
3315,0.11589154601097107,0.7962471038963697,0.7833028694544002,0.7967405954078537
3316,0.07555558532476425,0.7020955255483379,0.3184672378703958,0.7907292625948119
3318,0.33728939294815063,0.39943005557698,0.40636936221705644,0.3772391843934435
3319,0.26292094588279724,0.49711016230950705,0.5015406322328061,0.4680561022628758
332,0.2676752209663391,0.7106770980287309,0.767361488782822,0.6269902994120851
3320,0.0971403568983078,0.5452924522128036,0.2096369504360393,0.37540601414140506
3321,0.06050272658467293,0.7450277342997205,0.4047684972353521,0.8114209505406585
3322,0.08795987069606781,0.7606549619058517,0.46147672452905364,0.8490759180584118
3325,0.051921263337135315,0.5713702002126864,0.15504419765437646,0.47378530446356215
3326,0.06729517877101898,0.8079650889625887,0.7345426796312503,0.8120392958796957
3327,0.09246798604726791,0.7777229676734951,0.6433033751747275,0.6847707841169508
3328,0.03830397501587868,0.715208181249134,0.26769147089645967,0.7773587337372565
3329,0.076177217066288,0.8672314399439429,0.7272127187178947,0.8689638166432434
3330,0.3344244658946991,0.48029410266001393,0.5384577662889198,0.41788239521369214
3331,0.07532898336648941,0.7463793688943858,0.4106325378245055,0.8037570536495803
3332,0.07636529952287674,0.7878456753557478,0.48311350145769966,0.8317517325147333
3333,0.1554732471704483,0.5358732366457939,0.15425485363924002,0.6745834264752606
3334,0.05714140087366104,0.7276945259784497,0.32744322967836587,0.8169233654652288
3335,0.09682119637727737,0.8326987170213195,0.6248293997734105,0.827403013308665
3336,0.044743478298187256,0.9153264640376995,0.7307460659361636,0.8690660183263289
3337,0.05130022391676903,0.6798108370381756,0.29545267121720314,0.8050388844769276
3338,0.04165481775999069,0.5558998183503364,0.06507082319371807,0.35912780745136974
334,0.05885498598217964,0.9102407987165715,0.8085009681628816,0.880249754032097
3340,0.15141063928604126,0.5155490610736092,0.3096814289468799,0.42578023571167867
3341,0.06667139381170273,0.7077954801787596,0.3057507449006685,0.7762109284077967
3342,0.0960957407951355,0.7831046608052107,0.481159906275692,0.814555605136978
3343,0.08222391456365585,0.7698725825105561,0.6367346164335195,0.8062693196583531
3344,0.02367769181728363,0.7626162478062095,0.4441706597505095,0.8867068738321231
3345,0.06491753458976746,0.770313466750337,0.6218341415881917,0.8329107346553511
3346,0.10708700120449066,0.7836801549741843,0.6723191394085198,0.8087170066068871
3347,0.0510825514793396,0.8385426199476302,0.5056809630086356,0.8529331142384993
3348,0.026055172085762024,0.8120257270954783,0.666706834835434,0.8044955933090225
3349,0.10399379581212997,0.7775369686171023,0.5673240412241398,0.8124637327323393
3350,0.07678717374801636,0.7957998603583294,0.42938349197972103,0.7209490827310099
3351,0.029240600764751434,0.8785532602963647,0.6198961108915003,0.8834621441102241
3352,0.03013463504612446,0.6816235277301959,0.26992212875643756,0.8195872225157238
3353,0.4857604205608368,0.3342892640948217,0.34988654993374135,0.2936382407553418
3354,0.02930871583521366,0.5617566302860031,0.06191449586928356,0.6583063952399425
3355,0.02136857435107231,0.5676950275200405,0.0513051861625905,0.3324987681098204
3356,0.4248007833957672,0.37626440407069794,0.47976849028366586,0.38913085400526876
3357,0.05985274910926819,0.684185866140626,0.2712125022354749,0.7599369532102829
3358,0.05685637146234512,0.46181869625309135,0.035172800003557034,0.8384528744571869
3359,0.07261654734611511,0.7857288420317385,0.5029561932550404,0.8527614987853109
3360,0.062157511711120605,0.7727099089034117,0.6205169596580625,0.7942193886717761
3361,0.03438330814242363,0.6777263224828811,0.18192986582247533,0.683862473716977
3362,0.056185219436883926,0.48019293044522976,0.04616792756204042,0.29087413459860123
3363,0.16581445932388306,0.45792422899493157,0.32757632260512,0.3589528036303049
3364,0.09728667885065079,0.7971818657426504,0.6992088610176918,0.7737515275935627
3365,0.08194896578788757,0.7650660969002804,0.7265583554834638,0.7762053773381116
3366,0.19977962970733643,0.6323639647578725,0.47239871599167466,0.7542019775327904
3367,0.037041839212179184,0.7406066002209825,0.2823092270315124,0.7797786923581879
3368,0.07905218750238419,0.8081172790825148,0.6657438028010464,0.8728123457698579
3369,0.0622071698307991,0.6487360988883261,0.22272309837404664,0.7520258703644196
3371,0.11842332035303116,0.43250608708623556,0.0029560498917196466,0.35618171679783595
3372,0.14924557507038116,0.6779087129045718,0.7118034029466347,0.6364601398217151
3374,0.044227734208106995,0.8505352341952082,0.7239311684842822,0.8860826142108248
3376,0.19319777190685272,0.5462820741687006,0.5806704435774264,0.5154887454199787
3379,0.08208116888999939,0.8480042543341239,0.7825232488660242,0.796378004459189
338,0.04545580968260765,0.8223173373495447,0.3953423513368362,0.8069981329192009
3382,0.1219872385263443,0.5811114473381005,0.36647806072915085,0.6466410334836512
3384,0.06546438485383987,0.8232158432140524,0.769544457064219,0.8375003543379214
3386,0.024596868082880974,0.7547926427756652,0.41425744190194586,0.9097287079279681
3387,0.2056572139263153,0.6061843483263176,0.43032914621690294,0.6751739720442858
3390,0.058409687131643295,0.7062415681180334,0.3501736605564246,0.655277480427702
3391,0.12435084581375122,0.8312973443861051,0.733821523596547,0.8131423481201351
3392,0.0885242223739624,0.7472049899691937,0.4777892696968934,0.8108359208759717
3393,0.20512288808822632,0.52656484051361,0.3976422267152436,0.499578238405632
3395,0.04201313108205795,0.80338354639034,0.5372513993538031,0.8610274553938805
3396,0.06698541343212128,0.6572291025447146,0.35036211811177403,0.8080846026576244
3397,0.17871259152889252,0.5924226492802636,0.49609939654490187,0.6556201341135721
3398,0.07537093013525009,0.657207518619723,0.5256623353993514,0.5380045121953132
3399,0.17824934422969818,0.5251061754608549,0.16419237063107905,0.6430113680250994
34,0.1129106655716896,0.8040313992842922,0.5423120730646064,0.8162953413829405
340,0.22473067045211792,0.689005963921152,0.7200023376471506,0.6274354574614419
3400,0.021525733172893524,0.7085928357702849,0.2896592233842616,0.7814679113345377
3401,0.08558610081672668,0.6697792255648717,0.3032678750771135,0.7172122876024731
3402,0.33973753452301025,0.3986708463422961,0.3512060838305279,0.3604724196984359
3403,0.06463676691055298,0.6970831263447808,0.35253091253750823,0.8101553512911107
3405,0.06370508670806885,0.7279205861744867,0.5962226992203448,0.8297183390663168
3406,0.11055959016084671,0.7551548241879715,0.7552536779003789,0.802050141834288
3408,0.028508080169558525,0.8974176838746559,0.6727793041150859,0.9293562206290429
3409,0.08177784085273743,0.6353307395350241,0.29334377847599,0.8030848603709737
3410,0.09957562386989594,0.6541752435224716,0.673438920834176,0.6786508566941047
3411,0.2067287564277649,0.6100448887814869,0.5884880674297249,0.6733268531594003
3412,0.10916127264499664,0.7275398202050545,0.6369467890400758,0.7776498435401917
3413,0.09156034141778946,0.6160661246010206,0.23405350475526968,0.5591907016978784
3414,0.08080273866653442,0.6471880596814408,0.5546410869090659,0.612343053911045
3415,0.04188001900911331,0.8473438086824423,0.6013331772689334,0.8347769841013268
3416,0.08714307099580765,0.759538013154739,0.6802282327892302,0.8322111424031247
3418,0.22935006022453308,0.3902529178024033,0.08005943340687001,0.26532975148902893
3420,0.02802848629653454,0.7186834044652584,0.29126515431691635,0.7902373122772111
3421,0.08806255459785461,0.8265448394266723,0.6569679156654072,0.8558797595145771
3422,0.08771809190511703,0.5866366878976647,0.21592567488043307,0.5089816137401626
3423,0.11428762227296829,0.6819097535084122,0.5230029115805507,0.8039985017896609
3424,0.1085604801774025,0.6904789706987711,0.6418542682536065,0.635777345697079
3425,0.14454509317874908,0.5280483637207282,0.20121645813032007,0.349496960438194
3426,0.05241581052541733,0.48331688967523145,0.02333144151472061,0.7027289838817801
3427,0.04027300700545311,0.5044306725487819,0.04461394887682054,0.6857199283237527
3428,0.19498878717422485,0.48464375438574137,0.1918193885826381,0.500501711177685
3430,0.23064252734184265,0.3932593892665072,0.12158474928394888,0.2757610327351592
3431,0.14391466975212097,0.6702255413114359,0.4531507460819767,0.6898827071569646
3432,0.15825188159942627,0.5555176789494695,0.2437130822300712,0.7428833362724047
3433,0.021178333088755608,0.8327218783483695,0.593773641713221,0.9112833971669814
3434,0.04269581288099289,0.7977609675667167,0.4436919984403954,0.8488355328598199
3435,0.09585048258304596,0.5576107209159962,0.09076678947348535,0.49457776125792235
3436,0.27002212405204773,0.46161363079814727,0.45422360984229115,0.40170522506135464
3437,0.30201277136802673,0.5368300405009803,0.5602824415035642,0.4501030848656872
3438,0.07536068558692932,0.820514136215791,0.5939900119233541,0.7773334596666481
3439,0.06281345337629318,0.7398143610725603,0.44872093022258375,0.8397864035021025
344,0.054514288902282715,0.5935557826135819,0.12060271422425663,0.5814668196398917
3440,0.13366290926933289,0.660874917784497,0.4134099696102747,0.6745670827549629
3441,0.0566466823220253,0.9258817554818299,0.8711083000810208,0.9055654235732016
3442,0.0677679106593132,0.7594313772750241,0.6097468443116859,0.717436504441282
3444,0.09592192620038986,0.4721833871374144,0.037587658782828375,0.5520930592139223
3445,0.09057711809873581,0.7692237365476171,0.6266570440109174,0.7875930713247496
3446,0.17708176374435425,0.698362573469676,0.5369721865531982,0.7166866736202961
3447,0.07014766335487366,0.4503812392499687,0.00399174785997258,0.5318934238011361
3449,0.042064785957336426,0.5415272273015539,0.14738505288668824,0.783280474684557
3450,0.10548907518386841,0.4753715970913022,0.053226295861108545,0.37992678838808724
3451,0.06181740388274193,0.7946392768830879,0.5700568576131898,0.7578983780750125
3453,0.02348092757165432,0.6725054697084747,0.23939607020766035,0.7853930274483104
3454,0.16832341253757477,0.6199202459611826,0.3643909024140368,0.7120454328259329
3456,0.10843537747859955,0.7779860167990982,0.5679136500488156,0.7795453660990004
3457,0.047906242311000824,0.6407334907496027,0.1888109838994511,0.6286099727695016
3458,0.13724727928638458,0.8350132195567468,0.666944645372575,0.7847876510922903
346,0.08843580633401871,0.4717628438718116,0.13474073822641344,0.32815457077583676
3460,0.19661380350589752,0.7392401099747261,0.7529691869225639,0.6656612799876849
3461,0.1570177674293518,0.7619499140915607,0.699360286452364,0.7150558982673223
3462,0.14545007050037384,0.5991557447950531,0.4593869169081817,0.5024270282318863
3463,0.039005205035209656,0.4649390338030595,0.002583209532862795,0.7918896644251363
3464,0.4962629973888397,0.33439313591002334,0.49114414033275094,0.31281270085808033
3466,0.13863815367221832,0.5795093319445019,0.5101903789559132,0.6032016682009321
3469,0.06331432610750198,0.7526316076228867,0.5622492791987582,0.8027403689918016
347,0.10229203850030899,0.5413162116719129,0.21092549147785014,0.49859090484745583
3470,0.19296303391456604,0.6717925027203306,0.6679924574399243,0.6522945779439184
3471,0.1964213252067566,0.5306186545527984,0.3643949124210362,0.5302543531695987
3472,0.25037142634391785,0.39018536236475476,0.19473946217056232,0.2984301052427403
3476,0.1389245241880417,0.5670888110932051,0.44171412737403065,0.6335445791637242
3478,0.08566117286682129,0.48857463619397146,0.04103311575626752,0.6229530162458286
3479,0.042879607528448105,0.7337392068035516,0.3996839428013926,0.864625868671971
3482,0.07295655459165573,0.7857459205221513,0.5016102792994996,0.8328901734738554
3483,0.12955592572689056,0.44668246176843585,0.028673442278296626,0.5334521610907144
3484,0.08608468621969223,0.6130973558008764,0.2184419830013826,0.7477073275016141
3485,0.07278057932853699,0.5674243994335895,0.10928927958704587,0.5551995903459234
3486,0.060961078852415085,0.5383736461953836,0.1166585693741671,0.6454171304531774
3487,0.10427606850862503,0.7338119594739829,0.7049815504055986,0.7088497704039827
3488,0.08543190360069275,0.6235633755972783,0.5454103198332634,0.5525090499490721
3489,0.17260053753852844,0.6685518422975147,0.7612097948665504,0.7153482422494203
349,0.11258310079574585,0.7395171929542594,0.5570142690650909,0.6321218078632497
3490,0.10849126428365707,0.7269781761991051,0.4467407347227462,0.7473378423936767
3491,0.15739406645298004,0.6754336428181318,0.32399518253573695,0.6907512224653406
3492,0.14967504143714905,0.6040332120084402,0.5016360995763023,0.5934270729441982
3493,0.0631142184138298,0.7603629166411201,0.519073244172138,0.767798209387732
3494,0.20254702866077423,0.428274125865123,0.20942830728367592,0.3081539319446017
3495,0.12423145771026611,0.5405793726895457,0.37684695742958724,0.4302178064295493
35,0.33500683307647705,0.3767000866648317,0.3142584772260789,0.3292740861545251
3500,0.05266321823000908,0.6087804788869489,0.21442415618840524,0.6208985365455812
3504,0.2293500155210495,0.5930778613426596,0.7027614840780786,0.5976858619354134
3505,0.03862488642334938,0.7408802568537716,0.5367618978296759,0.703813057303017
3506,0.10160795599222183,0.7714794453945052,0.6274274475139675,0.8524625188403586
3509,0.2089259773492813,0.5207370043110806,0.1176138123219376,0.4681981133368176
3510,0.10843127220869064,0.6845664881519216,0.5817369428107474,0.6081038314813028
3511,0.053723644465208054,0.7857418919449758,0.38725257423548276,0.7947580483381191
3512,0.18627417087554932,0.526138583743254,0.5029982442645209,0.5562039580601262
3513,0.08575328439474106,0.5958729635493121,0.4863027692218975,0.5244941507350129
3515,0.022755008190870285,0.7060320387087655,0.144038978112302,0.6580984713181771
3518,0.09859636425971985,0.7750491289106547,0.5399299275872537,0.8261180729739095
3519,0.0713624656200409,0.6733641530862022,0.35257485864359983,0.8513546730657381
352,0.31698131561279297,0.34644310391789274,0.06598445703878768,0.26046761852619893
3520,0.04520941153168678,0.6593470999546722,0.28969041664852624,0.7250084479497335
3522,0.1294337660074234,0.7683468663678894,0.4070164938037187,0.7437690676754447
3523,0.05114101618528366,0.7099125727604927,0.30550894916171706,0.81585517742659
3525,0.09653466939926147,0.7968426447144763,0.789372035608399,0.8277173860441255
3527,0.07832201570272446,0.6695563439941288,0.5095827504543482,0.5971800341806427
3529,0.04250207915902138,0.5903014268108389,0.1387159750098448,0.6506327406091469
353,0.07313624769449234,0.7945111263117429,0.6801873376590745,0.8262091137590215
3531,0.1386648267507553,0.6944389934389574,0.3106678608782546,0.6821223437412575
3532,0.08508087694644928,0.6974736582375138,0.4118872159686216,0.8180439790026734
3533,0.1848798394203186,0.6099034566997497,0.49782006382933874,0.5588706101253649
3534,0.025666993111371994,0.5211835792175092,0.04604395349920869,0.296537519060058
3535,0.017611481249332428,0.5010731956166048,0.011458368741107594,0.2744354786042883
3536,0.188486710190773,0.44918413533626855,0.013987313713309255,0.3072271894014915
3537,0.023008916527032852,0.517101310429962,0.03669604139241728,0.31097766635808033
3540,0.030059006065130234,0.5461964489149093,0.0976837321569223,0.3068785652703503
3543,0.06526698172092438,0.615551164158836,0.14480002755577373,0.6099643219514023
3544,0.09812818467617035,0.6945754349073896,0.5697378810794361,0.7673148686077543
3545,0.019617585465312004,0.7878750128318674,0.4576017842992702,0.6457866523021167
3546,0.07390738278627396,0.7426312000831959,0.607059625638774,0.7217530385793662
3547,0.09951533377170563,0.5351725967707871,0.12345496551406865,0.568868317532556
3548,0.08735502511262894,0.6244756794620823,0.17987103763173717,0.6862101752269574
3549,0.05720320716500282,0.46445288919097627,0.00604212469707861,0.4383521773023772
3550,0.14299343526363373,0.4331953888420386,0.015153277639792807,0.2954298057105656
3551,0.09362395852804184,0.4587156113312227,0.051282236390868464,0.2623990747048184
3552,0.08451732993125916,0.7617417882520154,0.681531844661795,0.7573335080142259
3553,0.028146270662546158,0.7995795966676018,0.43003198460747455,0.8324527849204659
3554,0.1748705357313156,0.4752902557967354,0.07070294575799639,0.3890752120481834
3557,0.025511756539344788,0.9247432383971166,0.6960166063135574,0.9137016041276986
3559,0.007534098345786333,0.5050725242917825,0.007299272417229026,0.28176576572361933
3560,0.12405364215373993,0.796952567709035,0.7668011771067802,0.7766306466525004
3561,0.0310027077794075,0.9107085092373199,0.6500687919845257,0.9082409646600543
3562,0.08143220096826553,0.5615804758126188,0.1312715538684679,0.5355558540108531
3563,0.05497230589389801,0.828156259963708,0.6666404152290477,0.8894364805514616
3564,0.1261264681816101,0.48559574605137734,0.057288500352592045,0.6678830774702602
3565,0.07787346839904785,0.5962739193163512,0.1823253652387475,0.737076010954338
3567,0.044915664941072464,0.7613319519774152,0.4400960363765705,0.8644884508850575
3568,0.07777321338653564,0.5194427708385687,0.07505628815312447,0.40922173754808455
3569,0.043218277394771576,0.7440011405056823,0.5202455950734488,0.9068200245919804
3570,0.025043658912181854,0.5283449903438803,0.03906848224067697,0.4628406932695138
3572,0.04643462598323822,0.8903258836143959,0.6469619035735374,0.8667470909709276
3573,0.043296411633491516,0.7962360184587138,0.5598053067217548,0.8526520579345571
3575,0.009626992046833038,0.4979414668455801,0.003911042658316651,0.2531767321462588
3576,0.015316314995288849,0.5110197308622527,0.019811843539729028,0.2598073961560915
3579,0.12172231078147888,0.6258040642209646,0.5705444091366385,0.5997645718415812
3581,0.012808690778911114,0.5857808472712288,0.04648264807032995,0.49274517442888494
3582,0.11017517745494843,0.6101932468880346,0.420417303598686,0.646481146807582
3583,0.12697838246822357,0.5756412282566249,0.15818464277772104,0.7525600525859317
3585,0.11073485016822815,0.5931702125484236,0.3730845084355398,0.6223071762763339
3586,0.06294462084770203,0.8075990725444947,0.5557256471665888,0.8484039437593252
3587,0.1662600040435791,0.5622811655948339,0.4445360242459428,0.5929300259249352
3588,0.10466799139976501,0.499745660977178,0.23889958204102119,0.3706356359847983
3589,0.020676923915743828,0.5174781919977246,0.013881908083623367,0.30313407154942384
3590,0.06108030304312706,0.6592775918134464,0.16539891285723637,0.44815486148666245
3591,0.049095168709754944,0.7847711563419981,0.38577256375597474,0.8460149174942766
3592,0.03553404286503792,0.5064344074924988,0.03440954541459484,0.5717381866457221
3593,0.04566027969121933,0.8350586303877555,0.6577498136138946,0.8840861239276909
3594,0.12243350595235825,0.5635901863275057,0.13428538971792392,0.5984906234824485
3595,0.005509798415005207,0.4981136667441435,0.0010545744012903995,0.2526301944940219
3596,0.05946028605103493,0.812693992011743,0.7217385600123347,0.809619975943082
3597,0.10550254583358765,0.829968943904734,0.5082416932394836,0.8220492676903481
3598,0.06274604797363281,0.6409265362707216,0.25703848502862636,0.6669515487769389
3599,0.04960164800286293,0.5881275630671258,0.10973430583530147,0.4765860554617317
3600,0.029677044600248337,0.7498206972209154,0.33902146102580927,0.7732884245306162
3601,0.05138826370239258,0.7943894574454287,0.6440994620587058,0.8648809386304479
3602,0.1036641076207161,0.7406718500544451,0.7746812895977082,0.7224381634422261
3603,0.08783942461013794,0.73374190204226,0.6229886379046088,0.7162970043785684
3605,0.10374734550714493,0.7289808374483415,0.3128051786897028,0.713147867222574
3606,0.14968356490135193,0.5744716727103889,0.3699455696205896,0.628708502305785
3607,0.08965740352869034,0.46946579606382444,0.04841952527274963,0.2722808204189556
3608,0.07726165652275085,0.8186230979750198,0.6722410329144922,0.8824985370294276
3609,0.11980661004781723,0.457791627127724,0.022015907084652748,0.3031380658489886
3610,0.055021002888679504,0.7591894897949396,0.468617354901216,0.7622138632598683
3611,0.09914907813072205,0.8085927381416274,0.6499881403500537,0.8394746520855235
3613,0.061122797429561615,0.5225285817863754,0.032225751273166174,0.4171044864147704
3614,0.12674906849861145,0.6926512654782149,0.4720023771712445,0.8406408543752586
3617,0.08905218541622162,0.5480498054996242,0.10041920944615652,0.5585622162565109
3619,0.08582548797130585,0.6161671213383836,0.44929363298135605,0.5078871596456461
3620,0.038529690355062485,0.6496137195971721,0.22367780062033288,0.7119839400426592
3622,0.08466674387454987,0.4669798707689853,0.07010083041893134,0.6459633059767029
3625,0.12685324251651764,0.7397699517674916,0.5743087083331084,0.7705856755114746
3626,0.0325220488011837,0.8209725585056664,0.5493217881768813,0.8204624435768233
3627,0.1759721040725708,0.5922866016760984,0.5988064952762658,0.5432720920255729
3628,0.5047234296798706,0.30369739394097095,0.30813489203245853,0.27913986184083883
363,0.08641910552978516,0.6974646370258661,0.29503771993181405,0.6836549073303568
3630,0.06839054822921753,0.7005671389454998,0.28490504201260985,0.7488387361175808
3631,0.0633549913764,0.6780285629955796,0.3640943027639665,0.8207648209789217
3632,0.01745567098259926,0.8292891286111506,0.5090514773585064,0.8898328319152169
3633,0.10679206252098083,0.4987179572695442,0.10672963531344735,0.7080108181283455
3634,0.052041079849004745,0.6712903613577608,0.32498686560904144,0.869500598999787
3635,0.07477046549320221,0.6738297781305231,0.4702279111510309,0.6187251462422656
3636,0.06542665511369705,0.7367082192141388,0.3529603371143286,0.7951424678742662
3637,0.04193509370088577,0.7331484641092915,0.48024109007161936,0.8147077135073182
3638,0.09630003571510315,0.7244045615790902,0.5065098581121469,0.5887628789013434
3639,0.04388442263007164,0.5560946309230798,0.05998891947233709,0.4732369174960316
364,0.06708483397960663,0.4753955797236345,0.16995604770983344,0.3140110158597159
3640,0.06498453766107559,0.8313851655696418,0.6848688313703566,0.8413020731119372
3642,0.08069194108247757,0.4814874490768758,0.14881588294602108,0.30176723839729624
3643,0.07972680777311325,0.7448949077204666,0.5817545725906528,0.7407292358975519
3644,0.06543910503387451,0.6362812125012819,0.2516785075869314,0.6871257438282499
3645,0.07342810183763504,0.4657389775420985,0.02752846952259864,0.2548980698364629
3646,0.03673483058810234,0.469050511928559,0.0033371938098826835,0.5455649746567406
3647,0.00694938562810421,0.6486049765649764,0.11934390448470494,0.73129322732186
3648,0.08385410904884338,0.838885162891223,0.60997136601229,0.8515594290352778
3649,0.023793106898665428,0.7153015130542982,0.21705776655987405,0.6710058063774312
365,0.06641356647014618,0.9056059286595424,0.7043170308759366,0.868280341149086
3650,0.14629609882831573,0.45365438111336054,0.07075449073695858,0.547584538379425
3652,0.13560441136360168,0.476661889591323,0.0757123792865339,0.39774065917138324
3653,0.09121055155992508,0.5266093651119316,0.17002882841076034,0.8094909936871768
3656,0.023664573207497597,0.5070881524371942,0.0329554729585414,0.30820458773098147
3659,0.05175882950425148,0.7593893103929401,0.43355203834445827,0.8042039871820887
366,0.10037604719400406,0.677241021581918,0.30456091458637,0.713900084397457
3660,0.03784530237317085,0.4850209900266156,0.0253174955880655,0.25339546129497414
3662,0.13356146216392517,0.664277176925905,0.26732617674493747,0.6715857836285208
3663,0.07635946571826935,0.6681092373447911,0.4372757991651707,0.5208839728960734
3666,0.06252996623516083,0.8510824757845888,0.6910188946819869,0.8374534012045104
3668,0.1890714019536972,0.5668669183889887,0.47031637761225487,0.5525526465543872
3669,0.08196043223142624,0.7839695244948053,0.5143604132368149,0.8427007878499477
367,0.047843798995018005,0.8962041008172614,0.7392637291978418,0.9188974553431821
3671,0.09898670762777328,0.4568782923321991,0.09471910539750611,0.2802947468778396
3674,0.06260847300291061,0.7192298922038597,0.3696037537395617,0.7597528985876407
3675,0.0599275566637516,0.7186584099354429,0.38660181350878275,0.8396936805933422
3676,0.0792662724852562,0.4672028779148511,0.0728513522346273,0.2662201221050601
3677,0.032098084688186646,0.7375031829408683,0.3521388723748235,0.7734702984918287
3678,0.03673320636153221,0.48433677223075755,0.020312957731129195,0.25400076350870326
3679,0.08876460045576096,0.5929402472595574,0.26288724420155496,0.6679721034465033
3680,0.03414538502693176,0.736389307065005,0.22414677607942546,0.6730311880097306
3682,0.13383114337921143,0.6600713404751573,0.5726700387631752,0.6044520078065614
3684,0.08174779266119003,0.650536016059037,0.5007858131402201,0.7008989393302526
3686,0.08268997818231583,0.6012880394307755,0.3493480155430607,0.8627220201883132
3687,0.030094105750322342,0.735483374477266,0.4539416248299791,0.8838738695734136
3688,0.09327757358551025,0.6790279571775131,0.6150712358970345,0.6473274555919906
369,0.2671416103839874,0.501023932640458,0.4689762564214466,0.42004795943665174
3690,0.04013869911432266,0.8803405475273071,0.7010751098071838,0.9332709706874099
3692,0.1936950385570526,0.6919232280605723,0.6226218823520485,0.5995227792349117
3693,0.12615564465522766,0.7408015323371105,0.6546657042534357,0.7788092466792494
3694,0.19303163886070251,0.6192208315786748,0.5253611310854489,0.6274616213840207
3695,0.08498374372720718,0.7520618975102222,0.6610160576845033,0.8439623094428538
3696,0.11397012323141098,0.7249690650919429,0.6097596101569606,0.8345614128328628
3698,0.05379701405763626,0.6676673745788266,0.5561926461574241,0.7921263750473166
3699,0.02018296904861927,0.4935305853163173,0.06012734618505816,0.3836340508497095
3701,0.025162309408187866,0.8556563255209606,0.4781195472176047,0.8715988151962826
3702,0.022040551528334618,0.7848542220825832,0.3938166725639549,0.8504907453541624
3703,0.08567091077566147,0.7693198006711006,0.3688700979113417,0.7577189281102528
3704,0.1004432886838913,0.8487099007243317,0.7524938502176928,0.8331424069389992
3706,0.054172396659851074,0.8970970082024854,0.7747053283845927,0.8707631994314422
3707,0.13196396827697754,0.586830155406041,0.21920794170593055,0.6736671987824735
3708,0.12388940155506134,0.8029496253740864,0.6983169899561055,0.7903272478398674
3709,0.07241912186145782,0.723814176188013,0.5104711460018453,0.799514733259912
371,0.06982478499412537,0.7197498379715683,0.36299935540611084,0.7973722528088275
3710,0.21582522988319397,0.42337389255553654,0.2555950117200564,0.3190274052313956
3711,0.04032290354371071,0.8276004330305844,0.5829979996144302,0.8639109045640834
3712,0.035544898360967636,0.9076306184120917,0.6422531171263223,0.8762353975512994
3713,0.07068470865488052,0.7945148474123617,0.6217134004356212,0.7675826334724114
3714,0.055085793137550354,0.6613170298077156,0.4401446749889145,0.8784480528114584
3715,0.13999313116073608,0.5051472821387798,0.30758042263172664,0.37908765549502277
3716,0.07725328952074051,0.637546546067519,0.31155108343263593,0.7833129926670865
3717,0.12732215225696564,0.4640593573163785,0.24897888739821242,0.3425221975150786
3719,0.11887308955192566,0.5583079414234695,0.30118791781837245,0.4863954757809178
3720,0.10256969183683395,0.8079737123644801,0.6127899655877681,0.825907001272031
3721,0.07452163100242615,0.7779729226169183,0.43993270160306247,0.8216039624435114
3722,0.07644259929656982,0.6489701410991644,0.4431591464565886,0.8777659994815389
3723,0.026661977171897888,0.6236361722901238,0.04955211457235802,0.5619358551819904
3724,0.10930512845516205,0.582994507355093,0.2880781245659015,0.5616112327739133
3726,0.06926555931568146,0.5895856660852365,0.20945228107244396,0.78722495124191
3727,0.03703595697879791,0.6746517114527864,0.21597873123804517,0.6669897904240252
3728,0.16162165999412537,0.6418108095773225,0.5418554636816503,0.7087754125036752
3730,0.2091377228498459,0.3975969381002184,0.03068151353061716,0.25434736918753
3731,0.3128714859485626,0.3516192253092747,0.11947985628350959,0.2740408937858241
3732,0.1945021003484726,0.5371692546312792,0.5283464855312946,0.5660141568890833
3733,0.27384528517723083,0.4507412126667599,0.3692410128969076,0.3652233163163946
3734,0.24117960035800934,0.450670342001645,0.3902792019190701,0.36888586885077834
3735,0.05288756638765335,0.7679451827149746,0.3289123555910875,0.7907312625449191
3738,0.1132296472787857,0.452537112559746,0.05418264422444999,0.6150897411504352
3739,0.21088507771492004,0.4008737443474185,0.0982063190781884,0.27141084498707624
3740,0.04329952225089073,0.8970491614479872,0.7487066673963695,0.9309927525699258
3741,0.08706572651863098,0.7390111434863216,0.4576049862145188,0.8289761469412051
3744,0.0947309359908104,0.6295367898791249,0.27730963556796595,0.7191285978187243
3745,0.14412136375904083,0.48548919344513514,0.03347953733289166,0.5257078438582042
3748,0.09076875448226929,0.5491257001006408,0.32047580664006287,0.4694548998785618
3749,0.036099161952733994,0.8421724616262555,0.7151771698037215,0.9192836371380948
3750,0.07790444046258926,0.7520409423470381,0.6444584634429523,0.8246595566737575
3754,0.03351741284132004,0.6657872939562043,0.3826337480735012,0.8619060154181115
3755,0.05159083381295204,0.7987380472400241,0.6595506811319183,0.9068315240632332
3756,0.07467315346002579,0.7638642664218367,0.5035771361190942,0.7891347529200561
3757,0.12598857283592224,0.6076792188711976,0.22676062276755393,0.7282138180076204
3758,0.13297635316848755,0.5992919346953203,0.41897076536115024,0.7815726490678648
3759,0.06953026354312897,0.4642493968482205,0.03636915065891801,0.7875136497101164
376,0.038438379764556885,0.7462504933690441,0.413591532923055,0.8436858025190294
3760,0.24308866262435913,0.5634307772316353,0.4981216761666498,0.5019147993050572
3763,0.10113038867712021,0.658217102325315,0.5610409253254226,0.7088711996068013
3764,0.0823722779750824,0.8109596531271018,0.7963000611297888,0.8499654254706297
3765,0.18872924149036407,0.6068035064144103,0.5751415060083637,0.5613132986487079
3767,0.10519944131374359,0.7768268507023578,0.6582912328462981,0.718839600298266
3768,0.13669297099113464,0.5229536058126976,0.21911098866526788,0.6190161753007065
3770,0.10296221822500229,0.6138222672442243,0.3648776542361806,0.7622860437016941
3771,0.047733124345541,0.7366919413829043,0.4277474061766875,0.8450760675978287
3773,0.262683629989624,0.5330772699539174,0.46097978254419036,0.46406046146926433
3774,0.10860288888216019,0.7445700460734064,0.7975228291062813,0.7687866044909275
3775,0.09557737410068512,0.5911015755162294,0.08736829987159134,0.48064888654532706
3777,0.05399967357516289,0.7059641753096193,0.3061881604803229,0.7981463657438734
3778,0.08251550048589706,0.8345399638096707,0.7332284921872672,0.8723160039619264
3779,0.0694061741232872,0.7427503362429799,0.4420988942316386,0.8513289285463234
3780,0.05616527795791626,0.7713120406448236,0.453084324278937,0.8714400028189688
3781,0.09183521568775177,0.8254170081816508,0.721232154052885,0.8134286912563133
3782,0.07333264499902725,0.6168495936456606,0.2995597793265161,0.5938122868458717
3783,0.12796327471733093,0.642710498023074,0.26239120782374664,0.7341046128121422
3784,0.1515582799911499,0.5862248546583687,0.20304554060171598,0.716192290772955
3785,0.03822198510169983,0.883484614912974,0.8020076193827342,0.9049653869567241
3786,0.2595730423927307,0.5111401713762025,0.41763591224761076,0.6509825753455745
3787,0.05715317279100418,0.8036276278963355,0.47499556793056374,0.8703835519543269
3788,0.2863421142101288,0.5160155217814902,0.44171309756307225,0.45159911874889075
3789,0.09477106481790543,0.7200019614222113,0.41141091584518574,0.8345410095609223
379,0.13950274884700775,0.7729216214428629,0.7294331682236392,0.6755137406286028
3790,0.03981846198439598,0.5965970372247957,0.11364112981056966,0.6062858432632405
3791,0.09218763560056686,0.6367233029082516,0.325334936488244,0.8116409104760605
3792,0.06327567994594574,0.740968403864416,0.3910098158414716,0.7518464805887328
3793,0.046417783945798874,0.829784469435208,0.7088586987097063,0.9052837020757196
3794,0.07711153477430344,0.7581500242929766,0.6073932675750328,0.8168338950625902
3797,0.0953536331653595,0.6470966662608136,0.4365723493167908,0.6610681930079113
3798,0.03692194074392319,0.7776942057546521,0.4312041366525806,0.8245052873104349
38,0.17914500832557678,0.5918571397490937,0.43483448122702745,0.5660494170389344
3800,0.10974141955375671,0.689671576243284,0.37759430896065194,0.790087434229305
3801,0.05545826256275177,0.8690578728349203,0.6737293867288408,0.8561552270825514
3802,0.10962928086519241,0.7343618499194113,0.5319010043028963,0.8522243022425459
3804,0.07742318511009216,0.7000448464380331,0.34000053616264714,0.7482993181441902
3805,0.19574081897735596,0.5531188243385701,0.45503050577752147,0.42558121361791273
3807,0.033052459359169006,0.6662521762274974,0.3264981281036985,0.8940293228551719
3808,0.04815102368593216,0.7745642365508105,0.5337471273460715,0.8975687682727851
3812,0.09809153527021408,0.7114678587098351,0.3400356472561541,0.790363810050483
3813,0.05035450682044029,0.8181414834405804,0.7547670246298894,0.8749899344026669
3814,0.09966406971216202,0.555414668763643,0.3205513817370299,0.4355549477813456
3815,0.08152972161769867,0.7144095761369518,0.4442994145460003,0.8020276238359154
3816,0.22493720054626465,0.7166926885801941,0.7650795435275664,0.6478639844671225
3817,0.07664680480957031,0.6989570804608972,0.44838038487086057,0.8436316926340146
3818,0.040910203009843826,0.5851141821186602,0.29501944406611663,0.43956749613525326
3819,0.22094286978244781,0.5254928482985237,0.26824519542992586,0.7148581707853261
382,0.06457433849573135,0.9008232300477994,0.8538763647113387,0.8726938401607288
3820,0.057616546750068665,0.8478662523692182,0.7178731038192514,0.8203835476405164
3821,0.04859953373670578,0.7546234317454197,0.5143054690996249,0.8055709882267494
3822,0.20291785895824432,0.4864650852259213,0.3590356596992029,0.4095307178406439
3823,0.07953889667987823,0.8618866793044171,0.7813827925954078,0.900082159835426
3825,0.06305547058582306,0.7786023870873787,0.6283504009540917,0.8840328165696577
3827,0.033078622072935104,0.8157599135762283,0.5945128662939937,0.8996201467631234
3828,0.05205284804105759,0.6282833759790816,0.19005785512465773,0.6504357727287876
383,0.09996125847101212,0.7876836586881629,0.48215119480137175,0.8075259338649381
3830,0.0755903422832489,0.8471930845050017,0.8150922687076634,0.8733625452560309
3833,0.05582580342888832,0.8521986679832153,0.7316242456997596,0.9156841578251143
3834,0.05258503183722496,0.7385672340632026,0.4592424203859761,0.9067389314975147
3836,0.0391237810254097,0.7816927510775211,0.7975114235045612,0.8445301451388443
3837,0.08308087289333344,0.5270085778308778,0.08218137804937146,0.49442951876477437
3839,0.10129369795322418,0.8218021705932801,0.6964367643042985,0.7888041411461166
3840,0.09416215121746063,0.5576022467175796,0.3995439924198605,0.45727472925123613
3841,0.3123796284198761,0.4240266764820684,0.2683903870781027,0.4008997741771223
3842,0.16974574327468872,0.578278610297227,0.4671031529441437,0.4623726559134598
3843,0.20273160934448242,0.7116548565343579,0.6312902763895668,0.7198641568205411
3844,0.1295423060655594,0.5530016688421802,0.18203939652942697,0.6533048718686362
3845,0.05894942581653595,0.8175202184338086,0.6745286237796397,0.8793622368702699
3846,0.10091454535722733,0.6768044205850297,0.28018942182227313,0.684384186377798
3847,0.033631667494773865,0.7428711433633295,0.5034208286592862,0.8653910623093095
3852,0.13264413177967072,0.7724234111121099,0.7199902725036239,0.7825596303757716
3855,0.10863346606492996,0.49923240835719407,0.2829787171337311,0.3594780942669095
3856,0.06801756471395493,0.5751800781465074,0.2063357985614991,0.45637617048195556
3857,0.09637940675020218,0.654144461283255,0.49709234239697964,0.7252589609410678
3858,0.05457209795713425,0.715817440347774,0.33597616591834906,0.8300485804641924
3861,0.12080393731594086,0.592184907063419,0.42943196294603225,0.567198515406941
3863,0.08568956702947617,0.6571411731603909,0.4280662783915163,0.6458253082493157
3866,0.09627450257539749,0.6441230405155554,0.38696503549329164,0.8538685285533592
3867,0.08908016234636307,0.8569107700522098,0.828005401101052,0.7888539317065217
3868,0.06679847836494446,0.8197086445279653,0.7024293139510609,0.8345656390608989
3869,0.19439823925495148,0.6915537193998196,0.7122215737534491,0.6540880906813694
387,0.1361333131790161,0.697691213245276,0.6607462650472694,0.6390827216233592
3870,0.10204203426837921,0.800555308872793,0.7587008753978671,0.8410877573364702
3871,0.10190565139055252,0.8053719188586623,0.6942496007311499,0.8202347462373397
3872,0.036013197153806686,0.7974108605482698,0.45561933144996286,0.8963135496835142
3874,0.03259430080652237,0.4837711466969713,0.022650980427696314,0.6729661414984905
3875,0.05528254061937332,0.7462988763090734,0.5448228637610063,0.8770236697576146
3876,0.05117226764559746,0.6843074812119752,0.2874212737980958,0.7088538609110255
3877,0.10207866132259369,0.6727776142064782,0.4444904878738722,0.8536146833059048
3878,0.05594714730978012,0.6434134506551057,0.27764552321055436,0.7682093583280762
3879,0.0818532183766365,0.7266008962658974,0.5249615959819797,0.8524150436135536
388,0.23370569944381714,0.4559380393618064,0.41133713753791906,0.3857313541759246
3880,0.04502902179956436,0.8106790238235653,0.6649787601996398,0.8062607950416323
3881,0.019095351919531822,0.695900719604204,0.2401437629716821,0.5799760846934341
3882,0.0491655096411705,0.7244349081380955,0.19765326104839331,0.6619112604195168
3883,0.06597203016281128,0.810199376184654,0.7095471195275739,0.8813620306383783
3886,0.07394483685493469,0.5058076837090372,0.11391599505375281,0.49463485113084593
3887,0.1363208144903183,0.44358485748843995,0.005085850424913794,0.2772704152186879
3888,0.10427943617105484,0.7354257280023531,0.4941830139482851,0.8233713245644407
3889,0.04482731968164444,0.9210401165159163,0.7663245917730522,0.9191657396934583
389,0.10666410624980927,0.8268185400518389,0.7509854213375117,0.7564135886514411
3892,0.31927210092544556,0.34408990899086406,0.07449466646784808,0.2597963737654022
3893,0.07621467113494873,0.7297156910441444,0.5859339455647032,0.8909888011231339
3894,0.2834077775478363,0.4799418893239904,0.21392743388382895,0.5204754176316537
3895,0.07781215012073517,0.6152517522461269,0.45639880587632736,0.5655054665713968
3897,0.04095085710287094,0.7564630498346651,0.3936011239460483,0.7876413720836788
390,0.10643506050109863,0.778530566009525,0.6504356283457904,0.6739506005032379
3901,0.17573708295822144,0.6169135842563351,0.49217195469732106,0.5317802559377567
3903,0.13033679127693176,0.7452047879193161,0.618745964053899,0.624370839144363
3905,0.09823701530694962,0.7668196252054691,0.6020849716706447,0.7888550184423857
3906,0.06584762781858444,0.8693015806250429,0.8734168059342301,0.9012142663553988
3907,0.08607952296733856,0.7511652224428422,0.5579260972653216,0.8558454812257151
3908,0.06044086813926697,0.7957843594790017,0.5928193832431676,0.8849436655478253
3909,0.24022455513477325,0.5323382830191098,0.44215794259828295,0.46221441068294467
391,0.1817237287759781,0.7044085931352999,0.7248916326046001,0.6629839621576883
3910,0.05079535394906998,0.7040929613863267,0.32759711948007886,0.8298276702659768
3911,0.05325882136821747,0.645131306858988,0.6068163707874502,0.648308655233004
3912,0.08339434862136841,0.8265379502056007,0.52330690335218,0.824168799467943
3915,0.05480844900012016,0.7203198096383994,0.35468204411710186,0.8304339220103847
3916,0.16240407526493073,0.7385013851250494,0.6370656839807837,0.6826725855027469
3917,0.27426308393478394,0.5628214890637573,0.6690467322873833,0.5568109866430102
3918,0.11818544566631317,0.7537529535146339,0.5602071271081076,0.805079183520053
3919,0.05290313437581062,0.8714084408471857,0.5188337701423139,0.8210138714815467
3920,0.16046981513500214,0.6474434695300705,0.4937698460964017,0.8031323463828342
3921,0.1623254120349884,0.42174399222657827,0.03846252867164113,0.25834911255729964
3923,0.25701987743377686,0.4188720054802623,0.2742262562813815,0.32391763591886147
3924,0.07891520112752914,0.7268150054212548,0.5056053234441358,0.8382460611908314
3925,0.04503142461180687,0.8995573110988311,0.7431324209287922,0.8891286451876035
3926,0.053664274513721466,0.6917042195142892,0.3583317373961271,0.8801372240279545
3927,0.07827604562044144,0.7699268317945165,0.41680421990460437,0.7875627204955793
3928,0.04227777570486069,0.7355032194332631,0.4045597460674578,0.8980147280460913
3929,0.14994566142559052,0.7472466784935801,0.6953986643821479,0.7294225074277586
393,0.07866691797971725,0.6673316342437887,0.24369758520274357,0.7050796228655483
3931,0.044288814067840576,0.7703279295263827,0.4637414054100009,0.8547209491128884
3933,0.14764505624771118,0.6412076371802894,0.29510426857123173,0.6713601833641408
3934,0.08748723566532135,0.6687778750737672,0.528815955759182,0.6225600009074646
3935,0.3465201258659363,0.509684161229053,0.522172483806022,0.4719576133103535
3936,0.06905447691679001,0.7894545028996656,0.6655030372755987,0.8412001057845279
3937,0.1835169643163681,0.7618652792613105,0.8047518503601888,0.7497631049646113
394,0.05769246444106102,0.7396042438427815,0.2800866966118402,0.7805425962324748
3941,0.07100169360637665,0.7424534304100818,0.48277181268126534,0.8384567514372594
3942,0.08164628595113754,0.856877325074316,0.6568886729986327,0.8696840955841194
3943,0.05426229536533356,0.8046384842193431,0.5989302728669057,0.861644483116816
3944,0.03654893860220909,0.7116009950679758,0.2076160036682628,0.6977021939111254
3949,0.06285855174064636,0.686409278676289,0.40014740159483486,0.8427694549304042
395,0.25893154740333557,0.45135347884789523,0.2439959207570365,0.3635078565050962
3951,0.12634721398353577,0.7601110983850714,0.729503415237239,0.764719432686821
3952,0.06494318693876266,0.8648953789593512,0.7207734358466467,0.8640969267809154
3954,0.1250545233488083,0.471594777829157,0.0761277538777219,0.41359889694495583
3955,0.07541287690401077,0.8755184610383682,0.7669430802643447,0.8910113953983716
3956,0.0763673260807991,0.8835419430041491,0.5688271032744088,0.7965957462638227
3957,0.20558498799800873,0.4250393882194968,0.22442962395839988,0.3110054505340182
3958,0.22050806879997253,0.5958617508111772,0.41073096401231546,0.7055057138046421
3959,0.03955845534801483,0.6925335581593297,0.3003298815115875,0.7726861383733148
396,0.09499168395996094,0.8404402953722042,0.747456144766867,0.8035376957384976
3960,0.11665024608373642,0.5999713362161541,0.18821481874580728,0.6011389614343083
3961,0.10584793239831924,0.6145225898838445,0.36911548982835374,0.7505614527000635
3962,0.040556952357292175,0.6356048623411954,0.18313827690552933,0.710092008180918
3963,0.12909109890460968,0.8355498592410919,0.8053883306189744,0.8284958054749766
3964,0.07320725172758102,0.6098726392976437,0.189476475034495,0.6332951738374675
3967,0.09755439311265945,0.6141583333335068,0.20248386197714563,0.6281634318552847
3968,0.04855785518884659,0.6516159917891847,0.19543296294713094,0.650945970393459
3970,0.05126631259918213,0.9025397413929972,0.774590823087586,0.89583966081102
3972,0.1115938127040863,0.7261758242079701,0.4675786263499914,0.8066673956520425
3975,0.02930040843784809,0.7261662007669225,0.5680464113482464,0.7595806837021585
3976,0.14273913204669952,0.7005359977110054,0.5835995793416873,0.7175213555937155
3977,0.031158410012722015,0.7722830233666682,0.6585010253943809,0.8399668517515826
3978,0.10583359748125076,0.4757220699483372,0.16675437849050456,0.30692092981230934
3979,0.06395804136991501,0.7375342081912977,0.4095720257675235,0.8612069896037791
398,0.08324796706438065,0.7844360941159302,0.5334478813559678,0.7652773196731305
3980,0.07884721457958221,0.6163996439776754,0.17107411514189053,0.6157429099714553
3981,0.11354861408472061,0.7122989691080064,0.47119910521882985,0.8054870197924866
3983,0.03519517183303833,0.7153054561997209,0.45426750872529786,0.784919445074437
3984,0.054108574986457825,0.881352449614631,0.7732348619446667,0.915746670241238
3986,0.0321226567029953,0.7698586511318336,0.4548905039852775,0.9034801088257214
3987,0.1023140549659729,0.46709515575551835,0.1543550010170335,0.29956659379976824
3988,0.02689092420041561,0.7516596480328639,0.399851001713233,0.8915218528375947
3989,0.1427055299282074,0.6204701357485048,0.49460269040318183,0.602752725465246
399,0.08749493211507797,0.45809181714802477,0.021986812329297306,0.2537415980427122
3990,0.04981217160820961,0.520032333611606,0.04364530682864465,0.4956639023180285
3991,0.0907897800207138,0.5878507162834193,0.14869329306103685,0.6800236987560585
3992,0.03913670778274536,0.6954512188321269,0.2854206303517366,0.7392245807056887
3994,0.059216324239969254,0.7971942277899774,0.5642282916322039,0.8501482857745664
3995,0.03971071168780327,0.7386799919149996,0.34612573600585517,0.8486141182359732
3996,0.17539671063423157,0.42286252140925645,0.10085921018387137,0.2723376214183233
3997,0.07400263845920563,0.5087719918211684,0.09448441762002206,0.4823492692702267
400,0.31228122115135193,0.5974041135471071,0.6866951580277565,0.5139289204756934
4000,0.05978677421808243,0.7278931231360413,0.4217158997769558,0.8245758724824026
4001,0.20743794739246368,0.6941088977656498,0.6303535616945123,0.6287621529877913
4002,0.19235502183437347,0.4063910528681714,0.03827768552329903,0.25566889803477344
4003,0.08580878376960754,0.8814897432386284,0.7472331867898703,0.8603687241462731
4004,0.2078094631433487,0.41381010680241304,0.09727637855663505,0.6980102803039328
4006,0.07286602258682251,0.880233932825168,0.6909944968899482,0.8897974623661079
4008,0.07285335659980774,0.5763961996799148,0.15183926748999035,0.6717561977822767
4009,0.22626528143882751,0.7130081725181459,0.7442437083767328,0.6760117081364561
401,0.07480459660291672,0.7343670804268149,0.32553151378411066,0.7149033198650669
4010,0.2990301251411438,0.5335664637706118,0.4703968781924627,0.42836961478611535
4011,0.1180831715464592,0.8251551497128835,0.5444432119241465,0.7979290036050151
4013,0.34368064999580383,0.5081207723242419,0.5190599924144667,0.5383647300508423
4014,0.31154364347457886,0.5228679384192216,0.5769789034443715,0.4627171385077265
4015,0.1749800592660904,0.7160043920419494,0.6693926735465563,0.6457912554331944
4016,0.19316110014915466,0.711137713890686,0.7090190230099407,0.6969606325425591
4018,0.35930782556533813,0.5451956961138972,0.6355192012939415,0.4545425591260805
402,0.2495817393064499,0.519905240882869,0.5407153135561723,0.45297526272486116
4020,0.1511760652065277,0.6883940658313441,0.6002590477041241,0.7430962214163587
4021,0.1799909770488739,0.46172810699551,0.3514447230651981,0.36579510317930997
4025,0.0937453880906105,0.8538932320953878,0.7155225342066108,0.8238790976993127
4026,0.13945090770721436,0.6816731708006218,0.5759739118542637,0.6208668762377744
4027,0.19107936322689056,0.7092308736237847,0.737515085140116,0.6666307139912278
4028,0.4808203876018524,0.37186276871799323,0.5017111437594116,0.32211049562620525
4029,0.06652221828699112,0.8477373203105507,0.6563506222132153,0.851823313171123
4030,0.4938211739063263,0.2939492433600883,0.33253059441559,0.29525163356678724
4031,0.08487650752067566,0.8578239987390406,0.8188006018304603,0.8481560846337055
4032,0.1757604330778122,0.4135496002795622,0.015273628900527724,0.2522860401126189
4033,0.21022586524486542,0.38581976495921316,0.07851748862252,0.4095123704485989
4034,0.12631821632385254,0.7046229111779543,0.2720749182755889,0.6752309810877669
4036,0.07280180603265762,0.758361636024637,0.5822494100628028,0.8672935434698383
4038,0.06482379883527756,0.9279530612979274,0.8478411752236762,0.8964289135343317
404,0.20292693376541138,0.38943494292505454,0.06549070456127083,0.4987557884827795
4040,0.17138050496578217,0.7724772009410714,0.8248272499408049,0.7422615418790763
4041,0.10495498031377792,0.8309294853586584,0.7260918660623182,0.8414843759159616
4042,0.4697229862213135,0.4478224029118399,0.6147542276796346,0.36324654366835263
4043,0.16290216147899628,0.4206228744178148,0.02631397960091795,0.25412686594715206
4044,0.11617910861968994,0.8019810317339706,0.5814630944316111,0.8138303612334468
4045,0.18079668283462524,0.5731478231632654,0.47548035371335945,0.474216643904239
4046,0.2513226270675659,0.7133000711087839,0.85962234834248,0.6746567229784701
405,0.28977763652801514,0.48156310045062306,0.5737627777158867,0.4531765607820234
4050,0.1263335943222046,0.829286245515263,0.6698793345307924,0.8254969272353351
4051,0.4180813431739807,0.44940955409048056,0.5401480474887422,0.3790144638202043
4052,0.1810981035232544,0.5868859312833468,0.4528244710924259,0.7605676909459584
4054,0.47525498270988464,0.4773040573225124,0.6710620891947497,0.3849970488396291
4055,0.18673940002918243,0.7286397932554569,0.7687001689839229,0.6926441954006706
4056,0.30187293887138367,0.517323958758617,0.655903536869217,0.498506489721432
4057,0.31377702951431274,0.344901896919513,0.023144410896036752,0.2526905185780637
4058,0.2400658130645752,0.6117101842842139,0.7077628139329276,0.5743160220728706
4059,0.1407095193862915,0.6570013151820562,0.3291683087080249,0.7532028993617433
406,0.04248158261179924,0.8976290462233747,0.6930356787376529,0.9066394448406423
4061,0.139026939868927,0.7942019645869547,0.8450956212016169,0.7845238666782655
4062,0.08232756704092026,0.8009807178527277,0.7735930882259574,0.7687173784220906
4063,0.11500093340873718,0.8470380582825359,0.6999289729845231,0.8364350165231738
4064,0.08566129952669144,0.8466535274514703,0.7072134616227953,0.8548499005702761
4065,0.16650553047657013,0.41999968093229934,0.05128345470151878,0.2591398954404017
4067,0.43250468373298645,0.3061135799971138,0.19916993790270307,0.28334975615972724
4068,0.04738972708582878,0.9018178102950534,0.7681646591656054,0.9054473532354241
4069,0.13361498713493347,0.5344336208963152,0.40485363905264543,0.4121641557251967
4070,0.12495169788599014,0.625090528271122,0.4250989691627881,0.708302126488598
4071,0.4046722650527954,0.3321960573664121,0.26033726817842917,0.30564188121340374
4072,0.04710174351930618,0.8989305847260098,0.7403785638913507,0.9066050561557251
4073,0.4160293936729431,0.3697748707849383,0.3049026089577853,0.342823694159783
4074,0.05907947197556496,0.8595754093658949,0.7313550505794675,0.8920868237801594
4075,0.009939828887581825,0.5201918539944692,0.02327397733398702,0.27066961399653355
4076,0.14019902050495148,0.7661815834191946,0.73507578385923,0.7253927435650769
4079,0.20956510305404663,0.3975726787481809,0.04140807652925677,0.25545675627854014
408,0.08494747430086136,0.831828559767649,0.6627461756041924,0.8543421397313427
4080,0.15770794451236725,0.6905209593491721,0.49033290266725515,0.770882225624988
4081,0.16617096960544586,0.7380791984172413,0.7742486680872961,0.6954225023149965
4082,0.08875686675310135,0.5397429673027934,0.11604027959473563,0.48518863896223496
4083,0.1942616105079651,0.6875374691082958,0.7631242147058149,0.6701105035623798
4084,0.10153200477361679,0.8442743704444511,0.7999739984509309,0.8609622523727464
4085,0.33853375911712646,0.32989590687293435,0.05334519351580041,0.2637155994030306
4086,0.20201072096824646,0.4017907977098485,0.039522860585144204,0.2560274088830021
4087,0.09553847461938858,0.762695127434317,0.5576736150890773,0.7422121136701012
409,0.05622081086039543,0.9173901771808274,0.845429418320658,0.857309444466611
4090,0.16468672454357147,0.6313919153105899,0.40967596857670985,0.531405232967312
4091,0.10058838129043579,0.7127982817813888,0.4122184658405735,0.8299187846393726
4092,0.16203202307224274,0.44073834678595925,0.07770528070449119,0.6566158053354886
4094,0.21519547700881958,0.6718303609549148,0.7533758009724524,0.6525435679603191
4095,0.15415067970752716,0.7150071032835169,0.40592469969849226,0.7393742684175526
4096,0.397536039352417,0.5056593804970626,0.7216123880086197,0.4558586601855297
4097,0.14183972775936127,0.6723135620127672,0.6378074851355693,0.6145498781677449
4098,0.07176431268453598,0.8475738758137631,0.6751366812687465,0.8891414874191679
4099,0.30932873487472534,0.527400223868215,0.4831566814047236,0.41796663262301914
410,0.2073150873184204,0.7192156997097843,0.7736818673154715,0.6519275668248077
4100,0.23857134580612183,0.38566293142713715,0.10061660862455601,0.2745759396370239
4101,0.17309240996837616,0.6558885234909844,0.7047048871132764,0.6522474897112172
4103,0.41520529985427856,0.452137422131513,0.6396114927855199,0.4169583285925945
4104,0.07501480728387833,0.797378434467877,0.6522694244141047,0.8943766976385572
4105,0.1373089700937271,0.45785652354900935,0.028365410347467503,0.3252885951349531
4106,0.220017209649086,0.5483109806338335,0.6518762602395237,0.5441277111656816
4107,0.06341363489627838,0.614293732583657,0.10676890406954184,0.5676742909287047
4108,0.5972264409065247,0.26632812340313566,0.39943473872530716,0.2513431384960968
4109,0.11787313967943192,0.6292335738976423,0.21036229093929493,0.6694804781169339
4110,0.06575603038072586,0.8611975839953712,0.6405258231508615,0.8572903081859218
4111,0.3643738627433777,0.4319373876539405,0.41916567834379515,0.3671412745057231
4113,0.06884951889514923,0.7684757981605084,0.5924940774921099,0.6858157265752237
4114,0.29092228412628174,0.36176304255442626,0.10178619913277194,0.2692475051803309
4115,0.11790698766708374,0.5129124548171614,0.12036226809214132,0.5728416486001889
4116,0.14116792380809784,0.6155548622216681,0.21138641728592134,0.6785791098756586
4117,0.08855102956295013,0.5287631846856722,0.1695222873609937,0.721026082110867
4118,0.5237695574760437,0.3105103851539182,0.41484018616357765,0.29640619502275417
4119,0.2392120659351349,0.6324860332310458,0.7754822598020062,0.6253145044959172
412,0.08329590409994125,0.7102131992326952,0.41761381173748124,0.8086301165165124
4120,0.14068782329559326,0.6467524885240998,0.30672094188094984,0.7689340491824037
4122,0.1325528472661972,0.8182039535553842,0.7054686361490485,0.7847773595544691
4123,0.343600869178772,0.4931908090873162,0.6046920133646836,0.44457777301874646
4124,0.08052808046340942,0.7152270489937684,0.43913435219132196,0.8400766394727669
4125,0.09499765932559967,0.8810872346324744,0.7505358960435211,0.8519144203798537
4126,0.10737525671720505,0.7046931222499881,0.45860412776023074,0.8319658931485485
4127,0.0627732127904892,0.8738264647792682,0.5999737509383459,0.8649880953360911
4128,0.11721950024366379,0.7299290705291475,0.6216384411693351,0.6260350617191365
4129,0.17230910062789917,0.5006175681975346,0.16631441764779548,0.709216003850167
413,0.13649167120456696,0.683027251626603,0.6517119448708405,0.6768776868667729
4130,0.2912798523902893,0.39348460562904225,0.3214908114226463,0.33654219397115115
4132,0.08259519934654236,0.8628355120424145,0.813187541552726,0.8186113824555632
4133,0.20846819877624512,0.731811098389682,0.7678394290298042,0.6788639480959844
4135,0.20981235802173615,0.6919964615050068,0.8019234018403067,0.6731846678065057
4137,0.5567812323570251,0.4001188749512804,0.623326544092452,0.2806299356532128
4138,0.2050057053565979,0.4203054120994226,0.2332931104951114,0.3206622622750268
4139,0.2876150608062744,0.49253463642632617,0.32832467365820467,0.49004567684885225
414,0.13593146204948425,0.7990127029231269,0.8284305747361836,0.7714211894736444
4140,0.10825200378894806,0.46196109906176475,0.06338211577939276,0.7498044180245242
4141,0.3716016411781311,0.31591664114609846,0.01985623198980763,0.2524702964825115
4144,0.1574050933122635,0.713338203256559,0.7189762883868875,0.6637671275792416
4146,0.09637122601270676,0.6688548542089764,0.4922210176555134,0.7784364684915677
4147,0.12488437443971634,0.7474112986170052,0.458630305745402,0.7481218928391102
4148,0.13555429875850677,0.5747955213723972,0.42822266147741256,0.7540034758983624
4151,0.055070869624614716,0.8712427200220718,0.6615842995743281,0.9050898130782916
4152,0.09341184049844742,0.6409196377993065,0.3520977539426137,0.8416643684827985
4153,0.20567448437213898,0.6099313799616728,0.5089692802294274,0.46253753286330557
4155,0.2938960790634155,0.5586907499420347,0.6808595036326444,0.5288620817352088
4156,0.2146192342042923,0.6538838283790576,0.43032695072818755,0.6010135527151775
4157,0.11444032937288284,0.7263609268881289,0.654070590368736,0.7879964493495483
4159,0.11266626417636871,0.7554944754194475,0.7565246206616996,0.7684618780229715
4160,0.08618433028459549,0.8393363673242197,0.7118462335560392,0.8311448113192799
4163,0.10260659456253052,0.5613870183647244,0.29882617126076244,0.44910661669459545
4164,0.13190990686416626,0.7204860623882836,0.38814740403535863,0.7104970127137131
4165,0.1546279489994049,0.4304621326303934,0.10859464664350851,0.27239915066985665
4166,0.09594625234603882,0.787318804686469,0.608034454130183,0.8362679579693406
4168,0.10975586622953415,0.7131591264554059,0.6577389577511737,0.7185979432188472
417,0.23889417946338654,0.4557591695901979,0.37631529305828093,0.3693331565888531
4170,0.12141148000955582,0.7471015377392325,0.7469813607298749,0.7374987324801775
4175,0.06045250967144966,0.8242777207257566,0.6420524789384744,0.8170198036080198
4178,0.11020953953266144,0.7378897493555736,0.5332216199294594,0.779092461645585
4179,0.0896095409989357,0.8245552646092991,0.7453453903544963,0.810938614693306
418,0.06352892518043518,0.73723661044929,0.278214251451216,0.7994853758302921
4180,0.1079431101679802,0.6516952971181832,0.53470070582125,0.6373069917123595
4181,0.11624250560998917,0.7442535207001257,0.703952443258183,0.753305011364864
4187,0.07154536992311478,0.7845399362289349,0.5314455952976798,0.8597107019287538
4189,0.1555936485528946,0.6668969468950345,0.4572394583659959,0.6142606143624758
419,0.035100307315588,0.8960516203326907,0.7336699693537773,0.9354999362484664
4190,0.22790348529815674,0.7033614736649423,0.7086715578054308,0.6287405449250388
4191,0.08278995752334595,0.7235324701432975,0.45121597032491756,0.8153067311563795
4192,0.14460588991641998,0.6482096875389279,0.4995454457684805,0.6846129041988671
4194,0.0778990313410759,0.7586597312847326,0.6624455461310546,0.867271363944333
4196,0.05441809445619583,0.8788845520286932,0.6371483476585791,0.886108121190104
4198,0.058511875569820404,0.7708523884742304,0.5507542643401733,0.8542542790915338
4199,0.12591838836669922,0.8010200949818618,0.7759237791051987,0.8144971558791309
42,0.12584084272384644,0.595932970959571,0.22690058944382183,0.710743640134617
420,0.1014820858836174,0.753732610287289,0.5932404459129638,0.8190829934973032
4200,0.03810051828622818,0.8552366383340737,0.6495775332618543,0.9214661988061787
4201,0.15267981588840485,0.45016950724924853,0.2222748886905441,0.31645272053002615
4203,0.06882908195257187,0.8964744392068411,0.8078048474619215,0.87645675236679
4210,0.13085871934890747,0.5216010861532111,0.3992284620754383,0.4222725495217202
4212,0.18549172580242157,0.6232045809828355,0.2372717007234176,0.6154618998829375
4213,0.11190876364707947,0.8341395781448655,0.8434034966005352,0.8232831823874991
4214,0.0842970535159111,0.8830079547582724,0.6926583131171433,0.8369207474224525
4215,0.11413075774908066,0.7288726485091488,0.6857013454932726,0.7746104008739931
4216,0.08479612320661545,0.4985678650866698,0.03322303079485584,0.5969777205510338
4219,0.14392408728599548,0.5858307709668389,0.3241618160074856,0.7880726054554694
422,0.051745861768722534,0.5804117812596927,0.03648122134178008,0.5108996849384421
4223,0.09634964168071747,0.6546749382647981,0.2089758170176915,0.6801730309937934
4225,0.05711977556347847,0.9079025800109766,0.829705211696786,0.8938481224359988
423,0.06803970783948898,0.7794711721973513,0.7422604292393638,0.7850111019682695
4231,0.1409938484430313,0.7153743991547594,0.6087975430893533,0.7484661878802289
4232,0.07576313614845276,0.6515615663669905,0.2646720918653316,0.7137507693755327
4234,0.08564687520265579,0.8353136898191443,0.7934080723870167,0.8293114391119334
4237,0.051756858825683594,0.9009916957264712,0.7893989224870123,0.923151157916356
4239,0.13297900557518005,0.5284901240734584,0.3862069635629897,0.42624965033435114
424,0.18591506779193878,0.6616639758678599,0.6480608119211722,0.618027256237143
4242,0.22290818393230438,0.5601311237330648,0.5228931428012769,0.4702049156741802
4243,0.1693861335515976,0.4401698630832847,0.14894155940633533,0.6347900125162693
4245,0.20121125876903534,0.5186602582824179,0.37027823977412117,0.4847983206424105
4246,0.036181412637233734,0.7739892246480131,0.5835694139808301,0.7864315198813241
4249,0.10866150259971619,0.7242159706123907,0.6619882516846133,0.6932909401896236
4250,0.06771627068519592,0.7840326857237188,0.7385809647058883,0.7766579314772923
4252,0.04374415799975395,0.8990701437714568,0.8079116212577756,0.9159222316017506
4253,0.11106740683317184,0.7692428917827674,0.5903522062796464,0.8267999988651384
4254,0.07773827016353607,0.8308704751730814,0.7259264164546857,0.8662549407405582
4255,0.1540115922689438,0.6488244287499794,0.6963938528413026,0.6548374035720451
4256,0.05767904967069626,0.8765413607721436,0.5622681665316345,0.8140235368528277
4257,0.1693684309720993,0.5258521273605082,0.28561439838325536,0.4741128742928321
4258,0.14060868322849274,0.6961213192001534,0.7105856422391502,0.6665081614411056
426,0.14300234615802765,0.4438398365612813,0.13465411078782313,0.3176413365435941
4261,0.32935893535614014,0.5346222521533632,0.6454375799774904,0.48826987759463913
4262,0.11233484745025635,0.753900242612928,0.6534453317189545,0.6274880956709259
4263,0.18558692932128906,0.7074213256593539,0.685176436077884,0.6635459729867597
4264,0.42373228073120117,0.37367275839044006,0.5118902818210804,0.3651940973140287
4265,0.1276671439409256,0.6772014400548286,0.5853850595966037,0.7490481931768789
4266,0.055388543754816055,0.5652529469182899,0.3976477870386818,0.49984182954097844
4267,0.1380203515291214,0.7303218837399605,0.523309828986059,0.7769056166457473
427,0.1796167492866516,0.6157729686579473,0.3963030638967458,0.7766084293748545
4270,0.19616617262363434,0.6057992014246563,0.4563021140825299,0.6494106716991859
4271,0.04447115957736969,0.8742805738847922,0.6785438825802712,0.9212482593516497
4272,0.06844783574342728,0.8772624882047353,0.7413278017128969,0.8993482170414858
4273,0.05089467391371727,0.48909794470419654,0.04512053864816156,0.7253795034877044
4275,0.12065371870994568,0.7748309347605375,0.7259038358745608,0.7691319412752619
4277,0.21754127740859985,0.5321501245677525,0.5757200440196216,0.4980896272760468
4278,0.07366273552179337,0.6720608738568286,0.2738968911085726,0.6913503096175155
428,0.06423266977071762,0.866436447029346,0.6272014831086866,0.8747505451932275
4280,0.05002376064658165,0.8210452788085952,0.537250750548268,0.8801574053139121
4282,0.1258327066898346,0.4458045607109516,0.0812740377205505,0.2663696152171148
4283,0.10971300303936005,0.7523944301548462,0.6964627071494506,0.7584414891979084
4288,0.17365604639053345,0.47481692102957523,0.3089015780121467,0.40536281606661506
4289,0.11411681026220322,0.6551868781829817,0.392092496504456,0.6838309474072306
429,0.44923532009124756,0.2983550477947678,0.286033432046448,0.33821061868750607
4290,0.08855343610048294,0.7183269470662339,0.522775366283168,0.8724856357349065
4291,0.1231158971786499,0.703818449512688,0.4941633315343381,0.675808312880972
4293,0.2286437451839447,0.6950520471431194,0.7005041718125704,0.621655659432027
4294,0.07863716036081314,0.7077012426754308,0.4657281237438036,0.8566749922622909
4296,0.15939758718013763,0.7510106655284271,0.683910949619563,0.6721805724292917
4298,0.10565084218978882,0.7483796481020896,0.7843413023837237,0.7996681166444006
4299,0.12793013453483582,0.43916486806121846,0.04115695135512165,0.261148111727591
43,0.04077135771512985,0.8874478113705846,0.6224209583091541,0.8971281609833062
430,0.0451616570353508,0.8598017323003142,0.5834427445016445,0.8938843230369734
4300,0.16767016053199768,0.6025543501642119,0.5435284141771916,0.49989762615386163
4303,0.20467284321784973,0.5907484959223764,0.5782641220200427,0.5309892259136908
4304,0.1411769837141037,0.7485986698192058,0.6865557295197373,0.7790846729582079
4305,0.1850322186946869,0.6596154788493627,0.6207303077537201,0.5866160060390415
4307,0.06698856502771378,0.8270260344034872,0.5869023191335675,0.8906517372686467
4308,0.09683645516633987,0.7569274622722474,0.4996561491018465,0.8404579967682567
431,0.0610489584505558,0.4719183735417238,0.033272758210684164,0.26910228705837236
4311,0.09818048030138016,0.747929051927952,0.6627897879952901,0.7720265163490644
4312,0.48506399989128113,0.26288516502540127,0.08322204202860686,0.25994735163538096
4313,0.04547584056854248,0.7305532042997784,0.45396545040256914,0.8937267316675725
4315,0.04633447900414467,0.8506498693550837,0.670518637971993,0.8956236829879758
4316,0.15542659163475037,0.43846393071263673,0.22472460590956214,0.3152801541740365
4317,0.07251033931970596,0.7873224871687301,0.6715958129834246,0.7697349143480507
4319,0.11691103875637054,0.5468377073393681,0.17997677386907335,0.3341911229074344
4320,0.045642443001270294,0.6785598146030166,0.41016164910342134,0.8504774085582802
4321,0.11912326514720917,0.6478703733271982,0.3140635627715925,0.7763428651519155
4322,0.19394317269325256,0.45657149600436203,0.38195045359817675,0.3913144891815641
4323,0.0788528099656105,0.8066116815819555,0.641080610253881,0.7672637245976177
4325,0.1581777036190033,0.6120907737486162,0.36906564538570197,0.8009642839332796
4328,0.17150866985321045,0.6159084003000703,0.49406652899395237,0.5114563843840114
4329,0.044765688478946686,0.9462129623882168,0.8895182288227519,0.9119913669900328
4333,0.0648815706372261,0.5885052991236325,0.1781986300426029,0.7762392673996479
4334,0.05883229523897171,0.7771810589877682,0.5131678799546858,0.8798798147908796
4335,0.04361296817660332,0.7785522361037607,0.5175777688385044,0.8527453008491142
4336,0.047204580157995224,0.4936269457751349,0.08260282766478018,0.8262275739786982
4337,0.0678824782371521,0.62998729627747,0.1842680825723011,0.6225011974795667
4338,0.40427833795547485,0.37402360863929895,0.3966616228742754,0.3491397560916552
4339,0.1756126880645752,0.5057364437720645,0.06741435719076158,0.47193425866316463
4340,0.07578323036432266,0.8324343506574691,0.6697235806370286,0.8614013004830373
4343,0.06457743048667908,0.6750443049639037,0.23838758215802403,0.7220480678050023
4345,0.05664626508951187,0.7680222043649587,0.43986714743128597,0.8490074690999707
4346,0.05066455155611038,0.8477322941889667,0.7625609085212368,0.8675637084842529
4349,0.05384756252169609,0.480605179255721,0.05404768316973881,0.26850264331892715
4350,0.19556720554828644,0.48495607860063605,0.34270020891562386,0.5028577720112606
4351,0.15656886994838715,0.6114646086261282,0.24375466904940465,0.6990353756987858
4352,0.2708432078361511,0.3663269616074732,0.03779934412626635,0.2529392082876799
4353,0.12639807164669037,0.8001868413159933,0.7398377196607102,0.7768928069743513
4354,0.09005061537027359,0.5313944094418028,0.2472546945439751,0.6743676329486183
4355,0.06135590001940727,0.8197436970716414,0.6709446487774297,0.8761738725151944
4356,0.03315591439604759,0.7559956020111893,0.425723214058204,0.8367167696607255
4359,0.6446146965026855,0.19667385397550113,0.18835747331717725,0.22796144055025663
4361,0.034066859632730484,0.8817721206148267,0.7168414179167636,0.8831266838839442
4362,0.024620678275823593,0.6345216786459773,0.2227712899463002,0.7021548054945574
4363,0.058156926184892654,0.8162280803959776,0.7044485942557801,0.8545884231149725
4364,0.304661363363266,0.35162629614221835,0.05907079510464183,0.25936345027477425
4365,0.03412806615233421,0.8107632410323093,0.6363543965720637,0.8962324102652982
4366,0.10337089002132416,0.47306242559705164,0.08716600743647097,0.5321591544204345
4367,0.21533192694187164,0.39444359863065676,0.030244104770858486,0.2542059865443932
4368,0.04121602699160576,0.680428180079879,0.32309460154286124,0.8199189436150708
4369,0.07680577039718628,0.8156761973689705,0.6660717591388151,0.8175116624646153
437,0.0572417788207531,0.8191997651076028,0.6913862594210088,0.8335637560842778
4370,0.0404888391494751,0.7613081176227294,0.4091062955075269,0.5707086749306696
4371,0.2102930098772049,0.6219722011061143,0.5803711590605318,0.5298406754738456
4372,0.1896428018808365,0.5067089749226092,0.4157164049877089,0.447835354132604
4373,0.03597933053970337,0.6312199198373941,0.3703068440499968,0.48244480124771316
4374,0.014522927813231945,0.8532287867301136,0.5491890684606756,0.9106244527832332
4375,0.0514368899166584,0.6808056198951651,0.26810995668236165,0.762180303526967
4376,0.040366336703300476,0.6675222832492352,0.16522755416295248,0.629126905112054
4377,0.11677863448858261,0.5631083010371852,0.32952236367628057,0.4197037611506028
4378,0.06419762969017029,0.8209302290653671,0.4885048697199849,0.7866902761680509
4380,0.13346567749977112,0.6614029609677512,0.5010484819245181,0.6067610444898297
4381,0.07211539149284363,0.46810249792931474,0.04805555835540749,0.34689219418597633
4382,0.03316616639494896,0.901581899311527,0.833417803413644,0.9426734514126753
4383,0.15472693741321564,0.6806986122705645,0.7200204044414384,0.6836112961601326
4384,0.1331649273633957,0.577792917336143,0.09491900473469704,0.5239258402411231
4385,0.10252342373132706,0.7890824615859691,0.5353785029853388,0.7544166867426092
4387,0.09869581460952759,0.5190813687215181,0.15666374199256689,0.7731694318664524
4388,0.09298813343048096,0.8130276562672707,0.6367515198631779,0.7512886071165299
4389,0.07284927368164062,0.7783389287380458,0.6451828808142527,0.704487633701351
4390,0.08028553426265717,0.794360763142699,0.5931023320242788,0.8690915108105426
4391,0.11685390770435333,0.6653702162819239,0.5834458362098247,0.7434412536933175
4392,0.15282844007015228,0.5191267104569035,0.4847522643644259,0.4501175059590573
4393,0.08491311967372894,0.7841437651079084,0.6926274423413179,0.7624203339478199
4394,0.08676891028881073,0.48966426396762386,0.13169656520419618,0.3190913939515674
4395,0.03324081748723984,0.9355876915915944,0.7748670496341539,0.9138896773618477
4396,0.07329846173524857,0.5640521044455605,0.20197439835988365,0.8048522381595111
4397,0.033770110458135605,0.8301954662201855,0.5154152811976738,0.870919651071222
4398,0.07044538855552673,0.6494435535467774,0.42646302702932026,0.5156199128229564
4399,0.2714323103427887,0.5767397577324609,0.7104302596389351,0.5471457113810472
44,0.09647997468709946,0.8473014094528135,0.7139533494998801,0.8648722461782641
440,0.07643838226795197,0.7881217280558105,0.6126605346035261,0.8738833511528824
4400,0.4325960874557495,0.2901306790855059,0.08018478622286021,0.2603626744096466
4401,0.11629844456911087,0.547556488787329,0.19452114698332082,0.4969645398152466
4402,0.017651474103331566,0.9218666059492752,0.6850148712641919,0.936575705024278
4403,0.07452845573425293,0.6116415636509173,0.23891172043324882,0.7059252064830858
4404,0.11521177738904953,0.5458228248598765,0.15860765168405522,0.5252448065638857
4405,0.12426270544528961,0.5514831450220327,0.20592548727278392,0.6125551431145294
4406,0.18534870445728302,0.5223979463982014,0.10337648995900803,0.467153265479768
4407,0.14232707023620605,0.567538744517031,0.5210411930593185,0.522832772891876
4408,0.16949307918548584,0.6110860375183838,0.6142705046308348,0.6129615334293494
4409,0.10813932865858078,0.6824543615590475,0.2806792304869445,0.6675820187995842
4411,0.04879369959235191,0.7155447576330894,0.22171860730961743,0.7190736120994
4413,0.042399246245622635,0.7002974128842221,0.2761730237791985,0.6980292176815397
4414,0.11786387860774994,0.48583761881915183,0.1660231511107063,0.33626658751611616
4415,0.03685365244746208,0.7555937269132171,0.4614963505714923,0.8336736170228726
4416,0.21782584488391876,0.5007615635230124,0.42289363501980826,0.4040621156909351
4417,0.08184351027011871,0.7750203187114039,0.6876384466581571,0.7279956289388401
4418,0.14304710924625397,0.430956370962987,0.03368609084978547,0.2549223354760891
4419,0.031878113746643066,0.7691141822505982,0.42464978172940754,0.8092132590580456
442,0.12266706675291061,0.5269219539621472,0.2003644200571181,0.7983619057812136
4420,0.23034849762916565,0.38678894683220744,0.07736524276368195,0.296537223222767
4421,0.0489584244787693,0.8284743811857332,0.5445002963427577,0.8363968247679359
4422,0.062418658286333084,0.7326811887625534,0.3928232939963266,0.8299058164237372
4423,0.11036955565214157,0.7406099480945922,0.48444137825036565,0.8181212142675209
4424,0.20076441764831543,0.5383785893905767,0.6003394771916063,0.5108643389090889
4425,0.08927879482507706,0.7306020754704458,0.651684678166513,0.6835738944616631
4426,0.49714720249176025,0.3225598626047862,0.40867817110442106,0.3034859256569995
4427,0.10662928968667984,0.5686557135457624,0.2636311242051465,0.7380293940895387
4429,0.08238957822322845,0.6774711207621624,0.6232903661697271,0.6491071122821015
443,0.10119503736495972,0.8474612208950247,0.832020442214352,0.803610076875524
4430,0.026491517201066017,0.9399679338244923,0.7836906768129756,0.9078810888309695
4431,0.13228008151054382,0.5150632303471102,0.4332850558665037,0.4292708471890792
4432,0.0646129623055458,0.747503536935689,0.39681373810322745,0.7894243202394005
4433,0.10541541874408722,0.45578039409133103,0.10045952393085769,0.27641461633985487
4434,0.13875053822994232,0.630854304598579,0.1872179352597895,0.62655432323596
4436,0.14341047406196594,0.5804116464409476,0.5700737407679551,0.5312138444354109
4437,0.0665009617805481,0.4519661368266063,0.00014964669400442698,0.6188310573204624
4438,0.1202017068862915,0.784576039667342,0.636268071985431,0.7736992547749579
4439,0.10043748468160629,0.854548880976375,0.7488459185358122,0.8285246238319793
4440,0.1383233666419983,0.7836881295601985,0.7305384147125222,0.712680590493624
4441,0.1690572053194046,0.5946348033288824,0.603700139064197,0.5200080183531876
4442,0.23435601592063904,0.5605173287537722,0.5599264938334533,0.544426036647897
4443,0.04890904948115349,0.7955872109402449,0.541996578782274,0.8841832986416971
4444,0.040542688220739365,0.5952270679055669,0.10303472091803867,0.5744237423294967
4445,0.23639538884162903,0.45058321295391557,0.42699952109927714,0.3894045469065631
4446,0.020961128175258636,0.5925086220824322,0.11275281622378772,0.5809400953108594
4448,0.1379379779100418,0.7428407180942409,0.5686483649680582,0.7644579995509759
4449,0.15454737842082977,0.7643434847420731,0.6951806989313847,0.6761041450177929
4451,0.041038308292627335,0.714111415835684,0.3478812602741781,0.5255900654625381
4452,0.07539921253919601,0.8320180177144325,0.5857397468794335,0.8110662256154333
4453,0.027895044535398483,0.8891824231319603,0.7592372658641839,0.9021929598768198
4454,0.07935193926095963,0.7969740922942221,0.6647115866655822,0.7286439117761216
4455,0.0345274992287159,0.7592869177149894,0.4296540357397256,0.842971708852418
4456,0.054487697780132294,0.47190160225999483,0.035480261319689475,0.7955320006888266
4457,0.10440264642238617,0.5825874206269026,0.1525714540117139,0.6901957033266481
4458,0.20093093812465668,0.40151653175163865,0.05631785599744439,0.27890443898730344
4459,0.06440918892621994,0.6276080607417914,0.09734556665753791,0.4825311873478122
446,0.06401164829730988,0.8206916569033,0.6837870467478971,0.8541706472095748
4461,0.10130443423986435,0.6281648794971268,0.2704833856780098,0.6721461979111832
4463,0.10157449543476105,0.8389284850810081,0.7349892299956213,0.8254290731112529
4464,0.06449909508228302,0.463599965815182,0.034791961619852374,0.4457354428866557
4465,0.051164742559194565,0.6392399981251957,0.31504999880618634,0.7431628456105722
4466,0.2157892882823944,0.5969265679588174,0.532585584609164,0.5138329317658592
4467,0.08531574159860611,0.7245408874331234,0.4004211040691574,0.7402653470410331
4469,0.08205011487007141,0.8564126105732939,0.8027240607297453,0.8584382908858839
4470,0.5382326245307922,0.2511266777747415,0.20611566350717475,0.27362835063189433
4471,0.03936179727315903,0.9214035279800213,0.7045056336619576,0.919650195017013
4472,0.210567444562912,0.5980341213777663,0.7217713628203244,0.5971876170307371
4475,0.04373263195157051,0.8386453693764299,0.6905813339598306,0.7928627469540547
4476,0.024343864992260933,0.7830753567564543,0.4441242949883206,0.9065296242819542
4477,0.06150662899017334,0.6589733192587857,0.6089118619117196,0.6070722773900621
4478,0.09419070184230804,0.7968923012186181,0.36266351773676037,0.746587063029019
4479,0.15026089549064636,0.6712062914774789,0.5809691042506904,0.5937923804337165
448,0.1672949492931366,0.5666371576112956,0.5254565393059699,0.48874026599013043
4480,0.1946217566728592,0.5874228140731411,0.649671866870872,0.5434981704365522
4481,0.06165183708071709,0.6052875093489061,0.2893125885469347,0.7529092760089393
4482,0.03920315206050873,0.5684278857065104,0.055215926424999964,0.5785267435194354
4483,0.08441893756389618,0.7740346810341697,0.6746893434004654,0.7447081261752335
4484,0.07457812130451202,0.797448863197453,0.7135353808858347,0.7481035034484538
4485,0.13367347419261932,0.47995973650116813,0.05237173978832037,0.5106359715610042
4487,0.2067635953426361,0.4650917343010235,0.4211771444797467,0.3939667072539793
4488,0.19525262713432312,0.40436761075098987,0.027163526134184955,0.2532806819530068
4489,0.10544008761644363,0.45099790203008017,0.04640902183629395,0.2590466340061703
449,0.39392682909965515,0.43786619382453446,0.5170803560906384,0.3784458816955514
4490,0.2672639787197113,0.47139451815251965,0.5019114682510819,0.44543389300816066
4491,0.2624529004096985,0.4854490360693809,0.40579129500987976,0.4161524055036899
4493,0.04594721645116806,0.7813671468333426,0.329111352965839,0.6268471221007146
4494,0.1793026328086853,0.41250181433762895,0.042401835542450896,0.2551675586764637
4495,0.15121330320835114,0.7028662445399962,0.5103243850302065,0.7409133074558567
4496,0.08130505681037903,0.6631242277220951,0.3169297983765976,0.8460217870642204
4497,0.055011142045259476,0.8909668486759055,0.6859911461483688,0.7943539737623532
4498,0.0732109323143959,0.7171240071985872,0.6106980481111286,0.5940610229376966
4499,0.28817227482795715,0.3585985948507669,0.03990115982799172,0.25614326779580165
45,0.22098681330680847,0.6103912516406175,0.37875091966353897,0.6915227471011485
4500,0.11063685268163681,0.7124913407207825,0.636789404193679,0.6117741798250848
4501,0.10775042325258255,0.5890728707740017,0.18055839734668186,0.5967533871075303
4502,0.12571847438812256,0.7332925664486842,0.6025340311926036,0.744549810766604
4503,0.17966991662979126,0.5409989746890012,0.5360499479648029,0.5064637492035846
4505,0.21778865158557892,0.6184275677327573,0.7153967400327592,0.5907120777234356
4506,0.027897115796804428,0.758696611669839,0.49013620502746696,0.8537017945889367
4507,0.16422083973884583,0.4989970776100373,0.34970072307398925,0.37409934538891954
4508,0.01312506664544344,0.9341470382578851,0.7410673587386534,0.9060932119277407
4509,0.20254498720169067,0.5794764939789294,0.45317101646966695,0.610048616997402
4510,0.09334830939769745,0.6039119606412249,0.49591365940908555,0.49173325467732126
4511,0.07341574877500534,0.734910250951367,0.4556239682602883,0.8639262894098819
4512,0.02932240068912506,0.8849646622967712,0.6132298518611532,0.9141210176646779
4513,0.10638900846242905,0.6545540679288785,0.6099680572026204,0.6059113743933655
4515,0.19868133962154388,0.7333101840133902,0.8040152862246254,0.6842043604837927
4516,0.03786728158593178,0.7363694510187089,0.4001705195865433,0.8090898046711293
4517,0.2154826819896698,0.4147240919471893,0.2308044175328472,0.3134553571728464
4518,0.1101466715335846,0.4567744269221564,0.053307444911360934,0.6127890921207194
4519,0.2087198942899704,0.5419983070970822,0.628988463903029,0.5257407890223517
4520,0.0629948303103447,0.6567489543005933,0.5704043001147455,0.6646914608999638
4521,0.037919603288173676,0.7457018596243461,0.47371343038166125,0.8874079397985457
4522,0.0334363617002964,0.7805551878102374,0.4931940352089387,0.861174831318952
4523,0.14183270931243896,0.6959971895885926,0.7100306761033378,0.6764500066372099
4524,0.09681324660778046,0.6300129809063042,0.44871749812360245,0.510099343622232
4525,0.0568656362593174,0.7350992257917569,0.4752862265229724,0.7840801578200317
4526,0.1999223530292511,0.46506331007612334,0.39521332951704463,0.3839168158659254
4527,0.023134475573897362,0.72836190493515,0.30754507074784837,0.7511282049937162
4529,0.10230720043182373,0.6544080190116421,0.23236806486360612,0.6628928166725407
453,0.37639614939689636,0.3169330399117324,0.070835940254265,0.2630630115608198
4530,0.1348857432603836,0.5715173669045212,0.5703921824728746,0.5368406749495109
4531,0.16147227585315704,0.6979611725309638,0.28115751914193166,0.6541906164614489
4532,0.028920147567987442,0.8871482122336141,0.6588150428784201,0.9177476210552025
4533,0.12505389750003815,0.5844315236644995,0.1336547947055898,0.49430967525638525
4534,0.04769603908061981,0.8870089992031881,0.8004488076200093,0.8391771451946852
4535,0.08938579261302948,0.4623508740589714,0.08202426560781283,0.2677592137041383
4536,0.03962123021483421,0.7944554225675058,0.7350073761673571,0.8030434856538483
4538,0.2948988676071167,0.4423196244613937,0.29852990014640873,0.3903776865282167
454,0.0670492872595787,0.7094203351562228,0.4574417391360924,0.8617253385480226
4542,0.10480094701051712,0.586286396941225,0.4254945796366705,0.47563069281966514
4543,0.099575474858284,0.850503867782622,0.8145481573622244,0.8493166463153468
455,0.20336690545082092,0.40642769315032184,0.11984134169841941,0.27459860214977216
4559,0.1997787207365036,0.40935815481135973,0.10901258378058881,0.27680626334446945
4560,0.08012489974498749,0.7701351634132028,0.742284552952495,0.7760479213464078
4562,0.061268020421266556,0.6382565149166717,0.17712219354082132,0.5663476904367283
4563,0.03174270689487457,0.4907328913396633,0.04519416506981727,0.2852067169939312
4566,0.11290650814771652,0.6358836419334156,0.5169150293437521,0.7458427373401322
4568,0.3689063489437103,0.4357479526917567,0.48492833877280933,0.38452210199711534
457,0.14088545739650726,0.6239908402815162,0.5891627754669556,0.6364854688545458
4571,0.16806600987911224,0.6822401565774343,0.7317872864666698,0.6455236020860972
4572,0.09707558155059814,0.5604055957542868,0.23227611504330087,0.8031790473524125
4576,0.045750003308057785,0.6374398992427338,0.18771342930006377,0.6683496315984158
4579,0.06118421629071236,0.8874272265498624,0.6951479855936263,0.8977286176921092
4580,0.030218936502933502,0.6555285719666125,0.25035817753816636,0.7254037579867001
4581,0.1207919716835022,0.4524210435196003,0.155065133806307,0.2932459305413323
4582,0.21422386169433594,0.4850508504602867,0.24922326664429528,0.4869525862948594
4583,0.1839069128036499,0.5295384375370717,0.48591794951846967,0.5767962022173272
4586,0.08724754303693771,0.49002258868203846,0.07067802260617038,0.649712164383026
4587,0.053015485405921936,0.6010220971552318,0.5115661831890704,0.6413072874842961
4589,0.2491174042224884,0.5777611630348539,0.5657291363703805,0.5868074595884998
4591,0.22849999368190765,0.47289418723051446,0.33298108411091776,0.5548936801023432
4592,0.09290164709091187,0.6436812489878737,0.45479363228636743,0.7855777923175944
4593,0.08316627144813538,0.44714741642726435,0.012382633592475998,0.46949300543871436
4597,0.5989671945571899,0.2612651963502747,0.3997609178809999,0.24309197663053198
4598,0.07483457773923874,0.5805797250801608,0.2689830023229913,0.7173670619271945
46,0.06328297406435013,0.595748499139162,0.15504144637284634,0.5465330751491678
4600,0.20492234826087952,0.577909346901224,0.3478233643710867,0.614156039668649
4601,0.054695695638656616,0.7966753721319144,0.698465738536955,0.8285717194312499
4602,0.131183922290802,0.7451171390252027,0.6154632590006887,0.814564298845454
4604,0.5383601188659668,0.3136798288506075,0.3774185087205153,0.271404749617162
4606,0.11265554279088974,0.6263965388502807,0.44761935432587535,0.5701665441799008
4608,0.17759932577610016,0.45336443433135953,0.22681244640273596,0.3404694548019311
461,0.11954179406166077,0.7871295126243774,0.7462940254602412,0.7402017833353394
4610,0.08777127414941788,0.6347829341437716,0.5514911976976571,0.5777600803967078
4612,0.12070923298597336,0.7659715794931031,0.744395680238024,0.7085472677202578
4613,0.04996200650930405,0.72043619045092,0.46877763448635656,0.6094060596186257
4615,0.15454810857772827,0.6633659274054091,0.5416738089687506,0.6416482411264167
4619,0.1494905650615692,0.4355986368856978,0.11782038937011007,0.5757539577679189
4623,0.047515396028757095,0.6691705511636686,0.4506615680344001,0.6752913535224438
4625,0.2573530077934265,0.39766670782990154,0.1531407712033568,0.30343479522280276
4626,0.1942613273859024,0.4627007710192501,0.286670198279463,0.37080069199257476
4627,0.05386202037334442,0.7678778983273524,0.5421177072105184,0.7504219321553784
4628,0.019219234585762024,0.8835347917660948,0.6615702075798722,0.9200908111642883
4631,0.08660725504159927,0.5469409209790953,0.3911050539186762,0.4746087456261212
4634,0.03862021863460541,0.8491519256326079,0.6046136762506081,0.8253012686118066
4638,0.04684584587812424,0.7126018692192343,0.4270445361710474,0.8416355008909102
464,0.02974395826458931,0.7592518291353275,0.3983032655409338,0.8196095229712401
4640,0.03212755173444748,0.719279595917531,0.34683425841600735,0.790273951415669
4642,0.2755078375339508,0.3683531080030934,0.08077487232042961,0.30459610559088396
4645,0.28823864459991455,0.35229450548633345,0.07947916971865987,0.38020283847662834
4647,0.055883076041936874,0.7178951746690305,0.4772302776032718,0.8251567408797891
4648,0.18824906647205353,0.5452711427580438,0.5395763098355633,0.5479304924472531
465,0.08836742490530014,0.7875673483799039,0.7612106136761241,0.7479781198527014
4650,0.10737039148807526,0.7189314115022475,0.6660337092633852,0.7393369978015447
4651,0.05234666168689728,0.8734474495570201,0.7102177371581717,0.8339803713287313
4652,0.11522382497787476,0.8329033687077738,0.787736519496059,0.7850331037802055
4653,0.04406231641769409,0.842642308508615,0.5706968709389851,0.8575751372207192
4657,0.09468749165534973,0.4859321794032825,0.18410757887345394,0.32150186457736296
4658,0.07288674265146255,0.8141531017101659,0.6033925099500721,0.8778112285921691
4659,0.13061892986297607,0.5959940305597032,0.5158793411998412,0.5484449585018972
466,0.036904335021972656,0.9120251035334312,0.6959620043310535,0.9048592919957432
4660,0.07662730664014816,0.46484780172219464,0.034757840425331026,0.2548287171989726
4661,0.13203804194927216,0.6293227047363107,0.4969371543063409,0.6635598996814931
4667,0.06789489835500717,0.6928942066322731,0.6184006578759537,0.6939219877809473
4668,0.030427495017647743,0.5030889623929462,0.03234927923933742,0.5823926329421723
4670,0.04685322567820549,0.8838656465920081,0.746043172064096,0.8842869255390953
4671,0.052901532500982285,0.6707196107711734,0.38633428246396045,0.8136887580658496
4673,0.04668360576033592,0.5234389887172153,0.05873659369307406,0.46886470295868354
4678,0.14210742712020874,0.5820152390616774,0.4596727380718038,0.6365934451764235
4679,0.3103777766227722,0.4284740409371296,0.3852201685267976,0.4365128490600986
468,0.2091887891292572,0.6726138124795937,0.7804980381602081,0.660724610387046
4680,0.06240641698241234,0.6079567972887663,0.16049693411685814,0.5458811410329609
4681,0.07259895652532578,0.448234755474616,0.024585460728074725,0.8262039909425265
4682,0.09108111262321472,0.5128954507468794,0.13202594041689797,0.8169300744876993
4685,0.12126698344945908,0.6015303766097292,0.1996651769715713,0.5932629253289405
4686,0.4906981885433197,0.3535675453282022,0.43376920015186327,0.30446518650225235
4688,0.15658634901046753,0.6808507088587249,0.40134594488883185,0.6794860545680663
4691,0.09785693138837814,0.7453685155087488,0.6730020623962739,0.7337439771251753
4692,0.1002310961484909,0.8422146570077313,0.8367051388019915,0.8522623009682785
4693,0.6053531765937805,0.2951047721985424,0.4441825922403278,0.21852310507555076
4696,0.07865072041749954,0.6604972972669345,0.4566980183497598,0.588185691900189
4697,0.12566271424293518,0.7535974486444994,0.4415981125323843,0.7956725223651948
4699,0.07964881509542465,0.46142813165390256,0.044657723686085476,0.8149193252039808
47,0.1160704717040062,0.6356958641368471,0.5111715916403196,0.5497384885615678
470,0.08459527790546417,0.7952609817809593,0.7744332045274562,0.7840556783668393
4700,0.3775462508201599,0.3442694437202764,0.23251099628355526,0.4389020601535518
4701,0.07244998961687088,0.45821478493811224,0.011601448443519681,0.6391913535288013
4703,0.23034803569316864,0.44931522523868783,0.35196729571879204,0.4561112297770709
4704,0.36124929785728455,0.44798728813281397,0.42049329880285324,0.37866616888336524
4705,0.09206920862197876,0.701142254743098,0.3743096373763675,0.7840123097357103
4707,0.29905369877815247,0.45728335849807294,0.3606372380847573,0.36213127155499497
4708,0.13157139718532562,0.773190561880647,0.8040230358645188,0.770353460593199
4709,0.07938031107187271,0.5293626040877808,0.09352292740982886,0.7011629656376701
471,0.04344749450683594,0.7546630540818464,0.44403454060412895,0.8529089484768178
4710,0.3025909662246704,0.5372408071634467,0.6006185728990654,0.5343520766866942
4711,0.6921680569648743,0.1629723610244858,0.10275130070829348,0.2549744715108293
4713,0.02373366430401802,0.6540691938646523,0.3366032920243549,0.629119726184171
4714,0.22593101859092712,0.6041814054219299,0.6259730887374189,0.6161422111101116
4715,0.09987547248601913,0.8216433732690775,0.637469434436208,0.8446375433641149
4716,0.3071173429489136,0.45716103398824803,0.3481319973793666,0.3903601592820801
4717,0.47002238035202026,0.3105484003226443,0.3431944742039279,0.3168362432057715
4718,0.03557281196117401,0.633615840083956,0.2869741265645223,0.8473193817843955
4719,0.10248766839504242,0.8091259696760282,0.7637486105906349,0.8496028237303451
4720,0.17179328203201294,0.5442021631118988,0.24680210534857966,0.7960860718051301
4721,0.2335132509469986,0.394007172057056,0.1447005663757243,0.28288634361404774
4723,0.018466416746377945,0.8683687885512659,0.5289632812382036,0.9006097008034097
4724,0.08089979737997055,0.8292788662599545,0.7195517419876921,0.8241090460955623
4725,0.18005359172821045,0.47841886571798187,0.3425439770249884,0.37032984894468013
4727,0.07279834151268005,0.7260986440630928,0.5394231871077081,0.8635766555593246
4728,0.20199355483055115,0.5616985236784906,0.48745176521334627,0.4638143395844168
4729,0.835507869720459,0.12444936477377444,0.3698832086201328,0.06645907620632283
4730,0.03410822153091431,0.9026752188862318,0.5938341381762068,0.8887274942523323
4731,0.31214725971221924,0.43087045119118855,0.4466561841794194,0.38100614467030497
4732,0.38281673192977905,0.46807571070714893,0.512559734950475,0.38665551834511025
4734,0.042225182056427,0.9153000546410952,0.8400543540236619,0.9111997551884726
4737,0.5390836000442505,0.24249700273385946,0.14434530607148108,0.2599819608834825
4738,0.05665222927927971,0.612878962167873,0.16045783214874562,0.5709011555751555
4739,0.10143560916185379,0.5306326750706193,0.18557619226549857,0.7474111093838848
4740,0.055828291922807693,0.9169927509527883,0.8892818859251128,0.9251250773911206
4742,0.13882777094841003,0.6083210993750748,0.5666046187517019,0.6067334093395184
4743,0.05173254758119583,0.7039021991440293,0.5474522448227417,0.6628569276683275
4744,0.1796545535326004,0.38516484873561657,0.018556152440249572,0.671485609416163
4745,0.07444513589143753,0.4801270142770817,0.03828693298195496,0.6889129808507017
4746,0.15531206130981445,0.4819457304700591,0.17932099440288693,0.794662870720398
4747,0.4806966483592987,0.29204842748080906,0.270413026081154,0.2856656288884706
4748,0.04269640892744064,0.784032211036934,0.47419108805562393,0.8608999669617778
4749,0.10415557026863098,0.8222459738917742,0.6965726289972163,0.831665089775244
475,0.04837906360626221,0.7936754071824339,0.7416583610759954,0.7856622725342606
4750,0.051016323268413544,0.5945116122352694,0.31869093589675257,0.8237412813416118
4751,0.05840824916958809,0.7745527891765988,0.5515681696083985,0.653882812167672
4753,0.03902573511004448,0.6206413054064763,0.1638615259701302,0.6120203176183878
4754,0.1494859904050827,0.6918711338709331,0.5509254812340496,0.7325113659165952
4755,0.1821485310792923,0.6195310371155274,0.5052439169613211,0.6216326402184227
4756,0.09811684489250183,0.6238853549999872,0.2643213097392413,0.7148815775120746
4757,0.05323122814297676,0.8123575687587024,0.4827006791389608,0.8702308151758762
4758,0.6041445136070251,0.23190888746512023,0.23800263414896375,0.2591341545838562
4759,0.09293254464864731,0.7690577012893581,0.5261032170964044,0.8436960434083619
476,0.07431814819574356,0.5004397324884474,0.05993659979156002,0.4006754062223641
4760,0.10146866738796234,0.6754909401067843,0.43401337467006096,0.8587489730448102
4761,0.0632348284125328,0.4776141654325873,0.01988387967732662,0.3976174650727717
4762,0.08104109764099121,0.7300983003776009,0.38344083020212627,0.8004125413667431
4763,0.03599720075726509,0.5186945318339805,0.08684708742658703,0.4324582154015465
4764,0.048604901880025864,0.47908611538176105,0.0024672199235026082,0.45001158885505343
4765,0.041912972927093506,0.8008299308542652,0.5461921546748453,0.7723177149816745
4766,0.028467830270528793,0.5174531581462101,0.060836202693119346,0.5728019307479831
4767,0.017327943816781044,0.4835323514907224,0.0012294240293051798,0.6548727474938711
477,0.07244895398616791,0.526022389677709,0.2373183364198956,0.5414919357953532
4771,0.2972501814365387,0.38711206557401057,0.2638951535811759,0.33038257540607974
4772,0.1716686338186264,0.6454565472201044,0.6837590274304558,0.6053043132982409
4773,0.2690179944038391,0.39475785462234325,0.275616441696955,0.37710588747214047
4774,0.10878441482782364,0.5350746626329104,0.16179744617479894,0.7136983746390109
4775,0.16811007261276245,0.6066389832416522,0.48152761001255384,0.6843748989432905
4776,0.049290094524621964,0.7759663187962975,0.5764137296764802,0.8821201313478402
4777,0.11935337632894516,0.6266334709034176,0.37702435519228844,0.5060737266598205
4778,0.20400233566761017,0.4026569685751233,0.07953323403970823,0.2657359556233989
4779,0.15619488060474396,0.580451147582241,0.2908350095627502,0.7896832155149471
4780,0.13991905748844147,0.4785650187486292,0.05964452454325339,0.44420717433738577
4782,0.09042516350746155,0.7015844168754602,0.39357048284721674,0.829685833781958
4783,0.3201588988304138,0.5023865157308296,0.42096888678713557,0.494454761643525
4784,0.016673389822244644,0.5063292021257277,0.021918400759018155,0.2628423095052511
4785,0.0654509961605072,0.4600579097774558,0.05096720086276649,0.6296425920157653
4786,0.2148745208978653,0.5900709356842202,0.5975626731775376,0.6153107953794368
4788,0.2385917752981186,0.4974403803601099,0.5124711276072625,0.46685030042490244
4789,0.10709603130817413,0.8951243710000574,0.8706111441190426,0.8365222345794898
4790,0.20232434570789337,0.5476049351956498,0.405677917096084,0.4761978074863099
4791,0.35105249285697937,0.4236002111173061,0.45972049043398755,0.3704785219386719
4792,0.00453804200515151,0.5007637644154141,0.0011099754011362516,0.2501226119995943
4793,0.047631874680519104,0.49904085449293395,0.04231624284390631,0.6488678666260128
4794,0.16067536175251007,0.6547353497566444,0.6532877900811905,0.6073091379193913
4795,0.16486023366451263,0.6370688126531281,0.5651038477152528,0.6170404715098872
4796,0.10977604240179062,0.6842413366489417,0.44486207861985566,0.7593229922997363
4797,0.011204412207007408,0.49753235486155617,0.005384370284828158,0.25793120567910444
4799,0.09313462674617767,0.7466804709024105,0.509975866317992,0.8276402423696165
48,0.13872753083705902,0.6039451893057622,0.16207244199666587,0.6540689368469781
480,0.10199842602014542,0.7146848327866486,0.6873840718994626,0.765125114515109
4800,0.17628143727779388,0.4143134394497394,0.042014330565944516,0.25641015857436467
4801,0.18341809511184692,0.5066769311542935,0.40771411957533726,0.41118233087630907
4802,0.05274895951151848,0.6378405292413313,0.26040607431753193,0.7841094900215312
4803,0.057990700006484985,0.9228589425671189,0.8096682680681578,0.9180163124140482
4804,0.3132820725440979,0.5087542667276925,0.4202608293934453,0.48890875337857453
4805,0.1313658207654953,0.7852570598698145,0.7245745835713908,0.7602107863863474
4806,0.04928220435976982,0.8195774294319542,0.7566377878901265,0.8868141660073063
4807,0.08703242242336273,0.6017111334079152,0.19814429236299066,0.6800720847422947
4808,0.1878412514925003,0.4245434644597701,0.13628052364851934,0.3237106617405374
4809,0.09828373044729233,0.8820094949625243,0.8748810078580808,0.8822398218381602
481,0.3477259874343872,0.3574063622818807,0.25070392499590255,0.30900376035090504
4810,0.2511145770549774,0.4378028586713254,0.27104487854927806,0.36289606327488744
4811,0.1840697079896927,0.6305399727113262,0.5104564601881585,0.5722651525755436
4812,0.08349478989839554,0.7932498641583661,0.6003975225824391,0.8460984661957256
4813,0.09455738961696625,0.4765617899973177,0.02538618638217843,0.32157415161177955
4814,0.062656469643116,0.6344743528902463,0.32945852170666207,0.6788626992467162
4815,0.05883800983428955,0.5127583168942487,0.10925952279565077,0.8022435828023813
4818,0.10547343641519547,0.8188078347756769,0.665890710577631,0.8724214132863436
482,0.12809257209300995,0.7522228180468684,0.8114994481954897,0.7602406767948362
4821,0.46894001960754395,0.3474419697711368,0.46439666234504856,0.34144946129050513
4822,0.13558685779571533,0.7643053329238682,0.771953339604071,0.7832719112848305
4823,0.05917605385184288,0.8401921529309611,0.5439461015023516,0.8490098892715878
4824,0.05103166028857231,0.7460237765037878,0.44232549861693427,0.8984489197931482
4825,0.1042179986834526,0.6060257019695778,0.23484639406784788,0.7021322302488902
4827,0.08532839268445969,0.8087262975914203,0.5547077601060569,0.8381309385893803
4828,0.16649992763996124,0.5671663061442124,0.3145456526783455,0.5278543759554134
4829,0.02858123928308487,0.9420936652750753,0.853101003754208,0.9498767912615381
483,0.12137769162654877,0.5627127713957284,0.4753679058930917,0.5117355715793392
4832,0.0555916465818882,0.9397870354998348,0.8912652357297817,0.9152458144867526
4835,0.03672279044985771,0.8300058454429362,0.6060869897733687,0.9121341138480805
4836,0.17205810546875,0.5921953278704528,0.6083010205633268,0.5701254749344629
4838,0.11279920488595963,0.6941154060525767,0.497513630991339,0.6107530681761341
4839,0.12590369582176208,0.8224853663379439,0.8054669371966359,0.8273887182173236
4840,0.06100131571292877,0.8275608294705391,0.6913222084839851,0.7199460486649301
4841,0.19228336215019226,0.5163749902310458,0.25334553464909987,0.7159852755670713
4842,0.028568249195814133,0.728409243158001,0.3627878361041927,0.7776139074476209
4843,0.12215101718902588,0.663565355779409,0.6160767294282631,0.6058611226250015
4844,0.43601295351982117,0.31192922686342506,0.253566965529534,0.3024993524172708
4845,0.16462326049804688,0.4706466591842843,0.3816336235443457,0.37867300072914617
4846,0.031072398647665977,0.9053806776299953,0.6855661760578495,0.923354700858175
4848,0.07941987365484238,0.6668651663168096,0.2711270533011293,0.7185247874935528
4849,0.03495442494750023,0.8566915515865154,0.5415597092827874,0.8826966328808257
4850,0.10133104771375656,0.8353521267156466,0.8240470675819958,0.8127987774103496
4852,0.05282200872898102,0.804501849201539,0.4252840262369348,0.7822101647370953
4854,0.053483132272958755,0.5756427910741558,0.09834778504002181,0.4454194731207699
4855,0.16792522370815277,0.6782517222294726,0.6210886070280327,0.6162134283110572
4856,0.057385385036468506,0.8005688477916999,0.5336476669139938,0.8222000892208897
4857,0.09050656855106354,0.8537044506745899,0.7995102668934948,0.8130507099909611
4858,0.15182942152023315,0.7824859401404758,0.8087902487190307,0.7799433994890622
4859,0.04122081398963928,0.8958710973021978,0.6659184937597304,0.8743222720316891
486,0.3749019205570221,0.33618545607148625,0.22499128655168404,0.29509017903690443
4860,0.05045798048377037,0.7941754814535994,0.42720746427113726,0.8547646325946263
4861,0.03491518273949623,0.8902516475705848,0.5887266932566191,0.8647869636400201
4862,0.22598952054977417,0.3891419500791872,0.02789831503790128,0.25367363210869637
4864,0.036912355571985245,0.9066174028572764,0.7650408335419685,0.9115650138866551
4865,0.06192021444439888,0.47863254635248226,0.12183167302581431,0.2856949414408777
4867,0.11637022346258163,0.8090004778288425,0.7767471399416125,0.7608377738216625
4868,0.07874352484941483,0.816328515555549,0.6958207625454547,0.8069989258692436
4869,0.1903669238090515,0.49919644944075636,0.21091466983656662,0.5252082054033758
4870,0.07831723988056183,0.5643918164491372,0.272937426446957,0.4768687813446947
4871,0.14868922531604767,0.782736759323015,0.8329185703864185,0.7468857833591467
4872,0.06573926657438278,0.7008272699572085,0.3096230063253998,0.7178366668731719
4873,0.034989941865205765,0.8510039774227608,0.5402917447095789,0.8827359656802944
4874,0.11915066093206406,0.6811244966720124,0.41792710155229984,0.7467191170705644
4876,0.0436340756714344,0.8975776369062405,0.7154872284517968,0.8464680384155969
4878,0.07628685981035233,0.46891483118744953,0.049096005758662145,0.2622010080356778
4879,0.12104862928390503,0.7843012001012666,0.7353891678883384,0.7037694847731581
488,0.1392872929573059,0.5966346211294464,0.4157895274247793,0.4913379758353403
4881,0.06544040143489838,0.835545597531506,0.784697416998731,0.803559948032645
4884,0.06093111261725426,0.6975167046357602,0.3459170507800155,0.7312032274901856
4885,0.3189258873462677,0.3454035610487378,0.07285595379411831,0.2632766465857238
4886,0.2396712750196457,0.4643267972078521,0.3608001933664235,0.366696517741161
4887,0.13661283254623413,0.5684976719691102,0.06799292271137075,0.4509578491101822
4888,0.04690995439887047,0.49583013208293,0.1327285482285304,0.3424130209811536
489,0.3026609420776367,0.43747398744839566,0.4663914737887572,0.3922769439183754
4890,0.20990420877933502,0.6039011572213722,0.6214127905472633,0.5408134793085211
4891,0.2270979881286621,0.4414681156713203,0.3537383172364495,0.3679328409071907
4892,0.11100731790065765,0.8644561938343137,0.7714985906406409,0.802836095080594
4896,0.14047066867351532,0.5912144004055783,0.3501552868560518,0.6905859958578706
4897,0.0840228945016861,0.8019415239651229,0.5813889282627489,0.852395744830952
4898,0.06752285361289978,0.7939926670230851,0.4714420191131533,0.8379404054862528
49,0.20776982605457306,0.5479970815780515,0.25317962905479013,0.6143499876181776
490,0.05012865364551544,0.6001310281163112,0.16818806448847737,0.6512535616339133
4900,0.07717091590166092,0.888239050449309,0.8283264037318888,0.8299886530574629
4901,0.03606860339641571,0.8940248536478905,0.7335645901668576,0.9221614826442345
4902,0.18405617773532867,0.4817225974849788,0.4260886244511339,0.39978869677949674
4903,0.14979414641857147,0.5914633387808329,0.25528305155517583,0.6385109679395355
4904,0.1825408935546875,0.41247343878401665,0.06454071664918429,0.2786026980950861
4905,0.06751472502946854,0.863065471364197,0.7015091422638134,0.8554564274363509
4907,0.05415463075041771,0.7087925131231019,0.14648068436987502,0.5771808245826912
4908,0.017192170023918152,0.9036311272802393,0.5483623039487798,0.8592769504097355
4910,0.0427948459982872,0.6708071405415821,0.2531602739298768,0.688104004077513
4911,0.030248763039708138,0.925037658963787,0.8090649821820184,0.9310933480086852
4912,0.08077092468738556,0.8186626498965914,0.78100134983087,0.7667224042209104
4913,0.3413642644882202,0.33111978534058445,0.021805018280123236,0.2525942287671823
4914,0.09357194602489471,0.7058286256543911,0.6295634960932311,0.6172314659194136
4915,0.0814974308013916,0.8853006096577402,0.8896143647297171,0.869538715005512
4916,0.10800281912088394,0.820912328637436,0.567215594730913,0.8170925239843976
4917,0.14573459327220917,0.6779850437791363,0.7515795448901553,0.6857909055709024
4918,0.10959899425506592,0.762703476149258,0.4496479561013787,0.7816178140175528
4919,0.15068481862545013,0.7377713134129256,0.7462354900186788,0.7377908282477303
492,0.0806303471326828,0.8132747171617694,0.5144785562216281,0.8509127554468867
4920,0.14861762523651123,0.625823841868666,0.5957400383054181,0.5296104461055231
4921,0.0689251571893692,0.6574818499122455,0.25054254465207026,0.6114620224950986
4922,0.056751739233732224,0.9010800254508329,0.7740916993089698,0.8974658574532175
4923,0.06377137452363968,0.8256390227338919,0.6749091169069377,0.8030560289118778
4924,0.03182726353406906,0.5698509029684111,0.19231348575291252,0.3525573492363251
4925,0.08119823783636093,0.873379681916203,0.8552743673352362,0.8459456244830179
4926,0.04575019329786301,0.9325420529844386,0.8766435769340557,0.9020751108339535
4927,0.09098944067955017,0.457413639549728,0.03220769135322982,0.2566701104010687
4930,0.03477655351161957,0.9447091614031322,0.7841745777247007,0.9089941071036756
4931,0.01992870308458805,0.7713388005386297,0.34906308959430266,0.8240822598875672
4933,0.08908427506685257,0.7923835497756935,0.7601520536596547,0.7254635633087773
4934,0.062172599136829376,0.6150079725841073,0.30099573462904744,0.7125767922752126
4935,0.07322832196950912,0.46694265490239173,0.06315953020779262,0.2731781711656368
4937,0.035925619304180145,0.6758662645401623,0.3031012243672842,0.7074029281506675
4938,0.07020127773284912,0.8042612359984983,0.4642929740121685,0.7316926001744143
4939,0.15481089055538177,0.47492998007932713,0.2757076350288435,0.3425893385549023
4940,0.03041786141693592,0.9180596957708187,0.7175515936664232,0.858082477982976
4943,0.12188142538070679,0.7639820468975549,0.7528805169682112,0.7669015759262396
4945,0.14564569294452667,0.6969762348175839,0.5839401078722827,0.6522764243767274
4946,0.0745689794421196,0.8755237063106648,0.7366910879529244,0.8724542987676991
4947,0.15110516548156738,0.7654375241967353,0.7792423419020409,0.6991077454481811
4948,0.17090003192424774,0.7389546163955014,0.7817585294205351,0.6776503515127013
4949,0.0295246671885252,0.9068271166463621,0.756348878658215,0.9409331782184726
495,0.12200835347175598,0.6833785903620271,0.6047748721451329,0.668376953535927
4956,0.038317445665597916,0.541934267087095,0.05218470805988531,0.5810422959800186
4959,0.024120556190609932,0.47622491309994724,0.00047967641599643566,0.3902682490993892
4961,0.02265101857483387,0.5164009889474425,0.02725289407992673,0.392692391774337
4965,0.025180302560329437,0.8028156297645794,0.5354933890696492,0.818174720802649
4966,0.047601763159036636,0.6486691097259455,0.20323562167677525,0.6777933337420974
4968,0.06856390088796616,0.5307349170013077,0.1110254177223446,0.3463287583589215
4971,0.03452868014574051,0.4902929887631111,0.04834295582863189,0.28760736754068295
4977,0.17720927298069,0.41385430559982755,0.04028410450620775,0.26891043927570313
4978,0.10582119971513748,0.6811439259574591,0.5603271915873984,0.7333852523338166
4979,0.1270323395729065,0.6563366483494775,0.3065185069379676,0.7112183458324837
4980,0.07952477037906647,0.5289268910868512,0.06683766553400039,0.38636303097096303
4983,0.08109668642282486,0.6607572670467179,0.21981190584601712,0.6936916969923455
4984,0.08177302777767181,0.5777166273991698,0.2708253660711449,0.6126454276799783
4986,0.06879590451717377,0.44862034044061444,0.006799676573795417,0.795309239690944
4987,0.1833159476518631,0.6001868139781996,0.6698036097279001,0.5855996846213218
4990,0.15445974469184875,0.6632415627457657,0.5874714186447485,0.5956595767067936
4993,0.10989372432231903,0.574274773132601,0.24049435849928355,0.7237262403768578
4995,0.01947595551609993,0.49158054984500843,0.018016730294734155,0.25241304645578644
4996,0.2488047331571579,0.37939874310241517,0.06824641405854068,0.2627268452468825
4997,0.08169590681791306,0.5924147875810325,0.31697578587817904,0.5647549647548925
4999,0.04759588465094566,0.4634183061611058,0.006605296267185547,0.46217863850310603
5,0.14057685434818268,0.43150046660052727,0.019646749338445603,0.25210237638397137
50,0.08661366999149323,0.6433164781096895,0.2395968722907907,0.7212866264809741
500,0.08877582103013992,0.7372389876931227,0.6381974787188538,0.823014959202885
5001,0.07210800051689148,0.4973851617284397,0.060748090861500584,0.8182871378164153
5002,0.04917537420988083,0.8698655062046761,0.4600786751173399,0.8596675502527414
5003,0.02734985388815403,0.48330593471149774,0.0009228373443672588,0.4274615391776636
5004,0.11935538053512573,0.5266556204521826,0.09176766191375062,0.4259445247280989
5005,0.07851122319698334,0.5628345283774491,0.2486769494296916,0.7578232497402335
5006,0.08846384286880493,0.6184010595261142,0.2769711172874932,0.7721838865154824
5008,0.056125231087207794,0.6887153442904601,0.2759984279005346,0.712218885437057
5009,0.1024916023015976,0.4472313732231563,0.053329967004649585,0.578021653833758
501,0.09521957486867905,0.883099165684272,0.7493250699807203,0.833512415867624
5012,0.021742558106780052,0.5002160904193089,0.03790214955470137,0.3542829403426252
5014,0.019728025421500206,0.8140747841329927,0.38911773091075286,0.7368225106414286
5018,0.07607104629278183,0.7875465131180719,0.5611552888034843,0.8050945018206187
502,0.33809125423431396,0.36811341599605857,0.3346079559285899,0.3293592387528548
5022,0.15628397464752197,0.3926691727823885,0.004190455870109594,0.7396349812986174
5023,0.04573872685432434,0.5897807497681449,0.154083281510806,0.7457221416051341
5024,0.034312933683395386,0.49444116666067284,0.0362958409269352,0.37895794601454
5025,0.08484327048063278,0.5195052069707661,0.17307970621908075,0.8502882664358291
5027,0.28489118814468384,0.5213788945373581,0.35227673247474356,0.3892794105885971
5028,0.14236624538898468,0.431435929689918,0.049169829018527046,0.2592075315546626
503,0.1304032802581787,0.7567347894071828,0.7217360181946486,0.7105367934081086
5030,0.10915541648864746,0.4531868011269638,0.1350706622623328,0.2896125398423398
5033,0.1709975153207779,0.6808731909539129,0.6711192150452112,0.6406100917227231
5035,0.1068287193775177,0.4545057255615888,0.12292546377414926,0.2835799158147153
5036,0.043290916830301285,0.7357776872211719,0.29403950583948146,0.7439504340755008
5037,0.03970726951956749,0.48952659056860914,0.005391513314068909,0.4319323251857222
5038,0.055376309901475906,0.47040166375531667,0.011363497170491507,0.4621041047557181
5039,0.10121450573205948,0.45175862665015515,0.02845771409370583,0.25461757605036706
504,0.12518951296806335,0.7020520741390838,0.57245176450748,0.6781560128187885
5042,0.09037037193775177,0.6214466134275833,0.308961143177782,0.8514641735805701
5045,0.08296149969100952,0.437908792619592,0.008129829182884523,0.5842109141589227
5046,0.043038271367549896,0.7250299137325864,0.36094515719012954,0.8574709632795867
505,0.1388954520225525,0.7212367732525122,0.6799928143074139,0.6812709157878664
5050,0.052954819053411484,0.6756010182341817,0.4842831468106992,0.8217406529787907
5054,0.06872716546058655,0.5780160041083435,0.10698365499635373,0.4885638495767629
5057,0.06270205974578857,0.5506246279925683,0.3147435073954379,0.41474664980713394
5061,0.04825232923030853,0.8070896207512476,0.49133013971037526,0.7304396053136744
5062,0.05151002109050751,0.8821681111295923,0.7151931736012659,0.8464557228272341
5063,0.11524152010679245,0.531136001759611,0.4045992803348666,0.4156132572639132
5065,0.17609448730945587,0.6613471158165373,0.7264705361682022,0.6518516032764341
5066,0.056242723017930984,0.6931530307289034,0.36024528423228835,0.8149345343403565
5067,0.3665491044521332,0.3224811734510522,0.09426311467395965,0.26551167084127314
5070,0.04079492390155792,0.47524724914330196,0.0007377179137675996,0.3721038297793319
5071,0.07974276691675186,0.4460009217706771,9.965605869943211e-05,0.3470209967551254
5072,0.09411337226629257,0.6737935771077117,0.34352331489003807,0.8382462594549904
508,0.014446445740759373,0.9107469598789448,0.5228250301769592,0.8104484513225506
5089,0.078072689473629,0.4457199310944141,0.007904210323973114,0.2678949914615868
509,0.09774653613567352,0.7397084393281551,0.5831570591479643,0.7088193406371467
51,0.07741927355527878,0.8814019161256421,0.7891985906275054,0.8619609092642588
5105,0.03632703423500061,0.4731544847133523,0.006535518338789987,0.634724380076346
5108,0.11610019952058792,0.7768385313225256,0.7073476512131913,0.7881539516009495
5109,0.08438257873058319,0.7289965321360902,0.3693610129760116,0.7414370881164714
5110,0.11504189670085907,0.642645291505658,0.25624991343264836,0.45841253082933553
5114,0.05893181636929512,0.7319251489741497,0.6515658222560314,0.7371810280702535
5117,0.022503508254885674,0.9201489239140384,0.641745985622858,0.8940249096673443
5119,0.12804117798805237,0.5356692492739787,0.4909637027279302,0.4689427979638032
512,0.35562342405319214,0.5107725767826798,0.6782162727398119,0.5008844651780957
5120,0.036464616656303406,0.7723987025900501,0.4097279715248036,0.8401132460826475
5121,0.06887509673833847,0.6598451962851034,0.34795658933501883,0.720717085631416
5123,0.05605671927332878,0.48113371089948126,0.07523476142829996,0.2940972945754792
5125,0.03259275481104851,0.6056678943074787,0.2230953919481502,0.7049702459156691
5126,0.06456542015075684,0.8733680108137116,0.7329962417589609,0.897178025374695
5128,0.11664772778749466,0.7480398938032207,0.3384949081374339,0.7180986833927528
513,0.15834027528762817,0.6653426224120196,0.615222512864979,0.5785423462831036
5131,0.1801501214504242,0.5864933096496877,0.47600010324108927,0.5718471518447152
5134,0.08744367212057114,0.46048269451101803,0.05551387358353351,0.6310227714367277
5136,0.058731213212013245,0.7896280159025674,0.49928111117644874,0.8665611512288309
5139,0.4083576500415802,0.30894498428781514,0.13261036185901473,0.2683084476843278
514,0.13683268427848816,0.5906530640518233,0.21156296242066439,0.6912565910737372
5141,0.07080227136611938,0.6346589729100691,0.3989280834812624,0.6629009112283584
5147,0.12084871530532837,0.7838888105630037,0.6008173742164652,0.7599054382573729
5149,0.3562570810317993,0.3387357280146564,0.1915522389740893,0.29028889870402186
515,0.3516208827495575,0.4468395015367629,0.5100505098163604,0.3918677742246347
5151,0.20522765815258026,0.3999316160766072,0.03903680796600171,0.25599249385784906
5156,0.06870365142822266,0.5243789395557026,0.02917919906344185,0.4388243912495391
5159,0.1249547228217125,0.5287984971223163,0.21396321634185214,0.6012591398527057
516,0.06847881525754929,0.645453396389893,0.24994779583859886,0.6054727080350242
5162,0.013364193961024284,0.8506604909188278,0.5166512668840487,0.898079856524068
5164,0.12772046029567719,0.4810227685011868,0.13355215121748315,0.512620601149579
5165,0.05042140185832977,0.7975622562842802,0.5148122730890408,0.8665648077020419
5168,0.18355385959148407,0.6670512160123316,0.7548791713611844,0.6547815765393323
5169,0.19550704956054688,0.6405738388695446,0.7083098951602671,0.6113746989473143
517,0.10087095201015472,0.7857486221594102,0.6573291655831133,0.8337114504393521
5170,0.06303423643112183,0.5443693685435834,0.13430636272508667,0.7671387087921573
5175,0.07735269516706467,0.6287667014213387,0.23255511469581264,0.7237532323125366
5176,0.0666511282324791,0.8153491205576375,0.6929826835002679,0.8583736705607374
5178,0.040408968925476074,0.8473459019289272,0.541746513688081,0.8853697023246934
5179,0.1789260059595108,0.4128694955131711,0.03731330183065505,0.25582729960348866
518,0.09444401413202286,0.7497048203677641,0.39763916002097205,0.724113937501941
5180,0.4735320508480072,0.332158572284493,0.2883242309857258,0.285818422371624
5181,0.09266482293605804,0.7946899041243605,0.6736021264310126,0.7469788815321494
5183,0.0252359788864851,0.5610351574728144,0.07410658245205955,0.3150126096421631
5185,0.24093793332576752,0.38107324263701253,0.019764099143285037,0.2526366923480796
5187,0.13387206196784973,0.8463513975616187,0.6914234140484358,0.7853895695117827
5189,0.12154058367013931,0.444780010904513,0.07082487605017587,0.26399032484122575
519,0.10204147547483444,0.767496350876252,0.49940753947838923,0.8251695967957962
5191,0.2111535221338272,0.49215390823906247,0.47414208099080646,0.423927927733874
5192,0.01654590293765068,0.624937643165177,0.13539178691292061,0.39928968033880896
5194,0.0821533054113388,0.7463212143718552,0.7373378500389647,0.7998182761278332
5195,0.06082327663898468,0.8251504290165592,0.6687577203902254,0.8702622445977871
5196,0.14007455110549927,0.5698481896132126,0.2849318541790642,0.5867871231729131
5197,0.188766747713089,0.4063133717630244,0.044374413290182414,0.259606778726933
5198,0.13336347043514252,0.7600472638339076,0.7579327325107672,0.7250030776917762
52,0.04719853028655052,0.4805153188279173,0.025631483775254742,0.2595132096650996
520,0.35959112644195557,0.4325836336435349,0.4641578474584521,0.39094304702847515
5200,0.11245286464691162,0.5127492308648747,0.3419586288531711,0.37144060554694314
5201,0.09503402560949326,0.7041566346520468,0.7082431274580874,0.6631904867850955
5205,0.04037521407008171,0.4836169204313019,0.003765406419990225,0.39285012025613963
5206,0.1781172752380371,0.4168321641848494,0.09376924804806827,0.2722688501316024
5207,0.35009390115737915,0.5391439252215092,0.697384627386214,0.49045089541127074
5209,0.04700975865125656,0.8516215428392855,0.7222559675147909,0.8781556234635371
521,0.0348193421959877,0.5241469552370277,0.05403389276775656,0.5768227458309096
5210,0.33334195613861084,0.3427990186027927,0.12685343721131678,0.27380477128037495
5211,0.2189653515815735,0.6956665986504612,0.7465194442384098,0.6392954027101709
5212,0.25467944145202637,0.44063827656406734,0.2306162855521971,0.3884884825195157
5213,0.06562844663858414,0.47218773438840544,0.04512140205342003,0.7152412822787575
5214,0.08916233479976654,0.7761046416958461,0.6175504775784687,0.7702509727707262
5216,0.3933789134025574,0.4663698396889068,0.5904278047334774,0.4044093685320482
5217,0.15245495736598969,0.49756997387672924,0.13614726267507232,0.3432199016566032
5218,0.03071240894496441,0.6973202856729108,0.33506730312529537,0.6061668247871735
5219,0.11373716592788696,0.7600639054502951,0.7155417953525067,0.697710667960276
522,0.1502751260995865,0.7702108185977452,0.8060101711770176,0.7451453317402106
5222,0.03390787914395332,0.7503555667924799,0.27609264832264135,0.7383805331551434
5223,0.08452532440423965,0.6800838487815875,0.7080771156819814,0.6502976356632216
5233,0.0833660289645195,0.8000585757642029,0.587706200704095,0.8098605285474563
5234,0.1810089647769928,0.49791499450970583,0.09159818224290871,0.4737926684455399
5235,0.10219775885343552,0.5332598993842201,0.18399119454865367,0.7199834760034602
5236,0.6218451857566833,0.2847672809797039,0.520705344338845,0.21800167903278783
5237,0.07474389672279358,0.7517824231632653,0.6652907567319851,0.7359623366641196
5238,0.20027825236320496,0.5282935417486403,0.2813746282778007,0.35813697131560657
5239,0.06645026803016663,0.6984764286828691,0.5650973607577452,0.650212880792341
524,0.5467579364776611,0.371200911542127,0.5811138604611388,0.304813402963512
5241,0.10404745489358902,0.7974843544012264,0.6057183900630154,0.7881298934449057
5242,0.08935151249170303,0.7034395804401454,0.41686592154027363,0.7852582796311294
5243,0.07628403604030609,0.8389944360164292,0.6287319192695897,0.8790808145351572
5244,0.23010258376598358,0.5544973817850544,0.5734458529897487,0.5630268097962643
5245,0.051562629640102386,0.8609593408719877,0.6546636620699215,0.8658828644680787
5246,0.11190032958984375,0.4485995754298779,0.06464495727912672,0.2644394592261421
5247,0.18132786452770233,0.5390210530343769,0.4190310037450008,0.4552294028707262
5248,0.058249857276678085,0.6675082819780844,0.3807043378149858,0.798952036249949
5249,0.1456616371870041,0.6165792615510294,0.4667403532685496,0.6055911019161483
525,0.25824087858200073,0.4988729220118936,0.5150594017726814,0.43137399056208553
5250,0.048724785447120667,0.8352185448404272,0.5472023636279135,0.8433724364538842
5253,0.06088029220700264,0.6405679736615286,0.14791593414506304,0.6580352203874534
5256,0.1313389390707016,0.6237750500077385,0.4960560566966411,0.5752519800931851
5257,0.06250344216823578,0.7830168278631047,0.6667527255873368,0.7716572883988178
5258,0.0724078118801117,0.5796388889048575,0.5593047555944418,0.5878381620548538
5259,0.12034644186496735,0.7959441363709606,0.7144815349246594,0.8089823327447868
526,0.11796844005584717,0.8274172949306571,0.7642651630517204,0.8307053238405723
5263,0.057708390057086945,0.6377567280522589,0.2700538649763241,0.8580172531198225
5265,0.08638547360897064,0.8306467855298582,0.6836635844922286,0.8782618214798427
5266,0.06173824891448021,0.7865862688015924,0.42600095840728763,0.8606921711534798
5267,0.08573749661445618,0.5075213218680384,0.12136108098788886,0.347651345210233
5269,0.12796276807785034,0.593434970136959,0.2293292920136126,0.6077789862741937
5270,0.09788737446069717,0.7243695724645949,0.27681534211567366,0.6903869211384018
5271,0.04833194985985756,0.6817111650051401,0.3923744360751497,0.7777921575842242
5272,0.07557427883148193,0.8453279123468422,0.532561581927439,0.8439012521460357
5273,0.05949462950229645,0.6860775660154875,0.4533268191280955,0.566624543155195
5274,0.0920334905385971,0.7640985797947109,0.5990081071773806,0.8273825681563078
5275,0.03656866028904915,0.7600403694137777,0.3529180613189223,0.7290822515893172
5276,0.11968962848186493,0.45184039487137856,0.09742464026053398,0.2733078400333212
5277,0.07503317296504974,0.857864822536107,0.6458595233700851,0.8738128451270474
5278,0.0969412699341774,0.4782006234736837,0.06202043480083956,0.4715799961985432
5279,0.11598341166973114,0.6505516711281188,0.26741870386589567,0.7229530341244348
528,0.07630962878465652,0.4484069008273608,0.0051330667292770055,0.689375793340876
5283,0.1760268360376358,0.5467484732837694,0.37082659186355754,0.5034045398284039
5284,0.16665978729724884,0.6563465622920531,0.3680640404017735,0.6888029727835228
5285,0.12310303002595901,0.6929862442838314,0.3378596818423094,0.7523176062821686
5286,0.11854799091815948,0.44581496265554715,0.00897091961077152,0.44441160541830205
5287,0.09338504076004028,0.6189595879747434,0.18726455435391243,0.6835119256652439
5288,0.11324678361415863,0.7573295049703666,0.6666027247486763,0.8338666488474211
5289,0.08832976222038269,0.5260213262122138,0.07249014259993612,0.48758430340435294
529,0.026361510157585144,0.548952271335217,0.027761668215696825,0.4653035365917925
5290,0.15794600546360016,0.4302892621391806,0.07768271594348596,0.27016938869626383
5291,0.09091009199619293,0.5258400356644718,0.12267369905182894,0.5744427903959278
5293,0.08810345828533173,0.5986833068857795,0.08821512738537027,0.5551630053937457
5294,0.09013146907091141,0.7239729595124398,0.48855126504474655,0.5763647958931017
5295,0.08064454793930054,0.8058741883427767,0.7459682578771661,0.8110112706609867
5298,0.08093293756246567,0.5498820911433817,0.21756532326390157,0.38112012346434576
5299,0.03651699796319008,0.7121021743503477,0.2778553774134869,0.768043027627989
53,0.07046627253293991,0.7310620760607418,0.5553902414995052,0.8358313703361215
530,0.031566016376018524,0.6839079726924749,0.3087921646596286,0.5205040109808678
5300,0.07537160813808441,0.5975956999688506,0.12630734707415445,0.6240361468580704
5301,0.12722286581993103,0.7775899986021996,0.6027259738951654,0.6550406024143739
5304,0.0883316695690155,0.7261048035750741,0.4398609836842697,0.8238649856482534
5305,0.19486628472805023,0.7578234378873623,0.7579218301925132,0.6799521295254769
5307,0.06365303695201874,0.47279906396348437,0.03315996932711416,0.28030501867933044
5308,0.06208891421556473,0.5715966925196717,0.22474527722616056,0.7876074611378681
5309,0.18184053897857666,0.5520487833513106,0.1950004580074479,0.5854069351008043
531,0.14089947938919067,0.5227232959491913,0.3428504269567178,0.37993607199448315
5310,0.1447853446006775,0.6768547353064812,0.3772848177725336,0.7533151861896086
5311,0.07620621472597122,0.6742499324230068,0.21788715050387428,0.7641931964330165
5312,0.07331666350364685,0.7673739664011472,0.5387173153428424,0.7774731816595175
5313,0.30357205867767334,0.42043615686261004,0.3400283165693295,0.3581994021746677
5314,0.0545983724296093,0.8287118204377159,0.6838602052270428,0.8428829062182916
5315,0.06808222085237503,0.5855034941118653,0.24584920340166763,0.6737357626978657
5316,0.18774354457855225,0.6453463143918301,0.5708372309383659,0.6376137795009662
5319,0.11555089056491852,0.5349199176957985,0.1655349764106813,0.6277789504920768
532,0.0993613749742508,0.819266066804549,0.5581725900483235,0.821967693433838
5320,0.13013790547847748,0.5958242596269097,0.2664764639360703,0.6710647946368008
5321,0.06239437311887741,0.8389158319078848,0.5887265576742997,0.7813096465229629
5323,0.07248479872941971,0.8363969576706736,0.7487393640040165,0.872980907974753
5325,0.19103458523750305,0.5209901362421521,0.26402702313044285,0.5820729691439168
5327,0.05301583930850029,0.6496399506329242,0.3143654713322063,0.7959302542589866
533,0.12839895486831665,0.699008798007265,0.47066481129244575,0.8106255720133403
5331,0.08181148022413254,0.6703161956386288,0.3553791555442047,0.7922709985925304
5333,0.04241831973195076,0.8824777325806245,0.6842049622238656,0.89888408543137
5334,0.16071869432926178,0.638791917521534,0.5450386398133737,0.670874110551359
5335,0.15606355667114258,0.4667843801463791,0.036224328824486327,0.3740984618587614
5336,0.11816269159317017,0.5237518625398866,0.06647296043556053,0.5943779075058331
5337,0.05616253986954689,0.674277004410928,0.1949936564792701,0.7140038598266583
5338,0.13295449316501617,0.7825361429378264,0.631782021518321,0.7914154794562502
5339,0.1637694388628006,0.7347535639374795,0.5581533910853429,0.756035767960276
534,0.2630872130393982,0.4658592324455382,0.41273992927809505,0.3946634810780198
5340,0.06899352371692657,0.4678405912453057,0.024729937733992853,0.25334709564430535
5342,0.044837530702352524,0.7110259189948033,0.3513449891281371,0.7995662709890772
5344,0.14017049968242645,0.6385964318428234,0.2027707666295491,0.590866488500182
5348,0.18364349007606506,0.6686409070924451,0.37248793828952825,0.6927730426793155
5349,0.05049492046236992,0.5331433574454415,0.09992431557868789,0.3107367496687299
535,0.10913225263357162,0.4853371649912563,0.18317061910638857,0.31846481885255373
5351,0.033040549606084824,0.5114393896735335,0.026355566527191773,0.3112427790377481
5352,0.06438892334699631,0.5845500068944572,0.24783582659434214,0.7177098424291555
5355,0.08323176205158234,0.6658643978261817,0.4019445907837062,0.8186654404714676
5356,0.14532382786273956,0.5520063941050746,0.2076723627954865,0.7034513774381705
5357,0.11490827798843384,0.7745878144527916,0.6813669434815116,0.7392350792428415
5358,0.07764585316181183,0.6280900100375059,0.26836795030199995,0.6963515131990634
536,0.06227938085794449,0.8672177813326722,0.6005932962575669,0.8690090259498705
5362,0.11047030240297318,0.5307334263457987,0.11789715162954705,0.5485838150896041
5364,0.1680200695991516,0.6262598703408573,0.44331278687054754,0.6137774881010726
5365,0.07050953060388565,0.8123370007014851,0.5708437653748485,0.81788040908714
5366,0.08746853470802307,0.7512353791182674,0.4529536727024204,0.7952460774552434
5367,0.08039361238479614,0.491155525218845,0.08452802555396922,0.4977158885396788
5368,0.07803124934434891,0.8166931496249049,0.5174510957623544,0.8021353159629381
5369,0.0859219953417778,0.5629684300384252,0.1386038864887962,0.6184069777532003
5371,0.18364618718624115,0.5011581862819776,0.34929076668126846,0.4887775540965832
5372,0.06539038568735123,0.7579765749830629,0.372121838704129,0.7857204355755292
5373,0.07456038892269135,0.6703216702253662,0.3440754203458412,0.7123423776690507
5374,0.0970914289355278,0.5144516935557784,0.16673786108100552,0.32650878694146257
5375,0.028638416901230812,0.6468406835436,0.2423139319901575,0.8409214292039346
5377,0.11183641105890274,0.7037971695627727,0.2752031768790778,0.6921482196359423
5378,0.16483114659786224,0.6298090435753277,0.3695929057865459,0.7620070315520838
538,0.17842423915863037,0.6917290256072754,0.6569472950606753,0.7052014490496712
5380,0.06542549282312393,0.6911337668833115,0.4220411332627166,0.7971340372790732
5381,0.06479857861995697,0.5307259019098122,0.21879921701788152,0.34714976235108896
5382,0.11011748015880585,0.8009342380894551,0.7667032743961023,0.7818839023499508
5383,0.14568781852722168,0.5545420885456432,0.3769357996414857,0.41327507190470647
5384,0.09456747770309448,0.7829777215113857,0.6816673435674955,0.8230548129030972
5385,0.0799730122089386,0.8794076509036003,0.697614277643366,0.8419964222209978
5387,0.07474000006914139,0.8344745551591861,0.7342155852605051,0.8393425696228776
5388,0.08866987377405167,0.6374050786926112,0.42323241114390625,0.6479839237995503
539,0.05888253077864647,0.4869723978471834,0.15698352637975974,0.31284351197876437
5390,0.16273939609527588,0.6109124696652941,0.31941033464940466,0.7145038675177744
5391,0.1691579967737198,0.7808887695726642,0.7209754793453516,0.71322572979577
5392,0.07162929326295853,0.4672875211430359,0.02540392230822797,0.25419487138991564
5394,0.16694624722003937,0.6034401115530208,0.22684519090477323,0.6267625404066062
5397,0.21937443315982819,0.47707815394802977,0.4323533835373975,0.39558559449625774
5398,0.06602715700864792,0.8061660710739122,0.5280816653280785,0.8276075595996588
5399,0.36963772773742676,0.5568539709918096,0.6737500215505633,0.458894009737136
54,0.08373221009969711,0.7170896854282216,0.6171099535084339,0.8142773257974771
5400,0.38986578583717346,0.4204088739804521,0.42290674498620595,0.47537360100403936
5401,0.105689138174057,0.6907630770451723,0.4962010291352617,0.8445779460622174
5402,0.14823123812675476,0.5788224107984958,0.1871760985759662,0.6061254009841139
5403,0.3733946681022644,0.37206504875816876,0.3446306254191229,0.3249063705800799
5404,0.21215352416038513,0.5129066440680566,0.4053212593469035,0.463320825364846
5405,0.09653838723897934,0.655516621968663,0.554093919230574,0.5697652232216901
5406,0.12299975007772446,0.6094359739315796,0.607078481379695,0.6003520800594019
5408,0.10011470317840576,0.778403878088859,0.552091780782026,0.8201042112092906
5410,0.05962260067462921,0.7247392278356874,0.28811025909497595,0.7815430171236184
5411,0.050498511642217636,0.7678840554056319,0.5437766505722242,0.8192867968101831
5412,0.04351452365517616,0.7850501014710332,0.4572796376051588,0.8703581015527708
5413,0.1255323588848114,0.5945290905695811,0.2769411163126524,0.512672040761288
5414,0.17582574486732483,0.6102215605107493,0.5154842720876538,0.6677274122711119
5415,0.07722236216068268,0.5298012351260895,0.14286044980000667,0.5665111015495485
5416,0.10091443359851837,0.6594190045564191,0.38761301112650137,0.7153138528940454
5417,0.20306597650051117,0.6202627970362169,0.5030270779139648,0.7309070268264153
5418,0.1226726546883583,0.4632647040443436,0.15491434787324504,0.29962871496411503
5419,0.14051513373851776,0.6426986608727014,0.6044127004306766,0.668765588515088
5421,0.1438102275133133,0.5728172871052488,0.33489282080437177,0.627352067400915
5422,0.08412937074899673,0.5285356576209274,0.12987655368497297,0.7241653511457921
5425,0.15270335972309113,0.5561244211352318,0.18255462587350937,0.58491531893752
5426,0.052282851189374924,0.4788888574882907,0.04493606354090623,0.28233963781303195
5428,0.23579248785972595,0.43845483414804337,0.38561405582204045,0.4021542070824443
543,0.1221771165728569,0.74241890799065,0.4162547466102492,0.75415487834068
5433,0.14603908360004425,0.7151402796823076,0.6061706683037077,0.7408141698649559
5434,0.0823056697845459,0.5843558659565671,0.21778863027955755,0.7730534941446816
5435,0.08039388060569763,0.49708488696130276,0.1390961576456526,0.2971540796057643
5438,0.08526843041181564,0.8472208240084207,0.5191180420154489,0.7871419243865632
5439,0.20367762446403503,0.4032807182544463,0.07182713052349257,0.2636437059635519
544,0.5282659530639648,0.24071869485226172,0.08073442546340312,0.2554245501587476
5442,0.19011662900447845,0.6231654260157568,0.6686700615043302,0.587652062298909
5443,0.11096417158842087,0.7866597066181519,0.6649290188725903,0.8046261496849411
5444,0.13617843389511108,0.6870788878909508,0.7134765071512531,0.6742383935094884
5445,0.11543195694684982,0.6930798202320267,0.6012618095417852,0.7701723956622858
5446,0.11724141240119934,0.676021178589916,0.3056954523178953,0.7227138720241193
5447,0.09594298154115677,0.7997249654454116,0.6549212136710627,0.7631806326301276
5449,0.11696220934391022,0.7469717731532401,0.6075385193006747,0.7831333116309096
5450,0.21511131525039673,0.6619345041973275,0.7391621537948484,0.667455759370666
5452,0.2945879101753235,0.3808330510130513,0.22046968144920326,0.3047213069517904
5453,0.12630672752857208,0.5805615108766643,0.4711016560725817,0.5269100703905635
5455,0.1389264464378357,0.8303510873827807,0.7665576064147939,0.8169133509240949
5456,0.07694373279809952,0.47309056666425153,0.11145389958093956,0.28109163179811175
5457,0.14186811447143555,0.7730293551466767,0.8144381794131303,0.7450655988956355
546,0.042949236929416656,0.8138272442920637,0.6258144731772218,0.7393649226454952
5460,0.11068286001682281,0.5980980456409257,0.2748532053469809,0.7330820059526637
5461,0.09178691357374191,0.700747668914593,0.29372969111290537,0.7327397287039379
5462,0.0547708235681057,0.8304179649549867,0.6479288934154304,0.8722201107279017
5463,0.05931094288825989,0.4858084087515218,0.09904510498715373,0.27649716978183647
5464,0.13364461064338684,0.7183314351082983,0.5394003484976028,0.808255528948014
5465,0.10846373438835144,0.6416809394854612,0.3257463455345812,0.6932629365063232
5466,0.06661846488714218,0.6788353103732191,0.27731773148901584,0.7972676080896582
5467,0.16190017759799957,0.7007588958396735,0.4480127763291713,0.7688796358920873
5469,0.12737371027469635,0.4374073887646213,0.0701731524154186,0.2985768589367539
547,0.12905625998973846,0.7718973685757171,0.7026365576137207,0.7467032351299947
5470,0.10960831493139267,0.5774602633337048,0.36888895928127413,0.673134733823481
5471,0.025120321661233902,0.6552311777568364,0.444635497535142,0.9001370115000048
5474,0.13901948928833008,0.6846485405687355,0.6339698381003217,0.7644361282672911
5476,0.1265992373228073,0.4421096609915081,0.09233097363712531,0.2693282449563077
5478,0.22929082810878754,0.591746659437312,0.4662591339970204,0.4825675065608662
5480,0.033110812306404114,0.8074142275555024,0.5414805360121999,0.881717843073388
5482,0.04263211041688919,0.8513290720172353,0.44474757171445833,0.8334455471272195
5483,0.03148556873202324,0.8386118312509773,0.5544381551629929,0.9339752229720841
5484,0.055207815021276474,0.7372856787971611,0.5311711105060399,0.7631548844383783
5485,0.1718599498271942,0.675337572401139,0.7172647959543963,0.6748053840627958
5486,0.2044188380241394,0.40012719527113755,0.03340472862527804,0.2559855387086708
5487,0.09243006259202957,0.614440949371421,0.2748884221388614,0.7164783032600294
5488,0.0799601674079895,0.4766477618626005,0.1591906261526375,0.3022639876781606
5489,0.10362553596496582,0.6587709638930546,0.5946799463019167,0.8287947659172705
549,0.024767370894551277,0.8931396804436189,0.6202056051878522,0.9220487919763929
5490,0.029125364497303963,0.8902993850242484,0.7285363123594056,0.8503061975176216
5491,0.012189253233373165,0.8130810633153093,0.38338298360728623,0.8009224740257782
5492,0.21688713133335114,0.5423394643689161,0.4400045248757636,0.5960370990521358
5494,0.07874105870723724,0.5055290629378125,0.33452271978377607,0.3925211401441629
5495,0.11197293549776077,0.44591976717067944,0.02626063147785264,0.25381183483126224
5496,0.19414517283439636,0.40533438497183927,0.03547216951546152,0.25625456629536936
5498,0.15354809165000916,0.6807320299802718,0.6882772286158795,0.6368059730986056
5499,0.08203691244125366,0.5854971427553429,0.08269762874418629,0.4607494125303009
55,0.057807356119155884,0.6751928252432972,0.30597368326935537,0.81210936025585
550,0.11422059684991837,0.4338312144855149,0.00013716826017071894,0.30701999283447307
5500,0.09837447106838226,0.541604879595868,0.19599043182149334,0.32049232183401266
5501,0.033755168318748474,0.7905884720076515,0.42193919918144923,0.8620943864067505
5502,0.05033879727125168,0.7422846116661861,0.6494398130790235,0.6580351917375409
5503,0.06857195496559143,0.7509014733594584,0.5691392287896935,0.815939225662055
5504,0.07623428106307983,0.618600076657905,0.5030923539660144,0.6906174876053641
5505,0.043580763041973114,0.47726782088912334,0.010309193523141217,0.2916412716782788
5506,0.17760196328163147,0.5672221006568143,0.5092462963604366,0.6109880264202182
5507,0.03346088156104088,0.6251302627541041,0.21900236437834078,0.6480657498677789
5508,0.0712152048945427,0.7426144754297481,0.5348532136803045,0.8386878629932621
5509,0.18671855330467224,0.6646246700045805,0.610869770690303,0.7205738848857712
551,0.032941654324531555,0.8568198607584012,0.6088547754387174,0.8886829838549483
5510,0.09444710612297058,0.45481076291281447,0.030335914150162537,0.25615325463290683
5511,0.21995314955711365,0.5235699283458024,0.2823772211467334,0.56155681072027
5512,0.3062281310558319,0.354989635152086,0.10878583002290523,0.27167727780643736
5514,0.0562010183930397,0.519772956441962,0.06951307789325584,0.5396002712776503
5515,0.061108361929655075,0.6264838404360528,0.13652136451300984,0.5578805369283399
5516,0.012553517706692219,0.5604466526191354,0.1133542471951412,0.3443372407090408
5517,0.0801679864525795,0.624533269980056,0.17512685302684142,0.5615071906577109
5518,0.25185298919677734,0.3778768914186465,0.05809905781976168,0.2604916987474253
5519,0.16123677790164948,0.4407251783917917,0.19588514962659648,0.30373758302866116
552,0.06757544726133347,0.4503213061136508,0.00041915119364646636,0.4139253000985573
5520,0.28862592577934265,0.5228983166653562,0.428538773381322,0.40573111452907185
5521,0.06274273246526718,0.45883572735204897,0.033216999178398945,0.596289134689776
5522,0.1756996512413025,0.5631613307963586,0.11678888437212348,0.5314001322900967
5523,0.06342031806707382,0.7824754243523147,0.41277335140195476,0.8433182620375503
5524,0.0529620461165905,0.7811220033866257,0.5989689899185959,0.7561595656003015
5525,0.23373840749263763,0.6016290817803762,0.5185632061650056,0.565588328245709
5527,0.03712182492017746,0.6093562188055063,0.1744124123193469,0.4257092250482374
553,0.09486348927021027,0.6728074929584242,0.2587779663935524,0.6889593642457104
5530,0.08054361492395401,0.6109292891557706,0.05735639043537359,0.4615998520030955
5531,0.17881031334400177,0.47259184954468725,0.1625494799282017,0.7252113176678857
5532,0.06437595188617706,0.6151006754800306,0.16993121442134612,0.6995788320323537
5533,0.2046118676662445,0.39983527061891877,0.02824078829850234,0.2537658372360415
5534,0.08248375356197357,0.4953483765432367,0.23146196044736045,0.34049461851954665
5535,0.08232314884662628,0.751285480248578,0.5242756249394582,0.7923463203286537
5536,0.15720419585704803,0.4224959822070646,0.01324467277384426,0.2531087618078218
5537,0.11619394272565842,0.6924563117574579,0.6318865132530685,0.6316961168231691
5538,0.03436852619051933,0.8995646498479876,0.6684571772502896,0.873209241180865
5539,0.01595063880085945,0.5774327510980548,0.02957143241181609,0.43483847133586184
5540,0.03427579626441002,0.6841390775330569,0.3071121747806148,0.5927115231737401
5541,0.10790442675352097,0.6780737459804178,0.21422248976100292,0.6490617276943218
5543,0.01464872807264328,0.5174226822631222,0.030642881647771344,0.5200110698557632
5544,0.07013529539108276,0.6594159900118695,0.36969081322806485,0.760211373000441
5545,0.06655126065015793,0.809028948254051,0.6289402758770618,0.7294226756037279
5546,0.13495665788650513,0.43471121757653075,0.03725853157670625,0.25513595001680023
5547,0.07219989597797394,0.49731469705729625,0.19499848079657792,0.32568748556728566
5549,0.30508482456207275,0.35121971755027986,0.05534749406180716,0.2581811339385359
5550,0.023244548588991165,0.8493788707940657,0.6986346735540258,0.8273081996175856
5551,0.12886005640029907,0.8156621925873098,0.7335781291961007,0.7933689660041494
5552,0.14745211601257324,0.5872639803858698,0.338555545290361,0.4641940802944683
5553,0.062105942517519,0.6513343239838802,0.3944153536504877,0.8353893634828167
5554,0.1509232074022293,0.4269657275735447,0.03799178515226135,0.25884679143291567
5555,0.09563740342855453,0.6737104729556064,0.23951908410015663,0.7261053761611665
5556,0.06252831220626831,0.8222702764231815,0.5398637258859043,0.8251578239747565
5557,0.23617331683635712,0.46585886644161173,0.2633778050649436,0.5232540830030196
5558,0.09234140068292618,0.6471174096094322,0.19599448482518286,0.648158484175905
5559,0.07879051566123962,0.48259304556043486,0.16810191855300433,0.3183529356478937
556,0.4463310241699219,0.33976577543908787,0.3694225075942048,0.31755717128688987
5560,0.163187637925148,0.6323185590548289,0.6385752972771301,0.6256708825260872
5561,0.1907099187374115,0.5558159049868431,0.4010162024203759,0.40957702134596363
5562,0.0388948991894722,0.7900339002636783,0.4470610606275238,0.8270864205206612
5563,0.035108618438243866,0.7243058373757945,0.267666365080691,0.7004750689953244
5564,0.15667228400707245,0.7568439790477204,0.662289465655513,0.7334719068882483
5565,0.03578654304146767,0.8037319267268891,0.44354092649431826,0.7267471489863438
5566,0.01954728551208973,0.8620892593916969,0.5674765395174521,0.8729189157295975
5567,0.032498620450496674,0.8871405205580742,0.651782244978407,0.9265508747137073
5568,0.07998134195804596,0.6784428861046595,0.4696214089344011,0.7266320349613331
5569,0.0670340433716774,0.8417015432022525,0.6083663581554091,0.8663299443043911
5571,0.07447865605354309,0.8086445182061862,0.5380686475795967,0.7993057989245911
5572,0.06780592352151871,0.780683310122217,0.7059171420550195,0.7569097680016271
5574,0.05881989002227783,0.8140146127659673,0.7416193280808997,0.7955337543099561
5575,0.21360160410404205,0.39582108959243906,0.03352967735386046,0.25563291318687265
5576,0.1792784333229065,0.6107723948305521,0.5454566879064552,0.6580927062809554
5577,0.27742767333984375,0.41995939741269284,0.4580420524679693,0.3983623084561896
5578,0.09695383161306381,0.809031911025822,0.6874244261870252,0.747228417664498
5579,0.11878050863742828,0.45307129719588657,0.14436507301902265,0.29234067407254094
558,0.2248929738998413,0.5951721835545574,0.537529166881989,0.4877402653821068
5581,0.15778060257434845,0.47743858026779196,0.12894895461636,0.7176493585889545
5582,0.029099522158503532,0.684945869477604,0.2589535316574281,0.7192063962834176
5583,0.17511391639709473,0.6209055811705569,0.6357096658315771,0.5958500024929915
5584,0.04192190244793892,0.6245945073965249,0.26385116588654756,0.6932382444347602
5585,0.03369148075580597,0.8956506528998316,0.6809673733621119,0.9092871649611761
5586,0.049224771559238434,0.5633870953184389,0.17926676791004229,0.828793979482118
5587,0.050941284745931625,0.5327578584287103,0.1342832082016124,0.4643238127554508
5589,0.16997836530208588,0.44159343026617576,0.2191396875197794,0.3148098358135619
5590,0.09205341339111328,0.6273848576546193,0.5076546229935162,0.5415627909428937
5591,0.1314946860074997,0.4426438432649413,0.11380615902328954,0.27946413909050905
5593,0.11121922731399536,0.6396239708744246,0.4882721039040803,0.6604781682214439
5594,0.06436556577682495,0.6848936732931172,0.6055573396500264,0.7933213181583781
5595,0.27363529801368713,0.5802480006972385,0.7232553936806286,0.5586678375999675
5596,0.24735583364963531,0.5822305735022271,0.6448262673851702,0.5468500034953986
5597,0.10285681486129761,0.5666609869714108,0.35577676413943277,0.4905996874322952
5598,0.0753820613026619,0.7690845954016189,0.7204530665998321,0.8144936145595685
5599,0.04592074453830719,0.8660873688154609,0.6578737789622134,0.8078013354626368
56,0.07121238112449646,0.6226798063053064,0.3148114918651075,0.773525781138156
560,0.17158274352550507,0.6621297921386393,0.7117343908037598,0.6369180297541425
5600,0.1476389616727829,0.6973474910240572,0.635623376441005,0.6175988816008451
5601,0.05452572926878929,0.5583761238625922,0.08088235787644794,0.44631540384704826
5602,0.03017643466591835,0.6985443876315549,0.3875641696164267,0.7438148201890411
5603,0.16004665195941925,0.4220519320083618,0.030906044789529886,0.25530869426070135
5604,0.029453380033373833,0.783526451637647,0.25812303984202084,0.7511879782799091
5605,0.0670691430568695,0.760184795370434,0.5698077803272451,0.7340571839623022
5606,0.0819748193025589,0.6451638912251505,0.42649043832024003,0.7880269715462235
5607,0.026911281049251556,0.8633894801333117,0.575574545148375,0.8983957303499139
5608,0.18271483480930328,0.7041337972405153,0.6095307985035782,0.6339828122537735
5610,0.04311239346861839,0.8337696651975128,0.6535595950108368,0.865147553540111
5611,0.06857769191265106,0.7797910210617001,0.6861558190587074,0.7805736828930255
5614,0.03321893885731697,0.8978034793455261,0.6738025638212571,0.9142446757896414
5615,0.0941522866487503,0.6006842674964865,0.19704761653581002,0.6485570483613335
5616,0.14442117512226105,0.7107555994328374,0.6914025479106002,0.6656584306865643
5617,0.020636888220906258,0.628805451031905,0.21702413914850838,0.6318451802467566
5619,0.16033345460891724,0.6134424570547377,0.6641751684806639,0.595015979356247
562,0.12132254242897034,0.8300188500734242,0.7022788180432119,0.8268607391545258
5620,0.16799147427082062,0.6211163473856587,0.5139779929461961,0.5868883274529263
5621,0.07788843661546707,0.8004111901872257,0.3726118803612966,0.7600818530900955
5622,0.1323152482509613,0.6420760984623164,0.4103457040556867,0.7116837306454393
5623,0.05147474631667137,0.6785978177653562,0.14405945422780755,0.496903667017074
5624,0.02941337414085865,0.8614901063048006,0.7207651863971027,0.7958839244049228
5625,0.032297924160957336,0.8713293794841158,0.5482701680655908,0.8719259891324785
5626,0.188479483127594,0.5156797779281463,0.06041106391088533,0.40105946344315535
5627,0.1369292289018631,0.6388446868935849,0.3077422071406601,0.7539717975895049
5628,0.09420417249202728,0.6421715595043543,0.20990380511198162,0.6323404134061653
5629,0.0433323048055172,0.8466436445329728,0.7549278823214457,0.8835764240785692
5630,0.25878995656967163,0.5320630180936912,0.4697567675905164,0.4844784398226077
5631,0.030796591192483902,0.7906406940480897,0.4769611648823801,0.9020528664051786
5632,0.03230416029691696,0.8391824037829794,0.43770940800739033,0.8502582077715157
5633,0.027977166697382927,0.6635486831268309,0.17993902671310355,0.6541435608225349
5634,0.02704276517033577,0.7654068297868304,0.3909178329416762,0.8339706855802811
5636,0.0474277101457119,0.8340097063392584,0.4025492999563695,0.8056390194023259
5637,0.05387178063392639,0.7309009456600872,0.2574194006292957,0.7492885959751316
5638,0.06600303202867508,0.7688846523782165,0.4575248680045302,0.836653264850878
5639,0.1673625409603119,0.42486016975818947,0.11416976100159325,0.27315057310578705
5640,0.064053475856781,0.721429872796431,0.6517900543172375,0.7089451889067273
5641,0.11400767415761948,0.7186987504039337,0.5613928153151746,0.6647295214937097
5642,0.04613965377211571,0.580398451269162,0.19983809931142618,0.48695412361545215
5643,0.2140927016735077,0.5808999904387091,0.6653102760936768,0.5779568984809714
5644,0.01849752850830555,0.8972615967404223,0.6095912662110099,0.9057490513043063
5645,0.10203340649604797,0.715708382449401,0.6595120985161401,0.7062884584901148
5646,0.05747758224606514,0.6718388675568147,0.2763300823734139,0.707163615878125
5647,0.03572360798716545,0.7048686571408762,0.26589018698742933,0.6779669686232035
5648,0.050320472568273544,0.8714566667946086,0.6782646490833946,0.9211583204961045
5649,0.3130218982696533,0.5285668560154296,0.5942556540491942,0.48664631207862424
565,0.023562951013445854,0.8959280487244279,0.5248904876416319,0.8959866379079462
5650,0.03694073110818863,0.8529081462902504,0.5949314130959946,0.9056198790120603
5651,0.04964296892285347,0.8564014015588679,0.5647060860354391,0.884868083249629
5652,0.07914482802152634,0.8040486920961993,0.6796352954105291,0.8531603786371884
5653,0.02361960895359516,0.8332780454854345,0.42284561783993385,0.6921490172859979
5655,0.05350032076239586,0.8079658378442396,0.4724529114421738,0.8308497015516295
5656,0.1209145188331604,0.5318374291330129,0.10853559285069689,0.6299967485680359
5657,0.23563331365585327,0.619315520671667,0.6062605031068194,0.5673537089722884
5658,0.2537830173969269,0.5069480361214932,0.5690460312072437,0.46933261088623524
5659,0.0828869566321373,0.7685726818151948,0.6016968694761391,0.8176479411283912
5660,0.046388909220695496,0.7118663061059236,0.5433408313802359,0.7319003198259586
5661,0.12804976105690002,0.7654530318551617,0.5941874963620011,0.8381001336330796
5662,0.07842870056629181,0.8070008036722998,0.7981030232688066,0.8187214633932036
5663,0.09772160649299622,0.4547989791769884,0.05969943246084414,0.26127342410729004
5664,0.06100752577185631,0.8333275109576561,0.7209302727340381,0.8293887876834137
5667,0.059044744819402695,0.9222263187383364,0.8219324782995406,0.8923789070992945
5668,0.0897267684340477,0.7176878213604457,0.5775242771712107,0.6631995079873741
5669,0.2603837549686432,0.5204890456888962,0.5926108031655941,0.49733869848517775
5670,0.06208386644721031,0.8557346673703696,0.6301974768622138,0.81164527977988
5671,0.15096618235111237,0.41160591304559824,0.04773935453054202,0.3350510740764042
5672,0.010130089707672596,0.8328635070992483,0.4680087923766408,0.8708977076247735
5673,0.03659689798951149,0.8395784653767319,0.45537403351739847,0.8380306298813516
5674,0.08231024444103241,0.6850800313105756,0.6170401606257749,0.6565376812778527
5675,0.11052273213863373,0.7059558693509813,0.5351407603764569,0.7316347575535136
5677,0.2886705994606018,0.508653191811304,0.5912053921697511,0.47790089052340246
5678,0.13016366958618164,0.5974198898948997,0.6113879601292016,0.639910563084734
5679,0.11778879910707474,0.483719771308857,0.32655661367468275,0.375252916183094
568,0.2945454716682434,0.35517655799258085,0.033105076913048814,0.2550070549865717
5681,0.03411588445305824,0.8239115492710913,0.5498128131520065,0.865132831218556
5682,0.03849945217370987,0.8469988538051736,0.5445847419059807,0.9033528447308814
5683,0.07639415562152863,0.7583192882299084,0.4636996922047519,0.8376499369940638
5684,0.04191790893673897,0.7698755397315296,0.3635120092778428,0.8247527571866597
5685,0.15327505767345428,0.6639876122629755,0.35648706979589284,0.7392314740572941
5686,0.2506221532821655,0.41170356824349474,0.2731741444934584,0.3279130506872985
5687,0.058743976056575775,0.8801641731053808,0.8360440681161215,0.9183509438876638
5688,0.23269757628440857,0.6153356152912309,0.6705476592878694,0.5742048208061548
5689,0.1011137142777443,0.7106389142504455,0.5018292351028614,0.7104848548458935
569,0.3660591244697571,0.3209833652596575,0.05721814718558594,0.2596186597129767
5690,0.03732319548726082,0.8522147648970602,0.46828546457800085,0.7594123747268275
5692,0.1793331652879715,0.5665298621598311,0.45483208726735985,0.48336478403047867
5693,0.15001080930233002,0.46754924977244083,0.32175317190496877,0.3627682127740306
5694,0.05675894394516945,0.8922086468956112,0.6929993002655869,0.8544810727912433
5695,0.05640838295221329,0.4980602110821421,0.05267154583897747,0.3149647871163107
5698,0.06851492077112198,0.891296652162014,0.7701174242579054,0.8515515252102777
5699,0.06637094914913177,0.8069264862043881,0.6057698346954551,0.8640332893960571
57,0.06661728024482727,0.6265743150831784,0.11200944058583283,0.6848062811246158
570,0.16760562360286713,0.6740373705702862,0.480299715706964,0.7752913326497117
5700,0.03777461498975754,0.8124106207774058,0.5116326391559327,0.8785407688902076
5702,0.08456941694021225,0.7531441072055842,0.6655632120634039,0.776847883711813
5703,0.1769225150346756,0.659475972105771,0.5855365843569592,0.5468769582294362
5705,0.024146195501089096,0.7125661340793303,0.3208327926561787,0.7568298011682448
5706,0.3308660089969635,0.3650641050729496,0.280792794161989,0.31537870421100833
5707,0.08038734644651413,0.6070355581968547,0.16451169745687708,0.6507657471446483
5708,0.09212566167116165,0.6896995482314816,0.5946818043517217,0.5860815896202942
5710,0.09428608417510986,0.5933975425352229,0.17557197930088794,0.6646166624971575
5712,0.04316113889217377,0.8667760574715508,0.5624652442474194,0.7591225588886537
5713,0.16763384640216827,0.5843166037106494,0.4867593186298872,0.49947870329744415
5714,0.0837019830942154,0.6050301172756806,0.5701494043222243,0.5955383705077237
5715,0.22589008510112762,0.6067881304284256,0.6922285174200984,0.5826173085839077
5716,0.24604029953479767,0.3793772676305157,0.034862354704622844,0.2545818225773435
5717,0.034271933138370514,0.7690860674008536,0.4079326260392025,0.8414219167367404
5718,0.02777399681508541,0.8331288987547774,0.5641001192272511,0.9008695759884653
572,0.1978643536567688,0.681131542082245,0.7572160009337323,0.6714043325443072
5720,0.02542717754840851,0.5921855257989079,0.1045083803641379,0.4645903502009144
5721,0.032237257808446884,0.7782748671983948,0.49607094297914445,0.8913334039965994
5722,0.122788205742836,0.6689123989177941,0.6312609103203826,0.6513290500461844
5723,0.13135500252246857,0.7079878387168269,0.6931401870460792,0.7309663878542575
5724,0.07330396771430969,0.5850435845060116,0.15987775507607174,0.7682967552297741
5725,0.0534723624587059,0.9076887292600253,0.6966396560302405,0.8793070618000534
5726,0.02311754785478115,0.8137681933554326,0.5756350242877857,0.8750571715070301
5727,0.04082256555557251,0.745145147394886,0.4910445550245294,0.789301885958079
5728,0.06840900331735611,0.6191045508376471,0.5070594541588564,0.5345463139115533
573,0.09261361509561539,0.7603456179161492,0.43923288634198476,0.8151973688945069
5731,0.03206564486026764,0.8439047434756366,0.5856994746461596,0.9186453792638578
5732,0.30093854665756226,0.571696434175215,0.5928640888798802,0.5167581385771047
5733,0.1585717350244522,0.4910235576579351,0.13590279797228724,0.6599287740092545
5734,0.04845115542411804,0.9257373090114467,0.853856803995102,0.9070466300243593
5735,0.09044922143220901,0.6535266523473033,0.325732908820169,0.7751483749214242
5736,0.06350411474704742,0.7826283039864151,0.5140120242779881,0.7790611519900303
5737,0.15199784934520721,0.5938441627513796,0.4272622229640257,0.6989389417305024
5738,0.04486921802163124,0.8126974428356246,0.4742614043675344,0.8249176899208117
5739,0.04369987174868584,0.7820660476710573,0.46435148867311415,0.835546328010054
574,0.023067500442266464,0.49121522040254045,0.010250491237067347,0.5480228751071394
5740,0.09954746067523956,0.835406409000299,0.7239861184276507,0.8158631362153981
5741,0.03651783987879753,0.7888976701366897,0.5376112479825637,0.8521287192058007
5743,0.09101641178131104,0.4477659873110236,0.007751502250447973,0.7345305839196056
5744,0.04271269962191582,0.8593045195232949,0.5275813844782037,0.8709156945178747
5745,0.19126272201538086,0.40624379099394897,0.02786653630393212,0.25382629988365957
5746,0.033963996917009354,0.6349132373225381,0.34395072320232983,0.7849483595569455
5747,0.14474041759967804,0.6417835715880391,0.25333824484709727,0.7133802969368175
5748,0.09499843418598175,0.703922428852015,0.29249810217411154,0.6959693541957332
5749,0.020777063444256783,0.8336223916810224,0.4974893465327691,0.8299342536327252
575,0.15979397296905518,0.6187459645408583,0.6107739305775356,0.6631922981248997
5750,0.20058277249336243,0.550524306740967,0.5118374263460793,0.46171122181002877
5751,0.2488546222448349,0.4697569791406996,0.4019276965223053,0.3839211480787414
5752,0.04063866659998894,0.6102646123635702,0.20066456768194096,0.8003202186207666
5753,0.067938894033432,0.518212117507266,0.11005632918674765,0.6265387541973049
5754,0.15549924969673157,0.47720001150312175,0.12822827538716666,0.7127451999422533
5756,0.2159263640642166,0.5859544100584628,0.630184788004989,0.5875287587545612
5757,0.1754167377948761,0.6819003291719619,0.6827265750910446,0.6359163715585077
5758,0.14637351036071777,0.6682384830314562,0.563986742111664,0.7001235817632319
5759,0.02394203469157219,0.7844826218512739,0.4115507929234848,0.8967361284776292
576,0.10282290726900101,0.7860730314949917,0.7168311159694688,0.7638580656917706
5761,0.0218930896371603,0.8324194101141946,0.47538455531418095,0.8818334186819701
5762,0.1523004174232483,0.7868488838413246,0.7078546684458582,0.7527512463110687
5763,0.042515456676483154,0.8727907145926272,0.6633530532339211,0.9117224807832813
5764,0.21354331076145172,0.669600614800771,0.6340878802280402,0.6692499255396576
5765,0.04052898287773132,0.8568985673174943,0.5603258569164938,0.886285605049669
5766,0.06530661880970001,0.8228968713695193,0.6315200829572999,0.8501474100441928
5767,0.14024919271469116,0.5172038440056556,0.40227288551537477,0.40056300048556265
5768,0.06793835759162903,0.8062290768101958,0.7012832314079991,0.8575835373162377
5769,0.11012910306453705,0.8218985632644857,0.7493855248000766,0.8149946435392612
577,0.18427979946136475,0.5643061928420227,0.4691352947389307,0.4860369814088864
5770,0.27845656871795654,0.3687534043265232,0.11279511237300968,0.2713303832245215
5771,0.053644128143787384,0.8011223733182942,0.3998278326807205,0.7764487812624092
5773,0.06971437484025955,0.7487595979506841,0.4257131873658025,0.7941197740265158
5774,0.6029883623123169,0.33689369257114066,0.5487569456299911,0.2428672443885933
578,0.0752444863319397,0.6424479911729815,0.338130008136911,0.6439325552787817
5781,0.08902738243341446,0.691330800753827,0.37054301876518814,0.7814208030557181
5783,0.09599484503269196,0.8219485826297901,0.6190626336472645,0.8078772831898449
5785,0.04994938522577286,0.875666907195134,0.5768426212105701,0.8807670142095432
5786,0.06089843809604645,0.7668275982350822,0.4341288062156903,0.8339449719035614
5789,0.042461805045604706,0.4855912043724404,0.020343877828149805,0.47134106702236134
579,0.054404351860284805,0.6186422666641094,0.2552196776185569,0.8454345929747932
5794,0.18593445420265198,0.6319379119484083,0.28262416898538234,0.647527932624501
5795,0.10142363607883453,0.6750775762747622,0.2699993600902081,0.7595294213929638
5798,0.17814680933952332,0.6766966949359513,0.6283123854568595,0.6554712951144617
5799,0.05112764611840248,0.7656263478689942,0.36482130402894114,0.7841569296764953
58,0.25921663641929626,0.5218443224846505,0.5399912627006437,0.474192174396667
580,0.09615840017795563,0.8619976917330933,0.6513175477586743,0.8484068727202511
5802,0.04781593754887581,0.4582190217730791,0.0006928094337291352,0.6180468609517417
5805,0.09753184765577316,0.7050803697886594,0.5372591616182396,0.6830743599276555
5807,0.17058970034122467,0.7209889459365103,0.7053593977048263,0.6816877928217329
5816,0.2280072718858719,0.39178899407809004,0.08878652808598289,0.2685345115985278
5817,0.10914964228868484,0.728026708636121,0.523449620416389,0.7658738503487322
5821,0.08990544825792313,0.7862035024234335,0.767948990973072,0.8620616459529427
5822,0.12221970409154892,0.7840835486645499,0.6673386625983686,0.6839422154025903
5825,0.34568366408348083,0.34936798437993893,0.2062489534327514,0.29283258922450905
5826,0.19585685431957245,0.4836871168989457,0.3579009237952504,0.41003789007603925
583,0.0998477190732956,0.5752347619705956,0.43078832210651324,0.5438848679695695
5832,0.07413635402917862,0.7953225731900664,0.686249850319726,0.8810364120416281
5835,0.19144564867019653,0.6837170770775751,0.7183051873839096,0.6522202027910164
5837,0.09404240548610687,0.6979599495891515,0.6502510681769794,0.6978288382911068
5838,0.039360225200653076,0.6651751734494844,0.3106923575620052,0.7721121945002745
5839,0.1743749976158142,0.5286778980838353,0.4512741879154043,0.43725930291744813
584,0.11942137032747269,0.446965633776926,0.08088797397094319,0.6506947401374321
5840,0.09708938747644424,0.743143539049584,0.6504368330331032,0.7973849802675672
5842,0.17582406103610992,0.6758294983406794,0.4958790013505657,0.6438083096605008
5843,0.07427418231964111,0.7028712170298058,0.5077632387212736,0.7314171024749438
5848,0.16983479261398315,0.566185678230801,0.25165338571902257,0.7236457981639284
585,0.060563910752534866,0.6129100780462378,0.1275779148338289,0.5359458666386876
5850,0.17274317145347595,0.6099073081569646,0.5658518574319381,0.5290022203102597
5852,0.06157241389155388,0.8283807361785667,0.6257345215497894,0.8759792926536281
5853,0.08680815994739532,0.6871369847129896,0.4182878981642747,0.8349629548797552
5863,0.13128884136676788,0.7345360483390095,0.7848339898032746,0.7218870061574997
5864,0.1427028775215149,0.7282159142323951,0.7106742726906515,0.6836956759637622
5867,0.09217138588428497,0.5061635089826602,0.06203123387763875,0.6229706873780055
5868,0.07602744549512863,0.7638036996024028,0.5699235175231575,0.8351659072182883
587,0.025056442245841026,0.8289450976236357,0.4912796617290799,0.887750216080964
5871,0.10384749621152878,0.8146046818122519,0.7370107171655745,0.7956767471872648
5873,0.2026330530643463,0.426670948938253,0.2808554404436029,0.3302689831111719
5874,0.07191511988639832,0.8282928907436904,0.6789808932423208,0.807507019377911
5875,0.18401803076267242,0.6802391691989516,0.7072716201040238,0.6572444214536246
5878,0.0929783284664154,0.7244984531871108,0.44225096345365505,0.8289051641515666
588,0.24704228341579437,0.42209651820615485,0.32054921429108635,0.3453216040860528
5880,0.08938303589820862,0.7050353903222861,0.5937857611613547,0.7627513901066222
5882,0.09571801871061325,0.6945779311727065,0.4954374383425553,0.582406859091254
5883,0.12028685212135315,0.5075627395784063,0.269088038479971,0.7629661394930787
5886,0.15142424404621124,0.7319444113142656,0.7867879923930471,0.7237988182334205
5887,0.14177437126636505,0.7662394152205497,0.7589242944676282,0.7588733585585319
5891,0.07733111083507538,0.903113586957953,0.913976125275643,0.9013797743294312
5893,0.10552804172039032,0.7718946533448092,0.6930335150603425,0.8050710527467694
5895,0.10099002718925476,0.5075498292358119,0.057779423092930084,0.4504199495984889
5896,0.09256606549024582,0.6345023212898677,0.4136319385218274,0.8183209163856349
59,0.0157636608928442,0.7545334451316008,0.36865292795273474,0.8716329131537193
590,0.17647404968738556,0.610300282670488,0.5190512096341598,0.6707770933795045
5903,0.01579378917813301,0.7609653606688989,0.37021873136495054,0.8298151055808136
5904,0.06446271389722824,0.5239710066242592,0.021015498933744405,0.34513118880436494
5906,0.17717505991458893,0.6196768482810517,0.5727239473313247,0.6265077974802875
5907,0.1987767517566681,0.6775127048363093,0.7876613350865879,0.6963224728621094
5909,0.050556737929582596,0.90924533480116,0.8708553059705229,0.9070160744317252
591,0.028461318463087082,0.7471539678241563,0.4662582879991419,0.8993693068682151
5916,0.09060179442167282,0.8940444334205087,0.8021620834588423,0.8847205564823295
5917,0.13240492343902588,0.7939436611328161,0.7991462803705742,0.7647392559102968
5918,0.12019474804401398,0.8229765479392555,0.7772592488140427,0.7873595825496431
592,0.30366477370262146,0.46836283665672923,0.4771925744916377,0.44445464651248895
5922,0.0514618456363678,0.6041607199250856,0.25134779600582097,0.7727863546643496
5926,0.03769218921661377,0.7229468960873537,0.32265012180640673,0.7936735403920456
5929,0.20759648084640503,0.46355358140171105,0.44125918109068946,0.4059965603225613
5931,0.1443157196044922,0.7838600030892733,0.6297742397576157,0.8056044305094994
5932,0.06917452067136765,0.827933983377846,0.634605425273572,0.8868893528502639
5933,0.16564220190048218,0.5524473969023833,0.44380163047250826,0.4551565238922185
5935,0.06431375443935394,0.7180357668927564,0.2752728993345589,0.7012808421083191
5937,0.044231116771698,0.7008524359664621,0.37630645577268496,0.792782340591967
5940,0.06837207823991776,0.6815682091398517,0.5456305757448467,0.8427537560849012
5941,0.021119453012943268,0.6519490597934172,0.20824212631900407,0.6966008993249423
5945,0.3262094259262085,0.6585815583207746,0.707153659599809,0.5360433804900198
5946,0.06117723882198334,0.7960276464503659,0.5103752298571744,0.8423734919938969
5947,0.023730693385004997,0.7438680999918161,0.22527265138875444,0.6680553551885025
5948,0.04659922048449516,0.8458113390555866,0.6724971538101535,0.8712364851571661
595,0.25211289525032043,0.4375106483650791,0.39604543977710466,0.37231385979279685
5953,0.1523105800151825,0.6890738998946226,0.6988552300689529,0.688829635197802
5954,0.08854838460683823,0.7985719187392759,0.7004462083154607,0.7905956252351084
5956,0.10913175344467163,0.7906228492913785,0.8352910695861931,0.8277349816086725
5958,0.05500320345163345,0.8867046547161381,0.7915878253328203,0.9056040444325963
5960,0.13461190462112427,0.507659543669988,0.08982468693176593,0.4839969140461493
5963,0.088713139295578,0.7506634037374373,0.5933658277907253,0.713919430334918
5964,0.14051838219165802,0.6455118517498541,0.396416480010944,0.8216671045374282
5966,0.1433219015598297,0.49107993814948825,0.2895119678561797,0.4083211544699412
597,0.09022696316242218,0.6632993867256138,0.6021210394803412,0.7066642429435074
5970,0.10978268831968307,0.8041249246017469,0.6081397416456592,0.8309255677206902
5973,0.10532011091709137,0.7079914707932511,0.6294846717435442,0.7032932779678129
5974,0.4030436873435974,0.5318260697443241,0.6624444730434011,0.4387190098532572
5975,0.24037547409534454,0.563412651858209,0.6430760450883086,0.521288771164741
5976,0.19437308609485626,0.5220166599236503,0.42348316537662156,0.4340657448204962
5978,0.20229440927505493,0.5128536309211242,0.4945813540287345,0.4452641476821413
599,0.07184088975191116,0.6377708092753707,0.4632384946962753,0.6848999770457012
601,0.09575504064559937,0.6659549577297352,0.6152209960018273,0.73696387535002
602,0.10248975455760956,0.6920874082198961,0.6214786559959699,0.7716073048047474
604,0.11118576675653458,0.6876590035155601,0.6872442000000422,0.7727558622120511
606,0.06817012280225754,0.8196618076854891,0.6346666144660633,0.82629060450371
608,0.028518136590719223,0.7887665648934472,0.5122850328643808,0.9283568132044604
61,0.07178132236003876,0.7744285617466211,0.5470046305705302,0.8418204856999114
610,0.10599540174007416,0.7004877353836587,0.5033825528788269,0.7202861886148684
614,0.07720208168029785,0.7303599823323568,0.5076626715949466,0.874691040431236
615,0.1350211352109909,0.4416160565422474,0.1297934321072863,0.28652493829800874
616,0.27161911129951477,0.4407646424158017,0.44777044165131424,0.45758034484786236
617,0.040650926530361176,0.49637130462170925,0.03248354690769248,0.5285295150905575
619,0.15797969698905945,0.6417511887856042,0.6589376113396106,0.6436230151452735
62,0.12381201237440109,0.7255105822952217,0.6486148209102206,0.7245783253930391
621,0.04045398533344269,0.7474173254390843,0.5243058233069788,0.8700309472827534
622,0.02638586238026619,0.8709913932967299,0.6206427836794339,0.8844123531812023
623,0.0655253678560257,0.7289409394661996,0.44329613949690144,0.8568612616327369
624,0.12936735153198242,0.4559567344900071,0.15541033290896913,0.48063559401013295
625,0.17858976125717163,0.44627100809083237,0.300243963524498,0.36008378243801675
628,0.33400434255599976,0.45316960350293306,0.4351473323309384,0.4300482167631655
63,0.10200519114732742,0.7364674907275691,0.7093838660408569,0.6919610489837456
630,0.03428664430975914,0.8373176136860552,0.6301292789482412,0.9269052361836151
631,0.3608592450618744,0.5295509531219027,0.5873797772017832,0.45728687867684753
632,0.22395876049995422,0.49688661453564065,0.4366550302775082,0.4977173380282417
636,0.06038079038262367,0.6854670188519608,0.46258380125915666,0.830908335901073
637,0.14627517759799957,0.5732357438583874,0.4834092752904152,0.6459893299074291
638,0.046785034239292145,0.7959569724258039,0.6261793663627644,0.8483781297821872
64,0.13060706853866577,0.500118245278347,0.28586708967918334,0.502139299310856
640,0.05874287337064743,0.9204251117008262,0.7990437340532549,0.9000093101595129
641,0.05215608701109886,0.8825668448113508,0.7301223221319758,0.8705928451959826
642,0.09278183430433273,0.4956180331373937,0.1695820475628042,0.31788655609816896
647,0.13442057371139526,0.418198742764391,0.03285055607420151,0.5433012211788955
648,0.3195742070674896,0.34805710391716105,0.16734987282038197,0.28268720077000137
649,0.11466215550899506,0.687746013075219,0.5150037046528216,0.6634461763560662
65,0.12307916581630707,0.7379036109899446,0.5955879853833285,0.7678679189991144
650,0.07525847852230072,0.8410967884199343,0.6503050882944524,0.8555976708311385
652,0.01892644725739956,0.8661826118029572,0.5323831342345227,0.848432225680949
653,0.05279343202710152,0.7809054323143818,0.6314564038249197,0.7617514033692478
654,0.023808106780052185,0.8806520026850782,0.7507336344197985,0.9451602230879793
655,0.12354207783937454,0.4433022147113867,0.005778280653332593,0.4316982233383482
656,0.1275385022163391,0.5647740059864285,0.4563759608972807,0.48228805727949964
658,0.054130423814058304,0.6395246118188322,0.2592658606317965,0.8412160272005482
659,0.4003608524799347,0.3565662070376728,0.3681016315943792,0.32964982270408527
66,0.057025425136089325,0.6965788449085412,0.3544447413527216,0.7982345403064633
660,0.087427519261837,0.5358045981041142,0.16866350154462806,0.7456976190399988
662,0.09118584543466568,0.8600640633904035,0.8100366538385152,0.7975463471260236
664,0.024371225386857986,0.8262085087038469,0.6497841488017216,0.8907405025178639
666,0.1061699315905571,0.4774165075132031,0.24642804459373732,0.3318219330987142
669,0.515265941619873,0.26037355364231807,0.21145490968357925,0.2826148512262978
67,0.30163469910621643,0.40493525869812097,0.40434194170338145,0.36653626789745053
670,0.45151689648628235,0.3859911790371459,0.4669189507375852,0.33094609153390847
671,0.11871503293514252,0.7317245463523154,0.6059689790660685,0.756096773644051
672,0.19627854228019714,0.625967466810302,0.5524968843242799,0.6729904123900667
675,0.1578473150730133,0.5711446201347679,0.3044304480025427,0.7167969215133216
676,0.07965809106826782,0.6282970002726755,0.5007462801811766,0.6393602925521126
678,0.1521923542022705,0.6766142083932056,0.6447493020233924,0.5957159871532997
680,0.06737121194601059,0.7591317143003101,0.4427452502441483,0.7768487695707216
681,0.40033286809921265,0.45657911789535216,0.5885975266864598,0.400139323285832
682,0.08876204490661621,0.8641289287037933,0.8002534753887688,0.8367997924360491
683,0.12776567041873932,0.620263011509985,0.6654744677044473,0.5955188703731691
684,0.10950982570648193,0.47418326485734735,0.01776105113772398,0.5039766801761416
685,0.08225354552268982,0.7693918306653389,0.5743642565651158,0.8311477025959384
686,0.047490354627370834,0.47112985785422307,0.0024612662228714363,0.44952727243352064
687,0.22316032648086548,0.60613374076756,0.6218510934021281,0.5663691564899478
688,0.1203313022851944,0.4490532726347572,0.06895022780780721,0.765888509414623
689,0.1174546480178833,0.7983556090709546,0.7257485151034571,0.7912104587510449
69,0.07040254771709442,0.6171796990416205,0.4382440799171437,0.6747833145359746
690,0.15647374093532562,0.5947829347753284,0.44025146117128966,0.5586333782214574
692,0.12954339385032654,0.5143438523305506,0.10413713802889032,0.6551989385734149
693,0.19637513160705566,0.40423171442694616,0.036647389115468755,0.25568646990439414
696,0.06063145771622658,0.6397166636009257,0.4072703624552825,0.7398063745984196
697,0.08760110288858414,0.8641541236697448,0.6995164295029507,0.8649855025930742
70,0.054108940064907074,0.6267113006352732,0.2638887138229941,0.8584422962372262
700,0.041112445294857025,0.8891520033542868,0.7052505900282243,0.9041976804210423
701,0.08488418161869049,0.7297266311466014,0.640257419188468,0.7400452308849577
702,0.05196692794561386,0.5266532118057703,0.053460796853326324,0.38989416530581966
703,0.22547607123851776,0.5431437446900841,0.5030846065787296,0.4672859657889778
704,0.30819281935691833,0.35875278884204226,0.14993772432725017,0.2814536361680076
706,0.07878462225198746,0.8684527645728866,0.8159892469271769,0.8393443366736797
707,0.046109989285469055,0.8543128837083905,0.5900359837440958,0.8835267769998356
709,0.1255638599395752,0.7580191416384972,0.7954326921498107,0.7839708433042919
71,0.11400625854730606,0.5372298791510896,0.3624750552127109,0.4290265344579357
710,0.2795945405960083,0.44530443471959147,0.41179090674002916,0.3832829416870135
713,0.2098107784986496,0.6354426356353167,0.7253812392650418,0.6038081219377626
715,0.09513376653194427,0.5546200333589112,0.12351286585793012,0.7024889583563214
716,0.21214279532432556,0.39698167657799766,0.057171368075611136,0.2612420598407501
717,0.04257448762655258,0.8204697636536593,0.46522756190541104,0.8531428205421867
718,0.059851959347724915,0.8219670911615911,0.6834342951875336,0.8106331231562994
72,0.0999298244714737,0.7850052300632518,0.502383911406104,0.7642957025215329
721,0.06846916675567627,0.7787423855763547,0.4144593690990085,0.785905883568358
722,0.08742397278547287,0.7242236372724538,0.5871163336463301,0.7028673618115096
726,0.12370172888040543,0.5032172928413589,0.3134409103771918,0.39149313119714935
729,0.10845226794481277,0.4477866965415393,0.02673594272172351,0.2558496094040915
73,0.06992191076278687,0.5998213409416115,0.11183868269764738,0.6164866438465537
730,0.02391255460679531,0.8297311465091943,0.553357048495058,0.9363045462637527
731,0.07638377696275711,0.7193734475339527,0.5376264395564943,0.8384491103270193
734,0.16175837814807892,0.7206032856117672,0.6042611075226053,0.6704652545719122
735,0.10054794698953629,0.5421885603859755,0.14997797263845686,0.7058505664014322
738,0.1168980672955513,0.8042986111306027,0.7377722696847336,0.810035630718721
739,0.07850734144449234,0.6173300657346776,0.18750245981942473,0.6801318153279781
74,0.2684151530265808,0.5757691521598369,0.6658578361300197,0.5451580057755296
740,0.057871054857969284,0.8989936899641195,0.8515494019246073,0.9148019974104058
743,0.1859665811061859,0.454742144156712,0.1453811491402256,0.5423805278703866
744,0.1290181577205658,0.6406108627363828,0.630666903352565,0.5516838912463533
748,0.03966370224952698,0.48241682491282406,0.025726627124406903,0.36790848356975425
75,0.16285838186740875,0.4555689195462698,0.16851876903503327,0.6507472121329931
750,0.10990478098392487,0.7006090192421881,0.3304273779376454,0.7372690839200243
754,0.07030614465475082,0.87256135013759,0.7158919701301513,0.8954040143569832
755,0.012214943766593933,0.4920200855249199,0.0030826203767706237,0.36079036035206524
758,0.11461464315652847,0.647945409620138,0.5667872336712004,0.6568738463939567
759,0.1133270338177681,0.7672495180207372,0.5824034486300719,0.8427139440565219
76,0.05111232399940491,0.5235920725708793,0.0957825665547705,0.7003499611985828
761,0.06775754690170288,0.624466444797328,0.38731395784046735,0.9015674787546077
762,0.06485923379659653,0.6528677809058708,0.16006555698030198,0.6040560168565957
764,0.06054583191871643,0.7402073780228307,0.4224839972312616,0.7883174350206493
766,0.03815114125609398,0.7648574541481985,0.30862605304494856,0.7699103031130101
768,0.1394813507795334,0.628146099041585,0.6411026109395865,0.6513305337726079
769,0.02291765622794628,0.9478250572051296,0.7937919123578815,0.9529167693581507
770,0.22535161674022675,0.5967830582219774,0.5715525498360324,0.5881079214908158
771,0.09751057624816895,0.6392059357357851,0.18804956340479265,0.6602506711059446
772,0.05112427473068237,0.506636167747171,0.10814093327100512,0.7343743114532717
773,0.31477582454681396,0.4145497417203111,0.39751344249418674,0.36505847625083876
775,0.13330961763858795,0.7775686917972393,0.8148997515668738,0.7404474033562272
776,0.043708574026823044,0.7808430267510575,0.6276144610167378,0.7593625318730118
777,0.11873708665370941,0.4375458067917493,0.05146884586518495,0.7876169291216931
778,0.08303967863321304,0.6429466706810386,0.3317701729682123,0.6119442607304363
779,0.04417326673865318,0.9321634242387695,0.8947077176957561,0.9387662182802952
78,0.05523982644081116,0.7875203058987277,0.4557850738586321,0.8388667785359054
780,0.0906427800655365,0.6833458589766963,0.36261973633697947,0.5508304580324361
781,0.04388425126671791,0.7723185685028315,0.34413751693542033,0.8029122647504723
782,0.0665271058678627,0.6570835597539515,0.29954857855039063,0.7028992817703597
784,0.12293129414319992,0.7858178666927484,0.7681647861789175,0.7318046310828159
786,0.07211725413799286,0.48142818743305293,0.03164571684373999,0.72092071767046
788,0.03079782798886299,0.6909229819775022,0.1831425824048129,0.7462910265884544
789,0.03118499368429184,0.8365178551460168,0.4982550503186366,0.8769743953086531
79,0.07122630625963211,0.8195884101468561,0.5364840147174852,0.8504057391777518
791,0.0690092071890831,0.7550623727573523,0.5883460111862938,0.8654631757466216
795,0.10785265266895294,0.683976646269095,0.4094196415189721,0.8024100574474764
796,0.10518237948417664,0.49226190283001336,0.12242526248028503,0.6971992073412947
798,0.1548953503370285,0.5478786622576902,0.4793999214927671,0.4956678572259675
8,0.42844486236572266,0.3758514152481863,0.4516485764382668,0.36422407339003127
80,0.09523975849151611,0.7205287147402125,0.53889429705194,0.6243851751813865
800,0.18740832805633545,0.6761595796869183,0.6421193629604317,0.6937827694306387
802,0.09617994725704193,0.7432660998778811,0.5011258668074626,0.8562903700206987
803,0.05436129495501518,0.894415081973625,0.7113563544153524,0.8887050660026314
806,0.20690995454788208,0.5471573131295282,0.13652756628353765,0.47241466896348205
807,0.035415906459093094,0.8170524503401049,0.6344922192998428,0.8873110613618489
808,0.05378285050392151,0.5771052209323555,0.15828713704988281,0.7470752770999325
809,0.05869559943675995,0.4805316813287516,0.0721419755364083,0.2654025218029486
81,0.084910549223423,0.7066084568240782,0.3896805468752355,0.6089294320032527
810,0.026709113270044327,0.6058398445255146,0.1870564501069856,0.7435090752216753
812,0.07419359683990479,0.5920892626180885,0.19323769556036405,0.5862120718550408
813,0.09855327755212784,0.7173654693031648,0.5476298270991361,0.6693569091381928
814,0.04753997176885605,0.8402645958353001,0.7142422117213895,0.8993165527791555
817,0.061189908534288406,0.814255471157001,0.5212764209307658,0.8618541800608961
819,0.06748639792203903,0.8701140882559895,0.7853536270954427,0.8935564956202366
82,0.057674676179885864,0.6050723494458684,0.13276883169228004,0.6949502645649948
821,0.09068921953439713,0.6761691284032387,0.30105868869531816,0.5111531692583757
822,0.14750023186206818,0.5594489201978243,0.3662106857119834,0.4158951767832073
825,0.053520090878009796,0.6605084724881388,0.36604290311177756,0.498659914467273
826,0.10281321406364441,0.7113289276533195,0.42515797786429343,0.8231434711770554
827,0.08960800617933273,0.699502577115444,0.2721844104500659,0.7266933600976004
83,0.04252888262271881,0.7147989969393609,0.25412339865973516,0.7092364084461645
830,0.06445211172103882,0.9064298562160351,0.8218443597070365,0.8947557531886289
831,0.1549997478723526,0.6221236680938422,0.45896707501904255,0.5016490483287931
832,0.11226823180913925,0.49585405916179337,0.14019605456720546,0.7724053366644742
834,0.22103233635425568,0.6485369573911925,0.737963787262441,0.6176659657576208
835,0.20908381044864655,0.39858885449953413,0.05806123879451027,0.26062172543310613
837,0.04824577644467354,0.8699236805943351,0.6149802723586019,0.8792067571200574
838,0.09701111167669296,0.7212458354340365,0.30922714156793135,0.7132100466343005
839,0.09068839997053146,0.7428021074640693,0.625747385962858,0.8559536347813173
84,0.15550726652145386,0.5838556636822916,0.4361863208233132,0.5701330710609713
840,0.07921550422906876,0.5965107918600795,0.5493190889572265,0.5110295207966917
841,0.09047982096672058,0.8131267985393666,0.7767534053346976,0.7801188055848536
842,0.021565867587924004,0.8767671992658973,0.7150885955880537,0.8468977544620792
843,0.1436908096075058,0.7256266717920482,0.712805784941579,0.7045216792777482
844,0.04730479046702385,0.8342924938503015,0.7236166601733194,0.9052760419620479
845,0.05027429014444351,0.7703438565901239,0.6001206056286974,0.8628174345481159
846,0.3854411244392395,0.4573265093507997,0.5614890689366167,0.401535295566348
847,0.07055798918008804,0.5062976093745745,0.02340034100732358,0.44540237526718174
849,0.13768737018108368,0.8258975042635264,0.7537836108420528,0.8101648136357307
85,0.3621884882450104,0.42837981124442326,0.5714561272055597,0.41797014579731506
850,0.036816373467445374,0.79236777928101,0.316721999773263,0.7553299648844545
853,0.2592909336090088,0.4241582596422453,0.20459712209796807,0.44142563310208316
854,0.09687163680791855,0.6780239809595774,0.5453500199491684,0.742491801238365
855,0.017587102949619293,0.5224815891915785,0.03239714158615601,0.27601123649629244
858,0.03664911165833473,0.7070476139317039,0.23779969795164393,0.520117155948089
859,0.23258496820926666,0.4887758716492354,0.4353197926247714,0.3929583182875116
86,0.05718793720006943,0.5641032225162348,0.19585053052835033,0.696209961679047
860,0.15592363476753235,0.7501201628055214,0.6496712505296636,0.6703188305427645
861,0.3264271020889282,0.6091147455266779,0.7242790467554391,0.5370877982958151
867,0.21454964578151703,0.6041149811813347,0.5753113699336282,0.6365416660160536
869,0.04741021618247032,0.9050054217982156,0.8425102056802789,0.8908369679053987
870,0.41764944791793823,0.4698906829155882,0.6257906590381574,0.3989483076837328
871,0.15672364830970764,0.6626699559497926,0.6625884892071979,0.6340191710392225
872,0.10136761516332626,0.6237076229082321,0.21764587891197232,0.8183669836123472
876,0.18524786829948425,0.6986996938434865,0.522719091341397,0.7125760125470486
877,0.5992820858955383,0.20627026904556958,0.07131544621364677,0.2561945779466704
878,0.2624121606349945,0.6143903332048537,0.6781911319516769,0.5385917845092933
879,0.25379419326782227,0.6560615333030564,0.7004130735892711,0.6044502114218395
881,0.3220721483230591,0.6187727227203372,0.7441584939937864,0.5392029190080909
884,0.21018962562084198,0.6871489172314518,0.7215080541655347,0.6442000976875017
886,0.1158335953950882,0.7022725520564094,0.6551754875544561,0.7699100063807918
887,0.2424764186143875,0.5674633506972904,0.5703659983630198,0.4860590235805925
888,0.11063433438539505,0.5814921690721859,0.35879798420513087,0.6535126166634977
889,0.044346850365400314,0.8207327088503819,0.6699922783820051,0.8779558075891196
89,0.0486365407705307,0.7786039134389487,0.5750120963029813,0.90318685289662
890,0.1624450534582138,0.5992507828470943,0.5666776684896458,0.5063309844686685
891,0.35188522934913635,0.4185974788552419,0.45192115226765367,0.37939779998927736
894,0.10002090036869049,0.7176465233480244,0.464418074864116,0.7562664002017333
896,0.14266690611839294,0.7434568854612849,0.7207862768254645,0.7072514211909842
898,0.19090290367603302,0.5605705411294375,0.3086562251870967,0.668810219714177
90,0.17865049839019775,0.7005796628591763,0.6937928662232359,0.6704866218039703
900,0.08594982326030731,0.7994870136195122,0.6543080547843316,0.8441713904153928
901,0.341940313577652,0.5553255581751226,0.6785843941949814,0.48931419959506145
902,0.2511058747768402,0.47573714022982594,0.3919593920579532,0.6002060658005446
903,0.5304633378982544,0.4092223928808218,0.625180869454458,0.30511097871419224
905,0.058675289154052734,0.6203915746865013,0.4102806924504654,0.6537219180037233
906,0.021503742784261703,0.8992309124045144,0.7656504660773943,0.9344826519089491
907,0.3889549970626831,0.5459848830967569,0.6871708611691123,0.4550709446379401
909,0.09554523229598999,0.7495702383225024,0.543847291208072,0.6647054889181049
91,0.11563054472208023,0.5694956597820541,0.13294126454912297,0.6422680157102536
912,0.10404004156589508,0.6601624059250563,0.36883550946087723,0.7783347718500953
914,0.09453842788934708,0.7491933536096378,0.5753111031895926,0.6618260479490221
915,0.038483407348394394,0.6971596391240055,0.2541292797292142,0.6809898865128967
916,0.16877546906471252,0.7416188045353731,0.7331424297213907,0.7592820376785818
919,0.13254739344120026,0.5792826996544747,0.5311270176656318,0.4767473363857788
92,0.2279042750597,0.656029631850729,0.6409254381501664,0.5968990919609409
920,0.13754364848136902,0.7698169835893083,0.554033373595683,0.7871951089477758
921,0.031082088127732277,0.8723039603932254,0.676077964967677,0.9283838541858798
922,0.031497012823820114,0.8396654927940183,0.5763634330437419,0.8828374263866265
923,0.031932611018419266,0.8538116031959717,0.5812607608681029,0.8655376913046741
924,0.2179996222257614,0.4223645711276481,0.2559478004930153,0.32181219593836186
926,0.2117173820734024,0.6643946132854348,0.6385518761789589,0.5940118179938375
928,0.07709202170372009,0.7222833221793304,0.4556833314048415,0.8118195935218513
930,0.0685107558965683,0.6446101266722775,0.5266848642494563,0.8325917878447339
931,0.06861091405153275,0.8029165843999336,0.5336406169213962,0.8159516842380881
932,0.23783449828624725,0.5418283872835743,0.6310055712195672,0.5258749586070912
933,0.1679491549730301,0.7369432993823711,0.7704330981607431,0.7105055496775362
934,0.0757460743188858,0.8584320320812933,0.7279613939736257,0.8887916874379921
935,0.0523906871676445,0.8395360527443274,0.6288944382455969,0.9028828932438081
936,0.08457701653242111,0.6507185951358061,0.42340936949320285,0.8438482986594383
937,0.18843328952789307,0.7429254963609926,0.7821917317617084,0.6991038170987358
939,0.12069538980722427,0.7629076267742749,0.7026208528651073,0.7123992569082749
94,0.046095918864011765,0.5832281458203172,0.045365933008394276,0.416995306131352
940,0.058949556201696396,0.7558763613595982,0.6284476157213041,0.7890168760652001
941,0.11610503494739532,0.7819553476263537,0.6921266830310192,0.7982501494448335
950,0.278531014919281,0.3654419341669629,0.06984030123875093,0.2612460722600948
951,0.09134078770875931,0.705412139043192,0.5935174627841847,0.6148898384968757
954,0.48027676343917847,0.4431161696577048,0.7185702067147176,0.3542445832703546
955,0.18302184343338013,0.6302636441679195,0.6626516881290201,0.5747552166003387
956,0.1319379210472107,0.4391180906177404,0.002257897896369157,0.31787324409368845
959,0.08083903044462204,0.58411734145593,0.16880966099815461,0.6251067018459899
96,0.11921260505914688,0.6872957949228946,0.5671190024832145,0.5907338703583693
960,0.3916936218738556,0.3330663336329368,0.2538414271461255,0.2974587576502148
961,0.10285064578056335,0.6314363627805835,0.5254945581048772,0.5607040755405318
962,0.1045253798365593,0.46208238775703636,0.16305695715035337,0.3020813713766044
963,0.06054537370800972,0.643743031962712,0.45697656113883994,0.5246475896120535
964,0.11800719052553177,0.8036264815067975,0.7595913134734096,0.8113055565644215
966,0.0937293991446495,0.5569472011350594,0.06381831002777562,0.610156147052985
967,0.03246915340423584,0.4785974561626848,0.0006540367370867785,0.313832502479336
968,0.05822938308119774,0.6625499479655368,0.34404020932600465,0.8424505625397355
97,0.17435795068740845,0.5687497956410622,0.2985612175174399,0.575041023943254
970,0.08697689324617386,0.6324160538410437,0.45351847414661617,0.4838084821035957
975,0.09363126009702682,0.5259085347026825,0.3723568532952231,0.4422528877346989
979,0.1093830093741417,0.4500045717483845,0.03337816179268811,0.29315207286348133
980,0.32651060819625854,0.34886467049214015,0.13725905023369037,0.27578563545117674
987,0.3148292303085327,0.5999771997445988,0.6818777550008503,0.5219132820885304
989,0.15804630517959595,0.6083745532570408,0.32783608984226414,0.7769386194517713
99,0.11828792095184326,0.5564126116417061,0.29735206231230504,0.7711358090808855
990,0.08494001626968384,0.8164995825674166,0.5880964462206824,0.8175202295702254
992,0.06044395640492439,0.8746832265410107,0.7082115048110862,0.8926385023005036
994,0.18445296585559845,0.6729582972109204,0.6735528499785509,0.5883617797949235
