image,MAE,Sm,wFm,Em
1002,0.05383783206343651,0.71821554780869,0.5976178442765133,0.6954242460864988
1003,0.10272645205259323,0.6363318179957258,0.6242336738267031,0.5688119376853147
1004,0.17216770350933075,0.537826752583666,0.07994227244587811,0.44309213804657527
1005,0.19366227090358734,0.4052952361632123,0.013897250326842206,0.24944145042650623
1006,0.5185287594795227,0.27129786410764833,0.22637971934502266,0.27873129298295013
1007,0.0455235093832016,0.4965533596066478,0.01972795242400074,0.36563661414515447
1008,0.051125623285770416,0.5331824317590375,0.2385973546863533,0.3753477869608403
1009,0.03434409201145172,0.8861194199015032,0.7596345320228103,0.8449184848537137
101,0.11915373802185059,0.43297114646721857,0.0960802998049206,0.6988714326511377
1010,0.047807637602090836,0.515942892472206,0.01782554428313885,0.3675506050623376
1011,0.022775832563638687,0.9108451139905501,0.6070537066403254,0.9106643739311753
1014,0.3139408230781555,0.49719780730238733,0.5709130157947658,0.4506923471389814
1015,0.029134400188922882,0.7753097923925663,0.4687687394079683,0.8227687443597085
1016,0.1634245067834854,0.5059442230636348,0.46263719547588616,0.44909364210933767
1017,0.08455973118543625,0.541764006312815,0.13669512431770275,0.745945265028588
1018,0.201462060213089,0.7598839795909249,0.7348261207063542,0.7306252421091112
1019,0.032562896609306335,0.49159502590709486,0.07910400993385096,0.27545202885375897
102,0.06298819929361343,0.8687588872823975,0.5632031654300044,0.8654699933489101
1021,0.09385267645120621,0.4665382043733979,0.1717461837630487,0.298291222030059
1022,0.09210804104804993,0.4683840026689865,0.19226237532913967,0.305164632619355
1023,0.017920324578881264,0.5278425510173019,0.03151855923725332,0.5198570140498457
1024,0.07836077362298965,0.7739441862678977,0.3956040649957587,0.7588379181136627
1025,0.3971938192844391,0.3283900600571046,0.25232425495017363,0.29200731445681416
1027,0.22084075212478638,0.644448585413651,0.6431479014049999,0.5774403349018925
1030,0.28669673204421997,0.48125791687202013,0.39558641581202003,0.4239463716813068
1031,0.040142860263586044,0.8994432096405456,0.6601079051888998,0.9178509050867961
1033,0.032720182090997696,0.7963184557315006,0.41021381543746016,0.8494244519488254
1035,0.009966566227376461,0.9536053632429345,0.7018358459989716,0.9326063124581839
104,0.04405146464705467,0.7392405684929715,0.6257400317065772,0.7848790147145602
1040,0.0757281556725502,0.6841503037190599,0.5418127142013601,0.5480070005954831
1042,0.024835675954818726,0.7954208069995066,0.6852332502131341,0.8833667170187307
1045,0.1659509390592575,0.46357574155660614,0.33241619955082574,0.3698033500728273
1046,0.17580996453762054,0.7337694429609973,0.7090561680620191,0.6799376410728353
1049,0.06637625396251678,0.4685365522159315,0.016789593912125755,0.2530500118863186
1050,0.10607370734214783,0.45137485218160683,0.049159201394842984,0.26993291387259716
1051,0.14177095890045166,0.7879421263807214,0.6615617862072044,0.750785758709353
1052,0.03514547273516655,0.5884870550673814,0.17814611414429,0.5806034707312882
1055,0.09717001765966415,0.5355904207977449,0.18955803805821722,0.8243359001274089
1056,0.04053986072540283,0.8848539546949443,0.6555511057872309,0.7894698895216714
1057,0.07367211580276489,0.7016456124954189,0.5660535104048248,0.821635459268315
1058,0.05389472097158432,0.47637134837916134,0.03691879783383168,0.2598593175562488
1059,0.11571133136749268,0.8657144037556612,0.753156387466256,0.8012066685934869
106,0.012147126719355583,0.8454194810312092,0.42853100125530763,0.8690235384152342
1063,0.23118260502815247,0.41575771476917417,0.2861235130115145,0.3271635771499771
1064,0.039909038692712784,0.8888588696531421,0.7723783060423046,0.821572076025254
1065,0.027985693886876106,0.772675118726246,0.7898065258969948,0.7952399844957379
1066,0.03801647573709488,0.7735793520051694,0.3628449688917002,0.8175340774066568
1067,0.1382124125957489,0.5399304296091221,0.4563617398761068,0.48527099330758894
1068,0.1302780658006668,0.4368904570560896,0.01765541530668581,0.2498513074828316
107,0.009312991052865982,0.8855324654317537,0.5399753343041646,0.8740680960706595
1070,0.20444023609161377,0.5977572338046244,0.48139979227170876,0.6509348532965746
1071,0.07723742723464966,0.790014459064788,0.542963746084026,0.8454382764956321
1072,0.10698894411325455,0.8183776359201971,0.7519758958671441,0.8316237502666515
1073,0.20046468079090118,0.6080385943378058,0.6564521202461534,0.5476030810878982
1074,0.17467772960662842,0.4148447897985272,0.014836115971105181,0.24930268755346044
1075,0.01971973478794098,0.9126412186229063,0.8689870814688712,0.9011522589601731
1076,0.17547574639320374,0.7572274093262874,0.5354857427353945,0.7339575662024576
1077,0.1016717329621315,0.7739585142166244,0.49750125275325635,0.7635710333611937
1078,0.05434040725231171,0.4746333244562274,0.011775779437929011,0.2501507066642665
1079,0.002968133194372058,0.9460499867682547,0.8023594572644429,0.962587311398432
1081,0.08990990370512009,0.4301552141730335,0.005820289895070142,0.5688050891983438
1085,0.050001952797174454,0.7749659114399388,0.789668565461091,0.8512577094854026
1086,0.10732101649045944,0.9128446505989933,0.8008228770842832,0.8539430918307906
1087,0.03962162509560585,0.7104901251243048,0.5019732773627966,0.848645843603098
1088,0.025960557162761688,0.46749984158641933,9.028431937368214e-05,0.3259221494177077
1089,0.01266797911375761,0.9096270872625023,0.9035134193828462,0.9200892617062204
1090,0.1561669409275055,0.42421045830888315,0.02401448820468035,0.2521323817668253
1091,0.10892049223184586,0.742780110448786,0.48836636441970016,0.8334007428596354
1092,0.28667616844177246,0.5138808288636946,0.5398827165799236,0.48669879361506957
1093,0.1369497925043106,0.42867260504505766,0.001530551698096279,0.36525235619226915
1094,0.09554456174373627,0.7877053642278662,0.5504649941404246,0.8258946577967732
1095,0.05039050057530403,0.9509268115795579,0.8876350201646075,0.9142275412475789
1096,0.10519615560770035,0.8331240164444479,0.8042017229032586,0.7869088711892218
1097,0.007410380057990551,0.9041569735643706,0.6416113411402498,0.938702628680878
1098,0.01678146794438362,0.9187708784271289,0.7700636197613306,0.9469408070499473
1099,0.16472221910953522,0.42059095113641953,0.03502816681716721,0.253740304417318
11,0.030002666637301445,0.48692274492245585,0.010210566412854085,0.250135584827773
1101,0.21770960092544556,0.5706838990715963,0.15968022848297014,0.5180875025144749
1102,0.0664098709821701,0.8528226214623074,0.788786260835074,0.8643673903987655
1103,0.011233418248593807,0.8236556089280741,0.3153340186219637,0.7387546047418794
1104,0.04869997128844261,0.8829903792655209,0.635462813268493,0.8732447711191281
1105,0.432831734418869,0.4706590492205631,0.6894486456721267,0.4096533473240074
1106,0.057692576199769974,0.6313538435030435,0.2195750330346201,0.6526282003748429
1107,0.032205767929553986,0.9049032090816868,0.5681300492022346,0.8567260335512892
1108,0.01893296279013157,0.63448524727641,0.27867436406745777,0.8362556940933337
1109,0.19296795129776,0.4074025667688597,0.056078397633952025,0.26124454003980335
111,0.026566162705421448,0.600094449209627,0.25837837210578146,0.8634399257485739
1110,0.45470941066741943,0.5095931957137967,0.7379438382275693,0.3919676950789551
1111,0.055328164249658585,0.8485703582461718,0.5603787882425691,0.8756785259429198
1112,0.09193173795938492,0.6501710528122402,0.3690745736072439,0.5226080784703048
1113,0.09138303995132446,0.734713123157698,0.4574851389173215,0.8353193905762546
1114,0.09952390938997269,0.8728756300935668,0.6277856638293394,0.7762752813439319
1115,0.016037091612815857,0.8467841009931685,0.4852953613158181,0.9004961143027672
1116,0.08927138894796371,0.7405849570272987,0.31714869621984054,0.6921034178913357
1117,0.016020476818084717,0.7996845552307881,0.4901396752851794,0.9014636380057042
1118,0.08989398926496506,0.45735216285646463,0.022351489344732703,0.25331343906679715
1119,0.4847104549407959,0.4454703082271477,0.6259389434052715,0.33747949842801495
1120,0.019155675545334816,0.9614510915726782,0.8267850056838589,0.9391158284921364
1121,0.03216451779007912,0.8359844531191505,0.5591826847551166,0.8769704346894851
1122,0.041976604610681534,0.5438514074940151,0.0388815024191042,0.5869212454538754
1123,0.03545742854475975,0.741415783290128,0.4161331290492337,0.5253796944728373
1124,0.03917665407061577,0.8660775692129524,0.5506461301777138,0.8634790891699036
1126,0.015132774598896503,0.8877333246040662,0.7440948622870289,0.9509207511724795
1127,0.07038585096597672,0.5531794486173456,0.2887987711459372,0.6513069083433156
1128,0.23668870329856873,0.3848138418451245,0.04405241051335079,0.25729309413084056
1129,0.03856796771287918,0.7964238547337175,0.6509029155437888,0.867465116838258
1130,0.18790096044540405,0.409016482373455,0.034527618140183756,0.25320725274829226
1131,0.03855142369866371,0.7657934644390533,0.31646298663227723,0.7668468321776911
1132,0.0466168075799942,0.8294620176278611,0.5220410520092376,0.8683982902249181
1133,0.07780374586582184,0.9155830817721706,0.8185591244063897,0.8606022318229261
1134,0.02569875866174698,0.876893516669518,0.667219187364727,0.917782715628016
1135,0.006715461611747742,0.8589545702258043,0.8046504023205636,0.9024207697789748
1136,0.11196569353342056,0.8344870415967457,0.7950390661719687,0.8182587208869629
1137,0.045793790370225906,0.6247337131914616,0.5534123489378973,0.5244160088261605
1139,0.19395050406455994,0.7057718475194558,0.522572809472601,0.7454517241120401
114,0.056298449635505676,0.9458246309870244,0.8532568399866286,0.9109061192515259
1141,0.0287630632519722,0.8468822634830406,0.7336362537288801,0.8620004028383121
1142,0.12519659101963043,0.8596924170714909,0.8271646974236643,0.814616645116213
1143,0.007705505006015301,0.8185536549750655,0.47005786613588907,0.8453702111405698
1144,0.021063154563307762,0.8914871391255409,0.7919789673133214,0.9299524846428217
1145,0.3272469639778137,0.4501162680433664,0.4765588698948688,0.4526402384217514
1146,0.27700892090797424,0.37092517456377,0.12669194732949804,0.27617768180839086
1147,0.0899776816368103,0.8251331907785345,0.6993496558826394,0.7149214511702905
1149,0.057619549334049225,0.6369292794835586,0.5824667197737831,0.6221223443013525
1150,0.060053750872612,0.5736327217148126,0.23952130535851499,0.41779670557208476
1151,0.4574626386165619,0.5263135161497501,0.6785401780387541,0.383322580724539
1152,0.01592666655778885,0.8257038302520422,0.547103505338812,0.8964087939077627
1154,0.0454258918762207,0.645097246908458,0.15959642757740197,0.714978279991356
1155,0.2706136703491211,0.6918565494241389,0.7945851483715686,0.639964454660937
1157,0.005946170073002577,0.5234175279275779,0.019786740065867343,0.2844067907996689
1158,0.43047815561294556,0.5059881776972096,0.7535412967863276,0.42150935981982157
1159,0.09705112129449844,0.8936096565947029,0.8747818007203735,0.874236494935723
116,0.09198123961687088,0.45708229173148285,0.0578437464459117,0.26426721738363823
1160,0.07887187600135803,0.9279831201985267,0.8568109265005168,0.8799113654124296
1161,0.13811716437339783,0.8165372016289556,0.7622912812361434,0.8197702026902287
1162,0.18375270068645477,0.8076321097557312,0.832049061565146,0.7527508236549408
1164,0.021388426423072815,0.9492488565659808,0.8393338976358187,0.9332721786080198
1165,0.11134307086467743,0.5614179809590809,0.491127298517503,0.6157609113143754
1166,0.1317550539970398,0.5081652892488256,0.48929006371011774,0.44187179840494484
1167,0.037988610565662384,0.9111762317852218,0.8022072072395842,0.9246054810729399
1168,0.14795079827308655,0.66421095570696,0.6909091581454571,0.6349717401738445
1169,0.29327717423439026,0.554060200023339,0.5409069242865704,0.4474575818631333
117,0.01719316653907299,0.7586343950798224,0.41863391361033214,0.8838826270141235
1171,0.09279344230890274,0.8718859654144723,0.6475289732522094,0.8336559974794446
1172,0.10401540249586105,0.8496019442107022,0.8308003996220386,0.8336346214123085
1173,0.31384575366973877,0.3454501354834917,0.03663989862954952,0.25560842780983417
1174,0.05123266205191612,0.47981533860731823,0.03169019807946537,0.2645995050756864
1175,0.21170026063919067,0.6995278125435669,0.7416881247238998,0.6746736931198036
1176,0.09201880544424057,0.7465831224946609,0.6416309127046572,0.6568054138722151
1177,0.2037387490272522,0.7973247860207977,0.8181197277630088,0.7071172451384271
1179,0.1681942492723465,0.7632003304084143,0.7633386181580868,0.7047937918985727
1180,0.17940270900726318,0.7646691044954737,0.789285568960081,0.7188489974625765
1181,0.01301708072423935,0.8955548667017796,0.7949256090955129,0.9283034612911079
1182,0.11970745772123337,0.805029125389541,0.8269926268031419,0.786380805602479
1185,0.07633000612258911,0.8605589970988804,0.7753447174036054,0.8330190228212151
1186,0.2216220498085022,0.42206486756838485,0.007153553433471036,0.2796266951105635
1187,0.07861116528511047,0.8924577570427954,0.8411461824894972,0.879849462416809
1188,0.03921416029334068,0.8286254769269874,0.5030294769514274,0.8738957521230714
1189,0.31989288330078125,0.672117858911808,0.7401430013624903,0.562483419066541
1190,0.074776791036129,0.9009574986080575,0.8622271675257657,0.8822003786163333
1191,0.0984029546380043,0.6602402166653727,0.3804887402471158,0.5931425422573853
1192,0.28490400314331055,0.40867508434438576,0.32964983151949523,0.3468743112537882
1193,0.12022677809000015,0.5537271666169247,0.5085042299731855,0.5028230103981449
1194,0.45839521288871765,0.4488191057234491,0.5836513615360884,0.3556530811575964
1195,0.08336696773767471,0.7802944181764183,0.44306206215711,0.7773438856199741
1196,0.15136438608169556,0.8416410479006562,0.82028017904291,0.8026733127996054
1197,0.16242574155330658,0.42697422255166745,0.09171311650448798,0.2788870829548553
1199,0.09630561619997025,0.9257263240023911,0.8342939402733072,0.8566346131820131
12,0.07842625677585602,0.8889212459345833,0.696169647297219,0.8598660936587238
1200,0.07136371731758118,0.9308513200699934,0.8792021559480485,0.9007880321274533
1201,0.3272400200366974,0.4401966556803478,0.44548369999687815,0.3971977089858696
1202,0.1737896353006363,0.7890869949922581,0.8548273440303169,0.7526628841731874
1204,0.03840702399611473,0.8013991807637679,0.5667042181462321,0.9207291623466247
1206,0.07909848541021347,0.8580800643100038,0.5986776558681681,0.8287132308164931
1207,0.007380587048828602,0.7329042231890855,0.18273681479938023,0.7943835032423225
1208,0.06362760812044144,0.46714972032005725,0.07508455063554328,0.2844127463472511
1209,0.024690067395567894,0.8648217626426762,0.7044763893919849,0.8831614841324185
1210,0.0071237338706851006,0.49856375964728505,0.0017230023130926156,0.25401408470193143
1211,0.024503516033291817,0.4927613462130169,0.004407022654592509,0.4201427862707646
1212,0.0441494956612587,0.9187876639604683,0.7032314853523862,0.8985611748423019
1214,0.04150073230266571,0.6105305461990388,0.11331526415807262,0.4033485657484766
1215,0.04097103700041771,0.6892874388511622,0.2711306892261973,0.7450504176805778
1216,0.07613164186477661,0.7464918107307583,0.43825064409303177,0.7125614975158151
1217,0.16223526000976562,0.8250057244524804,0.6457186114335098,0.7854344797987818
1218,0.01763075217604637,0.8625897386008774,0.740949568935841,0.8200358035024848
1220,0.1286000907421112,0.5487779450672599,0.10428388159037069,0.44335654683808406
1221,0.14247485995292664,0.5977324494047703,0.4042718560386542,0.6596610838666078
1222,0.1623755246400833,0.679729319793812,0.42491263536046664,0.7161780151601832
1223,0.08276135474443436,0.6457886622914273,0.6768490495074966,0.6423391075507068
1225,0.14368824660778046,0.684468700167542,0.4817400507888958,0.7695571219689916
1226,0.14836278557777405,0.7651650361219469,0.47240723757153463,0.7573653175226448
1227,0.14425411820411682,0.7547066593850852,0.7542043820228553,0.7299907853502525
1228,0.0925949290394783,0.7449089387696683,0.6617604875975795,0.8165992397899415
123,0.02495107240974903,0.7013078748867585,0.7600037735350748,0.8293213997056437
1230,0.12950560450553894,0.7689547579308005,0.7573128457977235,0.7772474848461095
1232,0.07629568874835968,0.6094600318545269,0.36985621789521533,0.5503779315137339
1233,0.09048015624284744,0.5833670266867284,0.6009233921975545,0.6089111499795817
1235,0.13457752764225006,0.6610197953891215,0.49725910340857565,0.7857498271787695
1236,0.2378470003604889,0.7063605261063257,0.7767025207680512,0.6377419022970678
1237,0.10014310479164124,0.6728759158197761,0.6645037493494315,0.6378351751074363
1240,0.3269016444683075,0.6284011580048661,0.7310274775933898,0.5455547228471154
1241,0.07392063736915588,0.7022362832720324,0.6611825481701993,0.7274334643990583
1242,0.05641747638583183,0.7260982000015659,0.4610844178618,0.780134611815801
1244,0.04761262983083725,0.922873933575566,0.8818661696820641,0.9119856289658625
1245,0.05339396744966507,0.7945750656726109,0.6067116858269292,0.8869372911973399
1246,0.03902401775121689,0.9192795721919309,0.8261860037815625,0.8901279312403834
1247,0.13935625553131104,0.8498422825129244,0.8409536464750138,0.7853030423484468
1248,0.08197717368602753,0.7708064447741374,0.6103664715242296,0.8052996541286503
1249,0.02089010365307331,0.8303296622649359,0.6276757824974594,0.9020932228613514
125,0.09997475892305374,0.8098811918193743,0.6664622465928459,0.7871167049159098
1250,0.07178890705108643,0.911198601087955,0.8352722524001389,0.8784444531707672
1252,0.3340491056442261,0.4041345078453142,0.34623266672408004,0.3390408901639169
1253,0.09935390204191208,0.7108013819793735,0.49171969031369356,0.6240564983955579
1254,0.19760002195835114,0.7959516665720588,0.8220476853291981,0.7449882268531824
1256,0.11293154954910278,0.7314527089386105,0.7112024334579297,0.6452548056018172
1258,0.026858752593398094,0.7440024689159661,0.728830324772573,0.725403355419532
126,0.1122930496931076,0.445437190307234,0.01621663694842569,0.25233843349192786
1260,0.006164728198200464,0.9438813194262617,0.8086166211506866,0.9540528538822417
1261,0.0402032807469368,0.9067812269074558,0.662328946004098,0.9184849187400803
1262,0.05269799381494522,0.9305023193255682,0.8968193474210997,0.9116101371226126
1264,0.12471374869346619,0.6673803929707359,0.7599136572009522,0.6897356938664797
1265,0.10769926756620407,0.6644461281460167,0.2482957501056656,0.6252911336304456
1266,0.010378869250416756,0.9483684778438055,0.7749282649678488,0.9528451382423785
1267,0.08009467273950577,0.49189919639840407,0.12983014844663043,0.615388733073442
1268,0.3569250702857971,0.6032727566393048,0.6929754308793422,0.5031712327220147
1269,0.07446906715631485,0.4868677205139704,0.08364221555333706,0.7713164424760028
1270,0.05630885809659958,0.7846086365637596,0.5221141558324226,0.855356996197663
1271,0.04618796333670616,0.7963552763764784,0.5889597721016053,0.8974783422617334
1273,0.1611916720867157,0.44856824465505407,0.23570438530607343,0.3364008493618331
1274,0.05455925315618515,0.6324276391355841,0.4703364170986484,0.6080332638491301
1276,0.04048417508602142,0.871394998541793,0.6676997505660335,0.9163118149663457
1277,0.11464332044124603,0.4586270136614736,0.1878150093542915,0.3040629746348691
1278,0.019424917176365852,0.8121092364599313,0.7195914409091801,0.8671644653179601
1279,0.08785317838191986,0.5668966766386284,0.38239407309031276,0.43208136235252703
128,0.021352676674723625,0.8539119209283021,0.7963371390084691,0.8773318389499725
1280,0.05582660064101219,0.6438603429780534,0.48855474128312565,0.6362281221280981
1281,0.11175113916397095,0.4900051732728156,0.313271011594598,0.3654945115680064
1282,0.01151914894580841,0.4992899358572323,0.009441671566775896,0.273252822714824
1283,0.06773359328508377,0.7862481370464571,0.5204051002611315,0.8353862583507923
1288,0.10374179482460022,0.6750233121851756,0.6130745220454316,0.7781684924135537
1289,0.18753266334533691,0.4320979177956683,0.24278203421364725,0.32441464589468083
1291,0.12370013445615768,0.5958239045563912,0.4211539855106995,0.46836952309358637
1295,0.1418764442205429,0.8517192023626459,0.7776222157026496,0.8060990770197705
1298,0.10775227099657059,0.8007258051693186,0.7261873209116128,0.8324517506128626
1299,0.0683436170220375,0.6938018561433397,0.6141970149180076,0.7131476068709809
13,0.11585436761379242,0.4442962483139752,0.027565881867108295,0.249493625993577
1300,0.0880141407251358,0.5036765870464277,0.06945243939351163,0.5514529288011935
1301,0.12008889019489288,0.7584547734792071,0.5111756693574632,0.8028720380875536
1302,0.07310570031404495,0.8678089404085716,0.589765754581322,0.8609814657308189
1303,0.10040225088596344,0.6607962787042434,0.5966784185484464,0.5592243402095552
1304,0.35687676072120667,0.336641219504415,0.17459181995992634,0.2874627735844104
1305,0.03226523846387863,0.7363829220645461,0.5438806369919166,0.8752432284147982
1306,0.022456767037510872,0.7209594791819194,0.7473664870356601,0.7692259625210053
1307,0.023977577686309814,0.8969875709827114,0.6224689374930441,0.8984774503200359
1308,0.011497313156723976,0.9096506030609861,0.6832467168644388,0.911616710665043
131,0.021564286202192307,0.9119011363938032,0.8301082955328863,0.9507659228467297
1310,0.018423281610012054,0.6734145065168488,0.26023914828871847,0.8556354122677516
1311,0.13768437504768372,0.5989159438579389,0.3354935953927592,0.748717207110571
1313,0.11791636049747467,0.8504549618213642,0.6386358343594344,0.8160394014824204
1314,0.1383025050163269,0.7812897642327267,0.7535362919184856,0.7675241663193803
1315,0.4450966417789459,0.2789384024851927,0.04636590526297343,0.25310528630244855
1318,0.14119958877563477,0.6310859689993356,0.4826022457618993,0.6062291308736418
1319,0.044973041862249374,0.9417819967635657,0.8923974513555593,0.9197625797678348
1320,0.07892511785030365,0.8747666172573864,0.6084720700063314,0.8538662088839726
1322,0.19947104156017303,0.7854378627408779,0.8357388904431943,0.7255315566195001
1324,0.12751413881778717,0.7120435351794878,0.4847653025952675,0.7467026854128643
1325,0.06074864789843559,0.8874950609385936,0.8055489548841199,0.8824047788892916
1326,0.07759295403957367,0.535358283331618,0.3601581788099065,0.40924544586954553
1327,0.32892170548439026,0.3602369452377499,0.25463484533114655,0.30911171232690965
1329,0.2338247001171112,0.434075218229913,0.38970917157071355,0.4159376522115797
133,0.027598105370998383,0.6776472363393001,0.5568017065706738,0.5631626728778227
1330,0.19088387489318848,0.5476505071300046,0.288247189647518,0.7234671224238136
1331,0.1126563549041748,0.8553010631383566,0.6339088274344009,0.8077514222551831
1332,0.021042559295892715,0.6923469316048017,0.3407554153853928,0.8766284776999765
1333,0.1363445222377777,0.7035092000864077,0.4831672038352652,0.7678272600026008
1334,0.13943378627300262,0.4761565695721839,0.31449368664782124,0.40885091712686694
1335,0.11823447793722153,0.6048497303696396,0.473263504239167,0.6188431914372412
1336,0.2069687396287918,0.5325288968273931,0.42449322310386406,0.5472009239097111
1337,0.13792502880096436,0.4820270654911744,0.13647005472672033,0.7294340658526217
1338,0.15338250994682312,0.6203120603530361,0.5726813852856812,0.6394037771125016
1339,0.06598678976297379,0.6198418631276839,0.3756772917270991,0.8611982171240942
1341,0.18798375129699707,0.5607166158844403,0.41288079882156287,0.5265652253561566
1343,0.019157536327838898,0.47504713407716803,0.0025614908395577398,0.6007043437453771
1347,0.11268465965986252,0.8646273488176635,0.8746932945598483,0.840078719155797
1348,0.07182148098945618,0.5719980545965677,0.440154339712096,0.5231530308851325
1353,0.11074237525463104,0.8636516580757905,0.8435082231182947,0.8432519293815561
1354,0.058895885944366455,0.7688333352918688,0.5304556931516153,0.7208450968151348
1356,0.22579213976860046,0.3990595013362951,0.17264445541017256,0.3100048971925494
1359,0.06956116855144501,0.7250634172491961,0.7712599267034592,0.7284582717328718
1362,0.06458479166030884,0.46951362091623355,0.02066411386766572,0.25204808525344
1364,0.026272742077708244,0.6588908114102474,0.24454231439129887,0.8241160312573343
1367,0.08466704934835434,0.7778226154605004,0.5646503211704802,0.7911514298607133
1370,0.031814735382795334,0.8651772526879808,0.7384585859869488,0.8822836889188559
1371,0.06635299324989319,0.7761295004019877,0.6002522283422477,0.7211511490664082
1372,0.020393406972289085,0.8814055839444715,0.6930593865527978,0.8908921244362824
1373,0.05147414281964302,0.809922664871034,0.4556006986656808,0.8317611496133556
1374,0.01620279811322689,0.6230348755306565,0.32504656944072435,0.7233925729545763
1375,0.07405081391334534,0.615237110094514,0.5938756111019049,0.6764816746524883
1376,0.03177086263895035,0.9262179011010103,0.7339534648586805,0.9253572721591787
1377,0.03177385777235031,0.7290859730170646,0.5910218025757848,0.8097741929098367
1379,0.08673922717571259,0.7044018497000004,0.4402146992658856,0.8187237289426141
1380,0.03518378734588623,0.8272983172546113,0.5824517104513738,0.7550097692387685
1381,0.08762934058904648,0.7320378174559528,0.45268600683452836,0.646998406291026
1382,0.05688733235001564,0.8387146307947623,0.5881550216156485,0.787795261654401
1384,0.037059444934129715,0.7690727062538704,0.6452365809561736,0.8560353646836576
1385,0.06572620570659637,0.7763440437684362,0.6723937388636126,0.788955910432227
1386,0.07652756571769714,0.8999453517619214,0.823180029029961,0.8902785972039711
1388,0.0173694659024477,0.5174258060549147,0.299203395856923,0.4101103208639484
1389,0.07688625901937485,0.8424227388469464,0.5739661693876285,0.8378947554566516
139,0.03272424638271332,0.7979241156100257,0.723398838200091,0.7150314279832304
1390,0.07303331047296524,0.6905088290115433,0.44735621453779933,0.7895548919681683
1392,0.2833814024925232,0.532093417063647,0.5833250380298131,0.4791392105566106
1393,0.042576275765895844,0.5799492809389133,0.1817656206834973,0.46343093284197134
1396,0.03523964434862137,0.4870044730592988,0.05935001313515946,0.2669910742606255
1398,0.03302399814128876,0.4846267329249027,0.009167169471833238,0.25278648891924094
140,0.031181812286376953,0.896976664371722,0.7030565771436115,0.9263259037031697
1400,0.02494894713163376,0.8973786093636376,0.6957891052537963,0.9031569667816194
1401,0.04283677041530609,0.6552908355266651,0.5433953947367348,0.6187847235216248
1402,0.17008835077285767,0.5007144324484077,0.39995410693713734,0.4117570487343849
1403,0.028308413922786713,0.9495635419826611,0.8512315088335255,0.9412803578492029
1404,0.12020847201347351,0.6323344682079564,0.4500752427396857,0.5281841480861216
1405,0.12661519646644592,0.6272281573433176,0.21010445513269452,0.6202006077343394
1406,0.09624315798282623,0.6953503911849628,0.3800126490855601,0.6587112481741242
1407,0.0655137225985527,0.46986459432315253,0.02586773885079072,0.254628795656373
1408,0.0916505753993988,0.6328300743526263,0.41826010556879367,0.5207514529520969
1409,0.1564793586730957,0.6575420222076135,0.27908202919144853,0.6882232091284601
141,0.06216040626168251,0.643260301316264,0.3615866217799489,0.8569134273979713
1410,0.14994387328624725,0.6053173111128431,0.22368327119331813,0.594617986907083
1411,0.11728465557098389,0.814577794408852,0.7139647900447738,0.7846621256492381
1413,0.1874927580356598,0.6620555798585426,0.6100666415583358,0.6411203959520599
1414,0.11713467538356781,0.44729679523545085,0.08480351611220253,0.2773152769448346
1416,0.0729144886136055,0.6609794401715829,0.1407544808370025,0.5641126352232203
1417,0.17223484814167023,0.6299403038641664,0.258650158987557,0.6377052288182989
1418,0.18005594611167908,0.7758668571974188,0.5642548815137751,0.7616697276722699
1419,0.13193191587924957,0.5135323950103683,0.36139173173375516,0.39512197974299323
1420,0.3639707863330841,0.3288076565637275,0.15746134452322155,0.2833070557199308
1421,0.12858591973781586,0.7632081161328019,0.65369161428278,0.6873572826077268
1423,0.11785000562667847,0.6170676950927025,0.1705940432574381,0.5970747659687876
1424,0.14186179637908936,0.6744951526845575,0.1831396155073695,0.5361939939348579
1426,0.045621760189533234,0.8120345036688887,0.6857396314351955,0.8724534033008284
1427,0.0785844475030899,0.6976662418400632,0.3333886738326255,0.6875910123099899
1428,0.33991989493370056,0.5737796060415788,0.6532585285019027,0.5111680062060704
1429,0.0710710659623146,0.8581777925541059,0.6194937928120803,0.8247635558695017
1430,0.12555713951587677,0.7154489100654413,0.6489575549963169,0.6708174603854613
1431,0.08053359389305115,0.6998161407488721,0.3216727685956568,0.7370253856381354
1432,0.0997021272778511,0.8333400010203256,0.7551728273521758,0.8261704607434917
1433,0.06468714028596878,0.9242143247311281,0.7250414334604923,0.8713173874477715
1434,0.1951673924922943,0.7364469902701822,0.6872461187405058,0.7041587302335164
1435,0.08037666976451874,0.9053131955341858,0.8742750959422284,0.8797288745129879
1437,0.3356652557849884,0.3359316233769499,0.05686867726457675,0.25822867513764625
1438,0.12657305598258972,0.7427838623053162,0.6063785781450315,0.791616754708514
1439,0.1112808883190155,0.8572449391897318,0.8228992910585258,0.8428126371980946
144,0.24839967489242554,0.6881783252336793,0.6899826089182329,0.5947373073555483
1441,0.08710595965385437,0.9116871425785431,0.7860125857767163,0.8534472537227531
1444,0.03101268596947193,0.8947345984082841,0.6690147053538146,0.8945340448570486
1445,0.2345779985189438,0.539122780591673,0.41116290845830367,0.45285093449717617
1446,0.6523613929748535,0.18768494250998016,0.1425764028037638,0.2507248212343117
1447,0.09773899614810944,0.6553575316536325,0.3176371181074925,0.4792409809638962
1449,0.09770132601261139,0.8741943434687625,0.5596000469373592,0.8048709123701889
1451,0.07522983849048615,0.868125697085137,0.6396194886330708,0.8351092635669642
1452,0.1816389113664627,0.8133162626743193,0.7938703144280305,0.730313869320363
1453,0.08815030008554459,0.4579873619932581,0.015824494008302128,0.25015172449678724
1455,0.14052283763885498,0.7818157305318457,0.7454718068983941,0.7502427615131447
1457,0.07036484032869339,0.7937912228935667,0.6062013622258198,0.822453783326576
1459,0.18541082739830017,0.4287482953393106,0.05702275415617746,0.48977160073371284
1460,0.17164964973926544,0.6625147009823398,0.2769280158439525,0.6199869675654008
1462,0.13175293803215027,0.8183649830035888,0.7150315052358273,0.7568281499462115
1463,0.05937120318412781,0.908773391262921,0.730813818406909,0.8975968515188386
1465,0.29338696599006653,0.37074231101028954,0.1909373462202579,0.29499763044390237
1471,0.16535541415214539,0.8442151175772487,0.8400445393282266,0.7718719827850339
1473,0.10051490366458893,0.8730732354296753,0.6504508256622256,0.7702895260900755
1475,0.050134025514125824,0.6287427446992352,0.36367811215898066,0.7811516060653697
1476,0.10714340209960938,0.860063197346832,0.8005086395933761,0.8130249065033892
1477,0.09689642488956451,0.6649357735241856,0.45624037188386235,0.7324256437305148
1478,0.04393589869141579,0.6516884206834059,0.2829735042872003,0.7527707837494362
1479,0.027309348806738853,0.9001043006330449,0.6429298905782488,0.9309793224819713
1481,0.01895095966756344,0.734127070822508,0.376282774352596,0.859925877874866
1482,0.1389721930027008,0.6346189054363202,0.548882066938262,0.5328440001523717
1485,0.013872703537344933,0.8334144170480886,0.48968623507356585,0.8719145773191257
1486,0.1439802199602127,0.4588375537576923,0.2843488490488398,0.34125044120808795
1487,0.24919363856315613,0.7080853391822681,0.8128067033226113,0.6446647544852364
1488,0.015228074975311756,0.8971596516013063,0.7258451004086747,0.9340364939769873
1489,0.023926764726638794,0.7296780977501114,0.4569295384333742,0.7504099403664117
149,0.059837594628334045,0.4791658532027631,0.10025888301579271,0.6385673588259877
1490,0.07432477921247482,0.9002032437071344,0.7463271569399118,0.8869678924616646
1491,0.05876711383461952,0.7128554211326958,0.6661632264165456,0.8381053221449928
1493,0.051353950053453445,0.8376125991444289,0.67461635442765,0.8794319002794909
1495,0.046638429164886475,0.8387164271045285,0.834854687961194,0.8667518102383649
1496,0.25484344363212585,0.37450962773020174,0.028328905989913247,0.2521475924147619
1497,0.1337970793247223,0.5689627833886031,0.4011743978716029,0.5033154311041588
1498,0.01018001139163971,0.8806339802441396,0.7582777153971124,0.9526957588876754
150,0.09345787018537521,0.8724631020000775,0.7402277273084646,0.7993278150592078
1501,0.030161650851368904,0.675382060439904,0.46593981884810143,0.5389550346112063
1503,0.14544643461704254,0.6455132890100848,0.4047890660146494,0.5107863164024745
1504,0.16556717455387115,0.7453962138117222,0.808730885944892,0.7196424108828132
1506,0.029609352350234985,0.8963990695675954,0.7615265974158136,0.9361456866397135
1508,0.039356768131256104,0.7973616223474107,0.645895280889313,0.850526124229744
1509,0.09141092002391815,0.596251930204353,0.15477256367496744,0.446228764361826
1510,0.019565114751458168,0.5010672812326927,0.04037456119322988,0.2673316364973457
1512,0.049700815230607986,0.753003775846678,0.7744305665944983,0.7965771260364922
1513,0.04054195061326027,0.7122229171213352,0.3082067542378449,0.7826783012276959
1514,0.5352232456207275,0.4210990447832988,0.6027596104924183,0.32659517087177997
1515,0.1196594387292862,0.874253778648544,0.7452667652924873,0.8007151897242144
1516,0.06573720276355743,0.7155534660811957,0.6906478868148848,0.6347073210353816
1517,0.017558827996253967,0.832124382532779,0.4629487709355117,0.6805784971135057
1518,0.13086138665676117,0.5997025509160319,0.5632937353012015,0.504120457694791
1519,0.0083966925740242,0.9313994557316256,0.8386125218544118,0.8933722343166826
152,0.1298368275165558,0.69263944037917,0.45841347858331344,0.770781792640081
1521,0.019320853054523468,0.7048679752496687,0.31902228399100796,0.7733284002339712
1522,0.12872938811779022,0.43752552317123955,0.03883330535370095,0.2579854822614803
1523,0.27785882353782654,0.6320166922867707,0.7207170281290526,0.593573962751454
1524,0.08528954535722733,0.9003774632885894,0.8339208291318665,0.8441359233362683
1525,0.060941822826862335,0.8160641075907387,0.6667525889634798,0.7076914313932848
1526,0.06667818874120712,0.8943563651412378,0.7381495262695712,0.8799902632489601
1527,0.017614156007766724,0.7764394617066637,0.6728664934660717,0.8965005379278193
1528,0.011305886320769787,0.9075685505902238,0.7544202515346219,0.9153976409597644
1529,0.009625889360904694,0.9288484529766603,0.7396766994759522,0.9636079515228395
1530,0.12816254794597626,0.4748750420581342,0.29450005877873203,0.3514686538502404
1531,0.01262174267321825,0.9129886217560039,0.7408200572765538,0.9048699041250104
1533,0.1192030981183052,0.5388999181899821,0.2774583284007249,0.49263834744770274
1534,0.10613388568162918,0.7279320304764844,0.5063344451986055,0.8386891108987787
1535,0.08206476271152496,0.6987624426837582,0.3954242297590593,0.5739112543856125
1536,0.10367944836616516,0.7052289727017749,0.6357572762004702,0.7123752712703195
154,0.043610021471977234,0.7994024468651322,0.6102726088350976,0.7616001354524364
1544,0.17869219183921814,0.4128967339417724,0.04722540541122567,0.25484253562156833
1545,0.08444032818078995,0.784666650087537,0.6942938576286419,0.7555977708921882
1548,0.1204787865281105,0.43732453551933476,0.08184376867783877,0.4036234828239589
1550,0.04830191284418106,0.8754566847703715,0.7808967697888336,0.8816471975485722
1552,0.12607473134994507,0.5963121690053136,0.14852095213120228,0.5353856369838382
1555,0.09134425222873688,0.8341281010340845,0.5961228743551497,0.8452481151097253
1559,0.2859562635421753,0.5159869311296912,0.4933282220804705,0.49064611137083874
1560,0.21687167882919312,0.6528528294260374,0.5356072417030907,0.7500050614229701
1561,0.14048749208450317,0.45613484633851575,0.2524012889398791,0.3321523922673889
1562,0.1255016028881073,0.7775582767676869,0.46013815292566035,0.7772515852797788
1563,0.021138163283467293,0.8541049323069996,0.559775446414723,0.8730092109971369
1564,0.06075012683868408,0.47199398434520534,0.01806250059761183,0.25404148009262917
1565,0.08006669580936432,0.937536696940805,0.8617131150136372,0.8796936733728444
1568,0.11039682477712631,0.8198000038377502,0.6856675159840988,0.776445541688789
1569,0.07790030539035797,0.7445538688026497,0.4991614514704458,0.7617945538779362
157,0.054987356066703796,0.5603039341397795,0.25967982520151517,0.44872121789411457
1570,0.28796255588531494,0.5770595566603822,0.3794500988468913,0.6582895278638987
1571,0.10769017040729523,0.8194008357057606,0.5720109670311013,0.7054937300881436
1574,0.3437199592590332,0.38026933879711455,0.3894211414898705,0.35799351218220016
1575,0.18923655152320862,0.7942399681474293,0.8150444087549166,0.7011567546801022
1576,0.17967432737350464,0.6268790715444262,0.546978143401525,0.5230533697801025
1579,0.04862549528479576,0.7604116678726256,0.4270872052689154,0.807240300123266
1580,0.1274203658103943,0.6218722658481409,0.47293098109394976,0.7683297377188483
1581,0.037275608628988266,0.8067985994128192,0.769952123815562,0.7592086691532474
1582,0.08761531859636307,0.8428151678809854,0.7252693707925342,0.819652011468531
1583,0.08327166736125946,0.8727911775352317,0.8799449822368048,0.8715165870103534
1584,0.0731237456202507,0.7739284086551403,0.7242254022480188,0.7853315264748413
1585,0.5410062670707703,0.39368928228697153,0.6724206653904841,0.3108556706593347
1587,0.37904325127601624,0.5698143878176434,0.7125622081701045,0.4862714180895964
159,0.41558781266212463,0.4388883328360914,0.5592946716088145,0.3873039335730156
1590,0.37086328864097595,0.44270854336724885,0.47693749595089824,0.4104978136478428
1592,0.12614622712135315,0.7763898354209882,0.7429454991414296,0.7491289796339484
1595,0.258060485124588,0.48247963343483946,0.5262096097273437,0.4637842358379705
1597,0.16250838339328766,0.6706831197378265,0.4789642584850693,0.5640690591319105
1599,0.3064204156398773,0.503652781201128,0.5912099883501343,0.47567602780888546
1600,0.28691333532333374,0.5900674927186887,0.6777648516990024,0.5600466999536373
1601,0.29563799500465393,0.4844423449110949,0.3792006803631032,0.5715118473920311
1602,0.1874220222234726,0.4194277802505359,0.12539213160040782,0.28654192895625685
1603,0.38074758648872375,0.3830938292991852,0.4089531391166146,0.3547388137312609
1604,0.054451167583465576,0.7683660750951367,0.5988187295513456,0.8739582111840019
1605,0.4631659984588623,0.3691953647463909,0.5048926032929794,0.3606020820001157
1606,0.36387133598327637,0.4737765203543804,0.4600218290735395,0.4212665955108474
1607,0.2972832918167114,0.39947977558057207,0.4133481756502718,0.38781796599961094
161,0.08529088646173477,0.6234787675735594,0.6377970919337635,0.7129564624583049
1610,0.012349002994596958,0.7077081475720641,0.6210678547608528,0.6161849995921418
1612,0.13804297149181366,0.5081562967590313,0.27222136980894945,0.48388359727002317
1614,0.06330754607915878,0.4737095702104109,0.11590412123298179,0.2856856804356404
1616,0.10209214687347412,0.7635615039628865,0.7934468958403561,0.7616800441721858
1617,0.08688560128211975,0.8617922902090753,0.7730118100647828,0.8255627622005073
1618,0.33845624327659607,0.33712295074134924,0.10017170156226488,0.26730721562429394
1621,0.08900953084230423,0.7475353565793412,0.6484343140676591,0.6702609411672952
1623,0.12168616056442261,0.42624523773666345,0.01748256970337038,0.30786623461864704
1624,0.10231457650661469,0.7525527281891233,0.6354867206440237,0.790084601166136
1626,0.3108866214752197,0.39367062268741726,0.24981992772062123,0.3340840063032546
1630,0.3739500343799591,0.35001763428184984,0.2821391452595098,0.3672643012371527
1631,0.10311784595251083,0.6598905893509508,0.17475272631309813,0.5365814071730524
1632,0.12340245395898819,0.7918363316921758,0.5993548491314605,0.7228627561318695
1633,0.4528655409812927,0.45406386291123224,0.5722872369406585,0.3517631447009719
1634,0.22881744801998138,0.41282632424020926,0.10965468002214063,0.6054319811751971
1635,0.1579115390777588,0.621201019920228,0.43428883059883516,0.7284145043147476
1636,0.12919986248016357,0.6438968511418672,0.6286602984738199,0.6792645950704606
1638,0.05877063423395157,0.6884300358323014,0.3486900238462084,0.6255455051772285
164,0.010830695740878582,0.8851861128325167,0.7854719865211414,0.8804381906439367
1642,0.09361405670642853,0.5098892701648997,0.0544194493153011,0.4987771237877176
1643,0.04432008042931557,0.606596983691167,0.11149345662738658,0.7135463234310803
1644,0.05392179265618324,0.47464837420956063,0.008372426080252628,0.24965716374673236
1645,0.09050551801919937,0.7034264756854016,0.3986325898527496,0.7443861074958795
1646,0.24400439858436584,0.6630769144883805,0.7634557652707231,0.6722377307096485
1647,0.07524207979440689,0.48195896000660804,0.0241855884028431,0.41453007160342864
1648,0.05804288759827614,0.5073704855411479,0.08099109489766522,0.3323393257799072
1651,0.024001462385058403,0.8275756965750616,0.44282422822160794,0.8443801355812597
1652,0.05802974849939346,0.7715837171409732,0.7032906945057544,0.6878985475900865
1653,0.045815885066986084,0.7555267251330012,0.713186013189373,0.7465653167665864
1654,0.2807318866252899,0.5202187161641845,0.26965665631608216,0.5638295007040756
1655,0.12944892048835754,0.7070835293971622,0.470515713776523,0.6651139627522797
1656,0.13709241151809692,0.7972030811799051,0.48379667374947477,0.6548274071176488
1657,0.2810661196708679,0.376624103651957,0.14302977081527835,0.28393505583572853
1658,0.05811680480837822,0.570865397807075,0.4714750597392942,0.45456374419632334
1659,0.025076379999518394,0.7409751231395418,0.7631098766944046,0.8004934020314836
166,0.06101776286959648,0.48074553323201785,0.11137449765118539,0.37037804592286017
1660,0.12455239146947861,0.4404846326887864,0.025736947765347358,0.25239679368926793
1661,0.14324155449867249,0.4302273200489213,0.020745853255092952,0.2516781425389688
1662,0.08302775770425797,0.5333717730399907,0.32885377962046747,0.3980951138954777
1663,0.027050266042351723,0.9377114479956672,0.8839469955621324,0.9362023743032388
1664,0.19258207082748413,0.40578683721097614,0.016251778457051527,0.24966947446531212
1665,0.1880650669336319,0.4086303537949522,0.03091900155617252,0.25295153629749134
1666,0.030437994748353958,0.7269370937507154,0.6323684336657129,0.8382810202932536
1667,0.09113290905952454,0.8698357751906698,0.569370815703492,0.8348254294666791
1668,0.04076246917247772,0.7413176415068863,0.3016614678036799,0.740759568585829
1669,0.07631790637969971,0.7690079090652112,0.4943253202698329,0.8437921137099353
167,0.13665074110031128,0.5253618423089659,0.4029406045711136,0.4730674958386665
1671,0.046502336859703064,0.5945876101260337,0.14493751237456773,0.5732702892638275
1672,0.03770894929766655,0.8313007388933358,0.6045554040686222,0.8825201846702186
1673,0.09768705815076828,0.7402577464156818,0.4916593006070704,0.8489820550250515
1674,0.1499347686767578,0.43676606450648775,0.10417888607217593,0.2933390420074944
1676,0.031701523810625076,0.6556578712908496,0.5099256763748529,0.6346643019253602
1678,0.018114499747753143,0.8953842975827707,0.6576399390933544,0.9443857728814273
1679,0.01163224596530199,0.8125037934831014,0.6544501028552451,0.9102556261646034
168,0.029867589473724365,0.5263739586104486,0.07389923468760931,0.6576511412194441
1680,0.020498454570770264,0.9276036818059337,0.7245873898084438,0.9447391652572704
1682,0.08718843758106232,0.4582476390759661,0.011640817196138294,0.24971700318551746
1683,0.01455292385071516,0.927198982974339,0.6812994021161741,0.9309391854611995
1684,0.08273766189813614,0.80160664676611,0.7755534954783372,0.8148982729070191
1685,0.13643582165241241,0.6075191828664686,0.3332333184049036,0.4459660824249806
1686,0.07823297381401062,0.7515396462571734,0.5045411421362277,0.6284253786956693
1687,0.08219580352306366,0.7936993109480934,0.7651381342511928,0.7632115208978726
1688,0.1008313000202179,0.7600849517111792,0.6940103263901823,0.6740510520323704
1689,0.024562695994973183,0.6413669001086151,0.13798531981933107,0.5464762808266619
1690,0.028427472338080406,0.799541072503555,0.3158448550839983,0.7643951324880218
1691,0.1635323464870453,0.7278536981228947,0.5823465387047583,0.7649880235390879
1692,0.1495751291513443,0.5641329907760937,0.5458446799376623,0.4906379398744121
1694,0.007853657938539982,0.7810300747150137,0.31681789192660204,0.8320492578947976
1695,0.0990656390786171,0.4771138658041288,0.1758780099414104,0.32130126030985695
1697,0.01428387500345707,0.5266291164657522,0.023758425132080152,0.29768963537863624
1698,0.011224860325455666,0.8945649321287126,0.7976894265039041,0.9184329667071044
17,0.0429491363465786,0.7879074873685865,0.34940579702257574,0.8106460800483217
170,0.08484761416912079,0.7278566082066924,0.4481544879805698,0.7471533343405711
1700,0.04221087321639061,0.926553230934765,0.801768401657519,0.9163155749609382
1701,0.06350494176149368,0.6032272920967033,0.4626895573288589,0.5180139799343313
1703,0.15828469395637512,0.4231187741646562,0.027510515060613597,0.25301107904809894
1704,0.1403850018978119,0.4408914549390419,0.10856840559716657,0.2800789402712487
1705,0.013483067974448204,0.8946942983937682,0.5325192347689722,0.9386167881870875
1706,0.10617976635694504,0.6700943308243394,0.28537009836129246,0.686797055868432
1708,0.08282223343849182,0.46681879680718913,0.09070911801040124,0.2746562752164199
1710,0.054829131811857224,0.7730055903004346,0.4525487704513741,0.8313433221261
1711,0.24303805828094482,0.6477917196695839,0.6782261891536,0.5906192774292539
1712,0.044263385236263275,0.9223534557353746,0.8563032422526496,0.9206137743813699
1713,0.0808139443397522,0.7286607349646965,0.30986595302454334,0.7050345128530678
1714,0.019604044035077095,0.47284001798340647,0.0010944858804635583,0.8995980974899236
1715,0.05370692163705826,0.6341499140673815,0.1184672251421495,0.48095925418888685
1716,0.1062704399228096,0.5785962735165696,0.21644288532962383,0.5845642899310979
1718,0.02351529337465763,0.8002364783133398,0.4775135520460235,0.8348571803889693
1719,0.03877471759915352,0.9195095892645971,0.8460706953556811,0.9216874455015283
172,0.024041755124926567,0.4873346225220785,0.003946884353714637,0.2685437596150221
1720,0.08602400124073029,0.9209394525588739,0.8349560503837578,0.8518704110455517
1721,0.15685392916202545,0.7636337000196904,0.7927955287139231,0.765803126238231
1722,0.07676798105239868,0.7269177729013492,0.28872515421840994,0.7067438835916954
1723,0.11129137873649597,0.8362547425436154,0.6621762218762027,0.7994828000999892
1724,0.11622019112110138,0.4860289421370209,0.06351744326430823,0.4260185206697812
1726,0.08574077486991882,0.7515806433704297,0.3316184480601531,0.713722088776672
1727,0.12335113435983658,0.6558117332652911,0.3542131656585006,0.7531928300794546
1728,0.0651770755648613,0.7755307621597061,0.4998608864379111,0.8802073251000697
1729,0.11783377826213837,0.7727923663365375,0.3928352071494841,0.746167577727644
173,0.06663891673088074,0.6285747639607617,0.4344157743268085,0.7148643218170805
1731,0.07140222191810608,0.6031266055343244,0.46775891258860186,0.5097372850534121
1732,0.09297692775726318,0.7351626564746319,0.6926017115854408,0.7666236884821002
1734,0.1346612125635147,0.8066973422781495,0.6191585644036105,0.7101698086734886
1735,0.03835204243659973,0.8599777846574781,0.6522748313563668,0.9000706061232385
1736,0.02825554460287094,0.5429127121200537,0.038616967983433434,0.4196490230037483
1737,0.03166155144572258,0.9164783807352841,0.7122177468190837,0.8963728106492758
1738,0.15042303502559662,0.8192355683864978,0.8544005073987301,0.7664409786478357
1739,0.0866410955786705,0.901308733386075,0.786778943433271,0.8584941487457938
1741,0.052700478583574295,0.913646748457408,0.7964785771969624,0.9067010553568902
1742,0.08054262399673462,0.866317593202858,0.7122314179859158,0.8815977009955287
1743,0.0460762158036232,0.9082935290378131,0.8547681353894279,0.901649156178403
1744,0.16083920001983643,0.7134480803833534,0.3462002803099279,0.6877796158577856
1745,0.0379156768321991,0.9126354164364696,0.7696885940990491,0.9118305359341291
1746,0.04526691511273384,0.9029240943816244,0.6197595630709695,0.8850134546520054
1747,0.07994585484266281,0.8734405388741049,0.8408896542876169,0.8162157041310691
1748,0.170073464512825,0.8216421217336437,0.8040822080584776,0.7449028888480258
1750,0.1521555483341217,0.5539344828346816,0.12560104741791,0.4916117390800737
1751,0.05758708342909813,0.9001439252224872,0.8741079129739744,0.8963151199490753
1752,0.09297705441713333,0.6272952394764637,0.40509126451934174,0.8114131720619422
1754,0.06835543364286423,0.8083820811724188,0.576299753090282,0.8353498322692886
1755,0.04476869851350784,0.8430310715886191,0.466405571924914,0.8308787387624327
1756,0.13187652826309204,0.8203594158435785,0.7474961499675405,0.721409108942981
1757,0.06255579739809036,0.9151073653409874,0.7571045469528932,0.8948438195046121
1758,0.09870705008506775,0.805721507318258,0.6748042424060475,0.8199578489238466
1759,0.16059082746505737,0.7405156974698979,0.7220340130823719,0.759137515208409
176,0.07881925255060196,0.7888897012037541,0.47254660718175684,0.7834182415310951
1760,0.0573558434844017,0.823567267924832,0.7352864805390074,0.7939449538312634
1761,0.06088801845908165,0.5600429858243139,0.0791778941779103,0.49143491217799273
1762,0.0781756341457367,0.7541820540615013,0.5238123501012232,0.7845390735295065
1763,0.1338837742805481,0.44639946445865125,0.012940169402085292,0.3240948134029795
1764,0.04722977802157402,0.8079561043111048,0.5385247278322514,0.9164945075641466
1766,0.09508417546749115,0.9129645644520548,0.8765246640045472,0.835708206885118
1767,0.10225814580917358,0.8551532827470737,0.6853159314229171,0.8463355675966837
177,0.19500961899757385,0.5504489337732184,0.3758804605257774,0.6010511742932245
1770,0.06340693682432175,0.7986174276642964,0.5843747580702818,0.7940899739973082
1771,0.07398571819067001,0.8814906065282775,0.6789727609912263,0.8876973354103603
1772,0.048005618155002594,0.8161464400433669,0.5178960784720471,0.8437081381233706
1773,0.06132124364376068,0.9182828986284387,0.8679976674568908,0.9042701490346405
1774,0.03517913445830345,0.8067754537091266,0.461546023473439,0.8763966937279993
1775,0.018263986334204674,0.9295131346922061,0.7851514594801374,0.9506919651319251
1776,0.06585197150707245,0.7059253385347686,0.7275851031223889,0.7573791186931791
1777,0.01876918226480484,0.8903804465878917,0.820329059230416,0.9138134979151404
1778,0.05795368179678917,0.8818200114454051,0.6589094616213065,0.8824690114642555
1779,0.06106410175561905,0.8929822134121644,0.7911173536485259,0.877852957416412
1780,0.04214339330792427,0.9455701457552825,0.8342760816882919,0.8907337465078209
1781,0.06284332275390625,0.5299122061398237,0.17712005426866043,0.39718185655100957
1783,0.11408188939094543,0.6140210180944022,0.47000169695446925,0.8335550096888341
1784,0.07688116282224655,0.45293216908254635,0.009894914217667417,0.5587797654619158
1785,0.05149625614285469,0.8938437148003624,0.7960320711563497,0.8989186826325307
1786,0.06859052181243896,0.5930652738777321,0.21510336865958973,0.6829430238437902
1787,0.18684658408164978,0.7094714588257525,0.6673410605343553,0.5948262833320932
1788,0.047293826937675476,0.8395653818853828,0.4935963702776944,0.8667360615721941
1789,0.016476377844810486,0.9370105671719844,0.9110686814512964,0.9394963599193404
179,0.13096606731414795,0.7165878545964629,0.7101922384241498,0.783529925327705
1790,0.0789540633559227,0.8632733835713085,0.8053064287047673,0.8553772171886169
1792,0.060158926993608475,0.9242448052928798,0.7641347484931025,0.8866132348699752
1794,0.0594896636903286,0.46858849886214693,0.012526226976537026,0.28932431618961674
1795,0.1775657832622528,0.5712393127261275,0.2816954672353889,0.44690705800033714
1798,0.02147773839533329,0.6947445166309731,0.21368922261408135,0.7086712689677486
1799,0.10906063765287399,0.7476530927486336,0.4876982070266064,0.8243237445347034
18,0.03450111299753189,0.705637816563413,0.13239089615592756,0.48416066864248175
1800,0.2351212203502655,0.5774050201103624,0.6896502495667001,0.5521455092686652
1801,0.1837223619222641,0.4637251690460139,0.4054688922967711,0.39143547607559914
1802,0.10321208089590073,0.9147807281028322,0.8645812679228624,0.838179724259513
1803,0.05463293567299843,0.7651917903764973,0.5321747764636494,0.86312546914507
1804,0.08720826357603073,0.7847635523785712,0.5193879557180049,0.8070449889300901
1805,0.0764225572347641,0.8859282691332444,0.8254112262694144,0.8825361471098186
1807,0.0686773881316185,0.6869183318480602,0.5868115154952653,0.6345533506451825
1808,0.08768153190612793,0.8376405164919929,0.7898860751763745,0.8080228785226361
1809,0.018746716901659966,0.8804180752587787,0.8272195925710346,0.8760403409142693
181,0.10166631639003754,0.7562159798437145,0.57964386174822,0.8181808045909035
1810,0.009289776906371117,0.9432289360476529,0.8382306076766521,0.9671966609881875
1811,0.047107063233852386,0.9587984541069237,0.8855211102733334,0.9178729402432982
1812,0.05636168271303177,0.9271606417762355,0.8679758860677708,0.8910146986652182
1814,0.0749509334564209,0.9071776088496821,0.8904411031481376,0.8563851179723894
1815,0.04428175836801529,0.9268807816650708,0.8042901608094083,0.9084443076803048
1816,0.02858770824968815,0.8825533838474201,0.5958882502604835,0.8846659126323667
1817,0.0967973917722702,0.7873747784463283,0.4765508741727006,0.7982957948648454
1818,0.06975314021110535,0.733286936929678,0.5812532398062362,0.8489503686941029
1819,0.048143524676561356,0.9368453690130645,0.8867242841726576,0.9108670563667121
182,0.10669775307178497,0.7273726701950265,0.5456487258672291,0.8148686613360554
1821,0.14837348461151123,0.8014665145336782,0.7613835147802867,0.7397272381345416
1822,0.11987551301717758,0.7853624278721709,0.6445792117620464,0.8420664264703883
1823,0.16310329735279083,0.6970699153628024,0.4670691184315338,0.7350489351663844
1824,0.3791733384132385,0.5690014955625504,0.7440006439904274,0.4820812181345404
1825,0.033356450498104095,0.9394528166339146,0.8054586617078137,0.9282743730100833
1826,0.2305465191602707,0.5886547247896219,0.7001827628813593,0.5765482113868674
1827,0.09852369129657745,0.7541520942863082,0.7567280199014076,0.8133516554868448
1828,0.15920120477676392,0.6565301026708881,0.43487038048331883,0.7433683997586907
1829,0.01921483874320984,0.49135373898225904,0.0054462636944397815,0.2708446285483673
183,0.33008310198783875,0.48690648848444296,0.46872712842206604,0.43834551204415406
1830,0.08170801401138306,0.8785009797392286,0.6253613275213293,0.8515076087532168
1831,0.01550980657339096,0.8929808027497792,0.8236378917623425,0.8952981952225759
1833,0.037947408854961395,0.9421796442890238,0.8143934628582322,0.920373533936749
1834,0.07116091996431351,0.8672213030972789,0.8235542431248769,0.8666880021353427
1836,0.039944518357515335,0.9455255076535005,0.8753618382353128,0.9233599777060375
1837,0.03382272645831108,0.8270565464915265,0.6244030940668905,0.9274885706212331
1838,0.05975789204239845,0.9185174772791352,0.7553726746656008,0.8968726087693681
1839,0.10084789991378784,0.8944260041092832,0.8358578652076784,0.8183784214136011
184,0.07432112842798233,0.6841595796504896,0.2881060120131531,0.7826562706554998
1841,0.08257673680782318,0.7030715335261037,0.21721828127808837,0.6534805101681955
1842,0.23306973278522491,0.3861209546727957,0.03855460711197797,0.25571865861139326
1843,0.07039768993854523,0.787525194845839,0.42907499569559443,0.794721713420846
1844,0.3835625648498535,0.5186872095753577,0.6360727070960445,0.46620581661226534
1846,0.033549271523952484,0.7780079889514021,0.4255187058299002,0.8091096881783354
1847,0.07643678784370422,0.8429061086300143,0.6926374405092802,0.8810284026907338
1848,0.05126995965838432,0.5808830072718739,0.25975642717459013,0.43663857783162185
1849,0.06017075479030609,0.8651124664396327,0.7104299482737648,0.7962093616905814
185,0.27466240525245667,0.706680521149327,0.7663738610546378,0.6225717284180208
1851,0.08396820724010468,0.6691708826518947,0.2578675396659524,0.6443321178511435
1852,0.09374172985553741,0.5704491286163534,0.07636453970065936,0.46291725068826695
1853,0.1758577674627304,0.7250652055682747,0.7148705447885443,0.6540847750790416
1855,0.1112416535615921,0.6366906358142634,0.6069907096887434,0.6547501260483093
1856,0.06756460666656494,0.7947060812775462,0.3395965851659966,0.7604572948037643
1858,0.162033811211586,0.7831198034255877,0.5189361667709999,0.7677684982181758
1859,0.06121157854795456,0.8043103539810373,0.5564099410021097,0.8593739726029814
1860,0.09383717179298401,0.6262371944901894,0.54266736514508,0.676191298606739
1861,0.033111490309238434,0.9609947998487094,0.9021858343026703,0.9376796866733044
1862,0.08857250213623047,0.8909265860659314,0.8102816795029453,0.870978128911333
1865,0.13126274943351746,0.8235260962722247,0.7135084350504566,0.7660363340882259
1866,0.10126719623804092,0.8295055238576404,0.6468454657708956,0.8227264714280813
1868,0.03271527215838432,0.784158277841166,0.741204209629614,0.8740016130532524
1869,0.07737814635038376,0.6170179366178852,0.35948229275782134,0.6525146013631218
1870,0.009627923369407654,0.798003522708467,0.8320388625620264,0.8870586966869274
1873,0.25068333745002747,0.5751573859478551,0.6686853113048778,0.5280013834488646
1874,0.036457907408475876,0.9415479166937321,0.8116955154176223,0.9175041737506842
1875,0.01684253104031086,0.9566960299148782,0.8780301047864262,0.9404249025469112
1876,0.025041453540325165,0.9378247722670418,0.7405993377487684,0.9152865585234838
1877,0.010531671345233917,0.9537780595367753,0.7841352136232581,0.9533111184867131
1878,0.12304509431123734,0.7725701371005802,0.4471687631057144,0.7795914368454935
1880,0.044261205941438675,0.4715738877508792,0.001152582650871555,0.5039179842033825
1881,0.03855282440781593,0.9346842440736233,0.8428399566787933,0.9051700054319753
1883,0.10416556894779205,0.6621794677730632,0.672746739869074,0.6697023949730972
1884,0.0388021357357502,0.881256376492937,0.75252806848447,0.9318302036582897
1885,0.14752711355686188,0.732051104822259,0.42079388741426854,0.7312758492213715
1886,0.33441656827926636,0.4945292225189122,0.5719052881807527,0.43202404211301637
1887,0.07613447308540344,0.9126398389002541,0.7275100067150606,0.8446725682907119
1888,0.05669747665524483,0.7258384357538918,0.31801015898264573,0.7535210815929072
1889,0.035922762006521225,0.8902127960530668,0.7366469989184856,0.8954916369665203
189,0.09144236892461777,0.5994712776980909,0.3257230454033165,0.5749771172582131
1891,0.04492327943444252,0.8840897485211053,0.613881721539926,0.8823063939228597
1892,0.06015055999159813,0.7255772467795067,0.3266486738864407,0.7562865732931505
1893,0.011964530684053898,0.6695237542517888,0.22465236593537635,0.674806330195153
1894,0.043351106345653534,0.73466088240427,0.6393737551799301,0.8423911496946451
1895,0.04922850802540779,0.934130630138343,0.829798681732655,0.9106733473989634
1896,0.07482884079217911,0.8642552495578446,0.7269456405055725,0.8198279263877357
1897,0.06732390820980072,0.6158866939263133,0.04259002763985372,0.34140737849769154
1898,0.03234773501753807,0.628437085596951,0.14464883667575415,0.6728986003765639
190,0.13646188378334045,0.6366019297192865,0.5540374029059785,0.5952288869888326
1900,0.053027547895908356,0.8462214977712885,0.6442662604772799,0.8991997298893148
1901,0.019417520612478256,0.9350162179666817,0.7857624261685635,0.9463518885060734
1902,0.027355605736374855,0.8903020730817257,0.7634553137733123,0.9394522148585984
1903,0.05163086950778961,0.9267456151164661,0.852064089676851,0.9183530943851237
1904,0.01869664341211319,0.9396187971188004,0.8779183589808661,0.9414594536702112
1905,0.01633884385228157,0.9484053720492314,0.8700667580634797,0.9423284632708712
1906,0.053015951067209244,0.8932168796248801,0.7446463208881832,0.8896297037040618
1907,0.10211947560310364,0.8220295398502295,0.7449371549670187,0.8268080155643243
1908,0.06250105053186417,0.6863618823204334,0.7494188325967654,0.7012709354220819
1909,0.08769742399454117,0.8626988569494725,0.7473845645006091,0.7447344767764461
191,0.06735169142484665,0.4815246033546404,0.04640384243315397,0.47522938534492676
1910,0.19112107157707214,0.667076260392782,0.6600346058534243,0.6496526424506801
1911,0.09055019170045853,0.8307407811371317,0.7135788361660669,0.8439260392633907
1914,0.07144088298082352,0.8692642100343152,0.7400522458732874,0.8915487014658721
1915,0.09463878720998764,0.8015142810118385,0.7997208587323646,0.7646268517255774
1917,0.034302204847335815,0.7590307100561171,0.5589674042550936,0.9049440954228709
1918,0.039913423359394073,0.9155473990183889,0.7536012190357494,0.9210768857057432
1919,0.08571262657642365,0.8619630639309379,0.7531003768618101,0.8638139920179548
1920,0.07410407066345215,0.7355963969557038,0.3691259028717073,0.8000166573555297
1921,0.11573559045791626,0.6741171010782121,0.6595326470245726,0.6355721203199394
1922,0.07069815695285797,0.8676673340192107,0.7032636945153558,0.839456411328052
1923,0.03690169006586075,0.8549382974213988,0.7528175439912079,0.9121778581235817
1924,0.08557263016700745,0.786750866718362,0.6176696920323735,0.8362090575630147
1925,0.06085747107863426,0.46946492321290195,0.017061717501272618,0.26528682100906087
1927,0.06312908977270126,0.8866854799834936,0.850157331832993,0.8601490093402229
1928,0.02105303481221199,0.7120626563015449,0.22933191937139036,0.5846476481275031
193,0.03256446123123169,0.9252374962515089,0.9003530259713446,0.9181865622366785
1930,0.13910356163978577,0.6281811653199921,0.6099908479139481,0.5787578259815304
1933,0.04088238254189491,0.47705709813014835,0.023875881585446585,0.3186921779192148
1934,0.09199647605419159,0.7797945207053076,0.5568332832524869,0.8177024858467787
1935,0.12999676167964935,0.5841164925373064,0.1960506639253993,0.7573260295587785
1936,0.16081352531909943,0.7145565856186982,0.6347349315291332,0.7006476745546306
1937,0.06349308043718338,0.7891896328358274,0.49922136420687435,0.8891599499688749
1938,0.3886397182941437,0.30892895751779886,0.04572931187805485,0.25678449735729303
1939,0.02654663845896721,0.926884818664234,0.7496001369073679,0.9189127532226821
194,0.1921398788690567,0.5918129372695905,0.6541367681310559,0.6398339190492459
1940,0.010061745531857014,0.49867238161621213,0.003108595905741206,0.3103053456301518
1942,0.05419069528579712,0.8877744643969903,0.7929314132117135,0.8664305458963011
1943,0.12631756067276,0.7960835171287363,0.828395738014883,0.7909086522144912
1944,0.031094156205654144,0.5412418209881831,0.5668416717420764,0.5587690945740984
1946,0.07854779809713364,0.916579662212918,0.7656459454788996,0.8584161237544417
1949,0.029624728485941887,0.8263178386413346,0.7129560875103065,0.8981719839553607
1951,0.04478717967867851,0.8412612687174215,0.6544015800658433,0.9065265057506204
1952,0.0529501810669899,0.8478358564526459,0.6668060798917615,0.9053916818829084
1953,0.04383504390716553,0.7759358678093158,0.7098170511950885,0.8605775187302436
1954,0.08221402764320374,0.5629674201567672,0.11804885857610078,0.6076860332321841
1955,0.031098082661628723,0.48694009543828065,0.018054123874009707,0.2605528140008342
1956,0.014362132176756859,0.6490170573844707,0.6334917485454976,0.8185753296735896
1957,0.15109656751155853,0.6267598083406898,0.5220848275102536,0.6560439974488216
1958,0.09563392400741577,0.8519438469556362,0.586410591013288,0.8300684166871236
1959,0.051099058240652084,0.5096833995599838,0.14617304873497483,0.4402463398436038
196,0.14514172077178955,0.6113723000512677,0.3096646562563756,0.6300541450204205
1960,0.15455567836761475,0.6713422334659014,0.4638657893527951,0.6152214753778324
1961,0.10667511820793152,0.7167584323807733,0.6616818776538811,0.7407588062063051
1963,0.06873849779367447,0.7208401489292976,0.743623390147612,0.7075488058617418
1965,0.021166326478123665,0.7271575358482033,0.2279957938245674,0.6982196849441908
1966,0.07110372930765152,0.5281173932723853,0.13516681236955802,0.411569029382163
1969,0.04082430899143219,0.7966367129121359,0.7914727158957664,0.89454982826326
197,0.2809823453426361,0.6780271054493456,0.6689987036266914,0.582095746750317
1971,0.02931596338748932,0.9195137836022063,0.7658827373664725,0.9136444623812214
1972,0.06652165949344635,0.8412954704897437,0.7160856036863336,0.8793555779841284
1974,0.07359188795089722,0.7291870153090756,0.49780294328861063,0.8584478846111364
1975,0.03142377734184265,0.5725180113859909,0.0705120186799362,0.5263851260815356
1976,0.10353434085845947,0.5234472909483615,0.3799393106122218,0.43208654614502084
1977,0.12027586996555328,0.7028135847841941,0.5577324801072603,0.7712396519754499
1979,0.08717668056488037,0.8440889216147303,0.6739978917762605,0.8350806090990391
198,0.08150016516447067,0.7114792718002482,0.48465514517624775,0.6351977856025426
1980,0.030411655083298683,0.8277972885377038,0.5926100283791641,0.886774670252749
1981,0.11400390416383743,0.8776694414843083,0.8198520754712972,0.8193749664773136
1984,0.006972702220082283,0.772517124925755,0.41898210959287585,0.8720616391374609
1985,0.06506028026342392,0.49730051258384317,0.09979070002854835,0.3664021147726479
1986,0.24934464693069458,0.5531115400907637,0.6620845709923083,0.5610477353565446
1987,0.05357609689235687,0.8541390498082797,0.6413145316302592,0.9152844785916776
199,0.1252887099981308,0.4122216770848017,0.008051457901635011,0.5664060792697232
1990,0.03077479638159275,0.8039319250419923,0.4500269843469229,0.8501468869832043
1992,0.10488153249025345,0.6092115948859785,0.22695702694813016,0.6716073363547017
1993,0.04685596749186516,0.7041209555375124,0.3306295934413863,0.8416864901818115
1994,0.053821220993995667,0.8400728457328219,0.7578542747390901,0.8990238388862104
1996,0.070492222905159,0.6939078189969181,0.666399648371145,0.768990184849946
1997,0.021224649623036385,0.952383219553395,0.8995758339361706,0.9217082821117789
1998,0.06713222712278366,0.7726865509259238,0.4434599469073614,0.8574258933984528
1999,0.13965396583080292,0.6403256407530389,0.5978035247550845,0.6433102373949713
2,0.14315259456634521,0.731232385050149,0.743376272073208,0.6615674640467285
2000,0.042924609035253525,0.8265080993778919,0.45966222236963933,0.7996826267187638
2001,0.07512872666120529,0.8494229052937443,0.744199162145378,0.8830187166456471
2002,0.3573364019393921,0.3832564767403599,0.32075998615418927,0.3390258165580633
2003,0.10385821014642715,0.699442941501014,0.628920468885011,0.6423907166056779
2005,0.08457890152931213,0.6903671862246528,0.636747604767059,0.8255618782385876
2006,0.06335438787937164,0.8953105732895811,0.8009324163694277,0.9033172813365848
2007,0.03809015452861786,0.9310736886269204,0.794373779338917,0.9155113834389269
2008,0.13290727138519287,0.5784513167564115,0.205054002676777,0.6689277638114526
2009,0.024716012179851532,0.7993524705708306,0.5364945492585426,0.8287109268758774
201,0.10435232520103455,0.6513690962097866,0.44850713273303405,0.8280934988693234
2011,0.11837627738714218,0.4604528087354972,0.11824744785248623,0.29144987769951736
2012,0.10324595123529434,0.8174505109279729,0.7025278595436419,0.7318305703534713
2013,0.03665289282798767,0.8302762878888049,0.7333926985400304,0.7876452474110575
2014,0.021720444783568382,0.8350997168411831,0.7474895087370159,0.9210472839041257
2015,0.022929737344384193,0.8446149444053235,0.8705270743762327,0.8947036663184782
2017,0.027242548763751984,0.7094641476322325,0.5180669313247043,0.7376839709605311
2018,0.07147105038166046,0.8384910690316952,0.785474753899191,0.8460457339349025
2019,0.16676056385040283,0.6350489663064497,0.3620117450254156,0.7682303402602646
202,0.058710962533950806,0.4754297478753044,0.042340595084955066,0.2718080858233653
2020,0.03912941738963127,0.748938047394333,0.2223557201512715,0.7366792871605303
2022,0.011470242403447628,0.8301286109689282,0.6951091385529141,0.9254745473252952
2023,0.04395518824458122,0.8580600602033993,0.7810887463279204,0.871561047307878
2024,0.06978023052215576,0.8237760046760851,0.5847739071298741,0.850990215822214
2025,0.06173192337155342,0.8297078124715666,0.792560126668131,0.8712502392789201
2026,0.08270972222089767,0.6505173610944529,0.46307119183026113,0.6128548976522192
2027,0.181752011179924,0.7506785394730782,0.7127639241296511,0.6596925501917916
2028,0.07772551476955414,0.7340374585769229,0.5457263712871263,0.6623425179114704
2029,0.03229602426290512,0.68043252358661,0.4323202186606075,0.8074996728776812
2032,0.08134963363409042,0.4509503504678872,0.001111005196203309,0.3157888889296992
2033,0.06550192087888718,0.7807500678679156,0.7836196537958441,0.8266565393525686
2034,0.046113621443510056,0.8520779654234796,0.6677658588935945,0.9092253802542365
2035,0.017218798398971558,0.9181035268608477,0.79941128971915,0.9324164233847917
2036,0.08162249624729156,0.7086173603471875,0.3066192645922308,0.8072591420417092
2037,0.06958113610744476,0.662219659968766,0.2256734215747141,0.650620387734712
2038,0.011863505467772484,0.8466621063485038,0.6848587422174947,0.8512226688651232
2039,0.17305612564086914,0.6950339979656978,0.6749513565205177,0.6453662373828577
204,0.05598597228527069,0.45582035021750406,0.010902286213210667,0.857453935105124
2040,0.12819719314575195,0.6672014932622587,0.303455810874729,0.7264110653899052
2041,0.05527166649699211,0.8568354197493131,0.7091443249921207,0.8771476439151796
2042,0.054428692907094955,0.8061863888455492,0.7131317329463306,0.8472053016212429
2043,0.09750675410032272,0.7690037887633359,0.7322973219542384,0.798174001123598
2044,0.03512232378125191,0.5156862303984663,0.030488593266027188,0.34007256499812677
2045,0.03169417008757591,0.8792480616258759,0.7964619862147638,0.8923682317100452
2046,0.1329910308122635,0.7019261982516213,0.6953208548736326,0.6686712476664017
2047,0.058921605348587036,0.8964270839194286,0.8416045681501749,0.8630276381715217
2048,0.0998542532324791,0.7476784522370089,0.39674545269690237,0.8060876119240531
2049,0.026083942502737045,0.899671190683169,0.6756914104858376,0.9147852494052493
2051,0.042751606553792953,0.8336371746829279,0.7320227636056894,0.8743046642161258
2052,0.022173622623085976,0.8087927866689403,0.44347142086074726,0.8337837648637374
2054,0.25143250823020935,0.5355216917566983,0.28788984235222426,0.6002486913196415
2055,0.125159353017807,0.5703367035877811,0.15614735464653984,0.5952978378852833
2056,0.152171328663826,0.7859905333140826,0.8273990099792135,0.7693543408884083
2057,0.06114959716796875,0.771287990556869,0.5830732316315487,0.8647399186560698
2058,0.07870712876319885,0.7711450937241529,0.7107039989317978,0.7768293890821314
2059,0.07129812985658646,0.5679861585496196,0.12850059364537925,0.5545387075730482
206,0.06596389412879944,0.894169095911034,0.8640580414117202,0.8770736628247885
2060,0.05629155784845352,0.7076888211435559,0.4553962021676256,0.8023199853008309
2062,0.04211913421750069,0.883809974892407,0.7972198295484799,0.9031216869233848
2063,0.09564216434955597,0.8280048710893363,0.7229673251331361,0.85153732013399
2064,0.032507605850696564,0.8398411161751618,0.6724663758644218,0.9061524745208546
2065,0.04205000400543213,0.6069528104854077,0.1631650536370578,0.6407457656285135
2066,0.03672318905591965,0.6728296566831848,0.6226838967970802,0.6696797177004412
2067,0.15922534465789795,0.6032436945061398,0.5024152580289284,0.5489987186756518
2068,0.03195510804653168,0.686986628038876,0.6425101908344882,0.724930769474295
2069,0.1758529394865036,0.41411459337744844,0.03770740398732664,0.25055854095760177
207,0.37275269627571106,0.43446743770548757,0.4914488865121902,0.3845755575434856
2070,0.027394304051995277,0.7964473505306379,0.5739715873241797,0.9012532496021861
2071,0.10981100797653198,0.8484719189222112,0.8400692359309442,0.8353991567864794
2072,0.019499819725751877,0.7625342098076945,0.6165317098235534,0.9283400426255705
2073,0.1261528879404068,0.7181142433984604,0.7746788524521703,0.7295719680084809
2074,0.03355726972222328,0.920150668585245,0.8722615637063472,0.9011370042581568
2075,0.020166853442788124,0.9097741958908577,0.8280556168354021,0.9315849728891269
2076,0.15906210243701935,0.6533838355547901,0.702203494712626,0.6410271524007396
2077,0.09587214887142181,0.6599504693490381,0.2387920059115473,0.7200464279591681
2079,0.12567219138145447,0.7188768758132593,0.6690333526242316,0.806907899495798
2081,0.1429918259382248,0.4304785845340557,0.01977328314344425,0.2494329694738769
2082,0.05804818496108055,0.5618986383909789,0.06698963695098398,0.4780198534702507
2083,0.027196524664759636,0.5292125189693836,0.12491532908109614,0.8462322950292085
2084,0.06009093299508095,0.8955497474862641,0.8531310766886919,0.8746298331307847
2086,0.06430190801620483,0.7549472896090393,0.5677491007322117,0.8805668648647955
2088,0.015474341809749603,0.501871673200735,0.008772834527879745,0.2744551759799827
2089,0.06390894949436188,0.6917538582072851,0.7311909413165876,0.7106634628309367
209,0.04069846495985985,0.7525234880533844,0.5663133224749592,0.8695074027684322
2093,0.07688254863023758,0.7840272377298401,0.4780345326764798,0.6251377588130801
2094,0.09984476864337921,0.8211529295699085,0.5706804619525802,0.8304626200993408
2095,0.059194277971982956,0.5567650296550234,0.1275678509742624,0.73828724065404
2096,0.1223796084523201,0.7236152328689944,0.7361715856859872,0.6794693186626619
2098,0.16670575737953186,0.4419710917530699,0.24206170578862388,0.3242724570137723
2099,0.14386311173439026,0.6728983261140665,0.37429461404682396,0.7755420133653907
21,0.06084826588630676,0.633968606597065,0.18056520157647152,0.5021551449152084
210,0.3069645166397095,0.6351203046783065,0.6688350834855937,0.5883024235309057
2100,0.0895838662981987,0.8522527173252872,0.7745552373732755,0.8532010353269036
2101,0.05920923128724098,0.8037210738528433,0.6911185458745339,0.8386996197118364
2102,0.06900724768638611,0.8412350843567136,0.8033117785314446,0.8414868046375771
2103,0.044144194573163986,0.8608056446639478,0.8634995372987737,0.9062327842727447
2104,0.10056916624307632,0.6841907116766318,0.4880734740014604,0.7863570272463728
2105,0.09230230748653412,0.7904431572220506,0.7066321128771749,0.8320786800819342
2109,0.08762030303478241,0.7751597351822133,0.7030057663313535,0.7295781901013112
211,0.10213616490364075,0.7375586775731834,0.5233238389053922,0.7226528152056292
2110,0.06924222409725189,0.8989102964960174,0.8236473152865604,0.890558745620412
2111,0.11934220790863037,0.46339325499444955,0.16582361411284954,0.30466581126045855
2112,0.09318048506975174,0.763909161718907,0.5251264157752982,0.8130736072532785
2113,0.20360790193080902,0.6226132425490251,0.71115469204956,0.588749201919893
2114,0.10206743329763412,0.7887906552408492,0.529664391815679,0.8225514318459608
2115,0.04841141775250435,0.8253814693580548,0.7666800161161879,0.8529859621095903
2116,0.11113347113132477,0.5813317925494322,0.1616811701467342,0.671556366059273
2117,0.040678296238183975,0.8493620694610245,0.5999464404398483,0.8578063883871557
2118,0.10453439503908157,0.8077318902787276,0.5552690210026374,0.7429582643140068
2119,0.21289439499378204,0.45793230880400265,0.37977149080190115,0.36740194463284737
2120,0.08442826569080353,0.5180987052187386,0.07169693293252807,0.7120079807026836
2121,0.06702464818954468,0.7251400596123734,0.42279256165956125,0.7572439309939325
2122,0.35185208916664124,0.3361212852757405,0.13458381167431405,0.27547934540983804
2123,0.13571873307228088,0.4226674647421691,0.008947576980697215,0.2655709097447244
2125,0.043735355138778687,0.8905905530059361,0.7770550823433884,0.9264744173647107
2126,0.10771110653877258,0.804180988611584,0.605969457784288,0.855658918669839
2127,0.1161515936255455,0.6471890722676369,0.32888958339954943,0.7536141107462825
2128,0.02303026057779789,0.9320459744498784,0.6113141426837816,0.7895726027809209
2129,0.04956785961985588,0.8032375425959604,0.6781549235705342,0.8380686504897739
2130,0.03250082954764366,0.7731630856949491,0.6480442784104606,0.8103832348011469
2132,0.11912135779857635,0.7329986833348814,0.63102050385712,0.7527691319511621
2133,0.09789244085550308,0.5058378123395962,0.08227159353889996,0.6247475969919012
2134,0.09787020087242126,0.5839039326036597,0.5019722162074552,0.45846778628247264
2135,0.04438856244087219,0.8957575992381159,0.8226690782197383,0.9135856753337275
2137,0.08648490905761719,0.7701830566535915,0.7473655756647569,0.817324135148499
2138,0.06776677817106247,0.9082419359081939,0.8245646381499415,0.880655722307295
214,0.09365680068731308,0.8695117843676559,0.7132971365837346,0.8576852088235515
2140,0.09906306117773056,0.75295299808092,0.6793684743750447,0.8072085162189848
2141,0.04914490506052971,0.8876842581095187,0.8275290605713199,0.9111691481118719
2143,0.21503587067127228,0.5813033027192775,0.594108363009331,0.5208594704403169
2144,0.04524625092744827,0.910675476656122,0.7604765770990661,0.8415966977032941
2146,0.06850969046354294,0.8347757716601308,0.6903708713490777,0.891317635322278
2147,0.08659562468528748,0.7340126532986793,0.514056918232247,0.841167786995505
2148,0.2858485281467438,0.5609906065183818,0.6808655288682504,0.5614396344071445
2150,0.06642478704452515,0.8743989898979593,0.7516440333127087,0.8725527333507164
2151,0.20144592225551605,0.637517583606456,0.7509190644856796,0.6447831838934066
2152,0.0879070833325386,0.820838148792479,0.6123380033883298,0.8196533217396419
2153,0.026686767116189003,0.82575893364408,0.7262164498305271,0.8806335067362174
2154,0.04286951944231987,0.9188444245742469,0.8616037614538858,0.8939415542193179
2155,0.026810385286808014,0.9281826146518655,0.8726096310138943,0.9489542516640217
2156,0.09479370713233948,0.7762067030774733,0.5231922942187993,0.8374230261838655
2157,0.05155254155397415,0.7530405886199962,0.5272191741918852,0.8444494099856381
2158,0.04565569758415222,0.5472184778505189,0.12185451552152207,0.5001253554053084
2159,0.07200288027524948,0.8793566072101818,0.7098379388757905,0.8858644318205728
216,0.054788753390312195,0.8928866476476918,0.764670505500992,0.841302103498381
2161,0.02928479202091694,0.6166743696145572,0.27647456833169715,0.8162836984105069
2162,0.2409769743680954,0.7306464481310941,0.7562117750078383,0.6976635605954327
2163,0.09384264796972275,0.823299059489989,0.6251113007113513,0.8151055446109063
2164,0.07939612865447998,0.6903112570096427,0.3566094129999796,0.8138624584888305
2165,0.059838514775037766,0.8755143121596096,0.7649438588468149,0.8056930073102522
2166,0.035988517105579376,0.9358067486160012,0.8696089228033086,0.9301152685489191
2167,0.1366603523492813,0.40914810433140353,0.028366894477754007,0.688762035664119
2168,0.08897396177053452,0.5248773906171127,0.13577692748914563,0.4077669119929373
2169,0.04266781359910965,0.7982316177040532,0.5504106705267282,0.8976293701691052
217,0.06729572266340256,0.7101939578845834,0.49969171440058213,0.8804270825813767
2171,0.11287819594144821,0.7885766181806924,0.5747558165184345,0.818167530847945
2172,0.04241050034761429,0.8507229202981264,0.7366662765647288,0.895066262844838
2173,0.04947083815932274,0.9132716267048737,0.6725929440044903,0.908729809053543
2175,0.133398175239563,0.6792888988795497,0.34730724510714445,0.7488678365453789
2177,0.033803731203079224,0.8385335120971042,0.6356650756730697,0.7660451815811988
2178,0.057564958930015564,0.7512372062240791,0.7242113827516568,0.7793734775885283
2179,0.06162577494978905,0.8829340410409676,0.764229563662571,0.8843889587001136
2180,0.2384282350540161,0.3961053184514541,0.1757246278776918,0.2956585792828934
2183,0.02590767666697502,0.8429775188732354,0.7215412793317844,0.9312613979170454
2184,0.1060166135430336,0.7972557086407126,0.7902597270872433,0.8071934546814601
2185,0.3842392563819885,0.5434497741430235,0.7450948512984767,0.4762685803779697
2186,0.08408543467521667,0.6537418955752121,0.3024118277361934,0.7848436686031335
2187,0.07527574896812439,0.7018121204451926,0.5831087860746611,0.670267802119393
2188,0.09851264953613281,0.7875581654057492,0.6107456590844772,0.7462443946088395
2189,0.04081222042441368,0.827075736784906,0.7364111645853388,0.8703061971277791
219,0.09510969370603561,0.8860408622873357,0.8164464662841179,0.8507769377213353
2190,0.05233791470527649,0.8070971522428739,0.6089534527955992,0.8588362507264633
2191,0.05388989299535751,0.8889263177992224,0.8012525573200726,0.9073844820396202
2192,0.0629315972328186,0.6058360976835213,0.31849461341777957,0.7704418303039784
2194,0.011759248562157154,0.9287900623273115,0.8900581469178943,0.9479323746612631
2195,0.15111447870731354,0.5104936702085919,0.046888203988494234,0.37936352147411956
2196,0.03987877070903778,0.901190102677068,0.7538470130397388,0.9160613874191657
2198,0.03283906355500221,0.7781496364318874,0.42070004056105204,0.6677924016056037
2199,0.05798609182238579,0.8094344874887451,0.5502904812631653,0.8807522531766518
220,0.04443327710032463,0.47777080442549985,0.03941904282442473,0.26535423469718544
2200,0.17440052330493927,0.5575801878552517,0.3876228707376064,0.39185821151333367
2201,0.046479225158691406,0.5784994702049593,0.18116033395623396,0.6252397906180718
2202,0.0677233636379242,0.8377119335190075,0.8444785568087092,0.8745062990080698
2204,0.09740487486124039,0.6903349363135638,0.5828850465724809,0.6925148254569855
2205,0.10087083280086517,0.8264978637626613,0.7684700281836881,0.7862145991893552
2206,0.0913388803601265,0.8569594610758375,0.7276780791187992,0.8191369105910107
2207,0.16705463826656342,0.522038649271699,0.4063469186341001,0.5503303212957078
2208,0.036350954324007034,0.7653283688915394,0.6209875764146215,0.924399076709838
2209,0.07119519263505936,0.6940207706977011,0.5738451422472812,0.6583318347989215
221,0.11434449255466461,0.45570223531183535,0.028788011495738394,0.40222303488076183
2211,0.04963771626353264,0.8613880452249392,0.76138222889105,0.9130657023435518
2212,0.052426330745220184,0.8211919845872557,0.5314074809383226,0.8506686965593377
2213,0.024092456325888634,0.6824171786405497,0.5951254696876321,0.7074843527022754
2214,0.13155220448970795,0.7625567412674397,0.575818746238477,0.7856640310455183
2215,0.10817395150661469,0.7642369759585776,0.5865556318058978,0.861784451666884
2216,0.0347987525165081,0.8894361443675709,0.7991146230562409,0.9192239076514346
2217,0.1205768883228302,0.629852603752951,0.5671975086682062,0.5760290657051328
2218,0.07730957865715027,0.8415612031257355,0.7676769933359161,0.7895816536837165
2219,0.3009539842605591,0.433142574484105,0.4018398529731428,0.37297030992151836
222,0.1450013518333435,0.8048764033999252,0.8066447443762792,0.6996913668098108
2220,0.055456310510635376,0.6853503452374748,0.3244945060155067,0.7719288796710153
2221,0.06707070767879486,0.8470303052174453,0.654087481339648,0.8832716460992789
2222,0.09054344147443771,0.8218716489773934,0.7458337287041598,0.8544257576747251
2223,0.05223657935857773,0.4759021507602071,0.013525821657927732,0.2500724409954024
2226,0.023468267172574997,0.9214198511997256,0.8864844434502903,0.9270023669743028
2227,0.02956981584429741,0.8854706737680031,0.5732894971437461,0.8972232588071278
2229,0.04260658100247383,0.8681915894534482,0.8243213980749896,0.868189995421559
2230,0.07103822380304337,0.8582413851891462,0.7056423375743136,0.8512388388926486
2232,0.060965072363615036,0.887563609658798,0.789132229997828,0.8780789864307259
2233,0.08752123266458511,0.6647837801844381,0.32702852795791815,0.744689679905877
2234,0.05650392174720764,0.8111645293331788,0.6933798623030707,0.8034309788847377
2235,0.04032391682267189,0.9186948637282707,0.7678778763505587,0.9189417118679908
2236,0.08648809045553207,0.7239948261565918,0.4169195082000589,0.8119291517008975
2237,0.040595926344394684,0.6712113562144815,0.4624873261338223,0.8161897685766515
2238,0.15329235792160034,0.5997272740200743,0.19208156481773703,0.5946060805481725
2239,0.09479795396327972,0.6755052589540141,0.33339432497877847,0.7640542824316021
2240,0.15577739477157593,0.5216425296910261,0.17504676139552558,0.5047236308525946
2242,0.07071513682603836,0.8025876987515883,0.7376429564904925,0.8472715561766722
2243,0.008248752914369106,0.9104412391407993,0.7140860977951432,0.9286064062733017
2244,0.1620284765958786,0.4592136269140291,0.042951152598048485,0.4258887858701962
2245,0.2608869969844818,0.45896960214815663,0.45312403995371897,0.40112699700194315
2246,0.027825912460684776,0.946761124210713,0.8384607807675609,0.9454537694754053
2247,0.06494048982858658,0.7233837453781671,0.6792504394717187,0.81397769290979
2248,0.06958692520856857,0.7380066958453271,0.6624304272966022,0.7496671463081823
2249,0.14935049414634705,0.6822477271675673,0.608797825657311,0.6292941287822523
2250,0.12045864760875702,0.5079121358539151,0.3305227347298556,0.4285227651929172
2252,0.0772193968296051,0.6269489754603398,0.4687851011643196,0.49898533301010195
2253,0.10629233717918396,0.7601317829703499,0.7156847809160541,0.6774031262934874
2254,0.1281455010175705,0.8279449419184397,0.7928473590856497,0.8066141195904908
2255,0.10754968971014023,0.6587073182873899,0.6022652150886686,0.6246942340186091
2256,0.04645911976695061,0.8613219190909551,0.6750127318953714,0.882030284760433
2257,0.07200495898723602,0.5854780634424841,0.417585102861583,0.5790171256383163
2258,0.11949384212493896,0.667285916815244,0.508239265842815,0.8081312336445965
2259,0.04550829529762268,0.7689154171063983,0.6430258999257925,0.8758896059428045
226,0.12701721489429474,0.6107987555237465,0.49187445760195664,0.543693166692255
2260,0.08353979885578156,0.8463816547999978,0.8363716875490932,0.8511905379538596
2261,0.14282862842082977,0.6520607684310435,0.2704013368163413,0.6801805272526258
2263,0.08895251154899597,0.6960543056309572,0.5463451987337191,0.6805311391253557
2264,0.1016673892736435,0.643225756858239,0.4160292239192171,0.5967562629508105
2265,0.1955903321504593,0.6993588679353239,0.7224097319386104,0.6308960189636179
2266,0.1438155621290207,0.44500291926151186,0.06830887395796327,0.48912670971425387
2267,0.038930557668209076,0.4830291052525216,0.018144166757945102,0.25214729576455075
2268,0.01988116465508938,0.9515604658503949,0.8883854680808204,0.9510428509335191
2269,0.06367801874876022,0.8351689919141915,0.6986026644734306,0.8198216224345851
2270,0.07373864948749542,0.8555271908062078,0.6819991908682916,0.8740889987953636
2271,0.04482370987534523,0.8981989052047659,0.7903626962771445,0.9088313330325102
2272,0.13528302311897278,0.6454347445578036,0.6130094116814045,0.6262722486590133
2273,0.043592650443315506,0.7030861297643864,0.1884724751519682,0.5912424967613632
2274,0.15041431784629822,0.7718429270871467,0.649421077609354,0.7315743672009324
2276,0.06969917565584183,0.781760794609627,0.8222108697635141,0.8153391468067498
2277,0.21479643881320953,0.6988047850216416,0.709132850822154,0.6413018751793652
2279,0.062323834747076035,0.8661299093091503,0.6286027815129412,0.825816548297947
228,0.10747674852609634,0.805031749326703,0.6914730259281409,0.831165032344978
2280,0.09804703295230865,0.5613154690815763,0.4012652843658599,0.462887849532883
2281,0.1263313740491867,0.7281747574788817,0.6539977934909922,0.7283558698681725
2282,0.11132030934095383,0.5305155343828539,0.31003816449161287,0.6238810386142088
2284,0.1134859099984169,0.47665945978002255,0.292736359603914,0.36846323098404116
2285,0.38252031803131104,0.46398404944096244,0.5045721175038612,0.3901878653041563
2286,0.16895408928394318,0.6812652738628209,0.514868934810173,0.5743707444536204
2287,0.1112527921795845,0.7146498155668415,0.4195828753579561,0.6291417141267786
2288,0.02082640491425991,0.8321120694031552,0.5846512345470115,0.9276371158394203
2289,0.13311639428138733,0.7181332511411724,0.6810188022305762,0.6667547770285789
229,0.1326950192451477,0.8413787109332054,0.7275159258766383,0.830092604373603
2290,0.03951630741357803,0.896278410892223,0.744064031135806,0.9207859908787015
2291,0.055439338088035583,0.92067168823999,0.85413593034081,0.8860581891852068
2293,0.06255291402339935,0.8992232709506153,0.7521526544848468,0.8605908749401683
2294,0.029154911637306213,0.7759005307944171,0.7063035666429451,0.8378727091432185
2295,0.07337618619203568,0.8261573754055348,0.6754764147628607,0.8949486472224493
2296,0.06507831811904907,0.6881435260607096,0.6534573359288267,0.6785787294149175
2297,0.23968122899532318,0.3901274518965219,0.12729757584114043,0.37909278129809576
2298,0.09593694657087326,0.8006797471908293,0.7389547164030731,0.7932524433181875
2299,0.06154510751366615,0.6937753397191972,0.22182015741790997,0.600687725370181
23,0.010997353121638298,0.5042088847208195,0.010574240168710322,0.258285648045426
230,0.22907626628875732,0.5317920315391771,0.2385247201074168,0.605771331728882
2300,0.06380774080753326,0.8139755538502712,0.7356147998489851,0.865860731592096
2301,0.034228283911943436,0.7544842170282504,0.6859742786441544,0.8219613720996147
2302,0.20671546459197998,0.6341144712169495,0.603665793282248,0.6195477033470309
2303,0.05946351960301399,0.9059855491808311,0.8653424908867909,0.8822793284641643
2305,0.10437291860580444,0.7834098731628152,0.5956205459411696,0.8030134662479811
2306,0.056770678609609604,0.8738958273641427,0.7323237507913524,0.8868425584705306
2307,0.07424584776163101,0.7365587855997424,0.6451966125235193,0.7712083912382903
2310,0.03697948157787323,0.8532121838783235,0.7513983507624141,0.8190019638574286
2311,0.033761654049158096,0.8484369704975863,0.727163177372219,0.9080685869362438
2312,0.1178707554936409,0.7506948481283018,0.8103424059999851,0.7945557132790162
2313,0.1332029402256012,0.769464073065995,0.6921511932795924,0.6766010565222131
2314,0.10603710263967514,0.7068333210844144,0.5201443866877677,0.7632347706398847
2316,0.11711006611585617,0.7750328087197977,0.7285911926479299,0.7849608247494353
2317,0.05705784633755684,0.6227064055733127,0.21854400312666686,0.798129579606096
2318,0.05033686012029648,0.5305962766831422,0.0980233372328598,0.4238635580869
2319,0.0954202190041542,0.6418346382167102,0.2843746744878815,0.7407534135748519
232,0.12578104436397552,0.6452536689375894,0.5530851491764673,0.6932232473125377
2320,0.028871232643723488,0.6707291797954974,0.629115894414091,0.8087617847208566
2321,0.06081479787826538,0.8379071156342577,0.6309172005566343,0.8620658375594719
2322,0.04896141216158867,0.692110458478298,0.5937322830286712,0.6851020296240671
2323,0.04578462988138199,0.5551146110948885,0.06419250768244908,0.40621645938841
2324,0.11506736278533936,0.5227348380188703,0.163001349597648,0.754392674819969
2325,0.06362105906009674,0.9087923646301765,0.7846983078486259,0.8778574306876596
2326,0.05330463498830795,0.8896071434880115,0.8030144403469176,0.899038188179895
2327,0.15880964696407318,0.6954992006625438,0.6527982240616352,0.7191779199092122
2328,0.2270665317773819,0.5113383004056151,0.1898753626589646,0.7078943096827652
2329,0.07972538471221924,0.8912880896799698,0.6249781587218706,0.8179722077870712
233,0.1867203563451767,0.5846071027520651,0.4260735111428681,0.5090101401981915
2330,0.03522351011633873,0.7590831367680142,0.4016965021277259,0.8782395616578911
2331,0.02850172109901905,0.4729278749372526,0.005156487735263598,0.5008557507154077
2332,0.07860506325960159,0.9246091593233374,0.8860929367648056,0.8806253223499181
2333,0.025644609704613686,0.8370961084044581,0.6371325296762557,0.914736188732725
2334,0.30673208832740784,0.35864226654964043,0.13042563295644347,0.2771996482799224
2335,0.04413876682519913,0.8678225029718145,0.7490187465927091,0.9052939512857727
2336,0.14449620246887207,0.7870191630979624,0.8139455716227377,0.7833360365038706
2337,0.07905206829309464,0.8047518642670535,0.7927452906489427,0.8141875089025461
2338,0.04270534962415695,0.7999315874070836,0.800663261967538,0.8889784622558683
2339,0.15144957602024078,0.7094322187452737,0.5908059745763881,0.7840034819214605
2340,0.045715343207120895,0.7237564331657929,0.4473628965659739,0.8647086437799922
2341,0.1334359049797058,0.8153567770399153,0.7226991204141686,0.8006760582655156
2342,0.07186860591173172,0.6425632675484425,0.44524696319784657,0.556471182172769
2343,0.06794489175081253,0.8788699244266374,0.8722540018568116,0.8543687040410887
2344,0.1199512779712677,0.8065693237580192,0.7998372539008508,0.7766348443845321
2345,0.12282107770442963,0.8903786387284153,0.7805557721124924,0.8010800906983657
2346,0.15829791128635406,0.6487883064419284,0.33228289829259416,0.6639733649968176
2347,0.042647767812013626,0.5123408006005222,0.10291427607379013,0.3163234135779283
2348,0.10052422434091568,0.8035398628212719,0.8228766766643568,0.7838289249310177
2349,0.0662621334195137,0.6465824149787764,0.4444364729218511,0.595926154392481
235,0.029089752584695816,0.4983734602572785,0.03653351548186499,0.26884420461315606
2350,0.06657109409570694,0.8675659301219135,0.692809747790748,0.8712891097679878
2351,0.1082465723156929,0.8238912812653694,0.6161664471607643,0.8128688965969162
2352,0.10983581840991974,0.4464449065526314,0.020556117343912023,0.2537771399121399
2353,0.0441424585878849,0.8904319995744485,0.7047359153823906,0.8956928196197818
2354,0.09028846025466919,0.6472013734813505,0.2841781139662895,0.6611663655900624
2355,0.0277811661362648,0.7602473657359488,0.5032068311401581,0.885970409337404
2357,0.0745944082736969,0.8434310437767929,0.7132917523151207,0.7904880691701646
2358,0.09617461264133453,0.7252057783886263,0.7179234476209237,0.6816242689282919
2359,0.2137364000082016,0.4049029236324828,0.16183098990852374,0.2906292471498305
236,0.019548816606402397,0.8670941995412963,0.7502537631876438,0.8685597671552421
2361,0.10387104004621506,0.5427889442186168,0.17587651127484832,0.7226961347576462
2362,0.04839470982551575,0.7469908605365427,0.4170886136435589,0.7918491908899025
2363,0.05830008164048195,0.7220060237445738,0.4677755761437242,0.8608568945816948
2364,0.08221392333507538,0.7116349361094911,0.334420982309275,0.7562001982948914
2365,0.05520690232515335,0.4786594485210701,0.06376078571196993,0.2719222580756102
2366,0.04697837680578232,0.8179680941712124,0.5860262799015719,0.8941761882331923
2367,0.0661909431219101,0.8480794834783685,0.6673302981870882,0.8612833554297104
2368,0.11024285852909088,0.6517123208714566,0.5480440421266548,0.622040136365944
2372,0.019701233133673668,0.942737560868683,0.8890235245228213,0.9493406275648619
2373,0.17373482882976532,0.7188779045469843,0.7677838846824669,0.6749914837439006
2374,0.19208858907222748,0.6372540665242461,0.23936433592344142,0.6035648670043596
2375,0.27667832374572754,0.6306357708337791,0.7639490919223505,0.5994348561112433
2376,0.09550444036722183,0.7319971361523947,0.448780351366872,0.7457105755822615
2377,0.027019349858164787,0.9457745138075833,0.7979626275006255,0.9312418524841106
2378,0.08040528744459152,0.6010280623369515,0.3197627426261058,0.6103460900818577
2379,0.15115931630134583,0.6975622652322904,0.5183201656858201,0.6363001634339643
238,0.37410497665405273,0.5958102212079112,0.768414778250255,0.49094023167070994
2380,0.042162809520959854,0.8248273338843373,0.6499380391469273,0.8962147937098985
2381,0.04896601289510727,0.9183826779117136,0.8779791641500682,0.9198605183268369
2382,0.1279701590538025,0.6996636987109177,0.5654494186995244,0.7843515069354791
2383,0.01666143909096718,0.9417913137614412,0.8395929172767148,0.9282029314890862
2384,0.12357591092586517,0.6068986559204811,0.11397464195432418,0.5008775218606831
2385,0.05159877985715866,0.8716541859082558,0.7486910451602691,0.9203304297727846
2386,0.04317294806241989,0.8508280782806594,0.6777027708757858,0.8877022455612611
2387,0.06487641483545303,0.5410123121502789,0.048826009579298536,0.3808421547947299
2388,0.07213639467954636,0.8165377376077849,0.7504722425372277,0.779594006598576
2391,0.08572208881378174,0.8742509888735108,0.7157735206026233,0.8622378590997972
2393,0.0855954959988594,0.6457857447905523,0.5496463702130796,0.6387846070809035
2394,0.03550845757126808,0.9280254569370248,0.8725398077732704,0.9354101461730813
2395,0.1062396839261055,0.8708740860949425,0.7573797759223403,0.8269358310987212
2396,0.03055243380367756,0.798987403415979,0.48223634354336575,0.8756010939899908
2397,0.08404229581356049,0.743936144706329,0.5341316988566805,0.60261863247059
2398,0.037587594240903854,0.8009557139616734,0.4693758091995404,0.8508302829441139
2399,0.02299749292433262,0.8908605116426778,0.8051512639731173,0.9250844429201475
24,0.07352426648139954,0.640933274070247,0.24074725406675632,0.6923754314095729
240,0.09373591840267181,0.8048292018312624,0.727924978344616,0.8143399582574329
2400,0.058844007551670074,0.7625274881241095,0.6825795884413944,0.8130558248538585
2401,0.05706086382269859,0.5677386866442916,0.3286409156633155,0.5379354739227977
2402,0.07306384295225143,0.814754786752533,0.7479000425281092,0.8573363807239341
2403,0.06835968792438507,0.661898346622994,0.22331761212900253,0.6125338601981649
2404,0.060878366231918335,0.8588130937449654,0.7217749691271332,0.8846221517369852
2405,0.15529364347457886,0.6880269885040615,0.5801403816248992,0.6826891066422183
2406,0.05923941358923912,0.6354119094179893,0.11998461533352324,0.5255597261559835
2408,0.030815917998552322,0.9497548370285662,0.8183401615575797,0.9133373714211521
2409,0.06787997484207153,0.8991545487858701,0.8220190712509978,0.8842033746917064
241,0.03442871943116188,0.47862731381875506,0.011681053297430515,0.6836776852444344
2410,0.12342723459005356,0.7245817694618357,0.7267592382366126,0.7490074955680119
2411,0.377803236246109,0.4931438897697872,0.417715472658917,0.3975647124216227
2412,0.09800652414560318,0.834774952908524,0.5543515038616929,0.836940213802658
2413,0.07001971453428268,0.7595184609874197,0.34617024206236124,0.7384600434001555
2414,0.12718108296394348,0.7788427010913608,0.7678869770506227,0.8207463630537906
2415,0.09398117661476135,0.8087541360567643,0.6988145451425312,0.8664118170824472
2417,0.14346568286418915,0.6121699380921053,0.5588823873106803,0.5824467824667859
2419,0.13141410052776337,0.6866183644907977,0.4273985631695188,0.7490851858028266
242,0.14818434417247772,0.7578683557855268,0.7387621913230331,0.7144596280890629
2420,0.08272705227136612,0.8528037901441575,0.7592641511310144,0.8472379086598001
2422,0.035544153302907944,0.6710632568954137,0.6195131472419859,0.6241221155395887
2423,0.27612993121147156,0.364969855906342,0.04478656646085013,0.2543640264542917
2424,0.08606170862913132,0.8864564880312548,0.639560422557483,0.7389512588473535
2425,0.22477135062217712,0.7489464421667691,0.820525867748736,0.6953854001569763
2426,0.1359780877828598,0.8140048435290022,0.7868722759591024,0.7669267082122859
2428,0.187972754240036,0.40836193417924854,0.0359420553134817,0.25623852156645777
243,0.19125209748744965,0.7219295056329544,0.7957847467391614,0.6825471271868127
2431,0.03168840333819389,0.9008849302793928,0.7229462383786823,0.9180199334647192
2433,0.09377539902925491,0.4597917211096049,0.09127761115877703,0.2752643769213401
2434,0.07981155812740326,0.7724970492441268,0.43715762290569765,0.8040617483202621
2435,0.32501211762428284,0.4123327079995769,0.42375843414895326,0.3724502719305772
2436,0.06358762830495834,0.7064005416209399,0.2946182956541555,0.6904389456564998
2437,0.22279703617095947,0.39072805797875143,0.025797503367134482,0.250581686503887
244,0.10500909388065338,0.6954423507774699,0.5222749093092157,0.8627872328095456
2441,0.12160232663154602,0.706030356114754,0.714013574719965,0.6608052570809689
2442,0.09271948039531708,0.8638861096878964,0.6505014026570338,0.8430278181884417
2445,0.06312793493270874,0.8936496213241909,0.7921091159371754,0.90135054435255
2446,0.16997981071472168,0.6784914211860554,0.7100117194807452,0.6329435151680894
2449,0.5166175961494446,0.2439412716887749,0.03400711802053895,0.2505909819514595
245,0.1199420839548111,0.5035236944751363,0.2899844954620601,0.4858090033137822
2450,0.31620511412620544,0.42700690290373655,0.36601441698528797,0.3565091278274414
2451,0.10961361229419708,0.7003069337544308,0.47608855996740645,0.6687850136710467
2452,0.050499867647886276,0.8797262863246759,0.5875584089510923,0.8498124563895393
2453,0.28966644406318665,0.5857287102411856,0.6362040213732642,0.5087576649983543
2454,0.1799430549144745,0.5098859464475951,0.35455684356457523,0.4343953971198802
2456,0.14229953289031982,0.7204654116426842,0.47053847019621753,0.7471612073594778
2457,0.1688927561044693,0.4192446581078637,0.050116587814068594,0.2577093923555849
2458,0.09515901654958725,0.8427590707736172,0.7024339747010927,0.8553754576068606
2459,0.1489592045545578,0.7247652370077803,0.5148782188422799,0.7410447690124387
2460,0.17027173936367035,0.8351997925579377,0.7403577275489244,0.7360348935174181
2462,0.23457345366477966,0.5432803297739093,0.47189893475856454,0.4239125039135861
2464,0.0353686586022377,0.46830647753837545,0.005863537578694182,0.7593570317554987
2465,0.1498822271823883,0.8716697606937278,0.7440942481547684,0.7665160294408844
2467,0.13873514533042908,0.7958433213940893,0.7524202430160577,0.7309729011106825
2468,0.13435876369476318,0.68200587054972,0.4942294899706417,0.7766197078634514
2469,0.03761766478419304,0.8955900920880254,0.6581352447935506,0.8928298810357493
2470,0.04410920664668083,0.752005292275119,0.43823417123935143,0.8257766321587747
2471,0.35144948959350586,0.6293441676634364,0.7417244384096439,0.5334058194571615
2473,0.13256517052650452,0.8423888197815832,0.757344409198395,0.8084899556947249
2474,0.1117149144411087,0.8700645053641199,0.7779414035331457,0.7747468147150709
2475,0.11165153980255127,0.8312382832696369,0.5355895325616187,0.7426044951345908
2476,0.2635676860809326,0.4712223192636817,0.3540239320839695,0.39637038747207753
2477,0.14529624581336975,0.788968394873048,0.4010582665687141,0.7201195870336965
2478,0.12985651195049286,0.4375379174237361,0.02073990982439774,0.24980569238272643
2479,0.10639529675245285,0.8139880744407169,0.7657751426069318,0.7471140491481545
2480,0.1714114248752594,0.416437800274897,0.019135770688343608,0.2498605239536718
2482,0.15197023749351501,0.6498772206629065,0.5423922813164761,0.5492180842221959
2483,0.06826690584421158,0.8398472441186954,0.8052134660351412,0.8382277526734505
2484,0.05444861203432083,0.8674514457460543,0.5366165090447879,0.8589261674407764
2486,0.11462495476007462,0.7542346725432905,0.7608039211387376,0.7853275010125134
2487,0.15658670663833618,0.7592467436273282,0.43490092705985633,0.7376816060962526
2488,0.22473745048046112,0.5613469195627119,0.5054423208901666,0.46677518053082456
2489,0.20743714272975922,0.6535440431834318,0.5767629709960459,0.5504413182453676
249,0.03409099951386452,0.8908952147377842,0.5386246554715349,0.8566992486144054
2490,0.12529513239860535,0.4887426053062975,0.3723290529462819,0.37781087633291527
2491,0.13481831550598145,0.7544715589711533,0.4297384178989241,0.7508300885111332
2492,0.12792186439037323,0.6842099767781962,0.6098156592995734,0.5673275785867606
2495,0.19317850470542908,0.673828560050479,0.5785840425311726,0.7059702258533331
2496,0.13799406588077545,0.43277812360062207,0.04654728952056152,0.2562066615691898
2497,0.07018820196390152,0.8858804888951576,0.8233809904200431,0.8670567037102922
2498,0.017290836200118065,0.630806408644863,0.633109039408414,0.7828256087712417
25,0.6963765621185303,0.18222931570589054,0.23883233860640554,0.24557442275772848
2500,0.0743081122636795,0.8843697196540662,0.7395208158414392,0.806648459228491
2502,0.11062398552894592,0.8380895991075371,0.6835586661168622,0.775214132743505
2503,0.14762601256370544,0.4536851287840456,0.15164123522063597,0.2963626256938443
2504,0.07493195682764053,0.799155758423053,0.7340834491965141,0.8197440512528178
2506,0.09400949627161026,0.7683069633566167,0.5442279485798154,0.8487652827638332
251,0.17540103197097778,0.4152647212012484,0.03444795837374083,0.2532627802971318
2515,0.1475834995508194,0.800305755546147,0.6720427370393629,0.8052380254594892
2522,0.05944392830133438,0.4724699247223882,0.014716752758760948,0.24974017692700845
2528,0.04954957589507103,0.8997233252200711,0.6228502167964836,0.8766266700689147
253,0.038749344646930695,0.863328763584237,0.7598109010368576,0.9012024536719022
2530,0.02828117273747921,0.9372932653238948,0.838625385001436,0.9101923919643595
2531,0.11710213124752045,0.6741627364214324,0.45640835585044975,0.7555551826358435
2532,0.21688976883888245,0.5882104887531738,0.2383403397504841,0.591255627556787
2533,0.12518933415412903,0.7482720180288264,0.3562842351464785,0.6932417976115286
2534,0.12611378729343414,0.7831982801983004,0.6714428682800709,0.8091557053745132
2535,0.19914019107818604,0.7557592724837903,0.5543054770961315,0.6795616676036139
2536,0.09014537930488586,0.6239675609891638,0.3368610668418631,0.5915209563075265
2539,0.13110190629959106,0.6874676359000973,0.7015850453351822,0.7060091243384764
254,0.29479652643203735,0.3552759481900579,0.022873182222009646,0.2499653501504868
2540,0.13420088589191437,0.7922482621204021,0.7605682114670228,0.785014524372226
2541,0.09476153552532196,0.8828615534733629,0.7791862960731631,0.8471774532913161
2542,0.20151448249816895,0.7390220784006261,0.7933063579837997,0.7167694448949389
2543,0.11511978507041931,0.7313747842619682,0.5571431303136948,0.666773039238713
2544,0.050532016903162,0.8416645580422928,0.5772601355202098,0.8723876919931931
2545,0.07183731347322464,0.8275473856380853,0.5722306676510346,0.8675366772995319
2547,0.04429634287953377,0.8763513216826972,0.7173991841469667,0.8913865690552965
2548,0.2264716476202011,0.6868849288969836,0.758713290400196,0.6702514356967189
2549,0.05055561289191246,0.49479913065684406,0.06145405335874055,0.3969941054410512
255,0.02580842189490795,0.9305285434321638,0.7925363446582174,0.9346528640273212
2550,0.10406192392110825,0.7321872690069573,0.715900339065492,0.7660263523180603
2551,0.163860023021698,0.766357669570936,0.7994716661961107,0.7342595944972305
2552,0.08896459639072418,0.45723801479189624,0.017042983618375442,0.25184452472772034
2553,0.053863804787397385,0.6787583800332582,0.3958304311990339,0.5599699256437696
2554,0.1280023157596588,0.62323812525063,0.2567904739227177,0.5389650704946649
2555,0.08527639508247375,0.8802605922226301,0.831427448121295,0.8600985115877222
2557,0.11003074049949646,0.49044067803180996,0.1427995440175245,0.3685678543245613
2558,0.11130726337432861,0.8660739810988098,0.5604405399757882,0.7895406583342846
2559,0.05440344661474228,0.7817167846790725,0.5023735045891122,0.8506859276199592
256,0.17619073390960693,0.42886445287845837,0.20154782971899565,0.3499347964771711
2560,0.16450603306293488,0.7807302293956553,0.8324924481185009,0.7568967676824898
2561,0.12088235467672348,0.6803824231839464,0.3972037906469753,0.7971052015581958
2562,0.10113447904586792,0.4523260747644118,0.025657640573742473,0.2514011008570899
2564,0.15063168108463287,0.7279277243689156,0.6581713987323564,0.8109302431611918
2565,0.10577728599309921,0.6252269217661077,0.17570098256000238,0.687579874947986
2567,0.06700298935174942,0.8184540366892206,0.6362476551426897,0.7727379933092853
2568,0.016043784096837044,0.9562748153266141,0.7874740588084634,0.9358709821122758
2569,0.1611405313014984,0.8216933711416217,0.6371220305845964,0.7670808612405182
257,0.11530685424804688,0.9119126534067447,0.7771256401658861,0.8274705722202139
2570,0.04845743253827095,0.8530065626273884,0.5401778008730169,0.8723449387523357
2571,0.09970518201589584,0.8587289329639235,0.7914464955839565,0.8149734221409624
2572,0.17326219379901886,0.5684792989895273,0.3206272792853399,0.6860707520814795
2573,0.1924697309732437,0.666271595604502,0.5962292201691607,0.5915940546899716
2574,0.12250708788633347,0.7898516758804288,0.7355507623929647,0.7475413809050803
2575,0.09178903698921204,0.8552415902636261,0.5613949207925878,0.8384670629518809
2577,0.05863947793841362,0.8207897241789106,0.6023880456684915,0.7779862180092075
2579,0.06745841354131699,0.8012421078311996,0.45767407735578514,0.7420876291568919
2581,0.3505293130874634,0.34856222416395727,0.2179139313966499,0.29185486867382676
2582,0.04585285112261772,0.8123697254174704,0.6036935084083231,0.8657026510294508
2585,0.09183772653341293,0.46298865053067806,0.05752141303862624,0.26801231843528184
2586,0.14981122314929962,0.5733612518292102,0.6332146280882981,0.5630899929547826
2587,0.06336326897144318,0.6996339862750749,0.5525701093456392,0.612956075881276
2588,0.05308474600315094,0.7603449412138392,0.5239941241802177,0.8298732157100912
2589,0.17431172728538513,0.5287620089008055,0.4626411213013903,0.4517944813153704
2590,0.16287007927894592,0.681959395578372,0.5200993397832732,0.6150535370632451
2591,0.08125827461481094,0.84571845673341,0.6144014081481814,0.859433097546279
2592,0.02253861539065838,0.6513662100383212,0.6646813562277283,0.7401863734829387
2593,0.06413989514112473,0.8489664795896341,0.6231786911024203,0.8989851611315463
2594,0.13636811077594757,0.5266703343675293,0.1848090582912993,0.648697694666698
2595,0.16814440488815308,0.7920775762520211,0.7916932688692221,0.7629994186531085
2596,0.13410840928554535,0.6199096501157093,0.5477635963269692,0.5515205428651953
2597,0.6974693536758423,0.17229670842692715,0.25734191217890756,0.17871205464402276
2598,0.14433112740516663,0.8095864565186235,0.6208424330402526,0.7458545816171165
26,0.34586647152900696,0.5907143268697825,0.5863362772859495,0.5056360353103819
260,0.03480923920869827,0.4884801765866571,0.06738360973907798,0.2600439468263397
2601,0.040654316544532776,0.8351049797262049,0.6610598902915404,0.8808857714502816
2602,0.2605924904346466,0.458426860898157,0.4694088354523807,0.41249461727664727
2605,0.06259848922491074,0.8030225061553062,0.49725043414664927,0.8444098057922224
2608,0.12995877861976624,0.7937162535804216,0.7768756914239789,0.7431190973018761
2609,0.11706554889678955,0.784946238990487,0.48735096888567486,0.7580738059461378
261,0.2621691823005676,0.39384461944281285,0.168401586261264,0.3271753941816462
2610,0.17949123680591583,0.7863973639613958,0.7408601692796275,0.6909714707621024
2611,0.02147560752928257,0.49044918233423024,0.006510304593471575,0.2510196825067439
2612,0.12570278346538544,0.7948592369557327,0.6989565304364266,0.7860973681966908
2614,0.10239805281162262,0.7884484025091898,0.4214385804601931,0.7429840050937591
2615,0.037567805498838425,0.8284950967704836,0.5463646756755136,0.8879219701531571
2616,0.18888509273529053,0.518854231413287,0.34756053510814683,0.6364607576687435
2617,0.24347583949565887,0.6271764684897715,0.645462554189663,0.6203611511488394
2619,0.05871184915304184,0.5907696887454095,0.1709369809923815,0.5340975467135272
2621,0.08131948113441467,0.668407832851454,0.26519454560883493,0.719015837119121
2622,0.07455043494701385,0.7009515731688308,0.36901168698234665,0.7807522837524903
2623,0.16303664445877075,0.8254299607544511,0.8101797154198774,0.7693937841245659
2624,0.1877071112394333,0.7248145440095572,0.5222978044788948,0.744410105072393
2625,0.11937350779771805,0.7873307120401292,0.5626632671505993,0.712698800344685
2626,0.1645938754081726,0.42085424212129996,0.04211490726669679,0.2562732136041218
2628,0.11146383732557297,0.8155161064014389,0.5338060995449339,0.8266585821780287
263,0.0845087394118309,0.7648201277746356,0.6518466294303854,0.7555281967193443
2630,0.1413913369178772,0.5280373912203864,0.19707338668452595,0.6832142107511434
2631,0.0848739966750145,0.8912182897185934,0.8042815594207997,0.8458363227153536
2633,0.07364513725042343,0.6338121455894596,0.42899668624289866,0.5138222471080044
2634,0.09599802643060684,0.45993138755609925,0.08060488539292318,0.3713634053084983
2636,0.15172259509563446,0.5599421899659567,0.13591115239329263,0.6111480312874037
2637,0.16333861649036407,0.6885495321115942,0.6425617769441246,0.5819897607847833
2638,0.1912641078233719,0.7895542418346868,0.8177252136538216,0.7269654358009994
2639,0.14795821905136108,0.788850073571632,0.7396189191809673,0.7834700678303592
264,0.013025952503085136,0.5106174855272205,0.017475497169912164,0.3141131992605909
2640,0.07206107676029205,0.5108576142361823,0.1302738877678384,0.4334161203510299
2641,0.18750625848770142,0.7452603868924262,0.8027313307587313,0.7058674612693757
2643,0.5651228427886963,0.22156190537834458,0.05232532362994068,0.2541629648597499
2645,0.06900995969772339,0.5895266562120656,0.19897454460542696,0.432107384963049
2646,0.14825506508350372,0.7001558108907469,0.5959583005509274,0.5694750811028694
2647,0.15415124595165253,0.7772028308579642,0.7320610256804218,0.751515290465459
2648,0.0638420581817627,0.6727977188836418,0.27823456853288564,0.7522821156778343
2649,0.1427672803401947,0.8042927864255086,0.6680712115822574,0.7123170189423984
2650,0.12181300669908524,0.703594742780548,0.4524302027217182,0.7606105803905112
2651,0.045875903218984604,0.6967520707991852,0.466029381052421,0.8261960278069775
2652,0.22794991731643677,0.38820428149413855,0.04102050607373617,0.25619719580057443
2653,0.14404886960983276,0.42396829271034236,0.03722765727148695,0.303569615434259
2655,0.13971318304538727,0.5306034923813316,0.3471718085725081,0.6528403622800041
2656,0.07747992873191833,0.871157539340186,0.7403590353761036,0.8261523646088398
2657,0.07852450013160706,0.7830020109526897,0.6188770514390538,0.7854422529955402
2658,0.13691329956054688,0.6462378189093652,0.675511195985995,0.6448317473346501
2659,0.13547948002815247,0.8141495058658572,0.7554436901563568,0.7803516997609818
2660,0.3434010148048401,0.32572769539155805,0.0845873173648741,0.2754490002916944
2661,0.12695349752902985,0.7114982038142602,0.3193976846518818,0.6848199934801741
2662,0.35332363843917847,0.3271308766919202,0.05251690600273443,0.25769832087895184
2663,0.11045116186141968,0.48456795124254703,0.188930827424866,0.33954272426898013
2664,0.14637979865074158,0.5048148232276141,0.32100405354709943,0.41711755335388867
2665,0.1646832972764969,0.794714962400661,0.7507202650035839,0.7374949255030414
2666,0.14432133734226227,0.7717180109788515,0.6685061850159442,0.7458043833771614
2667,0.11013402044773102,0.8127339868993495,0.7482405909001818,0.7579783286382283
2668,0.05191584676504135,0.680830251650412,0.24569463016696416,0.6050161997850574
2669,0.18130001425743103,0.5711167522745209,0.32341744880032586,0.7093159326985622
2670,0.3064693510532379,0.34941154472363317,0.04052263305850868,0.25394840193602497
2673,0.13802027702331543,0.4317050839170502,0.070303720783444,0.3287328946587457
2674,0.10422548651695251,0.7327731363245502,0.2896280731740963,0.6703385885883376
2675,0.04020577296614647,0.794407774442229,0.7302782919918885,0.8611081638413253
2676,0.15119467675685883,0.4538957399454081,0.16710524584755596,0.3549070602156258
2678,0.6155352592468262,0.33874728267548815,0.6610743885426599,0.2209950524707206
2679,0.27017444372177124,0.5714253221923806,0.5731431054307873,0.4724848147093289
2680,0.05274688079953194,0.9178058401204943,0.7017084186618613,0.8986491777009891
2681,0.2888236343860626,0.3576886633277288,0.02329218482008831,0.2516697695219513
2682,0.14283572137355804,0.8054967103051214,0.47596661820854674,0.7413795874358182
2683,0.15899400413036346,0.7631244238968345,0.7472137261594654,0.7484310547303219
2684,0.22005990147590637,0.6740317156942441,0.4589985212624717,0.6797126921654326
2685,0.3425811529159546,0.3856549219078814,0.34663658381197393,0.33532775977858625
2686,0.10719241946935654,0.9087571556033138,0.8102786835162544,0.8423628694156633
2687,0.20072481036186218,0.5548413383437423,0.4912659343003116,0.5396601665035465
2688,0.12558484077453613,0.6158250811066495,0.30192987003136584,0.7615914440007938
2689,0.19998511672019958,0.7337153407410596,0.7473353998120773,0.696997370945147
2690,0.11308057606220245,0.7879160400447729,0.5146340425633341,0.7519520333936186
2691,0.05943751707673073,0.4725926224241415,0.016875181521337265,0.2552756777098514
2692,0.06752428412437439,0.889988427414248,0.8674674363072274,0.8806855594105245
2693,0.06543049216270447,0.6821509853181733,0.47179201702102486,0.5132100194946922
2694,0.05083669349551201,0.9141837988778152,0.7677342697665458,0.8866495428489581
2695,0.174621120095253,0.7050354574737434,0.38468350929199563,0.6775186551229356
2696,0.18455281853675842,0.4181097504474437,0.10399076028867292,0.2960400815254053
2697,0.2054763287305832,0.6516790254331064,0.5846173983234285,0.5659489474493529
2698,0.0671551525592804,0.625635476182562,0.18726025760473897,0.6680993782351905
2699,0.4372246265411377,0.35498956124636216,0.3328214961320029,0.31110168125352955
2700,0.12717536091804504,0.5925668613226884,0.20930143037249266,0.6695948640202527
2701,0.13414400815963745,0.8340829600829034,0.6914945263693689,0.7904321934873458
2702,0.07779084146022797,0.7274162924613183,0.31924371771332266,0.5934137606531378
2703,0.07506802678108215,0.8949216466137748,0.7422909142404001,0.7973344958966655
2705,0.07886802405118942,0.7914216308397535,0.7599435408719987,0.8113943256116258
2707,0.09058452397584915,0.8010540594418885,0.6769589888152243,0.8690011032433689
2708,0.08057009428739548,0.8989339051075889,0.8966858713662271,0.8660685620609275
2709,0.0770246684551239,0.7915235072608394,0.7160861612821959,0.845222983291659
2710,0.0995127484202385,0.5375947240219203,0.5036512621183546,0.584056305119831
2712,0.06301207840442657,0.7656697913504791,0.7044003894270846,0.7662261063230082
2713,0.19571521878242493,0.6800690985171421,0.7052920252208357,0.6376714303721938
2715,0.06555008888244629,0.5402670329334616,0.30083882362196995,0.40797631367565007
2716,0.0828162208199501,0.7099444555996567,0.5578257809892331,0.7796940180918646
2719,0.04547256976366043,0.722133176923297,0.36384574019924526,0.7503208903770785
2720,0.31462129950523376,0.4110053557220271,0.43316274211267514,0.3733505883005038
2721,0.29689672589302063,0.5200869796241443,0.5919405626500646,0.4816200493485386
2722,0.04001270979642868,0.8406513689166433,0.47289961533413155,0.8302789660298209
2724,0.09320316463708878,0.7740434365478626,0.7267585373996002,0.7613889675914474
2725,0.06193118914961815,0.7032411045409988,0.29633500408203095,0.580652148790918
2727,0.0683216080069542,0.7713032616557634,0.3722836022874166,0.7466612409420363
2728,0.11958375573158264,0.789968939612676,0.5017738019168866,0.6901300759983856
273,0.17065289616584778,0.838191405147634,0.623132128122794,0.714256267803388
2730,0.034986287355422974,0.7128106325222461,0.49805725108472915,0.7554186414967082
2731,0.11616633087396622,0.7867595562184171,0.4623887573501113,0.7560558928123077
2732,0.04750272259116173,0.6915146340308185,0.7187609400692103,0.7923789061110497
2733,0.12454524636268616,0.5590854652508387,0.49523326716128196,0.4973306618153521
2734,0.07309369742870331,0.7072798653302137,0.3592786826063188,0.8175464240091113
2735,0.014082889072597027,0.5857816803422589,0.4728847030173402,0.5512476591284098
2736,0.2046133279800415,0.713135019607261,0.7259908520234087,0.6855600535525205
2737,0.03271134942770004,0.7890886881503346,0.6591141692967295,0.8175494846014548
2738,0.02894849143922329,0.48322184433561516,0.051696871844661485,0.505599324911144
2740,0.11887630820274353,0.46647776114626344,0.26185091870925625,0.3419721094737439
2741,0.16293662786483765,0.4200468926442015,0.09225661974598005,0.4025578947298044
2742,0.1230977475643158,0.5375115447606779,0.475371244882356,0.43934199455187417
2744,0.04574321582913399,0.6747676049884864,0.28408826263305614,0.7939521307933838
2745,0.017014915123581886,0.9519310145233906,0.8432511091031835,0.9424131043057317
2746,0.0993683859705925,0.4242281874315173,0.001189094218727109,0.8697127018443312
2748,0.12576322257518768,0.6663345880672831,0.611065957576178,0.6572004006973462
2749,0.0566510446369648,0.6397821828162462,0.5178135966070283,0.7270206249081119
2750,0.028099769726395607,0.5878890980838407,0.20984943197502695,0.663532712393633
2752,0.046318862587213516,0.8938283013463892,0.773091644559032,0.8958407252915779
2754,0.07596313953399658,0.5513398664348549,0.16819561524371532,0.6938353681331568
2755,0.07431045174598694,0.7071076218714859,0.4666902708047683,0.8230730991165989
2757,0.13069182634353638,0.6893175860471541,0.6898665567287305,0.6967166238096367
2758,0.05285761505365372,0.6346007118683478,0.24693020105035304,0.6046688423755546
2761,0.03975140303373337,0.8016476834837195,0.6035183776662107,0.865532647923087
2763,0.017591914162039757,0.8914967923728254,0.7857910563103522,0.8972053207687644
2764,0.030355537310242653,0.8285500221382306,0.5087869929431883,0.8158817697455714
2765,0.13464578986167908,0.7291805831658348,0.7268087778082868,0.7083866243515162
2766,0.07954300194978714,0.860760807048536,0.7296303315015555,0.8176371533526218
2767,0.05764508619904518,0.47310602842471766,0.013727510347692486,0.2500025066853343
2770,0.06107586249709129,0.7301509755502048,0.4154930026098605,0.8436288197047708
2771,0.10971814393997192,0.7219330647165134,0.5816797030123575,0.6203974002399307
2772,0.041811853647232056,0.7608085809429486,0.7001284184681271,0.8843288492802314
2774,0.06515190005302429,0.5931921654216137,0.49440045897854024,0.584999330452415
2777,0.14445462822914124,0.6408844004748447,0.6072627539223681,0.5720013501867582
2778,0.06935001909732819,0.8491548535653013,0.8159661704051459,0.8926820645071808
278,0.006696774158626795,0.8962016088569571,0.7163958101752848,0.9205464993696046
2780,0.03467973694205284,0.8786629689739747,0.6288501913021841,0.9142684764717461
2782,0.011229020543396473,0.9006809390078248,0.5784703825507096,0.8444677731080168
2784,0.13349036872386932,0.4465622255608542,0.14973344659586857,0.29508332737885545
2786,0.5476160049438477,0.2631752415713779,0.30233313237015336,0.27151947595105763
2788,0.3061537742614746,0.41706555669816725,0.3793199473929814,0.36179003570256085
2789,0.04397473484277725,0.6874980278382263,0.39856678282414076,0.81020517019991
279,0.14718098938465118,0.8108714088363875,0.783259827272001,0.7539021863433133
2790,0.05985819548368454,0.9169631985684674,0.8631850812041161,0.8809994618120873
2795,0.10143810510635376,0.8240117217726699,0.6579762029591537,0.7780548519465624
2796,0.07779910415410995,0.8786047333486569,0.7108302700946149,0.8704260409264624
2797,0.06081657111644745,0.4714224752368478,0.013899104640720104,0.2507231798521661
2798,0.08896239101886749,0.7620915210884356,0.7305018521044799,0.738629621494327
2803,0.03407151252031326,0.8888563435483021,0.6252351552215336,0.8515224068777396
2804,0.05074424296617508,0.8163468161399311,0.6321719860607399,0.9050561938225299
2805,0.02989841252565384,0.8165857991174401,0.4300622220968787,0.850128913190087
2806,0.05625252053141594,0.8412240127698812,0.7907348706040522,0.8085185803618506
2807,0.06130904704332352,0.7612885825001261,0.5717841630739335,0.8841948920382106
2808,0.2126053124666214,0.6297902454663598,0.4660265179890658,0.5599936109656848
281,0.12899087369441986,0.79364590872642,0.7051159765197774,0.7717640419748224
2810,0.04558335244655609,0.7695503447959817,0.34548266364482405,0.7492157642648036
2811,0.14726455509662628,0.6785396365566213,0.4982847988245087,0.6865792503819648
2812,0.02153780125081539,0.7020578964957291,0.3758487211793735,0.8632743439926939
2816,0.06327911466360092,0.930227666535362,0.8553831569040542,0.840772474312576
2817,0.15624231100082397,0.7746935525453645,0.8022883132340836,0.7553247750917842
2820,0.08010376989841461,0.86263223789297,0.6569648871916954,0.8174546465980603
2821,0.1813439130783081,0.6966068986524552,0.713968881140761,0.642221339495027
2822,0.04301460459828377,0.8210180905039168,0.6475834588453678,0.8291917318704127
2823,0.010626152157783508,0.5022700424827214,0.008883446440536008,0.37771250361136643
2825,0.013425293378531933,0.9588119007864364,0.7136485958041292,0.9104792413012148
2826,0.058130234479904175,0.7963051254384419,0.6255169303157256,0.7668013909964614
2828,0.0318329744040966,0.6834580522905367,0.5586629302244616,0.7079636501217341
283,0.026686586439609528,0.950561637955943,0.8732954324453884,0.9354130984020205
2830,0.05304403230547905,0.857675466411332,0.6831613033610688,0.8311815672689948
2831,0.024565458297729492,0.6680114346358617,0.21033812656600245,0.71646349832387
2834,0.07964029908180237,0.5308374519739947,0.14212593179296434,0.722016289612804
2835,0.11896152049303055,0.7898192171795777,0.5406317286944481,0.8216420092278242
2840,0.01655646227300167,0.4946565724635294,0.01597807419041427,0.25789484421114195
2841,0.13126832246780396,0.7662371771930658,0.7773782865586584,0.7859096233398223
2843,0.027287987992167473,0.8019109699351104,0.6366020946481428,0.871207548179259
2844,0.21715113520622253,0.6588427982656302,0.5438469357401265,0.6849301986188948
2847,0.11692150682210922,0.706155003980917,0.28653917319703087,0.7254102254012412
2849,0.031077610328793526,0.7188276608209783,0.5228589312115002,0.7235151827408813
285,0.2145879864692688,0.5371269419221812,0.4321366162377861,0.4233103319072424
2850,0.05668141320347786,0.6960509340707779,0.7567253059602379,0.7524399994286863
2851,0.07830403000116348,0.7882271408674291,0.4587417060208725,0.8012707735059421
2853,0.06139025092124939,0.9150429733755218,0.728369054483249,0.8527337020012449
2854,0.14411133527755737,0.772149595724344,0.6466447895120855,0.7475886381126953
2856,0.053548842668533325,0.8574638029256929,0.7751600677490567,0.8235708457699482
2857,0.130963534116745,0.5391192245762566,0.4448286888495962,0.4303699025121466
2858,0.1361938714981079,0.5997053900549583,0.5188049965256586,0.48127076659679113
2859,0.04474862664937973,0.6858788974511266,0.3133750202612396,0.7678358522617099
2860,0.13642340898513794,0.6239596879661493,0.7055012831370822,0.6789224971771307
2861,0.06940776109695435,0.9345125846477516,0.8200572703874028,0.8805869111379084
2862,0.0807613655924797,0.7181889188373995,0.5878994083089996,0.8615703298070568
2864,0.02207889035344124,0.9105953621067375,0.753097210361584,0.9370735219532749
2865,0.06584993749856949,0.7367342954575998,0.6771019083859889,0.7678821433650999
2866,0.0388357937335968,0.8805521778612524,0.7804853035711808,0.8975680499850995
2867,0.1181337907910347,0.605087525695558,0.3689002903620805,0.6604087767112222
2868,0.09807022660970688,0.836957838417244,0.8041920645183023,0.7750716902459109
2869,0.050132691860198975,0.7960260929518599,0.4862366019226328,0.8431143843383192
2871,0.09228888154029846,0.6767912362967269,0.24930844861738233,0.68076068842848
2872,0.10202508419752121,0.6042724652487916,0.5349794795723454,0.6361787503845842
2874,0.09011228382587433,0.7730816439417956,0.3799664610078677,0.752734300931389
2876,0.08045370131731033,0.8347628638026767,0.6344993376718081,0.8706663346681816
2879,0.11283311247825623,0.5415002600017379,0.3188912281267729,0.4390345693530753
288,0.05801936611533165,0.8402402023549125,0.8003897125965845,0.8647959910019838
2886,0.1350032240152359,0.5438023537298136,0.2504582555680496,0.7341454180700036
2888,0.06374857574701309,0.4529895212515987,0.02007528683553093,0.7281751964541257
2889,0.2124255746603012,0.5865235675304143,0.5931963846651945,0.5411642180456333
289,0.21351522207260132,0.39710860608116116,0.06072538540953345,0.26200269490637573
2892,0.14498907327651978,0.5704822129763472,0.22221007662277495,0.7464175066934249
2893,0.05441059544682503,0.7569142333875372,0.3264269957905168,0.7217245099497841
2899,0.017009351402521133,0.5571639002302821,0.15442123393506496,0.5014503819645371
29,0.06162896379828453,0.9066122589743851,0.6165238857047082,0.834707038050539
290,0.28195077180862427,0.36585891630011136,0.09070230313915291,0.2662830111404977
2900,0.287384957075119,0.35835512982545237,0.030359069025026223,0.25052367913160334
2902,0.08074921369552612,0.635670988504866,0.2556771109088197,0.6938735895268617
2903,0.1860302984714508,0.6931648124180531,0.73915645153386,0.6908014757134251
2906,0.06987981498241425,0.7346129461751931,0.6373306537455458,0.686916175610322
2908,0.0499945729970932,0.8657810119347468,0.6434548554958138,0.8727458777661342
2909,0.0774231031537056,0.760739248355941,0.3813622492932196,0.7970134970036957
2910,0.13791312277317047,0.7689977378834807,0.729544174403179,0.7692840257971701
2912,0.2808523178100586,0.47181437030014295,0.4579282442539079,0.422087097285432
2914,0.19209226965904236,0.6496412416171949,0.34057244144424037,0.6672042940735711
2918,0.08608667552471161,0.9029719006053075,0.7677863025104293,0.8629097500842751
2920,0.06451019644737244,0.525372897387691,0.3247215462320244,0.4551748888293597
2921,0.14974407851696014,0.7063294182429043,0.471539496661384,0.6986551166119022
2924,0.11541083455085754,0.8238159365136887,0.6167494855134644,0.8174824290508238
2926,0.13202954828739166,0.7105260353562156,0.6829995994099065,0.6739175420605309
2930,0.05847298726439476,0.8003934983842174,0.7371661865107175,0.8676208135010857
2932,0.17645099759101868,0.7305961743114795,0.540477064886432,0.7485994473500224
2934,0.13768257200717926,0.846479963845518,0.8028755503637869,0.8225157337649485
2938,0.025549734011292458,0.8729047198030432,0.5988540182406642,0.8880906154361246
2939,0.7787071466445923,0.12523656915546774,0.1425703323952396,0.2264508564875594
294,0.18960005044937134,0.6173190716379091,0.5761820848998095,0.5389445124068338
2940,0.07095400989055634,0.6440549844591603,0.19863515006607563,0.7046545917430326
2941,0.09315155446529388,0.7451956591605121,0.4529895408703631,0.7697461691773828
2943,0.23783931136131287,0.4519460275532464,0.3944344901825345,0.3946704460171299
2945,0.2075256109237671,0.6797240899172619,0.7287099877958234,0.6518212947310281
2947,0.2080850750207901,0.3981322198546761,0.02927265767442862,0.25399337980757974
2948,0.07805152982473373,0.8480605173638398,0.6625315677258253,0.8664047256952995
295,0.21441665291786194,0.3962103643763974,0.0418453440631133,0.25443875757626433
2953,0.11378289014101028,0.6668939860951082,0.3664732937153525,0.758990532999592
2957,0.08614704757928848,0.6059431025565354,0.5275366299984631,0.5706447840085025
2960,0.041210662573575974,0.8884495921409596,0.8291032710981315,0.905612309413102
2962,0.18762251734733582,0.7313315234927062,0.7267456586229031,0.6670288121439976
2964,0.0668325275182724,0.8944968849814384,0.8757241495609506,0.8632835553317844
2966,0.12385017424821854,0.6923962569382202,0.6472027828793329,0.6172021986042571
2969,0.04027550667524338,0.8877580484805085,0.6149656175094766,0.8998686896424647
297,0.17489567399024963,0.702822047979502,0.7631303943671689,0.6993565993472372
2970,0.039174098521471024,0.48109577954598076,0.022606852369840634,0.5061679783870259
2971,0.14163261651992798,0.5405470346379226,0.5242327105409587,0.4602395438166611
2972,0.12712158262729645,0.7887064345906328,0.8019683606030902,0.7715465840075824
2975,0.1723141223192215,0.5783821853542032,0.5968550712395728,0.5050118110308136
2976,0.1554758995771408,0.6198037604872577,0.5537136602735543,0.5102289504344265
2977,0.06965979188680649,0.5990112048718096,0.3355692625243806,0.8112364772586865
2979,0.17458413541316986,0.47199270450322345,0.16113123751354197,0.5310212557985998
2984,0.15042437613010406,0.8592945694060798,0.7000206439491619,0.7964768623304423
2985,0.05774863436818123,0.795842958397798,0.6248512796488846,0.8724218293771817
2987,0.0463876947760582,0.4602932562237153,0.004030914996978221,0.7300218237830204
2989,0.09499768167734146,0.49395052510401166,0.0759518744421762,0.507776510559965
299,0.05319531634449959,0.9298262674612985,0.6946762004869786,0.8959195982493301
2990,0.16005344688892365,0.7045380590149245,0.6216244696697334,0.7714698724035318
2993,0.1592027246952057,0.6922795973139928,0.6496854721339147,0.7087878418507682
2994,0.028125952929258347,0.6305488889345136,0.12817693049181977,0.565544297490341
2995,0.13391444087028503,0.657611206523524,0.3003623806771605,0.6764232455088073
3,0.1295488029718399,0.7438253336281466,0.5948872563471709,0.7430774452035893
30,0.10301857441663742,0.8678071979181512,0.8301983525426854,0.8210705327339817
300,0.10948662459850311,0.544844750382864,0.4005626051571004,0.43160075642088847
3001,0.051548462361097336,0.9342737881251068,0.8300024418854612,0.9193696022792194
3003,0.10679086297750473,0.7846147074152419,0.6868311388153243,0.774861363215015
3004,0.13652685284614563,0.7014545720103953,0.7182484969307957,0.7252876612591079
3005,0.02876889333128929,0.4836452117297921,0.006633536360228771,0.36848790220418914
3006,0.19123680889606476,0.40616500176823633,0.016166664384951037,0.25087418855207144
3010,0.035464733839035034,0.641156192949622,0.5502595167615398,0.8533268623206784
3012,0.8806766271591187,0.08301534524101196,0.32629830038891344,0.07696059170659415
3016,0.04828290268778801,0.5111077611140622,0.25069211579201056,0.3623839298419794
3019,0.0671173557639122,0.8089115092009764,0.6633534590234759,0.87831026333063
3020,0.044402826577425,0.462840973103407,0.004622449701988596,0.6981113370365849
3022,0.1113847866654396,0.8715572791628359,0.6568974364852073,0.7899390160397085
3023,0.13531607389450073,0.7746750950859418,0.4294281618975767,0.72440504286597
3024,0.10736903548240662,0.6891008111464658,0.5946497857021729,0.5664663718763274
3025,0.06108221411705017,0.9214732804623432,0.821549426406564,0.8929466622538538
3027,0.013461236841976643,0.9355651760270935,0.7817148617725053,0.941585032748889
3030,0.155705988407135,0.4504167039232715,0.16914764376421357,0.5733320264228773
3034,0.01672588288784027,0.5096272340249524,0.03262124213723081,0.2720850625310387
3035,0.06157296523451805,0.48376465000152297,0.0312458435501623,0.45232683018140574
3040,0.14347746968269348,0.721134497662395,0.6940325209331359,0.7067291364684557
3041,0.07064176350831985,0.8800411561584349,0.7768231049988386,0.8967897186273119
3042,0.011985236778855324,0.84184717049082,0.6330951190659931,0.9320488647329702
3044,0.008128096349537373,0.9357130034279356,0.7452800379178458,0.9116621315904285
3045,0.044767338782548904,0.7580336081243113,0.4929797243787386,0.8609703362067873
3047,0.4741721451282501,0.4014685786890224,0.5108797535237654,0.3254189506653071
3049,0.01868368312716484,0.731995943192759,0.6547585680493901,0.7003406193601633
305,0.05649017170071602,0.547755018087529,0.23979598102739344,0.37897724158877527
3050,0.20768694579601288,0.3993564960225366,0.05102963954559929,0.26020822839742375
3052,0.06560889631509781,0.7340261617380628,0.4706068937592594,0.8152248124047674
3053,0.16088011860847473,0.6997442577812956,0.6760680886580405,0.6155811527198345
3054,0.0663919448852539,0.852826171651746,0.6800330704446561,0.82285867363935
3055,0.08146350085735321,0.8525665027782219,0.7423454680798799,0.8685396111844588
306,0.06435972452163696,0.7272336028467582,0.4944997090084946,0.736152240141812
3061,0.023069901391863823,0.8525289953083306,0.6437729057533638,0.9048977559532092
3062,0.15343253314495087,0.8054252970517657,0.7151269732853458,0.7819717606554846
3063,0.05257724970579147,0.6843804702467435,0.23551627144080128,0.7314109173290929
3066,0.022887244820594788,0.9548340347978574,0.759406210749677,0.9198491518943952
3070,0.09140186756849289,0.7452040250964289,0.5403034049066628,0.8319141692490943
3072,0.11331541836261749,0.4942667817588154,0.2223226634438609,0.3727292424355862
3073,0.07012694329023361,0.6600209927231083,0.5831394493760397,0.7298983956506128
3074,0.020824262872338295,0.9416917043288386,0.7548156007078516,0.9374962033141466
3079,0.026013027876615524,0.7767440186489494,0.28830371879792077,0.7744306033468988
3080,0.029034599661827087,0.6924136929484535,0.5241951508774318,0.7239265026215663
3081,0.09543383121490479,0.8582537220636606,0.7656397151052067,0.8533782941348871
3084,0.027826650068163872,0.5021223651574309,0.08219051420076873,0.28840688061127795
3085,0.10472552478313446,0.7138621837747916,0.3252506084878917,0.7281596490230313
3086,0.19049327075481415,0.5297245853810013,0.3273541234135128,0.5339678676921072
3089,0.05654085427522659,0.8614117663528249,0.8418029048730239,0.8207523954777938
309,0.1445101648569107,0.8771422856845505,0.8741997770437954,0.8029387690659556
3090,0.4100673198699951,0.5162577023798359,0.697280267517646,0.4433946976879178
3092,0.13824279606342316,0.6110149368815542,0.2098855416358093,0.6846940773727894
3094,0.35367628931999207,0.4222151965645341,0.2560369127523225,0.37161676006435707
3095,0.1647205799818039,0.5561858837650357,0.465841722917281,0.49323570325652444
3096,0.07486999779939651,0.8813102443369675,0.8047184316245057,0.8798976944430336
3097,0.274861603975296,0.6354184277103192,0.7590347747081715,0.608003735436019
310,0.1756400316953659,0.6763819879844908,0.7116218200132203,0.7313995263857209
3102,0.06893902271986008,0.7750285594647452,0.50121475369481,0.8644508955579153
3103,0.2571808397769928,0.5496031422823704,0.5686687862976886,0.5137065557831706
3105,0.11043734103441238,0.808395224191885,0.5885010130874014,0.8337671024436399
3114,0.11285089701414108,0.7827494343815122,0.5493554215652809,0.7920792891385657
3115,0.27668946981430054,0.5179326534894058,0.49758918990580636,0.5367734648858333
3116,0.11828336864709854,0.6310638925422624,0.2958475353299517,0.7028615419108533
3118,0.07165174931287766,0.5136386387459141,0.23361865443632351,0.33420445537509635
3119,0.11290690302848816,0.7420373417428017,0.7320416758466252,0.7025561843012285
312,0.17557644844055176,0.4152977294786061,0.04646908002403042,0.25770767342218226
3120,0.08694827556610107,0.8456791758726412,0.6773328650264603,0.8287583778246679
3121,0.054995208978652954,0.844916704396152,0.4663760359103513,0.7631217143521603
3122,0.1991778165102005,0.6464958257550524,0.5473682105393356,0.6763746837571432
3123,0.05453729256987572,0.6196052436449515,0.17485531426403247,0.6301730312662215
3124,0.05579102784395218,0.47537104503762095,0.03304503452399565,0.2561442067909513
3125,0.060163091868162155,0.8847808093290398,0.7477316331699041,0.8111530684043242
3126,0.1795763075351715,0.46311723617949374,0.34600178382829616,0.39232147208169077
3127,0.2124870866537094,0.626428003694322,0.44991162178646044,0.5428548936804483
3128,0.17875245213508606,0.7103858339831837,0.3132024602084349,0.648524054012642
3129,0.104593925178051,0.8058708395211436,0.5056904162579544,0.8017363019638895
313,0.026238244026899338,0.8896330427092596,0.6541049042169512,0.8953482392946357
3130,0.039071258157491684,0.5411486464801114,0.16734390216620415,0.325968258210739
3131,0.09569216519594193,0.6727941653612101,0.40543938679434205,0.7994051955204855
3132,0.046977151185274124,0.48913009391955,0.04336813621641157,0.27829856907817263
3134,0.11247441917657852,0.5955205835318342,0.18163322202009152,0.630937497856359
3135,0.09736356139183044,0.725477148017087,0.48957570286988467,0.7888808361314696
3136,0.08529414236545563,0.7756048741114989,0.6721161550756486,0.8094826837940856
3137,0.058591701090335846,0.8874814037348162,0.6755170957808315,0.8862987595303955
3138,0.057221945375204086,0.7953222687705731,0.4468873188385607,0.7776000818535398
3139,0.06949669867753983,0.6876640391068713,0.26486314347338724,0.696062306623523
3140,0.06809577345848083,0.7435659864605793,0.6084377258907436,0.6169983409722393
3142,0.12834927439689636,0.6455875982484511,0.28366648943873984,0.7393186351509428
3143,0.12581206858158112,0.7945692446206769,0.7310329880373475,0.7060493813235864
3145,0.10005884617567062,0.6730485777856009,0.28862445492328176,0.6701962964106205
3146,0.09925062954425812,0.7977932228533544,0.7223168418983484,0.8403032945125767
3147,0.16651953756809235,0.7691094838313204,0.7288947693941484,0.7081670080299947
3148,0.21838678419589996,0.6068170265688226,0.5131942678785184,0.5798552768282732
315,0.17584116756916046,0.5369615240305591,0.5971435353967615,0.5120679582873559
3150,0.3106965720653534,0.37990532523647597,0.21624352521977921,0.30844745607669527
3152,0.04165074974298477,0.850785086796338,0.6332671116690375,0.8592914538096481
3153,0.05084463953971863,0.8942547358491986,0.7289500869844958,0.8629847964788417
3154,0.060463983565568924,0.8124581285902044,0.5675031333273656,0.7122607793193321
3155,0.09392469376325607,0.6242444318803281,0.48670824992217454,0.6437863557620702
3156,0.11938004195690155,0.8080152902704936,0.5945230908063658,0.7449408332154639
3157,0.07702556997537613,0.7060808543651421,0.5368184631739897,0.7258859503035962
3158,0.06623276323080063,0.6422526090739579,0.3215234542753887,0.7974525179568827
3159,0.06890074908733368,0.7369254770915418,0.3523112984772065,0.7552555614171397
3160,0.0865163803100586,0.7361345499859536,0.39428967673168897,0.7948991469930572
3161,0.08934399485588074,0.8401989916328652,0.8389047849070183,0.8440059791113865
3162,0.06310775130987167,0.7203239011170235,0.3895929575348892,0.7593574755385368
3163,0.03140047937631607,0.9369903001593645,0.8437771569441802,0.9150896538716756
3164,0.22428488731384277,0.5874492047831904,0.6213330033649543,0.5247685224765346
3165,0.16660994291305542,0.5539919222703175,0.31417196542783304,0.5504219994385673
3166,0.11343993991613388,0.672099549360761,0.26105290894488864,0.717150508475833
3167,0.24721525609493256,0.48324997544951226,0.4653326851673807,0.45959727990417115
3168,0.10677039623260498,0.8397607651226572,0.7269120029959141,0.8319991628164511
3169,0.10610780119895935,0.7590724682448408,0.6679243433321137,0.7782015691191899
317,0.12726017832756042,0.7134995504977516,0.5370642489776724,0.6846549515023205
3170,0.0562758706510067,0.46343907892050235,0.024624996534777496,0.45075549628759837
3171,0.13039705157279968,0.6980975734873287,0.46117774029361247,0.7824647034286379
3172,0.12555637955665588,0.4833222855871451,0.3232695702038227,0.38381231537201305
3173,0.2501087188720703,0.49431572765744075,0.5723344308183241,0.47630514771491095
3174,0.03123564086854458,0.9287197345371397,0.7531075223035273,0.897041181001413
3176,0.101664237678051,0.7604422566052457,0.4959463158763628,0.8359127591981178
3177,0.1435866355895996,0.7977107464695607,0.7607090498295652,0.7551526406278568
3178,0.13448210060596466,0.5356281609432643,0.24776796017655842,0.5639842975184232
318,0.03405562415719032,0.631147509095501,0.441762844664575,0.7702728093612438
3180,0.16949167847633362,0.5032847506408841,0.4238234388600538,0.4133977273321213
3181,0.10798036307096481,0.4525896471062264,0.08795462208015241,0.2754409052140666
3182,0.09737536311149597,0.8108577398672732,0.5198625041974917,0.7933936879126382
3183,0.1586572229862213,0.6387004726729416,0.19849566899851329,0.6129561731316726
3184,0.19605368375778198,0.5927311302406439,0.5456126221900869,0.608045296987429
3185,0.0835970863699913,0.8152981091116975,0.6468806953792476,0.760401754283319
3186,0.09605897217988968,0.65743476935569,0.31745468878959715,0.6007769221914677
3187,0.11812620609998703,0.4450065412004913,0.03208622557848145,0.2605210996008205
3188,0.033313628286123276,0.9053449415964635,0.8240112645574589,0.9146022720460891
3189,0.32134386897087097,0.5228948451296436,0.5588887875504519,0.4903310681432066
319,0.056495554745197296,0.8031381708272273,0.7480741364514202,0.7785116596903505
3190,0.10400205105543137,0.7606322033259081,0.4225651457993443,0.6808894812882198
3192,0.09005174040794373,0.8108071157168996,0.5194988976213416,0.8259439619385817
3193,0.03604938089847565,0.7273595871695552,0.3566196424091792,0.7197354720559197
3194,0.15370884537696838,0.6195670229501572,0.6481776563065846,0.5913796474424228
3195,0.18649929761886597,0.7188005377203399,0.6563049747594943,0.6716294639044982
3197,0.20971062779426575,0.47248600078110303,0.42708609977744477,0.40516481550255967
3198,0.15383364260196686,0.4407522896416821,0.14480807245336175,0.29428022060828507
3199,0.03871329128742218,0.7070349627205679,0.31440093964720167,0.5950905352245025
32,0.0924215316772461,0.8391060475983444,0.7463779575406077,0.7931929373256361
320,0.06795814633369446,0.8389258769785342,0.7626221458343697,0.8725483441439822
3200,0.2258100062608719,0.4055617754291721,0.1953145324281153,0.3085644454612062
3201,0.07936697453260422,0.5297487498530543,0.2908361442350743,0.3850434785924507
3203,0.2543635666370392,0.4782345261275294,0.2093843840166924,0.5681088004736478
3205,0.10815785825252533,0.45717917658318674,0.09417146626711557,0.2872585452422419
3206,0.07925443351268768,0.45465918978519043,0.041450098997815245,0.46507106629225153
3207,0.22928258776664734,0.6782472283754193,0.6053910492295277,0.649287876641711
3208,0.016516337171196938,0.4931931783485274,0.006017109891268627,0.25447087143363956
3209,0.03807033225893974,0.6650227625294594,0.4457779131688639,0.8491431096076463
321,0.13846507668495178,0.8334709011140402,0.7410763810278018,0.7367576666044995
3210,0.05660156533122063,0.5403868393252456,0.13744768723602957,0.5783354377897277
3211,0.021865952759981155,0.909423102136858,0.6789435185796887,0.9118977096267957
3213,0.18457460403442383,0.7274391046752686,0.7639104995126726,0.67800517506321
3214,0.21626152098178864,0.6013383139843549,0.5694624424411233,0.5916351365245157
3215,0.01986272633075714,0.49136097471373225,0.008377295087247154,0.25253494821404043
3216,0.10659922659397125,0.6675516031532637,0.5139767711325868,0.670560731107153
3217,0.11404717713594437,0.7933060838212233,0.5598661421262222,0.8324872933257843
3219,0.07574146240949631,0.7758224503030362,0.44278337686143354,0.7952459515726508
322,0.17381706833839417,0.6067117339342949,0.5598003375227272,0.49617534138122554
3220,0.14416442811489105,0.44227405827182026,0.14171738113546886,0.2883703866991242
3221,0.03422921150922775,0.825667229932061,0.795062847154305,0.8572838360428379
3222,0.040348127484321594,0.7941299161496886,0.6682940526753157,0.8648168599577839
3224,0.0269185621291399,0.6113852945683139,0.4526160597124539,0.7565240975110827
3225,0.22408372163772583,0.68064904574478,0.5341852011308803,0.6387726023033162
3227,0.1002931222319603,0.874611953072459,0.6282343435981075,0.8183298906593701
3229,0.03346199914813042,0.6352292253361207,0.17170408247870772,0.4381115227664223
323,0.016652757301926613,0.755547840968124,0.49756193978455265,0.8218160677575603
3231,0.028023477643728256,0.9070935736621308,0.7246373068521833,0.9106427659093121
3232,0.16643106937408447,0.5926923453730494,0.4948385950669784,0.6094103088944408
3233,0.22431573271751404,0.586047470206835,0.5425735257028266,0.5825329156093745
3234,0.13693955540657043,0.7116819220162277,0.3368741935489991,0.7353490441378843
3235,0.13734111189842224,0.470808984491609,0.2951710201979985,0.3508560228725309
3236,0.40195050835609436,0.44001621586709583,0.47271139250154115,0.3927896917685247
3239,0.1693754941225052,0.6807732993736672,0.6314416331993892,0.6191822234944074
324,0.12122469395399094,0.6572988878182524,0.6155600867053578,0.8125031810722597
3240,0.11659517884254456,0.7761116268889745,0.7609003329242495,0.7508223099617897
3241,0.05303378403186798,0.7278730951228116,0.615781964253405,0.8016254172513837
3242,0.08233191817998886,0.8218052526726765,0.5619669882153191,0.8284852611816078
3243,0.3714279234409332,0.4899163216452367,0.4605066623003028,0.414511453541362
3244,0.10393881797790527,0.4988568203204741,0.3274781952031214,0.3692786549274988
3245,0.018535736948251724,0.4975916031462304,0.021459419937187616,0.27968323724660676
3246,0.12746459245681763,0.6730413972022871,0.5061558600662127,0.65910960430075
3247,0.3303162753582001,0.33206543051759735,0.07236846372916735,0.2914246576164312
3248,0.05474846065044403,0.8400415619891026,0.41999237697722636,0.7313475622110713
3249,0.061313893646001816,0.7018941497785353,0.5642889431078308,0.8497490264222815
3250,0.08178873360157013,0.8132404938403062,0.533186846494351,0.8384646923697263
3251,0.06205974891781807,0.8667655157515688,0.5852019977058345,0.8327752948499106
3252,0.21026365458965302,0.48242582914478555,0.3911918365450313,0.4263904375912344
3253,0.26107847690582275,0.4232167479643629,0.346372832353529,0.3720579759039834
3254,0.146027073264122,0.8247894882502955,0.8372470349662354,0.7833019851495081
3255,0.19534212350845337,0.7212147910365403,0.5663924527029405,0.6195832457215261
3257,0.03300626948475838,0.9155918998373431,0.7310426482259005,0.9096118275385724
3258,0.10479742288589478,0.7511583738882512,0.6483070671268061,0.6774225234615769
3259,0.017954910174012184,0.7697952579075601,0.575682913649059,0.876382916901713
326,0.11927571147680283,0.8309353565244942,0.681391327273441,0.7746511897390532
3261,0.05921933799982071,0.938696470083149,0.8456612345855662,0.9028599744704416
3262,0.07130199670791626,0.8500748069568644,0.5812718306130258,0.798137368012431
3263,0.16170847415924072,0.749331334894856,0.5346580483242975,0.7052532692789636
3264,0.15314823389053345,0.6979854952464228,0.3561872110191721,0.6785637156095432
3265,0.42594408988952637,0.29529532820029814,0.11192849859329793,0.26463047585030247
3266,0.23513147234916687,0.6153925471702487,0.6889299735895117,0.6012965213561149
3267,0.017103351652622223,0.5801984319338038,0.059813030578682515,0.3317758520185542
3269,0.06756775081157684,0.6494694860691275,0.39384897878111286,0.8301176111450804
327,0.03766944631934166,0.9427715528861633,0.830144634168511,0.9004987628395437
3271,0.049881044775247574,0.8750250531848711,0.7876704740010377,0.8627416554190217
3272,0.07578608393669128,0.6302161623831737,0.37910283678014434,0.4558044845906525
3273,0.06944826245307922,0.8904241955994778,0.7158776441820764,0.8782392664553922
3274,0.10507580637931824,0.6458481544882897,0.2700984562044126,0.733520047301204
3276,0.11907424032688141,0.6131360972665567,0.34361519791311074,0.7173693053535632
3277,0.2255692034959793,0.4350331776030389,0.33223001369413835,0.36448889693469805
3278,0.04339637607336044,0.5389088745907278,0.37467894621058717,0.4101476847049459
3279,0.017993709072470665,0.5128691488809706,0.029442711303601682,0.26224144291803864
3280,0.26790764927864075,0.37345455783233555,0.1163615574033664,0.27594576309528485
3281,0.06120359152555466,0.6492690658289413,0.27743155026922317,0.8026712033541905
3282,0.09483134001493454,0.7909784826566368,0.5253407106424626,0.8068364040989497
3283,0.11456061899662018,0.7714000872448565,0.6438682549345722,0.7541713027713239
3284,0.3351591229438782,0.5276110913287958,0.5551873345228034,0.49079923452383634
3285,0.41373273730278015,0.42979885075221,0.4868872163124918,0.3680663518566893
3286,0.09424091875553131,0.45630215473327534,0.06798531387567923,0.2669562802949905
3287,0.21780072152614594,0.4572504743229501,0.20177454006549392,0.5648683089063298
3289,0.09592345356941223,0.7212202660073392,0.3794344681276237,0.7552077840537124
329,0.20660294592380524,0.44207219499243156,0.35195136353357,0.3628778062366378
3290,0.060547761619091034,0.7764302537979018,0.5047014512298245,0.8800388620280064
3291,0.15549975633621216,0.7792494767236459,0.695524394689933,0.714306142975704
3292,0.109293133020401,0.7478661606649628,0.4242960434102757,0.7726633602094812
3293,0.03018709272146225,0.494517859493064,0.006705623898751838,0.32578068076386796
3294,0.0786423310637474,0.5496286239946386,0.1343045953959704,0.6099717066319322
3295,0.11733123660087585,0.5182151601385381,0.06720150768171185,0.4138918106763435
3296,0.22477270662784576,0.5136796958964642,0.4530704357823785,0.4233311884034673
3297,0.0592210628092289,0.47472147214137467,0.010870580646765372,0.5488711442917724
3299,0.19978806376457214,0.5872956975668921,0.5388833735749915,0.6248517717110873
330,0.3628748059272766,0.32147594169427557,0.03874188814286503,0.2553685379244068
3300,0.03961990028619766,0.8325031852843408,0.5489127401896529,0.8310613580730212
3301,0.025218158960342407,0.4916074559360069,0.024556757241679338,0.25931459269314483
3302,0.033590007573366165,0.8506797456806725,0.46588139129705625,0.7997546586141444
3303,0.05691182240843773,0.7156443445637002,0.3189353106824205,0.6928055108976648
3304,0.10489346832036972,0.802547806060413,0.7375238822957095,0.7836486432173485
3305,0.03868035599589348,0.8559734470312976,0.6344134522612798,0.8365037579754582
3306,0.3199889361858368,0.35121344869260346,0.1514973934790083,0.2825644907703609
3307,0.32087308168411255,0.523668750177753,0.47976674072986686,0.4400715958108585
3308,0.04545905441045761,0.483536376344776,0.042136696050529415,0.26789053513540306
3309,0.04226639121770859,0.8769354812937352,0.666508607605698,0.8859780430875188
3310,0.07879902422428131,0.8327148049275795,0.782019127253153,0.8731602637411318
3311,0.13044437766075134,0.5567322432615555,0.4717699412710895,0.49680655493818315
3312,0.12517312169075012,0.5733261256278872,0.2532955504070193,0.7361812994578124
3313,0.04407288134098053,0.852620704443789,0.36869813296736875,0.6459532585053505
3314,0.07381905615329742,0.8765616051659668,0.7579047878577071,0.8632862314508725
3315,0.2190827876329422,0.48746371555310347,0.432241827218118,0.42844455517681207
3316,0.056798454374074936,0.788619962696101,0.42463316023806646,0.8049987758004588
3318,0.2979262173175812,0.501638809423401,0.5610308652539788,0.5150701025846265
3319,0.2510215640068054,0.5557572561371432,0.5438333710688521,0.5194977025278393
332,0.233610138297081,0.7812259109132678,0.7824754053823144,0.6769002731272523
3320,0.12041573226451874,0.6920857056877405,0.3019907470352418,0.7061638885184999
3321,0.019649159163236618,0.9182991849385781,0.759754293651425,0.9440448031173225
3322,0.05486801266670227,0.8565233204866807,0.6240268828109907,0.8721312322612353
3325,0.0628969743847847,0.5192444327529544,0.0992901973508781,0.4937259649740198
3326,0.07285937666893005,0.849204770477596,0.6297971406830146,0.8352953848575603
3327,0.05819585546851158,0.8713490758417664,0.7948460867196692,0.8479362586701225
3328,0.024526329711079597,0.7444266677776532,0.3628148925744388,0.6699072801610841
3329,0.06374618411064148,0.9071704221800463,0.8412260827696411,0.8323030438293451
3330,0.31279614567756653,0.5346225617280849,0.5981242504343012,0.4707742813866126
3331,0.10513197630643845,0.690620678314851,0.3136403818443699,0.6824904486873264
3332,0.05755535885691643,0.7353350331990087,0.6574867566791952,0.7809479052725617
3333,0.19683781266212463,0.4815116856911026,0.1224605954731731,0.5944259245202788
3334,0.041561007499694824,0.8182692367143064,0.4406032218760733,0.8401414032240224
3335,0.09687819331884384,0.8543476123004288,0.6107049444813083,0.8161059121678274
3336,0.05807192623615265,0.845324731255858,0.6433813003265724,0.8247829822145694
3337,0.05255921185016632,0.4979741864788226,0.06057891874468336,0.4157246112568441
3338,0.04721666872501373,0.5675525607673659,0.0746503145751241,0.34356105882041255
334,0.13771596550941467,0.6933287490278935,0.4960989074854078,0.5610036040270745
3340,0.16311344504356384,0.43454089124293277,0.11211394144112485,0.28220047533321324
3341,0.0441095232963562,0.6877334492973819,0.45218114507983925,0.5979693855748879
3342,0.08557197451591492,0.6047438653340342,0.6087630539482323,0.6209891730218471
3343,0.07892554998397827,0.7932712806119595,0.6736866872457257,0.7364195669465646
3344,0.01723974011838436,0.7621516252193375,0.6500224653051412,0.7770767949501264
3345,0.045280370861291885,0.854001949775425,0.7749241010707429,0.8740281646143808
3346,0.11948306858539581,0.6619655805965619,0.6791038800715373,0.7021263325036787
3347,0.06317290663719177,0.7962261143154439,0.43850246710450996,0.7935427576145602
3348,0.024480992928147316,0.8608891334889077,0.6738814352311595,0.8995049597566929
3349,0.08922489732503891,0.7698823996043067,0.646536619637467,0.8646569408520738
3350,0.07755834609270096,0.6240641328079405,0.4105123327830505,0.7071187559337806
3351,0.02263251505792141,0.8541987615529774,0.7540432975589652,0.9195005518883657
3352,0.02437790110707283,0.5448468517569341,0.19431007984626517,0.8578953751901105
3353,0.4260382354259491,0.4734185029460391,0.5386849355039697,0.38206676775991505
3354,0.025709403678774834,0.7365602681131648,0.19129055875234396,0.6739667444563542
3355,0.008520194329321384,0.7880620254384534,0.5406359742375416,0.9187620523181139
3356,0.3950980603694916,0.46100986541321587,0.5500959335260682,0.45395851005267057
3357,0.052526332437992096,0.6292219237962686,0.22599324597953463,0.8225038876709252
3358,0.05555166304111481,0.5148999997086923,0.06503833195910282,0.5323639825778778
3359,0.054104290902614594,0.8229885783005617,0.6475186030129686,0.8284457158691471
3360,0.0627642348408699,0.6665880774897479,0.6687903287912182,0.6982367510914782
3361,0.05758975073695183,0.4692793315253853,0.011212380708163671,0.5694472814638154
3362,0.0478566437959671,0.7301328308195515,0.39517520952927443,0.7390681645700647
3363,0.13644492626190186,0.5765405404458597,0.5799579880889756,0.5245636244041838
3364,0.07693293690681458,0.8535281569994422,0.7673633152309627,0.8351587246159806
3365,0.0723797157406807,0.8497777625301823,0.6868925773277356,0.8754342540130245
3366,0.11024119704961777,0.7957844605866287,0.7863477745791669,0.7876502484551846
3367,0.028919894248247147,0.4760479614074896,0.005876788262163008,0.4292836218256422
3368,0.06765788048505783,0.8374095025293584,0.7403143992345673,0.8682277463835137
3369,0.05009811744093895,0.7364148020215803,0.24851468591137457,0.6786222135752371
3371,0.15522980690002441,0.42391801913950744,0.0007947210951311578,0.3231821534311443
3372,0.15862250328063965,0.6040307759184543,0.6792571122972881,0.6084224522152031
3374,0.03311624377965927,0.8962493448295926,0.814119372391659,0.9144316799679908
3376,0.1522635817527771,0.6475820874453417,0.7387762551179461,0.6704609356589881
3379,0.13107509911060333,0.6036400955352519,0.621420976304796,0.6119816284544427
338,0.04152936115860939,0.7745563154078112,0.4045837701361678,0.8828864075456941
3382,0.08951214700937271,0.7643121333872018,0.5468467394641264,0.859099070271479
3384,0.1079089418053627,0.5999489661097961,0.5802944573494733,0.5200704122835517
3386,0.01732196845114231,0.7521796810291581,0.5799676298276326,0.8829092118843861
3387,0.12655434012413025,0.7455726983011806,0.6840080728131406,0.7776880255712044
3390,0.09479522705078125,0.5942488744107565,0.1693628479541949,0.6349391322740319
3391,0.12570840120315552,0.8724261901133169,0.7219262034747048,0.7868351706188996
3392,0.06396766006946564,0.7817540932102127,0.6722582968560891,0.8413692093490475
3393,0.18648603558540344,0.5466258185164259,0.5006925544313046,0.46662967232460956
3395,0.02813216671347618,0.863856349309511,0.6800759510365332,0.8988076445316714
3396,0.04342909902334213,0.6262994801199278,0.6216716630621816,0.7167953795064184
3397,0.1052856594324112,0.8106521157525944,0.736901465741652,0.8109498189371132
3398,0.05366262421011925,0.7289228672409578,0.7416441152154778,0.7380040310666391
3399,0.10922040790319443,0.6987876087408018,0.3257232821634728,0.7456678641082507
34,0.1354827582836151,0.7812371348452736,0.4728325175032966,0.6582413292649413
340,0.35396480560302734,0.3515494174489618,0.25888903189186385,0.3087060403197023
3400,0.016996674239635468,0.770653497647164,0.3659940866441468,0.7881671081485513
3401,0.05644110590219498,0.5694806747148389,0.29776891877544176,0.6540223187335573
3402,0.3245508074760437,0.4375785369359586,0.43237041049556035,0.4093089998471444
3403,0.030836196616292,0.8291769562720336,0.6306309312662346,0.9083799712132783
3405,0.056915782392024994,0.7120077822873778,0.7092863093582406,0.7221133651168384
3406,0.09996255487203598,0.8362538919810973,0.7255716641838303,0.8543911475996202
3408,0.026102684438228607,0.8774533888786371,0.750644628584846,0.9046856545044786
3409,0.13696542382240295,0.5440577650729709,0.1488599234096981,0.5909287201822567
3410,0.12979963421821594,0.7823914130092706,0.4793353156798992,0.7836580410516941
3411,0.1916060596704483,0.6296194567125721,0.6747604323099553,0.6383645359624348
3412,0.14273101091384888,0.5564035424031635,0.47697723889492927,0.607688808074394
3413,0.11348488181829453,0.5028416972838664,0.09272668304380968,0.5470178119762351
3414,0.06451695412397385,0.6864037541427019,0.7130139371515113,0.7171214121505505
3415,0.03931393101811409,0.8758183528994246,0.5727937573443035,0.8829111692874503
3416,0.10196996480226517,0.7242545467324378,0.583152905065476,0.822086596826741
3418,0.16602161526679993,0.5728377050886958,0.6239730871370923,0.5321208351903265
3420,0.03250449523329735,0.6469812745597452,0.2599037794212936,0.7559343159259618
3421,0.10049793124198914,0.6884897939817827,0.7170699842802319,0.6733532900214693
3422,0.06667394936084747,0.664482251917252,0.46771711558134005,0.5422611423307712
3423,0.06821436434984207,0.8424958899419446,0.7499222784947208,0.8722127817130736
3424,0.09920759499073029,0.6591762006042312,0.713718222233693,0.6763683581581093
3425,0.15269501507282257,0.702223021656303,0.3577557657091212,0.6784900906611855
3426,0.024433888494968414,0.5362909267433958,0.05977697259129597,0.3371167069029182
3427,0.01251645851880312,0.6985911182259281,0.45013234411168307,0.8701278032989401
3428,0.12300024926662445,0.6678910792095223,0.5680209553719254,0.5999695862642392
3430,0.10055886954069138,0.7771917517532113,0.8198317808034407,0.7985770104014177
3431,0.1458059847354889,0.6816119078089837,0.45527970493042785,0.7952687998857595
3432,0.12323439121246338,0.45046978980101277,0.08660417163733188,0.27472637626378094
3433,0.015231478027999401,0.9199287937686299,0.7027742731053012,0.88369837101715
3434,0.025446323677897453,0.9000409664078346,0.5987696629467975,0.9111663283761037
3435,0.0417596660554409,0.6233873643369666,0.11310454979566577,0.48838996763439685
3436,0.14276652038097382,0.821315973106913,0.765265573468022,0.7738321047963693
3437,0.18879146873950958,0.7759250093914692,0.7615716022977801,0.7195841799721637
3438,0.06537795811891556,0.7745891242442737,0.6975264966340152,0.7876535157791147
3439,0.03689209744334221,0.8294376930813454,0.6555255732999491,0.9065178019475376
344,0.014657227322459221,0.8182265013176395,0.34083915847960217,0.853824578038872
3440,0.1184973418712616,0.6417581635002836,0.491999166741592,0.6722819616153404
3441,0.07407446950674057,0.9056819728839903,0.855310576171196,0.8515076774435639
3442,0.057851072400808334,0.8534409783775216,0.6052124951029613,0.8774030705128832
3444,0.1131996139883995,0.501939034628706,0.08698258958612741,0.44245080103658585
3445,0.10273675620555878,0.6487526508793372,0.5853959954954631,0.681228850873615
3446,0.2463901787996292,0.38242246169319705,0.09251823347226991,0.2744091319067559
3447,0.039747871458530426,0.5775441403450982,0.09505758070042584,0.6223302979082885
3449,0.021497126668691635,0.7151322090725868,0.4780480177820424,0.9265891621736924
3450,0.03481220826506615,0.5385699581262392,0.09834409389431073,0.5776472269475448
3451,0.08426866680383682,0.4616497002522937,0.10703626995714408,0.2786161573844337
3453,0.009071100503206253,0.8329789824198326,0.5263588290886311,0.9412207085121694
3454,0.1091177761554718,0.644942820214832,0.6353629035305659,0.6524216294656107
3456,0.10302569717168808,0.7753382565216023,0.5577766786119897,0.8427798299414846
3457,0.014037984423339367,0.7434581812266898,0.568558203624943,0.7982499855444866
3458,0.14910845458507538,0.8128791516956386,0.6218094783035251,0.780462536108158
346,0.0934949442744255,0.5856020688798483,0.2622132517476086,0.5008540510561285
3460,0.11816520243883133,0.9019099806314348,0.8173733454560989,0.8196147446311445
3461,0.1673685610294342,0.7691957348668779,0.6281064987133237,0.7352338954354855
3462,0.140618696808815,0.6469720080412076,0.48917175310883737,0.6104505354354739
3463,0.04978726804256439,0.46891170961249423,0.0049750675767400885,0.6497758743587758
3464,0.5956846475601196,0.20634513298470852,0.07261883344230963,0.25393747461755767
3466,0.13642281293869019,0.7044585870873029,0.4975785224800154,0.7757233227225481
3469,0.049340877681970596,0.7715339552086826,0.7318203777381496,0.7618362300450827
347,0.06782130897045135,0.7394160494909938,0.5808953813606021,0.6037770879650353
3470,0.21523839235305786,0.6202574184718888,0.5941226426223389,0.5794325338088948
3471,0.2235388606786728,0.5531465983069979,0.3390867556261978,0.6499354485905773
3472,0.23523777723312378,0.4382285147857795,0.3423165609986735,0.3576547752874085
3476,0.13743416965007782,0.4939060197349717,0.4173005681931539,0.41157170447436664
3478,0.019413160160183907,0.672597384836419,0.5766565744271646,0.5781317810444702
3479,0.03438037633895874,0.7347019299338302,0.47558357252078437,0.9066658451256411
3482,0.06471581012010574,0.719567447414962,0.5846807018228433,0.6956318593880326
3483,0.10694535821676254,0.4694820198532075,0.04144158323064285,0.5697637697270402
3484,0.0638614222407341,0.7747558391141238,0.36626180710379413,0.742209116106104
3485,0.02704443596303463,0.5209521664295723,0.04945245183088245,0.3915897744002181
3486,0.03768612816929817,0.7450809655394488,0.4270909041414503,0.8134181121492344
3487,0.07507326453924179,0.8581823229233887,0.7784979403895048,0.8404253790143691
3488,0.07600235193967819,0.6943083046116367,0.6472959789432184,0.5853309900517878
3489,0.16382147371768951,0.6880594979750689,0.779219116901552,0.7279006742023953
349,0.08199492841959,0.8139382592593596,0.7524174954861509,0.7561746016559968
3490,0.11337413638830185,0.6776131404783297,0.43169605912774156,0.7856381682969968
3491,0.08015428483486176,0.8013796795907098,0.5602157470363175,0.8341121389324244
3492,0.12043411284685135,0.6687775254632906,0.6638436261340948,0.674354835058038
3493,0.03713560476899147,0.8634752426889329,0.7623677838278752,0.8712041461191585
3494,0.1327451467514038,0.6826697701527245,0.704514193697717,0.654625349288167
3495,0.12357502430677414,0.5710429369139144,0.3951189866719481,0.4722958530739545
35,0.333931028842926,0.4074122506489428,0.34850314659878673,0.35420627347043726
3500,0.019763195887207985,0.7987038792195608,0.4501092371149271,0.8269498891263928
3504,0.21838226914405823,0.6775997189295788,0.6941752026047681,0.6453313121604098
3505,0.03349274396896362,0.7074057699460718,0.6606965128900415,0.706984679735501
3506,0.10391469299793243,0.7675567334384372,0.6283943043272947,0.7587347983343998
3509,0.0725819543004036,0.6940236804109532,0.2920732126411626,0.7292663430744986
3510,0.07403750717639923,0.7975267416151608,0.778690732752521,0.7891703795290608
3511,0.02968849241733551,0.7114002793574717,0.7366946565004713,0.7623299034014663
3512,0.1575191617012024,0.5852575561078148,0.6418930282729898,0.6217809573495745
3513,0.08526542037725449,0.5616444449574023,0.48928025113616275,0.4569092148395463
3515,0.02215549536049366,0.6869847262550519,0.2118773113610737,0.728461940315869
3518,0.10047458112239838,0.7026185942998266,0.5528728176204918,0.6743702734070331
3519,0.07212164252996445,0.5944158981251926,0.2434952645641284,0.46503365846473643
352,0.22900208830833435,0.6219734536470012,0.5874470313215854,0.5334350656797145
3520,0.05489771440625191,0.6477923920379628,0.24557517987283844,0.6470425807571067
3522,0.055418215692043304,0.8894124624232156,0.6561033626361401,0.9026387491926315
3523,0.05439423769712448,0.7539806086370826,0.3155997525346861,0.7426183469292644
3525,0.10105108469724655,0.7918066387065501,0.7670818466482693,0.8193196232062923
3527,0.07290486246347427,0.6713322128076655,0.576818178471995,0.628760951861286
3529,0.021569710224866867,0.8241443178821681,0.49213051488674625,0.7712536083113313
353,0.05147773399949074,0.9061532119098377,0.7745771296540711,0.8616270470907728
3531,0.06035148352384567,0.8273727761384495,0.5436460210689281,0.8592725220474479
3532,0.07773425430059433,0.7016931692260956,0.470825724439867,0.8293456317344193
3533,0.10582174360752106,0.8486858788398844,0.66690184332464,0.8356311736242136
3534,0.06396420300006866,0.5654984667476912,0.13989492373856555,0.4846887009231758
3535,0.010160981677472591,0.6889320665212642,0.3829797220505813,0.8745781741950066
3536,0.24589800834655762,0.39748989917700106,0.019523027694732537,0.29152825026453233
3537,0.058395810425281525,0.6108501715617893,0.06984842765353341,0.6726439372170401
3540,0.022333666682243347,0.8298172111025011,0.48748631742872855,0.8750895339304482
3543,0.022072287276387215,0.5251948088106918,0.11375536289395914,0.31358094612635923
3544,0.09975359588861465,0.6440800112966688,0.5791286497519254,0.6267883636045732
3545,0.009265313856303692,0.9078343319755968,0.7857591452948619,0.9408936831082689
3546,0.06677435338497162,0.8417814453114705,0.6060429725870776,0.872091425182196
3547,0.07178892940282822,0.601519784858295,0.1184545284902117,0.6259487520464809
3548,0.056387051939964294,0.49533984176289425,0.10520639365531764,0.35083543759028113
3549,0.011378755792975426,0.49859509427819637,0.00432556637103036,0.25225777658379656
3550,0.036976978182792664,0.4676273364159939,0.001642793475969268,0.4052502259579553
3551,0.1225200667977333,0.6517118302528987,0.2797528607652958,0.6791761018778953
3552,0.07215400785207748,0.7834488093539262,0.762284287755014,0.7962554762401303
3553,0.04161464795470238,0.7732658199881518,0.31525747717302055,0.7714155165787471
3554,0.06385156512260437,0.5901542579770069,0.1512058763102343,0.5701124243380373
3557,0.02304982952773571,0.932822177509018,0.7432583222819995,0.9097088466947063
3559,0.00441163731738925,0.7228618504022348,0.23585487422773313,0.543217529743951
3560,0.1259656548500061,0.7787242868976963,0.7782417446181249,0.7632859629264526
3561,0.02426552213728428,0.88531087722726,0.8348338516183355,0.8706824742820577
3562,0.10696278512477875,0.5607324738911845,0.13462694837647216,0.5972601213215382
3563,0.05476146563887596,0.8534482495790144,0.643038957834183,0.8919914537639426
3564,0.19293153285980225,0.5217645947442612,0.09540928024740636,0.4469761802415974
3565,0.03303402662277222,0.8013860658193285,0.5720331260947343,0.8383266651790158
3567,0.02880680002272129,0.8247635045559676,0.6441139636353578,0.8846500385780535
3568,0.010139169171452522,0.6848230492669343,0.36374678505991315,0.6063151640720763
3569,0.03312455117702484,0.6982125760094009,0.6868876825342315,0.8132203317108166
3570,0.04855426773428917,0.4893079064291763,0.008038095515625877,0.3852659181228086
3572,0.07148635387420654,0.6876446945763532,0.5201174949713825,0.7625903485782775
3573,0.026775429025292397,0.8851495936248427,0.7574862077982264,0.9075847398163681
3575,0.009690988808870316,0.49861105283794027,0.0039443458363751255,0.2518502525257579
3576,0.008066164329648018,0.8308857287822519,0.4579806997720587,0.8817233354762235
3579,0.10047239065170288,0.7436637444586488,0.6681473855696172,0.7335860275139612
3581,0.017191803082823753,0.5576796256617258,0.04047383896546287,0.5538816664070011
3582,0.10312560200691223,0.7313811120568743,0.48730003464182853,0.8128314170040132
3583,0.10641956329345703,0.5869822433645611,0.1807767137776423,0.7230745026117765
3585,0.08455518633127213,0.6446607565097598,0.6101278253727471,0.6670156372300898
3586,0.05233179032802582,0.8291791842393486,0.6431006950907447,0.8454604230980175
3587,0.1781979203224182,0.5249980298389605,0.3651803208304019,0.47716162696881714
3588,0.07506697624921799,0.7291179431503159,0.5693406850164914,0.7708947511063935
3589,0.05693162605166435,0.5562625541130021,0.045988011310821156,0.5170880948407249
3590,0.02002769522368908,0.920176849046187,0.6676290903966765,0.8633495218969122
3591,0.05072256177663803,0.6590652021800669,0.3073023890157591,0.7367477227042607
3592,0.041969019919633865,0.559267257253865,0.06196999973098399,0.5498270522192262
3593,0.049198176711797714,0.7314958705033555,0.6911342831160351,0.7119202427353521
3594,0.05002933740615845,0.5650714684262111,0.19691947966776105,0.5307535655731999
3595,0.006609576754271984,0.49841809976415863,0.0011992926305254491,0.2512819265909422
3596,0.06308934837579727,0.7055845717513072,0.7379004463456843,0.7659439668418025
3597,0.05003529414534569,0.9028740746715873,0.7358179016263569,0.9145734554853571
3598,0.020221741870045662,0.8487498579986532,0.5901582098253176,0.8600265092181809
3599,0.012387767434120178,0.5022795085546412,0.03386670693236,0.26792505008939216
3600,0.01632227748632431,0.8248174148977425,0.5197422492827872,0.8704283752132945
3601,0.05458935350179672,0.762667957081403,0.6068586994014262,0.883976509371047
3602,0.19814909994602203,0.4030600136420461,0.029524571763637545,0.25374027308136354
3603,0.07548058032989502,0.6664208747846394,0.7216450633781167,0.7591459619407882
3605,0.09816950559616089,0.7489304946689563,0.32224522142419326,0.7173429547234499
3606,0.11407534033060074,0.6466832447258298,0.5695862458686819,0.6570515396795038
3607,0.07292453944683075,0.6805067330106072,0.35633233863728964,0.5615841803972418
3608,0.07733732461929321,0.7758921638594838,0.723013719712278,0.8324584252516785
3609,0.14623454213142395,0.4226436991243919,0.017135106569531967,0.2957990520564409
3610,0.03925640508532524,0.7666350597539566,0.6893416649873294,0.7441456360642777
3611,0.11668587476015091,0.7856794819748416,0.5901447718859618,0.7156607506592894
3613,0.02219999022781849,0.7717285003337953,0.3719411043680845,0.8088310012706563
3614,0.09343533962965012,0.6982108919557077,0.6918303066296658,0.7238972840889929
3617,0.025319986045360565,0.7320895300004413,0.409973300176605,0.8554083219374728
3619,0.04450681060552597,0.8844856181410439,0.727938798567205,0.8717375600383936
3620,0.018790004774928093,0.740279147245392,0.37323998632473543,0.8901189324257717
3622,0.1078096255660057,0.4924113883048058,0.09044700236625106,0.5251175620835782
3625,0.12842059135437012,0.7354381078459576,0.562110698474531,0.7894722798042995
3626,0.037932779639959335,0.7339736223650224,0.4714115022741804,0.6545650841892785
3627,0.14079801738262177,0.7747290893731975,0.6649952608708242,0.7381384232014125
3628,0.4573044776916504,0.3928270068603986,0.4851362404787786,0.3352732498148132
363,0.06087461858987808,0.7825501853402965,0.3691619948971224,0.7853027580051375
3630,0.03225116431713104,0.8110855006607675,0.5385224469124891,0.8769087079721942
3631,0.04692406952381134,0.75681078592238,0.4822260311646908,0.8638811292813302
3632,0.009904352948069572,0.8412380004126447,0.7534212291738721,0.9290076659997972
3633,0.06301577389240265,0.6118390831280871,0.30581030321173175,0.8437844779883557
3634,0.056169621646404266,0.7031651762348337,0.28443933415211964,0.754235730341904
3635,0.08189843595027924,0.51922229534486,0.31859820750588247,0.3841136190098577
3636,0.029144035652279854,0.852050165837674,0.6540958552318717,0.9229779155882757
3637,0.06136222556233406,0.5003911186592912,0.12029062648472365,0.4204877017610159
3638,0.05796365812420845,0.8555777488602446,0.7553059388379896,0.8313460387989919
3639,0.025840654969215393,0.6035008049980184,0.09916231820582586,0.5443123802726928
364,0.07010142505168915,0.46681597441468714,0.014549056078212398,0.2501281828553079
3640,0.05153925344347954,0.866750984149055,0.8019540753710906,0.8353885961356454
3642,0.06019996479153633,0.8245127924923692,0.5123989834748355,0.8548008498652859
3643,0.06827528774738312,0.7675432854350508,0.6799969875414427,0.7618171040549195
3644,0.05264127254486084,0.6712917185256457,0.24457303966484453,0.6582057099961522
3645,0.07269242405891418,0.47214669705384094,0.09110409314888422,0.28076181732955974
3646,0.04898924008011818,0.4760193653626916,0.015780804511746963,0.6251995020520191
3647,0.028855934739112854,0.500273504926839,0.017540218249169046,0.4794333580911937
3648,0.08061270415782928,0.8426769308842406,0.6140970150560398,0.8510162772372837
3649,0.009903713129460812,0.796047059074825,0.6333071364240473,0.8029116222192442
365,0.12225215137004852,0.8073906649632622,0.47642969802076884,0.7873808534137742
3650,0.08887642621994019,0.6301918568206413,0.18547588309810276,0.6081943536105043
3652,0.024212390184402466,0.7219508798258472,0.3363209494176069,0.7836677791068063
3653,0.08490213751792908,0.5988412104480545,0.24291757931598526,0.8050836282412184
3656,0.04701659455895424,0.6029257017298715,0.11179681465378988,0.5947852538270273
3659,0.022387374192476273,0.8910172417785773,0.7460319630137849,0.9294682497207016
366,0.03517575562000275,0.7709583104061148,0.6990214467264296,0.8891012215982157
3660,0.018743520602583885,0.896295992864476,0.5951574440597709,0.9155836969599049
3662,0.05681540071964264,0.7349600959314817,0.6223424905312679,0.8336629916855928
3663,0.07738184928894043,0.8215356714379796,0.4494341626687826,0.6843986832533149
3666,0.09224769473075867,0.603919637359855,0.5758551181393157,0.5283880525471496
3668,0.22624211013317108,0.3906555567675975,0.048308159566704055,0.25871442181763127
3669,0.05549401417374611,0.8514013571817403,0.6342612177233266,0.8952603707182413
367,0.057956814765930176,0.8393297194635508,0.7374747984145839,0.8644645630429227
3671,0.0974251851439476,0.46172774605676725,0.12502673891894853,0.29162059631460907
3674,0.05996664613485336,0.6897918971089708,0.3951573787189864,0.842377808374011
3675,0.04512443393468857,0.8335611876682993,0.4962413739175529,0.8839559773486468
3676,0.06182413175702095,0.8205347755620724,0.46906582524714524,0.8292221127365809
3677,0.013391287997364998,0.9031218472077182,0.7371795651402254,0.9386608359840166
3678,0.02721323072910309,0.6796372335467691,0.48815742315704136,0.5758576460211609
3679,0.08491656184196472,0.6908271378684507,0.2977283569731458,0.575890573576966
3680,0.024562861770391464,0.784122134389091,0.33166221996848183,0.7259072446224418
3682,0.16576074063777924,0.47499040536919135,0.3102334833138945,0.35130690912656015
3684,0.08190158009529114,0.7047583770773098,0.4683061080421769,0.6911973644785276
3686,0.07535413652658463,0.6907183554232295,0.41626953978673165,0.8427985503514082
3687,0.015428026206791401,0.8313782172587733,0.6738929422635196,0.9352308328138106
3688,0.06992001086473465,0.832495628033439,0.7021733152463462,0.8349213655712582
369,0.21525603532791138,0.6576982423954014,0.6499716089923196,0.578196451556529
3690,0.027412012219429016,0.9359348537095546,0.8329284456734584,0.9216676311614628
3692,0.2894594073295593,0.35818386182866824,0.0321962282603429,0.25220902869445744
3693,0.13314224779605865,0.6802123439952011,0.6927524845345495,0.6661694405215426
3694,0.14210933446884155,0.7915044170760037,0.6558272251673103,0.757318893421833
3695,0.1051279604434967,0.7666398106239678,0.5500368704344882,0.789973581270053
3696,0.131489098072052,0.7814357782450544,0.527170306439226,0.7686641230237755
3698,0.03645411878824234,0.8432493828559013,0.6995087295578966,0.9034686592119974
3699,0.002431791741400957,0.49988016354563397,0.0029209255619095263,0.25602830719550596
3701,0.009263667277991772,0.9182389180227024,0.8712310979890845,0.9440369056427831
3702,0.015726588666439056,0.776786927307076,0.5596891035905748,0.8519969867763135
3703,0.055030498653650284,0.8461396090514017,0.517349794158973,0.8377732134051727
3704,0.14399513602256775,0.8684240853481002,0.5756059655128314,0.7510652308213424
3706,0.11319022625684738,0.5735846888384255,0.4949491750702355,0.4571174565845628
3707,0.07412905991077423,0.8260129128472564,0.40714020802658263,0.7419190542668119
3708,0.19425061345100403,0.5727368154009551,0.4996960557051755,0.4839306897701114
3709,0.09698600322008133,0.4529402911573929,0.014824587188164363,0.2517939205494049
371,0.04540535807609558,0.6474490191314057,0.5125366375162944,0.7232171179867071
3710,0.194728821516037,0.522395183227967,0.4407506146597938,0.4268778533366781
3711,0.03325348347425461,0.856723398347423,0.647626085394856,0.9053042788845065
3712,0.017507078126072884,0.9528403179100859,0.8272487690499699,0.9462157645010713
3713,0.03965230658650398,0.9167916235395119,0.7575318921811018,0.9135313130385959
3714,0.03337760642170906,0.739794393267537,0.7439155203512009,0.8243710455734314
3715,0.150800883769989,0.4272859262386278,0.035244702583226775,0.25485169082309456
3716,0.08705508708953857,0.6356637840225917,0.3071636490957879,0.8039353231499935
3717,0.10985434800386429,0.7076058062372501,0.4642354945297607,0.6484475372018965
3719,0.08704929053783417,0.8179534301839037,0.5221279118183527,0.8232030633416192
3720,0.09421020746231079,0.8645459297114574,0.647210009999337,0.7872440443208998
3721,0.032683826982975006,0.8918708941700793,0.6844886010973136,0.9287855136365174
3722,0.0642351359128952,0.7219653313116031,0.5399257850082547,0.8017679412989501
3723,0.0029330607503652573,0.8856288260130047,0.6356084787171402,0.9287380126563243
3724,0.16525357961654663,0.5799184346925993,0.23994980959241247,0.7094106677978338
3726,0.022989360615611076,0.832628493814043,0.6446537975908326,0.9298164453340996
3727,0.005144297610968351,0.9421555263643068,0.8280668707913922,0.9378624327187366
3728,0.2010204941034317,0.43310524363631625,0.26905496958101616,0.3399503668435518
3730,0.21056844294071198,0.39712112850766473,0.022478225210992492,0.25128231185830086
3731,0.3201044201850891,0.34237543558880773,0.02574899046233014,0.2500377254265529
3732,0.24420121312141418,0.3938377440688011,0.14894714623793626,0.2985731941469134
3733,0.30929237604141235,0.34722716068996345,0.02096229446195463,0.2522219025442882
3734,0.22528134286403656,0.5634929494486588,0.477043151819832,0.4773932364304602
3735,0.018090922385454178,0.8203817060088163,0.7794725340781437,0.905133425165482
3738,0.07831497490406036,0.6839859102954257,0.3244979021690574,0.7367383100225713
3739,0.09034673124551773,0.8583518808883852,0.7883978614267859,0.809924832989751
3740,0.033941201865673065,0.9200151215729568,0.8191057504246413,0.9357290422543425
3741,0.06165935471653938,0.7307392660109483,0.6624899744225275,0.804631595973859
3744,0.06569376587867737,0.7359161353558545,0.3778712496183692,0.7875648737491017
3745,0.09493177384138107,0.48605041836309554,0.033194421782172745,0.6596627940587019
3748,0.06337158381938934,0.6858948995897501,0.6432767265773407,0.7365142493041592
3749,0.027914680540561676,0.9002503638287688,0.8093981549018618,0.9327910407695313
3750,0.08009088784456253,0.7640510041274495,0.6431412096289217,0.7350960323651234
3754,0.023040398955345154,0.6910119090484176,0.6322472620250064,0.7327473555401682
3755,0.04473461955785751,0.8576711315455371,0.7174833506822907,0.9095851886762036
3756,0.05429495871067047,0.8113969097909386,0.6563129570721682,0.8798572874714918
3757,0.12164439260959625,0.5675229330232365,0.2128110217708663,0.7591176546118026
3758,0.06840208172798157,0.8351173219369388,0.7045976236957596,0.8699349235662747
3759,0.028824668377637863,0.5986072770857915,0.6597855014515912,0.634422112428489
376,0.03968450799584389,0.5092645525113705,0.20636518058016556,0.3369018264953253
3760,0.22091850638389587,0.6235107875382272,0.578603765145352,0.5548452026591885
3763,0.13505256175994873,0.592501137476341,0.3781026576677583,0.7903109222711429
3764,0.05916595086455345,0.902617576300488,0.8317334882933188,0.8958892493368225
3765,0.25380373001098633,0.3756874442147302,0.04726317626258485,0.2561180615121037
3767,0.10173860937356949,0.7422421241612157,0.7081063643005997,0.6915186186734592
3768,0.10724747180938721,0.6596434027540752,0.42027029609016,0.6048897394615625
3770,0.0557834655046463,0.7851268042791736,0.6832197087887939,0.8258868311626871
3771,0.03509362041950226,0.8368560725505308,0.5604257516811517,0.83842166888613
3773,0.26978757977485657,0.4987525897433728,0.4211705829060524,0.40652115502413744
3774,0.08666114509105682,0.8199022943396512,0.8436248571941608,0.8311807576592067
3775,0.026305070146918297,0.6881320787801641,0.3051823756508731,0.7905922219522944
3777,0.0655393972992897,0.6697031010502069,0.2491948233581674,0.7072337776227187
3778,0.06038474664092064,0.9120052443315141,0.7878805033163048,0.8995070892518335
3779,0.04565813019871712,0.8155269378027175,0.619119729990245,0.8835351487375295
3780,0.03672448918223381,0.8504303325647736,0.600095139493679,0.910646282259474
3781,0.11378094553947449,0.7841994078143417,0.5672663743246859,0.8151549526120073
3782,0.07080157846212387,0.7514212857260818,0.4080333567525982,0.8049170407067185
3783,0.06033116206526756,0.723453445915389,0.5950936089727584,0.7504930576356077
3784,0.08875468373298645,0.696060025684536,0.38615530380856145,0.7983931728480774
3785,0.045919839292764664,0.8689723370316652,0.7739755008465523,0.8272984215529737
3786,0.16239342093467712,0.7039382347769709,0.7051918551508443,0.7062455917948312
3787,0.025568248704075813,0.8858578439976407,0.8038258288073654,0.9051306464435289
3788,0.3297669589519501,0.34145853300140794,0.09229870487263564,0.2648837432190376
3789,0.059358906000852585,0.8100180645848248,0.6169461515104886,0.8761355042797044
379,0.0889531597495079,0.8775324620400382,0.8416632192987089,0.8380818393502312
3790,0.019381916150450706,0.5485021790684174,0.07624491180449568,0.6211122398740228
3791,0.0538371205329895,0.6926204113256584,0.6438536761212902,0.7301775914347803
3792,0.04088965803384781,0.8203830985802134,0.5995314592157098,0.8372422714345602
3793,0.040423955768346786,0.8920783310926628,0.732638341574319,0.8966643065768257
3794,0.06712459772825241,0.7864596956485036,0.644761721731097,0.8655811473892109
3797,0.0514308325946331,0.8561378123984613,0.7197694013368519,0.8675420268947587
3798,0.02985692210495472,0.698263660257157,0.5710924943099746,0.7683773544245188
38,0.07902304828166962,0.8840896256070934,0.7318623080037426,0.8558200468229233
3800,0.072540283203125,0.792629379658532,0.5248926500242614,0.8549974051182341
3801,0.05066193267703056,0.8447619612106168,0.7708845248188853,0.7982327695280167
3802,0.059021010994911194,0.867669538277218,0.7906430420210373,0.8676785952595112
3804,0.03489108383655548,0.7937458242391682,0.6117586157203887,0.9111475533839659
3805,0.11918358504772186,0.7834840681728497,0.7282775373315519,0.7886066376648061
3807,0.02136373706161976,0.7010327395335803,0.5159379858801892,0.886813280704505
3808,0.04459420219063759,0.7424719662895516,0.5967639090910369,0.7760352697994357
3812,0.05161510780453682,0.8529792891746597,0.6607617731819178,0.8548653037994782
3813,0.05477818474173546,0.8413729801268948,0.7010108435994179,0.8521306839991549
3814,0.08734795451164246,0.7214745471054225,0.47435220197887573,0.6799979154719263
3815,0.033666275441646576,0.8645863957558273,0.7640421804868166,0.9201795086905266
3816,0.1635359227657318,0.8111872995584333,0.814747611145862,0.7738486214359337
3817,0.05749353766441345,0.7616677109876715,0.6693260528456618,0.6817271905038801
3818,0.024163682013750076,0.7574559858431895,0.6944842553874593,0.85237490938162
3819,0.12443596124649048,0.8113212894106867,0.5850842700748373,0.7308033317640067
382,0.06709416955709457,0.9090346870679787,0.7950089273174067,0.8783840863081769
3820,0.02551117353141308,0.9485766804556628,0.8306694220743429,0.9398359513040819
3821,0.04157954826951027,0.8188485601264743,0.5978848463623553,0.729728970303545
3822,0.20760011672973633,0.4345171561457881,0.2823344078048814,0.33594445463642786
3823,0.09668519347906113,0.8297239884532476,0.7733346819602387,0.8215641462290063
3825,0.055952731519937515,0.7252049342480857,0.7517506423928254,0.7512594338964369
3827,0.048594798892736435,0.7533380121161617,0.4228116120684929,0.855797656587943
3828,0.009265510365366936,0.8368372443466134,0.73300782070678,0.909447249415231
383,0.036883022636175156,0.9321220840213227,0.7453143012249311,0.9357442194897527
3830,0.05589371547102928,0.8862521451259966,0.8380980586366463,0.9166725547016541
3833,0.0541660338640213,0.8861591419608754,0.7445476983366481,0.8878427069898831
3834,0.038496386259794235,0.7832698671608154,0.6152331727760566,0.8687445039714379
3836,0.030914125964045525,0.818220992624386,0.8404089434428759,0.9027558639260918
3837,0.04050074890255928,0.4842231564950452,0.04555899702926862,0.7110462133421569
3839,0.09434536844491959,0.8545300127016306,0.6936008731070287,0.795664594604402
3840,0.07585065066814423,0.6902740271906043,0.5830144514081658,0.6073969335686356
3841,0.21552681922912598,0.6084237510035153,0.5702404817695964,0.7335773535612502
3842,0.07295382767915726,0.8759015899323156,0.8221910539612444,0.8535335684256478
3843,0.12022862583398819,0.8372437421866005,0.7580064488981845,0.8386186917391654
3844,0.14016380906105042,0.5663962892745164,0.23099580896242242,0.7625328041193437
3845,0.052422937005758286,0.8446161648892391,0.7362924531581337,0.860821976885036
3846,0.06243627145886421,0.7229637395651299,0.4434118881543653,0.8690912656349601
3847,0.01668085716664791,0.8302320903239996,0.7746479732812325,0.9306781123438013
3852,0.08569400012493134,0.8703321127667445,0.8222883737426082,0.8684960316056822
3855,0.09479367733001709,0.7400152022610441,0.4632645642808299,0.8029944817309385
3856,0.09355838596820831,0.6766386513806999,0.2670235802314349,0.7321649593287125
3857,0.09010954946279526,0.696865439106185,0.531038481557185,0.7885935786383602
3858,0.05899127572774887,0.6842545225306195,0.2972655188993349,0.8215061110154878
3861,0.09751317650079727,0.6837995034378104,0.5597557908168013,0.8283873025290107
3863,0.06188143044710159,0.7617316093345987,0.651448655779074,0.7801932228843731
3866,0.09142245352268219,0.6676005373137406,0.4124201111461296,0.8592681220494703
3867,0.05344029515981674,0.9302624181768777,0.8767407857165036,0.8814184365471266
3868,0.048928070813417435,0.8800479220085764,0.7388336057869658,0.9166194383146461
3869,0.14557267725467682,0.7771092318375238,0.799272706121222,0.7795793293928543
387,0.14690643548965454,0.6919396117521386,0.5969783896647377,0.6223487838490273
3870,0.1517621874809265,0.7620046511242355,0.6134024730107289,0.6249309047403714
3871,0.10738806426525116,0.8028329150909262,0.6953228803413563,0.7543670241218927
3872,0.023747028782963753,0.8538518597424178,0.6296079602888616,0.8970582556800428
3874,0.049778301268815994,0.5117820513870982,0.04106698109598129,0.4503988045802505
3875,0.05073385685682297,0.7547558692934517,0.557181382193839,0.8821952210576041
3876,0.027576349675655365,0.7735914729022009,0.46112049161114876,0.8391623962351242
3877,0.07607510685920715,0.7218408959090356,0.6310451016602939,0.7809667991919113
3878,0.02468758635222912,0.7591459231341947,0.6151923834264695,0.8560530294002646
3879,0.058600716292858124,0.7768128621080566,0.6952830730466412,0.8816948620237846
388,0.17586137354373932,0.6610032806649276,0.6616472843305979,0.5966179948191241
3880,0.033794742077589035,0.749836122159402,0.8090800242088013,0.8786020651925006
3881,0.04951683431863785,0.6006830260046234,0.15367782947274627,0.6303686438866585
3882,0.01131036039441824,0.8670826366564587,0.6614916814261381,0.9217143346575065
3883,0.048744574189186096,0.8707004595406589,0.7946291540855528,0.9083998668632594
3886,0.049638520926237106,0.5736230229280612,0.06822098723229926,0.5392086588487994
3887,0.053219277411699295,0.49267612339993316,0.010587949362312254,0.3727925820529711
3888,0.059534456580877304,0.8501456841078676,0.7701725321516081,0.8602440631703107
3889,0.04168223217129707,0.9061193508377895,0.8695093897598314,0.8912872372479651
389,0.15828539431095123,0.6986862608150863,0.5601854676076289,0.5880718398990482
3892,0.3178502321243286,0.34648943880863875,0.09121254530865179,0.26332707755592233
3893,0.05306338891386986,0.8196349112995034,0.7641343685813993,0.8739157871453729
3894,0.16477501392364502,0.7603389241754366,0.5732128714110907,0.7122577855174181
3895,0.060644082725048065,0.7619136047873658,0.5983088115765343,0.8700972215086606
3897,0.0441928431391716,0.7823965025007297,0.3310171006656236,0.775760942850125
390,0.04364410415291786,0.943359256244424,0.8321773071063427,0.9150859203862367
3901,0.17084963619709015,0.6866592045643756,0.5047817865798809,0.6384343640373812
3903,0.1252434104681015,0.778811974493969,0.6112825005302865,0.739745362010246
3905,0.08445023000240326,0.813083491612181,0.6812043033806927,0.7887861289799467
3906,0.0742836743593216,0.8710729964406444,0.8225822643815839,0.8897155218115611
3907,0.0682610422372818,0.718910407197147,0.726937836078726,0.7685825309718696
3908,0.09233278781175613,0.47181148535393136,0.1956801247238478,0.3130485298027837
3909,0.2123635858297348,0.5854465950798615,0.5814434850772375,0.4976511487987355
391,0.17330697178840637,0.7793802654496315,0.7124252589755304,0.6639207502680007
3910,0.03760199248790741,0.7207012002269313,0.39756714852128594,0.8400071772470816
3911,0.04500379413366318,0.6886213071364701,0.6996568700141481,0.7264860928810493
3912,0.05832637846469879,0.8730098254005392,0.6538019464918429,0.874379150064573
3915,0.07177789509296417,0.6622351983910266,0.3005201260642472,0.6842619929615297
3916,0.15295588970184326,0.7519618597359405,0.5986351043796968,0.7686502128062158
3917,0.15994854271411896,0.7478496116460698,0.8271200665438156,0.7801379473620021
3918,0.07944803684949875,0.8309874769051582,0.7551282883280203,0.8448737943580242
3919,0.023529764264822006,0.9330724244755038,0.8055525501591817,0.9233854763663929
3920,0.09945542365312576,0.7913184204625374,0.6912720709234614,0.8347354692844617
3921,0.163558229804039,0.4210963488329495,0.03253674762847408,0.2569866888132555
3923,0.2774636149406433,0.364469470276143,0.04147283335670649,0.2535124667438473
3924,0.044491879642009735,0.8408748320287531,0.7662561486843837,0.8748421552046937
3925,0.03586247190833092,0.9028062284057532,0.8457394205291048,0.9004942269677607
3926,0.06226622685790062,0.7258462734152433,0.35464178993140244,0.7798630835829814
3927,0.06891155242919922,0.8078518917075269,0.44121651076489876,0.7988903044404005
3928,0.03371322900056839,0.7537581647936127,0.4973512394491801,0.822207935288805
3929,0.13575603067874908,0.7786824850967788,0.7142227942850264,0.7881997845423725
393,0.044683787971735,0.824214688979745,0.3770705945248275,0.7856157632631043
3931,0.02327047847211361,0.8422409899933345,0.7222074897915493,0.9096416589251293
3933,0.13274207711219788,0.7071813967307397,0.3077477860467652,0.6970042993222507
3934,0.06920026987791061,0.7870391919915942,0.6338124461823083,0.809679559835246
3935,0.26865047216415405,0.6225705573483107,0.6518315082607895,0.659328097394899
3936,0.056794509291648865,0.7949025906735785,0.743922471756401,0.8774909971697475
3937,0.17175137996673584,0.7956058148943218,0.8121341472662644,0.75987637451648
394,0.05619512125849724,0.8042121493879058,0.3238403842547317,0.7592179848273894
3941,0.05377897247672081,0.8129541521292725,0.6026105781393858,0.8903050271019548
3942,0.058393802493810654,0.8928427390550396,0.7465532277004229,0.9029868756713543
3943,0.047251541167497635,0.8371845420991885,0.6585379706029765,0.8992411617528764
3944,0.007790098432451487,0.8671931680871396,0.6933021308633339,0.934262033081523
3949,0.03692840412259102,0.7560134314515667,0.6466025664119438,0.8714200150737035
395,0.21633780002593994,0.7054954658359072,0.47083589832377326,0.6267992817019858
3951,0.07708082348108292,0.885212155897643,0.8133527884716328,0.8848802313471027
3952,0.05420191213488579,0.867467959208196,0.813695191471413,0.8628584279336708
3954,0.08126706629991531,0.5411634212948485,0.10448548347642725,0.4663055496894211
3955,0.0675482302904129,0.885242778875174,0.8290032700194749,0.8830530672404682
3956,0.04070696607232094,0.9101242881983432,0.8135303103161852,0.8956585657692485
3957,0.09023991972208023,0.8466827327207019,0.770519804120516,0.832778593595899
3958,0.16801033914089203,0.673105144382584,0.5476325507802314,0.753280869116291
3959,0.019297942519187927,0.7965182271539979,0.5109077837095106,0.9196014583855847
396,0.1173250824213028,0.8412299592996836,0.6253474366656134,0.7526214226634488
3960,0.03062274679541588,0.8077872449235551,0.5502805265136261,0.9259277834662949
3961,0.05555197596549988,0.825697545264103,0.6905493345991082,0.8626621725937247
3962,0.01367791648954153,0.7614394199561367,0.4980838469415507,0.8986756208811785
3963,0.13423842191696167,0.8308729952363363,0.81818889201153,0.806312343708257
3964,0.011206738650798798,0.897085365701001,0.7322038516717422,0.9571665768900586
3967,0.031925663352012634,0.8093181557181539,0.5213600782216196,0.8350815423812514
3968,0.027536282315850258,0.7211672170130368,0.4320409051189537,0.6735828823300298
3970,0.03622221201658249,0.9252463196382655,0.853960523741606,0.9294549244939498
3972,0.11203387379646301,0.7533230432820867,0.4639647852233479,0.8063371530513824
3975,0.023268792778253555,0.735483871402139,0.7376373651199398,0.7798259699352494
3976,0.13295117020606995,0.7099008239260056,0.5983793387649176,0.7856331962473523
3977,0.031681764870882034,0.7036640997577863,0.6927763523548717,0.7432810070887343
3978,0.08772272616624832,0.6235177642040107,0.4694157318322578,0.5107345014156486
3979,0.0391293428838253,0.7686535076398072,0.6265053190373574,0.8748000234393272
398,0.0734134316444397,0.7829502014998821,0.5883170926371398,0.8275579151043875
3980,0.03813255950808525,0.743797690721266,0.32663081162362884,0.79392924714967
3981,0.07137583941221237,0.7595637193447045,0.6970739238779732,0.8620934709258388
3983,0.02417595311999321,0.8238379257649839,0.6270230517311567,0.8933668963464758
3984,0.043313056230545044,0.8887188166605999,0.850247958028364,0.9204249374475866
3986,0.028162503615021706,0.7815390406111595,0.5080416651536684,0.9248172625996478
3987,0.08516810089349747,0.6977250363424268,0.4507808618874479,0.7320914972939807
3988,0.01617482490837574,0.6801137439029292,0.6526127592164364,0.7646259542097102
3989,0.10130470246076584,0.8143810119762545,0.6569523618797277,0.7423037197410035
399,0.04296748712658882,0.8428590705133711,0.7561612245032613,0.752257618064113
3990,0.025845414027571678,0.55091853564751,0.039907027968683235,0.41479957208696416
3991,0.056384891271591187,0.637096900825387,0.21202450898927333,0.7053428384857363
3992,0.025099733844399452,0.6553018828418926,0.38843735098850657,0.8947127363813677
3994,0.056232526898384094,0.7960227162111819,0.5959369333702533,0.842932232030599
3995,0.030337337404489517,0.597096056460556,0.3908258758925944,0.5341189096941389
3996,0.12899787724018097,0.6699343993220951,0.6005476735204882,0.5503939061593441
3997,0.04643801599740982,0.5690827883128952,0.14141505605719507,0.5548393993792056
400,0.2752816677093506,0.6616694029666984,0.7315100610472279,0.6021556428347592
4000,0.03168923035264015,0.8494499190594118,0.7037635018119953,0.9016497112174775
4001,0.19323310256004333,0.7329849998542286,0.6342528226343869,0.7101361941230413
4002,0.1846243143081665,0.42557396711141804,0.19247224363227136,0.3030772889092497
4003,0.07687022536993027,0.9052336356161989,0.7542106342071139,0.8779847940806181
4004,0.10911890119314194,0.47444816118001926,0.1896267768857228,0.38377625782611374
4006,0.07043653726577759,0.900063780150112,0.6921055454213825,0.8871296766259502
4008,0.16598068177700043,0.46967714780765213,0.06950973312858838,0.4683433254997757
4009,0.10816334187984467,0.9008321571168778,0.8673210071496077,0.8518408897203682
401,0.015923889353871346,0.9404124596288985,0.8476906873748791,0.9485488188288663
4010,0.24079757928848267,0.7036150854317301,0.604876599662668,0.6260376908956873
4011,0.13970664143562317,0.7889536326891391,0.4819646654527112,0.76755192174491
4013,0.3031821548938751,0.5824855003090654,0.5965209637327992,0.5984823944307794
4014,0.21517938375473022,0.710032104840435,0.7627604298706498,0.6686653547915564
4015,0.2774677574634552,0.3724204247197163,0.13168642113548493,0.27938423347308516
4016,0.24652326107025146,0.5892980596342614,0.6046399881812358,0.5377408945295761
4018,0.387346088886261,0.4960542028226297,0.5744997934718767,0.40700333578481307
402,0.27925679087638855,0.4330731582586174,0.38778039092124467,0.3619542881065755
4020,0.08880840986967087,0.8700995648865977,0.7122216830408528,0.8679068047037031
4021,0.18557707965373993,0.7076099258087052,0.39847611825816664,0.5374491173900995
4025,0.09067194163799286,0.8708073224099612,0.6626046443474944,0.8644770559957996
4026,0.1263745278120041,0.7130020642747978,0.6577125626792492,0.6478458135827919
4027,0.14766807854175568,0.8203288332889815,0.7538578558980522,0.7954504052019536
4028,0.4370730519294739,0.43365963669294605,0.6041891356334304,0.3770508161320886
4029,0.09999764710664749,0.8298767654105952,0.48192940106993415,0.805230070724138
4030,0.34671053290367126,0.5539701080674844,0.7001955647828662,0.5030092749294641
4031,0.05015824735164642,0.9417907424008626,0.885210884284724,0.9094145584838937
4032,0.17627233266830444,0.4136846880141599,0.019341648103263956,0.25184020587289757
4033,0.16918137669563293,0.5216959370800491,0.3998766355613176,0.679946495931874
4034,0.09354108572006226,0.7135641312278111,0.28556628582045585,0.5555560061126916
4036,0.08154413104057312,0.819048240413915,0.5456679348495304,0.7802116422463041
4038,0.2317044585943222,0.43578813620260703,0.35596585044099005,0.35833182536215147
404,0.13608194887638092,0.6143848813334656,0.4428456551810417,0.57032360421796
4040,0.11960060894489288,0.8752943761756622,0.8589102369712327,0.8308128476833541
4041,0.18049001693725586,0.5623475532561841,0.5503883914785712,0.5145304965730657
4042,0.2574225962162018,0.7534847683192778,0.8523725202774266,0.658756973606154
4043,0.162998229265213,0.4203748559738516,0.018012969374567513,0.25140089278054384
4044,0.15030528604984283,0.7719530532383121,0.4723935743446061,0.7643365829522664
4045,0.13913366198539734,0.7676833987590553,0.6330567987591165,0.725485317526209
4046,0.23518028855323792,0.7447804716153945,0.8801478142499986,0.6913804709360245
405,0.2379102259874344,0.6395667728666838,0.6797189284696233,0.5933646304866707
4050,0.11017484962940216,0.8630820795338205,0.6972023424127373,0.8440370507739845
4051,0.31694892048835754,0.622289209635267,0.7275435453071784,0.5498716162251496
4052,0.19816583395004272,0.63684276178686,0.41409877511616705,0.6841654914955827
4054,0.386165589094162,0.5779126122649991,0.7763531440346784,0.476859990479788
4055,0.29436010122299194,0.49031020002429015,0.5095075768122359,0.43925373725662836
4056,0.3367237448692322,0.5034303385098111,0.5605707808404029,0.4393333769147431
4057,0.31495457887649536,0.34542126640003556,0.031526999793101286,0.25251832626331144
4058,0.24164439737796783,0.704382774992264,0.6341084336869045,0.5835209622519382
4059,0.11953097581863403,0.7144495173206229,0.37327364404476854,0.7536688864943222
406,0.06090522184967995,0.8415342459047142,0.5699453505065161,0.8635352525370379
4061,0.21669694781303406,0.6585689585479966,0.7263219109678158,0.601978553018584
4062,0.16570375859737396,0.41981741311101867,0.04032012629692681,0.25664719590118645
4063,0.13120044767856598,0.8357842699200599,0.6233592304578673,0.8164821826830426
4064,0.0874222069978714,0.8481133119431974,0.6468497429646706,0.8553435983939013
4065,0.1492813378572464,0.5500295183127488,0.3617880262749109,0.42693901031769754
4067,0.449887216091156,0.2807159054410574,0.08380103662070665,0.25817257834682705
4068,0.04711033031344414,0.8627646137876648,0.8283625924204302,0.8816139737412663
4069,0.059270236641168594,0.8968351239976549,0.7346131749917834,0.8822126987460139
4070,0.07756005227565765,0.7909568842170527,0.6033841278895162,0.8443477514674069
4071,0.3877049386501312,0.37230685198686797,0.3596760806635269,0.34217730754476294
4072,0.04498022794723511,0.9050280635338821,0.775525075363801,0.8868897101676847
4073,0.39196863770484924,0.4607292725932942,0.4023562629271942,0.417681514802685
4074,0.0872754156589508,0.8085310617415522,0.5543096170004119,0.8416991297509686
4075,0.009347105398774147,0.5021416584109262,0.007770493813096458,0.25473371702152064
4076,0.17735886573791504,0.6848547233929498,0.6365034151280375,0.5983654906108471
4079,0.19807448983192444,0.5011412679701253,0.3251701371625113,0.40313311447312744
408,0.07627680897712708,0.8613764606948524,0.7212679026127945,0.8358830632125862
4080,0.08758966624736786,0.8248036032902315,0.771555713058679,0.8367154943037829
4081,0.12837721407413483,0.8559047786805276,0.7697326373735057,0.8003278060060091
4082,0.202036052942276,0.4462860819602045,0.04749607920369162,0.35938755813029893
4083,0.19405053555965424,0.7099524191781161,0.7528822932554284,0.6736962164752386
4084,0.17413048446178436,0.7604734313144705,0.6165656283932995,0.6579596535891189
4085,0.32351624965667725,0.37684893015522003,0.2602878560996448,0.3470128096254944
4086,0.20273008942604065,0.40104350039915115,0.023028113601638766,0.25149524761318576
4087,0.1236705332994461,0.7570874450011622,0.42984491303128086,0.7433964419079344
409,0.05291392281651497,0.8998010422224485,0.879192305354733,0.8734058279168495
4090,0.120917908847332,0.7680057375252152,0.546353935747004,0.7813128971759339
4091,0.07028593868017197,0.8074166911108269,0.5577854078398764,0.8367302952088114
4092,0.12627607583999634,0.4597748631154127,0.0725181214419079,0.40529927620687556
4094,0.2438661754131317,0.609809788223411,0.7008734155418608,0.5787135606537618
4095,0.08354324102401733,0.8617024397076325,0.6196635292487896,0.8432383129019946
4096,0.26848435401916504,0.6834056938142131,0.8476112890485666,0.6442191168192272
4097,0.07672407478094101,0.8821440719294467,0.7505124425682564,0.8764138425533097
4098,0.05303339660167694,0.8796116312824889,0.7694053631980563,0.9204412155658188
4099,0.27249372005462646,0.5966630058737639,0.5996922327989781,0.5191012307531482
410,0.10051915049552917,0.9032418904053505,0.871353383044514,0.8580629783261458
4100,0.16302509605884552,0.7075486517689769,0.5867145365440758,0.6865565220732004
4101,0.11856502294540405,0.8372233213856979,0.7995994125416998,0.7803704761193884
4103,0.1912580281496048,0.8165408261833456,0.8251215772439187,0.7574866086436374
4104,0.05995480343699455,0.7995402806638774,0.771728133885532,0.8664536033927129
4105,0.22394129633903503,0.40424966078981406,0.018837541020490785,0.28946702682684566
4106,0.23946602642536163,0.5205601764122474,0.5725099044720349,0.51408796134836
4107,0.02144705504179001,0.8032309996321415,0.30706830247932293,0.8035327097936382
4108,0.6328029632568359,0.22131495319674727,0.27665035677862126,0.23523737025571065
4109,0.106217160820961,0.5555127570992585,0.12117537212884075,0.5874956246052965
4110,0.1366896778345108,0.7361894968328121,0.37077144804804874,0.7357784778328715
4111,0.3361929655075073,0.4979466924115722,0.5244289588956191,0.4197858143184667
4113,0.08693539351224899,0.8230324758528464,0.4511209894719781,0.6810817961354929
4114,0.09263220429420471,0.8991023438310838,0.8135089060961613,0.851529841917209
4115,0.07513265311717987,0.6011452891140319,0.16132225365373998,0.6589138102710306
4116,0.0807376354932785,0.4619003708487473,0.025108572522626185,0.25352903363780743
4117,0.06610508263111115,0.46981580977562915,0.031875775807175544,0.2572005955785869
4118,0.4393407106399536,0.45670729993545844,0.6155638408829408,0.3980506051450443
4119,0.10843437165021896,0.8744549661597582,0.9049694440544679,0.8544222905910321
412,0.04905058816075325,0.8380817950030788,0.5950256563649461,0.8525448452762648
4120,0.12113194912672043,0.6813677491209659,0.3681290377516539,0.7337371303260505
4122,0.1279887706041336,0.7957463202581703,0.659364117709051,0.8379816207249218
4123,0.25975316762924194,0.6800098528516338,0.7406662090762449,0.6177352548313022
4124,0.11351418495178223,0.6604870219704824,0.32991706027742995,0.7672524675808167
4125,0.08325926959514618,0.9025267040596541,0.7476938053182227,0.8770800191376538
4126,0.11443902552127838,0.7025486003559545,0.4268689070677328,0.8364929803595877
4127,0.09790430217981339,0.6154936451521861,0.45716646259116495,0.4793772280324375
4128,0.07898073643445969,0.8714828516455922,0.7319539385739392,0.8514754949892486
4129,0.09208548814058304,0.7118114411405876,0.43710772863907915,0.6553090094838016
413,0.06250124424695969,0.9214894550642015,0.8259904094364284,0.8834225025284044
4130,0.32250577211380005,0.3408401516005835,0.023874127803376763,0.25190916670752506
4132,0.18636667728424072,0.46217053377285827,0.3476917567453337,0.36067022044203534
4133,0.19738900661468506,0.7629445116559743,0.7775706611485096,0.6876074163045391
4135,0.17235346138477325,0.8039304648922121,0.7760931872860345,0.7648669869120832
4137,0.5140089988708496,0.43407168734050017,0.6825442056096458,0.3344355376869424
4138,0.1607436239719391,0.6780084795516709,0.5151283814405107,0.7483512260455598
4139,0.31981486082077026,0.45945460547704486,0.26205706571326504,0.5158608876265163
414,0.15637284517288208,0.7589828048429009,0.799037228345641,0.7165916565138302
4140,0.05532405897974968,0.592300289992804,0.09751666126226317,0.35842866293349623
4141,0.241824209690094,0.6350303221397557,0.6858199456986065,0.5573978060687792
4144,0.26907116174697876,0.36844520146573434,0.040494838718711026,0.25493201798285997
4146,0.10136792063713074,0.6792776959159221,0.44953242909037733,0.7061183085374372
4147,0.05674440786242485,0.8610021661115257,0.7399104449835846,0.9046985329506255
4148,0.12086907029151917,0.5738465508082943,0.5134624944333515,0.6334504145206072
4151,0.03460574895143509,0.9002888585373576,0.8514742633120387,0.9262057133802937
4152,0.05669509619474411,0.719534199355087,0.5561663351301204,0.8904278422401017
4153,0.13102169334888458,0.7815411401970374,0.7910719133407127,0.7148806982385352
4155,0.2882145643234253,0.6165833802650634,0.6624403272058735,0.5682991495257137
4156,0.24994851648807526,0.6078256178893354,0.33842179061126026,0.5846131981161591
4157,0.10769478976726532,0.7695735346811374,0.6708335048111141,0.802837362053104
4159,0.1097589060664177,0.7737774624684339,0.7552159193214416,0.7691833265026504
4160,0.08021198958158493,0.8526314459681406,0.7362720759977202,0.8335985005366144
4163,0.07139568775892258,0.7305896502633693,0.5581423373487238,0.8478817484123717
4164,0.10067436099052429,0.8173532467077225,0.5174162140862667,0.709961765244225
4165,0.054080523550510406,0.9254311494003441,0.7684437858607149,0.8701349096049891
4166,0.06264176964759827,0.8979587289329347,0.7239984397916542,0.8947313137793789
4168,0.0904679149389267,0.7887572724763644,0.7071409747950259,0.8264993935119936
417,0.19780340790748596,0.6552779793023251,0.5565787568714802,0.6628594595268074
4170,0.10282476246356964,0.8419393467968502,0.7472820424270433,0.806115212447851
4175,0.06804075837135315,0.799182928316829,0.5717772111109809,0.831409079476418
4178,0.08494921773672104,0.8023239424464126,0.6642959603455105,0.8394349674979448
4179,0.08388867229223251,0.8731651907310833,0.7040207519897007,0.8559537165578693
418,0.05519771948456764,0.7176173492633374,0.32175456890132,0.7931457741688612
4180,0.12383469939231873,0.5325271503588193,0.37243000954399413,0.4102713897576624
4181,0.13449722528457642,0.6727022811240158,0.6544999837822368,0.6475984035288538
4187,0.06361762434244156,0.7946486298471032,0.5720669921084806,0.8833910027067695
4189,0.1707054078578949,0.46580700027041394,0.29155456074186303,0.346896454506102
419,0.02054491452872753,0.9404846420076163,0.8960123216446163,0.9461955849982362
4190,0.15812815725803375,0.808809711709042,0.7960127544834709,0.7714774657805232
4191,0.0702686756849289,0.8339707974973716,0.5122118036643513,0.7898248161003334
4192,0.11731046438217163,0.6392407703483385,0.675739058147443,0.670536849181578
4194,0.06192019209265709,0.8237635214769725,0.6936928593709845,0.8917654004273791
4196,0.05866314843297005,0.8709693325241157,0.5953766777985595,0.8831110891102811
4198,0.06009086221456528,0.810271391288861,0.5252537289777018,0.8461329290976924
4199,0.11172382533550262,0.812519193891815,0.7897892429757787,0.8518566506822898
42,0.05528419837355614,0.7260706219454076,0.6803556160861802,0.641936711299856
420,0.07570204883813858,0.8129586209964674,0.7514494753501914,0.8337794760096446
4200,0.02439548820257187,0.8870915979883286,0.8304358222807847,0.9314043168750314
4201,0.06964819133281708,0.8731041201705145,0.7207517339538015,0.8697839808989871
4203,0.06128954514861107,0.8939359994879108,0.8565970335407158,0.8814752257362157
4210,0.09282742440700531,0.7490377693306226,0.6440584409989026,0.7834119092582337
4212,0.036788247525691986,0.8239193625793819,0.8223248442459254,0.9111122247018582
4213,0.11879244446754456,0.814648017850387,0.8325745368598231,0.8043517194510172
4214,0.047503065317869186,0.9363957284147005,0.8312620150255267,0.9149855131506627
4215,0.07824810594320297,0.8438120011540384,0.811085723193382,0.850326350728233
4216,0.06138578802347183,0.5264429991771951,0.0467438601366758,0.7558649690112079
4219,0.1028122678399086,0.6789276425204005,0.5377283211203373,0.5849556918164109
422,0.11014914512634277,0.5259409632133196,0.014037676566915866,0.33214406039203814
4223,0.11593606323003769,0.6264405120901808,0.17773230677556262,0.5588015554326611
4225,0.10787837952375412,0.792776597486568,0.7112435984131152,0.6899929026013323
423,0.05095255374908447,0.8375006374353166,0.8208752209330528,0.8827587123959434
4231,0.14413544535636902,0.7497914010064093,0.5656202326889889,0.7444787231516622
4232,0.040141377598047256,0.787928159171732,0.4394203499357037,0.8610611649981419
4234,0.09514040499925613,0.8576199789140012,0.7283538769344853,0.7902902285607931
4237,0.045337188988924026,0.9139959891315967,0.8258877401249434,0.9246665058159462
4239,0.1435079425573349,0.4373666222444736,0.16827549167758565,0.29591764419558875
424,0.13013999164104462,0.789864024919871,0.8034359903685591,0.7612094122457471
4242,0.12541766464710236,0.8205336615520467,0.7725135316062242,0.797471448466768
4243,0.11315438151359558,0.5121443449581207,0.4136743744576291,0.4994266973039346
4245,0.12077721208333969,0.7936664636045669,0.62733057173633,0.8064781087789867
4246,0.03582417964935303,0.758046435344,0.5593986277060883,0.9090347240039949
4249,0.10392232239246368,0.815072450464166,0.6144357293933326,0.7906346513434691
4250,0.07825955748558044,0.8298066620550446,0.6052603184463463,0.8251550825014766
4252,0.037324704229831696,0.9061801598700145,0.8606892975255391,0.9167754644409962
4253,0.06591157615184784,0.8780533302948771,0.7430369608888667,0.8806219168815842
4254,0.0577055960893631,0.8919453286144668,0.7898405245637204,0.9050103642430102
4255,0.19194842875003815,0.5826313638932283,0.540912352010581,0.49066016421873654
4256,0.036918528378009796,0.8798814439924436,0.7398574026867842,0.9142114335597429
4257,0.10993636399507523,0.803441999407304,0.583554147590283,0.8281878217334693
4258,0.11658429354429245,0.7877306399211066,0.7458236365124017,0.7696042158318553
426,0.14215408265590668,0.4302313016707922,0.02859242080207008,0.25935161625348485
4261,0.19175538420677185,0.7385058303860068,0.8368270252223965,0.7380219166292239
4262,0.08504350483417511,0.8703841827035181,0.6567647223261741,0.823546768341952
4263,0.16189847886562347,0.7464452679206308,0.7194499513045903,0.7390144708807711
4264,0.4119258224964142,0.40471810884901094,0.5453484524407104,0.3832691922474642
4265,0.1629091501235962,0.4936210262872361,0.4026648198034511,0.3943726389295612
4266,0.03161059692502022,0.8459055209868527,0.6788648224077856,0.8602264529674127
4267,0.10141637176275253,0.8325936991290098,0.6315017516932797,0.7969690174916054
427,0.20508743822574615,0.5285488380460225,0.31137251535001914,0.7573108543992284
4270,0.1273525208234787,0.8043514285595805,0.6870727100833623,0.7791554489308596
4271,0.03672328591346741,0.9267729983661408,0.7535219302838891,0.9059774220747225
4272,0.06863392889499664,0.8742899751582411,0.7282071453093704,0.8903291444397095
4273,0.06573143601417542,0.49501439831449856,0.01826037583319372,0.44285340361765846
4275,0.06722325086593628,0.8954895873499163,0.8431426755845508,0.8896912796099727
4277,0.16848105192184448,0.6688535411248245,0.7240613741224531,0.6633277630397039
4278,0.03445421904325485,0.7959380762564909,0.5200294807231229,0.8570455703168685
428,0.0794757604598999,0.7449724944097516,0.6450826484875825,0.6515897745696897
4280,0.03947264701128006,0.8545378551898994,0.6197520126946184,0.9093534406089998
4282,0.09385216981172562,0.6532234581945633,0.5589196016988097,0.5556553613822826
4283,0.09722900390625,0.8347922386272479,0.6433500774007943,0.8321345152855477
4288,0.07990235835313797,0.8365611320733642,0.7159926937011427,0.8878801218462983
4289,0.05481639876961708,0.8787913416170404,0.7203922184441172,0.8603297571827844
429,0.45404818654060364,0.32672234462638033,0.28992168564648935,0.3527888814754966
4290,0.06835567206144333,0.7821767005128899,0.6633083417792387,0.8148335651146127
4291,0.08126567304134369,0.834539074348721,0.7024221072977384,0.8225211223151577
4293,0.2119724303483963,0.73686742156139,0.7267123360582868,0.6491026118593288
4294,0.06439763307571411,0.7727787381783389,0.5581844363387979,0.8936455804262745
4296,0.11096114665269852,0.8323288828251785,0.8183486079703169,0.8092035650422902
4298,0.09456860274076462,0.8235276140022578,0.7804768277735403,0.832246651280836
4299,0.13943573832511902,0.4807504983061925,0.12625241469604404,0.36559495494240246
43,0.033368706703186035,0.9306664827135032,0.6740501700188944,0.9111143673973401
430,0.021118389442563057,0.9503028788766175,0.8504417853026202,0.9195296161714326
4300,0.16178059577941895,0.7364242271080748,0.5285601374722653,0.718456872998801
4303,0.11375695466995239,0.8212675516049452,0.722026020118275,0.8392201392789234
4304,0.1049572080373764,0.8390384891930776,0.8068074266905256,0.8257763191991401
4305,0.12732160091400146,0.7983118886731756,0.7651674489892089,0.7818741449468364
4307,0.09280193597078323,0.7787028539492491,0.4623973757993384,0.8376823569285523
4308,0.06559716910123825,0.8794429316920458,0.6893092661744576,0.8323798053883855
431,0.037177398800849915,0.8532340152175248,0.5793891994968787,0.7908075462311801
4311,0.09056051820516586,0.7808135627986484,0.6861664232480238,0.8025339434208767
4312,0.4298350214958191,0.3435028611703424,0.39657546808359495,0.33812294908548024
4313,0.034156471490859985,0.7958989096908533,0.5849968362221613,0.9043083903449389
4315,0.042701154947280884,0.8778127055418496,0.6970874466427947,0.8745192102582184
4316,0.12585006654262543,0.5747334062530509,0.5573133660219687,0.534330300749231
4317,0.046667370945215225,0.8842908104155108,0.7332322920060101,0.9078774324260401
4319,0.16388916969299316,0.47294308427648313,0.18175088447131685,0.6824878428889422
4320,0.04183164983987808,0.7957281716523508,0.44902171468052166,0.833652672561539
4321,0.09758460521697998,0.6251122931985515,0.34264523703496746,0.5694430733670974
4322,0.10869079828262329,0.7941151839813829,0.7584509030525759,0.7526241865857368
4323,0.12833668291568756,0.4372885464378755,0.025588760570095813,0.25658257467145634
4325,0.18262837827205658,0.4932247858868436,0.21438577984967738,0.6225039567742197
4328,0.08131423592567444,0.8931169844863942,0.7405234208533669,0.8524599008077418
4329,0.06602567434310913,0.9082726874073994,0.8567906954333356,0.8571108628643032
4333,0.08311845362186432,0.5777593893873869,0.1675309906183155,0.6811630867645566
4334,0.052411291748285294,0.8365234009906377,0.542517619529995,0.8376203194986582
4335,0.045247193425893784,0.6238583590740805,0.5197025060374902,0.8217817746276976
4336,0.028746049851179123,0.554710772860548,0.10283888575315901,0.3662925242066021
4337,0.015277259051799774,0.8903992630191884,0.6695403672873844,0.8805295299270095
4338,0.37225142121315,0.42008312688344795,0.5101355104098091,0.4013534249026164
4339,0.02495572715997696,0.6881945238940163,0.38859401305547314,0.8609953685595448
4340,0.08702114969491959,0.7967095484168687,0.6019202998860163,0.8342320349970647
4343,0.031587544828653336,0.7441792458515789,0.4516417348000488,0.6688111706461082
4345,0.0820736214518547,0.6845716108220522,0.31017833696401126,0.7612443011483943
4346,0.08216215670108795,0.6522021227540822,0.5681294532300112,0.5831067220527506
4349,0.045038435608148575,0.7183620188165343,0.3888095671828127,0.530703225874023
4350,0.1609683632850647,0.544925602879901,0.5372772752142266,0.5078525996526568
4351,0.1532464623451233,0.5985443473536172,0.2637926679238464,0.6551223655864237
4352,0.2721409201622009,0.3657148151433461,0.038358105200286104,0.253594109977414
4353,0.15519313514232635,0.7231052622955427,0.6681523667976256,0.6947623001546426
4354,0.08751339465379715,0.6235553753507462,0.31742156901463214,0.6982448627850764
4355,0.06576064974069595,0.8052180132598015,0.6863299954345711,0.7274645721585213
4356,0.030914418399333954,0.7547645655406552,0.4410727825654052,0.8493152527659047
4359,0.6511639952659607,0.1887348712749255,0.161928619911488,0.23355505066543075
4361,0.023677146062254906,0.9337066757910018,0.755028563686195,0.9209136088543728
4362,0.019861094653606415,0.7579552771407013,0.33582072816194275,0.8335780365047957
4363,0.09186293184757233,0.5599683867903884,0.5262333644036098,0.5067621126307659
4364,0.30834922194480896,0.34802263132861155,0.017499250639698483,0.24967150510203598
4365,0.07403624057769775,0.6983238787081966,0.3777006490480058,0.7652643441342977
4366,0.08591748774051666,0.5147582513877564,0.14010556144311193,0.5731962575121858
4367,0.181087926030159,0.4923753057708726,0.4483534712347782,0.408270177665862
4368,0.018778180703520775,0.784137753512351,0.6798302105909287,0.8647012867421819
4369,0.05600406602025032,0.906468283230926,0.7392079061082832,0.8744184810844249
437,0.09927640110254288,0.517770729955961,0.2959784285682399,0.3837445005344469
4370,0.12322862446308136,0.6327915042125967,0.18512219025006132,0.6053483975855933
4371,0.16370649635791779,0.7420295805497936,0.7261040962202286,0.6795209357942076
4372,0.16892275214195251,0.5740741944208072,0.5503011658154146,0.49880022350360437
4373,0.0412033386528492,0.4925288687970743,0.1043238857460413,0.2825516858834577
4374,0.012223957106471062,0.8985474581716888,0.5962375898265363,0.9234172446125044
4375,0.02293197438120842,0.7887427023297132,0.5147122584137243,0.8397592167933363
4376,0.07505112141370773,0.5680528059451078,0.10121276587909561,0.49200849101009136
4377,0.07509702444076538,0.7150941559808273,0.6998334248663554,0.7346369465106908
4378,0.08543283492326736,0.7465676068132983,0.3717858364478547,0.7204828920721078
4380,0.15173159539699554,0.5513942047424164,0.38635023326884804,0.47504142443197567
4381,0.035719674080610275,0.5274526690411752,0.09292891313303195,0.4563912027223397
4382,0.023182447999715805,0.9552654291832205,0.8795890956741411,0.9446456463027355
4383,0.14547224342823029,0.7030145619090753,0.7528522985946665,0.697508805070848
4384,0.033528611063957214,0.8130429891162272,0.4203216293305227,0.816560657844227
4385,0.08659186214208603,0.829344039408997,0.585708890324115,0.8211239830401316
4387,0.06455149501562119,0.5039206814999986,0.18590993464956138,0.3376988516141016
4388,0.097300224006176,0.7529731641644338,0.560370053605393,0.8493339674417373
4389,0.08613570034503937,0.6671712627098647,0.5756852859263876,0.5428595683812946
4390,0.12922777235507965,0.711846982330554,0.4268137674874585,0.7644394649274528
4391,0.11068733036518097,0.6016990046829965,0.6604509954664967,0.6700522915441625
4392,0.1684851497411728,0.46695290302296527,0.346092562760752,0.38311817573266455
4393,0.1052551195025444,0.7429299876624316,0.5670838818028402,0.6787040455573055
4394,0.08981636166572571,0.4515391283943738,0.03670121853344659,0.32563583037707844
4395,0.058404967188835144,0.836028521326235,0.7038143602926893,0.6890907949923688
4396,0.0612669363617897,0.5004693380035572,0.12555229560803602,0.5535037319921838
4397,0.014342890121042728,0.9199261695475169,0.8046194690401995,0.9394695571945554
4398,0.06865593791007996,0.777002606291712,0.4537747336114605,0.6610213244568488
4399,0.36565423011779785,0.38813257114635497,0.42229474407035983,0.3585984256415675
44,0.09156075119972229,0.8484296646783951,0.7810073470852112,0.842757205984766
440,0.08380437642335892,0.7866929208670846,0.549458241602875,0.847602336603164
4400,0.4367319643497467,0.2842245105851977,0.02712077919215344,0.25011148013675655
4401,0.03637225553393364,0.7497816606394383,0.7636593923501754,0.8721991346748861
4402,0.011274968273937702,0.9504629074320244,0.8043724633820124,0.949768830223279
4403,0.04736225679516792,0.7117641502407903,0.3454144665215973,0.8370200878989547
4404,0.05751217529177666,0.7354665016223945,0.2720634173092216,0.6760683798716347
4405,0.1108197420835495,0.4765650731376294,0.10255445504084332,0.5209198373159415
4406,0.02645479142665863,0.8066060614267362,0.6365127976691285,0.8335905296595378
4407,0.04200545325875282,0.9273196900598055,0.8808811365043702,0.9131778927435924
4408,0.18979476392269135,0.6539212688857966,0.5153612270591588,0.6328595441038816
4409,0.07861731946468353,0.7283545358036427,0.45456621782796613,0.7053032321225707
4411,0.013785560615360737,0.8811623735586989,0.6323813356117566,0.9037522509496443
4413,0.026769645512104034,0.4912561267686731,0.03409002370235896,0.2590880436450371
4414,0.08043058216571808,0.7994555199744707,0.5584594939346844,0.7786744229949644
4415,0.01742769218981266,0.9085766130029922,0.730687834377686,0.9159382542978957
4416,0.14925174415111542,0.7356695948454803,0.6860003968823754,0.7069863708446191
4417,0.045191921293735504,0.854918322802102,0.8347804069163877,0.8861524088142109
4418,0.143217995762825,0.4308174180591161,0.02969007581426678,0.2534551835859072
4419,0.05374754220247269,0.6373031327342189,0.19100120353691608,0.6878707638906321
442,0.09036564081907272,0.4863718696405277,0.1436770328319603,0.3989495653773358
4420,0.16028913855552673,0.599366705020712,0.5984337196482866,0.5649583904475232
4421,0.06651363521814346,0.6374877191139343,0.40387788095010496,0.47101103891428164
4422,0.06713191419839859,0.7591429661571112,0.3954675893250769,0.7715339267797625
4423,0.1205291822552681,0.6865878106828287,0.45201286437856913,0.8254072502394001
4424,0.21065638959407806,0.5780598306423027,0.5279123127193412,0.5106992839395998
4425,0.1326492875814438,0.5238606653713161,0.24984092818490772,0.350287911283601
4426,0.3662525713443756,0.5623137169123049,0.6793917255189373,0.5213732158723803
4427,0.07428434491157532,0.6259231346958052,0.37062375285852206,0.7629256980679262
4429,0.0800313726067543,0.7432971789902849,0.6022899014463827,0.6979211301079156
443,0.06988035142421722,0.9263212035542683,0.8266631327977995,0.8843510316822311
4430,0.020678631961345673,0.9354631307593668,0.8602503091791971,0.936286939295859
4431,0.13677085936069489,0.6138291812766753,0.4195419627199674,0.5399402683941945
4432,0.05392128601670265,0.6968757292978447,0.42500983403194414,0.5293809532935425
4433,0.06444265693426132,0.7859005101265666,0.6604664796604152,0.6999488587045497
4434,0.02364969812333584,0.8918355657229466,0.8051608558880808,0.9107626683269998
4436,0.10879179835319519,0.7387653719372145,0.7051346120606184,0.7122116306322059
4437,0.07020218670368195,0.4467023935644882,0.00034657393793647754,0.5354920161026955
4438,0.10887596756219864,0.831185513111345,0.6437816063384646,0.8088119195482205
4439,0.09915478527545929,0.8502784401454493,0.714812908039263,0.8480506941994423
4440,0.11060157418251038,0.8347723933514783,0.807667195648494,0.782982252549521
4441,0.13069389760494232,0.7347970023926719,0.7347567144922295,0.6809558606684919
4442,0.2445327192544937,0.5360205841774263,0.5214105864311898,0.5374452916234816
4443,0.03938443213701248,0.8363359262403669,0.6312444025526184,0.8894769433390822
4444,0.01640082150697708,0.5361290443318626,0.0558265435957379,0.3055312861487669
4445,0.1697954386472702,0.6782947417154457,0.7112446947503994,0.6242894728278343
4446,0.014783266000449657,0.6714051465712463,0.3392551947585315,0.871473123221536
4448,0.12871071696281433,0.6833838847058225,0.6939687172706288,0.6743841849719789
4449,0.20266668498516083,0.5768794867182344,0.5720507791416336,0.5202195730053288
4451,0.013483654707670212,0.9406532364503044,0.851330088216009,0.89819596031165
4452,0.07606439292430878,0.8123160775488951,0.5847888984593187,0.8035134176541877
4453,0.018979011103510857,0.9486027172587721,0.8153100751848276,0.9346220535062395
4454,0.07112781703472137,0.7410824191886767,0.7402992578017992,0.7755875492230961
4455,0.028128473088145256,0.7941970303356631,0.4862927039083198,0.8570579585441133
4456,0.04131769761443138,0.6158960143941514,0.1897050912265881,0.8048142251002227
4457,0.06482411921024323,0.47025755700275995,0.029280843055483372,0.2570626453440503
4458,0.13246436417102814,0.6960506455337248,0.6469096609508898,0.5872485802044738
4459,0.025555361062288284,0.6448672508933582,0.20771716121805006,0.7322680584572976
446,0.11854100972414017,0.4757786474375232,0.19250059163890076,0.33156194794903165
4461,0.03330068662762642,0.8369901014543677,0.5824534416882827,0.8968572444665601
4463,0.18461428582668304,0.5147325639187462,0.5278816965838846,0.4618795045398472
4464,0.0366646908223629,0.828656184166767,0.5462364628907852,0.788641993519001
4465,0.04048968479037285,0.6140874497149522,0.3894389734003057,0.7734738467871629
4466,0.2718775272369385,0.38737380107897473,0.08548815092271381,0.27546741898419147
4467,0.057808540761470795,0.7799624749875689,0.5899187725193009,0.810989502920599
4469,0.06165334954857826,0.9167661392011761,0.8363812889392752,0.8906824620271097
4470,0.5645456314086914,0.22092804006628086,0.04213406344286945,0.25291320911133497
4471,0.03136409446597099,0.9647335934688149,0.7640160332511456,0.916168477585666
4472,0.3205045759677887,0.355581036065023,0.2052050450569682,0.29719771333049677
4475,0.04943576827645302,0.8303100060089068,0.5613357811965394,0.8943747639188752
4476,0.013902369886636734,0.8972883378044298,0.6580994336889625,0.9003546026070975
4477,0.048165906220674515,0.7469491294545594,0.7447323542256035,0.761385241738
4478,0.031071212142705917,0.8760943160797765,0.7391343677097928,0.9121406728837491
4479,0.17136196792125702,0.537349078312445,0.4448731892537157,0.4401739129943237
448,0.1298174113035202,0.8191167876079282,0.6081828530904431,0.7270209569520556
4480,0.17406219244003296,0.7020497800079104,0.6887856998153727,0.5942424228364073
4481,0.1786932647228241,0.6060305310333896,0.1435563935545199,0.5115622467420454
4482,0.014535045251250267,0.7458734318057956,0.24424176893691055,0.692704927818281
4483,0.1333785504102707,0.725764602896167,0.4161930802611626,0.7122044230250479
4484,0.11204986274242401,0.5588247985303819,0.4807619132571206,0.4570911952344756
4485,0.08261765539646149,0.6136874205716722,0.1693590344462931,0.5781789478459995
4487,0.21690517663955688,0.4964489189327816,0.39433627827209455,0.4813687063980159
4488,0.19351767003536224,0.41272843267495485,0.10959468359548453,0.2760018418108008
4489,0.10635483264923096,0.44898548193813054,0.0188697572843969,0.24937084363551257
449,0.4291532337665558,0.3537726684122907,0.3888249313990586,0.32366215207280324
4490,0.250102162361145,0.5660229159151285,0.5622555576898329,0.5554777144680327
4491,0.2893713712692261,0.3706142596115633,0.17017704956847388,0.28677281342108474
4493,0.04335127770900726,0.48113696410716084,0.023006194441903462,0.2542953408666292
4494,0.16766701638698578,0.43059194236454357,0.2394131708311499,0.3162031829329157
4495,0.17484714090824127,0.675954892499165,0.4288428712604981,0.6619507972457956
4496,0.06566788256168365,0.7545940799231756,0.3788165537162082,0.7068298297626999
4497,0.09119242429733276,0.5515436300254356,0.4509164154262828,0.4625044589087923
4498,0.10073760151863098,0.5204040878962481,0.2667411607429458,0.36356421055473787
4499,0.2901743948459625,0.3576362913965132,0.02677503288903444,0.25092595619815494
45,0.17729206383228302,0.6667730765206236,0.5328285572609244,0.5899667941076956
4500,0.08155551552772522,0.8475197210191794,0.7081037197004603,0.8313937326671326
4501,0.11149576306343079,0.5942751109881935,0.137140461858337,0.5376426408540598
4502,0.15344172716140747,0.6608845158867673,0.47717898858913516,0.5719319562830608
4503,0.21844707429409027,0.4134329932022896,0.19998728996382212,0.3022816880141407
4505,0.20216307044029236,0.6738094250080301,0.7389793521781223,0.639977977410821
4506,0.03248385712504387,0.7522942060067955,0.4287742678750756,0.8468040008307827
4507,0.1458583027124405,0.6530792740028846,0.5102499847966696,0.5066208593180427
4508,0.02600184828042984,0.8185559340865163,0.5290885284005094,0.6488124910358886
4509,0.16971296072006226,0.6718398331462012,0.5879354850040475,0.6634691011116827
4510,0.03504885360598564,0.9308409504366256,0.8477688195483457,0.8875430586625106
4511,0.08534872531890869,0.7445439939491719,0.4012911250172782,0.8130892403625344
4512,0.01248406432569027,0.9373654932753395,0.9245109849781536,0.9419225424861173
4513,0.1510392129421234,0.426613060002691,0.02566923346388662,0.2529456587939594
4515,0.3577433228492737,0.3851084776777308,0.3922648572012199,0.3538445565565007
4516,0.016841953620314598,0.8692917332114627,0.6673811878706732,0.9199456609684393
4517,0.20101001858711243,0.5088613440311043,0.3948296055218541,0.4018125860094408
4518,0.21008291840553284,0.4266169728590451,0.05624832792477875,0.6058364353220937
4519,0.197043314576149,0.5910511829614856,0.6625037128881293,0.5707576089674364
4520,0.07744123786687851,0.5296529510282287,0.3797091231939123,0.46699507063507584
4521,0.039191730320453644,0.7800960332768474,0.4593355888725223,0.8615841765148345
4522,0.03130664676427841,0.7916888861623035,0.5037428897124819,0.8560111421304086
4523,0.15744255483150482,0.6414237007121262,0.6494333449504123,0.6096109598786945
4524,0.06893789768218994,0.8360308420637594,0.6324591125072014,0.776038543065688
4525,0.0943998470902443,0.645706090335209,0.31957873802140685,0.7167405734927681
4526,0.1591583490371704,0.6001458297113329,0.6386726112959351,0.5810619077171786
4527,0.022545479238033295,0.7308253435791306,0.3167122666071661,0.7212253285141534
4529,0.03510932996869087,0.845291748894798,0.531777638476343,0.8548816468125064
453,0.37726324796676636,0.3146667133816996,0.05521788989815226,0.25842376673809586
4530,0.08039520680904388,0.798612888170834,0.8080651116383705,0.8069867378030566
4531,0.05790442228317261,0.7994341324323688,0.5863184102609865,0.8640910924081303
4532,0.018844610080122948,0.9390952403043075,0.8121544148700972,0.9248454065316238
4533,0.07433688640594482,0.6138630003992352,0.21916027436367252,0.6213816186624993
4534,0.1163051575422287,0.5265395177613437,0.2903429796507217,0.3837162698799651
4535,0.03408791124820709,0.8896604692690235,0.8240870696792771,0.8477352966851681
4536,0.025908252224326134,0.8674002473152066,0.8246040773715194,0.8887172191623296
4538,0.22827555239200592,0.6121158807487742,0.5916081240713902,0.5636932749552035
454,0.051726121455430984,0.6179628704127625,0.6376634309725,0.7085793379360888
4542,0.10177668929100037,0.5347506851486575,0.4543156884950015,0.4265787986606375
4543,0.0856938511133194,0.8958454869391266,0.830670044271011,0.8669170119365521
455,0.20742160081863403,0.3983453201300044,0.034336456370969444,0.2503246098876033
4559,0.23200663924217224,0.3777516577733487,0.07602544027426507,0.37580790493573024
4560,0.07539086788892746,0.8060206284710297,0.7436346705074399,0.7945349858579391
4562,0.03907080739736557,0.7153176350527395,0.3767722069755563,0.7478099192440988
4563,0.032081685960292816,0.48579570001703754,0.008448431900323952,0.25523408357262034
4566,0.08692648261785507,0.7503878863533802,0.6891220033354252,0.7654752842433934
4568,0.3243885338306427,0.49624579944974595,0.617032877022948,0.47565225685053203
457,0.1662960946559906,0.5451051487889472,0.4296496320138092,0.4612526865896941
4571,0.07810787856578827,0.9134514801544977,0.8706745798838201,0.8651075775322942
4572,0.09706760942935944,0.5648428560150577,0.2195057418449271,0.7624522633290375
4576,0.01828649826347828,0.8333656381109305,0.5843866593475386,0.9176857126554219
4579,0.03667726740241051,0.936442991511982,0.8343788619999792,0.9343496872397137
4580,0.019539058208465576,0.6542094795851279,0.4326472415189218,0.6053200629813951
4581,0.0882531926035881,0.7041390881047129,0.5746204266138494,0.7833254126916179
4582,0.1793082356452942,0.5398194838218703,0.43485449695460243,0.4208536371244202
4583,0.16281962394714355,0.5410600872520839,0.5811408125331397,0.5949120665363151
4586,0.04600797966122627,0.6145869431751809,0.5253871986947417,0.6184544416602175
4587,0.04492578282952309,0.6252100900664598,0.6474627376564388,0.7501835217061535
4589,0.21038712561130524,0.6987489980933203,0.6362273909530316,0.6928854904586901
4591,0.14827638864517212,0.6654028104022661,0.662922328239671,0.7026481920913055
4592,0.07238972932100296,0.7444141057061895,0.5900460798962149,0.8081779455702346
4593,0.06530527770519257,0.6596795236646622,0.28646478253140123,0.7800009879418868
4597,0.638859212398529,0.2234247268643952,0.25966640521544243,0.21637502211037596
4598,0.08062407374382019,0.55803607783321,0.1619482629938253,0.39845556473217847
46,0.09343282133340836,0.6017325577452761,0.090610119190613,0.4654727020824521
4600,0.15527722239494324,0.6494693005172859,0.5848759067585331,0.5776975695250846
4601,0.06753953546285629,0.6378871263245207,0.6484431944668037,0.622487396398121
4602,0.1253824532032013,0.7773234578669013,0.6329533287919966,0.8028497236703864
4604,0.5501327514648438,0.2805946247206289,0.3362822267044589,0.2588248673329436
4606,0.11078893393278122,0.6700451992971477,0.4606846074949492,0.8127316931419754
4608,0.1663178950548172,0.479198906404126,0.3668842604021283,0.4002862184109635
461,0.07410864531993866,0.8961473169360318,0.8302499286785616,0.8642921942764711
4610,0.09999120235443115,0.5241133119075068,0.4013372685864032,0.3963385320046216
4612,0.12717784941196442,0.7411473914370057,0.7293250306594935,0.6954268960649994
4613,0.034616295248270035,0.8511300171859972,0.623721757341363,0.8254397779102405
4615,0.19450047612190247,0.5139655404034371,0.2710009277365357,0.3649196259666035
4619,0.16825373470783234,0.4550607337157534,0.12475026741552256,0.6064554379786312
4623,0.023898139595985413,0.8689243133372975,0.7913790177298635,0.8894718944539433
4625,0.24008709192276,0.46644982850029404,0.3387612937573367,0.39829560964767863
4626,0.18186824023723602,0.6265518945797514,0.44037947834283747,0.6711037660932095
4627,0.03813958540558815,0.8378694707532865,0.6944496340129485,0.8482396803795322
4628,0.015466062352061272,0.9009263267096979,0.7273030878504845,0.9285421693250357
4631,0.10314645618200302,0.4577192217387108,0.13601461412590893,0.3832483554696923
4634,0.027524052187800407,0.8692757643633682,0.7593067029107234,0.9005876786115772
4638,0.02986021898686886,0.8339370793785019,0.6552009198002814,0.8000836620041012
464,0.007945112884044647,0.9438475751116109,0.8187697945177332,0.9628178910559755
4640,0.025203775614500046,0.5833191547091615,0.2689603126828312,0.6002910661629379
4642,0.2577153444290161,0.4540973915790075,0.23112314683751745,0.34552275980858094
4645,0.2557929754257202,0.37271067905558264,0.028138868925097336,0.25557035076129375
4647,0.07323607802391052,0.6551646977169595,0.3462654162865144,0.8306399177920769
4648,0.19663602113723755,0.5192967699504697,0.4981858103442325,0.4885057749506506
465,0.17355480790138245,0.41522224309835437,0.02961381250680184,0.2524632469109839
4650,0.11962071061134338,0.7256978272977885,0.5700591386543734,0.7994473358222015
4651,0.050895266234874725,0.8517062836824006,0.7482988340679115,0.8418075846595071
4652,0.11411203444004059,0.8712338306309027,0.7557021981451393,0.7725090114990273
4653,0.03222588822245598,0.9026067059742551,0.7376997717457912,0.8263693606906679
4657,0.05823624134063721,0.778055295297847,0.6999109254194664,0.7346003277365002
4658,0.06694938987493515,0.8292914081867067,0.6396675548715185,0.8783981030056844
4659,0.09231974184513092,0.7558814976955129,0.7236329003219013,0.74793121983065
466,0.038602106273174286,0.8260355346025499,0.7529320193265181,0.8988143667119954
4660,0.07634386420249939,0.46378076652009115,0.014181796374556816,0.2500415624834599
4661,0.11712411791086197,0.7033642139929677,0.5588754808480323,0.8004548084287315
4667,0.04501338303089142,0.8856944191885532,0.7189158458046728,0.8846029869803468
4668,0.0202323105186224,0.5366793427399319,0.07745713813214837,0.6158775575876618
4670,0.02762369066476822,0.9511458263291036,0.8284551691650005,0.9379508253612346
4671,0.049964819103479385,0.6178493879222138,0.3937934026807751,0.6401332563054518
4673,0.07401464879512787,0.4629211008624587,0.0014115722736023834,0.42713715792122403
4678,0.15651018917560577,0.45292920747523835,0.2932216640909972,0.34088168611469405
4679,0.31589213013648987,0.4008262125231614,0.35074045019522576,0.38539506726197553
468,0.2077351212501526,0.6928828993036509,0.7360559032289351,0.7063338713584405
4680,0.030461793765425682,0.5011868573537788,0.025358968975684477,0.26654509086693934
4681,0.03418510779738426,0.6008517036470608,0.2600543661554344,0.45838244182348514
4682,0.04542042687535286,0.7560585003388905,0.4296998428465317,0.8139460029712431
4685,0.06344406306743622,0.7240814671193893,0.3452869369605268,0.753952833399226
4686,0.39003968238830566,0.5326354642462349,0.6622397914553142,0.45241890410090785
4688,0.09964968264102936,0.756222822161007,0.5825878894643045,0.7923507147379782
4691,0.14529290795326233,0.5160016645273162,0.36161995196696556,0.41694370846997886
4692,0.0839499682188034,0.9177265581087174,0.8008928089973968,0.8728293507472727
4693,0.5535570979118347,0.3433219391515001,0.5587245921715162,0.28846160772149565
4696,0.07378610223531723,0.7923500397244199,0.4891138185200198,0.8682461747956915
4697,0.0459175668656826,0.9073700103135351,0.7928849113736425,0.9105184828839445
4699,0.05031401291489601,0.4850153508389309,0.053525000453142894,0.302513351721995
47,0.11150019615888596,0.5589175238379123,0.5745021641050851,0.526356974014034
470,0.06078719720244408,0.9013330814279619,0.7801019569830357,0.8963375084754109
4700,0.3346771001815796,0.5421289233111924,0.4040512196162483,0.5996447302162948
4701,0.0603262335062027,0.47030748220388346,0.04984624079135987,0.6262316871627137
4703,0.17293959856033325,0.7065974805194636,0.5962074271214428,0.7581231694659007
4704,0.26208552718162537,0.6252276310150813,0.7167499755699309,0.5590087410803364
4705,0.058283716440200806,0.8022572425739329,0.5134359538436422,0.8703578589520966
4707,0.29670652747154236,0.44598116132738513,0.36142329198765766,0.34712330599151275
4708,0.0782545953989029,0.9028980979273039,0.8356569099495655,0.8863337076740806
4709,0.05888746306300163,0.5682167193908407,0.17895681500249666,0.716431609604304
471,0.022135794162750244,0.9118551297974076,0.6825779882802335,0.8916295008518821
4710,0.23883961141109467,0.6668078023191308,0.7010628539578418,0.6892835264792966
4711,0.509975016117096,0.39876013262285637,0.6288821526436896,0.3594562164030647
4713,0.013180443085730076,0.7961207115676492,0.6677193293111524,0.9031206506550162
4714,0.13619385659694672,0.8134525091223543,0.8166395153411492,0.7776336053406208
4715,0.07683254033327103,0.8707504606445328,0.7191722604418663,0.8657503972272298
4716,0.27282601594924927,0.5133286815021222,0.48407766675989794,0.5281250762760001
4717,0.4966789782047272,0.28518702450021166,0.3107047245608903,0.3343257352800366
4718,0.02319049835205078,0.7455737747048755,0.4126064084707963,0.762854705848718
4719,0.08547312021255493,0.8879858019248531,0.7737207838748338,0.8521747899358378
4720,0.15760332345962524,0.6231751468170829,0.3077804942664632,0.7334347327456776
4721,0.1801673173904419,0.6103695282628907,0.5714453947386072,0.5007504396957603
4723,0.034435953944921494,0.801349465338205,0.32756693323568536,0.8224627494163137
4724,0.05807074159383774,0.9168299019800643,0.7924339903192222,0.8756516865411372
4725,0.12283626198768616,0.7639484862868795,0.6062703824868111,0.7805727465021661
4727,0.057202596217393875,0.8057598016417363,0.6251724078123185,0.8846350714809077
4728,0.17322242259979248,0.6653573888255218,0.6204651451731068,0.5819291738528745
4729,0.7720235586166382,0.17845954024248334,0.5000203068275798,0.11978546819103342
4730,0.043065231293439865,0.8856700881366306,0.5109171894720623,0.8760074168686389
4731,0.16788530349731445,0.7953223507325505,0.7811439549992641,0.7501519034440638
4732,0.2470928579568863,0.6765509084032799,0.7712726171459375,0.657341360268248
4734,0.04103124514222145,0.9379648830730349,0.789531466257772,0.9032569493167345
4737,0.44409245252609253,0.4142170454136642,0.526476642671942,0.3497514941898969
4738,0.03763299062848091,0.7292979986154693,0.1918704292085111,0.6848630706297949
4739,0.06279708445072174,0.7112141421373813,0.4518881723948255,0.7088955512215059
4740,0.0474076047539711,0.9557033667595218,0.9061804813057929,0.9164965355482504
4742,0.1126856580376625,0.7281976319120389,0.6666121161298678,0.7656302618816204
4743,0.06242350488901138,0.5983150687198138,0.3851498258687617,0.5971784941003276
4744,0.11481821537017822,0.5317715166568441,0.16590808878915875,0.7245736381471293
4745,0.08620762079954147,0.5143779809611461,0.11707029623341933,0.6276105873374267
4746,0.0913083553314209,0.5510685033665048,0.4376158814364034,0.5908376987166142
4747,0.3633188307285309,0.5373361045408399,0.5918074943492931,0.5338786729143961
4748,0.03219198063015938,0.7905190548397418,0.6321584555873738,0.838257227875093
4749,0.10083311796188354,0.7581680576087112,0.7525771995170677,0.778608739423487
475,0.043978381901979446,0.8698278266129298,0.7743949293542703,0.7743516111840472
4750,0.024067837744951248,0.6289473842411116,0.6964772327801374,0.7024396671714156
4751,0.04037105292081833,0.8769563155257016,0.6856192234401831,0.8730162416821842
4753,0.015524632297456264,0.4997633716607078,0.02402740558309041,0.2611434698073978
4754,0.12123190611600876,0.6782198277591334,0.7041054304881201,0.7299486912007002
4755,0.1714392900466919,0.6541344863454757,0.5553135132056827,0.5879834864255004
4756,0.05544012784957886,0.7237056537856617,0.5532316343169223,0.7039092416670452
4757,0.032418228685855865,0.863349591954384,0.668507495454554,0.9329079131946048
4758,0.49337148666381836,0.4543759435844176,0.5726606656544859,0.3518828584795911
4759,0.06644543260335922,0.8220027077175075,0.6533878675212951,0.8448574689756649
476,0.08606910705566406,0.46948629216468857,0.0568044377126706,0.36420943455871824
4760,0.09549003094434738,0.7062495875865691,0.46187253831953434,0.8561203534748013
4761,0.010595145635306835,0.49720058250809995,0.004142805246038678,0.2684582204939181
4762,0.07671360671520233,0.7404076314616861,0.38384423694153075,0.8048753191995142
4763,0.008882712572813034,0.5012385565868105,0.008688453923080503,0.25589200111560906
4764,0.1198592260479927,0.44875818189224265,0.00043401182795625763,0.36538627008212293
4765,0.05154677852988243,0.830873666376115,0.4383025649508688,0.7832188797905946
4766,0.023590780794620514,0.5202502727660806,0.06556689664438245,0.48164389396417817
4767,0.034275371581315994,0.4716375055687031,0.0010682604492335385,0.6067342312193418
477,0.05110761150717735,0.597004669236804,0.5457361664794632,0.6279938425145827
4771,0.20005550980567932,0.6313575173105113,0.6537876892657144,0.6851167020628048
4772,0.16722887754440308,0.6371031531642004,0.6976228566578629,0.6262860328588115
4773,0.21080973744392395,0.5800686730440663,0.5571251441572795,0.5607192050346784
4774,0.058953575789928436,0.5441081956721383,0.37652860357865703,0.6180208673355456
4775,0.1346663534641266,0.7516401916967459,0.5677077608276944,0.8202849862383592
4776,0.04489121213555336,0.8241240295355775,0.6093559980153415,0.8630042524232947
4777,0.057644322514534,0.8773722163914501,0.756161274958465,0.8267693760213071
4778,0.11493735015392303,0.8313474223102291,0.6374736123903565,0.7990555143648443
4779,0.07833126187324524,0.8133218530219669,0.6247592726822099,0.8181879932390823
4780,0.12309208512306213,0.4645622262441855,0.055379965421404866,0.5060400665744681
4782,0.08580808341503143,0.696247358437228,0.41486658376920743,0.8439335949299471
4783,0.32935941219329834,0.4968067285199803,0.40277909772721454,0.5321526971810409
4784,0.022403908893465996,0.5263205478268539,0.030534530745146685,0.29733287477077364
4785,0.021898433566093445,0.550327074224492,0.14780731117625448,0.6194441159639497
4786,0.18484818935394287,0.6503499047443907,0.6795334759013233,0.692864876996525
4788,0.17972105741500854,0.7075548163374739,0.6851936447969291,0.6497040701611199
4789,0.0949760377407074,0.893995199277536,0.8985320031107978,0.8569874043710275
4790,0.17138473689556122,0.6149930580872822,0.5666736737529231,0.5625619244702836
4791,0.22180716693401337,0.7014788314928433,0.7617422223916266,0.6503898485504527
4792,0.006330369971692562,0.5045887945951454,0.002412788474624485,0.2557468131445203
4793,0.0735560953617096,0.48647397203851583,0.03739393053103562,0.5104339218870891
4794,0.1452457159757614,0.7507336093763546,0.707159124086672,0.639275258743693
4795,0.15092650055885315,0.6824945327148327,0.5911610682180937,0.704095082985585
4796,0.07655156403779984,0.8355963464200464,0.6254102155664694,0.8299509417490928
4797,0.05609828233718872,0.4744367662338044,0.0019457409500907598,0.36308414538207356
4799,0.07963699102401733,0.7469207609277753,0.6119789818913197,0.7882712743933682
48,0.17934365570545197,0.5387425419885011,0.10432255924549115,0.5786083367846964
480,0.08038455992937088,0.7955854788354064,0.7728422970051807,0.80560479271623
4800,0.08519039303064346,0.8169241477018626,0.7494835032644759,0.8211464456865235
4801,0.1657186895608902,0.5901863726059443,0.5078879666293374,0.5234645596986209
4802,0.01995708979666233,0.7708231877232206,0.6169927129392206,0.9290529986371635
4803,0.04588418826460838,0.9464401856691373,0.8705295645701735,0.9213812448618937
4804,0.287837952375412,0.5762572037068507,0.5035535244695897,0.6219317028731701
4805,0.11937984079122543,0.815841553896743,0.7356435138236004,0.7981498468361281
4806,0.04498088359832764,0.811882051011051,0.8285625188700247,0.8674804874093538
4807,0.027750369161367416,0.8600587026393989,0.5865574935952855,0.8897651431620381
4808,0.1408613622188568,0.6565031229757776,0.5151315323423992,0.7456640396089833
4809,0.1012650653719902,0.9030183112511319,0.9071058433477004,0.8581175653013833
481,0.13389602303504944,0.8464962112490896,0.8219970996597428,0.8023511815021094
4810,0.2378120720386505,0.48895418239062094,0.36333021709540686,0.4000576872353003
4811,0.1510099619626999,0.7045190462583215,0.6698266524112806,0.6448996040886348
4812,0.0791550800204277,0.797067844195227,0.6794272646922662,0.782806044617212
4813,0.008431804366409779,0.6800868152086318,0.2209611226514603,0.739370609528732
4814,0.042693160474300385,0.7499351195657611,0.5390623736374893,0.8750048707078903
4815,0.0353836789727211,0.47899419311254604,0.009576145868632556,0.2989020682226405
4818,0.10687512904405594,0.8125802228895651,0.6796445822138077,0.8502124661364083
482,0.12518437206745148,0.76515813721306,0.8245265533647614,0.766255535194622
4821,0.3265804946422577,0.5910640022013796,0.7505014281396527,0.5396231777276592
4822,0.0958426222205162,0.8651093143552546,0.863489851279938,0.832347723470535
4823,0.09159983694553375,0.5464790434113153,0.2727520960047498,0.37748039184685167
4824,0.07305112481117249,0.6762770985297973,0.32236203732943763,0.810242452501625
4825,0.06619682163000107,0.7037459707909061,0.3982328789911349,0.7945314623271494
4827,0.06142432615160942,0.879745269377668,0.6859573327357297,0.8868494723955272
4828,0.26167821884155273,0.4758170696173004,0.1562303691923275,0.5317970800417258
4829,0.030346795916557312,0.943304529050371,0.8758962205791114,0.9304176176013569
483,0.1218930333852768,0.5210552980356754,0.4701560007967567,0.4338247727352439
4832,0.0924784243106842,0.9141046221591613,0.8351829882649681,0.8416421537409278
4835,0.012242733500897884,0.9551934843418837,0.9146985740995538,0.9634059525991386
4836,0.13242699205875397,0.7821371973310599,0.6411596542634066,0.780297911038826
4838,0.06792936474084854,0.8422332794783082,0.7482617585719671,0.8061421757530762
4839,0.11961466073989868,0.8603374370854068,0.8073829430060886,0.8208660986916065
4840,0.038426827639341354,0.9025261495560715,0.7921724003074113,0.9044106767540431
4841,0.13349533081054688,0.576184592043994,0.48140735879806146,0.5054237655393414
4842,0.011065579019486904,0.8810448776017439,0.642946939246851,0.9218838505175881
4843,0.07958388328552246,0.8198400422495254,0.7988714119278305,0.7965070379371733
4844,0.20386995375156403,0.7892868020089335,0.8191235059219789,0.6964085756066796
4845,0.08609705418348312,0.867067638146759,0.757406536685012,0.7623493226321666
4846,0.041272979229688644,0.8630367361276052,0.6069061454234664,0.9020909601587801
4848,0.06119757518172264,0.48002155576927347,0.06555725064932376,0.2677038160714206
4849,0.060267455875873566,0.7885002386979694,0.37801716177016986,0.7883972415808539
4850,0.07217157632112503,0.9100721882953553,0.8375397617922299,0.8832211150767807
4852,0.03390800580382347,0.870126996272431,0.5764399849690371,0.8668180616591125
4854,0.02189798280596733,0.7439597627422702,0.2170453611240626,0.6703767012865107
4855,0.10807276517152786,0.8520678682213041,0.7811751438949255,0.7573661765421346
4856,0.07375761866569519,0.7755959067278548,0.4373730793895944,0.8162727881396203
4857,0.10103334486484528,0.868811855815587,0.74667741380106,0.7660878953565278
4858,0.15100087225437164,0.8437991005932867,0.7796285172147787,0.76032522860053
4859,0.1358136385679245,0.6670538713263201,0.29483220734903287,0.6674777548186202
486,0.26913851499557495,0.6086974407000895,0.6672721547841177,0.5267632062089176
4860,0.01837087608873844,0.9173827346268882,0.8291321097379006,0.9167654165563208
4861,0.03254789113998413,0.8571273594233257,0.6049235480124512,0.9117897076477373
4862,0.053110744804143906,0.948015727921556,0.8569004879460076,0.9034649046685727
4864,0.03961237519979477,0.9368137312535694,0.7056201082802986,0.9096057904746331
4865,0.029083749279379845,0.9296766384247809,0.6499956232676803,0.8937133667759679
4867,0.10256331413984299,0.8685787495213005,0.7676462165047867,0.8024747533398748
4868,0.04471235349774361,0.9365762654875835,0.794536670480061,0.8960265702630223
4869,0.13274922966957092,0.7046066189884743,0.520534709014342,0.7175851386007823
4870,0.08373173326253891,0.7625104999818155,0.36840468154180345,0.7306950150425251
4871,0.1842651516199112,0.7110440521076831,0.7536822560190716,0.6641772867210102
4872,0.016622627153992653,0.9176936333838672,0.6997439780021402,0.9453669067456947
4873,0.05574687942862511,0.8153415570229439,0.38919520103446364,0.792647968070568
4874,0.09806014597415924,0.7859626072507115,0.5151590328218026,0.7555078265493723
4876,0.02507108822464943,0.9490293657123389,0.8058020279279667,0.9307580088762405
4878,0.07597099989652634,0.46537321243302504,0.021800878161128388,0.2517971189045205
4879,0.0462137833237648,0.9412156161961387,0.8963366126112975,0.9202863042971244
488,0.1128353551030159,0.7649202414529461,0.5363402107106856,0.8021059380512855
4881,0.08193328976631165,0.8649949629146958,0.6024706844181813,0.8141532115958797
4884,0.04380080848932266,0.7962530779842867,0.4256962298367399,0.7963389448999801
4885,0.3228566646575928,0.3404004110401672,0.020222826295700828,0.252151300056793
4886,0.08531717956066132,0.8991443757873205,0.8386164285862371,0.849215879775113
4887,0.040022414177656174,0.7356470577648757,0.24729124938078775,0.7679410344609661
4888,0.015895508229732513,0.9301761126927133,0.7185372808968328,0.9556516171785794
489,0.3630408048629761,0.3211872730330894,0.033093796658830166,0.25374961960230524
4890,0.19616323709487915,0.6613229169532152,0.6512398806185051,0.591124969609172
4891,0.16808831691741943,0.6724183646829401,0.6619829242799223,0.6079142064711694
4892,0.09856332838535309,0.872573302506513,0.7938892531356977,0.8454780298677634
4896,0.13277234137058258,0.7228205894358692,0.4062853148896881,0.7289973510536961
4897,0.060554154217243195,0.878062901874282,0.6900775052935721,0.8625252700326176
4898,0.05520736053586006,0.8331741257258948,0.5367905591247105,0.8648759953277954
49,0.20745064318180084,0.42551254262939714,0.1950469402876466,0.6386689639093033
490,0.013468804769217968,0.7669236785716267,0.5448223342454729,0.9191169132340558
4900,0.053370166569948196,0.9480816289147436,0.8385843294319743,0.8980710071772052
4901,0.045890405774116516,0.8744349132314856,0.6097107283966371,0.8878423258874716
4902,0.09875472635030746,0.8701516018255302,0.7258029462574299,0.7948971550147682
4903,0.11833471804857254,0.4422050510889396,0.014484914418720263,0.2537776808318659
4904,0.17833808064460754,0.4194156138018459,0.09215147611170205,0.2720885634403706
4905,0.058664608746767044,0.8996332892895273,0.6793918358887706,0.8915877547823889
4907,0.014384763315320015,0.8120949207379606,0.4572813167680339,0.8777120322767891
4908,0.011644795536994934,0.9213689408949597,0.6728798674362972,0.9178197849991357
4910,0.038205161690711975,0.6652560876583404,0.28759358331477436,0.6808029469802759
4911,0.035352934151887894,0.9303505687099796,0.8160148590425166,0.8739613046804413
4912,0.09422987699508667,0.830541590789001,0.6755542528113796,0.7201802672585893
4913,0.23134563863277435,0.6088291591341612,0.654245771785061,0.547932731985237
4914,0.06242070347070694,0.9123515720762907,0.6590024521852293,0.8657330596117718
4915,0.09197960793972015,0.8802786981148976,0.852324768813356,0.8442447084968614
4916,0.13561776280403137,0.7577244143551405,0.4793319532268573,0.757857387931063
4917,0.18537811934947968,0.5968170913642592,0.6086574717332945,0.5268930404957258
4918,0.08878584951162338,0.795840314341866,0.5218272911735506,0.8022539011973138
4919,0.07547121495008469,0.9157430614462623,0.8151257596369611,0.8940330047589813
492,0.0654677301645279,0.7435645444330172,0.7187347112992885,0.7549170890933128
4920,0.07767573744058609,0.873043977325604,0.8357994982642049,0.8236151319875078
4921,0.05008263513445854,0.7712005616291508,0.41141695800390393,0.7343346536156325
4922,0.03892548754811287,0.937116900600502,0.8773286942581373,0.9245113821595532
4923,0.06999809294939041,0.7209271836871853,0.6861179766438603,0.7135729378329272
4924,0.018366649746894836,0.8865157943620481,0.5497936917946415,0.8809439253493088
4925,0.06314965337514877,0.9250397037430956,0.8615209949960422,0.8855846247690523
4926,0.04424414038658142,0.9437325537566582,0.8318182293984474,0.9178965481317574
4927,0.08906179666519165,0.5969564201273542,0.37383998202481067,0.8159777140895905
4930,0.07069241255521774,0.7547544276086038,0.6196256241206659,0.6197511160197209
4931,0.015095369890332222,0.8616841350527205,0.4511499843349051,0.8819047166589586
4933,0.04967429116368294,0.939434341516096,0.8448404718998759,0.8721542869380636
4934,0.044495031237602234,0.6373900222030653,0.4771899225440215,0.7991115486946037
4935,0.07415732741355896,0.4648965154062932,0.014423410078757685,0.24991155975044332
4937,0.04482360556721687,0.7466038698124754,0.31207600077757974,0.7159269000252112
4938,0.1007402092218399,0.6976720248230056,0.3203102572069208,0.6682012652390201
4939,0.1391383558511734,0.5283277844938086,0.45254696703436365,0.42500453418886075
4940,0.039049264043569565,0.8964340831182637,0.586045807627834,0.8713414774454289
4943,0.05843482166528702,0.937426005394222,0.8255335430448245,0.8944498261555107
4945,0.08423388004302979,0.8824646347838839,0.7257741768078696,0.8471622698896472
4946,0.14137114584445953,0.7388093505718666,0.562198781522043,0.6346518689459829
4947,0.08657480776309967,0.9143520414082734,0.828735145112917,0.8566722992712867
4948,0.08664193004369736,0.9050495059022527,0.8916277508831493,0.8579799799468182
4949,0.07101299613714218,0.5935013107459486,0.5080552192137039,0.47652168883325896
495,0.12013030797243118,0.7385024586181008,0.5891549372110605,0.6853910493166043
4956,0.010478176176548004,0.777590068451447,0.3467992068479066,0.8083441714209219
4959,0.07394013553857803,0.4843855901787045,0.0036764985918206006,0.2955675494333238
4961,0.03965716436505318,0.5700771593019697,0.0991274439407469,0.6300696087648143
4965,0.02241341955959797,0.8533484773220653,0.5768378547321192,0.9230149929871205
4966,0.012341001071035862,0.8329151904155377,0.5706102320483599,0.9195669274317262
4968,0.0492323562502861,0.6092780573082542,0.4670948348808076,0.6690566674107017
4971,0.030173230916261673,0.48356848938005786,0.03221260460662292,0.2753645701418834
4977,0.17387595772743225,0.5025056573955816,0.30241464085950953,0.5574562038270559
4978,0.09882904589176178,0.6447880750299912,0.6189740396308356,0.7040742838792371
4979,0.15412411093711853,0.5512445462730706,0.17352302390776445,0.5855521629184299
4980,0.006048247683793306,0.8746286895434204,0.6281790031234533,0.9229697507175203
4983,0.058515019714832306,0.675595050817883,0.28024418633675374,0.46529599282708
4984,0.0773407444357872,0.46342308577214775,0.03597107203616499,0.25837497407691457
4986,0.1411696821451187,0.43656173448350194,0.018588576549230185,0.4363743509467972
4987,0.11327333003282547,0.8021988447203063,0.8327315964414226,0.7888282911351621
4990,0.12176681309938431,0.842846537563156,0.645688666947383,0.7330469045529806
4993,0.052865397185087204,0.8381539134282079,0.601488426947564,0.8785984695200673
4995,0.04117914289236069,0.46718762699137917,0.00377662270226357,0.6861528913539481
4996,0.23370449244976044,0.4648704920536884,0.33489132710841873,0.39372885138661345
4997,0.07068029046058655,0.613625374468344,0.44336906511975205,0.5538471513299612
4999,0.0175884198397398,0.49269110402202904,0.009202946521556897,0.7327159714750026
5,0.14059428870677948,0.4316917954951384,0.01865216282797299,0.25196189181658535
50,0.09368672966957092,0.6502913335712448,0.22771710451424143,0.6309665318279625
500,0.058348216116428375,0.8878849797436503,0.7700570485898075,0.8700965183480045
5001,0.03290440887212753,0.7574253830134791,0.4085602296837531,0.8442280374956863
5002,0.016349399462342262,0.9464914598178931,0.8120499541492557,0.9503087803706225
5003,0.020654665306210518,0.4820261583475012,0.0013104240269762625,0.48871511127282885
5004,0.06609645485877991,0.6365451427170004,0.1679904608851028,0.5846472365328114
5005,0.05140864849090576,0.6008031372706718,0.47143002111977356,0.7584650215116371
5006,0.04993019998073578,0.7710913716452981,0.5601595050079043,0.8637812382662583
5008,0.028003184124827385,0.719404393509448,0.505108429552296,0.6587037533916427
5009,0.037544041872024536,0.8412803615700948,0.7514589991997914,0.8332708687820342
501,0.21454040706157684,0.7536270854458603,0.4293976994279498,0.5856051757256584
5012,0.015627605840563774,0.5316206923736909,0.045289971509304375,0.4119965194133952
5014,0.02994323894381523,0.4804852605800822,0.020249443702669984,0.7262623188554487
5018,0.12048812210559845,0.703055931411291,0.3765348726285299,0.7742578407070233
502,0.1667488068342209,0.7804973600318161,0.7562560019779072,0.7663196543076802
5022,0.09312428534030914,0.4516778441065198,0.021138275935975292,0.29912183479861404
5023,0.04180862382054329,0.5782338850468629,0.18255867279358357,0.8261546669806975
5024,0.008685518056154251,0.5795091018695384,0.1765689429498647,0.6672478166957849
5025,0.04881827160716057,0.5931116818408271,0.32720280222836445,0.5049265591784267
5027,0.3012653887271881,0.5423298093849331,0.3752736552230463,0.5915967350278143
5028,0.128146693110466,0.47244164243055475,0.330018243318442,0.36197123399062814
503,0.0629664808511734,0.9230582596143891,0.8110917070414331,0.8982238834385623
5030,0.11054329574108124,0.4514911272061327,0.07975195497471493,0.27022939109654576
5033,0.23756341636180878,0.42835909487657253,0.3427704674383054,0.3529568361965381
5035,0.06502840667963028,0.7943178509355331,0.6313978000286038,0.8821194355361797
5036,0.00875590369105339,0.9339094464575539,0.7792485629942459,0.9621586613331998
5037,0.024262353777885437,0.626929446667837,0.07783734565243311,0.4601009919247969
5038,0.018656568601727486,0.7684405892446562,0.5392787195913554,0.6863312676516904
5039,0.09335242211818695,0.4954112796119033,0.28313871540664787,0.3508384075648944
504,0.07741616666316986,0.8330237518877388,0.7899126193008464,0.8359238926558887
5042,0.06220293417572975,0.6239022926434384,0.4743710405373495,0.5698803458273484
5045,0.15307191014289856,0.48385139840351726,0.07970676892193843,0.4965677122945315
5046,0.0217901561409235,0.7976426882847589,0.6223641108106053,0.9192741995487046
505,0.10461091250181198,0.872814441560612,0.6632127123854835,0.8237189972003938
5050,0.04472102224826813,0.6936210638680003,0.6129548463119733,0.7207985915688458
5054,0.038844604045152664,0.6145927686136872,0.1864821832057412,0.6222939021645775
5057,0.042663462460041046,0.7184668718948388,0.6708764397454563,0.6586014096994373
5061,0.047642748802900314,0.8102935507265807,0.49317879115472385,0.8450889499516618
5062,0.06712855398654938,0.8037455348264757,0.6510029843056481,0.6835407219537015
5063,0.0878036767244339,0.8269234318148513,0.5743873880330221,0.8376785086725291
5065,0.29358381032943726,0.36102111876117626,0.11349515663067676,0.27294919626140624
5066,0.0248765517026186,0.7843668967499728,0.7433995580266468,0.8427769961081828
5067,0.371906578540802,0.3170502385768623,0.04749346306189262,0.2529610205785588
5070,0.010444358922541142,0.49454424253858703,0.00034199029419965045,0.30870398362659784
5071,0.0165046826004982,0.4755381221852241,6.754764169267386e-05,0.5918207330189238
5072,0.05600913614034653,0.7990500627040824,0.6066249785612621,0.7524952190995831
508,0.0044961534440517426,0.940955915150097,0.887520455602053,0.9693862392414129
5089,0.05674758926033974,0.4692664274041656,0.0020951332426234854,0.2957568303420871
509,0.06265531480312347,0.8961961031155181,0.6790445341454369,0.8555011480139616
51,0.06535298377275467,0.9166946818917545,0.7458471703142793,0.9030298423539281
5105,0.09443465620279312,0.4617927368570573,0.00797244675836365,0.4832227497946351
5108,0.089659184217453,0.8375419447579127,0.793438012814984,0.829247874269198
5109,0.04739249497652054,0.752054839220958,0.5503931034538181,0.8729965408206413
5110,0.05404757335782051,0.8738528381016806,0.5864018776296335,0.8631530985686117
5114,0.08100510388612747,0.5718388607811073,0.3955950641217172,0.45073632391929397
5117,0.025786900892853737,0.8605952618066167,0.6463660788275656,0.7625913323464015
5119,0.08300143480300903,0.7809325492482422,0.7470027799556991,0.7806193929671386
512,0.3588160276412964,0.5719860279664013,0.6168062475414914,0.5418835221475812
5120,0.0191839337348938,0.8815895605162254,0.6287159222277093,0.941458613181712
5121,0.054234351962804794,0.7003472895213494,0.4835953933648515,0.8282153925000437
5123,0.01861722581088543,0.9389997603119878,0.732441608873718,0.9156085040345079
5125,0.022619212046265602,0.8380054284752168,0.4610892912759035,0.8439240952471059
5126,0.08554185926914215,0.87141162504591,0.6264352406377074,0.8484134057424727
5128,0.11105511337518692,0.7073842574141562,0.3536096485725391,0.7513440780327669
513,0.1551172137260437,0.7502928476038672,0.5868617138991656,0.6343894063024031
5131,0.18947277963161469,0.6457178797070903,0.43995964186355013,0.6450535149855308
5134,0.050361473113298416,0.5701243718308512,0.44788405866192893,0.7281240420030566
5136,0.0786035880446434,0.7486532986587093,0.4006196585540646,0.7904901147342007
5139,0.4166176915168762,0.29368949620887785,0.040889410229585726,0.2504631689166912
514,0.13639961183071136,0.5967014380491045,0.20201691913040135,0.6762571668164425
5141,0.03690857067704201,0.6692440582045447,0.7602149902087182,0.8722014367704307
5147,0.09225031733512878,0.8257434060192537,0.6590065727322199,0.8528237553362026
5149,0.13785991072654724,0.8437786068890835,0.8149601736039057,0.793735155797678
515,0.24213312566280365,0.7198521064842196,0.7067093426706488,0.6431172952780511
5151,0.13115422427654266,0.7151697216160159,0.6687517962098126,0.6374993912448417
5156,0.022517334669828415,0.6312252083482552,0.17004066021127326,0.6979066494310331
5159,0.07321305572986603,0.6622085444390249,0.6216419197603501,0.7750393341418655
516,0.08517739176750183,0.717700751148822,0.27595182219381004,0.74135317143706
5162,0.008712214417755604,0.8814919393629488,0.6751728843376814,0.9452921816477462
5164,0.12594349682331085,0.5511722155647895,0.22009910025116225,0.6054699735049797
5165,0.05727551877498627,0.725552372023857,0.4673652112421714,0.7514392713767928
5168,0.2481732815504074,0.5227045799974437,0.5614869436787356,0.47009759472011503
5169,0.1762072592973709,0.7379105943482096,0.7215468846557856,0.6542137159180454
517,0.10118722170591354,0.801418978060123,0.6333237827295642,0.8028266039179693
5170,0.05933809280395508,0.5583396395764043,0.13297183882082061,0.7857403518786332
5175,0.03493371605873108,0.669351772348503,0.4807046785766941,0.8666967891260078
5176,0.04836059361696243,0.8794023841492591,0.7978860244981839,0.9174737128146637
5178,0.01627996377646923,0.9597037527004808,0.7984151425902377,0.9453744671039305
5179,0.17877928912639618,0.41293359273591523,0.03923677035829021,0.2568488488288383
518,0.030264059081673622,0.9173501960114141,0.8156322794542575,0.924899572720959
5180,0.3876655101776123,0.5347558839165865,0.5735188116211305,0.4330157162754251
5181,0.15653933584690094,0.4256341564826911,0.05812017597553395,0.26365929694773776
5183,0.010293609462678432,0.8781350880946459,0.6628212637988807,0.8380538904396286
5185,0.24216073751449585,0.38126801839842117,0.022064773678107667,0.24985396240013452
5187,0.12015795707702637,0.8449883408357077,0.7374008399759084,0.8233301217002481
5189,0.07441075891256332,0.7616690890349849,0.6558061525785763,0.6898217143717779
519,0.12845182418823242,0.5366298165590864,0.3074397873551107,0.4280916273509117
5191,0.2448599934577942,0.3929547211593322,0.1791628133822061,0.294530811670939
5192,0.008522351272404194,0.853022309087885,0.5653062102655634,0.8290671033409055
5194,0.08964124321937561,0.7951275081838036,0.6490246941601683,0.8629930288457883
5195,0.05007079243659973,0.8341220809179049,0.7844972617554323,0.8705628050154435
5196,0.09358789771795273,0.5691959853796774,0.5919383311306962,0.6138918308045374
5197,0.18682463467121124,0.40699364019251194,0.07651225422829953,0.2732054549677342
5198,0.18430817127227783,0.6202775433067247,0.6003667731963489,0.5890816830890867
52,0.04629845544695854,0.47987007214669536,0.017477812534655433,0.25128823988051674
520,0.41867172718048096,0.30167038043214345,0.12962819901923286,0.2722176240555275
5200,0.11838708817958832,0.4594427658282559,0.20328487252573482,0.3084049110119905
5201,0.158181831240654,0.4238978319434712,0.03379250375936467,0.2548018558437535
5205,0.04328949749469757,0.4939700848540115,0.005709516343187005,0.3790952196358429
5206,0.18257884681224823,0.4106732682802255,0.013353422651439687,0.24948374036880727
5207,0.4167105555534363,0.4342244247795283,0.5602924244478705,0.4060023330449431
5209,0.04925478622317314,0.8463470650321689,0.7008101906751388,0.8759484199668245
521,0.019389726221561432,0.5004092334235787,0.010249853833433447,0.5587272276306278
5210,0.3370496332645416,0.33682141619024236,0.07975483949694402,0.2637852870239985
5211,0.27147549390792847,0.604333555448718,0.6446436723789141,0.5164772109721856
5212,0.2051016092300415,0.529032788665139,0.5035618954205056,0.5048033281721125
5213,0.04028976708650589,0.5650722399036582,0.26011620667050916,0.5366011897589421
5214,0.12058974802494049,0.6186615717479631,0.4326625843972832,0.5092313843988107
5216,0.2222232222557068,0.7602899470358883,0.8373520009213933,0.6973799862192126
5217,0.10244550555944443,0.7489483436831157,0.5905734475546089,0.7479833191871728
5218,0.020263124257326126,0.7820993709428476,0.6308162627009853,0.8114509717216685
5219,0.10890265554189682,0.7798883667412269,0.6479064739188292,0.8098027746538563
522,0.14526307582855225,0.8528897944574539,0.7558798362218472,0.7511207424009573
5222,0.025333361700177193,0.767530277875257,0.3366922340807752,0.800819224334596
5223,0.041964806616306305,0.8973932311867246,0.8767726076944761,0.885171921839471
5233,0.08043324202299118,0.8319101037551806,0.594259995132335,0.798066219259187
5234,0.07757741957902908,0.6609981198836113,0.21968407411187882,0.646685954475797
5235,0.08580384403467178,0.5266334933417494,0.22831456604862838,0.6426939946602223
5236,0.5406234860420227,0.3812427550748741,0.6544366632387102,0.29428814190542096
5237,0.06774814426898956,0.7483799154841299,0.7284033370023525,0.739417779862862
5238,0.2118636518716812,0.3962678794733377,0.03700350338572881,0.25539286731018906
5239,0.061707671731710434,0.7067014369034295,0.6233613063940645,0.6390193585247246
524,0.7094526886940002,0.15038112250161317,0.07270145517957395,0.2529080267863764
5241,0.15294301509857178,0.713903915242642,0.42159250719555896,0.7015437306057
5242,0.0418136827647686,0.8059665878131494,0.757791095245488,0.8830453342800353
5243,0.11304522305727005,0.7942570654065196,0.4746785711408196,0.8113113095997735
5244,0.19227159023284912,0.6904065312708294,0.6432123963276392,0.7217961747633059
5245,0.04627998545765877,0.885624658995855,0.6913078189157453,0.8826028860460022
5246,0.15298344194889069,0.6890490678391166,0.2863998312480094,0.5875896832885454
5247,0.1916968822479248,0.4857450557080647,0.3251433922781773,0.37869179519805435
5248,0.03758946806192398,0.7726349966498863,0.5566542117026314,0.8226889503783832
5249,0.11512035131454468,0.7574920287794269,0.618938153100342,0.6929494394562604
525,0.1271916627883911,0.8324294912758059,0.7491708091646873,0.8190554583521524
5250,0.04025436192750931,0.860840429178797,0.6278044126082111,0.870087000373231
5253,0.04951060190796852,0.6294101081469613,0.13196932046675067,0.4239160402486112
5256,0.10368330031633377,0.6726492228969357,0.6780086016028953,0.6817083545643599
5257,0.054044127464294434,0.8265174400457149,0.6865512899480067,0.8548654152368222
5258,0.10304752737283707,0.4730018291303936,0.18444632218349652,0.35695280098918813
5259,0.13309483230113983,0.7716699176645914,0.6806343700513362,0.7657115205584393
526,0.12344156950712204,0.8410277746097099,0.6775062790386869,0.8346792660959301
5263,0.0625738799571991,0.6482653235088507,0.265793431596078,0.8220754039847351
5265,0.07390715926885605,0.8685412761179252,0.754782403923301,0.8686428991223081
5266,0.053441472351551056,0.8267015911158835,0.4714272091725819,0.8841688067659796
5267,0.16217683255672455,0.5415142104373135,0.12580607944513134,0.6388320175740763
5269,0.10167538374662399,0.7019009220925758,0.39108352017139497,0.622621152278606
5270,0.0679408609867096,0.735824706936101,0.36450867930398434,0.7817827498767971
5271,0.04279745742678642,0.6968709320334879,0.46022040685190674,0.8351831861206693
5272,0.096816286444664,0.7976097571216755,0.43629647122829035,0.7173750171027143
5273,0.08895687013864517,0.7269779623888462,0.30696139709302517,0.7138624268490084
5274,0.07727858424186707,0.7786683966492927,0.7107318941627652,0.8103576549719964
5275,0.03363215550780296,0.7650152798884904,0.4034857625475126,0.8033343279405432
5276,0.09255041927099228,0.7718529384490556,0.518130355334697,0.8175062117633567
5277,0.06926669180393219,0.8833214367170465,0.6652302070106517,0.8615723272690058
5278,0.07882613688707352,0.5095354331439783,0.09424635008526079,0.4801365317030315
5279,0.06185547262430191,0.7329769249325414,0.48587137728325536,0.8572568749684947
528,0.04147529974579811,0.47017989728634696,0.0017940866179702235,0.47556633428493644
5283,0.17092512547969818,0.592215068169182,0.4090566524171552,0.59089002496724
5284,0.13865643739700317,0.6604875919768985,0.49374663853969253,0.5068995365261163
5285,0.08189033716917038,0.8151312307234517,0.48127863072289545,0.783243437249503
5286,0.10700928419828415,0.4661935202589649,0.010341594527674395,0.4827159543046499
5287,0.0789918377995491,0.6657418216507456,0.18211905518464186,0.4570523734768711
5288,0.12840913236141205,0.7880034722770943,0.5855183003344977,0.7600691234522379
5289,0.02232963591814041,0.49700838529112273,0.015936330829963683,0.30652472064768777
529,0.09650065749883652,0.4631297495895983,0.014952299950804953,0.3433491367749385
5290,0.08628998696804047,0.8246205718289792,0.6847361017014035,0.7687534663307762
5291,0.04847089946269989,0.5743172669406399,0.0844446218282176,0.38636567801668453
5293,0.12959232926368713,0.5150462828708509,0.07653002720780369,0.41153511177442637
5294,0.07189420610666275,0.8581056592417402,0.5814080478865414,0.7808887844692352
5295,0.0640261173248291,0.8669151848307501,0.787311798177561,0.865164558206864
5298,0.10500179976224899,0.541393029491873,0.16702229952080097,0.562041617374809
5299,0.012209261767566204,0.8998651620013427,0.6101703198261832,0.9123846342756285
53,0.08808282017707825,0.6747083558306709,0.420449057482126,0.721131139695291
530,0.01620286889374256,0.9178500327813626,0.6542266439573416,0.8161522081059498
5300,0.044395577162504196,0.6493187436312187,0.2207664606487018,0.7698465980580722
5301,0.059372927993535995,0.8963147453856637,0.8324196927810337,0.8913620340421641
5304,0.1261724829673767,0.6478040080865397,0.29102555868271457,0.7168863572858322
5305,0.18273410201072693,0.7877367240554216,0.7547845327655683,0.7026153575750043
5307,0.061629414558410645,0.4744800035913875,0.02635996196228561,0.2564091048426876
5308,0.0646200031042099,0.5526516177101157,0.17231994023937033,0.6561150562219638
5309,0.12672920525074005,0.603724904858282,0.2352935834332906,0.6948010308966
531,0.05932970345020294,0.9249457202468987,0.7186103405019838,0.8702016933218857
5310,0.10449257493019104,0.7624602492165091,0.49510276046586416,0.805271457963203
5311,0.037972595542669296,0.7305541967669613,0.488650997127705,0.8605651960961055
5312,0.08579183369874954,0.7697836388650922,0.4402544071692964,0.741577360404958
5313,0.3257289528846741,0.34377651407306464,0.11283583161004565,0.27071836434171453
5314,0.05063130334019661,0.8744358093687488,0.6556649518035038,0.8874172908539906
5315,0.040821198374032974,0.7051039775456405,0.36577180056054526,0.8284975565841437
5316,0.15656156837940216,0.6872728238512353,0.6772646068565013,0.6797986722528415
5319,0.10615183413028717,0.4932301248979857,0.11759074233147178,0.37042010475121856
532,0.06303375959396362,0.8903761567566469,0.7166483097095294,0.8908330806802447
5320,0.07845078408718109,0.6985985655428633,0.38722903488573146,0.8247448517583167
5321,0.0646127387881279,0.8481226925728609,0.5466233297629629,0.8440852398103437
5323,0.05650199204683304,0.84853183601693,0.8169604742535922,0.8867917292754354
5325,0.16517403721809387,0.5658256713835793,0.3693856008179454,0.5108019131287265
5327,0.05084918439388275,0.5300789144831365,0.19649552899171335,0.43039604407631565
533,0.1442127376794815,0.667010071628122,0.409376060708141,0.6989062772451851
5331,0.04770905151963234,0.7412394889388245,0.6209130028166188,0.8210148839003149
5333,0.0658901110291481,0.8691192821102238,0.5175591799490401,0.7935192608186347
5334,0.17878398299217224,0.5050559098833686,0.4377168028859056,0.46546646056620883
5335,0.018637849017977715,0.49293102271659234,0.010057371830678449,0.25289783445262615
5336,0.10935342311859131,0.6337186042304161,0.16739684320198658,0.6644994338298753
5337,0.09894007444381714,0.6275489105535178,0.07974880814547534,0.4967236023888847
5338,0.11192195117473602,0.8339523223002687,0.6757319311015719,0.8202636837699682
5339,0.1291906237602234,0.8402647635487566,0.6235982082580956,0.7870574546105339
534,0.25380459427833557,0.5640985658842952,0.46659734928757685,0.4705324311506294
5340,0.07013862580060959,0.4667401356962116,0.010263435901338897,0.24957696703224308
5342,0.021919459104537964,0.8690882605955677,0.610553386699021,0.8805947527796587
5344,0.08804124593734741,0.7200067585293717,0.2665826323069899,0.6990875105617091
5348,0.16692762076854706,0.6694573205436587,0.4105556676222016,0.709818624465645
5349,0.03886954113841057,0.7733122559838219,0.4374512518526123,0.8488781777408416
535,0.09806516021490097,0.7177316969017755,0.4146431684758606,0.6189128879262121
5351,0.03996523097157478,0.5341948657503277,0.06838957882306365,0.6436827829982195
5352,0.07400475442409515,0.5378580521027578,0.13747226269851515,0.6583172105301407
5355,0.03979211673140526,0.86625074776371,0.6683431331728292,0.8883577427528034
5356,0.10616929084062576,0.6186677184562217,0.30283000141052435,0.786234903287451
5357,0.14642934501171112,0.6963928515161063,0.5067559435398821,0.7352890563030825
5358,0.044309936463832855,0.6607895954880697,0.30592962176876726,0.4702519634853875
536,0.09740877896547318,0.8002380864776688,0.46159604063946114,0.8009024205028307
5362,0.06164330989122391,0.605359863316288,0.2022399458178335,0.6917085055321825
5364,0.12172039598226547,0.7561954537927518,0.6538411657980945,0.6751855443688051
5365,0.051538579165935516,0.8135637517616021,0.7013397761015339,0.9062187258563668
5366,0.030641961842775345,0.8309208346983341,0.8252557649294666,0.9084888641983806
5367,0.11775673925876617,0.5291517359431271,0.10556803682800002,0.6585172727000035
5368,0.07252239435911179,0.8332927009028733,0.5347938513902403,0.8004744034749091
5369,0.037542346864938736,0.8198896117895932,0.46442338532599275,0.7631162706623096
5371,0.17056062817573547,0.48152296920946813,0.4063270929678514,0.39422546646722695
5372,0.027312694117426872,0.9126302235882839,0.6650031117119478,0.893333807601745
5373,0.05808766931295395,0.642738854086729,0.47736065506911646,0.5530760356721495
5374,0.08988344669342041,0.7651581144490671,0.40650956629756435,0.7172316931935454
5375,0.033920783549547195,0.6513053053545417,0.20783108840805228,0.7766461799425488
5377,0.03148384764790535,0.8857734272287201,0.7029972674148325,0.9220366918153169
5378,0.14602012932300568,0.691730318548117,0.4383945739489192,0.7971740620675827
538,0.16019661724567413,0.7991542542009653,0.6057221791918166,0.7829413964002787
5380,0.0572936050593853,0.7148360561653592,0.48757818632593547,0.6876426622942694
5381,0.03417531028389931,0.9037880671764279,0.6645424730237823,0.841037466323199
5382,0.14939306676387787,0.642056871787248,0.6486529495754401,0.6733854145145906
5383,0.049983032047748566,0.9216543688382207,0.8345017427699539,0.8831434048530987
5384,0.09629717469215393,0.8506434607183495,0.6279966808111207,0.8044440451007595
5385,0.18130439519882202,0.6259448948611746,0.35410323255692944,0.7170902968138089
5387,0.06722275167703629,0.822618655058758,0.7801337720120048,0.8588737769462758
5388,0.0832303836941719,0.5462239668124423,0.44255729247976516,0.4630651894669454
539,0.04729605093598366,0.5995915844189792,0.5119045384368723,0.5825623093291464
5390,0.2075529247522354,0.5909337705766097,0.26480136142145316,0.6130840530636207
5391,0.09848977625370026,0.8833414863144262,0.8144812920111947,0.8656310120145783
5392,0.05567198619246483,0.7517741778646543,0.4715949701271062,0.7437980100372704
5394,0.05365515500307083,0.8199411300648871,0.6707352439342781,0.7794091712695544
5397,0.14516253769397736,0.73608636513951,0.7201209325581249,0.7094646684794588
5398,0.0645895004272461,0.820578870881048,0.544101401585376,0.8567914264223873
5399,0.2832040786743164,0.687438780543291,0.7775633828631671,0.6105503036399899
54,0.07652241736650467,0.7523060493696921,0.6638620130649332,0.807788227445982
5400,0.2926156520843506,0.6403071283722993,0.5785819661373205,0.6403744140965182
5401,0.1385665386915207,0.6821020757536178,0.37640829948736504,0.7646613110204747
5402,0.05345002934336662,0.7239746930667672,0.47658560371670516,0.7920261466209109
5403,0.416374146938324,0.2940682779528441,0.030735016916452997,0.2504699895111919
5404,0.23490741848945618,0.39788076279774487,0.15277667753269822,0.28757115170948133
5405,0.06698381900787354,0.8345405525306242,0.7202201176757278,0.82684281243063
5406,0.13983309268951416,0.5006714806087385,0.5041011818350022,0.4491753978100423
5408,0.08100628107786179,0.8605029129746463,0.6326221229925686,0.8131310203824245
5410,0.0721140205860138,0.6732480434549901,0.23085519250227876,0.7275018557532305
5411,0.05819157510995865,0.7306512690088514,0.47923350124272796,0.6461764921031646
5412,0.020999304950237274,0.9196352264591412,0.7145622504713823,0.9053728829946542
5413,0.10084313899278641,0.6482002792424202,0.500238918149573,0.5257569068487388
5414,0.16468679904937744,0.6420048231405892,0.5683933824309675,0.6212523318754557
5415,0.029901375994086266,0.6557034132351041,0.3135929336987114,0.8238421061867658
5416,0.0827353298664093,0.6945143803871282,0.526540118200209,0.7396142749475738
5417,0.16959023475646973,0.6740260199144747,0.60192228481148,0.768913346323506
5418,0.13978275656700134,0.6464171084590118,0.3042164913279226,0.6170068914940305
5419,0.14171454310417175,0.6879809341087515,0.5840894581815306,0.7184869314296597
5421,0.13252049684524536,0.6790896053296724,0.4164024592604598,0.618019850520731
5422,0.07079078257083893,0.6011998535060059,0.14425202180005242,0.5745618205583235
5425,0.07508749514818192,0.7487436340047194,0.32306646089919105,0.7416138813336047
5426,0.1091466099023819,0.5878707235286167,0.16082213846418,0.5808938711470704
5428,0.2062540501356125,0.5703778438384556,0.5455161787722153,0.561417756569512
543,0.0896228700876236,0.8503805043122158,0.5218483050840789,0.7689094624107359
5433,0.15842203795909882,0.6127421173720738,0.5832711780134007,0.5748296022751989
5434,0.062098339200019836,0.6610427137704148,0.36677114169258973,0.83405267724734
5435,0.07091682404279709,0.559352254732667,0.30531966581908276,0.398740420790426
5438,0.0811699628829956,0.7458522081884273,0.5712346254245224,0.761657623635488
5439,0.06786856055259705,0.9026400904445275,0.7236603723024075,0.895327463970522
544,0.5255542993545532,0.24461132750693584,0.10463723850046615,0.25834469470887433
5442,0.18075454235076904,0.6699872904306028,0.6852704147197634,0.6274806242934647
5443,0.07888651639223099,0.8658023827838917,0.6925308610521751,0.8779984048135394
5444,0.12300947308540344,0.7355024322127559,0.7479825875927307,0.7163388454147059
5445,0.11849144101142883,0.7060099384120382,0.5766587761863043,0.7670712286347388
5446,0.06047508120536804,0.8651772446954953,0.5598425845437673,0.8118982888310682
5447,0.08401023596525192,0.8030809558721775,0.7070254491623317,0.8233647841982996
5449,0.18026088178157806,0.6026889602387222,0.354487995139884,0.6218816793385027
5450,0.12238121777772903,0.8611061755577992,0.84317223927036,0.8338141207237149
5452,0.28489863872528076,0.4014058597612724,0.3187635263934156,0.33988232599444346
5453,0.10734398663043976,0.7664439983488986,0.5747994437695527,0.7481145078527597
5455,0.09045755118131638,0.9121545244020663,0.8155481664918081,0.872581821249914
5456,0.06376418471336365,0.8365782505557364,0.45599563648294034,0.7792226236697095
5457,0.11753325164318085,0.8254434457602692,0.8521644493172829,0.8021808453552757
546,0.024438928812742233,0.9227101522277921,0.7715595056638922,0.9235858274961558
5460,0.07957476377487183,0.7632923960385458,0.4416479712726804,0.808363050544809
5461,0.1254889816045761,0.6601133200246989,0.23956256268585674,0.6389560687474246
5462,0.036118216812610626,0.9101584932397013,0.7552083058279921,0.9230271523902778
5463,0.08808855712413788,0.6625743757693934,0.2340290329632264,0.6818192000668019
5464,0.12788519263267517,0.754223730066574,0.5760606805123434,0.7306079126037386
5465,0.16824325919151306,0.6217213795810936,0.21135176552044774,0.63704038459673
5466,0.10351046919822693,0.5930245146875861,0.16668553896361382,0.6845658120206857
5467,0.12400930374860764,0.7863568974453503,0.549811008239299,0.7641168732807717
5469,0.11585409194231033,0.5633007503214449,0.3040280968857799,0.39763895380334685
547,0.13459114730358124,0.75041157606823,0.68504109926965,0.7254313078740533
5470,0.09680436551570892,0.6505731165345516,0.45457570328225394,0.7672903143920858
5471,0.018345357850193977,0.7164073527557218,0.6036536133281201,0.8108824426675376
5474,0.1971210241317749,0.5035893666147628,0.34408327994715154,0.40353820375542926
5476,0.06359167397022247,0.8060023521352842,0.7647639557058066,0.7811949371875643
5478,0.2570543885231018,0.5134590269338346,0.33766988694326366,0.4027571529902178
5480,0.024825867265462875,0.8948951493216911,0.6437684677752501,0.8900089909226587
5482,0.018355105072259903,0.9385106824255248,0.7240903069145492,0.9334364769239134
5483,0.022207725793123245,0.8001666157661668,0.779957660927573,0.8324980981109165
5484,0.07764016836881638,0.7385439813354968,0.3767959985779487,0.8039810937618539
5485,0.14436721801757812,0.7712378963572113,0.7798620388749468,0.7115885599017779
5486,0.20303873717784882,0.40167548656203744,0.03826622017011984,0.2568679141066985
5487,0.05254988372325897,0.7297131462705146,0.5939088811152183,0.7774323255004655
5488,0.08266958594322205,0.4611431696401145,0.028077188183793424,0.2520054661582303
5489,0.07871533930301666,0.8003226024871574,0.7051937621745878,0.7916001794733252
549,0.011830448172986507,0.9483767732432206,0.8788553048014227,0.9523864034789215
5490,0.04135553911328316,0.7400527887489062,0.6282292440977291,0.6531017328352701
5491,0.008110588416457176,0.8510017666962927,0.5418195407818296,0.9111687367131199
5492,0.21244622766971588,0.5588581077021506,0.4512635256655267,0.5610710805845295
5494,0.08656573295593262,0.46335193797162905,0.08557897185194492,0.268927997658591
5495,0.1031954437494278,0.47760366846808877,0.27996594077253306,0.3443357816867926
5496,0.19583795964717865,0.40408271242492105,0.014759891158258567,0.24950914857889722
5498,0.14997728168964386,0.7219255403799556,0.6839557574101557,0.6201133115821928
5499,0.005977673921734095,0.889845823159871,0.7904893762797629,0.8661164401038215
55,0.06271132081747055,0.6859576983830985,0.2793808245781921,0.7583847952359903
550,0.026985011994838715,0.48297383997633775,0.0002906792117962807,0.4440578517168379
5500,0.09339122474193573,0.48614027390341813,0.2481260944886536,0.3351484034108888
5501,0.016332905739545822,0.9295218603612062,0.6457038992024594,0.9365879318838407
5502,0.03913045674562454,0.9001884028647268,0.6755808212357503,0.8324551222018138
5503,0.22180651128292084,0.5820020939901678,0.22632298322428576,0.5767752860863994
5504,0.06983531266450882,0.6479401349148529,0.564868413496324,0.7409028651860945
5505,0.03781551495194435,0.7338352410516722,0.4168462931412832,0.8875053492736079
5506,0.22060532867908478,0.40033134454606484,0.13370761986295568,0.28746163338211916
5507,0.01498461700975895,0.7428824522121271,0.4169528434696557,0.8695725058132326
5508,0.03879299387335777,0.878621914174212,0.778570689121587,0.9083835803918665
5509,0.2599414587020874,0.4151878794186543,0.299038650613398,0.33396051553570794
551,0.019029932096600533,0.9053995779510604,0.8223912317942269,0.9363349388744355
5510,0.08146920055150986,0.5189438479424312,0.3811439146648568,0.3918215407834357
5511,0.214673712849617,0.3953217653389668,0.05456566047204482,0.25550265738793165
5512,0.3141986131668091,0.34518279165340426,0.017973069706676302,0.24965119623244336
5514,0.04032421112060547,0.506182881632011,0.10140560632407594,0.30001170275234146
5515,0.009650001302361488,0.7803788969749541,0.7453950016547699,0.7798131258133039
5516,0.021355148404836655,0.6600430401135368,0.23008494096485485,0.6544525179050812
5517,0.06919804215431213,0.7048644937643795,0.28764369054399014,0.7015086034149693
5518,0.13721629977226257,0.8055786768880276,0.7123489288560911,0.7501781669466591
5519,0.16063939034938812,0.6065981081829096,0.35330253825575614,0.4982612457125003
552,0.066749207675457,0.4551422841862211,0.00046929466037695964,0.4273889288208702
5520,0.3244156241416931,0.35648669550803425,0.16906496772298354,0.2851243665739661
5521,0.0598067082464695,0.4709260237927192,0.018970983942807756,0.618438449013921
5522,0.046128224581480026,0.7843157726614872,0.43469076227245934,0.8554936070286799
5523,0.05102956295013428,0.6318320935319706,0.5256085067002259,0.5219667761566869
5524,0.040654268115758896,0.7933195660895405,0.7609999608063934,0.7989372850219929
5525,0.28671273589134216,0.4411440243389928,0.27003410401671313,0.34879626051729
5527,0.10603017359972,0.6086784770380544,0.1435804560114038,0.5532780449397181
553,0.09839103370904922,0.6909085808551096,0.2660677704559152,0.6527801522371254
5530,0.009270175360143185,0.8772827574765835,0.4728380815164014,0.8635256514047537
5531,0.1123134046792984,0.6791723331543005,0.33817534810540323,0.6372233196798418
5532,0.05249940603971481,0.618058581327289,0.2178524352638068,0.7385826466440127
5533,0.1024727150797844,0.8329361929562735,0.7156281808824717,0.7672319725507017
5534,0.08798381686210632,0.5378451266745324,0.20542975069720315,0.3671413482972957
5535,0.10449200868606567,0.49975566856536924,0.2756641394315712,0.35397337814323615
5536,0.15833812952041626,0.42286044209082135,0.014891138572224181,0.2493769646914544
5537,0.09745433181524277,0.7307770143342821,0.7241017984563559,0.7174097631422636
5538,0.03095470741391182,0.7971512715193436,0.8270647291931054,0.819926035536462
5539,0.019257981330156326,0.607468347674025,0.04408823678934251,0.42438233757067895
5540,0.020469002425670624,0.83490443153618,0.5986042504041869,0.8966956825074162
5541,0.10176606476306915,0.6582410695044947,0.23748309355557431,0.6517175323799405
5543,0.02603244222700596,0.6456299721444185,0.1276407327669847,0.6159214094711025
5544,0.0631495788693428,0.6782084953346319,0.40912838174953,0.5877200376469449
5545,0.11211206018924713,0.44955611627716213,0.06150694665637728,0.2681513361666181
5546,0.12533441185951233,0.4966784246823616,0.3078272203979647,0.3609792270454847
5547,0.07465279847383499,0.4655595622176277,0.03651956505257505,0.25703646598117913
5549,0.3080309331417084,0.3478913963031943,0.015440335296835367,0.2503111877968437
5550,0.011934562586247921,0.9193212600894984,0.876845414674461,0.9476913733615759
5551,0.15424619615077972,0.7462363278744351,0.7117117572690163,0.7082609554307837
5552,0.10867008566856384,0.7574778466836188,0.5902673655644711,0.7848908668829027
5553,0.03955638408660889,0.7863888040915168,0.6620250709990328,0.8681010632855555
5554,0.1508743315935135,0.4274996546930716,0.03899471897822882,0.25554155814085244
5555,0.03486686572432518,0.7634266049096362,0.6549870718435843,0.776892528724837
5556,0.04901723191142082,0.7078186219103504,0.7511096439107973,0.755107367973709
5557,0.2139645218849182,0.46418765358068304,0.30728025753322746,0.39931003065247167
5558,0.02591482363641262,0.8133030624254693,0.6717491284232153,0.8016408005067078
5559,0.0527246929705143,0.6661948221692431,0.6028768820938938,0.8070066401742293
556,0.49661096930503845,0.25793146966126707,0.08107761349503624,0.26067812529511314
5560,0.24708202481269836,0.37890556945041637,0.024911774498199594,0.25288456764005063
5561,0.21944719552993774,0.3934648685717249,0.04873556814069463,0.2538346274144718
5562,0.021671852096915245,0.8814505964362889,0.6403548209552313,0.9034819502457281
5563,0.03596362844109535,0.6957918980391571,0.24811819950255717,0.7168531288469322
5564,0.22670580446720123,0.5104967673026346,0.38055630622278586,0.4021126361116684
5565,0.016523998230695724,0.8672079591123139,0.8301233660261579,0.8817858919959563
5566,0.011191844008862972,0.867907618378495,0.7671537536419251,0.9442141550217881
5567,0.0678633376955986,0.5194442862592532,0.27640654963853617,0.35643127391789253
5568,0.06262771785259247,0.7218191550997265,0.6014795882576883,0.8058314792353496
5569,0.06298693269491196,0.8133473633636084,0.6523816450618443,0.8732173654859333
5571,0.0625375509262085,0.8618841908582211,0.6157713046228271,0.7952165445241081
5572,0.10733327269554138,0.4913936730788014,0.36439832357969865,0.38267196263191217
5574,0.11425890773534775,0.4681066511614459,0.15042163704907213,0.29805131430309284
5575,0.21425841748714447,0.394982848019359,0.022447816679621032,0.25136490756359
5576,0.1711251437664032,0.6327833301800375,0.5804335786065289,0.6163860229966952
5577,0.19862034916877747,0.7565520790624173,0.6376031340842057,0.6570372423587602
5578,0.16972629725933075,0.431003394613854,0.196925378839077,0.3076701610220584
5579,0.10497187077999115,0.5254489543467532,0.39679780086565436,0.42823739888721357
558,0.10379516333341599,0.8748371035949637,0.7841466393837355,0.8481518472322127
5581,0.155772864818573,0.6613966441827317,0.2640380499469077,0.6455078982426035
5582,0.004363445099443197,0.9463822554102151,0.8663749296823544,0.9455429625796554
5583,0.25529271364212036,0.37462491118231805,0.02893967389494399,0.2523901379694016
5584,0.04593267664313316,0.6431901649401219,0.22320672058439042,0.6985482455664909
5585,0.07424390316009521,0.46926970577434307,0.10112166136897492,0.2789208816342055
5586,0.02649695985019207,0.6937548026248348,0.546923519771869,0.5838390366446862
5587,0.034237753599882126,0.5753404079510663,0.38877957856339057,0.5929310179634658
5589,0.17842799425125122,0.41272930597297863,0.03591223961574658,0.25731123869186046
5590,0.1146802306175232,0.4449620211230112,0.050302866433102035,0.26121191854190556
5591,0.13374873995780945,0.4354124546540916,0.04744111962094014,0.26135367500531836
5593,0.17148229479789734,0.7277394375635182,0.3477276374401321,0.6705235144629322
5594,0.05740821361541748,0.7704462820587983,0.6657602236227186,0.7172029910471815
5595,0.22803747653961182,0.6738358426076028,0.7890039262486522,0.6511313609863068
5596,0.21254120767116547,0.6878539120235361,0.7194807480391375,0.6212386841727918
5597,0.09684544056653976,0.5315018150074218,0.40200513843314556,0.4297004156080297
5598,0.0509091354906559,0.8727402533054016,0.8015599814619181,0.9049658556579007
5599,0.03903923183679581,0.8628496489279677,0.666513822589743,0.9313030238586185
56,0.09229633957147598,0.6574056652735478,0.22656735568116143,0.6381997022114032
560,0.07124385237693787,0.9174569048240041,0.816773441882624,0.8975796080254255
5600,0.0731072723865509,0.8747556286170521,0.8707340340588094,0.8586596360010835
5601,0.006161728408187628,0.8595716988725046,0.5276156062144032,0.9070358452943166
5602,0.018095551058650017,0.8142713907034902,0.6362387561217743,0.924978648525183
5603,0.09998881816864014,0.6752077288183923,0.6987538012161291,0.6342144459910853
5604,0.008147180080413818,0.8667342991621094,0.6684737762567455,0.9433254973781428
5605,0.07551725208759308,0.6183784389505639,0.5023677530920737,0.4943556329311699
5606,0.10298154503107071,0.6612342587321582,0.2979206841245432,0.6370090083584307
5607,0.022607406601309776,0.8549292587318473,0.6933231382863551,0.8980313232730174
5608,0.15308234095573425,0.7656623023845002,0.7087028899344966,0.6887615580474934
5610,0.04646294564008713,0.7053582731852337,0.7019367185781226,0.7687438253666288
5611,0.0651952475309372,0.773330859354382,0.7158189649411876,0.7970802185297097
5614,0.025928035378456116,0.921610715453479,0.7534358667894716,0.9206997042282805
5615,0.08559373766183853,0.5242309462775109,0.1346121438235696,0.4848287861064328
5616,0.1047372817993164,0.8291400660539469,0.7967881796542148,0.786143213244697
5617,0.006406356580555439,0.7999140622818648,0.521799241042077,0.9118798315295424
5619,0.12988467514514923,0.7452968524666854,0.7688842795008408,0.7024760115091967
562,0.14556856453418732,0.8381799347498117,0.5955193371055917,0.7865543984674902
5620,0.1584937572479248,0.608629724715293,0.5683829356961769,0.5748963816022068
5621,0.04502687603235245,0.8330579931917922,0.5832521138556819,0.8065318818022658
5622,0.13924449682235718,0.6986488289093986,0.379139928655673,0.7185919891379579
5623,0.015328052453696728,0.8777806348395032,0.5826402147261367,0.9068866556230156
5624,0.019945789128541946,0.9162375253605186,0.8497200818030421,0.8848767029163412
5625,0.020257795229554176,0.8797064211340009,0.7825477060776949,0.920240658055808
5626,0.12891212105751038,0.5687737420674668,0.07237841593326004,0.4673482876432903
5627,0.044410642236471176,0.8503156364487436,0.7725823211489196,0.8884319397536766
5628,0.019500775262713432,0.8691242684193193,0.6421748858056721,0.8988371083505671
5629,0.03976057097315788,0.8371414450865189,0.8131725993109129,0.871738133287485
5630,0.22517822682857513,0.5586685906839055,0.6035784970134979,0.5315092599708309
5631,0.017369000241160393,0.796098215190653,0.8011315616967983,0.8594433825203351
5632,0.04128272086381912,0.6761063209032382,0.3113220771500142,0.8235455955279085
5633,0.025532811880111694,0.681910762781994,0.21108312450714503,0.7331534905905627
5634,0.010893478989601135,0.8997364655576764,0.701835176719038,0.9342301986285011
5636,0.02193276770412922,0.8972104288996398,0.6911243282714842,0.907467146921747
5637,0.04583360254764557,0.5441313102608536,0.12132420689603354,0.3661111682386602
5638,0.09123257547616959,0.6821684918772466,0.3374475256500974,0.7915716749555533
5639,0.11236413568258286,0.6692073595106618,0.6677247405739701,0.601737821142748
5640,0.04538310691714287,0.8692563088701318,0.7414048687854989,0.8794452362755216
5641,0.11832065880298615,0.7538081609030512,0.5283937438947338,0.6302111687466959
5642,0.031227298080921173,0.7482539593013122,0.5149151575379346,0.8092745156790547
5643,0.1798476278781891,0.7071448742204581,0.7241565204400688,0.6871801645139033
5644,0.014640075154602528,0.9413411022527991,0.6560833179472522,0.9297845222249929
5645,0.08775626122951508,0.8061216005909884,0.6714023936752012,0.829564038104856
5646,0.04009215533733368,0.7848369520568919,0.37410215907642036,0.7385551017524667
5647,0.014437481760978699,0.8439670469348712,0.5303563903865991,0.8727466962956356
5648,0.03905745595693588,0.8747303452606233,0.8106275266615225,0.9173128639617436
5649,0.2590677738189697,0.6460491794983192,0.7200214946562004,0.5736788471593711
565,0.010627105832099915,0.9377366512826685,0.7863355055877662,0.948084742840221
5650,0.02720823511481285,0.8378636061156495,0.7857741238424953,0.8906875169965478
5651,0.040472544729709625,0.9107670468250044,0.6493826873944942,0.8609477022662526
5652,0.06034991517663002,0.8494173370994575,0.7818565445026538,0.8799346396799983
5653,0.012105805799365044,0.9069005225072371,0.7338466730613968,0.900854769908852
5655,0.02511928416788578,0.8817082001221284,0.7766955397658925,0.9020026171463666
5656,0.04913721978664398,0.6760374197278826,0.30883419944022483,0.8310024778305168
5657,0.24533569812774658,0.6110150916775424,0.5681270722722244,0.5467659087468063
5658,0.10817461460828781,0.8631056335432878,0.8390288659048392,0.8429254284467997
5659,0.08794675767421722,0.7700115276032776,0.575872355033704,0.7909833434456084
5660,0.04026713967323303,0.765785865358637,0.6237999907622899,0.7966444017178211
5661,0.1264302134513855,0.7202170548841245,0.6779096401031949,0.763900837486
5662,0.07522738724946976,0.7922890834526888,0.8291845981317388,0.8276275862214146
5663,0.09735792875289917,0.4563070336810142,0.07678333461393327,0.2685416713107701
5664,0.05611861124634743,0.829175154836957,0.7757811165093088,0.8247032674796826
5667,0.07449918240308762,0.8908925011264137,0.7336524884844069,0.885431593253478
5668,0.08308462798595428,0.8318101198138474,0.5732573924095837,0.8151604558406453
5669,0.25816476345062256,0.5157200148028858,0.6075267811828333,0.492181231939646
5670,0.05160685256123543,0.7992922431291254,0.8030024650924436,0.7861639997016937
5671,0.1309710443019867,0.46011759044473866,0.23762494897006328,0.32587110807582986
5672,0.005096467211842537,0.891641455812672,0.7338391475879653,0.9380031639541855
5673,0.02266542799770832,0.857925772998122,0.6761873571627157,0.8899930885684606
5674,0.08381292968988419,0.6203500768290544,0.6322693472097389,0.594220034763682
5675,0.0909341499209404,0.7680453397068296,0.6548900762314578,0.7685133825412652
5677,0.2332410365343094,0.6612271951552782,0.7077422531642141,0.6153354818664603
5678,0.12278339266777039,0.6596212658551567,0.6113614032363571,0.7782827221470945
5679,0.07654557377099991,0.7471915751052733,0.695388919551204,0.8004403633697198
568,0.24101155996322632,0.6028549385070259,0.48769148701911,0.5993453528924813
5681,0.026041941717267036,0.8662177761399343,0.6667706726657116,0.8980978515729284
5682,0.031111296266317368,0.8922146612108841,0.6107258335680512,0.9240459175656495
5683,0.07619787752628326,0.772840267353653,0.4606845493911276,0.8111394116895603
5684,0.030392345041036606,0.8002312452496572,0.5018758337747341,0.8568813474795259
5685,0.12825436890125275,0.7127266515059504,0.42815396850308635,0.7761185638401287
5686,0.13575239479541779,0.7517059841603928,0.7822068812090974,0.7149303687746835
5687,0.04124002531170845,0.9471381009660269,0.8496195644739912,0.9295569087251732
5688,0.3467616140842438,0.3307969021638827,0.0830247344495284,0.2637498732491117
5689,0.0934189185500145,0.792621376275011,0.5381488384128269,0.8066642562705164
569,0.36892053484916687,0.31916982659676874,0.04064421227806642,0.25331955646077564
5690,0.02322283387184143,0.8969169580594317,0.6696082522060951,0.8984285048051281
5692,0.12694120407104492,0.665260829889263,0.7195003742491832,0.6804412060967592
5693,0.16148632764816284,0.42505359195569925,0.11317029722074992,0.27792672013762976
5694,0.07428041100502014,0.6962992533887791,0.7021965595744286,0.6370630147579794
5695,0.04863746464252472,0.4785180183530342,0.018714540954938283,0.2585331367036462
5698,0.07662441581487656,0.8684172321148034,0.7672692854650105,0.7925857597306902
5699,0.04099922999739647,0.8922674866513265,0.8099790246581071,0.9037577971289757
57,0.15767641365528107,0.46652024162734773,0.04065810945582646,0.4407847153963218
570,0.13397648930549622,0.7151568831064424,0.5921238190760053,0.8087334663195218
5700,0.02172078751027584,0.8512751427176184,0.7922947361418103,0.8889661573740537
5702,0.11342912167310715,0.7315950699949306,0.489546250387447,0.6613963705461109
5703,0.22813813388347626,0.40810821305323997,0.2241099578000194,0.31017410172138
5705,0.010700341314077377,0.8419129484014027,0.5723368938736423,0.8989160856721758
5706,0.20779520273208618,0.6435226845307433,0.7488054944961814,0.6268067482024742
5707,0.0801810771226883,0.590178355837671,0.11658352688596298,0.5777846822143436
5708,0.059817079454660416,0.8579123924631765,0.7466943311960592,0.8339148782240038
5710,0.017263777554035187,0.9312050146320787,0.7112279215722583,0.919072571549624
5712,0.02485179342329502,0.9073328792169126,0.8209630841059581,0.8908916691441358
5713,0.1314297467470169,0.6874762504608454,0.6786444184585102,0.6387629604317284
5714,0.06649523973464966,0.7334180611967365,0.6869999342852312,0.7953417272167391
5715,0.13319416344165802,0.816042881495041,0.8043795405204229,0.8189270063703656
5716,0.08073940873146057,0.9004917854681567,0.81747240882143,0.8552794747555486
5717,0.10605248063802719,0.6368687895839489,0.13216102029100074,0.5251231821325013
5718,0.018396811559796333,0.8904079639541118,0.6930027030682548,0.9319962278133846
572,0.20098935067653656,0.6808132500982247,0.7660535840043315,0.652761112540893
5720,0.013632926158607006,0.7631120001310512,0.40562429058357075,0.7306606402236284
5721,0.01686849817633629,0.8882667754480165,0.7416655491560568,0.9331110803440091
5722,0.10691927373409271,0.7212367767458646,0.7332041472588382,0.6849066768717746
5723,0.11017715930938721,0.7691632900733357,0.7402581489607712,0.817235606899041
5724,0.041324201971292496,0.6299963316136854,0.3099119795236627,0.8816148951331035
5725,0.041783228516578674,0.9140162025854109,0.7645190631210783,0.9255002258607399
5726,0.020752253010869026,0.8552750958527002,0.625328634871506,0.8684774046892378
5727,0.04382560774683952,0.766219043921424,0.4589670849868205,0.8356292481485172
5728,0.08662104606628418,0.4597959632596205,0.05320633284504165,0.26238406060007413
573,0.04922106862068176,0.8747019610070149,0.6876908133175411,0.9028525973956163
5731,0.06996746361255646,0.7668112971733416,0.3257632501096358,0.80243833600042
5732,0.3473536968231201,0.38625250385891424,0.45894641880943493,0.38027237664219815
5733,0.07194425165653229,0.528743392389782,0.1610180241216294,0.3269223725280422
5734,0.0873376801609993,0.8822424057927931,0.6210196413327442,0.853801692529313
5735,0.04653104394674301,0.8092555977839363,0.5711306539814611,0.8646788793118521
5736,0.061492498964071274,0.7050537676409239,0.5464077178816121,0.6612653573609164
5737,0.06522903591394424,0.8703220043815105,0.8278428339858777,0.8267801382075408
5738,0.027390863746404648,0.8371388962830328,0.7696504127824836,0.821144676918409
5739,0.030374331399798393,0.8629627302427307,0.5854751902989578,0.860252500632164
574,0.013873307965695858,0.4994233153227353,0.0071751419200215775,0.2573563726339517
5740,0.09051483869552612,0.8533670511850662,0.7198047153207877,0.8642825094092157
5741,0.058251071721315384,0.5382875269249618,0.17589322102997168,0.38171250140929913
5743,0.03535578399896622,0.5550903278328887,0.08715570505093212,0.339421570528847
5744,0.02521166205406189,0.9288613856180161,0.6997326253149609,0.9193453421143047
5745,0.1356135606765747,0.5706384184555522,0.6042245559205803,0.6229235053203983
5746,0.02053389698266983,0.7169697191590376,0.6569022276870885,0.7401402871363605
5747,0.06505672633647919,0.8662253531916975,0.5391549629915278,0.8026898504154949
5748,0.048359401524066925,0.8428705355537378,0.501393005119099,0.787859672294229
5749,0.010566692799329758,0.9185931624048267,0.7530839418516045,0.9046511667627986
575,0.09669933468103409,0.8767809283274622,0.7083198591582951,0.8417830771338632
5750,0.14092105627059937,0.7272319619501288,0.7435464126412915,0.6839497207144426
5751,0.1918884515762329,0.6455275655640396,0.60034939680126,0.6490525388264965
5752,0.05586586147546768,0.6605571574327052,0.21479735227572666,0.7440901563518278
5753,0.02919613942503929,0.8950951177920784,0.543225957064689,0.8763825381071404
5754,0.17836591601371765,0.5491631288744646,0.1891665149720704,0.6590822080487047
5756,0.2702459394931793,0.43078793133866183,0.41225910305304214,0.38240083783047796
5757,0.12737107276916504,0.8153051193935857,0.7502740828809191,0.8040337885302775
5758,0.14948484301567078,0.6392906639326278,0.5733551921832638,0.5862484326892412
5759,0.01139649748802185,0.8064209287618094,0.7717540703106656,0.8650423978320787
576,0.13107573986053467,0.7963581214022133,0.5313625829265689,0.7577125322074638
5761,0.015047522261738777,0.8086231022335474,0.6628786803855419,0.79104671468495
5762,0.1640157550573349,0.6845109612280333,0.7153740328178049,0.7200588062683027
5763,0.03038770891726017,0.9139090119879278,0.794155381648462,0.9159572937412765
5764,0.28472769260406494,0.4355298890384983,0.44030762809224905,0.3916622852656949
5765,0.01566196419298649,0.9513677139657439,0.8679805532001053,0.943623933391261
5766,0.058123629540205,0.8214937403302389,0.7283156681084537,0.755881074527136
5767,0.0801304429769516,0.765604867537081,0.7608701559247736,0.763086953383773
5768,0.061835452914237976,0.7960958130599334,0.7913486247950569,0.7961937866172981
5769,0.07829204946756363,0.9015342197858516,0.8405569142045496,0.8535426894714149
577,0.20504222810268402,0.43024655284683866,0.2931828955876345,0.33536586243163624
5770,0.14498640596866608,0.7447686800821174,0.7780811274583321,0.7062107441479835
5771,0.03911101818084717,0.8476643015024357,0.4926956718774579,0.8471656657725819
5773,0.0801151767373085,0.7164166708515088,0.3622216908652737,0.7945499876120623
5774,0.5884708762168884,0.34118971673640713,0.5748587888738749,0.28325096631553026
578,0.05955558642745018,0.7367942100704117,0.515268598802107,0.6516541750202074
5781,0.04564710706472397,0.8020690435643976,0.6770839874267831,0.8057260184869233
5783,0.11667725443840027,0.77968037892073,0.5393268467961738,0.7499392774563918
5785,0.02089739590883255,0.9554352989807602,0.8170099516407956,0.955881688507278
5786,0.0556546226143837,0.7666902091309498,0.4575729874780079,0.7545924143649887
5789,0.02284311130642891,0.4916439616585141,0.006165108295741501,0.5532367405572363
579,0.03295137360692024,0.5946455858814985,0.40698561762193897,0.47718376271841617
5794,0.09795179218053818,0.7748027597487901,0.4590017694505583,0.8121754391609195
5795,0.059448305517435074,0.5264963824208242,0.37552350527826134,0.452707015210635
5798,0.1472499817609787,0.7968401214156297,0.6694749748150779,0.7438910061422059
5799,0.04065761715173721,0.7670647344871705,0.4205845907565116,0.8566306939359013
58,0.25646141171455383,0.5101025686820853,0.552515018886801,0.4889164991887694
580,0.12264075875282288,0.8301226762755343,0.5590174757891471,0.8121979798181862
5802,0.027907732874155045,0.4729086369632381,0.0009008557379726499,0.6953731663898097
5805,0.07427532225847244,0.7494353254175841,0.6938459483204803,0.7877696256714108
5807,0.09836982190608978,0.8746812581625444,0.8417599567552799,0.8430043444409003
5816,0.23141278326511383,0.3864430796983772,0.018521258801238793,0.24963718563228712
5817,0.07495429366827011,0.8372968998011623,0.6200156447672382,0.8708459444914629
5821,0.08817315846681595,0.8040714107558616,0.7556028521521683,0.8699712625633818
5822,0.20276746153831482,0.405954707834342,0.11349387404318066,0.2755048737172412
5825,0.3402121961116791,0.3757934361350648,0.2707660576837578,0.31824387481597183
5826,0.1505267471075058,0.7558183487687753,0.5794471614600404,0.7478479843452996
583,0.09733301401138306,0.6162417738285803,0.4665098961832115,0.6545459689436828
5832,0.08507687598466873,0.7774241304485783,0.5921750437558362,0.8543084772111929
5835,0.09187843650579453,0.8892580001316539,0.8692061833572473,0.8644810816079131
5837,0.06109757348895073,0.8211157652465881,0.8254638684062104,0.8226710575543377
5838,0.04498761519789696,0.6134185660970343,0.22303866732119337,0.5693497539271031
5839,0.1465798020362854,0.6864826512927715,0.6197663580956332,0.5779713448780713
584,0.08985519409179688,0.5979566491361212,0.3267707857455546,0.7924431208618921
5840,0.08492197841405869,0.7718478099576743,0.6562517159355109,0.8930594452993198
5842,0.1972886025905609,0.6180308521961091,0.429003301677378,0.7157986146879702
5843,0.059037599712610245,0.7415094487899189,0.6495978547658433,0.8683493442539514
5848,0.08278192579746246,0.7586627755606328,0.5367488106781965,0.7501181682235014
585,0.035332951694726944,0.5784395940564946,0.160673372616733,0.720255349459588
5850,0.11454515159130096,0.813775762986205,0.7026710915259378,0.8250052342086902
5852,0.05768871679902077,0.8498415753632469,0.6351378864615352,0.9011606980204924
5853,0.05972829461097717,0.7675490731171429,0.5891825831727029,0.8826663572159135
5863,0.07202743738889694,0.8895251439084317,0.8852879508469903,0.8804632849471339
5864,0.14511118829250336,0.6925901125001679,0.7290230157230546,0.6839218820294128
5867,0.04515279456973076,0.6815817209190496,0.22816039776426297,0.7208859016974539
5868,0.09011628478765488,0.743645577289266,0.49189674982118786,0.8271038609296897
587,0.0170225091278553,0.8549162926182767,0.6619554114548787,0.9268076676787247
5871,0.08143244683742523,0.8495080750326074,0.8410564276197172,0.8253966947179725
5873,0.12425867468118668,0.711129204505395,0.7415591334104445,0.677956776936575
5874,0.08233235031366348,0.8471353603214462,0.600272778985103,0.760387044430625
5875,0.1580202430486679,0.8003104170155804,0.7086379082391534,0.750788042227319
5878,0.07750198245048523,0.6062324564251125,0.5297427545188524,0.6852063208836339
588,0.1377916783094406,0.7891425182559633,0.7482456908763288,0.7182033038965182
5880,0.04501469433307648,0.8853425498831546,0.808496519384118,0.9150805366134114
5882,0.07492411881685257,0.7825066414745823,0.6488608702391131,0.7287478981379413
5883,0.07617007195949554,0.6969129130409155,0.6182166474520725,0.6224908369145747
5886,0.10105105489492416,0.883741031184711,0.7843956144573885,0.8561754603230249
5887,0.1277727633714676,0.7813008116535523,0.799663437686161,0.7858317065684591
5891,0.10182072222232819,0.9148292789671945,0.8388597764970065,0.85615391435264
5893,0.0923473984003067,0.8006779852779776,0.7382247372603127,0.8411303993340883
5895,0.032213278114795685,0.472991660620071,0.009721131487911936,0.7976477355188678
5896,0.0622771754860878,0.8063639442396711,0.5810758236217715,0.8502986907285123
59,0.01371236052364111,0.7970246911914651,0.41189108121460466,0.8429129140285594
590,0.20048843324184418,0.49179817617504046,0.39479993209401837,0.48501406356134047
5903,0.006490304600447416,0.8932350138509695,0.7468888757605657,0.896523741872156
5904,0.07339642196893692,0.5154738246321762,0.016089460629875582,0.3286654856232687
5906,0.16184081137180328,0.690400910116161,0.5997602919697846,0.749738229465136
5907,0.19535192847251892,0.7062642013178724,0.789036743982103,0.6952415577350617
5909,0.057796232402324677,0.8740236981534175,0.8810232817779546,0.8790037611371806
591,0.02627328597009182,0.6414204221860065,0.49010536011363026,0.7036233759047017
5916,0.12402299046516418,0.8551021005372741,0.704542060693444,0.838856579361417
5917,0.16998064517974854,0.7627821925891547,0.6772716936377129,0.678579900689519
5918,0.15487968921661377,0.7816510023549945,0.6656623039950769,0.7214701881974938
592,0.2603999972343445,0.5647816793448796,0.6181181325352458,0.5394075564698243
5922,0.031592871993780136,0.7547531734111637,0.40573193184386264,0.8715218191439246
5926,0.05097769945859909,0.6662247711186884,0.2602599028961728,0.6545298277281082
5929,0.08086412400007248,0.9102095361527647,0.7435983286754544,0.882270933407505
5931,0.16676391661167145,0.7532570634769284,0.5416818969554241,0.7852700659790974
5932,0.04442579671740532,0.904612121535502,0.8193716798055545,0.8967010592962876
5933,0.13230162858963013,0.6812199635677904,0.6216663336653669,0.6488335736074231
5935,0.01145889051258564,0.943347363220643,0.7777617638422496,0.9497906525152859
5937,0.03096512146294117,0.7490835069683439,0.49228007415129377,0.8770181758194264
5940,0.05458788573741913,0.7190170814436387,0.7051494009270792,0.7737935323952947
5941,0.009339413605630398,0.8273557444374504,0.6450923246915311,0.9048488722390183
5945,0.25595739483833313,0.7289928767896721,0.7999052937715205,0.6459917047216551
5946,0.05017467588186264,0.8254014497301101,0.5724664664850042,0.8876352031444966
5947,0.013541088439524174,0.622661020532892,0.24769969165728922,0.4396594000387337
5948,0.032614998519420624,0.9192502844211708,0.7574789655243616,0.9247494150485174
595,0.1133531928062439,0.8569209086398829,0.7433764511573987,0.8376989326441739
5953,0.14995060861110687,0.7172075115085654,0.677306092077865,0.6998802913203932
5954,0.07492435723543167,0.8158668240889579,0.7729505058403048,0.8215546433563519
5956,0.17151521146297455,0.6590924687371538,0.7300311953534402,0.6247348652666821
5958,0.057734470814466476,0.8769010643190562,0.8204674387332457,0.8604370646389201
5960,0.02208530157804489,0.7690822908233661,0.5380434965476019,0.7200435257436331
5963,0.21529521048069,0.6203354294250367,0.2768619764085287,0.618446636211263
5964,0.15808166563510895,0.5863445227830272,0.320378561674067,0.6859845626287181
5966,0.14001569151878357,0.5210061178595771,0.33924764709023547,0.45541821331181814
597,0.11273711174726486,0.4771169854938553,0.36832128065129205,0.3948527695825811
5970,0.08585067838430405,0.8149958074394574,0.7411621896454348,0.8514074595389545
5973,0.08367253094911575,0.8398309680499275,0.706029247842062,0.7876358057708123
5974,0.3554993271827698,0.6244083426327516,0.7233227090575588,0.5186118832947164
5975,0.125297412276268,0.8332216083750529,0.8207024526481961,0.8213409064006401
5976,0.1298864334821701,0.7801038669248007,0.6531375936378848,0.7744927189104973
5978,0.11094121634960175,0.8883462883838413,0.7019479139013446,0.8018192093788687
599,0.06588491797447205,0.6787750876555769,0.5332707742839825,0.6925238198349646
601,0.08401113748550415,0.7553526039141739,0.6621301163876393,0.8016247761773538
602,0.12547700107097626,0.5678506739829258,0.49403347713244633,0.613078880323136
604,0.0909658670425415,0.8568065218822416,0.6696815271973553,0.8584034078714993
606,0.07969437539577484,0.705430802198369,0.5841417242778243,0.7255789112075868
608,0.028234312310814857,0.8322065347512178,0.51639241203475,0.8514400170090239
61,0.07920177280902863,0.7194827220686111,0.4977350699602581,0.7723064848080885
610,0.09366670995950699,0.6642636205972923,0.6032628341397688,0.7249371619468946
614,0.07484433799982071,0.7059251070998258,0.5167148455232153,0.668286318006357
615,0.06180837005376816,0.8440472916916448,0.8068895387250931,0.7803565691922463
616,0.27204740047454834,0.4213929365833927,0.43932976764875353,0.4036264880301534
617,0.04606996104121208,0.5091875399411488,0.07802574201003534,0.45545218913508995
619,0.1129964143037796,0.7579147530178053,0.7786229125575536,0.8077858143080898
62,0.16858182847499847,0.49496404680173944,0.4112108533038001,0.4125855394086453
621,0.040639717131853104,0.7629865128819123,0.5230294727869058,0.7944038851595484
622,0.020291119813919067,0.8814143052117003,0.6893986516059257,0.9282178041430654
623,0.07241449505090714,0.7572562985393816,0.4029480648085966,0.7869912810415107
624,0.12844114005565643,0.45883076297403597,0.12865404443810036,0.40223670694206526
625,0.1783198118209839,0.4381230018486614,0.3079954776560179,0.36189197407947815
628,0.3427765369415283,0.3760454437336742,0.3773547175571216,0.35978052002637984
63,0.10460462421178818,0.7571966214477672,0.6866712843663864,0.7341136477965732
630,0.03222832828760147,0.8764858795016595,0.6092154198679115,0.9144278301894395
631,0.28542739152908325,0.6771273222285715,0.7089842140020259,0.5938982817751537
632,0.17499476671218872,0.7213309861527119,0.5707179746785396,0.7009035834464901
636,0.06144820526242256,0.7079037784066624,0.46183498393433253,0.8231966687075256
637,0.15076720714569092,0.5747657246616487,0.4608148174750052,0.658442667842894
638,0.03966193273663521,0.8544105569563618,0.6685189251127107,0.8633282380249163
64,0.12537196278572083,0.47314214899484397,0.2615599169290825,0.3652962459511901
640,0.05579470098018646,0.9189534418322889,0.7727519775655566,0.9104831816971645
641,0.11828837543725967,0.44311645655163356,0.02997977975935276,0.25417137491963016
642,0.05778811499476433,0.8523083022826421,0.6264098169788048,0.8339358205238347
647,0.10292450338602066,0.45137307826448436,0.036613585617233,0.2675738703323324
648,0.22269205749034882,0.5760326053451515,0.6661121521359041,0.5707660665490257
649,0.12596558034420013,0.6303111403052436,0.4506396359487183,0.7681401674148247
65,0.11159703135490417,0.7598909318793476,0.6424202493271642,0.7976973402870045
650,0.0756671279668808,0.8555209775385054,0.5980259405928995,0.8604947371428101
652,0.009510916657745838,0.9284457708079511,0.797136329246669,0.9016276494186932
653,0.04589466378092766,0.8244441726824043,0.6576786814207388,0.8993106790494001
654,0.038639992475509644,0.7658321213596145,0.6726048947763869,0.6695148783037365
655,0.01253782119601965,0.7787021153087073,0.6360367057166256,0.7378188808893601
656,0.0910530835390091,0.7430605870219364,0.677365832510879,0.7441781198624597
658,0.02436698041856289,0.7860428891947963,0.6158617624891277,0.8863154293611357
659,0.37258005142211914,0.44273729814083046,0.4803471216374429,0.3957459848508431
66,0.06884536147117615,0.6996168689117452,0.33013538906586526,0.7545405615889078
660,0.05570279806852341,0.5489403528926594,0.4200276153884951,0.6021815921683891
662,0.05325810983777046,0.9239243773454671,0.8943963437178507,0.905743752397348
664,0.021073192358016968,0.7718984076030563,0.7496486164409519,0.8535490483735666
666,0.04383032023906708,0.9257963349343588,0.7200890584344378,0.8852967114562598
669,0.25001588463783264,0.7313123465561241,0.7821860881942791,0.6606361020984484
67,0.12682373821735382,0.8526542608234743,0.8074488436288897,0.8171141808208452
670,0.42479631304740906,0.48641199935883406,0.5426529852905784,0.375336426117927
671,0.11512771993875504,0.7493158335661516,0.5936885144036085,0.8301026455932123
672,0.1739732027053833,0.7234723993254579,0.5742702136341846,0.7879076053910172
675,0.14865005016326904,0.5920320301501462,0.33474535434672353,0.6960811130065394
676,0.07730749249458313,0.7000097825012745,0.5251768061871852,0.8283757705448505
678,0.22228217124938965,0.40395170528295465,0.1523321238540737,0.2893011627989397
680,0.07887052744626999,0.5756236975111994,0.266686120654058,0.4935762247524694
681,0.3794543445110321,0.5028506693112375,0.6355701198856227,0.44812521965402285
682,0.07929829508066177,0.8694382542695037,0.8516372183847695,0.8379623475173149
683,0.18790066242218018,0.41649266823032266,0.13060729111249897,0.2800876213444695
684,0.03592577949166298,0.48056062106665653,0.009576975066203669,0.35576854121674434
685,0.06546931713819504,0.8110408020855595,0.6501414533771407,0.8857364823248364
686,0.007138432469218969,0.5058645182981046,0.01219155908808708,0.42242878879330487
687,0.09980812668800354,0.8949504762049614,0.8284219443120049,0.8435478272331298
688,0.06996837258338928,0.6371883304307546,0.2897038294710533,0.5195522891016635
689,0.09880562126636505,0.81794635167477,0.7391590106095387,0.8647328166161828
69,0.05547957122325897,0.6917179625375511,0.6238603604218372,0.6501824139657206
690,0.1735139936208725,0.4510422199865235,0.24218310165665224,0.3245109253191531
692,0.1079505905508995,0.46573460064467603,0.049327452215963914,0.6324437846691695
693,0.198373481631279,0.40325641010018315,0.0195883648524836,0.24963148275386837
696,0.06124773994088173,0.7441438016668551,0.44203088273170865,0.8668399987146734
697,0.06860709190368652,0.9026382309403038,0.791543527454732,0.8713918619452008
70,0.047424957156181335,0.5094266493672144,0.08790386972187156,0.31691118449908684
700,0.05371265858411789,0.8747807026476211,0.6005146832168751,0.8707181336300233
701,0.08227526396512985,0.7873770298416198,0.6416380263370443,0.679896276808892
702,0.01378119271248579,0.6455893504106704,0.18799496605140836,0.5730465722499217
703,0.20596030354499817,0.5960391318002491,0.5965689097424955,0.51567122255354
704,0.3072473108768463,0.35911703462972355,0.156794132172877,0.2873827217330158
706,0.0732465609908104,0.8456546616166292,0.8541495729402876,0.8593825855160218
707,0.03402993828058243,0.8764193368894684,0.7558193038296935,0.8649006428195756
709,0.09148342162370682,0.8973676751058287,0.7252014682437126,0.863847865312434
71,0.11933214217424393,0.7734650857459281,0.43594401748311623,0.7833226664774894
710,0.2399386316537857,0.5565922231816733,0.5831373976364521,0.5042110071744579
713,0.09361819922924042,0.9123486731195469,0.8547990049192419,0.8579156395743959
715,0.04390404000878334,0.7907310603679705,0.3815292596380269,0.7983976999021063
716,0.2143489569425583,0.3956003830365921,0.033791974081949894,0.2525201184691009
717,0.02433738112449646,0.9316526083339044,0.6295733999046564,0.9215812598398841
718,0.10159751027822495,0.47016186589883285,0.21194580035577823,0.3167452567370863
72,0.07514681667089462,0.7441379382934051,0.7074704011269084,0.7729218078193656
721,0.05163142457604408,0.8375732444683355,0.49458730397652323,0.8099980140482013
722,0.06518932431936264,0.8048374754290881,0.7262862071211902,0.8200068148057413
726,0.11713404208421707,0.5482477997882473,0.39333451820350784,0.44585158786653345
729,0.10916849970817566,0.44734942079204754,0.01400569449200435,0.2497911400049992
73,0.029624978080391884,0.615539343565046,0.23654048839304243,0.8264934434467155
730,0.018335286527872086,0.8436343572230153,0.6724910979078718,0.9507195759646789
731,0.06480035930871964,0.7553990741474162,0.6399345594506625,0.8170135065041869
734,0.11279792338609695,0.8158370720777494,0.6980761357535946,0.832142140340034
735,0.031717680394649506,0.7782626411782738,0.6294470723937315,0.7147278104942725
738,0.07684166729450226,0.9153374534537877,0.7845079153711032,0.8794956875103674
739,0.083199642598629,0.6331462544294906,0.2268179009959539,0.6653910886914888
74,0.2633262276649475,0.6068191373198786,0.6729904589787722,0.5560839263601298
740,0.06678667664527893,0.9136101814701174,0.7963679943507066,0.8841115492346956
743,0.2230319380760193,0.5537709899384942,0.23795203222504135,0.6145806653501537
744,0.18829065561294556,0.40759918548877644,0.013846693399358864,0.25195348324963707
748,0.03690587356686592,0.4969967380096731,0.017824989829016747,0.39588369914950305
75,0.13323475420475006,0.606383270268896,0.34124634365707485,0.6130342623751331
750,0.028502939268946648,0.9441539834436345,0.7383938491948152,0.9208027577167766
754,0.04720870032906532,0.9178566287271148,0.8264773535121704,0.923421421078455
755,0.02655305154621601,0.49176942401467033,0.0037181190667393295,0.3118918457948884
758,0.07823383808135986,0.7834258692916134,0.7475205955836138,0.8247858568160605
759,0.0781543105840683,0.8080065867307009,0.785752379843983,0.8378941147642669
76,0.023719273507595062,0.6452977253979426,0.29254590250151724,0.8193533999466197
761,0.06846745312213898,0.6569125935918321,0.3850755916129969,0.8561068930594643
762,0.0458209328353405,0.6506412754154118,0.17894716460285642,0.7349573099989688
764,0.027737626805901527,0.8899637521208532,0.6756929237883835,0.9083365348831571
766,0.011848974972963333,0.931830001768528,0.6898338218649654,0.9267083283002999
768,0.1471772938966751,0.5893195698575717,0.621087466975146,0.5711244892753927
769,0.021329211071133614,0.9406413516320749,0.7908131781092758,0.9503203697551381
770,0.21616524457931519,0.66369580941835,0.5872727127481939,0.6019727876488141
771,0.04077225178480148,0.7641999133146717,0.4242513619052226,0.8266529293906366
772,0.07271284610033035,0.45246813608212527,0.04171917900429725,0.8124547207369931
773,0.09292815625667572,0.9157575430164091,0.8285421125061841,0.8719185797107054
775,0.12354553490877151,0.8071596779126391,0.7750120492486492,0.8070831726719236
776,0.02555585838854313,0.8895547584175713,0.7881263186654212,0.9252482528956651
777,0.10742982476949692,0.41847538084054864,0.009806151459757618,0.6329725606753501
778,0.04599665105342865,0.9003699986363858,0.61693743361982,0.8095750931190036
779,0.10134701430797577,0.8779483255092883,0.7904411039057312,0.7917243961869544
78,0.056237608194351196,0.7139127302481592,0.41092067820988953,0.7687995282530227
780,0.09852942079305649,0.7453599054689009,0.36153117420748254,0.653978174328752
781,0.07292986661195755,0.7041849140946249,0.2218961453602479,0.6970265341654804
782,0.07731197774410248,0.6431865142105755,0.24871535621267196,0.6413254285766559
784,0.0747433453798294,0.9111043846450351,0.7784829553021155,0.8867779873264008
786,0.04713638499379158,0.5220169984277008,0.0931923396775148,0.7536681220010141
788,0.017573082819581032,0.7624255987597672,0.21599143651389374,0.4892449267802634
789,0.011159569956362247,0.9578316392161699,0.8241576520965131,0.9413456971029034
79,0.05030719190835953,0.8081466600812639,0.7580306792651346,0.8145386687601954
791,0.043754447251558304,0.862360130872222,0.6845439184598732,0.9212345784652392
795,0.08055803924798965,0.7939809064781009,0.5361945646060761,0.8322191804399776
796,0.10391741991043091,0.6928495768901275,0.29314152964420176,0.7170896153349975
798,0.10725100338459015,0.7095863828601403,0.7252475889398143,0.7232149926052744
8,0.177418515086174,0.8418190935868495,0.8234279362549065,0.7609900748352283
80,0.10813714563846588,0.7186794183973897,0.4492736456810176,0.6779708042326245
800,0.19237788021564484,0.6722515238581266,0.6258839728462635,0.6862599336150745
802,0.07361672073602676,0.7897665877042035,0.6540489133882502,0.8512146722607159
803,0.06411309540271759,0.8651389586342424,0.6680729011821481,0.8656867429449959
806,0.016522888094186783,0.9420738085417464,0.8151407294115703,0.9268890833224713
807,0.03022579848766327,0.9143176965338073,0.6744795336579539,0.852733374455636
808,0.03267191722989082,0.7472121855852685,0.36320772687505115,0.8213641399666121
809,0.02198605053126812,0.9111407678721886,0.7492879960658546,0.9033909337402879
81,0.0490749292075634,0.8472603025871406,0.6461486348550478,0.8893608032469137
810,0.04449610039591789,0.5829908455879855,0.15575692621195805,0.5362570797309028
812,0.16057223081588745,0.4645624341967394,0.04813894678425988,0.4611286745439948
813,0.13371098041534424,0.43644430376635984,0.05645660225454371,0.26230540720863094
814,0.048564039170742035,0.889454695105478,0.6951026904244745,0.8634234676568937
817,0.10491201281547546,0.7266224809408559,0.3690897219520399,0.7550825866107718
819,0.06383085250854492,0.8788812277805083,0.7616834739192115,0.9027691362832506
82,0.01524458546191454,0.8422545356287042,0.7543764801065634,0.8177342244689427
821,0.08745351433753967,0.5018879853268067,0.1893805563587191,0.32333428215086346
822,0.11919673532247543,0.756251408037711,0.5367486581372671,0.6177943379267363
825,0.03757033497095108,0.8165614476326053,0.5530530118715624,0.8847276302622854
826,0.13495972752571106,0.6901562860831931,0.3367103848164598,0.7396947926188564
827,0.15909823775291443,0.60487591611532,0.1922175949183557,0.5628321935922468
83,0.011862940154969692,0.8623438785241042,0.6592280868672852,0.9491957059741962
830,0.06290829926729202,0.901994619802075,0.8110335723560536,0.8964621476410161
831,0.17195481061935425,0.4482735521253153,0.28068499621575416,0.3362284082229633
832,0.07898165285587311,0.6604173863105073,0.3430399820151229,0.8468788842631376
834,0.16600775718688965,0.803111774353144,0.7973894355539984,0.7321263014852049
835,0.15568846464157104,0.6139779497074975,0.5758163821921,0.548115574826758
837,0.05391336604952812,0.8539187800767466,0.5569031621931215,0.8792474064184623
838,0.07021238654851913,0.8380029886585207,0.4299600207315739,0.7645846928586835
839,0.06522921472787857,0.7935331228152221,0.78804326225752,0.8755547035848492
84,0.13202103972434998,0.6874999244319543,0.5490480805165767,0.6516180463465691
840,0.08211323618888855,0.700692838089754,0.49244568719230447,0.5684208511918963
841,0.078384168446064,0.8938320466780513,0.6902705409556751,0.8564282696508347
842,0.0176546573638916,0.9158555640795578,0.7482315409856497,0.9144526437460354
843,0.10950237512588501,0.8571803960941705,0.6935346138328954,0.8365718617319734
844,0.10013677179813385,0.45194255913944437,0.027093350372743876,0.2544185714139506
845,0.047185055911540985,0.7995663848307252,0.6090894173261131,0.8740289471412173
846,0.39905744791030884,0.42975002237303117,0.5219986151961447,0.3871856603583229
847,0.027732348069548607,0.5079066122576131,0.015961282828136452,0.35109487680410634
849,0.15172220766544342,0.8008448269930253,0.720931197719591,0.7789097788240626
85,0.32481473684310913,0.5135002548599051,0.6587529258462005,0.4896021506749007
850,0.019093206152319908,0.8474071249659716,0.5285517087622685,0.876418675480072
853,0.1604926735162735,0.7245562903039172,0.6511100095081643,0.6696300794294476
854,0.09715147316455841,0.6684788728726974,0.5446019598239429,0.7664225817327333
855,0.019470101222395897,0.6359743766869426,0.20419908898989225,0.6933670738419306
858,0.07331492006778717,0.6250871669703401,0.15380615231386047,0.6368121335008838
859,0.17699013650417328,0.7155521121974618,0.6430284263156687,0.6758224888421256
86,0.051891013979911804,0.5661802795082194,0.16959530133283976,0.7178969336629916
860,0.13505098223686218,0.8102394037880205,0.7265954955285816,0.719939625735542
861,0.22608424723148346,0.7400966312009207,0.8365478133600436,0.6945735746274537
867,0.18342642486095428,0.682486966929488,0.681613505334873,0.6613932184666013
869,0.047013070434331894,0.9275143007544616,0.8088786397247753,0.9000865641366903
870,0.38135674595832825,0.5466186084580452,0.6876545965884118,0.4592859165580552
871,0.09559540450572968,0.8589126414869357,0.7691339711553871,0.8412886537453584
872,0.10329701751470566,0.6092248321036084,0.2665707851730345,0.7428635287431442
876,0.15147940814495087,0.6900057133470989,0.7043293541053612,0.6476593299318365
877,0.35414430499076843,0.593866329518818,0.7503649353129135,0.5170115201955124
878,0.2193857729434967,0.7157316011261217,0.7384372854129589,0.6558225611390268
879,0.23031756281852722,0.7231115512639847,0.7503595941678805,0.6336986844737241
881,0.324180543422699,0.622334968362933,0.7403391453267304,0.5340373397139865
884,0.13839338719844818,0.8222899240518095,0.8295085490630244,0.7939049891319776
886,0.12151537835597992,0.6724267934165166,0.6496088683785353,0.7065171270265154
887,0.21864378452301025,0.668325899069689,0.6572193024612262,0.5590188256932103
888,0.09529703110456467,0.6973464061876893,0.4911593436962505,0.6589141996839702
889,0.03703517094254494,0.8029824726856838,0.7812513595416236,0.8544602437006924
89,0.050302907824516296,0.7152039227334833,0.5670185199104097,0.836805766073308
890,0.16128821671009064,0.5821655148621654,0.5763272144254357,0.5345326405150301
891,0.40604329109191895,0.30367900167862405,0.1074199332426428,0.26417604775756887
894,0.12117967754602432,0.44341665886656295,0.06659090876158512,0.2654297536613295
896,0.13508890569210052,0.7259381175545743,0.7322766308933526,0.7412599652001368
898,0.13332994282245636,0.7674427276498976,0.5228482746627793,0.7654447422482721
90,0.15935327112674713,0.7430031228223919,0.725917318883425,0.7386068422518817
900,0.054712895303964615,0.8729873135931487,0.8304837447700669,0.8863730767912441
901,0.26828256249427795,0.7026928737430509,0.7792339026647664,0.6190874396863685
902,0.20377051830291748,0.6085228218852463,0.5145022661746805,0.731500038670204
903,0.39531993865966797,0.574766286997729,0.780446279287317,0.47018733877720825
905,0.07540227472782135,0.7470408209848187,0.3693238112615694,0.7638584089187456
906,0.020207136869430542,0.8360226850465068,0.8483020608719745,0.9136217223977299
907,0.330722838640213,0.583360319486121,0.7637387344035196,0.5451902841999303
909,0.05901441350579262,0.8716677595064962,0.7183530033696642,0.8698263081135518
91,0.1358972191810608,0.5861983372318986,0.13667868781700215,0.5391840500979637
912,0.06806480884552002,0.7059481826808464,0.6168470945740174,0.7333557124099632
914,0.05510856211185455,0.892278231979922,0.8257398149328328,0.8352111125885362
915,0.040738899260759354,0.6588539817768698,0.18860967990619165,0.718911867239711
916,0.18403689563274384,0.7105245612525393,0.7220668002005088,0.6939884193653838
919,0.14841458201408386,0.5042474682482052,0.38042426173985183,0.38114503207002337
92,0.20579557120800018,0.7156155781825406,0.6783239116798792,0.6736834972548755
920,0.1539195328950882,0.7880705765719944,0.4923318123540567,0.7271592508115468
921,0.01962115243077278,0.9331576814547593,0.8382292885647372,0.945238126886375
922,0.0375729463994503,0.6439050018500706,0.5484907944823529,0.5466390549276251
923,0.03704642876982689,0.7104739589147477,0.5514786176501958,0.6950859216272851
924,0.11261031031608582,0.8194216567392939,0.7019298424797438,0.7997982771885759
926,0.13962209224700928,0.7954443873467838,0.7699379413218582,0.7971831273334138
928,0.05535568669438362,0.803160751841349,0.5815822301525718,0.7932260262590667
930,0.034411005675792694,0.8163095593500656,0.7880831606705239,0.9270713804338327
931,0.07287104427814484,0.7943684162578402,0.49240439124346924,0.810214320937757
932,0.1850530207157135,0.7365858016557819,0.7316342737127042,0.6645488339454138
933,0.09375481307506561,0.888656342879609,0.8628274896835969,0.8602939513886819
934,0.1159345954656601,0.8386491939844658,0.5667937848720425,0.7882986672075583
935,0.03863772749900818,0.8875500292070649,0.7337168080981862,0.9301911336098587
936,0.051873791962862015,0.7946667769719644,0.702784989379037,0.8248313916507339
937,0.13084988296031952,0.8636785502397071,0.8586688259949578,0.7956954517929735
939,0.11463496088981628,0.7566229046029623,0.7532578784987759,0.7157554021840669
94,0.019710872322320938,0.6509322625156745,0.08846240135635396,0.6622122430200661
940,0.04262964800000191,0.8144515184770483,0.8063074464441267,0.8291622714579773
941,0.09551407396793365,0.8121199490451516,0.7806968623780285,0.8292598922565997
950,0.22462324798107147,0.4931910987111441,0.5165777827706592,0.4360869471245497
951,0.12992268800735474,0.4390079356745636,0.057260311937853824,0.26188211208893786
954,0.44856855273246765,0.47796451384333727,0.7510882420102761,0.3976473317154536
955,0.09612509608268738,0.8822415290103388,0.8179431716908793,0.8328260528360429
956,0.03976549953222275,0.4712804421034726,0.0005582580160425393,0.5442953215834113
959,0.07800605893135071,0.5964897136965246,0.1358568381025758,0.6015771355847732
96,0.06055580452084541,0.8925825948308916,0.8062656926333521,0.8770928558806976
960,0.419609934091568,0.2936326683474536,0.043341143230146734,0.2550397188498188
961,0.11568515002727509,0.7475170069179281,0.4353784950814286,0.6049114225561266
962,0.06039678305387497,0.7290222833475,0.7090441543144268,0.8299696754096694
963,0.04763489589095116,0.7332642620140128,0.6714848076444988,0.7000182044139737
964,0.13228121399879456,0.86578436584222,0.6085522005251415,0.8043906966534008
966,0.029514551162719727,0.7441118312874282,0.3755713424256936,0.8319767076542117
967,0.04525447636842728,0.47789261123777305,0.003159614391554203,0.31654525431905134
968,0.057830944657325745,0.5882573474778356,0.29531813371238314,0.7955966962540004
97,0.12931695580482483,0.6612957540811966,0.5578715639781328,0.5612146334542869
970,0.0590461790561676,0.7997527032447573,0.6923542016913251,0.7842077173882886
975,0.09953845292329788,0.4656962793700894,0.2056364830140425,0.31828669851989483
979,0.186548113822937,0.5080379415978734,0.13801529031039558,0.6015950746074956
980,0.33463120460510254,0.3353307825114497,0.041805667868934304,0.2510882438473274
987,0.3271675705909729,0.6482753669529102,0.5672574491079281,0.5917558684145584
989,0.125174418091774,0.7668719762532089,0.4161472671217192,0.7536653735458749
99,0.1367618441581726,0.5903821594359123,0.290107038315775,0.7505457865758081
990,0.08323860168457031,0.8439768849884194,0.5825955425215217,0.8337856289294966
992,0.1073240265250206,0.7985504412585984,0.4762753882648448,0.7900078616059102
994,0.12026546150445938,0.8286730330860974,0.8339270610818176,0.7556291181234281
